case_id,slice_idx,scribble_path,infection_pixels,scribble_pixels,scribble_ratio,has_infection
coronacases_001,55,/kaggle/working/scribble-uncertainty-lung-segmentation/data/scribbles/coronacases_001_slice_0055.npy,0,0,0.0,False
coronacases_001,56,/kaggle/working/scribble-uncertainty-lung-segmentation/data/scribbles/coronacases_001_slice_0056.npy,0,0,0.0,False
coronacases_001,57,/kaggle/working/scribble-uncertainty-lung-segmentation/data/scribbles/coronacases_001_slice_0057.npy,0,0,0.0,False
coronacases_001,58,/kaggle/working/scribble-uncertainty-lung-segmentation/data/scribbles/coronacases_001_slice_0058.npy,0,0,0.0,False
coronacases_001,59,/kaggle/working/scribble-uncertainty-lung-segmentation/data/scribbles/coronacases_001_slice_0059.npy,0,0,0.0,False
coronacases_001,60,/kaggle/working/scribble-uncertainty-lung-segmentation/data/scribbles/coronacases_001_slice_0060.npy,0,0,0.0,False
coronacases_001,61,/kaggle/working/scribble-uncertainty-lung-segmentation/data/scribbles/coronacases_001_slice_0061.npy,0,0,0.0,False
coronacases_001,62,/kaggle/working/scribble-uncertainty-lung-segmentation/data/scribbles/coronacases_001_slice_0062.npy,0,0,0.0,False
coronacases_001,63,/kaggle/working/scribble-uncertainty-lung-segmentation/data/scribbles/coronacases_001_slice_0063.npy,0,0,0.0,False
coronacases_001,64,/kaggle/working/scribble-uncertainty-lung-segmentation/data/scribbles/coronacases_001_slice_0064.npy,0,0,0.0,False
coronacases_001,65,/kaggle/working/scribble-uncertainty-lung-segmentation/data/scribbles/coronacases_001_slice_0065.npy,0,0,0.0,False
coronacases_001,66,/kaggle/working/scribble-uncertainty-lung-segmentation/data/scribbles/coronacases_001_slice_0066.npy,0,0,0.0,False
coronacases_001,67,/kaggle/working/scribble-uncertainty-lung-segmentation/data/scribbles/coronacases_001_slice_0067.npy,0,0,0.0,False
coronacases_001,68,/kaggle/working/scribble-uncertainty-lung-segmentation/data/scribbles/coronacases_001_slice_0068.npy,0,0,0.0,False
coronacases_001,69,/kaggle/working/scribble-uncertainty-lung-segmentation/data/scribbles/coronacases_001_slice_0069.npy,0,0,0.0,False
coronacases_001,70,/kaggle/working/scribble-uncertainty-lung-segmentation/data/scribbles/coronacases_001_slice_0070.npy,0,0,0.0,False
coronacases_001,71,/kaggle/working/scribble-uncertainty-lung-segmentation/data/scribbles/coronacases_001_slice_0071.npy,0,0,0.0,False
coronacases_001,72,/kaggle/working/scribble-uncertainty-lung-segmentation/data/scribbles/coronacases_001_slice_0072.npy,0,0,0.0,False
coronacases_001,73,/kaggle/working/scribble-uncertainty-lung-segmentation/data/scribbles/coronacases_001_slice_0073.npy,0,0,0.0,False
coronacases_001,74,/kaggle/working/scribble-uncertainty-lung-segmentation/data/scribbles/coronacases_001_slice_0074.npy,0,0,0.0,False
coronacases_001,75,/kaggle/working/scribble-uncertainty-lung-segmentation/data/scribbles/coronacases_001_slice_0075.npy,0,0,0.0,False
coronacases_001,76,/kaggle/working/scribble-uncertainty-lung-segmentation/data/scribbles/coronacases_001_slice_0076.npy,0,0,0.0,False
coronacases_001,77,/kaggle/working/scribble-uncertainty-lung-segmentation/data/scribbles/coronacases_001_slice_0077.npy,0,0,0.0,False
coronacases_001,78,/kaggle/working/scribble-uncertainty-lung-segmentation/data/scribbles/coronacases_001_slice_0078.npy,6,9,1.4999999975,True
coronacases_001,79,/kaggle/working/scribble-uncertainty-lung-segmentation/data/scribbles/coronacases_001_slice_0079.npy,16,9,0.5624999996484374,True
coronacases_001,80,/kaggle/working/scribble-uncertainty-lung-segmentation/data/scribbles/coronacases_001_slice_0080.npy,10,9,0.8999999991,True
coronacases_001,81,/kaggle/working/scribble-uncertainty-lung-segmentation/data/scribbles/coronacases_001_slice_0081.npy,19,9,0.4736842102770083,True
coronacases_001,82,/kaggle/working/scribble-uncertainty-lung-segmentation/data/scribbles/coronacases_001_slice_0082.npy,25,9,0.359999999856,True
coronacases_001,83,/kaggle/working/scribble-uncertainty-lung-segmentation/data/scribbles/coronacases_001_slice_0083.npy,19,9,0.4736842102770083,True
coronacases_001,84,/kaggle/working/scribble-uncertainty-lung-segmentation/data/scribbles/coronacases_001_slice_0084.npy,32,9,0.28124999991210936,True
coronacases_001,85,/kaggle/working/scribble-uncertainty-lung-segmentation/data/scribbles/coronacases_001_slice_0085.npy,143,18,0.12587412586532348,True
coronacases_001,86,/kaggle/working/scribble-uncertainty-lung-segmentation/data/scribbles/coronacases_001_slice_0086.npy,136,18,0.13235294116673874,True
coronacases_001,87,/kaggle/working/scribble-uncertainty-lung-segmentation/data/scribbles/coronacases_001_slice_0087.npy,417,45,0.10791366906216034,True
coronacases_001,88,/kaggle/working/scribble-uncertainty-lung-segmentation/data/scribbles/coronacases_001_slice_0088.npy,355,43,0.12112676055996825,True
coronacases_001,89,/kaggle/working/scribble-uncertainty-lung-segmentation/data/scribbles/coronacases_001_slice_0089.npy,448,69,0.15401785713941923,True
coronacases_001,90,/kaggle/working/scribble-uncertainty-lung-segmentation/data/scribbles/coronacases_001_slice_0090.npy,513,71,0.13840155945149316,True
coronacases_001,91,/kaggle/working/scribble-uncertainty-lung-segmentation/data/scribbles/coronacases_001_slice_0091.npy,704,84,0.11931818181648696,True
coronacases_001,92,/kaggle/working/scribble-uncertainty-lung-segmentation/data/scribbles/coronacases_001_slice_0092.npy,792,83,0.10479797979665659,True
coronacases_001,93,/kaggle/working/scribble-uncertainty-lung-segmentation/data/scribbles/coronacases_001_slice_0093.npy,727,76,0.10453920219938735,True
coronacases_001,94,/kaggle/working/scribble-uncertainty-lung-segmentation/data/scribbles/coronacases_001_slice_0094.npy,746,80,0.10723860589668581,True
coronacases_001,95,/kaggle/working/scribble-uncertainty-lung-segmentation/data/scribbles/coronacases_001_slice_0095.npy,704,98,0.1392045454525681,True
coronacases_001,96,/kaggle/working/scribble-uncertainty-lung-segmentation/data/scribbles/coronacases_001_slice_0096.npy,782,94,0.12020460357902552,True
coronacases_001,97,/kaggle/working/scribble-uncertainty-lung-segmentation/data/scribbles/coronacases_001_slice_0097.npy,822,99,0.12043795620291438,True
coronacases_001,98,/kaggle/working/scribble-uncertainty-lung-segmentation/data/scribbles/coronacases_001_slice_0098.npy,934,104,0.11134903640137742,True
coronacases_001,99,/kaggle/working/scribble-uncertainty-lung-segmentation/data/scribbles/coronacases_001_slice_0099.npy,1126,109,0.09680284191743516,True
coronacases_001,100,/kaggle/working/scribble-uncertainty-lung-segmentation/data/scribbles/coronacases_001_slice_0100.npy,1228,118,0.09609120521094389,True
coronacases_001,101,/kaggle/working/scribble-uncertainty-lung-segmentation/data/scribbles/coronacases_001_slice_0101.npy,1262,105,0.08320126782818384,True
coronacases_001,102,/kaggle/working/scribble-uncertainty-lung-segmentation/data/scribbles/coronacases_001_slice_0102.npy,1202,121,0.10066555740348865,True
coronacases_001,103,/kaggle/working/scribble-uncertainty-lung-segmentation/data/scribbles/coronacases_001_slice_0103.npy,1218,99,0.08128078817667257,True
coronacases_001,104,/kaggle/working/scribble-uncertainty-lung-segmentation/data/scribbles/coronacases_001_slice_0104.npy,1338,121,0.09043348280948854,True
coronacases_001,105,/kaggle/working/scribble-uncertainty-lung-segmentation/data/scribbles/coronacases_001_slice_0105.npy,1232,123,0.09983766233685197,True
coronacases_001,106,/kaggle/working/scribble-uncertainty-lung-segmentation/data/scribbles/coronacases_001_slice_0106.npy,1302,132,0.10138248847848401,True
coronacases_001,107,/kaggle/working/scribble-uncertainty-lung-segmentation/data/scribbles/coronacases_001_slice_0107.npy,1356,132,0.09734513274264496,True
coronacases_001,108,/kaggle/working/scribble-uncertainty-lung-segmentation/data/scribbles/coronacases_001_slice_0108.npy,1468,124,0.08446866484956085,True
coronacases_001,109,/kaggle/working/scribble-uncertainty-lung-segmentation/data/scribbles/coronacases_001_slice_0109.npy,1279,150,0.11727912431495482,True
coronacases_001,110,/kaggle/working/scribble-uncertainty-lung-segmentation/data/scribbles/coronacases_001_slice_0110.npy,1364,201,0.14736070381123637,True
coronacases_001,111,/kaggle/working/scribble-uncertainty-lung-segmentation/data/scribbles/coronacases_001_slice_0111.npy,1594,197,0.1235884567118972,True
coronacases_001,112,/kaggle/working/scribble-uncertainty-lung-segmentation/data/scribbles/coronacases_001_slice_0112.npy,1959,269,0.13731495660981463,True
coronacases_001,113,/kaggle/working/scribble-uncertainty-lung-segmentation/data/scribbles/coronacases_001_slice_0113.npy,2098,271,0.12917063870291148,True
coronacases_001,114,/kaggle/working/scribble-uncertainty-lung-segmentation/data/scribbles/coronacases_001_slice_0114.npy,2114,250,0.11825922421892972,True
coronacases_001,115,/kaggle/working/scribble-uncertainty-lung-segmentation/data/scribbles/coronacases_001_slice_0115.npy,2876,337,0.11717663421377894,True
coronacases_001,116,/kaggle/working/scribble-uncertainty-lung-segmentation/data/scribbles/coronacases_001_slice_0116.npy,3355,317,0.094485842026544,True
coronacases_001,117,/kaggle/working/scribble-uncertainty-lung-segmentation/data/scribbles/coronacases_001_slice_0117.npy,3297,273,0.0828025477704495,True
coronacases_001,118,/kaggle/working/scribble-uncertainty-lung-segmentation/data/scribbles/coronacases_001_slice_0118.npy,3486,187,0.05364314400443591,True
coronacases_001,119,/kaggle/working/scribble-uncertainty-lung-segmentation/data/scribbles/coronacases_001_slice_0119.npy,2817,302,0.10720624778094709,True
coronacases_001,120,/kaggle/working/scribble-uncertainty-lung-segmentation/data/scribbles/coronacases_001_slice_0120.npy,2633,235,0.08925180402548709,True
coronacases_001,121,/kaggle/working/scribble-uncertainty-lung-segmentation/data/scribbles/coronacases_001_slice_0121.npy,2753,239,0.08681438430771227,True
coronacases_001,122,/kaggle/working/scribble-uncertainty-lung-segmentation/data/scribbles/coronacases_001_slice_0122.npy,2525,208,0.08237623762343614,True
coronacases_001,123,/kaggle/working/scribble-uncertainty-lung-segmentation/data/scribbles/coronacases_001_slice_0123.npy,2181,200,0.09170105456170702,True
coronacases_001,124,/kaggle/working/scribble-uncertainty-lung-segmentation/data/scribbles/coronacases_001_slice_0124.npy,2192,227,0.1035583941601115,True
coronacases_001,125,/kaggle/working/scribble-uncertainty-lung-segmentation/data/scribbles/coronacases_001_slice_0125.npy,2307,203,0.08799306458566107,True
coronacases_001,126,/kaggle/working/scribble-uncertainty-lung-segmentation/data/scribbles/coronacases_001_slice_0126.npy,1846,203,0.10996749729084525,True
coronacases_001,127,/kaggle/working/scribble-uncertainty-lung-segmentation/data/scribbles/coronacases_001_slice_0127.npy,1923,177,0.09204368174679126,True
coronacases_001,128,/kaggle/working/scribble-uncertainty-lung-segmentation/data/scribbles/coronacases_001_slice_0128.npy,2100,201,0.09571428571382994,True
coronacases_001,129,/kaggle/working/scribble-uncertainty-lung-segmentation/data/scribbles/coronacases_001_slice_0129.npy,1762,192,0.1089670828597675,True
coronacases_001,130,/kaggle/working/scribble-uncertainty-lung-segmentation/data/scribbles/coronacases_001_slice_0130.npy,1615,192,0.11888544891567254,True
coronacases_001,131,/kaggle/working/scribble-uncertainty-lung-segmentation/data/scribbles/coronacases_001_slice_0131.npy,1598,198,0.12390488110060136,True
coronacases_001,132,/kaggle/working/scribble-uncertainty-lung-segmentation/data/scribbles/coronacases_001_slice_0132.npy,1528,172,0.11256544502544133,True
coronacases_001,133,/kaggle/working/scribble-uncertainty-lung-segmentation/data/scribbles/coronacases_001_slice_0133.npy,1515,207,0.13663366336543478,True
coronacases_001,134,/kaggle/working/scribble-uncertainty-lung-segmentation/data/scribbles/coronacases_001_slice_0134.npy,1427,190,0.1331464611062849,True
coronacases_001,135,/kaggle/working/scribble-uncertainty-lung-segmentation/data/scribbles/coronacases_001_slice_0135.npy,1382,172,0.12445730824801407,True
coronacases_001,136,/kaggle/working/scribble-uncertainty-lung-segmentation/data/scribbles/coronacases_001_slice_0136.npy,1419,167,0.11768851303652088,True
coronacases_001,137,/kaggle/working/scribble-uncertainty-lung-segmentation/data/scribbles/coronacases_001_slice_0137.npy,1476,171,0.11585365853580046,True
coronacases_001,138,/kaggle/working/scribble-uncertainty-lung-segmentation/data/scribbles/coronacases_001_slice_0138.npy,1556,167,0.10732647814841051,True
coronacases_001,139,/kaggle/working/scribble-uncertainty-lung-segmentation/data/scribbles/coronacases_001_slice_0139.npy,1730,205,0.11849710982590465,True
coronacases_001,140,/kaggle/working/scribble-uncertainty-lung-segmentation/data/scribbles/coronacases_001_slice_0140.npy,1688,238,0.14099526066267185,True
coronacases_001,141,/kaggle/working/scribble-uncertainty-lung-segmentation/data/scribbles/coronacases_001_slice_0141.npy,1664,238,0.1430288461529866,True
coronacases_001,142,/kaggle/working/scribble-uncertainty-lung-segmentation/data/scribbles/coronacases_001_slice_0142.npy,1677,236,0.14072748956385972,True
coronacases_001,143,/kaggle/working/scribble-uncertainty-lung-segmentation/data/scribbles/coronacases_001_slice_0143.npy,1681,198,0.11778703152815119,True
coronacases_001,144,/kaggle/working/scribble-uncertainty-lung-segmentation/data/scribbles/coronacases_001_slice_0144.npy,1516,196,0.12928759894373823,True
coronacases_001,145,/kaggle/working/scribble-uncertainty-lung-segmentation/data/scribbles/coronacases_001_slice_0145.npy,1441,213,0.14781401804199992,True
coronacases_001,146,/kaggle/working/scribble-uncertainty-lung-segmentation/data/scribbles/coronacases_001_slice_0146.npy,1255,148,0.11792828685164998,True
coronacases_001,147,/kaggle/working/scribble-uncertainty-lung-segmentation/data/scribbles/coronacases_001_slice_0147.npy,1297,169,0.13030069390801619,True
coronacases_001,148,/kaggle/working/scribble-uncertainty-lung-segmentation/data/scribbles/coronacases_001_slice_0148.npy,1327,164,0.12358703843162332,True
coronacases_001,149,/kaggle/working/scribble-uncertainty-lung-segmentation/data/scribbles/coronacases_001_slice_0149.npy,1340,192,0.14328358208848296,True
coronacases_001,150,/kaggle/working/scribble-uncertainty-lung-segmentation/data/scribbles/coronacases_001_slice_0150.npy,1293,193,0.14926527455414335,True
coronacases_001,151,/kaggle/working/scribble-uncertainty-lung-segmentation/data/scribbles/coronacases_001_slice_0151.npy,1400,179,0.1278571428562296,True
coronacases_001,152,/kaggle/working/scribble-uncertainty-lung-segmentation/data/scribbles/coronacases_001_slice_0152.npy,1592,213,0.13379396984840583,True
coronacases_001,153,/kaggle/working/scribble-uncertainty-lung-segmentation/data/scribbles/coronacases_001_slice_0153.npy,1540,171,0.11103896103824001,True
coronacases_001,154,/kaggle/working/scribble-uncertainty-lung-segmentation/data/scribbles/coronacases_001_slice_0154.npy,1574,180,0.11435832274387321,True
coronacases_001,155,/kaggle/working/scribble-uncertainty-lung-segmentation/data/scribbles/coronacases_001_slice_0155.npy,1853,213,0.11494873178567216,True
coronacases_001,156,/kaggle/working/scribble-uncertainty-lung-segmentation/data/scribbles/coronacases_001_slice_0156.npy,1807,209,0.11566131709952596,True
coronacases_001,157,/kaggle/working/scribble-uncertainty-lung-segmentation/data/scribbles/coronacases_001_slice_0157.npy,1613,177,0.10973341599436,True
coronacases_001,158,/kaggle/working/scribble-uncertainty-lung-segmentation/data/scribbles/coronacases_001_slice_0158.npy,1038,153,0.14739884392921582,True
coronacases_001,159,/kaggle/working/scribble-uncertainty-lung-segmentation/data/scribbles/coronacases_001_slice_0159.npy,808,128,0.15841584158219782,True
coronacases_001,160,/kaggle/working/scribble-uncertainty-lung-segmentation/data/scribbles/coronacases_001_slice_0160.npy,782,121,0.15473145779853284,True
coronacases_001,161,/kaggle/working/scribble-uncertainty-lung-segmentation/data/scribbles/coronacases_001_slice_0161.npy,670,137,0.2044776119372466,True
coronacases_001,162,/kaggle/working/scribble-uncertainty-lung-segmentation/data/scribbles/coronacases_001_slice_0162.npy,784,127,0.16198979591630114,True
coronacases_001,163,/kaggle/working/scribble-uncertainty-lung-segmentation/data/scribbles/coronacases_001_slice_0163.npy,814,128,0.15724815724622546,True
coronacases_001,164,/kaggle/working/scribble-uncertainty-lung-segmentation/data/scribbles/coronacases_001_slice_0164.npy,772,122,0.15803108808085453,True
coronacases_001,165,/kaggle/working/scribble-uncertainty-lung-segmentation/data/scribbles/coronacases_001_slice_0165.npy,590,103,0.17457627118348176,True
coronacases_001,166,/kaggle/working/scribble-uncertainty-lung-segmentation/data/scribbles/coronacases_001_slice_0166.npy,659,105,0.15933232169712697,True
coronacases_001,167,/kaggle/working/scribble-uncertainty-lung-segmentation/data/scribbles/coronacases_001_slice_0167.npy,730,128,0.1753424657510227,True
coronacases_001,168,/kaggle/working/scribble-uncertainty-lung-segmentation/data/scribbles/coronacases_001_slice_0168.npy,648,102,0.15740740740497827,True
coronacases_001,169,/kaggle/working/scribble-uncertainty-lung-segmentation/data/scribbles/coronacases_001_slice_0169.npy,626,98,0.15654952076427237,True
coronacases_001,170,/kaggle/working/scribble-uncertainty-lung-segmentation/data/scribbles/coronacases_001_slice_0170.npy,611,82,0.1342062193104058,True
coronacases_001,171,/kaggle/working/scribble-uncertainty-lung-segmentation/data/scribbles/coronacases_001_slice_0171.npy,758,105,0.13852242743880577,True
coronacases_001,172,/kaggle/working/scribble-uncertainty-lung-segmentation/data/scribbles/coronacases_001_slice_0172.npy,671,72,0.10730253353044258,True
coronacases_001,173,/kaggle/working/scribble-uncertainty-lung-segmentation/data/scribbles/coronacases_001_slice_0173.npy,634,72,0.11356466876792484,True
coronacases_001,174,/kaggle/working/scribble-uncertainty-lung-segmentation/data/scribbles/coronacases_001_slice_0174.npy,702,103,0.14672364672155663,True
coronacases_001,175,/kaggle/working/scribble-uncertainty-lung-segmentation/data/scribbles/coronacases_001_slice_0175.npy,907,107,0.11797133406705654,True
coronacases_001,176,/kaggle/working/scribble-uncertainty-lung-segmentation/data/scribbles/coronacases_001_slice_0176.npy,878,100,0.11389521639961395,True
coronacases_001,177,/kaggle/working/scribble-uncertainty-lung-segmentation/data/scribbles/coronacases_001_slice_0177.npy,732,93,0.12704918032613322,True
coronacases_001,178,/kaggle/working/scribble-uncertainty-lung-segmentation/data/scribbles/coronacases_001_slice_0178.npy,870,100,0.114942528734311,True
coronacases_001,179,/kaggle/working/scribble-uncertainty-lung-segmentation/data/scribbles/coronacases_001_slice_0179.npy,930,92,0.09892473118173199,True
coronacases_001,180,/kaggle/working/scribble-uncertainty-lung-segmentation/data/scribbles/coronacases_001_slice_0180.npy,1099,87,0.07916287534049898,True
coronacases_001,181,/kaggle/working/scribble-uncertainty-lung-segmentation/data/scribbles/coronacases_001_slice_0181.npy,1092,118,0.10805860805761852,True
coronacases_001,182,/kaggle/working/scribble-uncertainty-lung-segmentation/data/scribbles/coronacases_001_slice_0182.npy,1016,138,0.13582677165220644,True
coronacases_001,183,/kaggle/working/scribble-uncertainty-lung-segmentation/data/scribbles/coronacases_001_slice_0183.npy,1123,152,0.1353517364190975,True
coronacases_001,184,/kaggle/working/scribble-uncertainty-lung-segmentation/data/scribbles/coronacases_001_slice_0184.npy,1333,133,0.09977494373518549,True
coronacases_001,185,/kaggle/working/scribble-uncertainty-lung-segmentation/data/scribbles/coronacases_001_slice_0185.npy,1096,108,0.09854014598450238,True
coronacases_001,186,/kaggle/working/scribble-uncertainty-lung-segmentation/data/scribbles/coronacases_001_slice_0186.npy,1196,107,0.08946488294239578,True
coronacases_001,187,/kaggle/working/scribble-uncertainty-lung-segmentation/data/scribbles/coronacases_001_slice_0187.npy,991,111,0.11200807265275471,True
coronacases_001,188,/kaggle/working/scribble-uncertainty-lung-segmentation/data/scribbles/coronacases_001_slice_0188.npy,830,85,0.10240963855298302,True
coronacases_001,189,/kaggle/working/scribble-uncertainty-lung-segmentation/data/scribbles/coronacases_001_slice_0189.npy,925,117,0.12648648648511907,True
coronacases_001,190,/kaggle/working/scribble-uncertainty-lung-segmentation/data/scribbles/coronacases_001_slice_0190.npy,917,104,0.11341330425176212,True
coronacases_001,191,/kaggle/working/scribble-uncertainty-lung-segmentation/data/scribbles/coronacases_001_slice_0191.npy,701,72,0.10271041369325663,True
coronacases_001,192,/kaggle/working/scribble-uncertainty-lung-segmentation/data/scribbles/coronacases_001_slice_0192.npy,840,81,0.09642857142742346,True
coronacases_001,193,/kaggle/working/scribble-uncertainty-lung-segmentation/data/scribbles/coronacases_001_slice_0193.npy,839,82,0.09773539928369802,True
coronacases_001,194,/kaggle/working/scribble-uncertainty-lung-segmentation/data/scribbles/coronacases_001_slice_0194.npy,904,75,0.08296460176899376,True
coronacases_001,195,/kaggle/working/scribble-uncertainty-lung-segmentation/data/scribbles/coronacases_001_slice_0195.npy,1000,97,0.09699999999903,True
coronacases_001,196,/kaggle/working/scribble-uncertainty-lung-segmentation/data/scribbles/coronacases_001_slice_0196.npy,1131,100,0.08841732979585838,True
coronacases_001,197,/kaggle/working/scribble-uncertainty-lung-segmentation/data/scribbles/coronacases_001_slice_0197.npy,1362,137,0.10058737151174313,True
coronacases_001,198,/kaggle/working/scribble-uncertainty-lung-segmentation/data/scribbles/coronacases_001_slice_0198.npy,1376,150,0.10901162790618452,True
coronacases_001,199,/kaggle/working/scribble-uncertainty-lung-segmentation/data/scribbles/coronacases_001_slice_0199.npy,1273,111,0.0871956009419702,True
coronacases_001,200,/kaggle/working/scribble-uncertainty-lung-segmentation/data/scribbles/coronacases_001_slice_0200.npy,1285,117,0.09105058365687899,True
coronacases_001,201,/kaggle/working/scribble-uncertainty-lung-segmentation/data/scribbles/coronacases_001_slice_0201.npy,1263,128,0.10134600158272886,True
coronacases_001,202,/kaggle/working/scribble-uncertainty-lung-segmentation/data/scribbles/coronacases_001_slice_0202.npy,1223,114,0.0932134096476434,True
coronacases_001,203,/kaggle/working/scribble-uncertainty-lung-segmentation/data/scribbles/coronacases_001_slice_0203.npy,855,91,0.10643274853676686,True
coronacases_001,204,/kaggle/working/scribble-uncertainty-lung-segmentation/data/scribbles/coronacases_001_slice_0204.npy,872,69,0.07912844036606503,True
coronacases_001,205,/kaggle/working/scribble-uncertainty-lung-segmentation/data/scribbles/coronacases_001_slice_0205.npy,801,59,0.07365792758959229,True
coronacases_001,206,/kaggle/working/scribble-uncertainty-lung-segmentation/data/scribbles/coronacases_001_slice_0206.npy,863,84,0.09733487833027422,True
coronacases_001,207,/kaggle/working/scribble-uncertainty-lung-segmentation/data/scribbles/coronacases_001_slice_0207.npy,861,92,0.10685249709515851,True
coronacases_001,208,/kaggle/working/scribble-uncertainty-lung-segmentation/data/scribbles/coronacases_001_slice_0208.npy,818,85,0.10391198043882748,True
coronacases_001,209,/kaggle/working/scribble-uncertainty-lung-segmentation/data/scribbles/coronacases_001_slice_0209.npy,654,80,0.12232415901953633,True
coronacases_001,210,/kaggle/working/scribble-uncertainty-lung-segmentation/data/scribbles/coronacases_001_slice_0210.npy,487,66,0.1355236139602562,True
coronacases_001,211,/kaggle/working/scribble-uncertainty-lung-segmentation/data/scribbles/coronacases_001_slice_0211.npy,467,48,0.1027837259078633,True
coronacases_001,212,/kaggle/working/scribble-uncertainty-lung-segmentation/data/scribbles/coronacases_001_slice_0212.npy,396,43,0.10858585858311652,True
coronacases_001,213,/kaggle/working/scribble-uncertainty-lung-segmentation/data/scribbles/coronacases_001_slice_0213.npy,338,54,0.15976331360474072,True
coronacases_001,214,/kaggle/working/scribble-uncertainty-lung-segmentation/data/scribbles/coronacases_001_slice_0214.npy,299,54,0.180602006682923,True
coronacases_001,215,/kaggle/working/scribble-uncertainty-lung-segmentation/data/scribbles/coronacases_001_slice_0215.npy,237,30,0.12658227847567163,True
coronacases_001,216,/kaggle/working/scribble-uncertainty-lung-segmentation/data/scribbles/coronacases_001_slice_0216.npy,139,27,0.19424460430257232,True
coronacases_001,217,/kaggle/working/scribble-uncertainty-lung-segmentation/data/scribbles/coronacases_001_slice_0217.npy,128,27,0.2109374999835205,True
coronacases_001,218,/kaggle/working/scribble-uncertainty-lung-segmentation/data/scribbles/coronacases_001_slice_0218.npy,49,9,0.1836734693502707,True
coronacases_001,219,/kaggle/working/scribble-uncertainty-lung-segmentation/data/scribbles/coronacases_001_slice_0219.npy,37,9,0.24324324317750182,True
coronacases_001,220,/kaggle/working/scribble-uncertainty-lung-segmentation/data/scribbles/coronacases_001_slice_0220.npy,30,9,0.2999999999,True
coronacases_001,221,/kaggle/working/scribble-uncertainty-lung-segmentation/data/scribbles/coronacases_001_slice_0221.npy,38,9,0.23684210520083102,True
coronacases_001,222,/kaggle/working/scribble-uncertainty-lung-segmentation/data/scribbles/coronacases_001_slice_0222.npy,54,9,0.16666666663580246,True
coronacases_001,223,/kaggle/working/scribble-uncertainty-lung-segmentation/data/scribbles/coronacases_001_slice_0223.npy,51,9,0.17647058820069203,True
coronacases_001,224,/kaggle/working/scribble-uncertainty-lung-segmentation/data/scribbles/coronacases_001_slice_0224.npy,28,9,0.3214285713137755,True
coronacases_001,225,/kaggle/working/scribble-uncertainty-lung-segmentation/data/scribbles/coronacases_001_slice_0225.npy,55,9,0.16363636360661157,True
coronacases_001,226,/kaggle/working/scribble-uncertainty-lung-segmentation/data/scribbles/coronacases_001_slice_0226.npy,55,9,0.16363636360661157,True
coronacases_001,227,/kaggle/working/scribble-uncertainty-lung-segmentation/data/scribbles/coronacases_001_slice_0227.npy,56,9,0.16071428568558674,True
coronacases_001,228,/kaggle/working/scribble-uncertainty-lung-segmentation/data/scribbles/coronacases_001_slice_0228.npy,71,9,0.1267605633624281,True
coronacases_001,229,/kaggle/working/scribble-uncertainty-lung-segmentation/data/scribbles/coronacases_001_slice_0229.npy,78,9,0.11538461536982249,True
coronacases_001,230,/kaggle/working/scribble-uncertainty-lung-segmentation/data/scribbles/coronacases_001_slice_0230.npy,57,9,0.15789473681440444,True
coronacases_001,231,/kaggle/working/scribble-uncertainty-lung-segmentation/data/scribbles/coronacases_001_slice_0231.npy,49,9,0.1836734693502707,True
coronacases_001,232,/kaggle/working/scribble-uncertainty-lung-segmentation/data/scribbles/coronacases_001_slice_0232.npy,70,9,0.12857142855306122,True
coronacases_001,233,/kaggle/working/scribble-uncertainty-lung-segmentation/data/scribbles/coronacases_001_slice_0233.npy,87,9,0.10344827585017836,True
coronacases_001,234,/kaggle/working/scribble-uncertainty-lung-segmentation/data/scribbles/coronacases_001_slice_0234.npy,77,9,0.11688311686793727,True
coronacases_001,235,/kaggle/working/scribble-uncertainty-lung-segmentation/data/scribbles/coronacases_001_slice_0235.npy,25,9,0.359999999856,True
coronacases_001,236,/kaggle/working/scribble-uncertainty-lung-segmentation/data/scribbles/coronacases_001_slice_0236.npy,13,9,0.6923076917751478,True
coronacases_001,237,/kaggle/working/scribble-uncertainty-lung-segmentation/data/scribbles/coronacases_001_slice_0237.npy,0,0,0.0,False
coronacases_001,238,/kaggle/working/scribble-uncertainty-lung-segmentation/data/scribbles/coronacases_001_slice_0238.npy,0,0,0.0,False
coronacases_001,239,/kaggle/working/scribble-uncertainty-lung-segmentation/data/scribbles/coronacases_001_slice_0239.npy,0,0,0.0,False
coronacases_001,240,/kaggle/working/scribble-uncertainty-lung-segmentation/data/scribbles/coronacases_001_slice_0240.npy,0,0,0.0,False
coronacases_001,241,/kaggle/working/scribble-uncertainty-lung-segmentation/data/scribbles/coronacases_001_slice_0241.npy,0,0,0.0,False
coronacases_001,242,/kaggle/working/scribble-uncertainty-lung-segmentation/data/scribbles/coronacases_001_slice_0242.npy,12,9,0.749999999375,True
coronacases_001,243,/kaggle/working/scribble-uncertainty-lung-segmentation/data/scribbles/coronacases_001_slice_0243.npy,8,9,1.12499999859375,True
coronacases_001,244,/kaggle/working/scribble-uncertainty-lung-segmentation/data/scribbles/coronacases_001_slice_0244.npy,0,0,0.0,False
coronacases_001,245,/kaggle/working/scribble-uncertainty-lung-segmentation/data/scribbles/coronacases_001_slice_0245.npy,0,0,0.0,False
coronacases_001,246,/kaggle/working/scribble-uncertainty-lung-segmentation/data/scribbles/coronacases_001_slice_0246.npy,0,0,0.0,False
coronacases_001,247,/kaggle/working/scribble-uncertainty-lung-segmentation/data/scribbles/coronacases_001_slice_0247.npy,0,0,0.0,False
coronacases_001,248,/kaggle/working/scribble-uncertainty-lung-segmentation/data/scribbles/coronacases_001_slice_0248.npy,0,0,0.0,False
coronacases_001,249,/kaggle/working/scribble-uncertainty-lung-segmentation/data/scribbles/coronacases_001_slice_0249.npy,0,0,0.0,False
coronacases_001,250,/kaggle/working/scribble-uncertainty-lung-segmentation/data/scribbles/coronacases_001_slice_0250.npy,0,0,0.0,False
coronacases_001,251,/kaggle/working/scribble-uncertainty-lung-segmentation/data/scribbles/coronacases_001_slice_0251.npy,0,0,0.0,False
coronacases_001,252,/kaggle/working/scribble-uncertainty-lung-segmentation/data/scribbles/coronacases_001_slice_0252.npy,0,0,0.0,False
coronacases_001,253,/kaggle/working/scribble-uncertainty-lung-segmentation/data/scribbles/coronacases_001_slice_0253.npy,0,0,0.0,False
coronacases_001,254,/kaggle/working/scribble-uncertainty-lung-segmentation/data/scribbles/coronacases_001_slice_0254.npy,0,0,0.0,False
coronacases_001,255,/kaggle/working/scribble-uncertainty-lung-segmentation/data/scribbles/coronacases_001_slice_0255.npy,0,0,0.0,False
coronacases_001,256,/kaggle/working/scribble-uncertainty-lung-segmentation/data/scribbles/coronacases_001_slice_0256.npy,0,0,0.0,False
coronacases_001,257,/kaggle/working/scribble-uncertainty-lung-segmentation/data/scribbles/coronacases_001_slice_0257.npy,0,0,0.0,False
coronacases_001,258,/kaggle/working/scribble-uncertainty-lung-segmentation/data/scribbles/coronacases_001_slice_0258.npy,0,0,0.0,False
coronacases_001,259,/kaggle/working/scribble-uncertainty-lung-segmentation/data/scribbles/coronacases_001_slice_0259.npy,0,0,0.0,False
coronacases_001,260,/kaggle/working/scribble-uncertainty-lung-segmentation/data/scribbles/coronacases_001_slice_0260.npy,0,0,0.0,False
coronacases_001,261,/kaggle/working/scribble-uncertainty-lung-segmentation/data/scribbles/coronacases_001_slice_0261.npy,0,0,0.0,False
coronacases_001,262,/kaggle/working/scribble-uncertainty-lung-segmentation/data/scribbles/coronacases_001_slice_0262.npy,0,0,0.0,False
coronacases_001,263,/kaggle/working/scribble-uncertainty-lung-segmentation/data/scribbles/coronacases_001_slice_0263.npy,0,0,0.0,False
coronacases_001,264,/kaggle/working/scribble-uncertainty-lung-segmentation/data/scribbles/coronacases_001_slice_0264.npy,0,0,0.0,False
coronacases_001,265,/kaggle/working/scribble-uncertainty-lung-segmentation/data/scribbles/coronacases_001_slice_0265.npy,0,0,0.0,False
coronacases_001,266,/kaggle/working/scribble-uncertainty-lung-segmentation/data/scribbles/coronacases_001_slice_0266.npy,0,0,0.0,False
coronacases_001,267,/kaggle/working/scribble-uncertainty-lung-segmentation/data/scribbles/coronacases_001_slice_0267.npy,0,0,0.0,False
coronacases_001,268,/kaggle/working/scribble-uncertainty-lung-segmentation/data/scribbles/coronacases_001_slice_0268.npy,0,0,0.0,False
coronacases_001,269,/kaggle/working/scribble-uncertainty-lung-segmentation/data/scribbles/coronacases_001_slice_0269.npy,0,0,0.0,False
coronacases_001,270,/kaggle/working/scribble-uncertainty-lung-segmentation/data/scribbles/coronacases_001_slice_0270.npy,0,0,0.0,False
coronacases_001,271,/kaggle/working/scribble-uncertainty-lung-segmentation/data/scribbles/coronacases_001_slice_0271.npy,0,0,0.0,False
coronacases_001,272,/kaggle/working/scribble-uncertainty-lung-segmentation/data/scribbles/coronacases_001_slice_0272.npy,0,0,0.0,False
coronacases_001,273,/kaggle/working/scribble-uncertainty-lung-segmentation/data/scribbles/coronacases_001_slice_0273.npy,0,0,0.0,False
coronacases_001,274,/kaggle/working/scribble-uncertainty-lung-segmentation/data/scribbles/coronacases_001_slice_0274.npy,0,0,0.0,False
coronacases_002,7,/kaggle/working/scribble-uncertainty-lung-segmentation/data/scribbles/coronacases_002_slice_0007.npy,0,0,0.0,False
coronacases_002,8,/kaggle/working/scribble-uncertainty-lung-segmentation/data/scribbles/coronacases_002_slice_0008.npy,0,0,0.0,False
coronacases_002,9,/kaggle/working/scribble-uncertainty-lung-segmentation/data/scribbles/coronacases_002_slice_0009.npy,0,0,0.0,False
coronacases_002,10,/kaggle/working/scribble-uncertainty-lung-segmentation/data/scribbles/coronacases_002_slice_0010.npy,0,0,0.0,False
coronacases_002,11,/kaggle/working/scribble-uncertainty-lung-segmentation/data/scribbles/coronacases_002_slice_0011.npy,0,0,0.0,False
coronacases_002,12,/kaggle/working/scribble-uncertainty-lung-segmentation/data/scribbles/coronacases_002_slice_0012.npy,0,0,0.0,False
coronacases_002,13,/kaggle/working/scribble-uncertainty-lung-segmentation/data/scribbles/coronacases_002_slice_0013.npy,0,0,0.0,False
coronacases_002,14,/kaggle/working/scribble-uncertainty-lung-segmentation/data/scribbles/coronacases_002_slice_0014.npy,0,0,0.0,False
coronacases_002,15,/kaggle/working/scribble-uncertainty-lung-segmentation/data/scribbles/coronacases_002_slice_0015.npy,0,0,0.0,False
coronacases_002,16,/kaggle/working/scribble-uncertainty-lung-segmentation/data/scribbles/coronacases_002_slice_0016.npy,0,0,0.0,False
coronacases_002,17,/kaggle/working/scribble-uncertainty-lung-segmentation/data/scribbles/coronacases_002_slice_0017.npy,0,0,0.0,False
coronacases_002,18,/kaggle/working/scribble-uncertainty-lung-segmentation/data/scribbles/coronacases_002_slice_0018.npy,0,0,0.0,False
coronacases_002,19,/kaggle/working/scribble-uncertainty-lung-segmentation/data/scribbles/coronacases_002_slice_0019.npy,0,0,0.0,False
coronacases_002,20,/kaggle/working/scribble-uncertainty-lung-segmentation/data/scribbles/coronacases_002_slice_0020.npy,0,0,0.0,False
coronacases_002,21,/kaggle/working/scribble-uncertainty-lung-segmentation/data/scribbles/coronacases_002_slice_0021.npy,0,0,0.0,False
coronacases_002,22,/kaggle/working/scribble-uncertainty-lung-segmentation/data/scribbles/coronacases_002_slice_0022.npy,0,0,0.0,False
coronacases_002,23,/kaggle/working/scribble-uncertainty-lung-segmentation/data/scribbles/coronacases_002_slice_0023.npy,0,0,0.0,False
coronacases_002,24,/kaggle/working/scribble-uncertainty-lung-segmentation/data/scribbles/coronacases_002_slice_0024.npy,0,0,0.0,False
coronacases_002,25,/kaggle/working/scribble-uncertainty-lung-segmentation/data/scribbles/coronacases_002_slice_0025.npy,34,9,0.2647058822750865,True
coronacases_002,26,/kaggle/working/scribble-uncertainty-lung-segmentation/data/scribbles/coronacases_002_slice_0026.npy,43,9,0.20930232553272038,True
coronacases_002,27,/kaggle/working/scribble-uncertainty-lung-segmentation/data/scribbles/coronacases_002_slice_0027.npy,123,12,0.09756097560182432,True
coronacases_002,28,/kaggle/working/scribble-uncertainty-lung-segmentation/data/scribbles/coronacases_002_slice_0028.npy,150,9,0.059999999995999996,True
coronacases_002,29,/kaggle/working/scribble-uncertainty-lung-segmentation/data/scribbles/coronacases_002_slice_0029.npy,171,9,0.05263157894429055,True
coronacases_002,30,/kaggle/working/scribble-uncertainty-lung-segmentation/data/scribbles/coronacases_002_slice_0030.npy,250,21,0.08399999999664,True
coronacases_002,31,/kaggle/working/scribble-uncertainty-lung-segmentation/data/scribbles/coronacases_002_slice_0031.npy,223,9,0.04035874439280902,True
coronacases_002,32,/kaggle/working/scribble-uncertainty-lung-segmentation/data/scribbles/coronacases_002_slice_0032.npy,253,21,0.08300395256588917,True
coronacases_002,33,/kaggle/working/scribble-uncertainty-lung-segmentation/data/scribbles/coronacases_002_slice_0033.npy,338,18,0.05325443786824691,True
coronacases_002,34,/kaggle/working/scribble-uncertainty-lung-segmentation/data/scribbles/coronacases_002_slice_0034.npy,305,15,0.04918032786723999,True
coronacases_002,35,/kaggle/working/scribble-uncertainty-lung-segmentation/data/scribbles/coronacases_002_slice_0035.npy,295,14,0.047457627117035335,True
coronacases_002,36,/kaggle/working/scribble-uncertainty-lung-segmentation/data/scribbles/coronacases_002_slice_0036.npy,293,9,0.0307167235484397,True
coronacases_002,37,/kaggle/working/scribble-uncertainty-lung-segmentation/data/scribbles/coronacases_002_slice_0037.npy,307,15,0.048859934851828664,True
coronacases_002,38,/kaggle/working/scribble-uncertainty-lung-segmentation/data/scribbles/coronacases_002_slice_0038.npy,311,18,0.057877813502962124,True
coronacases_002,39,/kaggle/working/scribble-uncertainty-lung-segmentation/data/scribbles/coronacases_002_slice_0039.npy,304,9,0.02960526315692088,True
coronacases_002,40,/kaggle/working/scribble-uncertainty-lung-segmentation/data/scribbles/coronacases_002_slice_0040.npy,314,9,0.028662420381252787,True
coronacases_002,41,/kaggle/working/scribble-uncertainty-lung-segmentation/data/scribbles/coronacases_002_slice_0041.npy,267,27,0.10112359550183057,True
coronacases_002,42,/kaggle/working/scribble-uncertainty-lung-segmentation/data/scribbles/coronacases_002_slice_0042.npy,261,18,0.06896551723873695,True
coronacases_002,43,/kaggle/working/scribble-uncertainty-lung-segmentation/data/scribbles/coronacases_002_slice_0043.npy,254,27,0.10629921259424019,True
coronacases_002,44,/kaggle/working/scribble-uncertainty-lung-segmentation/data/scribbles/coronacases_002_slice_0044.npy,282,18,0.06382978723177908,True
coronacases_002,45,/kaggle/working/scribble-uncertainty-lung-segmentation/data/scribbles/coronacases_002_slice_0045.npy,324,23,0.07098765431879668,True
coronacases_002,46,/kaggle/working/scribble-uncertainty-lung-segmentation/data/scribbles/coronacases_002_slice_0046.npy,260,12,0.04615384615207101,True
coronacases_002,47,/kaggle/working/scribble-uncertainty-lung-segmentation/data/scribbles/coronacases_002_slice_0047.npy,272,12,0.04411764705720156,True
coronacases_002,48,/kaggle/working/scribble-uncertainty-lung-segmentation/data/scribbles/coronacases_002_slice_0048.npy,263,25,0.09505703421691798,True
coronacases_002,49,/kaggle/working/scribble-uncertainty-lung-segmentation/data/scribbles/coronacases_002_slice_0049.npy,276,18,0.06521739130198488,True
coronacases_002,50,/kaggle/working/scribble-uncertainty-lung-segmentation/data/scribbles/coronacases_002_slice_0050.npy,258,36,0.1395348837155219,True
coronacases_002,51,/kaggle/working/scribble-uncertainty-lung-segmentation/data/scribbles/coronacases_002_slice_0051.npy,269,33,0.12267657992109009,True
coronacases_002,52,/kaggle/working/scribble-uncertainty-lung-segmentation/data/scribbles/coronacases_002_slice_0052.npy,260,15,0.057692307690088755,True
coronacases_002,53,/kaggle/working/scribble-uncertainty-lung-segmentation/data/scribbles/coronacases_002_slice_0053.npy,250,18,0.07199999999711999,True
coronacases_002,54,/kaggle/working/scribble-uncertainty-lung-segmentation/data/scribbles/coronacases_002_slice_0054.npy,275,36,0.1309090909043306,True
coronacases_002,55,/kaggle/working/scribble-uncertainty-lung-segmentation/data/scribbles/coronacases_002_slice_0055.npy,274,18,0.06569343065453673,True
coronacases_002,56,/kaggle/working/scribble-uncertainty-lung-segmentation/data/scribbles/coronacases_002_slice_0056.npy,250,18,0.07199999999711999,True
coronacases_002,57,/kaggle/working/scribble-uncertainty-lung-segmentation/data/scribbles/coronacases_002_slice_0057.npy,252,34,0.13492063491528092,True
coronacases_002,58,/kaggle/working/scribble-uncertainty-lung-segmentation/data/scribbles/coronacases_002_slice_0058.npy,220,9,0.0409090909072314,True
coronacases_002,59,/kaggle/working/scribble-uncertainty-lung-segmentation/data/scribbles/coronacases_002_slice_0059.npy,209,18,0.08612440190975482,True
coronacases_002,60,/kaggle/working/scribble-uncertainty-lung-segmentation/data/scribbles/coronacases_002_slice_0060.npy,185,18,0.09729729729203798,True
coronacases_002,61,/kaggle/working/scribble-uncertainty-lung-segmentation/data/scribbles/coronacases_002_slice_0061.npy,174,18,0.10344827585612366,True
coronacases_002,62,/kaggle/working/scribble-uncertainty-lung-segmentation/data/scribbles/coronacases_002_slice_0062.npy,189,12,0.06349206348870412,True
coronacases_002,63,/kaggle/working/scribble-uncertainty-lung-segmentation/data/scribbles/coronacases_002_slice_0063.npy,185,18,0.09729729729203798,True
coronacases_002,64,/kaggle/working/scribble-uncertainty-lung-segmentation/data/scribbles/coronacases_002_slice_0064.npy,135,9,0.0666666666617284,True
coronacases_002,65,/kaggle/working/scribble-uncertainty-lung-segmentation/data/scribbles/coronacases_002_slice_0065.npy,417,49,0.11750599520101904,True
coronacases_002,66,/kaggle/working/scribble-uncertainty-lung-segmentation/data/scribbles/coronacases_002_slice_0066.npy,355,48,0.13521126760182503,True
coronacases_002,67,/kaggle/working/scribble-uncertainty-lung-segmentation/data/scribbles/coronacases_002_slice_0067.npy,290,33,0.11379310344435196,True
coronacases_002,68,/kaggle/working/scribble-uncertainty-lung-segmentation/data/scribbles/coronacases_002_slice_0068.npy,276,27,0.09782608695297731,True
coronacases_002,69,/kaggle/working/scribble-uncertainty-lung-segmentation/data/scribbles/coronacases_002_slice_0069.npy,319,21,0.06583072100107114,True
coronacases_002,70,/kaggle/working/scribble-uncertainty-lung-segmentation/data/scribbles/coronacases_002_slice_0070.npy,367,27,0.07356948228682372,True
coronacases_002,71,/kaggle/working/scribble-uncertainty-lung-segmentation/data/scribbles/coronacases_002_slice_0071.npy,374,27,0.07219251336705368,True
coronacases_002,72,/kaggle/working/scribble-uncertainty-lung-segmentation/data/scribbles/coronacases_002_slice_0072.npy,373,9,0.024128686326430865,True
coronacases_002,73,/kaggle/working/scribble-uncertainty-lung-segmentation/data/scribbles/coronacases_002_slice_0073.npy,289,18,0.062283737022066306,True
coronacases_002,74,/kaggle/working/scribble-uncertainty-lung-segmentation/data/scribbles/coronacases_002_slice_0074.npy,245,18,0.0734693877521033,True
coronacases_002,75,/kaggle/working/scribble-uncertainty-lung-segmentation/data/scribbles/coronacases_002_slice_0075.npy,157,16,0.10191082801898657,True
coronacases_002,76,/kaggle/working/scribble-uncertainty-lung-segmentation/data/scribbles/coronacases_002_slice_0076.npy,171,32,0.18713450291303307,True
coronacases_002,77,/kaggle/working/scribble-uncertainty-lung-segmentation/data/scribbles/coronacases_002_slice_0077.npy,48,9,0.1874999999609375,True
coronacases_002,78,/kaggle/working/scribble-uncertainty-lung-segmentation/data/scribbles/coronacases_002_slice_0078.npy,51,9,0.17647058820069203,True
coronacases_002,79,/kaggle/working/scribble-uncertainty-lung-segmentation/data/scribbles/coronacases_002_slice_0079.npy,36,9,0.24999999993055555,True
coronacases_002,80,/kaggle/working/scribble-uncertainty-lung-segmentation/data/scribbles/coronacases_002_slice_0080.npy,43,9,0.20930232553272038,True
coronacases_002,81,/kaggle/working/scribble-uncertainty-lung-segmentation/data/scribbles/coronacases_002_slice_0081.npy,41,9,0.21951219506841166,True
coronacases_002,82,/kaggle/working/scribble-uncertainty-lung-segmentation/data/scribbles/coronacases_002_slice_0082.npy,38,9,0.23684210520083102,True
coronacases_002,83,/kaggle/working/scribble-uncertainty-lung-segmentation/data/scribbles/coronacases_002_slice_0083.npy,56,9,0.16071428568558674,True
coronacases_002,84,/kaggle/working/scribble-uncertainty-lung-segmentation/data/scribbles/coronacases_002_slice_0084.npy,248,17,0.06854838709401015,True
coronacases_002,85,/kaggle/working/scribble-uncertainty-lung-segmentation/data/scribbles/coronacases_002_slice_0085.npy,375,43,0.11466666666360889,True
coronacases_002,86,/kaggle/working/scribble-uncertainty-lung-segmentation/data/scribbles/coronacases_002_slice_0086.npy,541,86,0.15896487984918733,True
coronacases_002,87,/kaggle/working/scribble-uncertainty-lung-segmentation/data/scribbles/coronacases_002_slice_0087.npy,623,71,0.11396468699656558,True
coronacases_002,88,/kaggle/working/scribble-uncertainty-lung-segmentation/data/scribbles/coronacases_002_slice_0088.npy,669,71,0.10612855007315204,True
coronacases_002,89,/kaggle/working/scribble-uncertainty-lung-segmentation/data/scribbles/coronacases_002_slice_0089.npy,832,96,0.11538461538322856,True
coronacases_002,90,/kaggle/working/scribble-uncertainty-lung-segmentation/data/scribbles/coronacases_002_slice_0090.npy,852,61,0.07159624413061506,True
coronacases_002,91,/kaggle/working/scribble-uncertainty-lung-segmentation/data/scribbles/coronacases_002_slice_0091.npy,940,88,0.09361702127559982,True
coronacases_002,92,/kaggle/working/scribble-uncertainty-lung-segmentation/data/scribbles/coronacases_002_slice_0092.npy,1100,124,0.11272727272624794,True
coronacases_002,93,/kaggle/working/scribble-uncertainty-lung-segmentation/data/scribbles/coronacases_002_slice_0093.npy,1244,120,0.09646302250726317,True
coronacases_002,94,/kaggle/working/scribble-uncertainty-lung-segmentation/data/scribbles/coronacases_002_slice_0094.npy,1170,124,0.10598290598200015,True
coronacases_002,95,/kaggle/working/scribble-uncertainty-lung-segmentation/data/scribbles/coronacases_002_slice_0095.npy,1167,86,0.07369323050493837,True
coronacases_002,96,/kaggle/working/scribble-uncertainty-lung-segmentation/data/scribbles/coronacases_002_slice_0096.npy,1089,67,0.06152433425104202,True
coronacases_002,97,/kaggle/working/scribble-uncertainty-lung-segmentation/data/scribbles/coronacases_002_slice_0097.npy,1066,72,0.0675422138830437,True
coronacases_002,98,/kaggle/working/scribble-uncertainty-lung-segmentation/data/scribbles/coronacases_002_slice_0098.npy,1059,78,0.07365439093414869,True
coronacases_002,99,/kaggle/working/scribble-uncertainty-lung-segmentation/data/scribbles/coronacases_002_slice_0099.npy,979,79,0.08069458631173959,True
coronacases_002,100,/kaggle/working/scribble-uncertainty-lung-segmentation/data/scribbles/coronacases_002_slice_0100.npy,932,76,0.08154506437680746,True
coronacases_002,101,/kaggle/working/scribble-uncertainty-lung-segmentation/data/scribbles/coronacases_002_slice_0101.npy,879,84,0.09556313993065343,True
coronacases_002,102,/kaggle/working/scribble-uncertainty-lung-segmentation/data/scribbles/coronacases_002_slice_0102.npy,752,66,0.0877659574456414,True
coronacases_002,103,/kaggle/working/scribble-uncertainty-lung-segmentation/data/scribbles/coronacases_002_slice_0103.npy,721,43,0.05963938973564994,True
coronacases_002,104,/kaggle/working/scribble-uncertainty-lung-segmentation/data/scribbles/coronacases_002_slice_0104.npy,628,46,0.07324840764214573,True
coronacases_002,105,/kaggle/working/scribble-uncertainty-lung-segmentation/data/scribbles/coronacases_002_slice_0105.npy,554,41,0.07400722021527063,True
coronacases_002,106,/kaggle/working/scribble-uncertainty-lung-segmentation/data/scribbles/coronacases_002_slice_0106.npy,577,54,0.0935875216621562,True
coronacases_002,107,/kaggle/working/scribble-uncertainty-lung-segmentation/data/scribbles/coronacases_002_slice_0107.npy,527,34,0.06451612903103385,True
coronacases_002,108,/kaggle/working/scribble-uncertainty-lung-segmentation/data/scribbles/coronacases_002_slice_0108.npy,595,41,0.06890756302405197,True
coronacases_002,109,/kaggle/working/scribble-uncertainty-lung-segmentation/data/scribbles/coronacases_002_slice_0109.npy,587,36,0.061328790458921145,True
coronacases_002,110,/kaggle/working/scribble-uncertainty-lung-segmentation/data/scribbles/coronacases_002_slice_0110.npy,509,53,0.10412573673665765,True
coronacases_002,111,/kaggle/working/scribble-uncertainty-lung-segmentation/data/scribbles/coronacases_002_slice_0111.npy,408,53,0.12990196078112984,True
coronacases_002,112,/kaggle/working/scribble-uncertainty-lung-segmentation/data/scribbles/coronacases_002_slice_0112.npy,347,54,0.15561959653730204,True
coronacases_002,113,/kaggle/working/scribble-uncertainty-lung-segmentation/data/scribbles/coronacases_002_slice_0113.npy,363,50,0.1377410468281614,True
coronacases_002,114,/kaggle/working/scribble-uncertainty-lung-segmentation/data/scribbles/coronacases_002_slice_0114.npy,248,30,0.12096774193060614,True
coronacases_002,115,/kaggle/working/scribble-uncertainty-lung-segmentation/data/scribbles/coronacases_002_slice_0115.npy,254,41,0.16141732282829066,True
coronacases_002,116,/kaggle/working/scribble-uncertainty-lung-segmentation/data/scribbles/coronacases_002_slice_0116.npy,216,18,0.0833333333294753,True
coronacases_002,117,/kaggle/working/scribble-uncertainty-lung-segmentation/data/scribbles/coronacases_002_slice_0117.npy,320,36,0.11249999999648437,True
coronacases_002,118,/kaggle/working/scribble-uncertainty-lung-segmentation/data/scribbles/coronacases_002_slice_0118.npy,319,45,0.141065830716581,True
coronacases_002,119,/kaggle/working/scribble-uncertainty-lung-segmentation/data/scribbles/coronacases_002_slice_0119.npy,422,44,0.10426540284113114,True
coronacases_002,120,/kaggle/working/scribble-uncertainty-lung-segmentation/data/scribbles/coronacases_002_slice_0120.npy,520,68,0.13076923076671598,True
coronacases_002,121,/kaggle/working/scribble-uncertainty-lung-segmentation/data/scribbles/coronacases_002_slice_0121.npy,762,68,0.08923884514318584,True
coronacases_002,122,/kaggle/working/scribble-uncertainty-lung-segmentation/data/scribbles/coronacases_002_slice_0122.npy,805,96,0.11925465838361174,True
coronacases_002,123,/kaggle/working/scribble-uncertainty-lung-segmentation/data/scribbles/coronacases_002_slice_0123.npy,841,103,0.12247324613409663,True
coronacases_002,124,/kaggle/working/scribble-uncertainty-lung-segmentation/data/scribbles/coronacases_002_slice_0124.npy,856,99,0.11565420560612553,True
coronacases_002,125,/kaggle/working/scribble-uncertainty-lung-segmentation/data/scribbles/coronacases_002_slice_0125.npy,714,67,0.09383753501269135,True
coronacases_002,126,/kaggle/working/scribble-uncertainty-lung-segmentation/data/scribbles/coronacases_002_slice_0126.npy,750,53,0.07066666666572444,True
coronacases_002,127,/kaggle/working/scribble-uncertainty-lung-segmentation/data/scribbles/coronacases_002_slice_0127.npy,704,36,0.05113636363563727,True
coronacases_002,128,/kaggle/working/scribble-uncertainty-lung-segmentation/data/scribbles/coronacases_002_slice_0128.npy,714,54,0.07563025209978108,True
coronacases_002,129,/kaggle/working/scribble-uncertainty-lung-segmentation/data/scribbles/coronacases_002_slice_0129.npy,806,61,0.07568238213305604,True
coronacases_002,130,/kaggle/working/scribble-uncertainty-lung-segmentation/data/scribbles/coronacases_002_slice_0130.npy,779,70,0.08985879332362184,True
coronacases_002,131,/kaggle/working/scribble-uncertainty-lung-segmentation/data/scribbles/coronacases_002_slice_0131.npy,819,73,0.08913308913200081,True
coronacases_002,132,/kaggle/working/scribble-uncertainty-lung-segmentation/data/scribbles/coronacases_002_slice_0132.npy,872,95,0.10894495412719099,True
coronacases_002,133,/kaggle/working/scribble-uncertainty-lung-segmentation/data/scribbles/coronacases_002_slice_0133.npy,815,92,0.11288343558143701,True
coronacases_002,134,/kaggle/working/scribble-uncertainty-lung-segmentation/data/scribbles/coronacases_002_slice_0134.npy,822,81,0.09854014598420267,True
coronacases_002,135,/kaggle/working/scribble-uncertainty-lung-segmentation/data/scribbles/coronacases_002_slice_0135.npy,840,93,0.11071428571296768,True
coronacases_002,136,/kaggle/working/scribble-uncertainty-lung-segmentation/data/scribbles/coronacases_002_slice_0136.npy,888,71,0.07995495495405457,True
coronacases_002,137,/kaggle/working/scribble-uncertainty-lung-segmentation/data/scribbles/coronacases_002_slice_0137.npy,978,60,0.061349693250906445,True
coronacases_002,138,/kaggle/working/scribble-uncertainty-lung-segmentation/data/scribbles/coronacases_002_slice_0138.npy,947,97,0.1024287222798054,True
coronacases_002,139,/kaggle/working/scribble-uncertainty-lung-segmentation/data/scribbles/coronacases_002_slice_0139.npy,825,82,0.09939393939273462,True
coronacases_002,140,/kaggle/working/scribble-uncertainty-lung-segmentation/data/scribbles/coronacases_002_slice_0140.npy,941,99,0.10520722635382351,True
coronacases_002,141,/kaggle/working/scribble-uncertainty-lung-segmentation/data/scribbles/coronacases_002_slice_0141.npy,882,84,0.09523809523701544,True
coronacases_002,142,/kaggle/working/scribble-uncertainty-lung-segmentation/data/scribbles/coronacases_002_slice_0142.npy,813,80,0.09840098400862975,True
coronacases_002,143,/kaggle/working/scribble-uncertainty-lung-segmentation/data/scribbles/coronacases_002_slice_0143.npy,840,48,0.05714285714217687,True
coronacases_002,144,/kaggle/working/scribble-uncertainty-lung-segmentation/data/scribbles/coronacases_002_slice_0144.npy,876,103,0.11757990867445685,True
coronacases_002,145,/kaggle/working/scribble-uncertainty-lung-segmentation/data/scribbles/coronacases_002_slice_0145.npy,890,89,0.0999999999988764,True
coronacases_002,146,/kaggle/working/scribble-uncertainty-lung-segmentation/data/scribbles/coronacases_002_slice_0146.npy,869,85,0.09781357882511146,True
coronacases_002,147,/kaggle/working/scribble-uncertainty-lung-segmentation/data/scribbles/coronacases_002_slice_0147.npy,934,94,0.10064239828586036,True
coronacases_002,148,/kaggle/working/scribble-uncertainty-lung-segmentation/data/scribbles/coronacases_002_slice_0148.npy,898,114,0.1269487750542656,True
coronacases_002,149,/kaggle/working/scribble-uncertainty-lung-segmentation/data/scribbles/coronacases_002_slice_0149.npy,914,136,0.14879649890428012,True
coronacases_002,150,/kaggle/working/scribble-uncertainty-lung-segmentation/data/scribbles/coronacases_002_slice_0150.npy,867,135,0.15570934255875768,True
coronacases_002,151,/kaggle/working/scribble-uncertainty-lung-segmentation/data/scribbles/coronacases_002_slice_0151.npy,760,96,0.12631578947202216,True
coronacases_002,152,/kaggle/working/scribble-uncertainty-lung-segmentation/data/scribbles/coronacases_002_slice_0152.npy,774,84,0.10852713178154358,True
coronacases_002,153,/kaggle/working/scribble-uncertainty-lung-segmentation/data/scribbles/coronacases_002_slice_0153.npy,632,51,0.08069620253036873,True
coronacases_002,154,/kaggle/working/scribble-uncertainty-lung-segmentation/data/scribbles/coronacases_002_slice_0154.npy,530,56,0.10566037735649697,True
coronacases_002,155,/kaggle/working/scribble-uncertainty-lung-segmentation/data/scribbles/coronacases_002_slice_0155.npy,473,50,0.10570824524089412,True
coronacases_002,156,/kaggle/working/scribble-uncertainty-lung-segmentation/data/scribbles/coronacases_002_slice_0156.npy,373,46,0.12332439677953554,True
coronacases_002,157,/kaggle/working/scribble-uncertainty-lung-segmentation/data/scribbles/coronacases_002_slice_0157.npy,293,32,0.10921501706111894,True
coronacases_002,158,/kaggle/working/scribble-uncertainty-lung-segmentation/data/scribbles/coronacases_002_slice_0158.npy,292,18,0.061643835614327264,True
coronacases_002,159,/kaggle/working/scribble-uncertainty-lung-segmentation/data/scribbles/coronacases_002_slice_0159.npy,225,29,0.1288888888831605,True
coronacases_002,160,/kaggle/working/scribble-uncertainty-lung-segmentation/data/scribbles/coronacases_002_slice_0160.npy,194,26,0.13402061854979275,True
coronacases_002,161,/kaggle/working/scribble-uncertainty-lung-segmentation/data/scribbles/coronacases_002_slice_0161.npy,77,9,0.11688311686793727,True
coronacases_002,162,/kaggle/working/scribble-uncertainty-lung-segmentation/data/scribbles/coronacases_002_slice_0162.npy,89,18,0.20224719098851157,True
coronacases_002,163,/kaggle/working/scribble-uncertainty-lung-segmentation/data/scribbles/coronacases_002_slice_0163.npy,92,18,0.19565217389177694,True
coronacases_002,164,/kaggle/working/scribble-uncertainty-lung-segmentation/data/scribbles/coronacases_002_slice_0164.npy,76,9,0.11842105261599724,True
coronacases_002,165,/kaggle/working/scribble-uncertainty-lung-segmentation/data/scribbles/coronacases_002_slice_0165.npy,75,14,0.1866666666417778,True
coronacases_002,166,/kaggle/working/scribble-uncertainty-lung-segmentation/data/scribbles/coronacases_002_slice_0166.npy,46,9,0.1956521738705104,True
coronacases_002,167,/kaggle/working/scribble-uncertainty-lung-segmentation/data/scribbles/coronacases_002_slice_0167.npy,32,9,0.28124999991210936,True
coronacases_002,168,/kaggle/working/scribble-uncertainty-lung-segmentation/data/scribbles/coronacases_002_slice_0168.npy,0,0,0.0,False
coronacases_002,169,/kaggle/working/scribble-uncertainty-lung-segmentation/data/scribbles/coronacases_002_slice_0169.npy,0,0,0.0,False
coronacases_002,170,/kaggle/working/scribble-uncertainty-lung-segmentation/data/scribbles/coronacases_002_slice_0170.npy,0,0,0.0,False
coronacases_002,171,/kaggle/working/scribble-uncertainty-lung-segmentation/data/scribbles/coronacases_002_slice_0171.npy,0,0,0.0,False
coronacases_002,172,/kaggle/working/scribble-uncertainty-lung-segmentation/data/scribbles/coronacases_002_slice_0172.npy,0,0,0.0,False
coronacases_002,173,/kaggle/working/scribble-uncertainty-lung-segmentation/data/scribbles/coronacases_002_slice_0173.npy,0,0,0.0,False
coronacases_002,174,/kaggle/working/scribble-uncertainty-lung-segmentation/data/scribbles/coronacases_002_slice_0174.npy,0,0,0.0,False
coronacases_002,175,/kaggle/working/scribble-uncertainty-lung-segmentation/data/scribbles/coronacases_002_slice_0175.npy,0,0,0.0,False
coronacases_002,176,/kaggle/working/scribble-uncertainty-lung-segmentation/data/scribbles/coronacases_002_slice_0176.npy,0,0,0.0,False
coronacases_002,177,/kaggle/working/scribble-uncertainty-lung-segmentation/data/scribbles/coronacases_002_slice_0177.npy,0,0,0.0,False
coronacases_002,178,/kaggle/working/scribble-uncertainty-lung-segmentation/data/scribbles/coronacases_002_slice_0178.npy,0,0,0.0,False
coronacases_002,179,/kaggle/working/scribble-uncertainty-lung-segmentation/data/scribbles/coronacases_002_slice_0179.npy,0,0,0.0,False
coronacases_002,180,/kaggle/working/scribble-uncertainty-lung-segmentation/data/scribbles/coronacases_002_slice_0180.npy,0,0,0.0,False
coronacases_002,181,/kaggle/working/scribble-uncertainty-lung-segmentation/data/scribbles/coronacases_002_slice_0181.npy,0,0,0.0,False
coronacases_002,182,/kaggle/working/scribble-uncertainty-lung-segmentation/data/scribbles/coronacases_002_slice_0182.npy,0,0,0.0,False
coronacases_003,42,/kaggle/working/scribble-uncertainty-lung-segmentation/data/scribbles/coronacases_003_slice_0042.npy,77,36,0.4675324674717491,True
coronacases_003,43,/kaggle/working/scribble-uncertainty-lung-segmentation/data/scribbles/coronacases_003_slice_0043.npy,75,36,0.47999999993600007,True
coronacases_003,44,/kaggle/working/scribble-uncertainty-lung-segmentation/data/scribbles/coronacases_003_slice_0044.npy,101,27,0.26732673264679935,True
coronacases_003,45,/kaggle/working/scribble-uncertainty-lung-segmentation/data/scribbles/coronacases_003_slice_0045.npy,76,43,0.5657894736097646,True
coronacases_003,46,/kaggle/working/scribble-uncertainty-lung-segmentation/data/scribbles/coronacases_003_slice_0046.npy,128,36,0.28124999997802735,True
coronacases_003,47,/kaggle/working/scribble-uncertainty-lung-segmentation/data/scribbles/coronacases_003_slice_0047.npy,143,39,0.27272727270820085,True
coronacases_003,48,/kaggle/working/scribble-uncertainty-lung-segmentation/data/scribbles/coronacases_003_slice_0048.npy,182,42,0.23076923075655112,True
coronacases_003,49,/kaggle/working/scribble-uncertainty-lung-segmentation/data/scribbles/coronacases_003_slice_0049.npy,259,63,0.2432432432338516,True
coronacases_003,50,/kaggle/working/scribble-uncertainty-lung-segmentation/data/scribbles/coronacases_003_slice_0050.npy,319,71,0.22257053290838336,True
coronacases_003,51,/kaggle/working/scribble-uncertainty-lung-segmentation/data/scribbles/coronacases_003_slice_0051.npy,401,93,0.23192019949546333,True
coronacases_003,52,/kaggle/working/scribble-uncertainty-lung-segmentation/data/scribbles/coronacases_003_slice_0052.npy,677,128,0.1890694239263062,True
coronacases_003,53,/kaggle/working/scribble-uncertainty-lung-segmentation/data/scribbles/coronacases_003_slice_0053.npy,771,131,0.1699092088175109,True
coronacases_003,54,/kaggle/working/scribble-uncertainty-lung-segmentation/data/scribbles/coronacases_003_slice_0054.npy,930,133,0.1430107526866343,True
coronacases_003,55,/kaggle/working/scribble-uncertainty-lung-segmentation/data/scribbles/coronacases_003_slice_0055.npy,957,134,0.14002089864012518,True
coronacases_003,56,/kaggle/working/scribble-uncertainty-lung-segmentation/data/scribbles/coronacases_003_slice_0056.npy,1243,162,0.13032984714295795,True
coronacases_003,57,/kaggle/working/scribble-uncertainty-lung-segmentation/data/scribbles/coronacases_003_slice_0057.npy,1417,160,0.11291460832665552,True
coronacases_003,58,/kaggle/working/scribble-uncertainty-lung-segmentation/data/scribbles/coronacases_003_slice_0058.npy,1550,155,0.09999999999935484,True
coronacases_003,59,/kaggle/working/scribble-uncertainty-lung-segmentation/data/scribbles/coronacases_003_slice_0059.npy,1609,159,0.09881914232381095,True
coronacases_003,60,/kaggle/working/scribble-uncertainty-lung-segmentation/data/scribbles/coronacases_003_slice_0060.npy,1759,165,0.09380329732749401,True
coronacases_003,61,/kaggle/working/scribble-uncertainty-lung-segmentation/data/scribbles/coronacases_003_slice_0061.npy,1995,182,0.09122807017498132,True
coronacases_003,62,/kaggle/working/scribble-uncertainty-lung-segmentation/data/scribbles/coronacases_003_slice_0062.npy,2172,215,0.09898710865516121,True
coronacases_003,63,/kaggle/working/scribble-uncertainty-lung-segmentation/data/scribbles/coronacases_003_slice_0063.npy,2420,231,0.09545454545415102,True
coronacases_003,64,/kaggle/working/scribble-uncertainty-lung-segmentation/data/scribbles/coronacases_003_slice_0064.npy,2655,277,0.104331450093769,True
coronacases_003,65,/kaggle/working/scribble-uncertainty-lung-segmentation/data/scribbles/coronacases_003_slice_0065.npy,2922,246,0.084188911704024,True
coronacases_003,66,/kaggle/working/scribble-uncertainty-lung-segmentation/data/scribbles/coronacases_003_slice_0066.npy,3082,254,0.08241401687189354,True
coronacases_003,67,/kaggle/working/scribble-uncertainty-lung-segmentation/data/scribbles/coronacases_003_slice_0067.npy,3364,245,0.07282996432796424,True
coronacases_003,68,/kaggle/working/scribble-uncertainty-lung-segmentation/data/scribbles/coronacases_003_slice_0068.npy,3387,254,0.07499261883650726,True
coronacases_003,69,/kaggle/working/scribble-uncertainty-lung-segmentation/data/scribbles/coronacases_003_slice_0069.npy,3739,269,0.07194437015225476,True
coronacases_003,70,/kaggle/working/scribble-uncertainty-lung-segmentation/data/scribbles/coronacases_003_slice_0070.npy,3885,312,0.0803088803086736,True
coronacases_003,71,/kaggle/working/scribble-uncertainty-lung-segmentation/data/scribbles/coronacases_003_slice_0071.npy,3790,286,0.075461741424603,True
coronacases_003,72,/kaggle/working/scribble-uncertainty-lung-segmentation/data/scribbles/coronacases_003_slice_0072.npy,3822,261,0.06828885400296104,True
coronacases_003,73,/kaggle/working/scribble-uncertainty-lung-segmentation/data/scribbles/coronacases_003_slice_0073.npy,3941,373,0.0946460289264282,True
coronacases_003,74,/kaggle/working/scribble-uncertainty-lung-segmentation/data/scribbles/coronacases_003_slice_0074.npy,4201,415,0.09878600333230472,True
coronacases_003,75,/kaggle/working/scribble-uncertainty-lung-segmentation/data/scribbles/coronacases_003_slice_0075.npy,4445,365,0.08211473565785801,True
coronacases_003,76,/kaggle/working/scribble-uncertainty-lung-segmentation/data/scribbles/coronacases_003_slice_0076.npy,4611,369,0.08002602472331376,True
coronacases_003,77,/kaggle/working/scribble-uncertainty-lung-segmentation/data/scribbles/coronacases_003_slice_0077.npy,4925,401,0.08142131979678899,True
coronacases_003,78,/kaggle/working/scribble-uncertainty-lung-segmentation/data/scribbles/coronacases_003_slice_0078.npy,5089,425,0.08351346040463055,True
coronacases_003,79,/kaggle/working/scribble-uncertainty-lung-segmentation/data/scribbles/coronacases_003_slice_0079.npy,5129,406,0.07915773055161014,True
coronacases_003,80,/kaggle/working/scribble-uncertainty-lung-segmentation/data/scribbles/coronacases_003_slice_0080.npy,5139,400,0.07783615489379678,True
coronacases_003,81,/kaggle/working/scribble-uncertainty-lung-segmentation/data/scribbles/coronacases_003_slice_0081.npy,5514,364,0.06601378309745011,True
coronacases_003,82,/kaggle/working/scribble-uncertainty-lung-segmentation/data/scribbles/coronacases_003_slice_0082.npy,5022,432,0.0860215053761728,True
coronacases_003,83,/kaggle/working/scribble-uncertainty-lung-segmentation/data/scribbles/coronacases_003_slice_0083.npy,4592,357,0.0777439024388551,True
coronacases_003,84,/kaggle/working/scribble-uncertainty-lung-segmentation/data/scribbles/coronacases_003_slice_0084.npy,4113,241,0.05859469973241285,True
coronacases_003,85,/kaggle/working/scribble-uncertainty-lung-segmentation/data/scribbles/coronacases_003_slice_0085.npy,4313,264,0.06121029445847158,True
coronacases_003,86,/kaggle/working/scribble-uncertainty-lung-segmentation/data/scribbles/coronacases_003_slice_0086.npy,3871,262,0.06768276931008091,True
coronacases_003,87,/kaggle/working/scribble-uncertainty-lung-segmentation/data/scribbles/coronacases_003_slice_0087.npy,3591,293,0.08159287106632807,True
coronacases_003,88,/kaggle/working/scribble-uncertainty-lung-segmentation/data/scribbles/coronacases_003_slice_0088.npy,3598,290,0.08060033351839745,True
coronacases_003,89,/kaggle/working/scribble-uncertainty-lung-segmentation/data/scribbles/coronacases_003_slice_0089.npy,3788,302,0.0797254487854284,True
coronacases_003,90,/kaggle/working/scribble-uncertainty-lung-segmentation/data/scribbles/coronacases_003_slice_0090.npy,3483,296,0.08498420901497278,True
coronacases_003,91,/kaggle/working/scribble-uncertainty-lung-segmentation/data/scribbles/coronacases_003_slice_0091.npy,3629,275,0.07577845136380332,True
coronacases_003,92,/kaggle/working/scribble-uncertainty-lung-segmentation/data/scribbles/coronacases_003_slice_0092.npy,3824,325,0.08498953974873172,True
coronacases_003,93,/kaggle/working/scribble-uncertainty-lung-segmentation/data/scribbles/coronacases_003_slice_0093.npy,3918,314,0.08014293006615585,True
coronacases_003,94,/kaggle/working/scribble-uncertainty-lung-segmentation/data/scribbles/coronacases_003_slice_0094.npy,3962,302,0.0762241292274704,True
coronacases_003,95,/kaggle/working/scribble-uncertainty-lung-segmentation/data/scribbles/coronacases_003_slice_0095.npy,4202,290,0.06901475487846498,True
coronacases_003,96,/kaggle/working/scribble-uncertainty-lung-segmentation/data/scribbles/coronacases_003_slice_0096.npy,4032,263,0.06522817460301283,True
coronacases_003,97,/kaggle/working/scribble-uncertainty-lung-segmentation/data/scribbles/coronacases_003_slice_0097.npy,4413,306,0.0693405846361447,True
coronacases_003,98,/kaggle/working/scribble-uncertainty-lung-segmentation/data/scribbles/coronacases_003_slice_0098.npy,4075,266,0.06527607361947171,True
coronacases_003,99,/kaggle/working/scribble-uncertainty-lung-segmentation/data/scribbles/coronacases_003_slice_0099.npy,4230,247,0.05839243498804163,True
coronacases_003,100,/kaggle/working/scribble-uncertainty-lung-segmentation/data/scribbles/coronacases_003_slice_0100.npy,4135,294,0.0711003627567809,True
coronacases_003,101,/kaggle/working/scribble-uncertainty-lung-segmentation/data/scribbles/coronacases_003_slice_0101.npy,3998,224,0.056028014006863365,True
coronacases_003,102,/kaggle/working/scribble-uncertainty-lung-segmentation/data/scribbles/coronacases_003_slice_0102.npy,3880,233,0.06005154639159781,True
coronacases_003,103,/kaggle/working/scribble-uncertainty-lung-segmentation/data/scribbles/coronacases_003_slice_0103.npy,3778,164,0.043409211222754346,True
coronacases_003,104,/kaggle/working/scribble-uncertainty-lung-segmentation/data/scribbles/coronacases_003_slice_0104.npy,3582,198,0.05527638190939342,True
coronacases_003,105,/kaggle/working/scribble-uncertainty-lung-segmentation/data/scribbles/coronacases_003_slice_0105.npy,3439,196,0.056993312009139305,True
coronacases_003,106,/kaggle/working/scribble-uncertainty-lung-segmentation/data/scribbles/coronacases_003_slice_0106.npy,3614,231,0.06391809629202015,True
coronacases_003,107,/kaggle/working/scribble-uncertainty-lung-segmentation/data/scribbles/coronacases_003_slice_0107.npy,3545,232,0.06544428772901144,True
coronacases_003,108,/kaggle/working/scribble-uncertainty-lung-segmentation/data/scribbles/coronacases_003_slice_0108.npy,3580,265,0.07402234636850832,True
coronacases_003,109,/kaggle/working/scribble-uncertainty-lung-segmentation/data/scribbles/coronacases_003_slice_0109.npy,3721,280,0.07524858908875236,True
coronacases_003,110,/kaggle/working/scribble-uncertainty-lung-segmentation/data/scribbles/coronacases_003_slice_0110.npy,3768,244,0.06475583864101711,True
coronacases_003,111,/kaggle/working/scribble-uncertainty-lung-segmentation/data/scribbles/coronacases_003_slice_0111.npy,3771,226,0.05993105277098931,True
coronacases_003,112,/kaggle/working/scribble-uncertainty-lung-segmentation/data/scribbles/coronacases_003_slice_0112.npy,3726,268,0.07192699946303831,True
coronacases_003,113,/kaggle/working/scribble-uncertainty-lung-segmentation/data/scribbles/coronacases_003_slice_0113.npy,3580,239,0.06675977653612637,True
coronacases_003,114,/kaggle/working/scribble-uncertainty-lung-segmentation/data/scribbles/coronacases_003_slice_0114.npy,3519,292,0.08297811878350958,True
coronacases_003,115,/kaggle/working/scribble-uncertainty-lung-segmentation/data/scribbles/coronacases_003_slice_0115.npy,3339,241,0.07217729859217677,True
coronacases_003,116,/kaggle/working/scribble-uncertainty-lung-segmentation/data/scribbles/coronacases_003_slice_0116.npy,3523,260,0.07380073800717059,True
coronacases_003,117,/kaggle/working/scribble-uncertainty-lung-segmentation/data/scribbles/coronacases_003_slice_0117.npy,3401,213,0.06262863863551124,True
coronacases_003,118,/kaggle/working/scribble-uncertainty-lung-segmentation/data/scribbles/coronacases_003_slice_0118.npy,3515,247,0.07027027027007035,True
coronacases_003,119,/kaggle/working/scribble-uncertainty-lung-segmentation/data/scribbles/coronacases_003_slice_0119.npy,3493,236,0.06756369882603046,True
coronacases_003,120,/kaggle/working/scribble-uncertainty-lung-segmentation/data/scribbles/coronacases_003_slice_0120.npy,3496,252,0.07208237986249405,True
coronacases_003,121,/kaggle/working/scribble-uncertainty-lung-segmentation/data/scribbles/coronacases_003_slice_0121.npy,3498,237,0.06775300171507218,True
coronacases_003,122,/kaggle/working/scribble-uncertainty-lung-segmentation/data/scribbles/coronacases_003_slice_0122.npy,3238,258,0.07967881408252107,True
coronacases_003,123,/kaggle/working/scribble-uncertainty-lung-segmentation/data/scribbles/coronacases_003_slice_0123.npy,3083,232,0.07525137852716429,True
coronacases_003,124,/kaggle/working/scribble-uncertainty-lung-segmentation/data/scribbles/coronacases_003_slice_0124.npy,3126,211,0.06749840051162029,True
coronacases_003,125,/kaggle/working/scribble-uncertainty-lung-segmentation/data/scribbles/coronacases_003_slice_0125.npy,2961,203,0.06855791962151787,True
coronacases_003,126,/kaggle/working/scribble-uncertainty-lung-segmentation/data/scribbles/coronacases_003_slice_0126.npy,2928,217,0.07411202185767038,True
coronacases_003,127,/kaggle/working/scribble-uncertainty-lung-segmentation/data/scribbles/coronacases_003_slice_0127.npy,2680,208,0.07761194029821787,True
coronacases_003,128,/kaggle/working/scribble-uncertainty-lung-segmentation/data/scribbles/coronacases_003_slice_0128.npy,2638,205,0.07771038665626342,True
coronacases_003,129,/kaggle/working/scribble-uncertainty-lung-segmentation/data/scribbles/coronacases_003_slice_0129.npy,2493,187,0.07501002807831926,True
coronacases_003,130,/kaggle/working/scribble-uncertainty-lung-segmentation/data/scribbles/coronacases_003_slice_0130.npy,2379,193,0.08112652374913357,True
coronacases_003,131,/kaggle/working/scribble-uncertainty-lung-segmentation/data/scribbles/coronacases_003_slice_0131.npy,2277,193,0.08476064997766904,True
coronacases_003,132,/kaggle/working/scribble-uncertainty-lung-segmentation/data/scribbles/coronacases_003_slice_0132.npy,2300,193,0.08391304347789603,True
coronacases_003,133,/kaggle/working/scribble-uncertainty-lung-segmentation/data/scribbles/coronacases_003_slice_0133.npy,2012,199,0.09890656063569132,True
coronacases_003,134,/kaggle/working/scribble-uncertainty-lung-segmentation/data/scribbles/coronacases_003_slice_0134.npy,1990,182,0.09145728643170123,True
coronacases_003,135,/kaggle/working/scribble-uncertainty-lung-segmentation/data/scribbles/coronacases_003_slice_0135.npy,1936,173,0.08935950413176984,True
coronacases_003,136,/kaggle/working/scribble-uncertainty-lung-segmentation/data/scribbles/coronacases_003_slice_0136.npy,1760,167,0.09488636363582452,True
coronacases_003,137,/kaggle/working/scribble-uncertainty-lung-segmentation/data/scribbles/coronacases_003_slice_0137.npy,1693,189,0.11163614884753907,True
coronacases_003,138,/kaggle/working/scribble-uncertainty-lung-segmentation/data/scribbles/coronacases_003_slice_0138.npy,1707,173,0.10134739308669392,True
coronacases_003,139,/kaggle/working/scribble-uncertainty-lung-segmentation/data/scribbles/coronacases_003_slice_0139.npy,1844,183,0.09924078091052473,True
coronacases_003,140,/kaggle/working/scribble-uncertainty-lung-segmentation/data/scribbles/coronacases_003_slice_0140.npy,1723,161,0.09344167150264979,True
coronacases_003,141,/kaggle/working/scribble-uncertainty-lung-segmentation/data/scribbles/coronacases_003_slice_0141.npy,1612,163,0.10111662530954643,True
coronacases_003,142,/kaggle/working/scribble-uncertainty-lung-segmentation/data/scribbles/coronacases_003_slice_0142.npy,1602,135,0.08426966292082229,True
coronacases_003,143,/kaggle/working/scribble-uncertainty-lung-segmentation/data/scribbles/coronacases_003_slice_0143.npy,1530,141,0.09215686274449571,True
coronacases_003,144,/kaggle/working/scribble-uncertainty-lung-segmentation/data/scribbles/coronacases_003_slice_0144.npy,1537,127,0.08262849707168102,True
coronacases_003,145,/kaggle/working/scribble-uncertainty-lung-segmentation/data/scribbles/coronacases_003_slice_0145.npy,1538,144,0.0936280884259192,True
coronacases_003,146,/kaggle/working/scribble-uncertainty-lung-segmentation/data/scribbles/coronacases_003_slice_0146.npy,1582,144,0.09102402022698468,True
coronacases_003,147,/kaggle/working/scribble-uncertainty-lung-segmentation/data/scribbles/coronacases_003_slice_0147.npy,1493,138,0.09243134628203328,True
coronacases_003,148,/kaggle/working/scribble-uncertainty-lung-segmentation/data/scribbles/coronacases_003_slice_0148.npy,1465,128,0.08737201365128075,True
coronacases_003,149,/kaggle/working/scribble-uncertainty-lung-segmentation/data/scribbles/coronacases_003_slice_0149.npy,1409,140,0.09936124911214081,True
coronacases_003,150,/kaggle/working/scribble-uncertainty-lung-segmentation/data/scribbles/coronacases_003_slice_0150.npy,1323,138,0.10430839002188733,True
coronacases_003,151,/kaggle/working/scribble-uncertainty-lung-segmentation/data/scribbles/coronacases_003_slice_0151.npy,1055,90,0.08530805687122932,True
coronacases_003,152,/kaggle/working/scribble-uncertainty-lung-segmentation/data/scribbles/coronacases_003_slice_0152.npy,1070,100,0.09345794392436022,True
coronacases_003,153,/kaggle/working/scribble-uncertainty-lung-segmentation/data/scribbles/coronacases_003_slice_0153.npy,1172,118,0.10068259385579623,True
coronacases_003,154,/kaggle/working/scribble-uncertainty-lung-segmentation/data/scribbles/coronacases_003_slice_0154.npy,1080,138,0.12777777777659466,True
coronacases_003,155,/kaggle/working/scribble-uncertainty-lung-segmentation/data/scribbles/coronacases_003_slice_0155.npy,1070,150,0.14018691588654034,True
coronacases_003,156,/kaggle/working/scribble-uncertainty-lung-segmentation/data/scribbles/coronacases_003_slice_0156.npy,937,173,0.18463180362663145,True
coronacases_003,157,/kaggle/working/scribble-uncertainty-lung-segmentation/data/scribbles/coronacases_003_slice_0157.npy,626,115,0.18370607028460534,True
coronacases_003,158,/kaggle/working/scribble-uncertainty-lung-segmentation/data/scribbles/coronacases_003_slice_0158.npy,629,116,0.18441971382854658,True
coronacases_003,159,/kaggle/working/scribble-uncertainty-lung-segmentation/data/scribbles/coronacases_003_slice_0159.npy,457,83,0.1816192560135313,True
coronacases_003,160,/kaggle/working/scribble-uncertainty-lung-segmentation/data/scribbles/coronacases_003_slice_0160.npy,386,63,0.1632124352289323,True
coronacases_003,161,/kaggle/working/scribble-uncertainty-lung-segmentation/data/scribbles/coronacases_003_slice_0161.npy,511,54,0.10567514676896918,True
coronacases_003,162,/kaggle/working/scribble-uncertainty-lung-segmentation/data/scribbles/coronacases_003_slice_0162.npy,486,59,0.12139917695223458,True
coronacases_003,163,/kaggle/working/scribble-uncertainty-lung-segmentation/data/scribbles/coronacases_003_slice_0163.npy,448,56,0.12499999999720982,True
coronacases_003,164,/kaggle/working/scribble-uncertainty-lung-segmentation/data/scribbles/coronacases_003_slice_0164.npy,459,75,0.16339869280689762,True
coronacases_003,165,/kaggle/working/scribble-uncertainty-lung-segmentation/data/scribbles/coronacases_003_slice_0165.npy,430,66,0.15348837208945376,True
coronacases_003,166,/kaggle/working/scribble-uncertainty-lung-segmentation/data/scribbles/coronacases_003_slice_0166.npy,389,46,0.11825192801752565,True
coronacases_003,167,/kaggle/working/scribble-uncertainty-lung-segmentation/data/scribbles/coronacases_003_slice_0167.npy,349,36,0.10315186246122773,True
coronacases_003,168,/kaggle/working/scribble-uncertainty-lung-segmentation/data/scribbles/coronacases_003_slice_0168.npy,350,34,0.09714285714008163,True
coronacases_003,169,/kaggle/working/scribble-uncertainty-lung-segmentation/data/scribbles/coronacases_003_slice_0169.npy,267,27,0.10112359550183057,True
coronacases_003,170,/kaggle/working/scribble-uncertainty-lung-segmentation/data/scribbles/coronacases_003_slice_0170.npy,307,23,0.07491856677280395,True
coronacases_003,171,/kaggle/working/scribble-uncertainty-lung-segmentation/data/scribbles/coronacases_003_slice_0171.npy,273,34,0.12454212453756255,True
coronacases_003,172,/kaggle/working/scribble-uncertainty-lung-segmentation/data/scribbles/coronacases_003_slice_0172.npy,240,18,0.074999999996875,True
coronacases_003,173,/kaggle/working/scribble-uncertainty-lung-segmentation/data/scribbles/coronacases_003_slice_0173.npy,109,12,0.1100917431091659,True
coronacases_003,174,/kaggle/working/scribble-uncertainty-lung-segmentation/data/scribbles/coronacases_003_slice_0174.npy,85,9,0.10588235292871973,True
coronacases_003,175,/kaggle/working/scribble-uncertainty-lung-segmentation/data/scribbles/coronacases_003_slice_0175.npy,79,9,0.11392405061849063,True
coronacases_003,176,/kaggle/working/scribble-uncertainty-lung-segmentation/data/scribbles/coronacases_003_slice_0176.npy,45,9,0.19999999995555556,True
coronacases_003,177,/kaggle/working/scribble-uncertainty-lung-segmentation/data/scribbles/coronacases_003_slice_0177.npy,50,9,0.17999999996399998,True
coronacases_003,178,/kaggle/working/scribble-uncertainty-lung-segmentation/data/scribbles/coronacases_003_slice_0178.npy,15,9,0.5999999996,True
coronacases_003,179,/kaggle/working/scribble-uncertainty-lung-segmentation/data/scribbles/coronacases_003_slice_0179.npy,0,0,0.0,False
coronacases_003,180,/kaggle/working/scribble-uncertainty-lung-segmentation/data/scribbles/coronacases_003_slice_0180.npy,0,0,0.0,False
coronacases_003,181,/kaggle/working/scribble-uncertainty-lung-segmentation/data/scribbles/coronacases_003_slice_0181.npy,0,0,0.0,False
coronacases_003,182,/kaggle/working/scribble-uncertainty-lung-segmentation/data/scribbles/coronacases_003_slice_0182.npy,0,0,0.0,False
coronacases_003,183,/kaggle/working/scribble-uncertainty-lung-segmentation/data/scribbles/coronacases_003_slice_0183.npy,0,0,0.0,False
coronacases_003,184,/kaggle/working/scribble-uncertainty-lung-segmentation/data/scribbles/coronacases_003_slice_0184.npy,0,0,0.0,False
coronacases_003,185,/kaggle/working/scribble-uncertainty-lung-segmentation/data/scribbles/coronacases_003_slice_0185.npy,0,0,0.0,False
coronacases_003,186,/kaggle/working/scribble-uncertainty-lung-segmentation/data/scribbles/coronacases_003_slice_0186.npy,0,0,0.0,False
coronacases_003,187,/kaggle/working/scribble-uncertainty-lung-segmentation/data/scribbles/coronacases_003_slice_0187.npy,0,0,0.0,False
coronacases_003,188,/kaggle/working/scribble-uncertainty-lung-segmentation/data/scribbles/coronacases_003_slice_0188.npy,0,0,0.0,False
coronacases_003,189,/kaggle/working/scribble-uncertainty-lung-segmentation/data/scribbles/coronacases_003_slice_0189.npy,0,0,0.0,False
coronacases_004,0,/kaggle/working/scribble-uncertainty-lung-segmentation/data/scribbles/coronacases_004_slice_0000.npy,0,0,0.0,False
coronacases_004,1,/kaggle/working/scribble-uncertainty-lung-segmentation/data/scribbles/coronacases_004_slice_0001.npy,0,0,0.0,False
coronacases_004,2,/kaggle/working/scribble-uncertainty-lung-segmentation/data/scribbles/coronacases_004_slice_0002.npy,0,0,0.0,False
coronacases_004,3,/kaggle/working/scribble-uncertainty-lung-segmentation/data/scribbles/coronacases_004_slice_0003.npy,0,0,0.0,False
coronacases_004,4,/kaggle/working/scribble-uncertainty-lung-segmentation/data/scribbles/coronacases_004_slice_0004.npy,0,0,0.0,False
coronacases_004,5,/kaggle/working/scribble-uncertainty-lung-segmentation/data/scribbles/coronacases_004_slice_0005.npy,0,0,0.0,False
coronacases_004,6,/kaggle/working/scribble-uncertainty-lung-segmentation/data/scribbles/coronacases_004_slice_0006.npy,0,0,0.0,False
coronacases_004,7,/kaggle/working/scribble-uncertainty-lung-segmentation/data/scribbles/coronacases_004_slice_0007.npy,0,0,0.0,False
coronacases_004,8,/kaggle/working/scribble-uncertainty-lung-segmentation/data/scribbles/coronacases_004_slice_0008.npy,0,0,0.0,False
coronacases_004,9,/kaggle/working/scribble-uncertainty-lung-segmentation/data/scribbles/coronacases_004_slice_0009.npy,0,0,0.0,False
coronacases_004,10,/kaggle/working/scribble-uncertainty-lung-segmentation/data/scribbles/coronacases_004_slice_0010.npy,0,0,0.0,False
coronacases_004,11,/kaggle/working/scribble-uncertainty-lung-segmentation/data/scribbles/coronacases_004_slice_0011.npy,0,0,0.0,False
coronacases_004,12,/kaggle/working/scribble-uncertainty-lung-segmentation/data/scribbles/coronacases_004_slice_0012.npy,0,0,0.0,False
coronacases_004,13,/kaggle/working/scribble-uncertainty-lung-segmentation/data/scribbles/coronacases_004_slice_0013.npy,0,0,0.0,False
coronacases_004,14,/kaggle/working/scribble-uncertainty-lung-segmentation/data/scribbles/coronacases_004_slice_0014.npy,0,0,0.0,False
coronacases_004,15,/kaggle/working/scribble-uncertainty-lung-segmentation/data/scribbles/coronacases_004_slice_0015.npy,0,0,0.0,False
coronacases_004,16,/kaggle/working/scribble-uncertainty-lung-segmentation/data/scribbles/coronacases_004_slice_0016.npy,0,0,0.0,False
coronacases_004,17,/kaggle/working/scribble-uncertainty-lung-segmentation/data/scribbles/coronacases_004_slice_0017.npy,0,0,0.0,False
coronacases_004,18,/kaggle/working/scribble-uncertainty-lung-segmentation/data/scribbles/coronacases_004_slice_0018.npy,0,0,0.0,False
coronacases_004,19,/kaggle/working/scribble-uncertainty-lung-segmentation/data/scribbles/coronacases_004_slice_0019.npy,0,0,0.0,False
coronacases_004,20,/kaggle/working/scribble-uncertainty-lung-segmentation/data/scribbles/coronacases_004_slice_0020.npy,0,0,0.0,False
coronacases_004,21,/kaggle/working/scribble-uncertainty-lung-segmentation/data/scribbles/coronacases_004_slice_0021.npy,0,0,0.0,False
coronacases_004,22,/kaggle/working/scribble-uncertainty-lung-segmentation/data/scribbles/coronacases_004_slice_0022.npy,0,0,0.0,False
coronacases_004,23,/kaggle/working/scribble-uncertainty-lung-segmentation/data/scribbles/coronacases_004_slice_0023.npy,0,0,0.0,False
coronacases_004,24,/kaggle/working/scribble-uncertainty-lung-segmentation/data/scribbles/coronacases_004_slice_0024.npy,0,0,0.0,False
coronacases_004,25,/kaggle/working/scribble-uncertainty-lung-segmentation/data/scribbles/coronacases_004_slice_0025.npy,0,0,0.0,False
coronacases_004,26,/kaggle/working/scribble-uncertainty-lung-segmentation/data/scribbles/coronacases_004_slice_0026.npy,0,0,0.0,False
coronacases_004,27,/kaggle/working/scribble-uncertainty-lung-segmentation/data/scribbles/coronacases_004_slice_0027.npy,0,0,0.0,False
coronacases_004,28,/kaggle/working/scribble-uncertainty-lung-segmentation/data/scribbles/coronacases_004_slice_0028.npy,0,0,0.0,False
coronacases_004,29,/kaggle/working/scribble-uncertainty-lung-segmentation/data/scribbles/coronacases_004_slice_0029.npy,0,0,0.0,False
coronacases_004,30,/kaggle/working/scribble-uncertainty-lung-segmentation/data/scribbles/coronacases_004_slice_0030.npy,0,0,0.0,False
coronacases_004,31,/kaggle/working/scribble-uncertainty-lung-segmentation/data/scribbles/coronacases_004_slice_0031.npy,0,0,0.0,False
coronacases_004,32,/kaggle/working/scribble-uncertainty-lung-segmentation/data/scribbles/coronacases_004_slice_0032.npy,0,0,0.0,False
coronacases_004,33,/kaggle/working/scribble-uncertainty-lung-segmentation/data/scribbles/coronacases_004_slice_0033.npy,0,0,0.0,False
coronacases_004,34,/kaggle/working/scribble-uncertainty-lung-segmentation/data/scribbles/coronacases_004_slice_0034.npy,0,0,0.0,False
coronacases_004,35,/kaggle/working/scribble-uncertainty-lung-segmentation/data/scribbles/coronacases_004_slice_0035.npy,0,0,0.0,False
coronacases_004,36,/kaggle/working/scribble-uncertainty-lung-segmentation/data/scribbles/coronacases_004_slice_0036.npy,0,0,0.0,False
coronacases_004,37,/kaggle/working/scribble-uncertainty-lung-segmentation/data/scribbles/coronacases_004_slice_0037.npy,0,0,0.0,False
coronacases_004,38,/kaggle/working/scribble-uncertainty-lung-segmentation/data/scribbles/coronacases_004_slice_0038.npy,0,0,0.0,False
coronacases_004,39,/kaggle/working/scribble-uncertainty-lung-segmentation/data/scribbles/coronacases_004_slice_0039.npy,0,0,0.0,False
coronacases_004,40,/kaggle/working/scribble-uncertainty-lung-segmentation/data/scribbles/coronacases_004_slice_0040.npy,0,0,0.0,False
coronacases_004,41,/kaggle/working/scribble-uncertainty-lung-segmentation/data/scribbles/coronacases_004_slice_0041.npy,0,0,0.0,False
coronacases_004,42,/kaggle/working/scribble-uncertainty-lung-segmentation/data/scribbles/coronacases_004_slice_0042.npy,0,0,0.0,False
coronacases_004,43,/kaggle/working/scribble-uncertainty-lung-segmentation/data/scribbles/coronacases_004_slice_0043.npy,0,0,0.0,False
coronacases_004,44,/kaggle/working/scribble-uncertainty-lung-segmentation/data/scribbles/coronacases_004_slice_0044.npy,0,0,0.0,False
coronacases_004,45,/kaggle/working/scribble-uncertainty-lung-segmentation/data/scribbles/coronacases_004_slice_0045.npy,0,0,0.0,False
coronacases_004,46,/kaggle/working/scribble-uncertainty-lung-segmentation/data/scribbles/coronacases_004_slice_0046.npy,0,0,0.0,False
coronacases_004,47,/kaggle/working/scribble-uncertainty-lung-segmentation/data/scribbles/coronacases_004_slice_0047.npy,0,0,0.0,False
coronacases_004,48,/kaggle/working/scribble-uncertainty-lung-segmentation/data/scribbles/coronacases_004_slice_0048.npy,0,0,0.0,False
coronacases_004,49,/kaggle/working/scribble-uncertainty-lung-segmentation/data/scribbles/coronacases_004_slice_0049.npy,0,0,0.0,False
coronacases_004,50,/kaggle/working/scribble-uncertainty-lung-segmentation/data/scribbles/coronacases_004_slice_0050.npy,0,0,0.0,False
coronacases_004,51,/kaggle/working/scribble-uncertainty-lung-segmentation/data/scribbles/coronacases_004_slice_0051.npy,0,0,0.0,False
coronacases_004,52,/kaggle/working/scribble-uncertainty-lung-segmentation/data/scribbles/coronacases_004_slice_0052.npy,0,0,0.0,False
coronacases_004,53,/kaggle/working/scribble-uncertainty-lung-segmentation/data/scribbles/coronacases_004_slice_0053.npy,0,0,0.0,False
coronacases_004,54,/kaggle/working/scribble-uncertainty-lung-segmentation/data/scribbles/coronacases_004_slice_0054.npy,0,0,0.0,False
coronacases_004,55,/kaggle/working/scribble-uncertainty-lung-segmentation/data/scribbles/coronacases_004_slice_0055.npy,14,9,0.6428571423979591,True
coronacases_004,56,/kaggle/working/scribble-uncertainty-lung-segmentation/data/scribbles/coronacases_004_slice_0056.npy,31,9,0.29032258055150884,True
coronacases_004,57,/kaggle/working/scribble-uncertainty-lung-segmentation/data/scribbles/coronacases_004_slice_0057.npy,42,9,0.21428571423469386,True
coronacases_004,58,/kaggle/working/scribble-uncertainty-lung-segmentation/data/scribbles/coronacases_004_slice_0058.npy,41,9,0.21951219506841166,True
coronacases_004,59,/kaggle/working/scribble-uncertainty-lung-segmentation/data/scribbles/coronacases_004_slice_0059.npy,38,9,0.23684210520083102,True
coronacases_004,60,/kaggle/working/scribble-uncertainty-lung-segmentation/data/scribbles/coronacases_004_slice_0060.npy,30,9,0.2999999999,True
coronacases_004,61,/kaggle/working/scribble-uncertainty-lung-segmentation/data/scribbles/coronacases_004_slice_0061.npy,39,9,0.23076923071005917,True
coronacases_004,62,/kaggle/working/scribble-uncertainty-lung-segmentation/data/scribbles/coronacases_004_slice_0062.npy,0,0,0.0,False
coronacases_004,63,/kaggle/working/scribble-uncertainty-lung-segmentation/data/scribbles/coronacases_004_slice_0063.npy,0,0,0.0,False
coronacases_004,64,/kaggle/working/scribble-uncertainty-lung-segmentation/data/scribbles/coronacases_004_slice_0064.npy,0,0,0.0,False
coronacases_004,65,/kaggle/working/scribble-uncertainty-lung-segmentation/data/scribbles/coronacases_004_slice_0065.npy,0,0,0.0,False
coronacases_004,66,/kaggle/working/scribble-uncertainty-lung-segmentation/data/scribbles/coronacases_004_slice_0066.npy,0,0,0.0,False
coronacases_004,67,/kaggle/working/scribble-uncertainty-lung-segmentation/data/scribbles/coronacases_004_slice_0067.npy,0,0,0.0,False
coronacases_004,68,/kaggle/working/scribble-uncertainty-lung-segmentation/data/scribbles/coronacases_004_slice_0068.npy,0,0,0.0,False
coronacases_004,69,/kaggle/working/scribble-uncertainty-lung-segmentation/data/scribbles/coronacases_004_slice_0069.npy,56,9,0.16071428568558674,True
coronacases_004,70,/kaggle/working/scribble-uncertainty-lung-segmentation/data/scribbles/coronacases_004_slice_0070.npy,73,9,0.123287671215988,True
coronacases_004,71,/kaggle/working/scribble-uncertainty-lung-segmentation/data/scribbles/coronacases_004_slice_0071.npy,153,26,0.16993464051176896,True
coronacases_004,72,/kaggle/working/scribble-uncertainty-lung-segmentation/data/scribbles/coronacases_004_slice_0072.npy,209,19,0.09090909090474118,True
coronacases_004,73,/kaggle/working/scribble-uncertainty-lung-segmentation/data/scribbles/coronacases_004_slice_0073.npy,260,34,0.1307692307642012,True
coronacases_004,74,/kaggle/working/scribble-uncertainty-lung-segmentation/data/scribbles/coronacases_004_slice_0074.npy,268,36,0.13432835820394295,True
coronacases_004,75,/kaggle/working/scribble-uncertainty-lung-segmentation/data/scribbles/coronacases_004_slice_0075.npy,291,21,0.07216494845112835,True
coronacases_004,76,/kaggle/working/scribble-uncertainty-lung-segmentation/data/scribbles/coronacases_004_slice_0076.npy,281,30,0.10676156583249959,True
coronacases_004,77,/kaggle/working/scribble-uncertainty-lung-segmentation/data/scribbles/coronacases_004_slice_0077.npy,310,36,0.11612903225431842,True
coronacases_004,78,/kaggle/working/scribble-uncertainty-lung-segmentation/data/scribbles/coronacases_004_slice_0078.npy,343,39,0.11370262390339059,True
coronacases_004,79,/kaggle/working/scribble-uncertainty-lung-segmentation/data/scribbles/coronacases_004_slice_0079.npy,527,78,0.14800759013001882,True
coronacases_004,80,/kaggle/working/scribble-uncertainty-lung-segmentation/data/scribbles/coronacases_004_slice_0080.npy,602,99,0.16445182723979315,True
coronacases_004,81,/kaggle/working/scribble-uncertainty-lung-segmentation/data/scribbles/coronacases_004_slice_0081.npy,693,96,0.13852813852613957,True
coronacases_004,82,/kaggle/working/scribble-uncertainty-lung-segmentation/data/scribbles/coronacases_004_slice_0082.npy,757,84,0.11096433289153283,True
coronacases_004,83,/kaggle/working/scribble-uncertainty-lung-segmentation/data/scribbles/coronacases_004_slice_0083.npy,767,84,0.1095176010415969,True
coronacases_004,84,/kaggle/working/scribble-uncertainty-lung-segmentation/data/scribbles/coronacases_004_slice_0084.npy,671,91,0.13561847987875383,True
coronacases_004,85,/kaggle/working/scribble-uncertainty-lung-segmentation/data/scribbles/coronacases_004_slice_0085.npy,661,83,0.1255673222371321,True
coronacases_004,86,/kaggle/working/scribble-uncertainty-lung-segmentation/data/scribbles/coronacases_004_slice_0086.npy,536,59,0.110074626863618,True
coronacases_004,87,/kaggle/working/scribble-uncertainty-lung-segmentation/data/scribbles/coronacases_004_slice_0087.npy,459,75,0.16339869280689762,True
coronacases_004,88,/kaggle/working/scribble-uncertainty-lung-segmentation/data/scribbles/coronacases_004_slice_0088.npy,532,78,0.14661654135062752,True
coronacases_004,89,/kaggle/working/scribble-uncertainty-lung-segmentation/data/scribbles/coronacases_004_slice_0089.npy,521,77,0.14779270633113642,True
coronacases_004,90,/kaggle/working/scribble-uncertainty-lung-segmentation/data/scribbles/coronacases_004_slice_0090.npy,460,66,0.14347826086644613,True
coronacases_004,91,/kaggle/working/scribble-uncertainty-lung-segmentation/data/scribbles/coronacases_004_slice_0091.npy,308,42,0.13636363635920898,True
coronacases_004,92,/kaggle/working/scribble-uncertainty-lung-segmentation/data/scribbles/coronacases_004_slice_0092.npy,257,54,0.21011673150933396,True
coronacases_004,93,/kaggle/working/scribble-uncertainty-lung-segmentation/data/scribbles/coronacases_004_slice_0093.npy,324,79,0.24382716048630163,True
coronacases_004,94,/kaggle/working/scribble-uncertainty-lung-segmentation/data/scribbles/coronacases_004_slice_0094.npy,265,46,0.17358490565382698,True
coronacases_004,95,/kaggle/working/scribble-uncertainty-lung-segmentation/data/scribbles/coronacases_004_slice_0095.npy,282,63,0.2234042553112268,True
coronacases_004,96,/kaggle/working/scribble-uncertainty-lung-segmentation/data/scribbles/coronacases_004_slice_0096.npy,266,50,0.18796992480496352,True
coronacases_004,97,/kaggle/working/scribble-uncertainty-lung-segmentation/data/scribbles/coronacases_004_slice_0097.npy,335,68,0.20298507462080642,True
coronacases_004,98,/kaggle/working/scribble-uncertainty-lung-segmentation/data/scribbles/coronacases_004_slice_0098.npy,359,68,0.1894150417774536,True
coronacases_004,99,/kaggle/working/scribble-uncertainty-lung-segmentation/data/scribbles/coronacases_004_slice_0099.npy,334,67,0.20059880238920363,True
coronacases_004,100,/kaggle/working/scribble-uncertainty-lung-segmentation/data/scribbles/coronacases_004_slice_0100.npy,212,43,0.2028301886696778,True
coronacases_004,101,/kaggle/working/scribble-uncertainty-lung-segmentation/data/scribbles/coronacases_004_slice_0101.npy,198,45,0.22727272726124884,True
coronacases_004,102,/kaggle/working/scribble-uncertainty-lung-segmentation/data/scribbles/coronacases_004_slice_0102.npy,196,35,0.17857142856231778,True
coronacases_004,103,/kaggle/working/scribble-uncertainty-lung-segmentation/data/scribbles/coronacases_004_slice_0103.npy,197,39,0.1979695431371589,True
coronacases_004,104,/kaggle/working/scribble-uncertainty-lung-segmentation/data/scribbles/coronacases_004_slice_0104.npy,193,28,0.1450777201997369,True
coronacases_004,105,/kaggle/working/scribble-uncertainty-lung-segmentation/data/scribbles/coronacases_004_slice_0105.npy,202,36,0.17821782177335554,True
coronacases_004,106,/kaggle/working/scribble-uncertainty-lung-segmentation/data/scribbles/coronacases_004_slice_0106.npy,188,34,0.1808510638201675,True
coronacases_004,107,/kaggle/working/scribble-uncertainty-lung-segmentation/data/scribbles/coronacases_004_slice_0107.npy,160,30,0.18749999998828124,True
coronacases_004,108,/kaggle/working/scribble-uncertainty-lung-segmentation/data/scribbles/coronacases_004_slice_0108.npy,262,50,0.19083969464920458,True
coronacases_004,109,/kaggle/working/scribble-uncertainty-lung-segmentation/data/scribbles/coronacases_004_slice_0109.npy,322,62,0.19254658384495196,True
coronacases_004,110,/kaggle/working/scribble-uncertainty-lung-segmentation/data/scribbles/coronacases_004_slice_0110.npy,256,50,0.1953124999923706,True
coronacases_004,111,/kaggle/working/scribble-uncertainty-lung-segmentation/data/scribbles/coronacases_004_slice_0111.npy,256,34,0.132812499994812,True
coronacases_004,112,/kaggle/working/scribble-uncertainty-lung-segmentation/data/scribbles/coronacases_004_slice_0112.npy,229,27,0.11790393012585572,True
coronacases_004,113,/kaggle/working/scribble-uncertainty-lung-segmentation/data/scribbles/coronacases_004_slice_0113.npy,267,27,0.10112359550183057,True
coronacases_004,114,/kaggle/working/scribble-uncertainty-lung-segmentation/data/scribbles/coronacases_004_slice_0114.npy,258,24,0.09302325581034793,True
coronacases_004,115,/kaggle/working/scribble-uncertainty-lung-segmentation/data/scribbles/coronacases_004_slice_0115.npy,282,45,0.15957446807944772,True
coronacases_004,116,/kaggle/working/scribble-uncertainty-lung-segmentation/data/scribbles/coronacases_004_slice_0116.npy,305,51,0.16721311474861597,True
coronacases_004,117,/kaggle/working/scribble-uncertainty-lung-segmentation/data/scribbles/coronacases_004_slice_0117.npy,250,39,0.15599999999376,True
coronacases_004,118,/kaggle/working/scribble-uncertainty-lung-segmentation/data/scribbles/coronacases_004_slice_0118.npy,252,42,0.1666666666600529,True
coronacases_004,119,/kaggle/working/scribble-uncertainty-lung-segmentation/data/scribbles/coronacases_004_slice_0119.npy,270,30,0.11111111110699588,True
coronacases_004,120,/kaggle/working/scribble-uncertainty-lung-segmentation/data/scribbles/coronacases_004_slice_0120.npy,313,49,0.1565495207617716,True
coronacases_004,121,/kaggle/working/scribble-uncertainty-lung-segmentation/data/scribbles/coronacases_004_slice_0121.npy,408,50,0.12254901960483948,True
coronacases_004,122,/kaggle/working/scribble-uncertainty-lung-segmentation/data/scribbles/coronacases_004_slice_0122.npy,400,45,0.1124999999971875,True
coronacases_004,123,/kaggle/working/scribble-uncertainty-lung-segmentation/data/scribbles/coronacases_004_slice_0123.npy,472,41,0.08686440677782067,True
coronacases_004,124,/kaggle/working/scribble-uncertainty-lung-segmentation/data/scribbles/coronacases_004_slice_0124.npy,448,50,0.11160714285465162,True
coronacases_004,125,/kaggle/working/scribble-uncertainty-lung-segmentation/data/scribbles/coronacases_004_slice_0125.npy,500,44,0.08799999999824,True
coronacases_004,126,/kaggle/working/scribble-uncertainty-lung-segmentation/data/scribbles/coronacases_004_slice_0126.npy,457,38,0.08315098468089385,True
coronacases_004,127,/kaggle/working/scribble-uncertainty-lung-segmentation/data/scribbles/coronacases_004_slice_0127.npy,401,48,0.11970074812669075,True
coronacases_004,128,/kaggle/working/scribble-uncertainty-lung-segmentation/data/scribbles/coronacases_004_slice_0128.npy,459,60,0.1307189542455181,True
coronacases_004,129,/kaggle/working/scribble-uncertainty-lung-segmentation/data/scribbles/coronacases_004_slice_0129.npy,441,21,0.04761904761796782,True
coronacases_004,130,/kaggle/working/scribble-uncertainty-lung-segmentation/data/scribbles/coronacases_004_slice_0130.npy,417,32,0.07673860911086958,True
coronacases_004,131,/kaggle/working/scribble-uncertainty-lung-segmentation/data/scribbles/coronacases_004_slice_0131.npy,414,45,0.10869565217128754,True
coronacases_004,132,/kaggle/working/scribble-uncertainty-lung-segmentation/data/scribbles/coronacases_004_slice_0132.npy,398,44,0.11055276381631776,True
coronacases_004,133,/kaggle/working/scribble-uncertainty-lung-segmentation/data/scribbles/coronacases_004_slice_0133.npy,397,45,0.11335012594172922,True
coronacases_004,134,/kaggle/working/scribble-uncertainty-lung-segmentation/data/scribbles/coronacases_004_slice_0134.npy,358,36,0.1005586592150682,True
coronacases_004,135,/kaggle/working/scribble-uncertainty-lung-segmentation/data/scribbles/coronacases_004_slice_0135.npy,334,32,0.09580838323066442,True
coronacases_004,136,/kaggle/working/scribble-uncertainty-lung-segmentation/data/scribbles/coronacases_004_slice_0136.npy,370,45,0.12162162161833455,True
coronacases_004,137,/kaggle/working/scribble-uncertainty-lung-segmentation/data/scribbles/coronacases_004_slice_0137.npy,441,41,0.09297052153984194,True
coronacases_004,138,/kaggle/working/scribble-uncertainty-lung-segmentation/data/scribbles/coronacases_004_slice_0138.npy,423,54,0.12765957446506715,True
coronacases_004,139,/kaggle/working/scribble-uncertainty-lung-segmentation/data/scribbles/coronacases_004_slice_0139.npy,412,45,0.10922330096822273,True
coronacases_004,140,/kaggle/working/scribble-uncertainty-lung-segmentation/data/scribbles/coronacases_004_slice_0140.npy,414,32,0.07729468598847114,True
coronacases_004,141,/kaggle/working/scribble-uncertainty-lung-segmentation/data/scribbles/coronacases_004_slice_0141.npy,339,45,0.13274336282794266,True
coronacases_004,142,/kaggle/working/scribble-uncertainty-lung-segmentation/data/scribbles/coronacases_004_slice_0142.npy,362,41,0.11325966850515858,True
coronacases_004,143,/kaggle/working/scribble-uncertainty-lung-segmentation/data/scribbles/coronacases_004_slice_0143.npy,338,32,0.09467455621021673,True
coronacases_004,144,/kaggle/working/scribble-uncertainty-lung-segmentation/data/scribbles/coronacases_004_slice_0144.npy,361,36,0.09972299168698828,True
coronacases_004,145,/kaggle/working/scribble-uncertainty-lung-segmentation/data/scribbles/coronacases_004_slice_0145.npy,361,27,0.07479224376524121,True
coronacases_004,146,/kaggle/working/scribble-uncertainty-lung-segmentation/data/scribbles/coronacases_004_slice_0146.npy,359,43,0.11977715877103684,True
coronacases_004,147,/kaggle/working/scribble-uncertainty-lung-segmentation/data/scribbles/coronacases_004_slice_0147.npy,375,30,0.07999999999786667,True
coronacases_004,148,/kaggle/working/scribble-uncertainty-lung-segmentation/data/scribbles/coronacases_004_slice_0148.npy,322,45,0.13975155279069093,True
coronacases_004,149,/kaggle/working/scribble-uncertainty-lung-segmentation/data/scribbles/coronacases_004_slice_0149.npy,338,36,0.10650887573649381,True
coronacases_004,150,/kaggle/working/scribble-uncertainty-lung-segmentation/data/scribbles/coronacases_004_slice_0150.npy,317,39,0.1230283911633114,True
coronacases_004,151,/kaggle/working/scribble-uncertainty-lung-segmentation/data/scribbles/coronacases_004_slice_0151.npy,358,34,0.09497206703645329,True
coronacases_004,152,/kaggle/working/scribble-uncertainty-lung-segmentation/data/scribbles/coronacases_004_slice_0152.npy,324,27,0.08333333333076132,True
coronacases_004,153,/kaggle/working/scribble-uncertainty-lung-segmentation/data/scribbles/coronacases_004_slice_0153.npy,303,32,0.10561056105262011,True
coronacases_004,154,/kaggle/working/scribble-uncertainty-lung-segmentation/data/scribbles/coronacases_004_slice_0154.npy,274,36,0.13138686130907345,True
coronacases_004,155,/kaggle/working/scribble-uncertainty-lung-segmentation/data/scribbles/coronacases_004_slice_0155.npy,273,26,0.09523809523460666,True
coronacases_004,156,/kaggle/working/scribble-uncertainty-lung-segmentation/data/scribbles/coronacases_004_slice_0156.npy,247,27,0.10931174088626268,True
coronacases_004,157,/kaggle/working/scribble-uncertainty-lung-segmentation/data/scribbles/coronacases_004_slice_0157.npy,234,16,0.06837606837314632,True
coronacases_004,158,/kaggle/working/scribble-uncertainty-lung-segmentation/data/scribbles/coronacases_004_slice_0158.npy,236,26,0.11016949152075553,True
coronacases_004,159,/kaggle/working/scribble-uncertainty-lung-segmentation/data/scribbles/coronacases_004_slice_0159.npy,250,27,0.10799999999568,True
coronacases_004,160,/kaggle/working/scribble-uncertainty-lung-segmentation/data/scribbles/coronacases_004_slice_0160.npy,232,27,0.11637931033981123,True
coronacases_004,161,/kaggle/working/scribble-uncertainty-lung-segmentation/data/scribbles/coronacases_004_slice_0161.npy,211,25,0.11848341231665956,True
coronacases_004,162,/kaggle/working/scribble-uncertainty-lung-segmentation/data/scribbles/coronacases_004_slice_0162.npy,222,27,0.12162162161614316,True
coronacases_004,163,/kaggle/working/scribble-uncertainty-lung-segmentation/data/scribbles/coronacases_004_slice_0163.npy,235,27,0.1148936170163875,True
coronacases_004,164,/kaggle/working/scribble-uncertainty-lung-segmentation/data/scribbles/coronacases_004_slice_0164.npy,241,21,0.08713692945696527,True
coronacases_004,165,/kaggle/working/scribble-uncertainty-lung-segmentation/data/scribbles/coronacases_004_slice_0165.npy,264,36,0.13636363635847107,True
coronacases_004,166,/kaggle/working/scribble-uncertainty-lung-segmentation/data/scribbles/coronacases_004_slice_0166.npy,219,26,0.11872146118179354,True
coronacases_004,167,/kaggle/working/scribble-uncertainty-lung-segmentation/data/scribbles/coronacases_004_slice_0167.npy,169,16,0.0946745562074157,True
coronacases_004,168,/kaggle/working/scribble-uncertainty-lung-segmentation/data/scribbles/coronacases_004_slice_0168.npy,183,18,0.09836065573233002,True
coronacases_004,169,/kaggle/working/scribble-uncertainty-lung-segmentation/data/scribbles/coronacases_004_slice_0169.npy,83,9,0.10843373492669474,True
coronacases_004,170,/kaggle/working/scribble-uncertainty-lung-segmentation/data/scribbles/coronacases_004_slice_0170.npy,81,9,0.1111111110973937,True
coronacases_004,171,/kaggle/working/scribble-uncertainty-lung-segmentation/data/scribbles/coronacases_004_slice_0171.npy,61,9,0.14754098358237033,True
coronacases_004,172,/kaggle/working/scribble-uncertainty-lung-segmentation/data/scribbles/coronacases_004_slice_0172.npy,41,9,0.21951219506841166,True
coronacases_004,173,/kaggle/working/scribble-uncertainty-lung-segmentation/data/scribbles/coronacases_004_slice_0173.npy,36,9,0.24999999993055555,True
coronacases_004,174,/kaggle/working/scribble-uncertainty-lung-segmentation/data/scribbles/coronacases_004_slice_0174.npy,31,9,0.29032258055150884,True
coronacases_004,175,/kaggle/working/scribble-uncertainty-lung-segmentation/data/scribbles/coronacases_004_slice_0175.npy,0,0,0.0,False
coronacases_004,176,/kaggle/working/scribble-uncertainty-lung-segmentation/data/scribbles/coronacases_004_slice_0176.npy,0,0,0.0,False
coronacases_004,177,/kaggle/working/scribble-uncertainty-lung-segmentation/data/scribbles/coronacases_004_slice_0177.npy,0,0,0.0,False
coronacases_004,178,/kaggle/working/scribble-uncertainty-lung-segmentation/data/scribbles/coronacases_004_slice_0178.npy,0,0,0.0,False
coronacases_004,179,/kaggle/working/scribble-uncertainty-lung-segmentation/data/scribbles/coronacases_004_slice_0179.npy,0,0,0.0,False
coronacases_004,180,/kaggle/working/scribble-uncertainty-lung-segmentation/data/scribbles/coronacases_004_slice_0180.npy,0,0,0.0,False
coronacases_004,181,/kaggle/working/scribble-uncertainty-lung-segmentation/data/scribbles/coronacases_004_slice_0181.npy,0,0,0.0,False
coronacases_004,182,/kaggle/working/scribble-uncertainty-lung-segmentation/data/scribbles/coronacases_004_slice_0182.npy,0,0,0.0,False
coronacases_004,183,/kaggle/working/scribble-uncertainty-lung-segmentation/data/scribbles/coronacases_004_slice_0183.npy,0,0,0.0,False
coronacases_004,184,/kaggle/working/scribble-uncertainty-lung-segmentation/data/scribbles/coronacases_004_slice_0184.npy,0,0,0.0,False
coronacases_004,185,/kaggle/working/scribble-uncertainty-lung-segmentation/data/scribbles/coronacases_004_slice_0185.npy,0,0,0.0,False
coronacases_004,186,/kaggle/working/scribble-uncertainty-lung-segmentation/data/scribbles/coronacases_004_slice_0186.npy,0,0,0.0,False
coronacases_004,187,/kaggle/working/scribble-uncertainty-lung-segmentation/data/scribbles/coronacases_004_slice_0187.npy,0,0,0.0,False
coronacases_004,188,/kaggle/working/scribble-uncertainty-lung-segmentation/data/scribbles/coronacases_004_slice_0188.npy,0,0,0.0,False
coronacases_004,189,/kaggle/working/scribble-uncertainty-lung-segmentation/data/scribbles/coronacases_004_slice_0189.npy,0,0,0.0,False
coronacases_004,190,/kaggle/working/scribble-uncertainty-lung-segmentation/data/scribbles/coronacases_004_slice_0190.npy,0,0,0.0,False
coronacases_004,191,/kaggle/working/scribble-uncertainty-lung-segmentation/data/scribbles/coronacases_004_slice_0191.npy,0,0,0.0,False
coronacases_004,192,/kaggle/working/scribble-uncertainty-lung-segmentation/data/scribbles/coronacases_004_slice_0192.npy,0,0,0.0,False
coronacases_004,193,/kaggle/working/scribble-uncertainty-lung-segmentation/data/scribbles/coronacases_004_slice_0193.npy,0,0,0.0,False
coronacases_004,194,/kaggle/working/scribble-uncertainty-lung-segmentation/data/scribbles/coronacases_004_slice_0194.npy,0,0,0.0,False
coronacases_004,195,/kaggle/working/scribble-uncertainty-lung-segmentation/data/scribbles/coronacases_004_slice_0195.npy,0,0,0.0,False
coronacases_004,196,/kaggle/working/scribble-uncertainty-lung-segmentation/data/scribbles/coronacases_004_slice_0196.npy,0,0,0.0,False
coronacases_004,197,/kaggle/working/scribble-uncertainty-lung-segmentation/data/scribbles/coronacases_004_slice_0197.npy,0,0,0.0,False
coronacases_004,198,/kaggle/working/scribble-uncertainty-lung-segmentation/data/scribbles/coronacases_004_slice_0198.npy,0,0,0.0,False
coronacases_004,199,/kaggle/working/scribble-uncertainty-lung-segmentation/data/scribbles/coronacases_004_slice_0199.npy,0,0,0.0,False
coronacases_004,200,/kaggle/working/scribble-uncertainty-lung-segmentation/data/scribbles/coronacases_004_slice_0200.npy,0,0,0.0,False
coronacases_004,201,/kaggle/working/scribble-uncertainty-lung-segmentation/data/scribbles/coronacases_004_slice_0201.npy,0,0,0.0,False
coronacases_004,202,/kaggle/working/scribble-uncertainty-lung-segmentation/data/scribbles/coronacases_004_slice_0202.npy,0,0,0.0,False
coronacases_004,203,/kaggle/working/scribble-uncertainty-lung-segmentation/data/scribbles/coronacases_004_slice_0203.npy,0,0,0.0,False
coronacases_004,204,/kaggle/working/scribble-uncertainty-lung-segmentation/data/scribbles/coronacases_004_slice_0204.npy,0,0,0.0,False
coronacases_004,205,/kaggle/working/scribble-uncertainty-lung-segmentation/data/scribbles/coronacases_004_slice_0205.npy,0,0,0.0,False
coronacases_004,206,/kaggle/working/scribble-uncertainty-lung-segmentation/data/scribbles/coronacases_004_slice_0206.npy,0,0,0.0,False
coronacases_004,207,/kaggle/working/scribble-uncertainty-lung-segmentation/data/scribbles/coronacases_004_slice_0207.npy,0,0,0.0,False
coronacases_004,208,/kaggle/working/scribble-uncertainty-lung-segmentation/data/scribbles/coronacases_004_slice_0208.npy,0,0,0.0,False
coronacases_004,209,/kaggle/working/scribble-uncertainty-lung-segmentation/data/scribbles/coronacases_004_slice_0209.npy,0,0,0.0,False
coronacases_004,210,/kaggle/working/scribble-uncertainty-lung-segmentation/data/scribbles/coronacases_004_slice_0210.npy,0,0,0.0,False
coronacases_004,211,/kaggle/working/scribble-uncertainty-lung-segmentation/data/scribbles/coronacases_004_slice_0211.npy,0,0,0.0,False
coronacases_004,212,/kaggle/working/scribble-uncertainty-lung-segmentation/data/scribbles/coronacases_004_slice_0212.npy,0,0,0.0,False
coronacases_004,213,/kaggle/working/scribble-uncertainty-lung-segmentation/data/scribbles/coronacases_004_slice_0213.npy,0,0,0.0,False
coronacases_004,214,/kaggle/working/scribble-uncertainty-lung-segmentation/data/scribbles/coronacases_004_slice_0214.npy,0,0,0.0,False
coronacases_004,215,/kaggle/working/scribble-uncertainty-lung-segmentation/data/scribbles/coronacases_004_slice_0215.npy,0,0,0.0,False
coronacases_004,216,/kaggle/working/scribble-uncertainty-lung-segmentation/data/scribbles/coronacases_004_slice_0216.npy,0,0,0.0,False
coronacases_004,217,/kaggle/working/scribble-uncertainty-lung-segmentation/data/scribbles/coronacases_004_slice_0217.npy,0,0,0.0,False
coronacases_004,218,/kaggle/working/scribble-uncertainty-lung-segmentation/data/scribbles/coronacases_004_slice_0218.npy,0,0,0.0,False
coronacases_004,219,/kaggle/working/scribble-uncertainty-lung-segmentation/data/scribbles/coronacases_004_slice_0219.npy,0,0,0.0,False
coronacases_004,220,/kaggle/working/scribble-uncertainty-lung-segmentation/data/scribbles/coronacases_004_slice_0220.npy,0,0,0.0,False
coronacases_004,221,/kaggle/working/scribble-uncertainty-lung-segmentation/data/scribbles/coronacases_004_slice_0221.npy,0,0,0.0,False
coronacases_004,222,/kaggle/working/scribble-uncertainty-lung-segmentation/data/scribbles/coronacases_004_slice_0222.npy,0,0,0.0,False
coronacases_004,223,/kaggle/working/scribble-uncertainty-lung-segmentation/data/scribbles/coronacases_004_slice_0223.npy,0,0,0.0,False
coronacases_004,224,/kaggle/working/scribble-uncertainty-lung-segmentation/data/scribbles/coronacases_004_slice_0224.npy,0,0,0.0,False
coronacases_004,225,/kaggle/working/scribble-uncertainty-lung-segmentation/data/scribbles/coronacases_004_slice_0225.npy,0,0,0.0,False
coronacases_004,226,/kaggle/working/scribble-uncertainty-lung-segmentation/data/scribbles/coronacases_004_slice_0226.npy,0,0,0.0,False
coronacases_004,227,/kaggle/working/scribble-uncertainty-lung-segmentation/data/scribbles/coronacases_004_slice_0227.npy,0,0,0.0,False
coronacases_004,228,/kaggle/working/scribble-uncertainty-lung-segmentation/data/scribbles/coronacases_004_slice_0228.npy,0,0,0.0,False
coronacases_004,229,/kaggle/working/scribble-uncertainty-lung-segmentation/data/scribbles/coronacases_004_slice_0229.npy,0,0,0.0,False
coronacases_004,230,/kaggle/working/scribble-uncertainty-lung-segmentation/data/scribbles/coronacases_004_slice_0230.npy,0,0,0.0,False
coronacases_004,231,/kaggle/working/scribble-uncertainty-lung-segmentation/data/scribbles/coronacases_004_slice_0231.npy,0,0,0.0,False
coronacases_004,232,/kaggle/working/scribble-uncertainty-lung-segmentation/data/scribbles/coronacases_004_slice_0232.npy,0,0,0.0,False
coronacases_004,233,/kaggle/working/scribble-uncertainty-lung-segmentation/data/scribbles/coronacases_004_slice_0233.npy,0,0,0.0,False
coronacases_004,234,/kaggle/working/scribble-uncertainty-lung-segmentation/data/scribbles/coronacases_004_slice_0234.npy,0,0,0.0,False
coronacases_004,235,/kaggle/working/scribble-uncertainty-lung-segmentation/data/scribbles/coronacases_004_slice_0235.npy,0,0,0.0,False
coronacases_004,236,/kaggle/working/scribble-uncertainty-lung-segmentation/data/scribbles/coronacases_004_slice_0236.npy,0,0,0.0,False
coronacases_004,237,/kaggle/working/scribble-uncertainty-lung-segmentation/data/scribbles/coronacases_004_slice_0237.npy,0,0,0.0,False
coronacases_004,238,/kaggle/working/scribble-uncertainty-lung-segmentation/data/scribbles/coronacases_004_slice_0238.npy,0,0,0.0,False
coronacases_004,239,/kaggle/working/scribble-uncertainty-lung-segmentation/data/scribbles/coronacases_004_slice_0239.npy,0,0,0.0,False
coronacases_004,240,/kaggle/working/scribble-uncertainty-lung-segmentation/data/scribbles/coronacases_004_slice_0240.npy,0,0,0.0,False
coronacases_004,241,/kaggle/working/scribble-uncertainty-lung-segmentation/data/scribbles/coronacases_004_slice_0241.npy,0,0,0.0,False
coronacases_004,242,/kaggle/working/scribble-uncertainty-lung-segmentation/data/scribbles/coronacases_004_slice_0242.npy,0,0,0.0,False
coronacases_004,243,/kaggle/working/scribble-uncertainty-lung-segmentation/data/scribbles/coronacases_004_slice_0243.npy,0,0,0.0,False
coronacases_004,244,/kaggle/working/scribble-uncertainty-lung-segmentation/data/scribbles/coronacases_004_slice_0244.npy,0,0,0.0,False
coronacases_004,245,/kaggle/working/scribble-uncertainty-lung-segmentation/data/scribbles/coronacases_004_slice_0245.npy,0,0,0.0,False
coronacases_004,246,/kaggle/working/scribble-uncertainty-lung-segmentation/data/scribbles/coronacases_004_slice_0246.npy,0,0,0.0,False
coronacases_004,247,/kaggle/working/scribble-uncertainty-lung-segmentation/data/scribbles/coronacases_004_slice_0247.npy,0,0,0.0,False
coronacases_004,248,/kaggle/working/scribble-uncertainty-lung-segmentation/data/scribbles/coronacases_004_slice_0248.npy,0,0,0.0,False
coronacases_004,249,/kaggle/working/scribble-uncertainty-lung-segmentation/data/scribbles/coronacases_004_slice_0249.npy,0,0,0.0,False
coronacases_005,15,/kaggle/working/scribble-uncertainty-lung-segmentation/data/scribbles/coronacases_005_slice_0015.npy,0,0,0.0,False
coronacases_005,16,/kaggle/working/scribble-uncertainty-lung-segmentation/data/scribbles/coronacases_005_slice_0016.npy,0,0,0.0,False
coronacases_005,17,/kaggle/working/scribble-uncertainty-lung-segmentation/data/scribbles/coronacases_005_slice_0017.npy,0,0,0.0,False
coronacases_005,18,/kaggle/working/scribble-uncertainty-lung-segmentation/data/scribbles/coronacases_005_slice_0018.npy,0,0,0.0,False
coronacases_005,19,/kaggle/working/scribble-uncertainty-lung-segmentation/data/scribbles/coronacases_005_slice_0019.npy,0,0,0.0,False
coronacases_005,20,/kaggle/working/scribble-uncertainty-lung-segmentation/data/scribbles/coronacases_005_slice_0020.npy,0,0,0.0,False
coronacases_005,21,/kaggle/working/scribble-uncertainty-lung-segmentation/data/scribbles/coronacases_005_slice_0021.npy,0,0,0.0,False
coronacases_005,22,/kaggle/working/scribble-uncertainty-lung-segmentation/data/scribbles/coronacases_005_slice_0022.npy,0,0,0.0,False
coronacases_005,23,/kaggle/working/scribble-uncertainty-lung-segmentation/data/scribbles/coronacases_005_slice_0023.npy,0,0,0.0,False
coronacases_005,24,/kaggle/working/scribble-uncertainty-lung-segmentation/data/scribbles/coronacases_005_slice_0024.npy,0,0,0.0,False
coronacases_005,25,/kaggle/working/scribble-uncertainty-lung-segmentation/data/scribbles/coronacases_005_slice_0025.npy,0,0,0.0,False
coronacases_005,26,/kaggle/working/scribble-uncertainty-lung-segmentation/data/scribbles/coronacases_005_slice_0026.npy,0,0,0.0,False
coronacases_005,27,/kaggle/working/scribble-uncertainty-lung-segmentation/data/scribbles/coronacases_005_slice_0027.npy,0,0,0.0,False
coronacases_005,28,/kaggle/working/scribble-uncertainty-lung-segmentation/data/scribbles/coronacases_005_slice_0028.npy,0,0,0.0,False
coronacases_005,29,/kaggle/working/scribble-uncertainty-lung-segmentation/data/scribbles/coronacases_005_slice_0029.npy,0,0,0.0,False
coronacases_005,30,/kaggle/working/scribble-uncertainty-lung-segmentation/data/scribbles/coronacases_005_slice_0030.npy,0,0,0.0,False
coronacases_005,31,/kaggle/working/scribble-uncertainty-lung-segmentation/data/scribbles/coronacases_005_slice_0031.npy,0,0,0.0,False
coronacases_005,32,/kaggle/working/scribble-uncertainty-lung-segmentation/data/scribbles/coronacases_005_slice_0032.npy,0,0,0.0,False
coronacases_005,33,/kaggle/working/scribble-uncertainty-lung-segmentation/data/scribbles/coronacases_005_slice_0033.npy,0,0,0.0,False
coronacases_005,34,/kaggle/working/scribble-uncertainty-lung-segmentation/data/scribbles/coronacases_005_slice_0034.npy,0,0,0.0,False
coronacases_005,35,/kaggle/working/scribble-uncertainty-lung-segmentation/data/scribbles/coronacases_005_slice_0035.npy,0,0,0.0,False
coronacases_005,36,/kaggle/working/scribble-uncertainty-lung-segmentation/data/scribbles/coronacases_005_slice_0036.npy,0,0,0.0,False
coronacases_005,37,/kaggle/working/scribble-uncertainty-lung-segmentation/data/scribbles/coronacases_005_slice_0037.npy,0,0,0.0,False
coronacases_005,38,/kaggle/working/scribble-uncertainty-lung-segmentation/data/scribbles/coronacases_005_slice_0038.npy,0,0,0.0,False
coronacases_005,39,/kaggle/working/scribble-uncertainty-lung-segmentation/data/scribbles/coronacases_005_slice_0039.npy,0,0,0.0,False
coronacases_005,40,/kaggle/working/scribble-uncertainty-lung-segmentation/data/scribbles/coronacases_005_slice_0040.npy,0,0,0.0,False
coronacases_005,41,/kaggle/working/scribble-uncertainty-lung-segmentation/data/scribbles/coronacases_005_slice_0041.npy,0,0,0.0,False
coronacases_005,42,/kaggle/working/scribble-uncertainty-lung-segmentation/data/scribbles/coronacases_005_slice_0042.npy,0,0,0.0,False
coronacases_005,43,/kaggle/working/scribble-uncertainty-lung-segmentation/data/scribbles/coronacases_005_slice_0043.npy,0,0,0.0,False
coronacases_005,44,/kaggle/working/scribble-uncertainty-lung-segmentation/data/scribbles/coronacases_005_slice_0044.npy,0,0,0.0,False
coronacases_005,45,/kaggle/working/scribble-uncertainty-lung-segmentation/data/scribbles/coronacases_005_slice_0045.npy,0,0,0.0,False
coronacases_005,46,/kaggle/working/scribble-uncertainty-lung-segmentation/data/scribbles/coronacases_005_slice_0046.npy,0,0,0.0,False
coronacases_005,47,/kaggle/working/scribble-uncertainty-lung-segmentation/data/scribbles/coronacases_005_slice_0047.npy,0,0,0.0,False
coronacases_005,48,/kaggle/working/scribble-uncertainty-lung-segmentation/data/scribbles/coronacases_005_slice_0048.npy,0,0,0.0,False
coronacases_005,49,/kaggle/working/scribble-uncertainty-lung-segmentation/data/scribbles/coronacases_005_slice_0049.npy,0,0,0.0,False
coronacases_005,50,/kaggle/working/scribble-uncertainty-lung-segmentation/data/scribbles/coronacases_005_slice_0050.npy,0,0,0.0,False
coronacases_005,51,/kaggle/working/scribble-uncertainty-lung-segmentation/data/scribbles/coronacases_005_slice_0051.npy,0,0,0.0,False
coronacases_005,52,/kaggle/working/scribble-uncertainty-lung-segmentation/data/scribbles/coronacases_005_slice_0052.npy,0,0,0.0,False
coronacases_005,53,/kaggle/working/scribble-uncertainty-lung-segmentation/data/scribbles/coronacases_005_slice_0053.npy,0,0,0.0,False
coronacases_005,54,/kaggle/working/scribble-uncertainty-lung-segmentation/data/scribbles/coronacases_005_slice_0054.npy,0,0,0.0,False
coronacases_005,55,/kaggle/working/scribble-uncertainty-lung-segmentation/data/scribbles/coronacases_005_slice_0055.npy,0,0,0.0,False
coronacases_005,56,/kaggle/working/scribble-uncertainty-lung-segmentation/data/scribbles/coronacases_005_slice_0056.npy,0,0,0.0,False
coronacases_005,57,/kaggle/working/scribble-uncertainty-lung-segmentation/data/scribbles/coronacases_005_slice_0057.npy,0,0,0.0,False
coronacases_005,58,/kaggle/working/scribble-uncertainty-lung-segmentation/data/scribbles/coronacases_005_slice_0058.npy,0,0,0.0,False
coronacases_005,59,/kaggle/working/scribble-uncertainty-lung-segmentation/data/scribbles/coronacases_005_slice_0059.npy,41,9,0.21951219506841166,True
coronacases_005,60,/kaggle/working/scribble-uncertainty-lung-segmentation/data/scribbles/coronacases_005_slice_0060.npy,99,9,0.09090909089990817,True
coronacases_005,61,/kaggle/working/scribble-uncertainty-lung-segmentation/data/scribbles/coronacases_005_slice_0061.npy,134,9,0.06716417909946536,True
coronacases_005,62,/kaggle/working/scribble-uncertainty-lung-segmentation/data/scribbles/coronacases_005_slice_0062.npy,117,9,0.07692307691650231,True
coronacases_005,63,/kaggle/working/scribble-uncertainty-lung-segmentation/data/scribbles/coronacases_005_slice_0063.npy,123,9,0.07317073170136823,True
coronacases_005,64,/kaggle/working/scribble-uncertainty-lung-segmentation/data/scribbles/coronacases_005_slice_0064.npy,183,9,0.04918032786616501,True
coronacases_005,65,/kaggle/working/scribble-uncertainty-lung-segmentation/data/scribbles/coronacases_005_slice_0065.npy,211,18,0.08530805686799488,True
coronacases_005,66,/kaggle/working/scribble-uncertainty-lung-segmentation/data/scribbles/coronacases_005_slice_0066.npy,194,9,0.04639175257492826,True
coronacases_005,67,/kaggle/working/scribble-uncertainty-lung-segmentation/data/scribbles/coronacases_005_slice_0067.npy,245,9,0.03673469387605165,True
coronacases_005,68,/kaggle/working/scribble-uncertainty-lung-segmentation/data/scribbles/coronacases_005_slice_0068.npy,258,18,0.06976744185776095,True
coronacases_005,69,/kaggle/working/scribble-uncertainty-lung-segmentation/data/scribbles/coronacases_005_slice_0069.npy,226,16,0.07079646017385856,True
coronacases_005,70,/kaggle/working/scribble-uncertainty-lung-segmentation/data/scribbles/coronacases_005_slice_0070.npy,244,14,0.05737704917797635,True
coronacases_005,71,/kaggle/working/scribble-uncertainty-lung-segmentation/data/scribbles/coronacases_005_slice_0071.npy,297,33,0.11111111110736999,True
coronacases_005,72,/kaggle/working/scribble-uncertainty-lung-segmentation/data/scribbles/coronacases_005_slice_0072.npy,333,36,0.10810810810486161,True
coronacases_005,73,/kaggle/working/scribble-uncertainty-lung-segmentation/data/scribbles/coronacases_005_slice_0073.npy,403,18,0.044665012405839574,True
coronacases_005,74,/kaggle/working/scribble-uncertainty-lung-segmentation/data/scribbles/coronacases_005_slice_0074.npy,427,23,0.05386416861700552,True
coronacases_005,75,/kaggle/working/scribble-uncertainty-lung-segmentation/data/scribbles/coronacases_005_slice_0075.npy,441,27,0.06122448979453005,True
coronacases_005,76,/kaggle/working/scribble-uncertainty-lung-segmentation/data/scribbles/coronacases_005_slice_0076.npy,437,23,0.052631578946164034,True
coronacases_005,77,/kaggle/working/scribble-uncertainty-lung-segmentation/data/scribbles/coronacases_005_slice_0077.npy,463,31,0.06695464362706362,True
coronacases_005,78,/kaggle/working/scribble-uncertainty-lung-segmentation/data/scribbles/coronacases_005_slice_0078.npy,443,43,0.09706546275175924,True
coronacases_005,79,/kaggle/working/scribble-uncertainty-lung-segmentation/data/scribbles/coronacases_005_slice_0079.npy,471,21,0.04458598726019987,True
coronacases_005,80,/kaggle/working/scribble-uncertainty-lung-segmentation/data/scribbles/coronacases_005_slice_0080.npy,453,24,0.05298013244916158,True
coronacases_005,81,/kaggle/working/scribble-uncertainty-lung-segmentation/data/scribbles/coronacases_005_slice_0081.npy,472,25,0.05296610169379309,True
coronacases_005,82,/kaggle/working/scribble-uncertainty-lung-segmentation/data/scribbles/coronacases_005_slice_0082.npy,497,27,0.054325955733313364,True
coronacases_005,83,/kaggle/working/scribble-uncertainty-lung-segmentation/data/scribbles/coronacases_005_slice_0083.npy,493,29,0.05882352941057153,True
coronacases_005,84,/kaggle/working/scribble-uncertainty-lung-segmentation/data/scribbles/coronacases_005_slice_0084.npy,463,27,0.05831533477195863,True
coronacases_005,85,/kaggle/working/scribble-uncertainty-lung-segmentation/data/scribbles/coronacases_005_slice_0085.npy,513,14,0.027290448342547943,True
coronacases_005,86,/kaggle/working/scribble-uncertainty-lung-segmentation/data/scribbles/coronacases_005_slice_0086.npy,480,18,0.03749999999921875,True
coronacases_005,87,/kaggle/working/scribble-uncertainty-lung-segmentation/data/scribbles/coronacases_005_slice_0087.npy,500,9,0.01799999999964,True
coronacases_005,88,/kaggle/working/scribble-uncertainty-lung-segmentation/data/scribbles/coronacases_005_slice_0088.npy,537,36,0.06703910614400299,True
coronacases_005,89,/kaggle/working/scribble-uncertainty-lung-segmentation/data/scribbles/coronacases_005_slice_0089.npy,514,34,0.06614785992089206,True
coronacases_005,90,/kaggle/working/scribble-uncertainty-lung-segmentation/data/scribbles/coronacases_005_slice_0090.npy,534,9,0.016853932583954047,True
coronacases_005,91,/kaggle/working/scribble-uncertainty-lung-segmentation/data/scribbles/coronacases_005_slice_0091.npy,532,18,0.03383458646552943,True
coronacases_005,92,/kaggle/working/scribble-uncertainty-lung-segmentation/data/scribbles/coronacases_005_slice_0092.npy,521,27,0.051823416505723155,True
coronacases_005,93,/kaggle/working/scribble-uncertainty-lung-segmentation/data/scribbles/coronacases_005_slice_0093.npy,516,34,0.06589147286694008,True
coronacases_005,94,/kaggle/working/scribble-uncertainty-lung-segmentation/data/scribbles/coronacases_005_slice_0094.npy,543,36,0.0662983425402155,True
coronacases_005,95,/kaggle/working/scribble-uncertainty-lung-segmentation/data/scribbles/coronacases_005_slice_0095.npy,552,50,0.0905797101432866,True
coronacases_005,96,/kaggle/working/scribble-uncertainty-lung-segmentation/data/scribbles/coronacases_005_slice_0096.npy,573,27,0.04712041884734519,True
coronacases_005,97,/kaggle/working/scribble-uncertainty-lung-segmentation/data/scribbles/coronacases_005_slice_0097.npy,551,27,0.049001814881143343,True
coronacases_005,98,/kaggle/working/scribble-uncertainty-lung-segmentation/data/scribbles/coronacases_005_slice_0098.npy,554,32,0.05776173285094293,True
coronacases_005,99,/kaggle/working/scribble-uncertainty-lung-segmentation/data/scribbles/coronacases_005_slice_0099.npy,484,21,0.04338842975116966,True
coronacases_005,100,/kaggle/working/scribble-uncertainty-lung-segmentation/data/scribbles/coronacases_005_slice_0100.npy,544,36,0.06617647058701881,True
coronacases_005,101,/kaggle/working/scribble-uncertainty-lung-segmentation/data/scribbles/coronacases_005_slice_0101.npy,599,50,0.08347245408875673,True
coronacases_005,102,/kaggle/working/scribble-uncertainty-lung-segmentation/data/scribbles/coronacases_005_slice_0102.npy,536,46,0.08582089552078692,True
coronacases_005,103,/kaggle/working/scribble-uncertainty-lung-segmentation/data/scribbles/coronacases_005_slice_0103.npy,550,39,0.07090909090780165,True
coronacases_005,104,/kaggle/working/scribble-uncertainty-lung-segmentation/data/scribbles/coronacases_005_slice_0104.npy,626,48,0.07667731629270483,True
coronacases_005,105,/kaggle/working/scribble-uncertainty-lung-segmentation/data/scribbles/coronacases_005_slice_0105.npy,655,62,0.09465648854817318,True
coronacases_005,106,/kaggle/working/scribble-uncertainty-lung-segmentation/data/scribbles/coronacases_005_slice_0106.npy,713,53,0.07433380084047217,True
coronacases_005,107,/kaggle/working/scribble-uncertainty-lung-segmentation/data/scribbles/coronacases_005_slice_0107.npy,655,62,0.09465648854817318,True
coronacases_005,108,/kaggle/working/scribble-uncertainty-lung-segmentation/data/scribbles/coronacases_005_slice_0108.npy,691,54,0.07814761215516429,True
coronacases_005,109,/kaggle/working/scribble-uncertainty-lung-segmentation/data/scribbles/coronacases_005_slice_0109.npy,729,50,0.06858710562320182,True
coronacases_005,110,/kaggle/working/scribble-uncertainty-lung-segmentation/data/scribbles/coronacases_005_slice_0110.npy,732,57,0.07786885245795261,True
coronacases_005,111,/kaggle/working/scribble-uncertainty-lung-segmentation/data/scribbles/coronacases_005_slice_0111.npy,680,61,0.08970588235162197,True
coronacases_005,112,/kaggle/working/scribble-uncertainty-lung-segmentation/data/scribbles/coronacases_005_slice_0112.npy,564,51,0.09042553191329032,True
coronacases_005,113,/kaggle/working/scribble-uncertainty-lung-segmentation/data/scribbles/coronacases_005_slice_0113.npy,574,55,0.09581881532934114,True
coronacases_005,114,/kaggle/working/scribble-uncertainty-lung-segmentation/data/scribbles/coronacases_005_slice_0114.npy,569,50,0.0878734622128669,True
coronacases_005,115,/kaggle/working/scribble-uncertainty-lung-segmentation/data/scribbles/coronacases_005_slice_0115.npy,585,56,0.09572649572485938,True
coronacases_005,116,/kaggle/working/scribble-uncertainty-lung-segmentation/data/scribbles/coronacases_005_slice_0116.npy,567,47,0.08289241622428761,True
coronacases_005,117,/kaggle/working/scribble-uncertainty-lung-segmentation/data/scribbles/coronacases_005_slice_0117.npy,506,48,0.09486166007717664,True
coronacases_005,118,/kaggle/working/scribble-uncertainty-lung-segmentation/data/scribbles/coronacases_005_slice_0118.npy,598,64,0.10702341136944776,True
coronacases_005,119,/kaggle/working/scribble-uncertainty-lung-segmentation/data/scribbles/coronacases_005_slice_0119.npy,549,54,0.09836065573591328,True
coronacases_005,120,/kaggle/working/scribble-uncertainty-lung-segmentation/data/scribbles/coronacases_005_slice_0120.npy,499,55,0.1102204408795547,True
coronacases_005,121,/kaggle/working/scribble-uncertainty-lung-segmentation/data/scribbles/coronacases_005_slice_0121.npy,568,59,0.10387323943479096,True
coronacases_005,122,/kaggle/working/scribble-uncertainty-lung-segmentation/data/scribbles/coronacases_005_slice_0122.npy,560,48,0.0857142857127551,True
coronacases_005,123,/kaggle/working/scribble-uncertainty-lung-segmentation/data/scribbles/coronacases_005_slice_0123.npy,602,70,0.1162790697655103,True
coronacases_005,124,/kaggle/working/scribble-uncertainty-lung-segmentation/data/scribbles/coronacases_005_slice_0124.npy,546,55,0.10073260073075581,True
coronacases_005,125,/kaggle/working/scribble-uncertainty-lung-segmentation/data/scribbles/coronacases_005_slice_0125.npy,540,54,0.09999999999814815,True
coronacases_005,126,/kaggle/working/scribble-uncertainty-lung-segmentation/data/scribbles/coronacases_005_slice_0126.npy,570,52,0.0912280701738381,True
coronacases_005,127,/kaggle/working/scribble-uncertainty-lung-segmentation/data/scribbles/coronacases_005_slice_0127.npy,432,56,0.12962962962662894,True
coronacases_005,128,/kaggle/working/scribble-uncertainty-lung-segmentation/data/scribbles/coronacases_005_slice_0128.npy,406,70,0.17241379309920163,True
coronacases_005,129,/kaggle/working/scribble-uncertainty-lung-segmentation/data/scribbles/coronacases_005_slice_0129.npy,393,60,0.15267175572130606,True
coronacases_005,130,/kaggle/working/scribble-uncertainty-lung-segmentation/data/scribbles/coronacases_005_slice_0130.npy,334,46,0.1377245508940801,True
coronacases_005,131,/kaggle/working/scribble-uncertainty-lung-segmentation/data/scribbles/coronacases_005_slice_0131.npy,309,50,0.16181229772939118,True
coronacases_005,132,/kaggle/working/scribble-uncertainty-lung-segmentation/data/scribbles/coronacases_005_slice_0132.npy,327,53,0.16207951069840734,True
coronacases_005,133,/kaggle/working/scribble-uncertainty-lung-segmentation/data/scribbles/coronacases_005_slice_0133.npy,320,53,0.16562499999482422,True
coronacases_005,134,/kaggle/working/scribble-uncertainty-lung-segmentation/data/scribbles/coronacases_005_slice_0134.npy,373,33,0.08847184986357984,True
coronacases_005,135,/kaggle/working/scribble-uncertainty-lung-segmentation/data/scribbles/coronacases_005_slice_0135.npy,356,43,0.1207865168505397,True
coronacases_005,136,/kaggle/working/scribble-uncertainty-lung-segmentation/data/scribbles/coronacases_005_slice_0136.npy,347,57,0.16426512967826326,True
coronacases_005,137,/kaggle/working/scribble-uncertainty-lung-segmentation/data/scribbles/coronacases_005_slice_0137.npy,421,64,0.152019002371686,True
coronacases_005,138,/kaggle/working/scribble-uncertainty-lung-segmentation/data/scribbles/coronacases_005_slice_0138.npy,379,45,0.11873350923169568,True
coronacases_005,139,/kaggle/working/scribble-uncertainty-lung-segmentation/data/scribbles/coronacases_005_slice_0139.npy,387,35,0.09043927648345118,True
coronacases_005,140,/kaggle/working/scribble-uncertainty-lung-segmentation/data/scribbles/coronacases_005_slice_0140.npy,365,48,0.13150684931146556,True
coronacases_005,141,/kaggle/working/scribble-uncertainty-lung-segmentation/data/scribbles/coronacases_005_slice_0141.npy,360,27,0.07499999999791666,True
coronacases_005,142,/kaggle/working/scribble-uncertainty-lung-segmentation/data/scribbles/coronacases_005_slice_0142.npy,384,34,0.08854166666436089,True
coronacases_005,143,/kaggle/working/scribble-uncertainty-lung-segmentation/data/scribbles/coronacases_005_slice_0143.npy,375,45,0.1199999999968,True
coronacases_005,144,/kaggle/working/scribble-uncertainty-lung-segmentation/data/scribbles/coronacases_005_slice_0144.npy,381,31,0.0813648293941899,True
coronacases_005,145,/kaggle/working/scribble-uncertainty-lung-segmentation/data/scribbles/coronacases_005_slice_0145.npy,378,36,0.0952380952355757,True
coronacases_005,146,/kaggle/working/scribble-uncertainty-lung-segmentation/data/scribbles/coronacases_005_slice_0146.npy,368,36,0.09782608695386343,True
coronacases_005,147,/kaggle/working/scribble-uncertainty-lung-segmentation/data/scribbles/coronacases_005_slice_0147.npy,377,32,0.08488063660252305,True
coronacases_005,148,/kaggle/working/scribble-uncertainty-lung-segmentation/data/scribbles/coronacases_005_slice_0148.npy,410,34,0.08292682926627007,True
coronacases_005,149,/kaggle/working/scribble-uncertainty-lung-segmentation/data/scribbles/coronacases_005_slice_0149.npy,390,39,0.09999999999743589,True
coronacases_005,150,/kaggle/working/scribble-uncertainty-lung-segmentation/data/scribbles/coronacases_005_slice_0150.npy,334,36,0.10778443113449747,True
coronacases_005,151,/kaggle/working/scribble-uncertainty-lung-segmentation/data/scribbles/coronacases_005_slice_0151.npy,274,19,0.06934306569089989,True
coronacases_005,152,/kaggle/working/scribble-uncertainty-lung-segmentation/data/scribbles/coronacases_005_slice_0152.npy,289,33,0.11418685120712156,True
coronacases_005,153,/kaggle/working/scribble-uncertainty-lung-segmentation/data/scribbles/coronacases_005_slice_0153.npy,303,45,0.14851485148024704,True
coronacases_005,154,/kaggle/working/scribble-uncertainty-lung-segmentation/data/scribbles/coronacases_005_slice_0154.npy,222,23,0.10360360359893678,True
coronacases_005,155,/kaggle/working/scribble-uncertainty-lung-segmentation/data/scribbles/coronacases_005_slice_0155.npy,206,18,0.08737864077245734,True
coronacases_005,156,/kaggle/working/scribble-uncertainty-lung-segmentation/data/scribbles/coronacases_005_slice_0156.npy,212,27,0.12735849056003026,True
coronacases_005,157,/kaggle/working/scribble-uncertainty-lung-segmentation/data/scribbles/coronacases_005_slice_0157.npy,205,23,0.11219512194574657,True
coronacases_005,158,/kaggle/working/scribble-uncertainty-lung-segmentation/data/scribbles/coronacases_005_slice_0158.npy,167,18,0.10778443113127038,True
coronacases_005,159,/kaggle/working/scribble-uncertainty-lung-segmentation/data/scribbles/coronacases_005_slice_0159.npy,150,25,0.16666666665555555,True
coronacases_005,160,/kaggle/working/scribble-uncertainty-lung-segmentation/data/scribbles/coronacases_005_slice_0160.npy,125,21,0.16799999998656,True
coronacases_005,161,/kaggle/working/scribble-uncertainty-lung-segmentation/data/scribbles/coronacases_005_slice_0161.npy,108,27,0.24999999997685188,True
coronacases_005,162,/kaggle/working/scribble-uncertainty-lung-segmentation/data/scribbles/coronacases_005_slice_0162.npy,108,18,0.16666666665123459,True
coronacases_005,163,/kaggle/working/scribble-uncertainty-lung-segmentation/data/scribbles/coronacases_005_slice_0163.npy,99,18,0.18181818179981635,True
coronacases_005,164,/kaggle/working/scribble-uncertainty-lung-segmentation/data/scribbles/coronacases_005_slice_0164.npy,95,18,0.18947368419058172,True
coronacases_005,165,/kaggle/working/scribble-uncertainty-lung-segmentation/data/scribbles/coronacases_005_slice_0165.npy,83,9,0.10843373492669474,True
coronacases_005,166,/kaggle/working/scribble-uncertainty-lung-segmentation/data/scribbles/coronacases_005_slice_0166.npy,64,9,0.14062499997802735,True
coronacases_005,167,/kaggle/working/scribble-uncertainty-lung-segmentation/data/scribbles/coronacases_005_slice_0167.npy,73,9,0.123287671215988,True
coronacases_005,168,/kaggle/working/scribble-uncertainty-lung-segmentation/data/scribbles/coronacases_005_slice_0168.npy,48,9,0.1874999999609375,True
coronacases_005,169,/kaggle/working/scribble-uncertainty-lung-segmentation/data/scribbles/coronacases_005_slice_0169.npy,34,9,0.2647058822750865,True
coronacases_005,170,/kaggle/working/scribble-uncertainty-lung-segmentation/data/scribbles/coronacases_005_slice_0170.npy,0,0,0.0,False
coronacases_005,171,/kaggle/working/scribble-uncertainty-lung-segmentation/data/scribbles/coronacases_005_slice_0171.npy,0,0,0.0,False
coronacases_005,172,/kaggle/working/scribble-uncertainty-lung-segmentation/data/scribbles/coronacases_005_slice_0172.npy,0,0,0.0,False
coronacases_005,173,/kaggle/working/scribble-uncertainty-lung-segmentation/data/scribbles/coronacases_005_slice_0173.npy,0,0,0.0,False
coronacases_005,174,/kaggle/working/scribble-uncertainty-lung-segmentation/data/scribbles/coronacases_005_slice_0174.npy,0,0,0.0,False
coronacases_005,175,/kaggle/working/scribble-uncertainty-lung-segmentation/data/scribbles/coronacases_005_slice_0175.npy,31,9,0.29032258055150884,True
coronacases_005,176,/kaggle/working/scribble-uncertainty-lung-segmentation/data/scribbles/coronacases_005_slice_0176.npy,30,9,0.2999999999,True
coronacases_005,177,/kaggle/working/scribble-uncertainty-lung-segmentation/data/scribbles/coronacases_005_slice_0177.npy,18,9,0.4999999997222222,True
coronacases_005,178,/kaggle/working/scribble-uncertainty-lung-segmentation/data/scribbles/coronacases_005_slice_0178.npy,19,9,0.4736842102770083,True
coronacases_005,179,/kaggle/working/scribble-uncertainty-lung-segmentation/data/scribbles/coronacases_005_slice_0179.npy,13,9,0.6923076917751478,True
coronacases_005,180,/kaggle/working/scribble-uncertainty-lung-segmentation/data/scribbles/coronacases_005_slice_0180.npy,0,0,0.0,False
coronacases_005,181,/kaggle/working/scribble-uncertainty-lung-segmentation/data/scribbles/coronacases_005_slice_0181.npy,0,0,0.0,False
coronacases_005,182,/kaggle/working/scribble-uncertainty-lung-segmentation/data/scribbles/coronacases_005_slice_0182.npy,0,0,0.0,False
coronacases_005,183,/kaggle/working/scribble-uncertainty-lung-segmentation/data/scribbles/coronacases_005_slice_0183.npy,0,0,0.0,False
coronacases_005,184,/kaggle/working/scribble-uncertainty-lung-segmentation/data/scribbles/coronacases_005_slice_0184.npy,0,0,0.0,False
coronacases_005,185,/kaggle/working/scribble-uncertainty-lung-segmentation/data/scribbles/coronacases_005_slice_0185.npy,0,0,0.0,False
coronacases_005,186,/kaggle/working/scribble-uncertainty-lung-segmentation/data/scribbles/coronacases_005_slice_0186.npy,0,0,0.0,False
coronacases_005,187,/kaggle/working/scribble-uncertainty-lung-segmentation/data/scribbles/coronacases_005_slice_0187.npy,0,0,0.0,False
coronacases_005,188,/kaggle/working/scribble-uncertainty-lung-segmentation/data/scribbles/coronacases_005_slice_0188.npy,0,0,0.0,False
coronacases_005,189,/kaggle/working/scribble-uncertainty-lung-segmentation/data/scribbles/coronacases_005_slice_0189.npy,0,0,0.0,False
coronacases_005,190,/kaggle/working/scribble-uncertainty-lung-segmentation/data/scribbles/coronacases_005_slice_0190.npy,0,0,0.0,False
coronacases_005,191,/kaggle/working/scribble-uncertainty-lung-segmentation/data/scribbles/coronacases_005_slice_0191.npy,0,0,0.0,False
coronacases_005,192,/kaggle/working/scribble-uncertainty-lung-segmentation/data/scribbles/coronacases_005_slice_0192.npy,0,0,0.0,False
coronacases_005,193,/kaggle/working/scribble-uncertainty-lung-segmentation/data/scribbles/coronacases_005_slice_0193.npy,0,0,0.0,False
coronacases_005,194,/kaggle/working/scribble-uncertainty-lung-segmentation/data/scribbles/coronacases_005_slice_0194.npy,0,0,0.0,False
coronacases_005,195,/kaggle/working/scribble-uncertainty-lung-segmentation/data/scribbles/coronacases_005_slice_0195.npy,0,0,0.0,False
coronacases_005,196,/kaggle/working/scribble-uncertainty-lung-segmentation/data/scribbles/coronacases_005_slice_0196.npy,0,0,0.0,False
coronacases_005,197,/kaggle/working/scribble-uncertainty-lung-segmentation/data/scribbles/coronacases_005_slice_0197.npy,0,0,0.0,False
coronacases_005,198,/kaggle/working/scribble-uncertainty-lung-segmentation/data/scribbles/coronacases_005_slice_0198.npy,0,0,0.0,False
coronacases_005,199,/kaggle/working/scribble-uncertainty-lung-segmentation/data/scribbles/coronacases_005_slice_0199.npy,0,0,0.0,False
coronacases_005,200,/kaggle/working/scribble-uncertainty-lung-segmentation/data/scribbles/coronacases_005_slice_0200.npy,0,0,0.0,False
coronacases_005,201,/kaggle/working/scribble-uncertainty-lung-segmentation/data/scribbles/coronacases_005_slice_0201.npy,0,0,0.0,False
coronacases_005,202,/kaggle/working/scribble-uncertainty-lung-segmentation/data/scribbles/coronacases_005_slice_0202.npy,0,0,0.0,False
coronacases_005,203,/kaggle/working/scribble-uncertainty-lung-segmentation/data/scribbles/coronacases_005_slice_0203.npy,0,0,0.0,False
coronacases_005,204,/kaggle/working/scribble-uncertainty-lung-segmentation/data/scribbles/coronacases_005_slice_0204.npy,0,0,0.0,False
coronacases_005,205,/kaggle/working/scribble-uncertainty-lung-segmentation/data/scribbles/coronacases_005_slice_0205.npy,0,0,0.0,False
coronacases_005,206,/kaggle/working/scribble-uncertainty-lung-segmentation/data/scribbles/coronacases_005_slice_0206.npy,0,0,0.0,False
coronacases_005,207,/kaggle/working/scribble-uncertainty-lung-segmentation/data/scribbles/coronacases_005_slice_0207.npy,0,0,0.0,False
coronacases_005,208,/kaggle/working/scribble-uncertainty-lung-segmentation/data/scribbles/coronacases_005_slice_0208.npy,0,0,0.0,False
coronacases_005,209,/kaggle/working/scribble-uncertainty-lung-segmentation/data/scribbles/coronacases_005_slice_0209.npy,0,0,0.0,False
coronacases_005,210,/kaggle/working/scribble-uncertainty-lung-segmentation/data/scribbles/coronacases_005_slice_0210.npy,0,0,0.0,False
coronacases_005,211,/kaggle/working/scribble-uncertainty-lung-segmentation/data/scribbles/coronacases_005_slice_0211.npy,0,0,0.0,False
coronacases_005,212,/kaggle/working/scribble-uncertainty-lung-segmentation/data/scribbles/coronacases_005_slice_0212.npy,0,0,0.0,False
coronacases_005,213,/kaggle/working/scribble-uncertainty-lung-segmentation/data/scribbles/coronacases_005_slice_0213.npy,0,0,0.0,False
coronacases_005,214,/kaggle/working/scribble-uncertainty-lung-segmentation/data/scribbles/coronacases_005_slice_0214.npy,0,0,0.0,False
coronacases_005,215,/kaggle/working/scribble-uncertainty-lung-segmentation/data/scribbles/coronacases_005_slice_0215.npy,0,0,0.0,False
coronacases_005,216,/kaggle/working/scribble-uncertainty-lung-segmentation/data/scribbles/coronacases_005_slice_0216.npy,0,0,0.0,False
coronacases_005,217,/kaggle/working/scribble-uncertainty-lung-segmentation/data/scribbles/coronacases_005_slice_0217.npy,0,0,0.0,False
coronacases_005,218,/kaggle/working/scribble-uncertainty-lung-segmentation/data/scribbles/coronacases_005_slice_0218.npy,0,0,0.0,False
coronacases_005,219,/kaggle/working/scribble-uncertainty-lung-segmentation/data/scribbles/coronacases_005_slice_0219.npy,0,0,0.0,False
coronacases_005,220,/kaggle/working/scribble-uncertainty-lung-segmentation/data/scribbles/coronacases_005_slice_0220.npy,0,0,0.0,False
coronacases_005,221,/kaggle/working/scribble-uncertainty-lung-segmentation/data/scribbles/coronacases_005_slice_0221.npy,0,0,0.0,False
coronacases_005,222,/kaggle/working/scribble-uncertainty-lung-segmentation/data/scribbles/coronacases_005_slice_0222.npy,0,0,0.0,False
coronacases_005,223,/kaggle/working/scribble-uncertainty-lung-segmentation/data/scribbles/coronacases_005_slice_0223.npy,0,0,0.0,False
coronacases_005,224,/kaggle/working/scribble-uncertainty-lung-segmentation/data/scribbles/coronacases_005_slice_0224.npy,0,0,0.0,False
coronacases_005,225,/kaggle/working/scribble-uncertainty-lung-segmentation/data/scribbles/coronacases_005_slice_0225.npy,0,0,0.0,False
coronacases_005,226,/kaggle/working/scribble-uncertainty-lung-segmentation/data/scribbles/coronacases_005_slice_0226.npy,0,0,0.0,False
coronacases_005,227,/kaggle/working/scribble-uncertainty-lung-segmentation/data/scribbles/coronacases_005_slice_0227.npy,0,0,0.0,False
coronacases_005,228,/kaggle/working/scribble-uncertainty-lung-segmentation/data/scribbles/coronacases_005_slice_0228.npy,0,0,0.0,False
coronacases_005,229,/kaggle/working/scribble-uncertainty-lung-segmentation/data/scribbles/coronacases_005_slice_0229.npy,0,0,0.0,False
coronacases_005,230,/kaggle/working/scribble-uncertainty-lung-segmentation/data/scribbles/coronacases_005_slice_0230.npy,0,0,0.0,False
coronacases_005,231,/kaggle/working/scribble-uncertainty-lung-segmentation/data/scribbles/coronacases_005_slice_0231.npy,0,0,0.0,False
coronacases_005,232,/kaggle/working/scribble-uncertainty-lung-segmentation/data/scribbles/coronacases_005_slice_0232.npy,0,0,0.0,False
coronacases_005,233,/kaggle/working/scribble-uncertainty-lung-segmentation/data/scribbles/coronacases_005_slice_0233.npy,0,0,0.0,False
coronacases_005,234,/kaggle/working/scribble-uncertainty-lung-segmentation/data/scribbles/coronacases_005_slice_0234.npy,0,0,0.0,False
coronacases_005,235,/kaggle/working/scribble-uncertainty-lung-segmentation/data/scribbles/coronacases_005_slice_0235.npy,0,0,0.0,False
coronacases_005,236,/kaggle/working/scribble-uncertainty-lung-segmentation/data/scribbles/coronacases_005_slice_0236.npy,0,0,0.0,False
coronacases_005,237,/kaggle/working/scribble-uncertainty-lung-segmentation/data/scribbles/coronacases_005_slice_0237.npy,0,0,0.0,False
coronacases_005,238,/kaggle/working/scribble-uncertainty-lung-segmentation/data/scribbles/coronacases_005_slice_0238.npy,0,0,0.0,False
coronacases_005,239,/kaggle/working/scribble-uncertainty-lung-segmentation/data/scribbles/coronacases_005_slice_0239.npy,0,0,0.0,False
coronacases_005,240,/kaggle/working/scribble-uncertainty-lung-segmentation/data/scribbles/coronacases_005_slice_0240.npy,0,0,0.0,False
coronacases_005,241,/kaggle/working/scribble-uncertainty-lung-segmentation/data/scribbles/coronacases_005_slice_0241.npy,0,0,0.0,False
coronacases_005,242,/kaggle/working/scribble-uncertainty-lung-segmentation/data/scribbles/coronacases_005_slice_0242.npy,0,0,0.0,False
coronacases_005,243,/kaggle/working/scribble-uncertainty-lung-segmentation/data/scribbles/coronacases_005_slice_0243.npy,0,0,0.0,False
coronacases_005,244,/kaggle/working/scribble-uncertainty-lung-segmentation/data/scribbles/coronacases_005_slice_0244.npy,0,0,0.0,False
coronacases_005,245,/kaggle/working/scribble-uncertainty-lung-segmentation/data/scribbles/coronacases_005_slice_0245.npy,0,0,0.0,False
coronacases_005,246,/kaggle/working/scribble-uncertainty-lung-segmentation/data/scribbles/coronacases_005_slice_0246.npy,0,0,0.0,False
coronacases_005,247,/kaggle/working/scribble-uncertainty-lung-segmentation/data/scribbles/coronacases_005_slice_0247.npy,0,0,0.0,False
coronacases_005,248,/kaggle/working/scribble-uncertainty-lung-segmentation/data/scribbles/coronacases_005_slice_0248.npy,0,0,0.0,False
coronacases_005,249,/kaggle/working/scribble-uncertainty-lung-segmentation/data/scribbles/coronacases_005_slice_0249.npy,0,0,0.0,False
coronacases_005,250,/kaggle/working/scribble-uncertainty-lung-segmentation/data/scribbles/coronacases_005_slice_0250.npy,0,0,0.0,False
coronacases_005,251,/kaggle/working/scribble-uncertainty-lung-segmentation/data/scribbles/coronacases_005_slice_0251.npy,0,0,0.0,False
coronacases_005,252,/kaggle/working/scribble-uncertainty-lung-segmentation/data/scribbles/coronacases_005_slice_0252.npy,0,0,0.0,False
coronacases_005,253,/kaggle/working/scribble-uncertainty-lung-segmentation/data/scribbles/coronacases_005_slice_0253.npy,0,0,0.0,False
coronacases_005,254,/kaggle/working/scribble-uncertainty-lung-segmentation/data/scribbles/coronacases_005_slice_0254.npy,0,0,0.0,False
coronacases_005,255,/kaggle/working/scribble-uncertainty-lung-segmentation/data/scribbles/coronacases_005_slice_0255.npy,0,0,0.0,False
coronacases_005,256,/kaggle/working/scribble-uncertainty-lung-segmentation/data/scribbles/coronacases_005_slice_0256.npy,0,0,0.0,False
coronacases_005,257,/kaggle/working/scribble-uncertainty-lung-segmentation/data/scribbles/coronacases_005_slice_0257.npy,0,0,0.0,False
coronacases_005,258,/kaggle/working/scribble-uncertainty-lung-segmentation/data/scribbles/coronacases_005_slice_0258.npy,0,0,0.0,False
coronacases_005,259,/kaggle/working/scribble-uncertainty-lung-segmentation/data/scribbles/coronacases_005_slice_0259.npy,0,0,0.0,False
coronacases_005,260,/kaggle/working/scribble-uncertainty-lung-segmentation/data/scribbles/coronacases_005_slice_0260.npy,0,0,0.0,False
coronacases_005,261,/kaggle/working/scribble-uncertainty-lung-segmentation/data/scribbles/coronacases_005_slice_0261.npy,0,0,0.0,False
coronacases_005,262,/kaggle/working/scribble-uncertainty-lung-segmentation/data/scribbles/coronacases_005_slice_0262.npy,0,0,0.0,False
coronacases_005,263,/kaggle/working/scribble-uncertainty-lung-segmentation/data/scribbles/coronacases_005_slice_0263.npy,0,0,0.0,False
coronacases_005,264,/kaggle/working/scribble-uncertainty-lung-segmentation/data/scribbles/coronacases_005_slice_0264.npy,0,0,0.0,False
coronacases_005,265,/kaggle/working/scribble-uncertainty-lung-segmentation/data/scribbles/coronacases_005_slice_0265.npy,0,0,0.0,False
coronacases_005,266,/kaggle/working/scribble-uncertainty-lung-segmentation/data/scribbles/coronacases_005_slice_0266.npy,0,0,0.0,False
coronacases_005,267,/kaggle/working/scribble-uncertainty-lung-segmentation/data/scribbles/coronacases_005_slice_0267.npy,0,0,0.0,False
coronacases_005,268,/kaggle/working/scribble-uncertainty-lung-segmentation/data/scribbles/coronacases_005_slice_0268.npy,0,0,0.0,False
coronacases_005,269,/kaggle/working/scribble-uncertainty-lung-segmentation/data/scribbles/coronacases_005_slice_0269.npy,0,0,0.0,False
coronacases_005,270,/kaggle/working/scribble-uncertainty-lung-segmentation/data/scribbles/coronacases_005_slice_0270.npy,0,0,0.0,False
coronacases_005,271,/kaggle/working/scribble-uncertainty-lung-segmentation/data/scribbles/coronacases_005_slice_0271.npy,0,0,0.0,False
coronacases_005,272,/kaggle/working/scribble-uncertainty-lung-segmentation/data/scribbles/coronacases_005_slice_0272.npy,0,0,0.0,False
coronacases_005,273,/kaggle/working/scribble-uncertainty-lung-segmentation/data/scribbles/coronacases_005_slice_0273.npy,0,0,0.0,False
coronacases_005,274,/kaggle/working/scribble-uncertainty-lung-segmentation/data/scribbles/coronacases_005_slice_0274.npy,0,0,0.0,False
coronacases_005,275,/kaggle/working/scribble-uncertainty-lung-segmentation/data/scribbles/coronacases_005_slice_0275.npy,0,0,0.0,False
coronacases_005,276,/kaggle/working/scribble-uncertainty-lung-segmentation/data/scribbles/coronacases_005_slice_0276.npy,0,0,0.0,False
coronacases_005,277,/kaggle/working/scribble-uncertainty-lung-segmentation/data/scribbles/coronacases_005_slice_0277.npy,0,0,0.0,False
coronacases_005,278,/kaggle/working/scribble-uncertainty-lung-segmentation/data/scribbles/coronacases_005_slice_0278.npy,0,0,0.0,False
coronacases_006,19,/kaggle/working/scribble-uncertainty-lung-segmentation/data/scribbles/coronacases_006_slice_0019.npy,0,0,0.0,False
coronacases_006,20,/kaggle/working/scribble-uncertainty-lung-segmentation/data/scribbles/coronacases_006_slice_0020.npy,0,0,0.0,False
coronacases_006,21,/kaggle/working/scribble-uncertainty-lung-segmentation/data/scribbles/coronacases_006_slice_0021.npy,0,0,0.0,False
coronacases_006,22,/kaggle/working/scribble-uncertainty-lung-segmentation/data/scribbles/coronacases_006_slice_0022.npy,0,0,0.0,False
coronacases_006,23,/kaggle/working/scribble-uncertainty-lung-segmentation/data/scribbles/coronacases_006_slice_0023.npy,0,0,0.0,False
coronacases_006,24,/kaggle/working/scribble-uncertainty-lung-segmentation/data/scribbles/coronacases_006_slice_0024.npy,0,0,0.0,False
coronacases_006,25,/kaggle/working/scribble-uncertainty-lung-segmentation/data/scribbles/coronacases_006_slice_0025.npy,0,0,0.0,False
coronacases_006,26,/kaggle/working/scribble-uncertainty-lung-segmentation/data/scribbles/coronacases_006_slice_0026.npy,0,0,0.0,False
coronacases_006,27,/kaggle/working/scribble-uncertainty-lung-segmentation/data/scribbles/coronacases_006_slice_0027.npy,0,0,0.0,False
coronacases_006,28,/kaggle/working/scribble-uncertainty-lung-segmentation/data/scribbles/coronacases_006_slice_0028.npy,0,0,0.0,False
coronacases_006,29,/kaggle/working/scribble-uncertainty-lung-segmentation/data/scribbles/coronacases_006_slice_0029.npy,0,0,0.0,False
coronacases_006,30,/kaggle/working/scribble-uncertainty-lung-segmentation/data/scribbles/coronacases_006_slice_0030.npy,0,0,0.0,False
coronacases_006,31,/kaggle/working/scribble-uncertainty-lung-segmentation/data/scribbles/coronacases_006_slice_0031.npy,0,0,0.0,False
coronacases_006,32,/kaggle/working/scribble-uncertainty-lung-segmentation/data/scribbles/coronacases_006_slice_0032.npy,0,0,0.0,False
coronacases_006,33,/kaggle/working/scribble-uncertainty-lung-segmentation/data/scribbles/coronacases_006_slice_0033.npy,0,0,0.0,False
coronacases_006,34,/kaggle/working/scribble-uncertainty-lung-segmentation/data/scribbles/coronacases_006_slice_0034.npy,0,0,0.0,False
coronacases_006,35,/kaggle/working/scribble-uncertainty-lung-segmentation/data/scribbles/coronacases_006_slice_0035.npy,0,0,0.0,False
coronacases_006,36,/kaggle/working/scribble-uncertainty-lung-segmentation/data/scribbles/coronacases_006_slice_0036.npy,0,0,0.0,False
coronacases_006,37,/kaggle/working/scribble-uncertainty-lung-segmentation/data/scribbles/coronacases_006_slice_0037.npy,0,0,0.0,False
coronacases_006,38,/kaggle/working/scribble-uncertainty-lung-segmentation/data/scribbles/coronacases_006_slice_0038.npy,0,0,0.0,False
coronacases_006,39,/kaggle/working/scribble-uncertainty-lung-segmentation/data/scribbles/coronacases_006_slice_0039.npy,0,0,0.0,False
coronacases_006,40,/kaggle/working/scribble-uncertainty-lung-segmentation/data/scribbles/coronacases_006_slice_0040.npy,0,0,0.0,False
coronacases_006,41,/kaggle/working/scribble-uncertainty-lung-segmentation/data/scribbles/coronacases_006_slice_0041.npy,0,0,0.0,False
coronacases_006,42,/kaggle/working/scribble-uncertainty-lung-segmentation/data/scribbles/coronacases_006_slice_0042.npy,0,0,0.0,False
coronacases_006,43,/kaggle/working/scribble-uncertainty-lung-segmentation/data/scribbles/coronacases_006_slice_0043.npy,0,0,0.0,False
coronacases_006,44,/kaggle/working/scribble-uncertainty-lung-segmentation/data/scribbles/coronacases_006_slice_0044.npy,0,0,0.0,False
coronacases_006,45,/kaggle/working/scribble-uncertainty-lung-segmentation/data/scribbles/coronacases_006_slice_0045.npy,11,9,0.8181818174380164,True
coronacases_006,46,/kaggle/working/scribble-uncertainty-lung-segmentation/data/scribbles/coronacases_006_slice_0046.npy,20,9,0.449999999775,True
coronacases_006,47,/kaggle/working/scribble-uncertainty-lung-segmentation/data/scribbles/coronacases_006_slice_0047.npy,30,9,0.2999999999,True
coronacases_006,48,/kaggle/working/scribble-uncertainty-lung-segmentation/data/scribbles/coronacases_006_slice_0048.npy,35,9,0.2571428570693878,True
coronacases_006,49,/kaggle/working/scribble-uncertainty-lung-segmentation/data/scribbles/coronacases_006_slice_0049.npy,47,9,0.19148936166138525,True
coronacases_006,50,/kaggle/working/scribble-uncertainty-lung-segmentation/data/scribbles/coronacases_006_slice_0050.npy,92,18,0.19565217389177694,True
coronacases_006,51,/kaggle/working/scribble-uncertainty-lung-segmentation/data/scribbles/coronacases_006_slice_0051.npy,147,24,0.1632653061113425,True
coronacases_006,52,/kaggle/working/scribble-uncertainty-lung-segmentation/data/scribbles/coronacases_006_slice_0052.npy,102,27,0.26470588232698966,True
coronacases_006,53,/kaggle/working/scribble-uncertainty-lung-segmentation/data/scribbles/coronacases_006_slice_0053.npy,88,18,0.20454545452221076,True
coronacases_006,54,/kaggle/working/scribble-uncertainty-lung-segmentation/data/scribbles/coronacases_006_slice_0054.npy,106,21,0.19811320752847988,True
coronacases_006,55,/kaggle/working/scribble-uncertainty-lung-segmentation/data/scribbles/coronacases_006_slice_0055.npy,95,27,0.2842105262858726,True
coronacases_006,56,/kaggle/working/scribble-uncertainty-lung-segmentation/data/scribbles/coronacases_006_slice_0056.npy,173,43,0.24855491328043033,True
coronacases_006,57,/kaggle/working/scribble-uncertainty-lung-segmentation/data/scribbles/coronacases_006_slice_0057.npy,177,30,0.16949152541415302,True
coronacases_006,58,/kaggle/working/scribble-uncertainty-lung-segmentation/data/scribbles/coronacases_006_slice_0058.npy,175,46,0.2628571428421224,True
coronacases_006,59,/kaggle/working/scribble-uncertainty-lung-segmentation/data/scribbles/coronacases_006_slice_0059.npy,176,39,0.2215909090783187,True
coronacases_006,60,/kaggle/working/scribble-uncertainty-lung-segmentation/data/scribbles/coronacases_006_slice_0060.npy,294,62,0.21088435373432365,True
coronacases_006,61,/kaggle/working/scribble-uncertainty-lung-segmentation/data/scribbles/coronacases_006_slice_0061.npy,437,73,0.16704805491608585,True
coronacases_006,62,/kaggle/working/scribble-uncertainty-lung-segmentation/data/scribbles/coronacases_006_slice_0062.npy,551,80,0.14519056261079508,True
coronacases_006,63,/kaggle/working/scribble-uncertainty-lung-segmentation/data/scribbles/coronacases_006_slice_0063.npy,527,76,0.1442125237164286,True
coronacases_006,64,/kaggle/working/scribble-uncertainty-lung-segmentation/data/scribbles/coronacases_006_slice_0064.npy,585,87,0.14871794871540653,True
coronacases_006,65,/kaggle/working/scribble-uncertainty-lung-segmentation/data/scribbles/coronacases_006_slice_0065.npy,729,56,0.07681755829798605,True
coronacases_006,66,/kaggle/working/scribble-uncertainty-lung-segmentation/data/scribbles/coronacases_006_slice_0066.npy,735,51,0.06938775510109677,True
coronacases_006,67,/kaggle/working/scribble-uncertainty-lung-segmentation/data/scribbles/coronacases_006_slice_0067.npy,837,101,0.12066905615148543,True
coronacases_006,68,/kaggle/working/scribble-uncertainty-lung-segmentation/data/scribbles/coronacases_006_slice_0068.npy,920,66,0.07173913043400283,True
coronacases_006,69,/kaggle/working/scribble-uncertainty-lung-segmentation/data/scribbles/coronacases_006_slice_0069.npy,877,94,0.10718358038646313,True
coronacases_006,70,/kaggle/working/scribble-uncertainty-lung-segmentation/data/scribbles/coronacases_006_slice_0070.npy,982,82,0.08350305498896636,True
coronacases_006,71,/kaggle/working/scribble-uncertainty-lung-segmentation/data/scribbles/coronacases_006_slice_0071.npy,1129,88,0.07794508414457091,True
coronacases_006,72,/kaggle/working/scribble-uncertainty-lung-segmentation/data/scribbles/coronacases_006_slice_0072.npy,992,78,0.07862903225727189,True
coronacases_006,73,/kaggle/working/scribble-uncertainty-lung-segmentation/data/scribbles/coronacases_006_slice_0073.npy,927,52,0.05609492988073252,True
coronacases_006,74,/kaggle/working/scribble-uncertainty-lung-segmentation/data/scribbles/coronacases_006_slice_0074.npy,942,47,0.049893842886943804,True
coronacases_006,75,/kaggle/working/scribble-uncertainty-lung-segmentation/data/scribbles/coronacases_006_slice_0075.npy,937,46,0.049092849519219925,True
coronacases_006,76,/kaggle/working/scribble-uncertainty-lung-segmentation/data/scribbles/coronacases_006_slice_0076.npy,951,54,0.05678233438426096,True
coronacases_006,77,/kaggle/working/scribble-uncertainty-lung-segmentation/data/scribbles/coronacases_006_slice_0077.npy,991,62,0.06256306760784497,True
coronacases_006,78,/kaggle/working/scribble-uncertainty-lung-segmentation/data/scribbles/coronacases_006_slice_0078.npy,978,68,0.0695296523510273,True
coronacases_006,79,/kaggle/working/scribble-uncertainty-lung-segmentation/data/scribbles/coronacases_006_slice_0079.npy,1003,70,0.06979062811495722,True
coronacases_006,80,/kaggle/working/scribble-uncertainty-lung-segmentation/data/scribbles/coronacases_006_slice_0080.npy,1029,65,0.06316812439200031,True
coronacases_006,81,/kaggle/working/scribble-uncertainty-lung-segmentation/data/scribbles/coronacases_006_slice_0081.npy,972,50,0.051440329217577775,True
coronacases_006,82,/kaggle/working/scribble-uncertainty-lung-segmentation/data/scribbles/coronacases_006_slice_0082.npy,932,66,0.070815450643017,True
coronacases_006,83,/kaggle/working/scribble-uncertainty-lung-segmentation/data/scribbles/coronacases_006_slice_0083.npy,921,70,0.07600434310449507,True
coronacases_006,84,/kaggle/working/scribble-uncertainty-lung-segmentation/data/scribbles/coronacases_006_slice_0084.npy,935,90,0.09625668449094912,True
coronacases_006,85,/kaggle/working/scribble-uncertainty-lung-segmentation/data/scribbles/coronacases_006_slice_0085.npy,910,45,0.049450549450006036,True
coronacases_006,86,/kaggle/working/scribble-uncertainty-lung-segmentation/data/scribbles/coronacases_006_slice_0086.npy,953,61,0.06400839454287505,True
coronacases_006,87,/kaggle/working/scribble-uncertainty-lung-segmentation/data/scribbles/coronacases_006_slice_0087.npy,894,53,0.05928411633043306,True
coronacases_006,88,/kaggle/working/scribble-uncertainty-lung-segmentation/data/scribbles/coronacases_006_slice_0088.npy,907,45,0.049614112458107894,True
coronacases_006,89,/kaggle/working/scribble-uncertainty-lung-segmentation/data/scribbles/coronacases_006_slice_0089.npy,848,50,0.058962264150248085,True
coronacases_006,90,/kaggle/working/scribble-uncertainty-lung-segmentation/data/scribbles/coronacases_006_slice_0090.npy,847,62,0.07319952774411807,True
coronacases_006,91,/kaggle/working/scribble-uncertainty-lung-segmentation/data/scribbles/coronacases_006_slice_0091.npy,803,60,0.0747198007462675,True
coronacases_006,92,/kaggle/working/scribble-uncertainty-lung-segmentation/data/scribbles/coronacases_006_slice_0092.npy,763,74,0.09698558322284423,True
coronacases_006,93,/kaggle/working/scribble-uncertainty-lung-segmentation/data/scribbles/coronacases_006_slice_0093.npy,718,66,0.09192200556975039,True
coronacases_006,94,/kaggle/working/scribble-uncertainty-lung-segmentation/data/scribbles/coronacases_006_slice_0094.npy,537,70,0.13035381750222805,True
coronacases_006,95,/kaggle/working/scribble-uncertainty-lung-segmentation/data/scribbles/coronacases_006_slice_0095.npy,510,81,0.15882352940865052,True
coronacases_006,96,/kaggle/working/scribble-uncertainty-lung-segmentation/data/scribbles/coronacases_006_slice_0096.npy,411,61,0.14841849148057376,True
coronacases_006,97,/kaggle/working/scribble-uncertainty-lung-segmentation/data/scribbles/coronacases_006_slice_0097.npy,427,51,0.11943793910727311,True
coronacases_006,98,/kaggle/working/scribble-uncertainty-lung-segmentation/data/scribbles/coronacases_006_slice_0098.npy,440,69,0.15681818181461776,True
coronacases_006,99,/kaggle/working/scribble-uncertainty-lung-segmentation/data/scribbles/coronacases_006_slice_0099.npy,451,45,0.09977827050776544,True
coronacases_006,100,/kaggle/working/scribble-uncertainty-lung-segmentation/data/scribbles/coronacases_006_slice_0100.npy,427,45,0.10538641685935864,True
coronacases_006,101,/kaggle/working/scribble-uncertainty-lung-segmentation/data/scribbles/coronacases_006_slice_0101.npy,378,39,0.10317460317187369,True
coronacases_006,102,/kaggle/working/scribble-uncertainty-lung-segmentation/data/scribbles/coronacases_006_slice_0102.npy,369,43,0.11653116530849508,True
coronacases_006,103,/kaggle/working/scribble-uncertainty-lung-segmentation/data/scribbles/coronacases_006_slice_0103.npy,347,25,0.0720461095080102,True
coronacases_006,104,/kaggle/working/scribble-uncertainty-lung-segmentation/data/scribbles/coronacases_006_slice_0104.npy,362,30,0.08287292817450627,True
coronacases_006,105,/kaggle/working/scribble-uncertainty-lung-segmentation/data/scribbles/coronacases_006_slice_0105.npy,355,23,0.06478873239254117,True
coronacases_006,106,/kaggle/working/scribble-uncertainty-lung-segmentation/data/scribbles/coronacases_006_slice_0106.npy,367,36,0.09809264304909829,True
coronacases_006,107,/kaggle/working/scribble-uncertainty-lung-segmentation/data/scribbles/coronacases_006_slice_0107.npy,380,36,0.09473684210277009,True
coronacases_006,108,/kaggle/working/scribble-uncertainty-lung-segmentation/data/scribbles/coronacases_006_slice_0108.npy,360,36,0.09999999999722221,True
coronacases_006,109,/kaggle/working/scribble-uncertainty-lung-segmentation/data/scribbles/coronacases_006_slice_0109.npy,291,27,0.09278350515145073,True
coronacases_006,110,/kaggle/working/scribble-uncertainty-lung-segmentation/data/scribbles/coronacases_006_slice_0110.npy,246,9,0.03658536585217133,True
coronacases_006,111,/kaggle/working/scribble-uncertainty-lung-segmentation/data/scribbles/coronacases_006_slice_0111.npy,192,9,0.04687499999755859,True
coronacases_006,112,/kaggle/working/scribble-uncertainty-lung-segmentation/data/scribbles/coronacases_006_slice_0112.npy,149,18,0.12080536911940903,True
coronacases_006,113,/kaggle/working/scribble-uncertainty-lung-segmentation/data/scribbles/coronacases_006_slice_0113.npy,88,9,0.10227272726110538,True
coronacases_006,114,/kaggle/working/scribble-uncertainty-lung-segmentation/data/scribbles/coronacases_006_slice_0114.npy,62,9,0.14516129029916752,True
coronacases_006,115,/kaggle/working/scribble-uncertainty-lung-segmentation/data/scribbles/coronacases_006_slice_0115.npy,0,0,0.0,False
coronacases_006,116,/kaggle/working/scribble-uncertainty-lung-segmentation/data/scribbles/coronacases_006_slice_0116.npy,0,0,0.0,False
coronacases_006,117,/kaggle/working/scribble-uncertainty-lung-segmentation/data/scribbles/coronacases_006_slice_0117.npy,0,0,0.0,False
coronacases_006,118,/kaggle/working/scribble-uncertainty-lung-segmentation/data/scribbles/coronacases_006_slice_0118.npy,0,0,0.0,False
coronacases_006,119,/kaggle/working/scribble-uncertainty-lung-segmentation/data/scribbles/coronacases_006_slice_0119.npy,0,0,0.0,False
coronacases_006,120,/kaggle/working/scribble-uncertainty-lung-segmentation/data/scribbles/coronacases_006_slice_0120.npy,0,0,0.0,False
coronacases_006,121,/kaggle/working/scribble-uncertainty-lung-segmentation/data/scribbles/coronacases_006_slice_0121.npy,0,0,0.0,False
coronacases_006,122,/kaggle/working/scribble-uncertainty-lung-segmentation/data/scribbles/coronacases_006_slice_0122.npy,0,0,0.0,False
coronacases_006,123,/kaggle/working/scribble-uncertainty-lung-segmentation/data/scribbles/coronacases_006_slice_0123.npy,0,0,0.0,False
coronacases_006,124,/kaggle/working/scribble-uncertainty-lung-segmentation/data/scribbles/coronacases_006_slice_0124.npy,0,0,0.0,False
coronacases_006,125,/kaggle/working/scribble-uncertainty-lung-segmentation/data/scribbles/coronacases_006_slice_0125.npy,0,0,0.0,False
coronacases_006,126,/kaggle/working/scribble-uncertainty-lung-segmentation/data/scribbles/coronacases_006_slice_0126.npy,0,0,0.0,False
coronacases_006,127,/kaggle/working/scribble-uncertainty-lung-segmentation/data/scribbles/coronacases_006_slice_0127.npy,0,0,0.0,False
coronacases_006,128,/kaggle/working/scribble-uncertainty-lung-segmentation/data/scribbles/coronacases_006_slice_0128.npy,0,0,0.0,False
coronacases_006,129,/kaggle/working/scribble-uncertainty-lung-segmentation/data/scribbles/coronacases_006_slice_0129.npy,0,0,0.0,False
coronacases_006,130,/kaggle/working/scribble-uncertainty-lung-segmentation/data/scribbles/coronacases_006_slice_0130.npy,0,0,0.0,False
coronacases_006,131,/kaggle/working/scribble-uncertainty-lung-segmentation/data/scribbles/coronacases_006_slice_0131.npy,0,0,0.0,False
coronacases_006,132,/kaggle/working/scribble-uncertainty-lung-segmentation/data/scribbles/coronacases_006_slice_0132.npy,0,0,0.0,False
coronacases_006,133,/kaggle/working/scribble-uncertainty-lung-segmentation/data/scribbles/coronacases_006_slice_0133.npy,0,0,0.0,False
coronacases_006,134,/kaggle/working/scribble-uncertainty-lung-segmentation/data/scribbles/coronacases_006_slice_0134.npy,0,0,0.0,False
coronacases_006,135,/kaggle/working/scribble-uncertainty-lung-segmentation/data/scribbles/coronacases_006_slice_0135.npy,0,0,0.0,False
coronacases_006,136,/kaggle/working/scribble-uncertainty-lung-segmentation/data/scribbles/coronacases_006_slice_0136.npy,0,0,0.0,False
coronacases_006,137,/kaggle/working/scribble-uncertainty-lung-segmentation/data/scribbles/coronacases_006_slice_0137.npy,0,0,0.0,False
coronacases_006,138,/kaggle/working/scribble-uncertainty-lung-segmentation/data/scribbles/coronacases_006_slice_0138.npy,0,0,0.0,False
coronacases_006,139,/kaggle/working/scribble-uncertainty-lung-segmentation/data/scribbles/coronacases_006_slice_0139.npy,0,0,0.0,False
coronacases_006,140,/kaggle/working/scribble-uncertainty-lung-segmentation/data/scribbles/coronacases_006_slice_0140.npy,0,0,0.0,False
coronacases_006,141,/kaggle/working/scribble-uncertainty-lung-segmentation/data/scribbles/coronacases_006_slice_0141.npy,0,0,0.0,False
coronacases_006,142,/kaggle/working/scribble-uncertainty-lung-segmentation/data/scribbles/coronacases_006_slice_0142.npy,0,0,0.0,False
coronacases_006,143,/kaggle/working/scribble-uncertainty-lung-segmentation/data/scribbles/coronacases_006_slice_0143.npy,0,0,0.0,False
coronacases_006,144,/kaggle/working/scribble-uncertainty-lung-segmentation/data/scribbles/coronacases_006_slice_0144.npy,0,0,0.0,False
coronacases_006,145,/kaggle/working/scribble-uncertainty-lung-segmentation/data/scribbles/coronacases_006_slice_0145.npy,0,0,0.0,False
coronacases_006,146,/kaggle/working/scribble-uncertainty-lung-segmentation/data/scribbles/coronacases_006_slice_0146.npy,0,0,0.0,False
coronacases_006,147,/kaggle/working/scribble-uncertainty-lung-segmentation/data/scribbles/coronacases_006_slice_0147.npy,0,0,0.0,False
coronacases_006,148,/kaggle/working/scribble-uncertainty-lung-segmentation/data/scribbles/coronacases_006_slice_0148.npy,0,0,0.0,False
coronacases_006,149,/kaggle/working/scribble-uncertainty-lung-segmentation/data/scribbles/coronacases_006_slice_0149.npy,0,0,0.0,False
coronacases_006,150,/kaggle/working/scribble-uncertainty-lung-segmentation/data/scribbles/coronacases_006_slice_0150.npy,0,0,0.0,False
coronacases_006,151,/kaggle/working/scribble-uncertainty-lung-segmentation/data/scribbles/coronacases_006_slice_0151.npy,0,0,0.0,False
coronacases_006,152,/kaggle/working/scribble-uncertainty-lung-segmentation/data/scribbles/coronacases_006_slice_0152.npy,0,0,0.0,False
coronacases_006,153,/kaggle/working/scribble-uncertainty-lung-segmentation/data/scribbles/coronacases_006_slice_0153.npy,0,0,0.0,False
coronacases_006,154,/kaggle/working/scribble-uncertainty-lung-segmentation/data/scribbles/coronacases_006_slice_0154.npy,0,0,0.0,False
coronacases_006,155,/kaggle/working/scribble-uncertainty-lung-segmentation/data/scribbles/coronacases_006_slice_0155.npy,0,0,0.0,False
coronacases_006,156,/kaggle/working/scribble-uncertainty-lung-segmentation/data/scribbles/coronacases_006_slice_0156.npy,0,0,0.0,False
coronacases_006,157,/kaggle/working/scribble-uncertainty-lung-segmentation/data/scribbles/coronacases_006_slice_0157.npy,0,0,0.0,False
coronacases_006,158,/kaggle/working/scribble-uncertainty-lung-segmentation/data/scribbles/coronacases_006_slice_0158.npy,0,0,0.0,False
coronacases_006,159,/kaggle/working/scribble-uncertainty-lung-segmentation/data/scribbles/coronacases_006_slice_0159.npy,0,0,0.0,False
coronacases_006,160,/kaggle/working/scribble-uncertainty-lung-segmentation/data/scribbles/coronacases_006_slice_0160.npy,0,0,0.0,False
coronacases_006,161,/kaggle/working/scribble-uncertainty-lung-segmentation/data/scribbles/coronacases_006_slice_0161.npy,0,0,0.0,False
coronacases_006,162,/kaggle/working/scribble-uncertainty-lung-segmentation/data/scribbles/coronacases_006_slice_0162.npy,0,0,0.0,False
coronacases_006,163,/kaggle/working/scribble-uncertainty-lung-segmentation/data/scribbles/coronacases_006_slice_0163.npy,0,0,0.0,False
coronacases_006,164,/kaggle/working/scribble-uncertainty-lung-segmentation/data/scribbles/coronacases_006_slice_0164.npy,0,0,0.0,False
coronacases_006,165,/kaggle/working/scribble-uncertainty-lung-segmentation/data/scribbles/coronacases_006_slice_0165.npy,0,0,0.0,False
coronacases_006,166,/kaggle/working/scribble-uncertainty-lung-segmentation/data/scribbles/coronacases_006_slice_0166.npy,0,0,0.0,False
coronacases_006,167,/kaggle/working/scribble-uncertainty-lung-segmentation/data/scribbles/coronacases_006_slice_0167.npy,0,0,0.0,False
coronacases_006,168,/kaggle/working/scribble-uncertainty-lung-segmentation/data/scribbles/coronacases_006_slice_0168.npy,0,0,0.0,False
coronacases_006,169,/kaggle/working/scribble-uncertainty-lung-segmentation/data/scribbles/coronacases_006_slice_0169.npy,0,0,0.0,False
coronacases_006,170,/kaggle/working/scribble-uncertainty-lung-segmentation/data/scribbles/coronacases_006_slice_0170.npy,0,0,0.0,False
coronacases_006,171,/kaggle/working/scribble-uncertainty-lung-segmentation/data/scribbles/coronacases_006_slice_0171.npy,0,0,0.0,False
coronacases_006,172,/kaggle/working/scribble-uncertainty-lung-segmentation/data/scribbles/coronacases_006_slice_0172.npy,0,0,0.0,False
coronacases_006,173,/kaggle/working/scribble-uncertainty-lung-segmentation/data/scribbles/coronacases_006_slice_0173.npy,0,0,0.0,False
coronacases_006,174,/kaggle/working/scribble-uncertainty-lung-segmentation/data/scribbles/coronacases_006_slice_0174.npy,0,0,0.0,False
coronacases_006,175,/kaggle/working/scribble-uncertainty-lung-segmentation/data/scribbles/coronacases_006_slice_0175.npy,0,0,0.0,False
coronacases_006,176,/kaggle/working/scribble-uncertainty-lung-segmentation/data/scribbles/coronacases_006_slice_0176.npy,0,0,0.0,False
coronacases_006,177,/kaggle/working/scribble-uncertainty-lung-segmentation/data/scribbles/coronacases_006_slice_0177.npy,0,0,0.0,False
coronacases_006,178,/kaggle/working/scribble-uncertainty-lung-segmentation/data/scribbles/coronacases_006_slice_0178.npy,0,0,0.0,False
coronacases_006,179,/kaggle/working/scribble-uncertainty-lung-segmentation/data/scribbles/coronacases_006_slice_0179.npy,0,0,0.0,False
coronacases_006,180,/kaggle/working/scribble-uncertainty-lung-segmentation/data/scribbles/coronacases_006_slice_0180.npy,0,0,0.0,False
coronacases_006,181,/kaggle/working/scribble-uncertainty-lung-segmentation/data/scribbles/coronacases_006_slice_0181.npy,0,0,0.0,False
coronacases_006,182,/kaggle/working/scribble-uncertainty-lung-segmentation/data/scribbles/coronacases_006_slice_0182.npy,0,0,0.0,False
coronacases_006,183,/kaggle/working/scribble-uncertainty-lung-segmentation/data/scribbles/coronacases_006_slice_0183.npy,0,0,0.0,False
coronacases_006,184,/kaggle/working/scribble-uncertainty-lung-segmentation/data/scribbles/coronacases_006_slice_0184.npy,0,0,0.0,False
coronacases_006,185,/kaggle/working/scribble-uncertainty-lung-segmentation/data/scribbles/coronacases_006_slice_0185.npy,0,0,0.0,False
coronacases_006,186,/kaggle/working/scribble-uncertainty-lung-segmentation/data/scribbles/coronacases_006_slice_0186.npy,0,0,0.0,False
coronacases_006,187,/kaggle/working/scribble-uncertainty-lung-segmentation/data/scribbles/coronacases_006_slice_0187.npy,0,0,0.0,False
coronacases_006,188,/kaggle/working/scribble-uncertainty-lung-segmentation/data/scribbles/coronacases_006_slice_0188.npy,0,0,0.0,False
coronacases_006,189,/kaggle/working/scribble-uncertainty-lung-segmentation/data/scribbles/coronacases_006_slice_0189.npy,0,0,0.0,False
coronacases_006,190,/kaggle/working/scribble-uncertainty-lung-segmentation/data/scribbles/coronacases_006_slice_0190.npy,0,0,0.0,False
coronacases_006,191,/kaggle/working/scribble-uncertainty-lung-segmentation/data/scribbles/coronacases_006_slice_0191.npy,0,0,0.0,False
coronacases_006,192,/kaggle/working/scribble-uncertainty-lung-segmentation/data/scribbles/coronacases_006_slice_0192.npy,0,0,0.0,False
coronacases_006,193,/kaggle/working/scribble-uncertainty-lung-segmentation/data/scribbles/coronacases_006_slice_0193.npy,0,0,0.0,False
coronacases_006,194,/kaggle/working/scribble-uncertainty-lung-segmentation/data/scribbles/coronacases_006_slice_0194.npy,0,0,0.0,False
coronacases_006,195,/kaggle/working/scribble-uncertainty-lung-segmentation/data/scribbles/coronacases_006_slice_0195.npy,0,0,0.0,False
coronacases_007,11,/kaggle/working/scribble-uncertainty-lung-segmentation/data/scribbles/coronacases_007_slice_0011.npy,0,0,0.0,False
coronacases_007,12,/kaggle/working/scribble-uncertainty-lung-segmentation/data/scribbles/coronacases_007_slice_0012.npy,0,0,0.0,False
coronacases_007,13,/kaggle/working/scribble-uncertainty-lung-segmentation/data/scribbles/coronacases_007_slice_0013.npy,0,0,0.0,False
coronacases_007,14,/kaggle/working/scribble-uncertainty-lung-segmentation/data/scribbles/coronacases_007_slice_0014.npy,0,0,0.0,False
coronacases_007,15,/kaggle/working/scribble-uncertainty-lung-segmentation/data/scribbles/coronacases_007_slice_0015.npy,0,0,0.0,False
coronacases_007,16,/kaggle/working/scribble-uncertainty-lung-segmentation/data/scribbles/coronacases_007_slice_0016.npy,0,0,0.0,False
coronacases_007,17,/kaggle/working/scribble-uncertainty-lung-segmentation/data/scribbles/coronacases_007_slice_0017.npy,0,0,0.0,False
coronacases_007,18,/kaggle/working/scribble-uncertainty-lung-segmentation/data/scribbles/coronacases_007_slice_0018.npy,0,0,0.0,False
coronacases_007,19,/kaggle/working/scribble-uncertainty-lung-segmentation/data/scribbles/coronacases_007_slice_0019.npy,0,0,0.0,False
coronacases_007,20,/kaggle/working/scribble-uncertainty-lung-segmentation/data/scribbles/coronacases_007_slice_0020.npy,0,0,0.0,False
coronacases_007,21,/kaggle/working/scribble-uncertainty-lung-segmentation/data/scribbles/coronacases_007_slice_0021.npy,0,0,0.0,False
coronacases_007,22,/kaggle/working/scribble-uncertainty-lung-segmentation/data/scribbles/coronacases_007_slice_0022.npy,0,0,0.0,False
coronacases_007,23,/kaggle/working/scribble-uncertainty-lung-segmentation/data/scribbles/coronacases_007_slice_0023.npy,0,0,0.0,False
coronacases_007,24,/kaggle/working/scribble-uncertainty-lung-segmentation/data/scribbles/coronacases_007_slice_0024.npy,0,0,0.0,False
coronacases_007,25,/kaggle/working/scribble-uncertainty-lung-segmentation/data/scribbles/coronacases_007_slice_0025.npy,0,0,0.0,False
coronacases_007,26,/kaggle/working/scribble-uncertainty-lung-segmentation/data/scribbles/coronacases_007_slice_0026.npy,0,0,0.0,False
coronacases_007,27,/kaggle/working/scribble-uncertainty-lung-segmentation/data/scribbles/coronacases_007_slice_0027.npy,0,0,0.0,False
coronacases_007,28,/kaggle/working/scribble-uncertainty-lung-segmentation/data/scribbles/coronacases_007_slice_0028.npy,0,0,0.0,False
coronacases_007,29,/kaggle/working/scribble-uncertainty-lung-segmentation/data/scribbles/coronacases_007_slice_0029.npy,0,0,0.0,False
coronacases_007,30,/kaggle/working/scribble-uncertainty-lung-segmentation/data/scribbles/coronacases_007_slice_0030.npy,0,0,0.0,False
coronacases_007,31,/kaggle/working/scribble-uncertainty-lung-segmentation/data/scribbles/coronacases_007_slice_0031.npy,0,0,0.0,False
coronacases_007,32,/kaggle/working/scribble-uncertainty-lung-segmentation/data/scribbles/coronacases_007_slice_0032.npy,0,0,0.0,False
coronacases_007,33,/kaggle/working/scribble-uncertainty-lung-segmentation/data/scribbles/coronacases_007_slice_0033.npy,0,0,0.0,False
coronacases_007,34,/kaggle/working/scribble-uncertainty-lung-segmentation/data/scribbles/coronacases_007_slice_0034.npy,0,0,0.0,False
coronacases_007,35,/kaggle/working/scribble-uncertainty-lung-segmentation/data/scribbles/coronacases_007_slice_0035.npy,0,0,0.0,False
coronacases_007,36,/kaggle/working/scribble-uncertainty-lung-segmentation/data/scribbles/coronacases_007_slice_0036.npy,0,0,0.0,False
coronacases_007,37,/kaggle/working/scribble-uncertainty-lung-segmentation/data/scribbles/coronacases_007_slice_0037.npy,0,0,0.0,False
coronacases_007,38,/kaggle/working/scribble-uncertainty-lung-segmentation/data/scribbles/coronacases_007_slice_0038.npy,0,0,0.0,False
coronacases_007,39,/kaggle/working/scribble-uncertainty-lung-segmentation/data/scribbles/coronacases_007_slice_0039.npy,0,0,0.0,False
coronacases_007,40,/kaggle/working/scribble-uncertainty-lung-segmentation/data/scribbles/coronacases_007_slice_0040.npy,0,0,0.0,False
coronacases_007,41,/kaggle/working/scribble-uncertainty-lung-segmentation/data/scribbles/coronacases_007_slice_0041.npy,0,0,0.0,False
coronacases_007,42,/kaggle/working/scribble-uncertainty-lung-segmentation/data/scribbles/coronacases_007_slice_0042.npy,0,0,0.0,False
coronacases_007,43,/kaggle/working/scribble-uncertainty-lung-segmentation/data/scribbles/coronacases_007_slice_0043.npy,0,0,0.0,False
coronacases_007,44,/kaggle/working/scribble-uncertainty-lung-segmentation/data/scribbles/coronacases_007_slice_0044.npy,0,0,0.0,False
coronacases_007,45,/kaggle/working/scribble-uncertainty-lung-segmentation/data/scribbles/coronacases_007_slice_0045.npy,0,0,0.0,False
coronacases_007,46,/kaggle/working/scribble-uncertainty-lung-segmentation/data/scribbles/coronacases_007_slice_0046.npy,0,0,0.0,False
coronacases_007,47,/kaggle/working/scribble-uncertainty-lung-segmentation/data/scribbles/coronacases_007_slice_0047.npy,0,0,0.0,False
coronacases_007,48,/kaggle/working/scribble-uncertainty-lung-segmentation/data/scribbles/coronacases_007_slice_0048.npy,0,0,0.0,False
coronacases_007,49,/kaggle/working/scribble-uncertainty-lung-segmentation/data/scribbles/coronacases_007_slice_0049.npy,0,0,0.0,False
coronacases_007,50,/kaggle/working/scribble-uncertainty-lung-segmentation/data/scribbles/coronacases_007_slice_0050.npy,0,0,0.0,False
coronacases_007,51,/kaggle/working/scribble-uncertainty-lung-segmentation/data/scribbles/coronacases_007_slice_0051.npy,0,0,0.0,False
coronacases_007,52,/kaggle/working/scribble-uncertainty-lung-segmentation/data/scribbles/coronacases_007_slice_0052.npy,0,0,0.0,False
coronacases_007,53,/kaggle/working/scribble-uncertainty-lung-segmentation/data/scribbles/coronacases_007_slice_0053.npy,0,0,0.0,False
coronacases_007,54,/kaggle/working/scribble-uncertainty-lung-segmentation/data/scribbles/coronacases_007_slice_0054.npy,0,0,0.0,False
coronacases_007,55,/kaggle/working/scribble-uncertainty-lung-segmentation/data/scribbles/coronacases_007_slice_0055.npy,0,0,0.0,False
coronacases_007,56,/kaggle/working/scribble-uncertainty-lung-segmentation/data/scribbles/coronacases_007_slice_0056.npy,0,0,0.0,False
coronacases_007,57,/kaggle/working/scribble-uncertainty-lung-segmentation/data/scribbles/coronacases_007_slice_0057.npy,0,0,0.0,False
coronacases_007,58,/kaggle/working/scribble-uncertainty-lung-segmentation/data/scribbles/coronacases_007_slice_0058.npy,19,9,0.4736842102770083,True
coronacases_007,59,/kaggle/working/scribble-uncertainty-lung-segmentation/data/scribbles/coronacases_007_slice_0059.npy,20,9,0.449999999775,True
coronacases_007,60,/kaggle/working/scribble-uncertainty-lung-segmentation/data/scribbles/coronacases_007_slice_0060.npy,16,9,0.5624999996484374,True
coronacases_007,61,/kaggle/working/scribble-uncertainty-lung-segmentation/data/scribbles/coronacases_007_slice_0061.npy,19,9,0.4736842102770083,True
coronacases_007,62,/kaggle/working/scribble-uncertainty-lung-segmentation/data/scribbles/coronacases_007_slice_0062.npy,19,9,0.4736842102770083,True
coronacases_007,63,/kaggle/working/scribble-uncertainty-lung-segmentation/data/scribbles/coronacases_007_slice_0063.npy,13,9,0.6923076917751478,True
coronacases_007,64,/kaggle/working/scribble-uncertainty-lung-segmentation/data/scribbles/coronacases_007_slice_0064.npy,0,0,0.0,False
coronacases_007,65,/kaggle/working/scribble-uncertainty-lung-segmentation/data/scribbles/coronacases_007_slice_0065.npy,0,0,0.0,False
coronacases_007,66,/kaggle/working/scribble-uncertainty-lung-segmentation/data/scribbles/coronacases_007_slice_0066.npy,0,0,0.0,False
coronacases_007,67,/kaggle/working/scribble-uncertainty-lung-segmentation/data/scribbles/coronacases_007_slice_0067.npy,0,0,0.0,False
coronacases_007,68,/kaggle/working/scribble-uncertainty-lung-segmentation/data/scribbles/coronacases_007_slice_0068.npy,0,0,0.0,False
coronacases_007,69,/kaggle/working/scribble-uncertainty-lung-segmentation/data/scribbles/coronacases_007_slice_0069.npy,0,0,0.0,False
coronacases_007,70,/kaggle/working/scribble-uncertainty-lung-segmentation/data/scribbles/coronacases_007_slice_0070.npy,0,0,0.0,False
coronacases_007,71,/kaggle/working/scribble-uncertainty-lung-segmentation/data/scribbles/coronacases_007_slice_0071.npy,0,0,0.0,False
coronacases_007,72,/kaggle/working/scribble-uncertainty-lung-segmentation/data/scribbles/coronacases_007_slice_0072.npy,0,0,0.0,False
coronacases_007,73,/kaggle/working/scribble-uncertainty-lung-segmentation/data/scribbles/coronacases_007_slice_0073.npy,0,0,0.0,False
coronacases_007,74,/kaggle/working/scribble-uncertainty-lung-segmentation/data/scribbles/coronacases_007_slice_0074.npy,7,9,1.285714283877551,True
coronacases_007,75,/kaggle/working/scribble-uncertainty-lung-segmentation/data/scribbles/coronacases_007_slice_0075.npy,16,9,0.5624999996484374,True
coronacases_007,76,/kaggle/working/scribble-uncertainty-lung-segmentation/data/scribbles/coronacases_007_slice_0076.npy,58,9,0.15517241376634958,True
coronacases_007,77,/kaggle/working/scribble-uncertainty-lung-segmentation/data/scribbles/coronacases_007_slice_0077.npy,57,9,0.15789473681440444,True
coronacases_007,78,/kaggle/working/scribble-uncertainty-lung-segmentation/data/scribbles/coronacases_007_slice_0078.npy,76,9,0.11842105261599724,True
coronacases_007,79,/kaggle/working/scribble-uncertainty-lung-segmentation/data/scribbles/coronacases_007_slice_0079.npy,63,9,0.14285714283446713,True
coronacases_007,80,/kaggle/working/scribble-uncertainty-lung-segmentation/data/scribbles/coronacases_007_slice_0080.npy,61,9,0.14754098358237033,True
coronacases_007,81,/kaggle/working/scribble-uncertainty-lung-segmentation/data/scribbles/coronacases_007_slice_0081.npy,82,9,0.10975609754759073,True
coronacases_007,82,/kaggle/working/scribble-uncertainty-lung-segmentation/data/scribbles/coronacases_007_slice_0082.npy,97,9,0.09278350514507387,True
coronacases_007,83,/kaggle/working/scribble-uncertainty-lung-segmentation/data/scribbles/coronacases_007_slice_0083.npy,91,9,0.09890109889023066,True
coronacases_007,84,/kaggle/working/scribble-uncertainty-lung-segmentation/data/scribbles/coronacases_007_slice_0084.npy,86,9,0.10465116277852894,True
coronacases_007,85,/kaggle/working/scribble-uncertainty-lung-segmentation/data/scribbles/coronacases_007_slice_0085.npy,102,9,0.08823529410899654,True
coronacases_007,86,/kaggle/working/scribble-uncertainty-lung-segmentation/data/scribbles/coronacases_007_slice_0086.npy,216,18,0.0833333333294753,True
coronacases_007,87,/kaggle/working/scribble-uncertainty-lung-segmentation/data/scribbles/coronacases_007_slice_0087.npy,312,27,0.08653846153568787,True
coronacases_007,88,/kaggle/working/scribble-uncertainty-lung-segmentation/data/scribbles/coronacases_007_slice_0088.npy,280,32,0.11428571428163264,True
coronacases_007,89,/kaggle/working/scribble-uncertainty-lung-segmentation/data/scribbles/coronacases_007_slice_0089.npy,467,48,0.1027837259078633,True
coronacases_007,90,/kaggle/working/scribble-uncertainty-lung-segmentation/data/scribbles/coronacases_007_slice_0090.npy,398,34,0.08542713567624555,True
coronacases_007,91,/kaggle/working/scribble-uncertainty-lung-segmentation/data/scribbles/coronacases_007_slice_0091.npy,425,41,0.09647058823302422,True
coronacases_007,92,/kaggle/working/scribble-uncertainty-lung-segmentation/data/scribbles/coronacases_007_slice_0092.npy,609,56,0.09195402298699583,True
coronacases_007,93,/kaggle/working/scribble-uncertainty-lung-segmentation/data/scribbles/coronacases_007_slice_0093.npy,624,49,0.0785256410243826,True
coronacases_007,94,/kaggle/working/scribble-uncertainty-lung-segmentation/data/scribbles/coronacases_007_slice_0094.npy,609,59,0.09688013136129918,True
coronacases_007,95,/kaggle/working/scribble-uncertainty-lung-segmentation/data/scribbles/coronacases_007_slice_0095.npy,637,55,0.08634222919801661,True
coronacases_007,96,/kaggle/working/scribble-uncertainty-lung-segmentation/data/scribbles/coronacases_007_slice_0096.npy,602,68,0.11295681062935288,True
coronacases_007,97,/kaggle/working/scribble-uncertainty-lung-segmentation/data/scribbles/coronacases_007_slice_0097.npy,713,61,0.085553997193751,True
coronacases_007,98,/kaggle/working/scribble-uncertainty-lung-segmentation/data/scribbles/coronacases_007_slice_0098.npy,624,60,0.09615384615230523,True
coronacases_007,99,/kaggle/working/scribble-uncertainty-lung-segmentation/data/scribbles/coronacases_007_slice_0099.npy,674,60,0.08902077151203233,True
coronacases_007,100,/kaggle/working/scribble-uncertainty-lung-segmentation/data/scribbles/coronacases_007_slice_0100.npy,538,39,0.07249070631835519,True
coronacases_007,101,/kaggle/working/scribble-uncertainty-lung-segmentation/data/scribbles/coronacases_007_slice_0101.npy,539,41,0.07606679035109339,True
coronacases_007,102,/kaggle/working/scribble-uncertainty-lung-segmentation/data/scribbles/coronacases_007_slice_0102.npy,561,56,0.09982174687879106,True
coronacases_007,103,/kaggle/working/scribble-uncertainty-lung-segmentation/data/scribbles/coronacases_007_slice_0103.npy,605,63,0.10413223140323748,True
coronacases_007,104,/kaggle/working/scribble-uncertainty-lung-segmentation/data/scribbles/coronacases_007_slice_0104.npy,632,50,0.07911392404938111,True
coronacases_007,105,/kaggle/working/scribble-uncertainty-lung-segmentation/data/scribbles/coronacases_007_slice_0105.npy,634,69,0.10883280756926131,True
coronacases_007,106,/kaggle/working/scribble-uncertainty-lung-segmentation/data/scribbles/coronacases_007_slice_0106.npy,604,75,0.12417218542840774,True
coronacases_007,107,/kaggle/working/scribble-uncertainty-lung-segmentation/data/scribbles/coronacases_007_slice_0107.npy,587,61,0.10391822827761639,True
coronacases_007,108,/kaggle/working/scribble-uncertainty-lung-segmentation/data/scribbles/coronacases_007_slice_0108.npy,632,50,0.07911392404938111,True
coronacases_007,109,/kaggle/working/scribble-uncertainty-lung-segmentation/data/scribbles/coronacases_007_slice_0109.npy,609,45,0.07389162561455022,True
coronacases_007,110,/kaggle/working/scribble-uncertainty-lung-segmentation/data/scribbles/coronacases_007_slice_0110.npy,578,42,0.07266435986033452,True
coronacases_007,111,/kaggle/working/scribble-uncertainty-lung-segmentation/data/scribbles/coronacases_007_slice_0111.npy,539,44,0.08163265305970997,True
coronacases_007,112,/kaggle/working/scribble-uncertainty-lung-segmentation/data/scribbles/coronacases_007_slice_0112.npy,587,44,0.07495741056090362,True
coronacases_007,113,/kaggle/working/scribble-uncertainty-lung-segmentation/data/scribbles/coronacases_007_slice_0113.npy,500,54,0.10799999999784,True
coronacases_007,114,/kaggle/working/scribble-uncertainty-lung-segmentation/data/scribbles/coronacases_007_slice_0114.npy,618,54,0.08737864077528514,True
coronacases_007,115,/kaggle/working/scribble-uncertainty-lung-segmentation/data/scribbles/coronacases_007_slice_0115.npy,697,71,0.10186513629696033,True
coronacases_007,116,/kaggle/working/scribble-uncertainty-lung-segmentation/data/scribbles/coronacases_007_slice_0116.npy,699,70,0.10014306151501941,True
coronacases_007,117,/kaggle/working/scribble-uncertainty-lung-segmentation/data/scribbles/coronacases_007_slice_0117.npy,700,59,0.0842857142845102,True
coronacases_007,118,/kaggle/working/scribble-uncertainty-lung-segmentation/data/scribbles/coronacases_007_slice_0118.npy,749,60,0.08010680907770218,True
coronacases_007,119,/kaggle/working/scribble-uncertainty-lung-segmentation/data/scribbles/coronacases_007_slice_0119.npy,720,64,0.08888888888765432,True
coronacases_007,120,/kaggle/working/scribble-uncertainty-lung-segmentation/data/scribbles/coronacases_007_slice_0120.npy,729,64,0.08779149519769833,True
coronacases_007,121,/kaggle/working/scribble-uncertainty-lung-segmentation/data/scribbles/coronacases_007_slice_0121.npy,728,70,0.09615384615252535,True
coronacases_007,122,/kaggle/working/scribble-uncertainty-lung-segmentation/data/scribbles/coronacases_007_slice_0122.npy,707,75,0.10608203677360563,True
coronacases_007,123,/kaggle/working/scribble-uncertainty-lung-segmentation/data/scribbles/coronacases_007_slice_0123.npy,650,59,0.09076923076783432,True
coronacases_007,124,/kaggle/working/scribble-uncertainty-lung-segmentation/data/scribbles/coronacases_007_slice_0124.npy,720,64,0.08888888888765432,True
coronacases_007,125,/kaggle/working/scribble-uncertainty-lung-segmentation/data/scribbles/coronacases_007_slice_0125.npy,713,87,0.12201963534190716,True
coronacases_007,126,/kaggle/working/scribble-uncertainty-lung-segmentation/data/scribbles/coronacases_007_slice_0126.npy,673,84,0.12481426448551539,True
coronacases_007,127,/kaggle/working/scribble-uncertainty-lung-segmentation/data/scribbles/coronacases_007_slice_0127.npy,770,82,0.10649350649212345,True
coronacases_007,128,/kaggle/working/scribble-uncertainty-lung-segmentation/data/scribbles/coronacases_007_slice_0128.npy,857,95,0.11085180863347897,True
coronacases_007,129,/kaggle/working/scribble-uncertainty-lung-segmentation/data/scribbles/coronacases_007_slice_0129.npy,824,95,0.11529126213452316,True
coronacases_007,130,/kaggle/working/scribble-uncertainty-lung-segmentation/data/scribbles/coronacases_007_slice_0130.npy,845,69,0.08165680473276146,True
coronacases_007,131,/kaggle/working/scribble-uncertainty-lung-segmentation/data/scribbles/coronacases_007_slice_0131.npy,788,81,0.10279187817128436,True
coronacases_007,132,/kaggle/working/scribble-uncertainty-lung-segmentation/data/scribbles/coronacases_007_slice_0132.npy,749,77,0.10280373831638447,True
coronacases_007,133,/kaggle/working/scribble-uncertainty-lung-segmentation/data/scribbles/coronacases_007_slice_0133.npy,741,56,0.0755735492567399,True
coronacases_007,134,/kaggle/working/scribble-uncertainty-lung-segmentation/data/scribbles/coronacases_007_slice_0134.npy,738,67,0.09078590785784843,True
coronacases_007,135,/kaggle/working/scribble-uncertainty-lung-segmentation/data/scribbles/coronacases_007_slice_0135.npy,703,53,0.07539118065326612,True
coronacases_007,136,/kaggle/working/scribble-uncertainty-lung-segmentation/data/scribbles/coronacases_007_slice_0136.npy,702,62,0.08831908831783021,True
coronacases_007,137,/kaggle/working/scribble-uncertainty-lung-segmentation/data/scribbles/coronacases_007_slice_0137.npy,789,70,0.08871989860470571,True
coronacases_007,138,/kaggle/working/scribble-uncertainty-lung-segmentation/data/scribbles/coronacases_007_slice_0138.npy,812,67,0.0825123152699198,True
coronacases_007,139,/kaggle/working/scribble-uncertainty-lung-segmentation/data/scribbles/coronacases_007_slice_0139.npy,716,87,0.12150837988657111,True
coronacases_007,140,/kaggle/working/scribble-uncertainty-lung-segmentation/data/scribbles/coronacases_007_slice_0140.npy,751,95,0.12649800266143146,True
coronacases_007,141,/kaggle/working/scribble-uncertainty-lung-segmentation/data/scribbles/coronacases_007_slice_0141.npy,786,76,0.09669211195805735,True
coronacases_007,142,/kaggle/working/scribble-uncertainty-lung-segmentation/data/scribbles/coronacases_007_slice_0142.npy,712,62,0.08707865168417024,True
coronacases_007,143,/kaggle/working/scribble-uncertainty-lung-segmentation/data/scribbles/coronacases_007_slice_0143.npy,710,79,0.11126760563223567,True
coronacases_007,144,/kaggle/working/scribble-uncertainty-lung-segmentation/data/scribbles/coronacases_007_slice_0144.npy,641,85,0.13260530421009975,True
coronacases_007,145,/kaggle/working/scribble-uncertainty-lung-segmentation/data/scribbles/coronacases_007_slice_0145.npy,521,77,0.14779270633113642,True
coronacases_007,146,/kaggle/working/scribble-uncertainty-lung-segmentation/data/scribbles/coronacases_007_slice_0146.npy,505,62,0.12277227722529163,True
coronacases_007,147,/kaggle/working/scribble-uncertainty-lung-segmentation/data/scribbles/coronacases_007_slice_0147.npy,452,62,0.13716814158988566,True
coronacases_007,148,/kaggle/working/scribble-uncertainty-lung-segmentation/data/scribbles/coronacases_007_slice_0148.npy,445,43,0.09662921348097463,True
coronacases_007,149,/kaggle/working/scribble-uncertainty-lung-segmentation/data/scribbles/coronacases_007_slice_0149.npy,421,46,0.10926365795464932,True
coronacases_007,150,/kaggle/working/scribble-uncertainty-lung-segmentation/data/scribbles/coronacases_007_slice_0150.npy,466,50,0.1072961373367533,True
coronacases_007,151,/kaggle/working/scribble-uncertainty-lung-segmentation/data/scribbles/coronacases_007_slice_0151.npy,485,39,0.08041237113236263,True
coronacases_007,152,/kaggle/working/scribble-uncertainty-lung-segmentation/data/scribbles/coronacases_007_slice_0152.npy,600,33,0.05499999999908333,True
coronacases_007,153,/kaggle/working/scribble-uncertainty-lung-segmentation/data/scribbles/coronacases_007_slice_0153.npy,503,51,0.10139165009738783,True
coronacases_007,154,/kaggle/working/scribble-uncertainty-lung-segmentation/data/scribbles/coronacases_007_slice_0154.npy,497,36,0.07243460764441781,True
coronacases_007,155,/kaggle/working/scribble-uncertainty-lung-segmentation/data/scribbles/coronacases_007_slice_0155.npy,382,30,0.0785340314115567,True
coronacases_007,156,/kaggle/working/scribble-uncertainty-lung-segmentation/data/scribbles/coronacases_007_slice_0156.npy,333,32,0.09609609609321032,True
coronacases_007,157,/kaggle/working/scribble-uncertainty-lung-segmentation/data/scribbles/coronacases_007_slice_0157.npy,202,30,0.14851485147779628,True
coronacases_007,158,/kaggle/working/scribble-uncertainty-lung-segmentation/data/scribbles/coronacases_007_slice_0158.npy,225,32,0.14222222221590122,True
coronacases_007,159,/kaggle/working/scribble-uncertainty-lung-segmentation/data/scribbles/coronacases_007_slice_0159.npy,76,9,0.11842105261599724,True
coronacases_007,160,/kaggle/working/scribble-uncertainty-lung-segmentation/data/scribbles/coronacases_007_slice_0160.npy,0,0,0.0,False
coronacases_007,161,/kaggle/working/scribble-uncertainty-lung-segmentation/data/scribbles/coronacases_007_slice_0161.npy,88,9,0.10227272726110538,True
coronacases_007,162,/kaggle/working/scribble-uncertainty-lung-segmentation/data/scribbles/coronacases_007_slice_0162.npy,0,0,0.0,False
coronacases_007,163,/kaggle/working/scribble-uncertainty-lung-segmentation/data/scribbles/coronacases_007_slice_0163.npy,0,0,0.0,False
coronacases_007,164,/kaggle/working/scribble-uncertainty-lung-segmentation/data/scribbles/coronacases_007_slice_0164.npy,0,0,0.0,False
coronacases_007,165,/kaggle/working/scribble-uncertainty-lung-segmentation/data/scribbles/coronacases_007_slice_0165.npy,0,0,0.0,False
coronacases_007,166,/kaggle/working/scribble-uncertainty-lung-segmentation/data/scribbles/coronacases_007_slice_0166.npy,0,0,0.0,False
coronacases_007,167,/kaggle/working/scribble-uncertainty-lung-segmentation/data/scribbles/coronacases_007_slice_0167.npy,0,0,0.0,False
coronacases_007,168,/kaggle/working/scribble-uncertainty-lung-segmentation/data/scribbles/coronacases_007_slice_0168.npy,0,0,0.0,False
coronacases_007,169,/kaggle/working/scribble-uncertainty-lung-segmentation/data/scribbles/coronacases_007_slice_0169.npy,0,0,0.0,False
coronacases_007,170,/kaggle/working/scribble-uncertainty-lung-segmentation/data/scribbles/coronacases_007_slice_0170.npy,0,0,0.0,False
coronacases_007,171,/kaggle/working/scribble-uncertainty-lung-segmentation/data/scribbles/coronacases_007_slice_0171.npy,0,0,0.0,False
coronacases_007,172,/kaggle/working/scribble-uncertainty-lung-segmentation/data/scribbles/coronacases_007_slice_0172.npy,0,0,0.0,False
coronacases_007,173,/kaggle/working/scribble-uncertainty-lung-segmentation/data/scribbles/coronacases_007_slice_0173.npy,0,0,0.0,False
coronacases_007,174,/kaggle/working/scribble-uncertainty-lung-segmentation/data/scribbles/coronacases_007_slice_0174.npy,0,0,0.0,False
coronacases_007,175,/kaggle/working/scribble-uncertainty-lung-segmentation/data/scribbles/coronacases_007_slice_0175.npy,0,0,0.0,False
coronacases_007,176,/kaggle/working/scribble-uncertainty-lung-segmentation/data/scribbles/coronacases_007_slice_0176.npy,0,0,0.0,False
coronacases_007,177,/kaggle/working/scribble-uncertainty-lung-segmentation/data/scribbles/coronacases_007_slice_0177.npy,0,0,0.0,False
coronacases_007,178,/kaggle/working/scribble-uncertainty-lung-segmentation/data/scribbles/coronacases_007_slice_0178.npy,0,0,0.0,False
coronacases_007,179,/kaggle/working/scribble-uncertainty-lung-segmentation/data/scribbles/coronacases_007_slice_0179.npy,0,0,0.0,False
coronacases_007,180,/kaggle/working/scribble-uncertainty-lung-segmentation/data/scribbles/coronacases_007_slice_0180.npy,0,0,0.0,False
coronacases_007,181,/kaggle/working/scribble-uncertainty-lung-segmentation/data/scribbles/coronacases_007_slice_0181.npy,0,0,0.0,False
coronacases_007,182,/kaggle/working/scribble-uncertainty-lung-segmentation/data/scribbles/coronacases_007_slice_0182.npy,0,0,0.0,False
coronacases_007,183,/kaggle/working/scribble-uncertainty-lung-segmentation/data/scribbles/coronacases_007_slice_0183.npy,0,0,0.0,False
coronacases_007,184,/kaggle/working/scribble-uncertainty-lung-segmentation/data/scribbles/coronacases_007_slice_0184.npy,0,0,0.0,False
coronacases_007,185,/kaggle/working/scribble-uncertainty-lung-segmentation/data/scribbles/coronacases_007_slice_0185.npy,0,0,0.0,False
coronacases_007,186,/kaggle/working/scribble-uncertainty-lung-segmentation/data/scribbles/coronacases_007_slice_0186.npy,0,0,0.0,False
coronacases_007,187,/kaggle/working/scribble-uncertainty-lung-segmentation/data/scribbles/coronacases_007_slice_0187.npy,0,0,0.0,False
coronacases_007,188,/kaggle/working/scribble-uncertainty-lung-segmentation/data/scribbles/coronacases_007_slice_0188.npy,0,0,0.0,False
coronacases_007,189,/kaggle/working/scribble-uncertainty-lung-segmentation/data/scribbles/coronacases_007_slice_0189.npy,0,0,0.0,False
coronacases_007,190,/kaggle/working/scribble-uncertainty-lung-segmentation/data/scribbles/coronacases_007_slice_0190.npy,0,0,0.0,False
coronacases_007,191,/kaggle/working/scribble-uncertainty-lung-segmentation/data/scribbles/coronacases_007_slice_0191.npy,0,0,0.0,False
coronacases_007,192,/kaggle/working/scribble-uncertainty-lung-segmentation/data/scribbles/coronacases_007_slice_0192.npy,0,0,0.0,False
coronacases_007,193,/kaggle/working/scribble-uncertainty-lung-segmentation/data/scribbles/coronacases_007_slice_0193.npy,0,0,0.0,False
coronacases_007,194,/kaggle/working/scribble-uncertainty-lung-segmentation/data/scribbles/coronacases_007_slice_0194.npy,0,0,0.0,False
coronacases_007,195,/kaggle/working/scribble-uncertainty-lung-segmentation/data/scribbles/coronacases_007_slice_0195.npy,0,0,0.0,False
coronacases_007,196,/kaggle/working/scribble-uncertainty-lung-segmentation/data/scribbles/coronacases_007_slice_0196.npy,0,0,0.0,False
coronacases_007,197,/kaggle/working/scribble-uncertainty-lung-segmentation/data/scribbles/coronacases_007_slice_0197.npy,0,0,0.0,False
coronacases_007,198,/kaggle/working/scribble-uncertainty-lung-segmentation/data/scribbles/coronacases_007_slice_0198.npy,0,0,0.0,False
coronacases_007,199,/kaggle/working/scribble-uncertainty-lung-segmentation/data/scribbles/coronacases_007_slice_0199.npy,0,0,0.0,False
coronacases_007,200,/kaggle/working/scribble-uncertainty-lung-segmentation/data/scribbles/coronacases_007_slice_0200.npy,0,0,0.0,False
coronacases_007,201,/kaggle/working/scribble-uncertainty-lung-segmentation/data/scribbles/coronacases_007_slice_0201.npy,0,0,0.0,False
coronacases_007,202,/kaggle/working/scribble-uncertainty-lung-segmentation/data/scribbles/coronacases_007_slice_0202.npy,0,0,0.0,False
coronacases_007,203,/kaggle/working/scribble-uncertainty-lung-segmentation/data/scribbles/coronacases_007_slice_0203.npy,0,0,0.0,False
coronacases_007,204,/kaggle/working/scribble-uncertainty-lung-segmentation/data/scribbles/coronacases_007_slice_0204.npy,0,0,0.0,False
coronacases_007,205,/kaggle/working/scribble-uncertainty-lung-segmentation/data/scribbles/coronacases_007_slice_0205.npy,0,0,0.0,False
coronacases_007,206,/kaggle/working/scribble-uncertainty-lung-segmentation/data/scribbles/coronacases_007_slice_0206.npy,0,0,0.0,False
coronacases_007,207,/kaggle/working/scribble-uncertainty-lung-segmentation/data/scribbles/coronacases_007_slice_0207.npy,0,0,0.0,False
coronacases_007,208,/kaggle/working/scribble-uncertainty-lung-segmentation/data/scribbles/coronacases_007_slice_0208.npy,0,0,0.0,False
coronacases_007,209,/kaggle/working/scribble-uncertainty-lung-segmentation/data/scribbles/coronacases_007_slice_0209.npy,0,0,0.0,False
coronacases_007,210,/kaggle/working/scribble-uncertainty-lung-segmentation/data/scribbles/coronacases_007_slice_0210.npy,0,0,0.0,False
coronacases_007,211,/kaggle/working/scribble-uncertainty-lung-segmentation/data/scribbles/coronacases_007_slice_0211.npy,0,0,0.0,False
coronacases_007,212,/kaggle/working/scribble-uncertainty-lung-segmentation/data/scribbles/coronacases_007_slice_0212.npy,0,0,0.0,False
coronacases_007,213,/kaggle/working/scribble-uncertainty-lung-segmentation/data/scribbles/coronacases_007_slice_0213.npy,0,0,0.0,False
coronacases_007,214,/kaggle/working/scribble-uncertainty-lung-segmentation/data/scribbles/coronacases_007_slice_0214.npy,0,0,0.0,False
coronacases_007,215,/kaggle/working/scribble-uncertainty-lung-segmentation/data/scribbles/coronacases_007_slice_0215.npy,0,0,0.0,False
coronacases_007,216,/kaggle/working/scribble-uncertainty-lung-segmentation/data/scribbles/coronacases_007_slice_0216.npy,0,0,0.0,False
coronacases_007,217,/kaggle/working/scribble-uncertainty-lung-segmentation/data/scribbles/coronacases_007_slice_0217.npy,0,0,0.0,False
coronacases_007,218,/kaggle/working/scribble-uncertainty-lung-segmentation/data/scribbles/coronacases_007_slice_0218.npy,0,0,0.0,False
coronacases_007,219,/kaggle/working/scribble-uncertainty-lung-segmentation/data/scribbles/coronacases_007_slice_0219.npy,0,0,0.0,False
coronacases_007,220,/kaggle/working/scribble-uncertainty-lung-segmentation/data/scribbles/coronacases_007_slice_0220.npy,0,0,0.0,False
coronacases_007,221,/kaggle/working/scribble-uncertainty-lung-segmentation/data/scribbles/coronacases_007_slice_0221.npy,0,0,0.0,False
coronacases_007,222,/kaggle/working/scribble-uncertainty-lung-segmentation/data/scribbles/coronacases_007_slice_0222.npy,0,0,0.0,False
coronacases_007,223,/kaggle/working/scribble-uncertainty-lung-segmentation/data/scribbles/coronacases_007_slice_0223.npy,0,0,0.0,False
coronacases_007,224,/kaggle/working/scribble-uncertainty-lung-segmentation/data/scribbles/coronacases_007_slice_0224.npy,0,0,0.0,False
coronacases_007,225,/kaggle/working/scribble-uncertainty-lung-segmentation/data/scribbles/coronacases_007_slice_0225.npy,0,0,0.0,False
coronacases_007,226,/kaggle/working/scribble-uncertainty-lung-segmentation/data/scribbles/coronacases_007_slice_0226.npy,0,0,0.0,False
coronacases_007,227,/kaggle/working/scribble-uncertainty-lung-segmentation/data/scribbles/coronacases_007_slice_0227.npy,0,0,0.0,False
coronacases_007,228,/kaggle/working/scribble-uncertainty-lung-segmentation/data/scribbles/coronacases_007_slice_0228.npy,0,0,0.0,False
coronacases_008,28,/kaggle/working/scribble-uncertainty-lung-segmentation/data/scribbles/coronacases_008_slice_0028.npy,0,0,0.0,False
coronacases_008,29,/kaggle/working/scribble-uncertainty-lung-segmentation/data/scribbles/coronacases_008_slice_0029.npy,0,0,0.0,False
coronacases_008,30,/kaggle/working/scribble-uncertainty-lung-segmentation/data/scribbles/coronacases_008_slice_0030.npy,0,0,0.0,False
coronacases_008,31,/kaggle/working/scribble-uncertainty-lung-segmentation/data/scribbles/coronacases_008_slice_0031.npy,0,0,0.0,False
coronacases_008,32,/kaggle/working/scribble-uncertainty-lung-segmentation/data/scribbles/coronacases_008_slice_0032.npy,0,0,0.0,False
coronacases_008,33,/kaggle/working/scribble-uncertainty-lung-segmentation/data/scribbles/coronacases_008_slice_0033.npy,0,0,0.0,False
coronacases_008,34,/kaggle/working/scribble-uncertainty-lung-segmentation/data/scribbles/coronacases_008_slice_0034.npy,0,0,0.0,False
coronacases_008,35,/kaggle/working/scribble-uncertainty-lung-segmentation/data/scribbles/coronacases_008_slice_0035.npy,0,0,0.0,False
coronacases_008,36,/kaggle/working/scribble-uncertainty-lung-segmentation/data/scribbles/coronacases_008_slice_0036.npy,0,0,0.0,False
coronacases_008,37,/kaggle/working/scribble-uncertainty-lung-segmentation/data/scribbles/coronacases_008_slice_0037.npy,0,0,0.0,False
coronacases_008,38,/kaggle/working/scribble-uncertainty-lung-segmentation/data/scribbles/coronacases_008_slice_0038.npy,0,0,0.0,False
coronacases_008,39,/kaggle/working/scribble-uncertainty-lung-segmentation/data/scribbles/coronacases_008_slice_0039.npy,0,0,0.0,False
coronacases_008,40,/kaggle/working/scribble-uncertainty-lung-segmentation/data/scribbles/coronacases_008_slice_0040.npy,0,0,0.0,False
coronacases_008,41,/kaggle/working/scribble-uncertainty-lung-segmentation/data/scribbles/coronacases_008_slice_0041.npy,0,0,0.0,False
coronacases_008,42,/kaggle/working/scribble-uncertainty-lung-segmentation/data/scribbles/coronacases_008_slice_0042.npy,0,0,0.0,False
coronacases_008,43,/kaggle/working/scribble-uncertainty-lung-segmentation/data/scribbles/coronacases_008_slice_0043.npy,0,0,0.0,False
coronacases_008,44,/kaggle/working/scribble-uncertainty-lung-segmentation/data/scribbles/coronacases_008_slice_0044.npy,0,0,0.0,False
coronacases_008,45,/kaggle/working/scribble-uncertainty-lung-segmentation/data/scribbles/coronacases_008_slice_0045.npy,0,0,0.0,False
coronacases_008,46,/kaggle/working/scribble-uncertainty-lung-segmentation/data/scribbles/coronacases_008_slice_0046.npy,0,0,0.0,False
coronacases_008,47,/kaggle/working/scribble-uncertainty-lung-segmentation/data/scribbles/coronacases_008_slice_0047.npy,0,0,0.0,False
coronacases_008,48,/kaggle/working/scribble-uncertainty-lung-segmentation/data/scribbles/coronacases_008_slice_0048.npy,16,9,0.5624999996484374,True
coronacases_008,49,/kaggle/working/scribble-uncertainty-lung-segmentation/data/scribbles/coronacases_008_slice_0049.npy,24,9,0.37499999984375,True
coronacases_008,50,/kaggle/working/scribble-uncertainty-lung-segmentation/data/scribbles/coronacases_008_slice_0050.npy,31,9,0.29032258055150884,True
coronacases_008,51,/kaggle/working/scribble-uncertainty-lung-segmentation/data/scribbles/coronacases_008_slice_0051.npy,32,9,0.28124999991210936,True
coronacases_008,52,/kaggle/working/scribble-uncertainty-lung-segmentation/data/scribbles/coronacases_008_slice_0052.npy,29,9,0.31034482747919145,True
coronacases_008,53,/kaggle/working/scribble-uncertainty-lung-segmentation/data/scribbles/coronacases_008_slice_0053.npy,40,9,0.22499999994375,True
coronacases_008,54,/kaggle/working/scribble-uncertainty-lung-segmentation/data/scribbles/coronacases_008_slice_0054.npy,35,9,0.2571428570693878,True
coronacases_008,55,/kaggle/working/scribble-uncertainty-lung-segmentation/data/scribbles/coronacases_008_slice_0055.npy,82,18,0.21951219509518147,True
coronacases_008,56,/kaggle/working/scribble-uncertainty-lung-segmentation/data/scribbles/coronacases_008_slice_0056.npy,161,18,0.11180124222908067,True
coronacases_008,57,/kaggle/working/scribble-uncertainty-lung-segmentation/data/scribbles/coronacases_008_slice_0057.npy,216,18,0.0833333333294753,True
coronacases_008,58,/kaggle/working/scribble-uncertainty-lung-segmentation/data/scribbles/coronacases_008_slice_0058.npy,237,25,0.1054852320630597,True
coronacases_008,59,/kaggle/working/scribble-uncertainty-lung-segmentation/data/scribbles/coronacases_008_slice_0059.npy,219,27,0.12328767122724714,True
coronacases_008,60,/kaggle/working/scribble-uncertainty-lung-segmentation/data/scribbles/coronacases_008_slice_0060.npy,194,30,0.15463917524976087,True
coronacases_008,61,/kaggle/working/scribble-uncertainty-lung-segmentation/data/scribbles/coronacases_008_slice_0061.npy,243,36,0.14814814814205152,True
coronacases_008,62,/kaggle/working/scribble-uncertainty-lung-segmentation/data/scribbles/coronacases_008_slice_0062.npy,294,39,0.13265306121997777,True
coronacases_008,63,/kaggle/working/scribble-uncertainty-lung-segmentation/data/scribbles/coronacases_008_slice_0063.npy,315,71,0.22539682538966993,True
coronacases_008,64,/kaggle/working/scribble-uncertainty-lung-segmentation/data/scribbles/coronacases_008_slice_0064.npy,424,55,0.1297169811290161,True
coronacases_008,65,/kaggle/working/scribble-uncertainty-lung-segmentation/data/scribbles/coronacases_008_slice_0065.npy,409,79,0.19315403422510624,True
coronacases_008,66,/kaggle/working/scribble-uncertainty-lung-segmentation/data/scribbles/coronacases_008_slice_0066.npy,405,55,0.1358024691324493,True
coronacases_008,67,/kaggle/working/scribble-uncertainty-lung-segmentation/data/scribbles/coronacases_008_slice_0067.npy,369,67,0.18157181571323652,True
coronacases_008,68,/kaggle/working/scribble-uncertainty-lung-segmentation/data/scribbles/coronacases_008_slice_0068.npy,449,73,0.16258351892733666,True
coronacases_008,69,/kaggle/working/scribble-uncertainty-lung-segmentation/data/scribbles/coronacases_008_slice_0069.npy,502,63,0.12549800796562752,True
coronacases_008,70,/kaggle/working/scribble-uncertainty-lung-segmentation/data/scribbles/coronacases_008_slice_0070.npy,618,71,0.11488673138972676,True
coronacases_008,71,/kaggle/working/scribble-uncertainty-lung-segmentation/data/scribbles/coronacases_008_slice_0071.npy,624,80,0.12820512820307364,True
coronacases_008,72,/kaggle/working/scribble-uncertainty-lung-segmentation/data/scribbles/coronacases_008_slice_0072.npy,640,90,0.14062499999780273,True
coronacases_008,73,/kaggle/working/scribble-uncertainty-lung-segmentation/data/scribbles/coronacases_008_slice_0073.npy,789,90,0.11406844106319305,True
coronacases_008,74,/kaggle/working/scribble-uncertainty-lung-segmentation/data/scribbles/coronacases_008_slice_0074.npy,790,65,0.08227848101161672,True
coronacases_008,75,/kaggle/working/scribble-uncertainty-lung-segmentation/data/scribbles/coronacases_008_slice_0075.npy,721,90,0.12482662967926732,True
coronacases_008,76,/kaggle/working/scribble-uncertainty-lung-segmentation/data/scribbles/coronacases_008_slice_0076.npy,773,66,0.08538163001183206,True
coronacases_008,77,/kaggle/working/scribble-uncertainty-lung-segmentation/data/scribbles/coronacases_008_slice_0077.npy,790,102,0.12911392404899855,True
coronacases_008,78,/kaggle/working/scribble-uncertainty-lung-segmentation/data/scribbles/coronacases_008_slice_0078.npy,839,116,0.13825983313303625,True
coronacases_008,79,/kaggle/working/scribble-uncertainty-lung-segmentation/data/scribbles/coronacases_008_slice_0079.npy,812,94,0.1157635467966039,True
coronacases_008,80,/kaggle/working/scribble-uncertainty-lung-segmentation/data/scribbles/coronacases_008_slice_0080.npy,813,102,0.12546125461100294,True
coronacases_008,81,/kaggle/working/scribble-uncertainty-lung-segmentation/data/scribbles/coronacases_008_slice_0081.npy,776,105,0.1353092783487718,True
coronacases_008,82,/kaggle/working/scribble-uncertainty-lung-segmentation/data/scribbles/coronacases_008_slice_0082.npy,766,124,0.1618798955592444,True
coronacases_008,83,/kaggle/working/scribble-uncertainty-lung-segmentation/data/scribbles/coronacases_008_slice_0083.npy,775,120,0.15483870967542143,True
coronacases_008,84,/kaggle/working/scribble-uncertainty-lung-segmentation/data/scribbles/coronacases_008_slice_0084.npy,807,87,0.10780669144847824,True
coronacases_008,85,/kaggle/working/scribble-uncertainty-lung-segmentation/data/scribbles/coronacases_008_slice_0085.npy,739,85,0.11502029769803761,True
coronacases_008,86,/kaggle/working/scribble-uncertainty-lung-segmentation/data/scribbles/coronacases_008_slice_0086.npy,703,67,0.09530583214658171,True
coronacases_008,87,/kaggle/working/scribble-uncertainty-lung-segmentation/data/scribbles/coronacases_008_slice_0087.npy,878,94,0.10706150341563711,True
coronacases_008,88,/kaggle/working/scribble-uncertainty-lung-segmentation/data/scribbles/coronacases_008_slice_0088.npy,881,81,0.09194097616240703,True
coronacases_008,89,/kaggle/working/scribble-uncertainty-lung-segmentation/data/scribbles/coronacases_008_slice_0089.npy,924,88,0.09523809523706452,True
coronacases_008,90,/kaggle/working/scribble-uncertainty-lung-segmentation/data/scribbles/coronacases_008_slice_0090.npy,1017,95,0.09341199606594482,True
coronacases_008,91,/kaggle/working/scribble-uncertainty-lung-segmentation/data/scribbles/coronacases_008_slice_0091.npy,935,97,0.10374331550691183,True
coronacases_008,92,/kaggle/working/scribble-uncertainty-lung-segmentation/data/scribbles/coronacases_008_slice_0092.npy,1098,116,0.10564663023583201,True
coronacases_008,93,/kaggle/working/scribble-uncertainty-lung-segmentation/data/scribbles/coronacases_008_slice_0093.npy,1106,114,0.10307414104789264,True
coronacases_008,94,/kaggle/working/scribble-uncertainty-lung-segmentation/data/scribbles/coronacases_008_slice_0094.npy,1108,101,0.09115523465621701,True
coronacases_008,95,/kaggle/working/scribble-uncertainty-lung-segmentation/data/scribbles/coronacases_008_slice_0095.npy,1099,99,0.09008189262884367,True
coronacases_008,96,/kaggle/working/scribble-uncertainty-lung-segmentation/data/scribbles/coronacases_008_slice_0096.npy,1215,113,0.09300411522557199,True
coronacases_008,97,/kaggle/working/scribble-uncertainty-lung-segmentation/data/scribbles/coronacases_008_slice_0097.npy,1211,141,0.1164327002467677,True
coronacases_008,98,/kaggle/working/scribble-uncertainty-lung-segmentation/data/scribbles/coronacases_008_slice_0098.npy,1289,112,0.08688906128714594,True
coronacases_008,99,/kaggle/working/scribble-uncertainty-lung-segmentation/data/scribbles/coronacases_008_slice_0099.npy,1309,138,0.10542398777612358,True
coronacases_008,100,/kaggle/working/scribble-uncertainty-lung-segmentation/data/scribbles/coronacases_008_slice_0100.npy,1206,140,0.116086235488258,True
coronacases_008,101,/kaggle/working/scribble-uncertainty-lung-segmentation/data/scribbles/coronacases_008_slice_0101.npy,1350,137,0.10148148148072977,True
coronacases_008,102,/kaggle/working/scribble-uncertainty-lung-segmentation/data/scribbles/coronacases_008_slice_0102.npy,1333,125,0.09377344336013674,True
coronacases_008,103,/kaggle/working/scribble-uncertainty-lung-segmentation/data/scribbles/coronacases_008_slice_0103.npy,1613,138,0.08555486670746712,True
coronacases_008,104,/kaggle/working/scribble-uncertainty-lung-segmentation/data/scribbles/coronacases_008_slice_0104.npy,1463,118,0.08065618591879252,True
coronacases_008,105,/kaggle/working/scribble-uncertainty-lung-segmentation/data/scribbles/coronacases_008_slice_0105.npy,1604,161,0.10037406483727947,True
coronacases_008,106,/kaggle/working/scribble-uncertainty-lung-segmentation/data/scribbles/coronacases_008_slice_0106.npy,1568,163,0.10395408163199009,True
coronacases_008,107,/kaggle/working/scribble-uncertainty-lung-segmentation/data/scribbles/coronacases_008_slice_0107.npy,1617,174,0.107606679034585,True
coronacases_008,108,/kaggle/working/scribble-uncertainty-lung-segmentation/data/scribbles/coronacases_008_slice_0108.npy,1757,193,0.10984632896920976,True
coronacases_008,109,/kaggle/working/scribble-uncertainty-lung-segmentation/data/scribbles/coronacases_008_slice_0109.npy,2096,141,0.06727099236609127,True
coronacases_008,110,/kaggle/working/scribble-uncertainty-lung-segmentation/data/scribbles/coronacases_008_slice_0110.npy,1986,144,0.07250755286972554,True
coronacases_008,111,/kaggle/working/scribble-uncertainty-lung-segmentation/data/scribbles/coronacases_008_slice_0111.npy,1797,169,0.09404563160771261,True
coronacases_008,112,/kaggle/working/scribble-uncertainty-lung-segmentation/data/scribbles/coronacases_008_slice_0112.npy,1915,162,0.08459530026065486,True
coronacases_008,113,/kaggle/working/scribble-uncertainty-lung-segmentation/data/scribbles/coronacases_008_slice_0113.npy,1982,143,0.07214934409650783,True
coronacases_008,114,/kaggle/working/scribble-uncertainty-lung-segmentation/data/scribbles/coronacases_008_slice_0114.npy,1848,165,0.08928571428523115,True
coronacases_008,115,/kaggle/working/scribble-uncertainty-lung-segmentation/data/scribbles/coronacases_008_slice_0115.npy,1660,165,0.09939759036084701,True
coronacases_008,116,/kaggle/working/scribble-uncertainty-lung-segmentation/data/scribbles/coronacases_008_slice_0116.npy,1451,174,0.11991729841405985,True
coronacases_008,117,/kaggle/working/scribble-uncertainty-lung-segmentation/data/scribbles/coronacases_008_slice_0117.npy,1259,135,0.1072279586965272,True
coronacases_008,118,/kaggle/working/scribble-uncertainty-lung-segmentation/data/scribbles/coronacases_008_slice_0118.npy,1288,170,0.13198757763872682,True
coronacases_008,119,/kaggle/working/scribble-uncertainty-lung-segmentation/data/scribbles/coronacases_008_slice_0119.npy,1301,148,0.11375864719359141,True
coronacases_008,120,/kaggle/working/scribble-uncertainty-lung-segmentation/data/scribbles/coronacases_008_slice_0120.npy,1257,166,0.13206046141501943,True
coronacases_008,121,/kaggle/working/scribble-uncertainty-lung-segmentation/data/scribbles/coronacases_008_slice_0121.npy,1300,149,0.11461538461450296,True
coronacases_008,122,/kaggle/working/scribble-uncertainty-lung-segmentation/data/scribbles/coronacases_008_slice_0122.npy,1506,158,0.10491367861816127,True
coronacases_008,123,/kaggle/working/scribble-uncertainty-lung-segmentation/data/scribbles/coronacases_008_slice_0123.npy,1400,157,0.11214285714205613,True
coronacases_008,124,/kaggle/working/scribble-uncertainty-lung-segmentation/data/scribbles/coronacases_008_slice_0124.npy,1342,136,0.10134128166839537,True
coronacases_008,125,/kaggle/working/scribble-uncertainty-lung-segmentation/data/scribbles/coronacases_008_slice_0125.npy,1562,152,0.09731113956403771,True
coronacases_008,126,/kaggle/working/scribble-uncertainty-lung-segmentation/data/scribbles/coronacases_008_slice_0126.npy,1568,184,0.11734693877476182,True
coronacases_008,127,/kaggle/working/scribble-uncertainty-lung-segmentation/data/scribbles/coronacases_008_slice_0127.npy,1516,173,0.11411609498605466,True
coronacases_008,128,/kaggle/working/scribble-uncertainty-lung-segmentation/data/scribbles/coronacases_008_slice_0128.npy,1434,166,0.11576011157520391,True
coronacases_008,129,/kaggle/working/scribble-uncertainty-lung-segmentation/data/scribbles/coronacases_008_slice_0129.npy,1464,183,0.12499999999914618,True
coronacases_008,130,/kaggle/working/scribble-uncertainty-lung-segmentation/data/scribbles/coronacases_008_slice_0130.npy,1505,201,0.1335548172748601,True
coronacases_008,131,/kaggle/working/scribble-uncertainty-lung-segmentation/data/scribbles/coronacases_008_slice_0131.npy,1496,157,0.10494652406346962,True
coronacases_008,132,/kaggle/working/scribble-uncertainty-lung-segmentation/data/scribbles/coronacases_008_slice_0132.npy,1444,158,0.10941828254771872,True
coronacases_008,133,/kaggle/working/scribble-uncertainty-lung-segmentation/data/scribbles/coronacases_008_slice_0133.npy,1544,186,0.1204663212427431,True
coronacases_008,134,/kaggle/working/scribble-uncertainty-lung-segmentation/data/scribbles/coronacases_008_slice_0134.npy,1556,214,0.13753213367520867,True
coronacases_008,135,/kaggle/working/scribble-uncertainty-lung-segmentation/data/scribbles/coronacases_008_slice_0135.npy,1345,133,0.09888475836357707,True
coronacases_008,136,/kaggle/working/scribble-uncertainty-lung-segmentation/data/scribbles/coronacases_008_slice_0136.npy,1249,142,0.11369095276129952,True
coronacases_008,137,/kaggle/working/scribble-uncertainty-lung-segmentation/data/scribbles/coronacases_008_slice_0137.npy,1275,118,0.09254901960711727,True
coronacases_008,138,/kaggle/working/scribble-uncertainty-lung-segmentation/data/scribbles/coronacases_008_slice_0138.npy,1261,129,0.10229976209276527,True
coronacases_008,139,/kaggle/working/scribble-uncertainty-lung-segmentation/data/scribbles/coronacases_008_slice_0139.npy,1203,108,0.0897755610965106,True
coronacases_008,140,/kaggle/working/scribble-uncertainty-lung-segmentation/data/scribbles/coronacases_008_slice_0140.npy,1264,121,0.0957278481005085,True
coronacases_008,141,/kaggle/working/scribble-uncertainty-lung-segmentation/data/scribbles/coronacases_008_slice_0141.npy,1333,135,0.10127531882894768,True
coronacases_008,142,/kaggle/working/scribble-uncertainty-lung-segmentation/data/scribbles/coronacases_008_slice_0142.npy,1481,141,0.09520594193048477,True
coronacases_008,143,/kaggle/working/scribble-uncertainty-lung-segmentation/data/scribbles/coronacases_008_slice_0143.npy,1460,143,0.0979452054787812,True
coronacases_008,144,/kaggle/working/scribble-uncertainty-lung-segmentation/data/scribbles/coronacases_008_slice_0144.npy,1490,149,0.09999999999932886,True
coronacases_008,145,/kaggle/working/scribble-uncertainty-lung-segmentation/data/scribbles/coronacases_008_slice_0145.npy,1443,177,0.12266112266027263,True
coronacases_008,146,/kaggle/working/scribble-uncertainty-lung-segmentation/data/scribbles/coronacases_008_slice_0146.npy,1369,133,0.09715120525860373,True
coronacases_008,147,/kaggle/working/scribble-uncertainty-lung-segmentation/data/scribbles/coronacases_008_slice_0147.npy,1293,152,0.1175560711514497,True
coronacases_008,148,/kaggle/working/scribble-uncertainty-lung-segmentation/data/scribbles/coronacases_008_slice_0148.npy,1396,134,0.09598853868126084,True
coronacases_008,149,/kaggle/working/scribble-uncertainty-lung-segmentation/data/scribbles/coronacases_008_slice_0149.npy,1371,140,0.10211524434644702,True
coronacases_008,150,/kaggle/working/scribble-uncertainty-lung-segmentation/data/scribbles/coronacases_008_slice_0150.npy,1371,131,0.09555069292417542,True
coronacases_008,151,/kaggle/working/scribble-uncertainty-lung-segmentation/data/scribbles/coronacases_008_slice_0151.npy,1357,133,0.09801031687473832,True
coronacases_008,152,/kaggle/working/scribble-uncertainty-lung-segmentation/data/scribbles/coronacases_008_slice_0152.npy,1261,132,0.10467882632748075,True
coronacases_008,153,/kaggle/working/scribble-uncertainty-lung-segmentation/data/scribbles/coronacases_008_slice_0153.npy,1199,100,0.08340283569571809,True
coronacases_008,154,/kaggle/working/scribble-uncertainty-lung-segmentation/data/scribbles/coronacases_008_slice_0154.npy,1183,132,0.11158072696439916,True
coronacases_008,155,/kaggle/working/scribble-uncertainty-lung-segmentation/data/scribbles/coronacases_008_slice_0155.npy,1112,117,0.10521582733718332,True
coronacases_008,156,/kaggle/working/scribble-uncertainty-lung-segmentation/data/scribbles/coronacases_008_slice_0156.npy,1107,108,0.09756097560887479,True
coronacases_008,157,/kaggle/working/scribble-uncertainty-lung-segmentation/data/scribbles/coronacases_008_slice_0157.npy,939,111,0.1182108626185494,True
coronacases_008,158,/kaggle/working/scribble-uncertainty-lung-segmentation/data/scribbles/coronacases_008_slice_0158.npy,963,101,0.10488058151500643,True
coronacases_008,159,/kaggle/working/scribble-uncertainty-lung-segmentation/data/scribbles/coronacases_008_slice_0159.npy,824,90,0.10922330096954826,True
coronacases_008,160,/kaggle/working/scribble-uncertainty-lung-segmentation/data/scribbles/coronacases_008_slice_0160.npy,748,76,0.10160427807350797,True
coronacases_008,161,/kaggle/working/scribble-uncertainty-lung-segmentation/data/scribbles/coronacases_008_slice_0161.npy,577,66,0.1143847486981909,True
coronacases_008,162,/kaggle/working/scribble-uncertainty-lung-segmentation/data/scribbles/coronacases_008_slice_0162.npy,504,46,0.09126984126803035,True
coronacases_008,163,/kaggle/working/scribble-uncertainty-lung-segmentation/data/scribbles/coronacases_008_slice_0163.npy,410,27,0.06585365853497918,True
coronacases_008,164,/kaggle/working/scribble-uncertainty-lung-segmentation/data/scribbles/coronacases_008_slice_0164.npy,344,50,0.14534883720507707,True
coronacases_008,165,/kaggle/working/scribble-uncertainty-lung-segmentation/data/scribbles/coronacases_008_slice_0165.npy,328,30,0.09146341463135782,True
coronacases_008,166,/kaggle/working/scribble-uncertainty-lung-segmentation/data/scribbles/coronacases_008_slice_0166.npy,261,36,0.1379310344774739,True
coronacases_008,167,/kaggle/working/scribble-uncertainty-lung-segmentation/data/scribbles/coronacases_008_slice_0167.npy,236,20,0.08474576270827348,True
coronacases_008,168,/kaggle/working/scribble-uncertainty-lung-segmentation/data/scribbles/coronacases_008_slice_0168.npy,286,27,0.09440559440229351,True
coronacases_008,169,/kaggle/working/scribble-uncertainty-lung-segmentation/data/scribbles/coronacases_008_slice_0169.npy,312,34,0.1089743589708662,True
coronacases_008,170,/kaggle/working/scribble-uncertainty-lung-segmentation/data/scribbles/coronacases_008_slice_0170.npy,328,36,0.10975609755762938,True
coronacases_008,171,/kaggle/working/scribble-uncertainty-lung-segmentation/data/scribbles/coronacases_008_slice_0171.npy,229,38,0.16593886462157473,True
coronacases_008,172,/kaggle/working/scribble-uncertainty-lung-segmentation/data/scribbles/coronacases_008_slice_0172.npy,316,27,0.08544303797197965,True
coronacases_008,173,/kaggle/working/scribble-uncertainty-lung-segmentation/data/scribbles/coronacases_008_slice_0173.npy,294,45,0.15306122448458975,True
coronacases_008,174,/kaggle/working/scribble-uncertainty-lung-segmentation/data/scribbles/coronacases_008_slice_0174.npy,326,36,0.11042944784937332,True
coronacases_008,175,/kaggle/working/scribble-uncertainty-lung-segmentation/data/scribbles/coronacases_008_slice_0175.npy,276,36,0.13043478260396976,True
coronacases_008,176,/kaggle/working/scribble-uncertainty-lung-segmentation/data/scribbles/coronacases_008_slice_0176.npy,289,33,0.11418685120712156,True
coronacases_008,177,/kaggle/working/scribble-uncertainty-lung-segmentation/data/scribbles/coronacases_008_slice_0177.npy,279,27,0.09677419354491848,True
coronacases_008,178,/kaggle/working/scribble-uncertainty-lung-segmentation/data/scribbles/coronacases_008_slice_0178.npy,255,36,0.14117647058269897,True
coronacases_008,179,/kaggle/working/scribble-uncertainty-lung-segmentation/data/scribbles/coronacases_008_slice_0179.npy,248,20,0.08064516128707076,True
coronacases_008,180,/kaggle/working/scribble-uncertainty-lung-segmentation/data/scribbles/coronacases_008_slice_0180.npy,208,35,0.1682692307611409,True
coronacases_008,181,/kaggle/working/scribble-uncertainty-lung-segmentation/data/scribbles/coronacases_008_slice_0181.npy,210,21,0.09999999999523809,True
coronacases_008,182,/kaggle/working/scribble-uncertainty-lung-segmentation/data/scribbles/coronacases_008_slice_0182.npy,230,20,0.0869565217353497,True
coronacases_008,183,/kaggle/working/scribble-uncertainty-lung-segmentation/data/scribbles/coronacases_008_slice_0183.npy,250,27,0.10799999999568,True
coronacases_008,184,/kaggle/working/scribble-uncertainty-lung-segmentation/data/scribbles/coronacases_008_slice_0184.npy,223,18,0.08071748878561805,True
coronacases_008,185,/kaggle/working/scribble-uncertainty-lung-segmentation/data/scribbles/coronacases_008_slice_0185.npy,247,18,0.07287449392417512,True
coronacases_008,186,/kaggle/working/scribble-uncertainty-lung-segmentation/data/scribbles/coronacases_008_slice_0186.npy,256,25,0.0976562499961853,True
coronacases_008,187,/kaggle/working/scribble-uncertainty-lung-segmentation/data/scribbles/coronacases_008_slice_0187.npy,226,27,0.11946902654338633,True
coronacases_008,188,/kaggle/working/scribble-uncertainty-lung-segmentation/data/scribbles/coronacases_008_slice_0188.npy,179,18,0.10055865921225929,True
coronacases_008,189,/kaggle/working/scribble-uncertainty-lung-segmentation/data/scribbles/coronacases_008_slice_0189.npy,203,18,0.08866995073454828,True
coronacases_008,190,/kaggle/working/scribble-uncertainty-lung-segmentation/data/scribbles/coronacases_008_slice_0190.npy,205,9,0.04390243902224866,True
coronacases_008,191,/kaggle/working/scribble-uncertainty-lung-segmentation/data/scribbles/coronacases_008_slice_0191.npy,225,27,0.11999999999466666,True
coronacases_008,192,/kaggle/working/scribble-uncertainty-lung-segmentation/data/scribbles/coronacases_008_slice_0192.npy,230,27,0.11739130434272212,True
coronacases_008,193,/kaggle/working/scribble-uncertainty-lung-segmentation/data/scribbles/coronacases_008_slice_0193.npy,195,27,0.13846153845443787,True
coronacases_008,194,/kaggle/working/scribble-uncertainty-lung-segmentation/data/scribbles/coronacases_008_slice_0194.npy,220,30,0.136363636357438,True
coronacases_008,195,/kaggle/working/scribble-uncertainty-lung-segmentation/data/scribbles/coronacases_008_slice_0195.npy,216,27,0.12499999999421296,True
coronacases_008,196,/kaggle/working/scribble-uncertainty-lung-segmentation/data/scribbles/coronacases_008_slice_0196.npy,190,27,0.1421052631504155,True
coronacases_008,197,/kaggle/working/scribble-uncertainty-lung-segmentation/data/scribbles/coronacases_008_slice_0197.npy,236,36,0.15254237287489228,True
coronacases_008,198,/kaggle/working/scribble-uncertainty-lung-segmentation/data/scribbles/coronacases_008_slice_0198.npy,216,39,0.1805555555471965,True
coronacases_008,199,/kaggle/working/scribble-uncertainty-lung-segmentation/data/scribbles/coronacases_008_slice_0199.npy,216,38,0.1759259259177812,True
coronacases_008,200,/kaggle/working/scribble-uncertainty-lung-segmentation/data/scribbles/coronacases_008_slice_0200.npy,221,36,0.1628959275944391,True
coronacases_008,201,/kaggle/working/scribble-uncertainty-lung-segmentation/data/scribbles/coronacases_008_slice_0201.npy,193,32,0.1658031087996993,True
coronacases_008,202,/kaggle/working/scribble-uncertainty-lung-segmentation/data/scribbles/coronacases_008_slice_0202.npy,186,27,0.14516129031477626,True
coronacases_008,203,/kaggle/working/scribble-uncertainty-lung-segmentation/data/scribbles/coronacases_008_slice_0203.npy,153,27,0.17647058822376008,True
coronacases_008,204,/kaggle/working/scribble-uncertainty-lung-segmentation/data/scribbles/coronacases_008_slice_0204.npy,157,36,0.22929936304271978,True
coronacases_008,205,/kaggle/working/scribble-uncertainty-lung-segmentation/data/scribbles/coronacases_008_slice_0205.npy,113,18,0.15929203538413345,True
coronacases_008,206,/kaggle/working/scribble-uncertainty-lung-segmentation/data/scribbles/coronacases_008_slice_0206.npy,135,24,0.17777777776460904,True
coronacases_008,207,/kaggle/working/scribble-uncertainty-lung-segmentation/data/scribbles/coronacases_008_slice_0207.npy,162,27,0.16666666665637858,True
coronacases_008,208,/kaggle/working/scribble-uncertainty-lung-segmentation/data/scribbles/coronacases_008_slice_0208.npy,205,24,0.11707317072599642,True
coronacases_008,209,/kaggle/working/scribble-uncertainty-lung-segmentation/data/scribbles/coronacases_008_slice_0209.npy,174,27,0.15517241378418548,True
coronacases_008,210,/kaggle/working/scribble-uncertainty-lung-segmentation/data/scribbles/coronacases_008_slice_0210.npy,187,27,0.14438502673024678,True
coronacases_008,211,/kaggle/working/scribble-uncertainty-lung-segmentation/data/scribbles/coronacases_008_slice_0211.npy,175,36,0.2057142857025306,True
coronacases_008,212,/kaggle/working/scribble-uncertainty-lung-segmentation/data/scribbles/coronacases_008_slice_0212.npy,229,36,0.15720524016780762,True
coronacases_008,213,/kaggle/working/scribble-uncertainty-lung-segmentation/data/scribbles/coronacases_008_slice_0213.npy,243,45,0.18518518517756438,True
coronacases_008,214,/kaggle/working/scribble-uncertainty-lung-segmentation/data/scribbles/coronacases_008_slice_0214.npy,274,45,0.16423357663634183,True
coronacases_008,215,/kaggle/working/scribble-uncertainty-lung-segmentation/data/scribbles/coronacases_008_slice_0215.npy,261,28,0.1072796934824797,True
coronacases_008,216,/kaggle/working/scribble-uncertainty-lung-segmentation/data/scribbles/coronacases_008_slice_0216.npy,270,36,0.13333333332839506,True
coronacases_008,217,/kaggle/working/scribble-uncertainty-lung-segmentation/data/scribbles/coronacases_008_slice_0217.npy,273,30,0.10989010988608461,True
coronacases_008,218,/kaggle/working/scribble-uncertainty-lung-segmentation/data/scribbles/coronacases_008_slice_0218.npy,339,32,0.09439528023320368,True
coronacases_008,219,/kaggle/working/scribble-uncertainty-lung-segmentation/data/scribbles/coronacases_008_slice_0219.npy,349,45,0.12893982807653467,True
coronacases_008,220,/kaggle/working/scribble-uncertainty-lung-segmentation/data/scribbles/coronacases_008_slice_0220.npy,337,36,0.10682492581285385,True
coronacases_008,221,/kaggle/working/scribble-uncertainty-lung-segmentation/data/scribbles/coronacases_008_slice_0221.npy,331,39,0.11782477341033762,True
coronacases_008,222,/kaggle/working/scribble-uncertainty-lung-segmentation/data/scribbles/coronacases_008_slice_0222.npy,321,53,0.16510903426276918,True
coronacases_008,223,/kaggle/working/scribble-uncertainty-lung-segmentation/data/scribbles/coronacases_008_slice_0223.npy,333,46,0.13813813813398984,True
coronacases_008,224,/kaggle/working/scribble-uncertainty-lung-segmentation/data/scribbles/coronacases_008_slice_0224.npy,286,45,0.15734265733715586,True
coronacases_008,225,/kaggle/working/scribble-uncertainty-lung-segmentation/data/scribbles/coronacases_008_slice_0225.npy,266,45,0.16917293232446717,True
coronacases_008,226,/kaggle/working/scribble-uncertainty-lung-segmentation/data/scribbles/coronacases_008_slice_0226.npy,292,52,0.1780821917747232,True
coronacases_008,227,/kaggle/working/scribble-uncertainty-lung-segmentation/data/scribbles/coronacases_008_slice_0227.npy,242,27,0.11157024792927395,True
coronacases_008,228,/kaggle/working/scribble-uncertainty-lung-segmentation/data/scribbles/coronacases_008_slice_0228.npy,286,24,0.08391608391314978,True
coronacases_008,229,/kaggle/working/scribble-uncertainty-lung-segmentation/data/scribbles/coronacases_008_slice_0229.npy,273,30,0.10989010988608461,True
coronacases_008,230,/kaggle/working/scribble-uncertainty-lung-segmentation/data/scribbles/coronacases_008_slice_0230.npy,210,18,0.08571428571020408,True
coronacases_008,231,/kaggle/working/scribble-uncertainty-lung-segmentation/data/scribbles/coronacases_008_slice_0231.npy,199,25,0.1256281406972046,True
coronacases_008,232,/kaggle/working/scribble-uncertainty-lung-segmentation/data/scribbles/coronacases_008_slice_0232.npy,177,21,0.1186440677899071,True
coronacases_008,233,/kaggle/working/scribble-uncertainty-lung-segmentation/data/scribbles/coronacases_008_slice_0233.npy,142,9,0.06338028168567744,True
coronacases_008,234,/kaggle/working/scribble-uncertainty-lung-segmentation/data/scribbles/coronacases_008_slice_0234.npy,99,9,0.09090909089990817,True
coronacases_008,235,/kaggle/working/scribble-uncertainty-lung-segmentation/data/scribbles/coronacases_008_slice_0235.npy,49,9,0.1836734693502707,True
coronacases_008,236,/kaggle/working/scribble-uncertainty-lung-segmentation/data/scribbles/coronacases_008_slice_0236.npy,68,9,0.13235294115700694,True
coronacases_008,237,/kaggle/working/scribble-uncertainty-lung-segmentation/data/scribbles/coronacases_008_slice_0237.npy,52,9,0.17307692304363906,True
coronacases_008,238,/kaggle/working/scribble-uncertainty-lung-segmentation/data/scribbles/coronacases_008_slice_0238.npy,46,9,0.1956521738705104,True
coronacases_008,239,/kaggle/working/scribble-uncertainty-lung-segmentation/data/scribbles/coronacases_008_slice_0239.npy,36,9,0.24999999993055555,True
coronacases_008,240,/kaggle/working/scribble-uncertainty-lung-segmentation/data/scribbles/coronacases_008_slice_0240.npy,54,9,0.16666666663580246,True
coronacases_008,241,/kaggle/working/scribble-uncertainty-lung-segmentation/data/scribbles/coronacases_008_slice_0241.npy,50,9,0.17999999996399998,True
coronacases_008,242,/kaggle/working/scribble-uncertainty-lung-segmentation/data/scribbles/coronacases_008_slice_0242.npy,64,9,0.14062499997802735,True
coronacases_008,243,/kaggle/working/scribble-uncertainty-lung-segmentation/data/scribbles/coronacases_008_slice_0243.npy,68,9,0.13235294115700694,True
coronacases_008,244,/kaggle/working/scribble-uncertainty-lung-segmentation/data/scribbles/coronacases_008_slice_0244.npy,93,9,0.09677419353798128,True
coronacases_008,245,/kaggle/working/scribble-uncertainty-lung-segmentation/data/scribbles/coronacases_008_slice_0245.npy,88,9,0.10227272726110538,True
coronacases_008,246,/kaggle/working/scribble-uncertainty-lung-segmentation/data/scribbles/coronacases_008_slice_0246.npy,111,18,0.16216216214755297,True
coronacases_008,247,/kaggle/working/scribble-uncertainty-lung-segmentation/data/scribbles/coronacases_008_slice_0247.npy,86,9,0.10465116277852894,True
coronacases_008,248,/kaggle/working/scribble-uncertainty-lung-segmentation/data/scribbles/coronacases_008_slice_0248.npy,78,9,0.11538461536982249,True
coronacases_008,249,/kaggle/working/scribble-uncertainty-lung-segmentation/data/scribbles/coronacases_008_slice_0249.npy,55,9,0.16363636360661157,True
coronacases_008,250,/kaggle/working/scribble-uncertainty-lung-segmentation/data/scribbles/coronacases_008_slice_0250.npy,44,9,0.20454545449896694,True
coronacases_008,251,/kaggle/working/scribble-uncertainty-lung-segmentation/data/scribbles/coronacases_008_slice_0251.npy,42,9,0.21428571423469386,True
coronacases_008,252,/kaggle/working/scribble-uncertainty-lung-segmentation/data/scribbles/coronacases_008_slice_0252.npy,19,9,0.4736842102770083,True
coronacases_008,253,/kaggle/working/scribble-uncertainty-lung-segmentation/data/scribbles/coronacases_008_slice_0253.npy,25,9,0.359999999856,True
coronacases_008,254,/kaggle/working/scribble-uncertainty-lung-segmentation/data/scribbles/coronacases_008_slice_0254.npy,17,9,0.5294117643944637,True
coronacases_008,255,/kaggle/working/scribble-uncertainty-lung-segmentation/data/scribbles/coronacases_008_slice_0255.npy,0,0,0.0,False
coronacases_008,256,/kaggle/working/scribble-uncertainty-lung-segmentation/data/scribbles/coronacases_008_slice_0256.npy,0,0,0.0,False
coronacases_008,257,/kaggle/working/scribble-uncertainty-lung-segmentation/data/scribbles/coronacases_008_slice_0257.npy,0,0,0.0,False
coronacases_008,258,/kaggle/working/scribble-uncertainty-lung-segmentation/data/scribbles/coronacases_008_slice_0258.npy,0,0,0.0,False
coronacases_008,259,/kaggle/working/scribble-uncertainty-lung-segmentation/data/scribbles/coronacases_008_slice_0259.npy,0,0,0.0,False
coronacases_008,260,/kaggle/working/scribble-uncertainty-lung-segmentation/data/scribbles/coronacases_008_slice_0260.npy,49,9,0.1836734693502707,True
coronacases_008,261,/kaggle/working/scribble-uncertainty-lung-segmentation/data/scribbles/coronacases_008_slice_0261.npy,47,9,0.19148936166138525,True
coronacases_008,262,/kaggle/working/scribble-uncertainty-lung-segmentation/data/scribbles/coronacases_008_slice_0262.npy,54,9,0.16666666663580246,True
coronacases_008,263,/kaggle/working/scribble-uncertainty-lung-segmentation/data/scribbles/coronacases_008_slice_0263.npy,70,9,0.12857142855306122,True
coronacases_008,264,/kaggle/working/scribble-uncertainty-lung-segmentation/data/scribbles/coronacases_008_slice_0264.npy,69,9,0.13043478258979208,True
coronacases_008,265,/kaggle/working/scribble-uncertainty-lung-segmentation/data/scribbles/coronacases_008_slice_0265.npy,54,9,0.16666666663580246,True
coronacases_008,266,/kaggle/working/scribble-uncertainty-lung-segmentation/data/scribbles/coronacases_008_slice_0266.npy,41,9,0.21951219506841166,True
coronacases_008,267,/kaggle/working/scribble-uncertainty-lung-segmentation/data/scribbles/coronacases_008_slice_0267.npy,44,9,0.20454545449896694,True
coronacases_008,268,/kaggle/working/scribble-uncertainty-lung-segmentation/data/scribbles/coronacases_008_slice_0268.npy,47,9,0.19148936166138525,True
coronacases_008,269,/kaggle/working/scribble-uncertainty-lung-segmentation/data/scribbles/coronacases_008_slice_0269.npy,0,0,0.0,False
coronacases_008,270,/kaggle/working/scribble-uncertainty-lung-segmentation/data/scribbles/coronacases_008_slice_0270.npy,0,0,0.0,False
coronacases_008,271,/kaggle/working/scribble-uncertainty-lung-segmentation/data/scribbles/coronacases_008_slice_0271.npy,0,0,0.0,False
coronacases_009,10,/kaggle/working/scribble-uncertainty-lung-segmentation/data/scribbles/coronacases_009_slice_0010.npy,0,0,0.0,False
coronacases_009,11,/kaggle/working/scribble-uncertainty-lung-segmentation/data/scribbles/coronacases_009_slice_0011.npy,0,0,0.0,False
coronacases_009,12,/kaggle/working/scribble-uncertainty-lung-segmentation/data/scribbles/coronacases_009_slice_0012.npy,0,0,0.0,False
coronacases_009,13,/kaggle/working/scribble-uncertainty-lung-segmentation/data/scribbles/coronacases_009_slice_0013.npy,0,0,0.0,False
coronacases_009,14,/kaggle/working/scribble-uncertainty-lung-segmentation/data/scribbles/coronacases_009_slice_0014.npy,0,0,0.0,False
coronacases_009,15,/kaggle/working/scribble-uncertainty-lung-segmentation/data/scribbles/coronacases_009_slice_0015.npy,0,0,0.0,False
coronacases_009,16,/kaggle/working/scribble-uncertainty-lung-segmentation/data/scribbles/coronacases_009_slice_0016.npy,0,0,0.0,False
coronacases_009,17,/kaggle/working/scribble-uncertainty-lung-segmentation/data/scribbles/coronacases_009_slice_0017.npy,0,0,0.0,False
coronacases_009,18,/kaggle/working/scribble-uncertainty-lung-segmentation/data/scribbles/coronacases_009_slice_0018.npy,0,0,0.0,False
coronacases_009,19,/kaggle/working/scribble-uncertainty-lung-segmentation/data/scribbles/coronacases_009_slice_0019.npy,0,0,0.0,False
coronacases_009,20,/kaggle/working/scribble-uncertainty-lung-segmentation/data/scribbles/coronacases_009_slice_0020.npy,0,0,0.0,False
coronacases_009,21,/kaggle/working/scribble-uncertainty-lung-segmentation/data/scribbles/coronacases_009_slice_0021.npy,0,0,0.0,False
coronacases_009,22,/kaggle/working/scribble-uncertainty-lung-segmentation/data/scribbles/coronacases_009_slice_0022.npy,0,0,0.0,False
coronacases_009,23,/kaggle/working/scribble-uncertainty-lung-segmentation/data/scribbles/coronacases_009_slice_0023.npy,0,0,0.0,False
coronacases_009,24,/kaggle/working/scribble-uncertainty-lung-segmentation/data/scribbles/coronacases_009_slice_0024.npy,0,0,0.0,False
coronacases_009,25,/kaggle/working/scribble-uncertainty-lung-segmentation/data/scribbles/coronacases_009_slice_0025.npy,0,0,0.0,False
coronacases_009,26,/kaggle/working/scribble-uncertainty-lung-segmentation/data/scribbles/coronacases_009_slice_0026.npy,0,0,0.0,False
coronacases_009,27,/kaggle/working/scribble-uncertainty-lung-segmentation/data/scribbles/coronacases_009_slice_0027.npy,0,0,0.0,False
coronacases_009,28,/kaggle/working/scribble-uncertainty-lung-segmentation/data/scribbles/coronacases_009_slice_0028.npy,0,0,0.0,False
coronacases_009,29,/kaggle/working/scribble-uncertainty-lung-segmentation/data/scribbles/coronacases_009_slice_0029.npy,0,0,0.0,False
coronacases_009,30,/kaggle/working/scribble-uncertainty-lung-segmentation/data/scribbles/coronacases_009_slice_0030.npy,0,0,0.0,False
coronacases_009,31,/kaggle/working/scribble-uncertainty-lung-segmentation/data/scribbles/coronacases_009_slice_0031.npy,0,0,0.0,False
coronacases_009,32,/kaggle/working/scribble-uncertainty-lung-segmentation/data/scribbles/coronacases_009_slice_0032.npy,0,0,0.0,False
coronacases_009,33,/kaggle/working/scribble-uncertainty-lung-segmentation/data/scribbles/coronacases_009_slice_0033.npy,0,0,0.0,False
coronacases_009,34,/kaggle/working/scribble-uncertainty-lung-segmentation/data/scribbles/coronacases_009_slice_0034.npy,0,0,0.0,False
coronacases_009,35,/kaggle/working/scribble-uncertainty-lung-segmentation/data/scribbles/coronacases_009_slice_0035.npy,0,0,0.0,False
coronacases_009,36,/kaggle/working/scribble-uncertainty-lung-segmentation/data/scribbles/coronacases_009_slice_0036.npy,0,0,0.0,False
coronacases_009,37,/kaggle/working/scribble-uncertainty-lung-segmentation/data/scribbles/coronacases_009_slice_0037.npy,0,0,0.0,False
coronacases_009,38,/kaggle/working/scribble-uncertainty-lung-segmentation/data/scribbles/coronacases_009_slice_0038.npy,0,0,0.0,False
coronacases_009,39,/kaggle/working/scribble-uncertainty-lung-segmentation/data/scribbles/coronacases_009_slice_0039.npy,0,0,0.0,False
coronacases_009,40,/kaggle/working/scribble-uncertainty-lung-segmentation/data/scribbles/coronacases_009_slice_0040.npy,0,0,0.0,False
coronacases_009,41,/kaggle/working/scribble-uncertainty-lung-segmentation/data/scribbles/coronacases_009_slice_0041.npy,0,0,0.0,False
coronacases_009,42,/kaggle/working/scribble-uncertainty-lung-segmentation/data/scribbles/coronacases_009_slice_0042.npy,0,0,0.0,False
coronacases_009,43,/kaggle/working/scribble-uncertainty-lung-segmentation/data/scribbles/coronacases_009_slice_0043.npy,0,0,0.0,False
coronacases_009,44,/kaggle/working/scribble-uncertainty-lung-segmentation/data/scribbles/coronacases_009_slice_0044.npy,0,0,0.0,False
coronacases_009,45,/kaggle/working/scribble-uncertainty-lung-segmentation/data/scribbles/coronacases_009_slice_0045.npy,0,0,0.0,False
coronacases_009,46,/kaggle/working/scribble-uncertainty-lung-segmentation/data/scribbles/coronacases_009_slice_0046.npy,0,0,0.0,False
coronacases_009,47,/kaggle/working/scribble-uncertainty-lung-segmentation/data/scribbles/coronacases_009_slice_0047.npy,0,0,0.0,False
coronacases_009,48,/kaggle/working/scribble-uncertainty-lung-segmentation/data/scribbles/coronacases_009_slice_0048.npy,0,0,0.0,False
coronacases_009,49,/kaggle/working/scribble-uncertainty-lung-segmentation/data/scribbles/coronacases_009_slice_0049.npy,0,0,0.0,False
coronacases_009,50,/kaggle/working/scribble-uncertainty-lung-segmentation/data/scribbles/coronacases_009_slice_0050.npy,0,0,0.0,False
coronacases_009,51,/kaggle/working/scribble-uncertainty-lung-segmentation/data/scribbles/coronacases_009_slice_0051.npy,0,0,0.0,False
coronacases_009,52,/kaggle/working/scribble-uncertainty-lung-segmentation/data/scribbles/coronacases_009_slice_0052.npy,0,0,0.0,False
coronacases_009,53,/kaggle/working/scribble-uncertainty-lung-segmentation/data/scribbles/coronacases_009_slice_0053.npy,0,0,0.0,False
coronacases_009,54,/kaggle/working/scribble-uncertainty-lung-segmentation/data/scribbles/coronacases_009_slice_0054.npy,0,0,0.0,False
coronacases_009,55,/kaggle/working/scribble-uncertainty-lung-segmentation/data/scribbles/coronacases_009_slice_0055.npy,0,0,0.0,False
coronacases_009,56,/kaggle/working/scribble-uncertainty-lung-segmentation/data/scribbles/coronacases_009_slice_0056.npy,0,0,0.0,False
coronacases_009,57,/kaggle/working/scribble-uncertainty-lung-segmentation/data/scribbles/coronacases_009_slice_0057.npy,0,0,0.0,False
coronacases_009,58,/kaggle/working/scribble-uncertainty-lung-segmentation/data/scribbles/coronacases_009_slice_0058.npy,0,0,0.0,False
coronacases_009,59,/kaggle/working/scribble-uncertainty-lung-segmentation/data/scribbles/coronacases_009_slice_0059.npy,0,0,0.0,False
coronacases_009,60,/kaggle/working/scribble-uncertainty-lung-segmentation/data/scribbles/coronacases_009_slice_0060.npy,0,0,0.0,False
coronacases_009,61,/kaggle/working/scribble-uncertainty-lung-segmentation/data/scribbles/coronacases_009_slice_0061.npy,0,0,0.0,False
coronacases_009,62,/kaggle/working/scribble-uncertainty-lung-segmentation/data/scribbles/coronacases_009_slice_0062.npy,0,0,0.0,False
coronacases_009,63,/kaggle/working/scribble-uncertainty-lung-segmentation/data/scribbles/coronacases_009_slice_0063.npy,0,0,0.0,False
coronacases_009,64,/kaggle/working/scribble-uncertainty-lung-segmentation/data/scribbles/coronacases_009_slice_0064.npy,0,0,0.0,False
coronacases_009,65,/kaggle/working/scribble-uncertainty-lung-segmentation/data/scribbles/coronacases_009_slice_0065.npy,0,0,0.0,False
coronacases_009,66,/kaggle/working/scribble-uncertainty-lung-segmentation/data/scribbles/coronacases_009_slice_0066.npy,0,0,0.0,False
coronacases_009,67,/kaggle/working/scribble-uncertainty-lung-segmentation/data/scribbles/coronacases_009_slice_0067.npy,0,0,0.0,False
coronacases_009,68,/kaggle/working/scribble-uncertainty-lung-segmentation/data/scribbles/coronacases_009_slice_0068.npy,0,0,0.0,False
coronacases_009,69,/kaggle/working/scribble-uncertainty-lung-segmentation/data/scribbles/coronacases_009_slice_0069.npy,0,0,0.0,False
coronacases_009,70,/kaggle/working/scribble-uncertainty-lung-segmentation/data/scribbles/coronacases_009_slice_0070.npy,0,0,0.0,False
coronacases_009,71,/kaggle/working/scribble-uncertainty-lung-segmentation/data/scribbles/coronacases_009_slice_0071.npy,0,0,0.0,False
coronacases_009,72,/kaggle/working/scribble-uncertainty-lung-segmentation/data/scribbles/coronacases_009_slice_0072.npy,0,0,0.0,False
coronacases_009,73,/kaggle/working/scribble-uncertainty-lung-segmentation/data/scribbles/coronacases_009_slice_0073.npy,0,0,0.0,False
coronacases_009,74,/kaggle/working/scribble-uncertainty-lung-segmentation/data/scribbles/coronacases_009_slice_0074.npy,0,0,0.0,False
coronacases_009,75,/kaggle/working/scribble-uncertainty-lung-segmentation/data/scribbles/coronacases_009_slice_0075.npy,0,0,0.0,False
coronacases_009,76,/kaggle/working/scribble-uncertainty-lung-segmentation/data/scribbles/coronacases_009_slice_0076.npy,0,0,0.0,False
coronacases_009,77,/kaggle/working/scribble-uncertainty-lung-segmentation/data/scribbles/coronacases_009_slice_0077.npy,0,0,0.0,False
coronacases_009,78,/kaggle/working/scribble-uncertainty-lung-segmentation/data/scribbles/coronacases_009_slice_0078.npy,0,0,0.0,False
coronacases_009,79,/kaggle/working/scribble-uncertainty-lung-segmentation/data/scribbles/coronacases_009_slice_0079.npy,0,0,0.0,False
coronacases_009,80,/kaggle/working/scribble-uncertainty-lung-segmentation/data/scribbles/coronacases_009_slice_0080.npy,0,0,0.0,False
coronacases_009,81,/kaggle/working/scribble-uncertainty-lung-segmentation/data/scribbles/coronacases_009_slice_0081.npy,0,0,0.0,False
coronacases_009,82,/kaggle/working/scribble-uncertainty-lung-segmentation/data/scribbles/coronacases_009_slice_0082.npy,0,0,0.0,False
coronacases_009,83,/kaggle/working/scribble-uncertainty-lung-segmentation/data/scribbles/coronacases_009_slice_0083.npy,0,0,0.0,False
coronacases_009,84,/kaggle/working/scribble-uncertainty-lung-segmentation/data/scribbles/coronacases_009_slice_0084.npy,32,9,0.28124999991210936,True
coronacases_009,85,/kaggle/working/scribble-uncertainty-lung-segmentation/data/scribbles/coronacases_009_slice_0085.npy,33,9,0.2727272726446281,True
coronacases_009,86,/kaggle/working/scribble-uncertainty-lung-segmentation/data/scribbles/coronacases_009_slice_0086.npy,103,9,0.08737864076821567,True
coronacases_009,87,/kaggle/working/scribble-uncertainty-lung-segmentation/data/scribbles/coronacases_009_slice_0087.npy,122,18,0.14754098359446385,True
coronacases_009,88,/kaggle/working/scribble-uncertainty-lung-segmentation/data/scribbles/coronacases_009_slice_0088.npy,155,18,0.11612903225057232,True
coronacases_009,89,/kaggle/working/scribble-uncertainty-lung-segmentation/data/scribbles/coronacases_009_slice_0089.npy,136,18,0.13235294116673874,True
coronacases_009,90,/kaggle/working/scribble-uncertainty-lung-segmentation/data/scribbles/coronacases_009_slice_0090.npy,204,52,0.25490196077181854,True
coronacases_009,91,/kaggle/working/scribble-uncertainty-lung-segmentation/data/scribbles/coronacases_009_slice_0091.npy,233,53,0.22746781114903572,True
coronacases_009,92,/kaggle/working/scribble-uncertainty-lung-segmentation/data/scribbles/coronacases_009_slice_0092.npy,189,45,0.23809523808264046,True
coronacases_009,93,/kaggle/working/scribble-uncertainty-lung-segmentation/data/scribbles/coronacases_009_slice_0093.npy,190,43,0.22631578946177283,True
coronacases_009,94,/kaggle/working/scribble-uncertainty-lung-segmentation/data/scribbles/coronacases_009_slice_0094.npy,275,35,0.12727272726809916,True
coronacases_009,95,/kaggle/working/scribble-uncertainty-lung-segmentation/data/scribbles/coronacases_009_slice_0095.npy,271,51,0.18819188191187483,True
coronacases_009,96,/kaggle/working/scribble-uncertainty-lung-segmentation/data/scribbles/coronacases_009_slice_0096.npy,292,54,0.1849315068429818,True
coronacases_009,97,/kaggle/working/scribble-uncertainty-lung-segmentation/data/scribbles/coronacases_009_slice_0097.npy,310,48,0.15483870967242455,True
coronacases_009,98,/kaggle/working/scribble-uncertainty-lung-segmentation/data/scribbles/coronacases_009_slice_0098.npy,351,42,0.1196581196547106,True
coronacases_009,99,/kaggle/working/scribble-uncertainty-lung-segmentation/data/scribbles/coronacases_009_slice_0099.npy,329,45,0.13677811549736235,True
coronacases_009,100,/kaggle/working/scribble-uncertainty-lung-segmentation/data/scribbles/coronacases_009_slice_0100.npy,417,59,0.14148681054816578,True
coronacases_009,101,/kaggle/working/scribble-uncertainty-lung-segmentation/data/scribbles/coronacases_009_slice_0101.npy,356,45,0.1264044943784718,True
coronacases_009,102,/kaggle/working/scribble-uncertainty-lung-segmentation/data/scribbles/coronacases_009_slice_0102.npy,358,61,0.17039106144775443,True
coronacases_009,103,/kaggle/working/scribble-uncertainty-lung-segmentation/data/scribbles/coronacases_009_slice_0103.npy,337,60,0.17804154302142308,True
coronacases_009,104,/kaggle/working/scribble-uncertainty-lung-segmentation/data/scribbles/coronacases_009_slice_0104.npy,357,37,0.10364145657972992,True
coronacases_009,105,/kaggle/working/scribble-uncertainty-lung-segmentation/data/scribbles/coronacases_009_slice_0105.npy,399,36,0.09022556390751314,True
coronacases_009,106,/kaggle/working/scribble-uncertainty-lung-segmentation/data/scribbles/coronacases_009_slice_0106.npy,424,54,0.127358490563034,True
coronacases_009,107,/kaggle/working/scribble-uncertainty-lung-segmentation/data/scribbles/coronacases_009_slice_0107.npy,453,35,0.07726269315502732,True
coronacases_009,108,/kaggle/working/scribble-uncertainty-lung-segmentation/data/scribbles/coronacases_009_slice_0108.npy,463,45,0.09719222461993106,True
coronacases_009,109,/kaggle/working/scribble-uncertainty-lung-segmentation/data/scribbles/coronacases_009_slice_0109.npy,543,39,0.0718232044185668,True
coronacases_009,110,/kaggle/working/scribble-uncertainty-lung-segmentation/data/scribbles/coronacases_009_slice_0110.npy,526,46,0.08745247148122713,True
coronacases_009,111,/kaggle/working/scribble-uncertainty-lung-segmentation/data/scribbles/coronacases_009_slice_0111.npy,721,61,0.0846047156715034,True
coronacases_009,112,/kaggle/working/scribble-uncertainty-lung-segmentation/data/scribbles/coronacases_009_slice_0112.npy,781,92,0.11779769526097571,True
coronacases_009,113,/kaggle/working/scribble-uncertainty-lung-segmentation/data/scribbles/coronacases_009_slice_0113.npy,807,81,0.10037174721065215,True
coronacases_009,114,/kaggle/working/scribble-uncertainty-lung-segmentation/data/scribbles/coronacases_009_slice_0114.npy,933,68,0.07288317256084799,True
coronacases_009,115,/kaggle/working/scribble-uncertainty-lung-segmentation/data/scribbles/coronacases_009_slice_0115.npy,995,78,0.07839195979820711,True
coronacases_009,116,/kaggle/working/scribble-uncertainty-lung-segmentation/data/scribbles/coronacases_009_slice_0116.npy,1054,104,0.09867172675428207,True
coronacases_009,117,/kaggle/working/scribble-uncertainty-lung-segmentation/data/scribbles/coronacases_009_slice_0117.npy,1079,80,0.07414272474444725,True
coronacases_009,118,/kaggle/working/scribble-uncertainty-lung-segmentation/data/scribbles/coronacases_009_slice_0118.npy,1101,70,0.0635785649403853,True
coronacases_009,119,/kaggle/working/scribble-uncertainty-lung-segmentation/data/scribbles/coronacases_009_slice_0119.npy,1278,88,0.06885758998381176,True
coronacases_009,120,/kaggle/working/scribble-uncertainty-lung-segmentation/data/scribbles/coronacases_009_slice_0120.npy,1283,81,0.06313328137129282,True
coronacases_009,121,/kaggle/working/scribble-uncertainty-lung-segmentation/data/scribbles/coronacases_009_slice_0121.npy,1227,84,0.06845965770115356,True
coronacases_009,122,/kaggle/working/scribble-uncertainty-lung-segmentation/data/scribbles/coronacases_009_slice_0122.npy,1215,106,0.08724279835319143,True
coronacases_009,123,/kaggle/working/scribble-uncertainty-lung-segmentation/data/scribbles/coronacases_009_slice_0123.npy,1337,106,0.0792819745693397,True
coronacases_009,124,/kaggle/working/scribble-uncertainty-lung-segmentation/data/scribbles/coronacases_009_slice_0124.npy,1203,105,0.08728179551049642,True
coronacases_009,125,/kaggle/working/scribble-uncertainty-lung-segmentation/data/scribbles/coronacases_009_slice_0125.npy,1250,82,0.0655999999994752,True
coronacases_009,126,/kaggle/working/scribble-uncertainty-lung-segmentation/data/scribbles/coronacases_009_slice_0126.npy,1266,96,0.07582938388565696,True
coronacases_009,127,/kaggle/working/scribble-uncertainty-lung-segmentation/data/scribbles/coronacases_009_slice_0127.npy,1113,63,0.056603773584397096,True
coronacases_009,128,/kaggle/working/scribble-uncertainty-lung-segmentation/data/scribbles/coronacases_009_slice_0128.npy,1102,74,0.06715063520810209,True
coronacases_009,129,/kaggle/working/scribble-uncertainty-lung-segmentation/data/scribbles/coronacases_009_slice_0129.npy,1057,70,0.06622516556228737,True
coronacases_009,130,/kaggle/working/scribble-uncertainty-lung-segmentation/data/scribbles/coronacases_009_slice_0130.npy,966,60,0.062111801241593045,True
coronacases_009,131,/kaggle/working/scribble-uncertainty-lung-segmentation/data/scribbles/coronacases_009_slice_0131.npy,915,61,0.06666666666593807,True
coronacases_009,132,/kaggle/working/scribble-uncertainty-lung-segmentation/data/scribbles/coronacases_009_slice_0132.npy,884,69,0.07805429864165096,True
coronacases_009,133,/kaggle/working/scribble-uncertainty-lung-segmentation/data/scribbles/coronacases_009_slice_0133.npy,745,57,0.07651006711306697,True
coronacases_009,134,/kaggle/working/scribble-uncertainty-lung-segmentation/data/scribbles/coronacases_009_slice_0134.npy,718,77,0.10724233983137546,True
coronacases_009,135,/kaggle/working/scribble-uncertainty-lung-segmentation/data/scribbles/coronacases_009_slice_0135.npy,713,64,0.08976157082623056,True
coronacases_009,136,/kaggle/working/scribble-uncertainty-lung-segmentation/data/scribbles/coronacases_009_slice_0136.npy,667,55,0.08245877061345638,True
coronacases_009,137,/kaggle/working/scribble-uncertainty-lung-segmentation/data/scribbles/coronacases_009_slice_0137.npy,611,63,0.1031096562994581,True
coronacases_009,138,/kaggle/working/scribble-uncertainty-lung-segmentation/data/scribbles/coronacases_009_slice_0138.npy,564,70,0.12411347517510436,True
coronacases_009,139,/kaggle/working/scribble-uncertainty-lung-segmentation/data/scribbles/coronacases_009_slice_0139.npy,481,64,0.1330561330533668,True
coronacases_009,140,/kaggle/working/scribble-uncertainty-lung-segmentation/data/scribbles/coronacases_009_slice_0140.npy,486,72,0.14814814814509983,True
coronacases_009,141,/kaggle/working/scribble-uncertainty-lung-segmentation/data/scribbles/coronacases_009_slice_0141.npy,480,48,0.09999999999791666,True
coronacases_009,142,/kaggle/working/scribble-uncertainty-lung-segmentation/data/scribbles/coronacases_009_slice_0142.npy,398,51,0.12814070351436832,True
coronacases_009,143,/kaggle/working/scribble-uncertainty-lung-segmentation/data/scribbles/coronacases_009_slice_0143.npy,375,63,0.16799999999551998,True
coronacases_009,144,/kaggle/working/scribble-uncertainty-lung-segmentation/data/scribbles/coronacases_009_slice_0144.npy,350,59,0.16857142856661225,True
coronacases_009,145,/kaggle/working/scribble-uncertainty-lung-segmentation/data/scribbles/coronacases_009_slice_0145.npy,331,50,0.15105740180812516,True
coronacases_009,146,/kaggle/working/scribble-uncertainty-lung-segmentation/data/scribbles/coronacases_009_slice_0146.npy,322,53,0.16459627328681378,True
coronacases_009,147,/kaggle/working/scribble-uncertainty-lung-segmentation/data/scribbles/coronacases_009_slice_0147.npy,277,45,0.16245487364034458,True
coronacases_009,148,/kaggle/working/scribble-uncertainty-lung-segmentation/data/scribbles/coronacases_009_slice_0148.npy,220,51,0.23181818180764463,True
coronacases_009,149,/kaggle/working/scribble-uncertainty-lung-segmentation/data/scribbles/coronacases_009_slice_0149.npy,231,39,0.16883116882386012,True
coronacases_009,150,/kaggle/working/scribble-uncertainty-lung-segmentation/data/scribbles/coronacases_009_slice_0150.npy,205,44,0.21463414633099345,True
coronacases_009,151,/kaggle/working/scribble-uncertainty-lung-segmentation/data/scribbles/coronacases_009_slice_0151.npy,223,52,0.23318385649178547,True
coronacases_009,152,/kaggle/working/scribble-uncertainty-lung-segmentation/data/scribbles/coronacases_009_slice_0152.npy,190,41,0.21578947367285317,True
coronacases_009,153,/kaggle/working/scribble-uncertainty-lung-segmentation/data/scribbles/coronacases_009_slice_0153.npy,0,0,0.0,False
coronacases_009,154,/kaggle/working/scribble-uncertainty-lung-segmentation/data/scribbles/coronacases_009_slice_0154.npy,0,0,0.0,False
coronacases_009,155,/kaggle/working/scribble-uncertainty-lung-segmentation/data/scribbles/coronacases_009_slice_0155.npy,46,9,0.1956521738705104,True
coronacases_009,156,/kaggle/working/scribble-uncertainty-lung-segmentation/data/scribbles/coronacases_009_slice_0156.npy,70,9,0.12857142855306122,True
coronacases_009,157,/kaggle/working/scribble-uncertainty-lung-segmentation/data/scribbles/coronacases_009_slice_0157.npy,102,18,0.17647058821799308,True
coronacases_009,158,/kaggle/working/scribble-uncertainty-lung-segmentation/data/scribbles/coronacases_009_slice_0158.npy,176,27,0.15340909090037447,True
coronacases_009,159,/kaggle/working/scribble-uncertainty-lung-segmentation/data/scribbles/coronacases_009_slice_0159.npy,173,27,0.15606936415282835,True
coronacases_009,160,/kaggle/working/scribble-uncertainty-lung-segmentation/data/scribbles/coronacases_009_slice_0160.npy,272,53,0.19485294116930688,True
coronacases_009,161,/kaggle/working/scribble-uncertainty-lung-segmentation/data/scribbles/coronacases_009_slice_0161.npy,270,44,0.1629629629569273,True
coronacases_009,162,/kaggle/working/scribble-uncertainty-lung-segmentation/data/scribbles/coronacases_009_slice_0162.npy,237,36,0.15189873417080596,True
coronacases_009,163,/kaggle/working/scribble-uncertainty-lung-segmentation/data/scribbles/coronacases_009_slice_0163.npy,363,53,0.14600550963785108,True
coronacases_009,164,/kaggle/working/scribble-uncertainty-lung-segmentation/data/scribbles/coronacases_009_slice_0164.npy,353,45,0.12747875353746518,True
coronacases_009,165,/kaggle/working/scribble-uncertainty-lung-segmentation/data/scribbles/coronacases_009_slice_0165.npy,304,46,0.15131578946870672,True
coronacases_009,166,/kaggle/working/scribble-uncertainty-lung-segmentation/data/scribbles/coronacases_009_slice_0166.npy,293,36,0.1228668941937588,True
coronacases_009,167,/kaggle/working/scribble-uncertainty-lung-segmentation/data/scribbles/coronacases_009_slice_0167.npy,243,36,0.14814814814205152,True
coronacases_009,168,/kaggle/working/scribble-uncertainty-lung-segmentation/data/scribbles/coronacases_009_slice_0168.npy,197,21,0.10659898476616249,True
coronacases_009,169,/kaggle/working/scribble-uncertainty-lung-segmentation/data/scribbles/coronacases_009_slice_0169.npy,229,34,0.14847161571404052,True
coronacases_009,170,/kaggle/working/scribble-uncertainty-lung-segmentation/data/scribbles/coronacases_009_slice_0170.npy,277,64,0.2310469313996012,True
coronacases_009,171,/kaggle/working/scribble-uncertainty-lung-segmentation/data/scribbles/coronacases_009_slice_0171.npy,159,21,0.13207547168980657,True
coronacases_009,172,/kaggle/working/scribble-uncertainty-lung-segmentation/data/scribbles/coronacases_009_slice_0172.npy,338,52,0.1538461538416022,True
coronacases_009,173,/kaggle/working/scribble-uncertainty-lung-segmentation/data/scribbles/coronacases_009_slice_0173.npy,353,51,0.14447592067579387,True
coronacases_009,174,/kaggle/working/scribble-uncertainty-lung-segmentation/data/scribbles/coronacases_009_slice_0174.npy,459,72,0.15686274509462172,True
coronacases_009,175,/kaggle/working/scribble-uncertainty-lung-segmentation/data/scribbles/coronacases_009_slice_0175.npy,422,52,0.1232227488122459,True
coronacases_009,176,/kaggle/working/scribble-uncertainty-lung-segmentation/data/scribbles/coronacases_009_slice_0176.npy,520,72,0.13846153845887574,True
coronacases_009,177,/kaggle/working/scribble-uncertainty-lung-segmentation/data/scribbles/coronacases_009_slice_0177.npy,673,70,0.10401188707126283,True
coronacases_009,178,/kaggle/working/scribble-uncertainty-lung-segmentation/data/scribbles/coronacases_009_slice_0178.npy,606,44,0.07260726072487447,True
coronacases_009,179,/kaggle/working/scribble-uncertainty-lung-segmentation/data/scribbles/coronacases_009_slice_0179.npy,609,55,0.09031198686222805,True
coronacases_009,180,/kaggle/working/scribble-uncertainty-lung-segmentation/data/scribbles/coronacases_009_slice_0180.npy,680,47,0.0691176470578071,True
coronacases_009,181,/kaggle/working/scribble-uncertainty-lung-segmentation/data/scribbles/coronacases_009_slice_0181.npy,759,42,0.05533596837871758,True
coronacases_009,182,/kaggle/working/scribble-uncertainty-lung-segmentation/data/scribbles/coronacases_009_slice_0182.npy,694,46,0.06628242074832447,True
coronacases_009,183,/kaggle/working/scribble-uncertainty-lung-segmentation/data/scribbles/coronacases_009_slice_0183.npy,574,60,0.1045296167229176,True
coronacases_009,184,/kaggle/working/scribble-uncertainty-lung-segmentation/data/scribbles/coronacases_009_slice_0184.npy,748,73,0.0975935828863958,True
coronacases_009,185,/kaggle/working/scribble-uncertainty-lung-segmentation/data/scribbles/coronacases_009_slice_0185.npy,752,66,0.0877659574456414,True
coronacases_009,186,/kaggle/working/scribble-uncertainty-lung-segmentation/data/scribbles/coronacases_009_slice_0186.npy,740,69,0.0932432432419832,True
coronacases_009,187,/kaggle/working/scribble-uncertainty-lung-segmentation/data/scribbles/coronacases_009_slice_0187.npy,728,73,0.10027472527334787,True
coronacases_009,188,/kaggle/working/scribble-uncertainty-lung-segmentation/data/scribbles/coronacases_009_slice_0188.npy,576,67,0.11631944444242501,True
coronacases_009,189,/kaggle/working/scribble-uncertainty-lung-segmentation/data/scribbles/coronacases_009_slice_0189.npy,369,42,0.11382113820829753,True
coronacases_009,190,/kaggle/working/scribble-uncertainty-lung-segmentation/data/scribbles/coronacases_009_slice_0190.npy,464,68,0.14655172413477258,True
coronacases_009,191,/kaggle/working/scribble-uncertainty-lung-segmentation/data/scribbles/coronacases_009_slice_0191.npy,342,54,0.15789473683748845,True
coronacases_009,192,/kaggle/working/scribble-uncertainty-lung-segmentation/data/scribbles/coronacases_009_slice_0192.npy,315,46,0.1460317460271101,True
coronacases_009,193,/kaggle/working/scribble-uncertainty-lung-segmentation/data/scribbles/coronacases_009_slice_0193.npy,241,45,0.186721991693497,True
coronacases_009,194,/kaggle/working/scribble-uncertainty-lung-segmentation/data/scribbles/coronacases_009_slice_0194.npy,138,36,0.2608695651984877,True
coronacases_009,195,/kaggle/working/scribble-uncertainty-lung-segmentation/data/scribbles/coronacases_009_slice_0195.npy,97,12,0.12371134019343183,True
coronacases_009,196,/kaggle/working/scribble-uncertainty-lung-segmentation/data/scribbles/coronacases_009_slice_0196.npy,27,9,0.3333333332098765,True
coronacases_009,197,/kaggle/working/scribble-uncertainty-lung-segmentation/data/scribbles/coronacases_009_slice_0197.npy,0,0,0.0,False
coronacases_009,198,/kaggle/working/scribble-uncertainty-lung-segmentation/data/scribbles/coronacases_009_slice_0198.npy,0,0,0.0,False
coronacases_009,199,/kaggle/working/scribble-uncertainty-lung-segmentation/data/scribbles/coronacases_009_slice_0199.npy,0,0,0.0,False
coronacases_009,200,/kaggle/working/scribble-uncertainty-lung-segmentation/data/scribbles/coronacases_009_slice_0200.npy,0,0,0.0,False
coronacases_009,201,/kaggle/working/scribble-uncertainty-lung-segmentation/data/scribbles/coronacases_009_slice_0201.npy,0,0,0.0,False
coronacases_009,202,/kaggle/working/scribble-uncertainty-lung-segmentation/data/scribbles/coronacases_009_slice_0202.npy,0,0,0.0,False
coronacases_009,203,/kaggle/working/scribble-uncertainty-lung-segmentation/data/scribbles/coronacases_009_slice_0203.npy,0,0,0.0,False
coronacases_009,204,/kaggle/working/scribble-uncertainty-lung-segmentation/data/scribbles/coronacases_009_slice_0204.npy,0,0,0.0,False
coronacases_009,205,/kaggle/working/scribble-uncertainty-lung-segmentation/data/scribbles/coronacases_009_slice_0205.npy,0,0,0.0,False
coronacases_009,206,/kaggle/working/scribble-uncertainty-lung-segmentation/data/scribbles/coronacases_009_slice_0206.npy,0,0,0.0,False
coronacases_009,207,/kaggle/working/scribble-uncertainty-lung-segmentation/data/scribbles/coronacases_009_slice_0207.npy,0,0,0.0,False
coronacases_009,208,/kaggle/working/scribble-uncertainty-lung-segmentation/data/scribbles/coronacases_009_slice_0208.npy,0,0,0.0,False
coronacases_009,209,/kaggle/working/scribble-uncertainty-lung-segmentation/data/scribbles/coronacases_009_slice_0209.npy,0,0,0.0,False
coronacases_009,210,/kaggle/working/scribble-uncertainty-lung-segmentation/data/scribbles/coronacases_009_slice_0210.npy,0,0,0.0,False
coronacases_009,211,/kaggle/working/scribble-uncertainty-lung-segmentation/data/scribbles/coronacases_009_slice_0211.npy,0,0,0.0,False
coronacases_009,212,/kaggle/working/scribble-uncertainty-lung-segmentation/data/scribbles/coronacases_009_slice_0212.npy,0,0,0.0,False
coronacases_009,213,/kaggle/working/scribble-uncertainty-lung-segmentation/data/scribbles/coronacases_009_slice_0213.npy,0,0,0.0,False
coronacases_009,214,/kaggle/working/scribble-uncertainty-lung-segmentation/data/scribbles/coronacases_009_slice_0214.npy,0,0,0.0,False
coronacases_009,215,/kaggle/working/scribble-uncertainty-lung-segmentation/data/scribbles/coronacases_009_slice_0215.npy,0,0,0.0,False
coronacases_009,216,/kaggle/working/scribble-uncertainty-lung-segmentation/data/scribbles/coronacases_009_slice_0216.npy,0,0,0.0,False
coronacases_009,217,/kaggle/working/scribble-uncertainty-lung-segmentation/data/scribbles/coronacases_009_slice_0217.npy,0,0,0.0,False
coronacases_009,218,/kaggle/working/scribble-uncertainty-lung-segmentation/data/scribbles/coronacases_009_slice_0218.npy,0,0,0.0,False
coronacases_009,219,/kaggle/working/scribble-uncertainty-lung-segmentation/data/scribbles/coronacases_009_slice_0219.npy,0,0,0.0,False
coronacases_009,220,/kaggle/working/scribble-uncertainty-lung-segmentation/data/scribbles/coronacases_009_slice_0220.npy,0,0,0.0,False
coronacases_009,221,/kaggle/working/scribble-uncertainty-lung-segmentation/data/scribbles/coronacases_009_slice_0221.npy,0,0,0.0,False
coronacases_009,222,/kaggle/working/scribble-uncertainty-lung-segmentation/data/scribbles/coronacases_009_slice_0222.npy,0,0,0.0,False
coronacases_009,223,/kaggle/working/scribble-uncertainty-lung-segmentation/data/scribbles/coronacases_009_slice_0223.npy,0,0,0.0,False
coronacases_010,68,/kaggle/working/scribble-uncertainty-lung-segmentation/data/scribbles/coronacases_010_slice_0068.npy,0,0,0.0,False
coronacases_010,69,/kaggle/working/scribble-uncertainty-lung-segmentation/data/scribbles/coronacases_010_slice_0069.npy,0,0,0.0,False
coronacases_010,70,/kaggle/working/scribble-uncertainty-lung-segmentation/data/scribbles/coronacases_010_slice_0070.npy,0,0,0.0,False
coronacases_010,71,/kaggle/working/scribble-uncertainty-lung-segmentation/data/scribbles/coronacases_010_slice_0071.npy,0,0,0.0,False
coronacases_010,72,/kaggle/working/scribble-uncertainty-lung-segmentation/data/scribbles/coronacases_010_slice_0072.npy,0,0,0.0,False
coronacases_010,73,/kaggle/working/scribble-uncertainty-lung-segmentation/data/scribbles/coronacases_010_slice_0073.npy,0,0,0.0,False
coronacases_010,74,/kaggle/working/scribble-uncertainty-lung-segmentation/data/scribbles/coronacases_010_slice_0074.npy,0,0,0.0,False
coronacases_010,75,/kaggle/working/scribble-uncertainty-lung-segmentation/data/scribbles/coronacases_010_slice_0075.npy,92,18,0.19565217389177694,True
coronacases_010,76,/kaggle/working/scribble-uncertainty-lung-segmentation/data/scribbles/coronacases_010_slice_0076.npy,71,9,0.1267605633624281,True
coronacases_010,77,/kaggle/working/scribble-uncertainty-lung-segmentation/data/scribbles/coronacases_010_slice_0077.npy,135,9,0.0666666666617284,True
coronacases_010,78,/kaggle/working/scribble-uncertainty-lung-segmentation/data/scribbles/coronacases_010_slice_0078.npy,155,27,0.17419354837585846,True
coronacases_010,79,/kaggle/working/scribble-uncertainty-lung-segmentation/data/scribbles/coronacases_010_slice_0079.npy,193,21,0.10880829014980267,True
coronacases_010,80,/kaggle/working/scribble-uncertainty-lung-segmentation/data/scribbles/coronacases_010_slice_0080.npy,243,27,0.11111111110653864,True
coronacases_010,81,/kaggle/working/scribble-uncertainty-lung-segmentation/data/scribbles/coronacases_010_slice_0081.npy,270,27,0.09999999999629629,True
coronacases_010,82,/kaggle/working/scribble-uncertainty-lung-segmentation/data/scribbles/coronacases_010_slice_0082.npy,423,56,0.13238770685266224,True
coronacases_010,83,/kaggle/working/scribble-uncertainty-lung-segmentation/data/scribbles/coronacases_010_slice_0083.npy,470,48,0.10212765957229515,True
coronacases_010,84,/kaggle/working/scribble-uncertainty-lung-segmentation/data/scribbles/coronacases_010_slice_0084.npy,648,90,0.13888888888674555,True
coronacases_010,85,/kaggle/working/scribble-uncertainty-lung-segmentation/data/scribbles/coronacases_010_slice_0085.npy,656,84,0.12804878048585291,True
coronacases_010,86,/kaggle/working/scribble-uncertainty-lung-segmentation/data/scribbles/coronacases_010_slice_0086.npy,810,113,0.13950617283778388,True
coronacases_010,87,/kaggle/working/scribble-uncertainty-lung-segmentation/data/scribbles/coronacases_010_slice_0087.npy,1032,119,0.11531007751826251,True
coronacases_010,88,/kaggle/working/scribble-uncertainty-lung-segmentation/data/scribbles/coronacases_010_slice_0088.npy,1154,119,0.1031195840545657,True
coronacases_010,89,/kaggle/working/scribble-uncertainty-lung-segmentation/data/scribbles/coronacases_010_slice_0089.npy,1100,144,0.13090909090790084,True
coronacases_010,90,/kaggle/working/scribble-uncertainty-lung-segmentation/data/scribbles/coronacases_010_slice_0090.npy,1227,133,0.10839445802682646,True
coronacases_010,91,/kaggle/working/scribble-uncertainty-lung-segmentation/data/scribbles/coronacases_010_slice_0091.npy,1279,141,0.11024237685605753,True
coronacases_010,92,/kaggle/working/scribble-uncertainty-lung-segmentation/data/scribbles/coronacases_010_slice_0092.npy,1351,128,0.09474463360403594,True
coronacases_010,93,/kaggle/working/scribble-uncertainty-lung-segmentation/data/scribbles/coronacases_010_slice_0093.npy,1371,144,0.1050328227563455,True
coronacases_010,94,/kaggle/working/scribble-uncertainty-lung-segmentation/data/scribbles/coronacases_010_slice_0094.npy,1436,112,0.0779944289688162,True
coronacases_010,95,/kaggle/working/scribble-uncertainty-lung-segmentation/data/scribbles/coronacases_010_slice_0095.npy,1451,126,0.08683666436880196,True
coronacases_010,96,/kaggle/working/scribble-uncertainty-lung-segmentation/data/scribbles/coronacases_010_slice_0096.npy,1477,131,0.08869329722350242,True
coronacases_010,97,/kaggle/working/scribble-uncertainty-lung-segmentation/data/scribbles/coronacases_010_slice_0097.npy,1466,139,0.09481582537452378,True
coronacases_010,98,/kaggle/working/scribble-uncertainty-lung-segmentation/data/scribbles/coronacases_010_slice_0098.npy,1476,150,0.10162601625947408,True
coronacases_010,99,/kaggle/working/scribble-uncertainty-lung-segmentation/data/scribbles/coronacases_010_slice_0099.npy,1573,131,0.08328035600709931,True
coronacases_010,100,/kaggle/working/scribble-uncertainty-lung-segmentation/data/scribbles/coronacases_010_slice_0100.npy,1507,139,0.09223623092175026,True
coronacases_010,101,/kaggle/working/scribble-uncertainty-lung-segmentation/data/scribbles/coronacases_010_slice_0101.npy,1547,161,0.10407239818937251,True
coronacases_010,102,/kaggle/working/scribble-uncertainty-lung-segmentation/data/scribbles/coronacases_010_slice_0102.npy,1673,131,0.07830245068691989,True
coronacases_010,103,/kaggle/working/scribble-uncertainty-lung-segmentation/data/scribbles/coronacases_010_slice_0103.npy,1596,141,0.0883458646611006,True
coronacases_010,104,/kaggle/working/scribble-uncertainty-lung-segmentation/data/scribbles/coronacases_010_slice_0104.npy,1434,133,0.09274755927410916,True
coronacases_010,105,/kaggle/working/scribble-uncertainty-lung-segmentation/data/scribbles/coronacases_010_slice_0105.npy,1601,120,0.07495315427810773,True
coronacases_010,106,/kaggle/working/scribble-uncertainty-lung-segmentation/data/scribbles/coronacases_010_slice_0106.npy,1558,126,0.08087291399177875,True
coronacases_010,107,/kaggle/working/scribble-uncertainty-lung-segmentation/data/scribbles/coronacases_010_slice_0107.npy,1538,134,0.08712613784078592,True
coronacases_010,108,/kaggle/working/scribble-uncertainty-lung-segmentation/data/scribbles/coronacases_010_slice_0108.npy,1497,123,0.08216432865676578,True
coronacases_010,109,/kaggle/working/scribble-uncertainty-lung-segmentation/data/scribbles/coronacases_010_slice_0109.npy,1605,128,0.07975077881570249,True
coronacases_010,110,/kaggle/working/scribble-uncertainty-lung-segmentation/data/scribbles/coronacases_010_slice_0110.npy,1540,144,0.09350649350588633,True
coronacases_010,111,/kaggle/working/scribble-uncertainty-lung-segmentation/data/scribbles/coronacases_010_slice_0111.npy,1755,170,0.09686609686554493,True
coronacases_010,112,/kaggle/working/scribble-uncertainty-lung-segmentation/data/scribbles/coronacases_010_slice_0112.npy,1705,134,0.07859237536610797,True
coronacases_010,113,/kaggle/working/scribble-uncertainty-lung-segmentation/data/scribbles/coronacases_010_slice_0113.npy,1655,121,0.07311178247689963,True
coronacases_010,114,/kaggle/working/scribble-uncertainty-lung-segmentation/data/scribbles/coronacases_010_slice_0114.npy,1787,114,0.063794068270488,True
coronacases_010,115,/kaggle/working/scribble-uncertainty-lung-segmentation/data/scribbles/coronacases_010_slice_0115.npy,1804,121,0.06707317073133552,True
coronacases_010,116,/kaggle/working/scribble-uncertainty-lung-segmentation/data/scribbles/coronacases_010_slice_0116.npy,1686,136,0.08066429418694743,True
coronacases_010,117,/kaggle/working/scribble-uncertainty-lung-segmentation/data/scribbles/coronacases_010_slice_0117.npy,1692,125,0.073877068557483,True
coronacases_010,118,/kaggle/working/scribble-uncertainty-lung-segmentation/data/scribbles/coronacases_010_slice_0118.npy,1759,128,0.07276861853284385,True
coronacases_010,119,/kaggle/working/scribble-uncertainty-lung-segmentation/data/scribbles/coronacases_010_slice_0119.npy,1928,165,0.08558091286262666,True
coronacases_010,120,/kaggle/working/scribble-uncertainty-lung-segmentation/data/scribbles/coronacases_010_slice_0120.npy,1975,185,0.0936708860754751,True
coronacases_010,121,/kaggle/working/scribble-uncertainty-lung-segmentation/data/scribbles/coronacases_010_slice_0121.npy,2096,169,0.08062977099198174,True
coronacases_010,122,/kaggle/working/scribble-uncertainty-lung-segmentation/data/scribbles/coronacases_010_slice_0122.npy,1931,154,0.0797514241321608,True
coronacases_010,123,/kaggle/working/scribble-uncertainty-lung-segmentation/data/scribbles/coronacases_010_slice_0123.npy,1891,117,0.06187202538306784,True
coronacases_010,124,/kaggle/working/scribble-uncertainty-lung-segmentation/data/scribbles/coronacases_010_slice_0124.npy,1910,140,0.07329842931898797,True
coronacases_010,125,/kaggle/working/scribble-uncertainty-lung-segmentation/data/scribbles/coronacases_010_slice_0125.npy,1873,142,0.07581420181486485,True
coronacases_010,126,/kaggle/working/scribble-uncertainty-lung-segmentation/data/scribbles/coronacases_010_slice_0126.npy,1886,161,0.08536585365808397,True
coronacases_010,127,/kaggle/working/scribble-uncertainty-lung-segmentation/data/scribbles/coronacases_010_slice_0127.npy,1721,114,0.06624055781483881,True
coronacases_010,128,/kaggle/working/scribble-uncertainty-lung-segmentation/data/scribbles/coronacases_010_slice_0128.npy,1739,176,0.10120759056871072,True
coronacases_010,129,/kaggle/working/scribble-uncertainty-lung-segmentation/data/scribbles/coronacases_010_slice_0129.npy,1574,158,0.10038119440851093,True
coronacases_010,130,/kaggle/working/scribble-uncertainty-lung-segmentation/data/scribbles/coronacases_010_slice_0130.npy,1478,117,0.07916102841624384,True
coronacases_010,131,/kaggle/working/scribble-uncertainty-lung-segmentation/data/scribbles/coronacases_010_slice_0131.npy,1635,166,0.10152905198714662,True
coronacases_010,132,/kaggle/working/scribble-uncertainty-lung-segmentation/data/scribbles/coronacases_010_slice_0132.npy,1431,125,0.08735150244523165,True
coronacases_010,133,/kaggle/working/scribble-uncertainty-lung-segmentation/data/scribbles/coronacases_010_slice_0133.npy,1604,136,0.08478802992465843,True
coronacases_010,134,/kaggle/working/scribble-uncertainty-lung-segmentation/data/scribbles/coronacases_010_slice_0134.npy,1699,174,0.10241318422541253,True
coronacases_010,135,/kaggle/working/scribble-uncertainty-lung-segmentation/data/scribbles/coronacases_010_slice_0135.npy,1687,153,0.09069353882578131,True
coronacases_010,136,/kaggle/working/scribble-uncertainty-lung-segmentation/data/scribbles/coronacases_010_slice_0136.npy,1767,158,0.08941709111437796,True
coronacases_010,137,/kaggle/working/scribble-uncertainty-lung-segmentation/data/scribbles/coronacases_010_slice_0137.npy,1697,161,0.09487330583326534,True
coronacases_010,138,/kaggle/working/scribble-uncertainty-lung-segmentation/data/scribbles/coronacases_010_slice_0138.npy,1868,156,0.08351177730148013,True
coronacases_010,139,/kaggle/working/scribble-uncertainty-lung-segmentation/data/scribbles/coronacases_010_slice_0139.npy,1849,162,0.087614926987087,True
coronacases_010,140,/kaggle/working/scribble-uncertainty-lung-segmentation/data/scribbles/coronacases_010_slice_0140.npy,1713,123,0.07180385288924808,True
coronacases_010,141,/kaggle/working/scribble-uncertainty-lung-segmentation/data/scribbles/coronacases_010_slice_0141.npy,1503,132,0.08782435129682087,True
coronacases_010,142,/kaggle/working/scribble-uncertainty-lung-segmentation/data/scribbles/coronacases_010_slice_0142.npy,1551,119,0.07672469374547566,True
coronacases_010,143,/kaggle/working/scribble-uncertainty-lung-segmentation/data/scribbles/coronacases_010_slice_0143.npy,1494,114,0.0763052208830234,True
coronacases_010,144,/kaggle/working/scribble-uncertainty-lung-segmentation/data/scribbles/coronacases_010_slice_0144.npy,1439,111,0.0771369006248983,True
coronacases_010,145,/kaggle/working/scribble-uncertainty-lung-segmentation/data/scribbles/coronacases_010_slice_0145.npy,1359,110,0.08094186902074363,True
coronacases_010,146,/kaggle/working/scribble-uncertainty-lung-segmentation/data/scribbles/coronacases_010_slice_0146.npy,1332,109,0.08183183183121749,True
coronacases_010,147,/kaggle/working/scribble-uncertainty-lung-segmentation/data/scribbles/coronacases_010_slice_0147.npy,1448,115,0.07941988950221396,True
coronacases_010,148,/kaggle/working/scribble-uncertainty-lung-segmentation/data/scribbles/coronacases_010_slice_0148.npy,1401,122,0.08708065667318288,True
coronacases_010,149,/kaggle/working/scribble-uncertainty-lung-segmentation/data/scribbles/coronacases_010_slice_0149.npy,1584,145,0.09154040403982613,True
coronacases_010,150,/kaggle/working/scribble-uncertainty-lung-segmentation/data/scribbles/coronacases_010_slice_0150.npy,1586,155,0.09773013871312908,True
coronacases_010,151,/kaggle/working/scribble-uncertainty-lung-segmentation/data/scribbles/coronacases_010_slice_0151.npy,1484,153,0.1030997304575263,True
coronacases_010,152,/kaggle/working/scribble-uncertainty-lung-segmentation/data/scribbles/coronacases_010_slice_0152.npy,1633,150,0.09185548070978657,True
coronacases_010,153,/kaggle/working/scribble-uncertainty-lung-segmentation/data/scribbles/coronacases_010_slice_0153.npy,1631,167,0.10239117106007119,True
coronacases_010,154,/kaggle/working/scribble-uncertainty-lung-segmentation/data/scribbles/coronacases_010_slice_0154.npy,1739,141,0.08108108108061483,True
coronacases_010,155,/kaggle/working/scribble-uncertainty-lung-segmentation/data/scribbles/coronacases_010_slice_0155.npy,1654,157,0.09492140265964377,True
coronacases_010,156,/kaggle/working/scribble-uncertainty-lung-segmentation/data/scribbles/coronacases_010_slice_0156.npy,1494,161,0.10776439089619971,True
coronacases_010,157,/kaggle/working/scribble-uncertainty-lung-segmentation/data/scribbles/coronacases_010_slice_0157.npy,1528,130,0.08507853403085683,True
coronacases_010,158,/kaggle/working/scribble-uncertainty-lung-segmentation/data/scribbles/coronacases_010_slice_0158.npy,1614,174,0.10780669144914619,True
coronacases_010,159,/kaggle/working/scribble-uncertainty-lung-segmentation/data/scribbles/coronacases_010_slice_0159.npy,1466,155,0.10572987721619558,True
coronacases_010,160,/kaggle/working/scribble-uncertainty-lung-segmentation/data/scribbles/coronacases_010_slice_0160.npy,1577,164,0.10399492707606853,True
coronacases_010,161,/kaggle/working/scribble-uncertainty-lung-segmentation/data/scribbles/coronacases_010_slice_0161.npy,1340,162,0.1208955223871575,True
coronacases_010,162,/kaggle/working/scribble-uncertainty-lung-segmentation/data/scribbles/coronacases_010_slice_0162.npy,1254,173,0.13795853269427466,True
coronacases_010,163,/kaggle/working/scribble-uncertainty-lung-segmentation/data/scribbles/coronacases_010_slice_0163.npy,1530,134,0.0875816993458328,True
coronacases_010,164,/kaggle/working/scribble-uncertainty-lung-segmentation/data/scribbles/coronacases_010_slice_0164.npy,1569,122,0.07775653282295886,True
coronacases_010,165,/kaggle/working/scribble-uncertainty-lung-segmentation/data/scribbles/coronacases_010_slice_0165.npy,1355,159,0.11734317343086832,True
coronacases_010,166,/kaggle/working/scribble-uncertainty-lung-segmentation/data/scribbles/coronacases_010_slice_0166.npy,1339,165,0.12322628827391169,True
coronacases_010,167,/kaggle/working/scribble-uncertainty-lung-segmentation/data/scribbles/coronacases_010_slice_0167.npy,1494,159,0.10642570281053264,True
coronacases_010,168,/kaggle/working/scribble-uncertainty-lung-segmentation/data/scribbles/coronacases_010_slice_0168.npy,1367,163,0.11923920994792071,True
coronacases_010,169,/kaggle/working/scribble-uncertainty-lung-segmentation/data/scribbles/coronacases_010_slice_0169.npy,1316,149,0.1132218844976199,True
coronacases_010,170,/kaggle/working/scribble-uncertainty-lung-segmentation/data/scribbles/coronacases_010_slice_0170.npy,1547,157,0.10148674854491606,True
coronacases_010,171,/kaggle/working/scribble-uncertainty-lung-segmentation/data/scribbles/coronacases_010_slice_0171.npy,1441,139,0.09646079111661027,True
coronacases_010,172,/kaggle/working/scribble-uncertainty-lung-segmentation/data/scribbles/coronacases_010_slice_0172.npy,1414,195,0.13790664780666262,True
coronacases_010,173,/kaggle/working/scribble-uncertainty-lung-segmentation/data/scribbles/coronacases_010_slice_0173.npy,1312,172,0.13109756097461056,True
coronacases_010,174,/kaggle/working/scribble-uncertainty-lung-segmentation/data/scribbles/coronacases_010_slice_0174.npy,1391,167,0.12005751258001397,True
coronacases_010,175,/kaggle/working/scribble-uncertainty-lung-segmentation/data/scribbles/coronacases_010_slice_0175.npy,1278,159,0.12441314553893261,True
coronacases_010,176,/kaggle/working/scribble-uncertainty-lung-segmentation/data/scribbles/coronacases_010_slice_0176.npy,1286,157,0.12208398133653124,True
coronacases_010,177,/kaggle/working/scribble-uncertainty-lung-segmentation/data/scribbles/coronacases_010_slice_0177.npy,1217,147,0.12078882497846519,True
coronacases_010,178,/kaggle/working/scribble-uncertainty-lung-segmentation/data/scribbles/coronacases_010_slice_0178.npy,1279,123,0.09616888193826295,True
coronacases_010,179,/kaggle/working/scribble-uncertainty-lung-segmentation/data/scribbles/coronacases_010_slice_0179.npy,1381,142,0.1028240405495813,True
coronacases_010,180,/kaggle/working/scribble-uncertainty-lung-segmentation/data/scribbles/coronacases_010_slice_0180.npy,1224,147,0.12009803921470509,True
coronacases_010,181,/kaggle/working/scribble-uncertainty-lung-segmentation/data/scribbles/coronacases_010_slice_0181.npy,1419,156,0.10993657505207938,True
coronacases_010,182,/kaggle/working/scribble-uncertainty-lung-segmentation/data/scribbles/coronacases_010_slice_0182.npy,1305,174,0.13333333333231162,True
coronacases_010,183,/kaggle/working/scribble-uncertainty-lung-segmentation/data/scribbles/coronacases_010_slice_0183.npy,1592,168,0.10552763819029191,True
coronacases_010,184,/kaggle/working/scribble-uncertainty-lung-segmentation/data/scribbles/coronacases_010_slice_0184.npy,1442,171,0.11858529819612633,True
coronacases_010,185,/kaggle/working/scribble-uncertainty-lung-segmentation/data/scribbles/coronacases_010_slice_0185.npy,1374,173,0.12590975254639078,True
coronacases_010,186,/kaggle/working/scribble-uncertainty-lung-segmentation/data/scribbles/coronacases_010_slice_0186.npy,1358,187,0.1377025036808711,True
coronacases_010,187,/kaggle/working/scribble-uncertainty-lung-segmentation/data/scribbles/coronacases_010_slice_0187.npy,1529,174,0.11379986919480838,True
coronacases_010,188,/kaggle/working/scribble-uncertainty-lung-segmentation/data/scribbles/coronacases_010_slice_0188.npy,1510,170,0.11258278145620806,True
coronacases_010,189,/kaggle/working/scribble-uncertainty-lung-segmentation/data/scribbles/coronacases_010_slice_0189.npy,1703,191,0.11215502055130855,True
coronacases_010,190,/kaggle/working/scribble-uncertainty-lung-segmentation/data/scribbles/coronacases_010_slice_0190.npy,1784,174,0.0975336322864488,True
coronacases_010,191,/kaggle/working/scribble-uncertainty-lung-segmentation/data/scribbles/coronacases_010_slice_0191.npy,1652,194,0.11743341404287269,True
coronacases_010,192,/kaggle/working/scribble-uncertainty-lung-segmentation/data/scribbles/coronacases_010_slice_0192.npy,1577,171,0.10843373493907145,True
coronacases_010,193,/kaggle/working/scribble-uncertainty-lung-segmentation/data/scribbles/coronacases_010_slice_0193.npy,1506,166,0.1102257636114859,True
coronacases_010,194,/kaggle/working/scribble-uncertainty-lung-segmentation/data/scribbles/coronacases_010_slice_0194.npy,1528,130,0.08507853403085683,True
coronacases_010,195,/kaggle/working/scribble-uncertainty-lung-segmentation/data/scribbles/coronacases_010_slice_0195.npy,1296,150,0.11574074073984769,True
coronacases_010,196,/kaggle/working/scribble-uncertainty-lung-segmentation/data/scribbles/coronacases_010_slice_0196.npy,1284,162,0.1261682242980828,True
coronacases_010,197,/kaggle/working/scribble-uncertainty-lung-segmentation/data/scribbles/coronacases_010_slice_0197.npy,1139,117,0.1027216856882992,True
coronacases_010,198,/kaggle/working/scribble-uncertainty-lung-segmentation/data/scribbles/coronacases_010_slice_0198.npy,1038,127,0.12235067437261705,True
coronacases_010,199,/kaggle/working/scribble-uncertainty-lung-segmentation/data/scribbles/coronacases_010_slice_0199.npy,989,101,0.10212335692515548,True
coronacases_010,200,/kaggle/working/scribble-uncertainty-lung-segmentation/data/scribbles/coronacases_010_slice_0200.npy,1111,119,0.10711071107014303,True
coronacases_010,201,/kaggle/working/scribble-uncertainty-lung-segmentation/data/scribbles/coronacases_010_slice_0201.npy,1135,111,0.09779735682733219,True
coronacases_010,202,/kaggle/working/scribble-uncertainty-lung-segmentation/data/scribbles/coronacases_010_slice_0202.npy,1072,120,0.11194029850641848,True
coronacases_010,203,/kaggle/working/scribble-uncertainty-lung-segmentation/data/scribbles/coronacases_010_slice_0203.npy,966,112,0.11594202898430701,True
coronacases_010,204,/kaggle/working/scribble-uncertainty-lung-segmentation/data/scribbles/coronacases_010_slice_0204.npy,961,120,0.12486992715790979,True
coronacases_010,205,/kaggle/working/scribble-uncertainty-lung-segmentation/data/scribbles/coronacases_010_slice_0205.npy,989,104,0.10515672396253634,True
coronacases_010,206,/kaggle/working/scribble-uncertainty-lung-segmentation/data/scribbles/coronacases_010_slice_0206.npy,1206,134,0.1111111111101898,True
coronacases_010,207,/kaggle/working/scribble-uncertainty-lung-segmentation/data/scribbles/coronacases_010_slice_0207.npy,1162,122,0.10499139414711713,True
coronacases_010,208,/kaggle/working/scribble-uncertainty-lung-segmentation/data/scribbles/coronacases_010_slice_0208.npy,1293,101,0.07811291569931854,True
coronacases_010,209,/kaggle/working/scribble-uncertainty-lung-segmentation/data/scribbles/coronacases_010_slice_0209.npy,1260,119,0.09444444444369489,True
coronacases_010,210,/kaggle/working/scribble-uncertainty-lung-segmentation/data/scribbles/coronacases_010_slice_0210.npy,1237,109,0.08811641067026584,True
coronacases_010,211,/kaggle/working/scribble-uncertainty-lung-segmentation/data/scribbles/coronacases_010_slice_0211.npy,1188,133,0.1119528619519196,True
coronacases_010,212,/kaggle/working/scribble-uncertainty-lung-segmentation/data/scribbles/coronacases_010_slice_0212.npy,1210,111,0.0917355371893245,True
coronacases_010,213,/kaggle/working/scribble-uncertainty-lung-segmentation/data/scribbles/coronacases_010_slice_0213.npy,1296,116,0.08950617283881554,True
coronacases_010,214,/kaggle/working/scribble-uncertainty-lung-segmentation/data/scribbles/coronacases_010_slice_0214.npy,1230,132,0.10731707316985922,True
coronacases_010,215,/kaggle/working/scribble-uncertainty-lung-segmentation/data/scribbles/coronacases_010_slice_0215.npy,1251,109,0.08713029576269281,True
coronacases_010,216,/kaggle/working/scribble-uncertainty-lung-segmentation/data/scribbles/coronacases_010_slice_0216.npy,1203,96,0.07980049875245387,True
coronacases_010,217,/kaggle/working/scribble-uncertainty-lung-segmentation/data/scribbles/coronacases_010_slice_0217.npy,1119,121,0.10813226094630804,True
coronacases_010,218,/kaggle/working/scribble-uncertainty-lung-segmentation/data/scribbles/coronacases_010_slice_0218.npy,985,85,0.08629441624277874,True
coronacases_010,219,/kaggle/working/scribble-uncertainty-lung-segmentation/data/scribbles/coronacases_010_slice_0219.npy,847,86,0.10153482880635732,True
coronacases_010,220,/kaggle/working/scribble-uncertainty-lung-segmentation/data/scribbles/coronacases_010_slice_0220.npy,880,126,0.14318181818019113,True
coronacases_010,221,/kaggle/working/scribble-uncertainty-lung-segmentation/data/scribbles/coronacases_010_slice_0221.npy,832,88,0.10576923076795951,True
coronacases_010,222,/kaggle/working/scribble-uncertainty-lung-segmentation/data/scribbles/coronacases_010_slice_0222.npy,828,78,0.09420289854958692,True
coronacases_010,223,/kaggle/working/scribble-uncertainty-lung-segmentation/data/scribbles/coronacases_010_slice_0223.npy,826,82,0.09927360774698216,True
coronacases_010,224,/kaggle/working/scribble-uncertainty-lung-segmentation/data/scribbles/coronacases_010_slice_0224.npy,811,86,0.10604192354986385,True
coronacases_010,225,/kaggle/working/scribble-uncertainty-lung-segmentation/data/scribbles/coronacases_010_slice_0225.npy,854,80,0.09367681498719348,True
coronacases_010,226,/kaggle/working/scribble-uncertainty-lung-segmentation/data/scribbles/coronacases_010_slice_0226.npy,759,79,0.10408432147425449,True
coronacases_010,227,/kaggle/working/scribble-uncertainty-lung-segmentation/data/scribbles/coronacases_010_slice_0227.npy,745,81,0.1087248322133057,True
coronacases_010,228,/kaggle/working/scribble-uncertainty-lung-segmentation/data/scribbles/coronacases_010_slice_0228.npy,628,66,0.10509554139960038,True
coronacases_010,229,/kaggle/working/scribble-uncertainty-lung-segmentation/data/scribbles/coronacases_010_slice_0229.npy,557,57,0.10233393177554158,True
coronacases_010,230,/kaggle/working/scribble-uncertainty-lung-segmentation/data/scribbles/coronacases_010_slice_0230.npy,485,57,0.11752577319345307,True
coronacases_010,231,/kaggle/working/scribble-uncertainty-lung-segmentation/data/scribbles/coronacases_010_slice_0231.npy,477,50,0.10482180293281296,True
coronacases_010,232,/kaggle/working/scribble-uncertainty-lung-segmentation/data/scribbles/coronacases_010_slice_0232.npy,432,37,0.08564814814616555,True
coronacases_010,233,/kaggle/working/scribble-uncertainty-lung-segmentation/data/scribbles/coronacases_010_slice_0233.npy,409,39,0.09535452322505246,True
coronacases_010,234,/kaggle/working/scribble-uncertainty-lung-segmentation/data/scribbles/coronacases_010_slice_0234.npy,378,38,0.10052910052644103,True
coronacases_010,235,/kaggle/working/scribble-uncertainty-lung-segmentation/data/scribbles/coronacases_010_slice_0235.npy,361,27,0.07479224376524121,True
coronacases_010,236,/kaggle/working/scribble-uncertainty-lung-segmentation/data/scribbles/coronacases_010_slice_0236.npy,281,27,0.09608540924924963,True
coronacases_010,237,/kaggle/working/scribble-uncertainty-lung-segmentation/data/scribbles/coronacases_010_slice_0237.npy,209,24,0.11483253587967308,True
coronacases_010,238,/kaggle/working/scribble-uncertainty-lung-segmentation/data/scribbles/coronacases_010_slice_0238.npy,201,31,0.15422885571371994,True
coronacases_010,239,/kaggle/working/scribble-uncertainty-lung-segmentation/data/scribbles/coronacases_010_slice_0239.npy,230,36,0.1565217391236295,True
coronacases_010,240,/kaggle/working/scribble-uncertainty-lung-segmentation/data/scribbles/coronacases_010_slice_0240.npy,251,45,0.17928286851875366,True
coronacases_010,241,/kaggle/working/scribble-uncertainty-lung-segmentation/data/scribbles/coronacases_010_slice_0241.npy,215,30,0.13953488371444023,True
coronacases_010,242,/kaggle/working/scribble-uncertainty-lung-segmentation/data/scribbles/coronacases_010_slice_0242.npy,305,53,0.17377049179758128,True
coronacases_010,243,/kaggle/working/scribble-uncertainty-lung-segmentation/data/scribbles/coronacases_010_slice_0243.npy,334,46,0.1377245508940801,True
coronacases_010,244,/kaggle/working/scribble-uncertainty-lung-segmentation/data/scribbles/coronacases_010_slice_0244.npy,348,58,0.16666666666187738,True
coronacases_010,245,/kaggle/working/scribble-uncertainty-lung-segmentation/data/scribbles/coronacases_010_slice_0245.npy,314,43,0.13694267515487443,True
coronacases_010,246,/kaggle/working/scribble-uncertainty-lung-segmentation/data/scribbles/coronacases_010_slice_0246.npy,337,44,0.13056379821571026,True
coronacases_010,247,/kaggle/working/scribble-uncertainty-lung-segmentation/data/scribbles/coronacases_010_slice_0247.npy,341,45,0.13196480938029428,True
coronacases_010,248,/kaggle/working/scribble-uncertainty-lung-segmentation/data/scribbles/coronacases_010_slice_0248.npy,354,50,0.14124293784911743,True
coronacases_010,249,/kaggle/working/scribble-uncertainty-lung-segmentation/data/scribbles/coronacases_010_slice_0249.npy,313,43,0.1373801916889016,True
coronacases_010,250,/kaggle/working/scribble-uncertainty-lung-segmentation/data/scribbles/coronacases_010_slice_0250.npy,237,45,0.18987341771350744,True
coronacases_010,251,/kaggle/working/scribble-uncertainty-lung-segmentation/data/scribbles/coronacases_010_slice_0251.npy,309,30,0.09708737863763471,True
coronacases_010,252,/kaggle/working/scribble-uncertainty-lung-segmentation/data/scribbles/coronacases_010_slice_0252.npy,260,24,0.09230769230414201,True
coronacases_010,253,/kaggle/working/scribble-uncertainty-lung-segmentation/data/scribbles/coronacases_010_slice_0253.npy,290,32,0.1103448275824019,True
coronacases_010,254,/kaggle/working/scribble-uncertainty-lung-segmentation/data/scribbles/coronacases_010_slice_0254.npy,224,27,0.12053571428033322,True
coronacases_010,255,/kaggle/working/scribble-uncertainty-lung-segmentation/data/scribbles/coronacases_010_slice_0255.npy,202,18,0.08910891088667777,True
coronacases_010,256,/kaggle/working/scribble-uncertainty-lung-segmentation/data/scribbles/coronacases_010_slice_0256.npy,171,18,0.1052631578885811,True
coronacases_010,257,/kaggle/working/scribble-uncertainty-lung-segmentation/data/scribbles/coronacases_010_slice_0257.npy,134,18,0.13432835819893071,True
coronacases_010,258,/kaggle/working/scribble-uncertainty-lung-segmentation/data/scribbles/coronacases_010_slice_0258.npy,129,9,0.06976744185505679,True
coronacases_010,259,/kaggle/working/scribble-uncertainty-lung-segmentation/data/scribbles/coronacases_010_slice_0259.npy,137,14,0.1021897810144387,True
coronacases_010,260,/kaggle/working/scribble-uncertainty-lung-segmentation/data/scribbles/coronacases_010_slice_0260.npy,127,16,0.12598425195858393,True
coronacases_010,261,/kaggle/working/scribble-uncertainty-lung-segmentation/data/scribbles/coronacases_010_slice_0261.npy,106,18,0.16981132073869706,True
coronacases_010,262,/kaggle/working/scribble-uncertainty-lung-segmentation/data/scribbles/coronacases_010_slice_0262.npy,101,18,0.1782178217645329,True
coronacases_010,263,/kaggle/working/scribble-uncertainty-lung-segmentation/data/scribbles/coronacases_010_slice_0263.npy,73,18,0.246575342431976,True
coronacases_010,264,/kaggle/working/scribble-uncertainty-lung-segmentation/data/scribbles/coronacases_010_slice_0264.npy,73,9,0.123287671215988,True
coronacases_010,265,/kaggle/working/scribble-uncertainty-lung-segmentation/data/scribbles/coronacases_010_slice_0265.npy,36,9,0.24999999993055555,True
coronacases_010,266,/kaggle/working/scribble-uncertainty-lung-segmentation/data/scribbles/coronacases_010_slice_0266.npy,0,0,0.0,False
coronacases_010,267,/kaggle/working/scribble-uncertainty-lung-segmentation/data/scribbles/coronacases_010_slice_0267.npy,0,0,0.0,False
coronacases_010,268,/kaggle/working/scribble-uncertainty-lung-segmentation/data/scribbles/coronacases_010_slice_0268.npy,0,0,0.0,False
coronacases_010,269,/kaggle/working/scribble-uncertainty-lung-segmentation/data/scribbles/coronacases_010_slice_0269.npy,0,0,0.0,False
coronacases_010,270,/kaggle/working/scribble-uncertainty-lung-segmentation/data/scribbles/coronacases_010_slice_0270.npy,0,0,0.0,False
coronacases_010,271,/kaggle/working/scribble-uncertainty-lung-segmentation/data/scribbles/coronacases_010_slice_0271.npy,0,0,0.0,False
coronacases_010,272,/kaggle/working/scribble-uncertainty-lung-segmentation/data/scribbles/coronacases_010_slice_0272.npy,0,0,0.0,False
coronacases_010,273,/kaggle/working/scribble-uncertainty-lung-segmentation/data/scribbles/coronacases_010_slice_0273.npy,0,0,0.0,False
radiopaedia_10,47,/kaggle/working/scribble-uncertainty-lung-segmentation/data/scribbles/radiopaedia_10_slice_0047.npy,0,0,0.0,False
radiopaedia_10,48,/kaggle/working/scribble-uncertainty-lung-segmentation/data/scribbles/radiopaedia_10_slice_0048.npy,0,0,0.0,False
radiopaedia_10,49,/kaggle/working/scribble-uncertainty-lung-segmentation/data/scribbles/radiopaedia_10_slice_0049.npy,0,0,0.0,False
radiopaedia_10,50,/kaggle/working/scribble-uncertainty-lung-segmentation/data/scribbles/radiopaedia_10_slice_0050.npy,0,0,0.0,False
radiopaedia_10,51,/kaggle/working/scribble-uncertainty-lung-segmentation/data/scribbles/radiopaedia_10_slice_0051.npy,0,0,0.0,False
radiopaedia_10,52,/kaggle/working/scribble-uncertainty-lung-segmentation/data/scribbles/radiopaedia_10_slice_0052.npy,0,0,0.0,False
radiopaedia_10,53,/kaggle/working/scribble-uncertainty-lung-segmentation/data/scribbles/radiopaedia_10_slice_0053.npy,0,0,0.0,False
radiopaedia_10,54,/kaggle/working/scribble-uncertainty-lung-segmentation/data/scribbles/radiopaedia_10_slice_0054.npy,95,21,0.2210526315556787,True
radiopaedia_10,55,/kaggle/working/scribble-uncertainty-lung-segmentation/data/scribbles/radiopaedia_10_slice_0055.npy,119,18,0.15126050418896972,True
radiopaedia_10,56,/kaggle/working/scribble-uncertainty-lung-segmentation/data/scribbles/radiopaedia_10_slice_0056.npy,112,18,0.16071428569993623,True
radiopaedia_10,57,/kaggle/working/scribble-uncertainty-lung-segmentation/data/scribbles/radiopaedia_10_slice_0057.npy,95,18,0.18947368419058172,True
radiopaedia_10,58,/kaggle/working/scribble-uncertainty-lung-segmentation/data/scribbles/radiopaedia_10_slice_0058.npy,104,16,0.15384615383136097,True
radiopaedia_10,59,/kaggle/working/scribble-uncertainty-lung-segmentation/data/scribbles/radiopaedia_10_slice_0059.npy,120,18,0.14999999998750002,True
radiopaedia_10,60,/kaggle/working/scribble-uncertainty-lung-segmentation/data/scribbles/radiopaedia_10_slice_0060.npy,128,18,0.14062499998901368,True
radiopaedia_10,61,/kaggle/working/scribble-uncertainty-lung-segmentation/data/scribbles/radiopaedia_10_slice_0061.npy,116,14,0.12068965516200952,True
radiopaedia_10,62,/kaggle/working/scribble-uncertainty-lung-segmentation/data/scribbles/radiopaedia_10_slice_0062.npy,141,27,0.19148936168854686,True
radiopaedia_10,63,/kaggle/working/scribble-uncertainty-lung-segmentation/data/scribbles/radiopaedia_10_slice_0063.npy,127,18,0.1417322834534069,True
radiopaedia_10,64,/kaggle/working/scribble-uncertainty-lung-segmentation/data/scribbles/radiopaedia_10_slice_0064.npy,125,18,0.14399999998848,True
radiopaedia_10,65,/kaggle/working/scribble-uncertainty-lung-segmentation/data/scribbles/radiopaedia_10_slice_0065.npy,148,18,0.12162162161340394,True
radiopaedia_10,66,/kaggle/working/scribble-uncertainty-lung-segmentation/data/scribbles/radiopaedia_10_slice_0066.npy,183,27,0.14754098359849502,True
radiopaedia_10,67,/kaggle/working/scribble-uncertainty-lung-segmentation/data/scribbles/radiopaedia_10_slice_0067.npy,186,21,0.11290322580038155,True
radiopaedia_10,68,/kaggle/working/scribble-uncertainty-lung-segmentation/data/scribbles/radiopaedia_10_slice_0068.npy,209,18,0.08612440190975482,True
radiopaedia_10,69,/kaggle/working/scribble-uncertainty-lung-segmentation/data/scribbles/radiopaedia_10_slice_0069.npy,195,32,0.16410256409414858,True
radiopaedia_10,70,/kaggle/working/scribble-uncertainty-lung-segmentation/data/scribbles/radiopaedia_10_slice_0070.npy,197,23,0.11675126902960653,True
radiopaedia_10,71,/kaggle/working/scribble-uncertainty-lung-segmentation/data/scribbles/radiopaedia_10_slice_0071.npy,279,33,0.11827956988823371,True
radiopaedia_10,72,/kaggle/working/scribble-uncertainty-lung-segmentation/data/scribbles/radiopaedia_10_slice_0072.npy,263,34,0.12927756653500846,True
radiopaedia_10,73,/kaggle/working/scribble-uncertainty-lung-segmentation/data/scribbles/radiopaedia_10_slice_0073.npy,257,36,0.14007782100622265,True
radiopaedia_10,74,/kaggle/working/scribble-uncertainty-lung-segmentation/data/scribbles/radiopaedia_10_slice_0074.npy,245,30,0.12244897958683881,True
radiopaedia_10,75,/kaggle/working/scribble-uncertainty-lung-segmentation/data/scribbles/radiopaedia_10_slice_0075.npy,242,27,0.11157024792927395,True
radiopaedia_10,76,/kaggle/working/scribble-uncertainty-lung-segmentation/data/scribbles/radiopaedia_10_slice_0076.npy,265,27,0.1018867924489854,True
radiopaedia_10,77,/kaggle/working/scribble-uncertainty-lung-segmentation/data/scribbles/radiopaedia_10_slice_0077.npy,278,39,0.14028776977912633,True
radiopaedia_10,78,/kaggle/working/scribble-uncertainty-lung-segmentation/data/scribbles/radiopaedia_10_slice_0078.npy,320,27,0.08437499999736328,True
radiopaedia_10,79,/kaggle/working/scribble-uncertainty-lung-segmentation/data/scribbles/radiopaedia_10_slice_0079.npy,292,45,0.15410958903581817,True
radiopaedia_10,80,/kaggle/working/scribble-uncertainty-lung-segmentation/data/scribbles/radiopaedia_10_slice_0080.npy,378,41,0.108465608462739,True
radiopaedia_10,81,/kaggle/working/scribble-uncertainty-lung-segmentation/data/scribbles/radiopaedia_10_slice_0081.npy,367,30,0.0817438692075819,True
radiopaedia_10,82,/kaggle/working/scribble-uncertainty-lung-segmentation/data/scribbles/radiopaedia_10_slice_0082.npy,373,45,0.12064343163215432,True
radiopaedia_10,83,/kaggle/working/scribble-uncertainty-lung-segmentation/data/scribbles/radiopaedia_10_slice_0083.npy,420,46,0.10952380952120182,True
radiopaedia_10,84,/kaggle/working/scribble-uncertainty-lung-segmentation/data/scribbles/radiopaedia_10_slice_0084.npy,381,48,0.12598425196519727,True
radiopaedia_10,85,/kaggle/working/scribble-uncertainty-lung-segmentation/data/scribbles/radiopaedia_10_slice_0085.npy,400,45,0.1124999999971875,True
radiopaedia_10,86,/kaggle/working/scribble-uncertainty-lung-segmentation/data/scribbles/radiopaedia_10_slice_0086.npy,392,45,0.11479591836441846,True
radiopaedia_10,87,/kaggle/working/scribble-uncertainty-lung-segmentation/data/scribbles/radiopaedia_10_slice_0087.npy,470,43,0.09148936170018107,True
radiopaedia_10,88,/kaggle/working/scribble-uncertainty-lung-segmentation/data/scribbles/radiopaedia_10_slice_0088.npy,478,35,0.0732217573206439,True
radiopaedia_10,89,/kaggle/working/scribble-uncertainty-lung-segmentation/data/scribbles/radiopaedia_10_slice_0089.npy,490,43,0.08775510203902541,True
radiopaedia_10,90,/kaggle/working/scribble-uncertainty-lung-segmentation/data/scribbles/radiopaedia_10_slice_0090.npy,490,50,0.10204081632444814,True
radiopaedia_10,91,/kaggle/working/scribble-uncertainty-lung-segmentation/data/scribbles/radiopaedia_10_slice_0091.npy,509,46,0.09037328094125004,True
radiopaedia_10,92,/kaggle/working/scribble-uncertainty-lung-segmentation/data/scribbles/radiopaedia_10_slice_0092.npy,514,34,0.06614785992089206,True
radiopaedia_10,93,/kaggle/working/scribble-uncertainty-lung-segmentation/data/scribbles/radiopaedia_10_slice_0093.npy,487,33,0.0677618069801281,True
radiopaedia_10,94,/kaggle/working/scribble-uncertainty-lung-segmentation/data/scribbles/radiopaedia_10_slice_0094.npy,468,45,0.09615384615179158,True
radiopaedia_10,95,/kaggle/working/scribble-uncertainty-lung-segmentation/data/scribbles/radiopaedia_10_slice_0095.npy,470,48,0.10212765957229515,True
radiopaedia_10,96,/kaggle/working/scribble-uncertainty-lung-segmentation/data/scribbles/radiopaedia_10_slice_0096.npy,516,45,0.08720930232389129,True
radiopaedia_10,97,/kaggle/working/scribble-uncertainty-lung-segmentation/data/scribbles/radiopaedia_10_slice_0097.npy,494,52,0.10526315789260601,True
radiopaedia_10,98,/kaggle/working/scribble-uncertainty-lung-segmentation/data/scribbles/radiopaedia_10_slice_0098.npy,537,41,0.07635009310844786,True
radiopaedia_10,99,/kaggle/working/scribble-uncertainty-lung-segmentation/data/scribbles/radiopaedia_10_slice_0099.npy,548,45,0.0821167883196694,True
radiopaedia_10,100,/kaggle/working/scribble-uncertainty-lung-segmentation/data/scribbles/radiopaedia_10_slice_0100.npy,557,48,0.08617594254782449,True
radiopaedia_10,101,/kaggle/working/scribble-uncertainty-lung-segmentation/data/scribbles/radiopaedia_10_slice_0101.npy,598,46,0.07692307692179058,True
radiopaedia_10,102,/kaggle/working/scribble-uncertainty-lung-segmentation/data/scribbles/radiopaedia_10_slice_0102.npy,607,43,0.0708401976924079,True
radiopaedia_10,103,/kaggle/working/scribble-uncertainty-lung-segmentation/data/scribbles/radiopaedia_10_slice_0103.npy,523,59,0.11281070745482197,True
radiopaedia_10,104,/kaggle/working/scribble-uncertainty-lung-segmentation/data/scribbles/radiopaedia_10_slice_0104.npy,530,54,0.1018867924509078,True
radiopaedia_10,105,/kaggle/working/scribble-uncertainty-lung-segmentation/data/scribbles/radiopaedia_10_slice_0105.npy,583,52,0.08919382504135173,True
radiopaedia_10,106,/kaggle/working/scribble-uncertainty-lung-segmentation/data/scribbles/radiopaedia_10_slice_0106.npy,631,61,0.09667194928531424,True
radiopaedia_10,107,/kaggle/working/scribble-uncertainty-lung-segmentation/data/scribbles/radiopaedia_10_slice_0107.npy,621,59,0.09500805152826074,True
radiopaedia_10,108,/kaggle/working/scribble-uncertainty-lung-segmentation/data/scribbles/radiopaedia_10_slice_0108.npy,650,45,0.06923076922970414,True
radiopaedia_10,109,/kaggle/working/scribble-uncertainty-lung-segmentation/data/scribbles/radiopaedia_10_slice_0109.npy,686,46,0.06705539358502835,True
radiopaedia_10,110,/kaggle/working/scribble-uncertainty-lung-segmentation/data/scribbles/radiopaedia_10_slice_0110.npy,609,77,0.12643678160711927,True
radiopaedia_10,111,/kaggle/working/scribble-uncertainty-lung-segmentation/data/scribbles/radiopaedia_10_slice_0111.npy,702,57,0.08119658119542456,True
radiopaedia_10,112,/kaggle/working/scribble-uncertainty-lung-segmentation/data/scribbles/radiopaedia_10_slice_0112.npy,673,72,0.10698365527329891,True
radiopaedia_10,113,/kaggle/working/scribble-uncertainty-lung-segmentation/data/scribbles/radiopaedia_10_slice_0113.npy,663,68,0.10256410256255559,True
radiopaedia_10,114,/kaggle/working/scribble-uncertainty-lung-segmentation/data/scribbles/radiopaedia_10_slice_0114.npy,724,54,0.07458563535808584,True
radiopaedia_10,115,/kaggle/working/scribble-uncertainty-lung-segmentation/data/scribbles/radiopaedia_10_slice_0115.npy,740,83,0.11216216216064645,True
radiopaedia_10,116,/kaggle/working/scribble-uncertainty-lung-segmentation/data/scribbles/radiopaedia_10_slice_0116.npy,749,58,0.07743658210844544,True
radiopaedia_10,117,/kaggle/working/scribble-uncertainty-lung-segmentation/data/scribbles/radiopaedia_10_slice_0117.npy,764,75,0.0981675392657308,True
radiopaedia_10,118,/kaggle/working/scribble-uncertainty-lung-segmentation/data/scribbles/radiopaedia_10_slice_0118.npy,760,66,0.08684210526201523,True
radiopaedia_10,119,/kaggle/working/scribble-uncertainty-lung-segmentation/data/scribbles/radiopaedia_10_slice_0119.npy,747,73,0.09772423025304251,True
radiopaedia_10,120,/kaggle/working/scribble-uncertainty-lung-segmentation/data/scribbles/radiopaedia_10_slice_0120.npy,825,63,0.07636363636271075,True
radiopaedia_10,121,/kaggle/working/scribble-uncertainty-lung-segmentation/data/scribbles/radiopaedia_10_slice_0121.npy,851,61,0.07168037602735981,True
radiopaedia_10,122,/kaggle/working/scribble-uncertainty-lung-segmentation/data/scribbles/radiopaedia_10_slice_0122.npy,855,64,0.07485380116871516,True
radiopaedia_10,123,/kaggle/working/scribble-uncertainty-lung-segmentation/data/scribbles/radiopaedia_10_slice_0123.npy,761,68,0.08935611037990333,True
radiopaedia_10,124,/kaggle/working/scribble-uncertainty-lung-segmentation/data/scribbles/radiopaedia_10_slice_0124.npy,799,61,0.07634543178878166,True
radiopaedia_10,125,/kaggle/working/scribble-uncertainty-lung-segmentation/data/scribbles/radiopaedia_10_slice_0125.npy,847,56,0.06611570247855826,True
radiopaedia_10,126,/kaggle/working/scribble-uncertainty-lung-segmentation/data/scribbles/radiopaedia_10_slice_0126.npy,879,50,0.05688282138729371,True
radiopaedia_10,127,/kaggle/working/scribble-uncertainty-lung-segmentation/data/scribbles/radiopaedia_10_slice_0127.npy,834,68,0.08153477218127655,True
radiopaedia_10,128,/kaggle/working/scribble-uncertainty-lung-segmentation/data/scribbles/radiopaedia_10_slice_0128.npy,985,43,0.043654822334582184,True
radiopaedia_10,129,/kaggle/working/scribble-uncertainty-lung-segmentation/data/scribbles/radiopaedia_10_slice_0129.npy,983,54,0.05493387588957341,True
radiopaedia_10,130,/kaggle/working/scribble-uncertainty-lung-segmentation/data/scribbles/radiopaedia_10_slice_0130.npy,993,54,0.054380664652020336,True
radiopaedia_10,131,/kaggle/working/scribble-uncertainty-lung-segmentation/data/scribbles/radiopaedia_10_slice_0131.npy,974,54,0.055441478438855836,True
radiopaedia_10,132,/kaggle/working/scribble-uncertainty-lung-segmentation/data/scribbles/radiopaedia_10_slice_0132.npy,977,57,0.05834186284484809,True
radiopaedia_10,133,/kaggle/working/scribble-uncertainty-lung-segmentation/data/scribbles/radiopaedia_10_slice_0133.npy,954,52,0.054507337525634095,True
radiopaedia_10,134,/kaggle/working/scribble-uncertainty-lung-segmentation/data/scribbles/radiopaedia_10_slice_0134.npy,979,57,0.05822267619960957,True
radiopaedia_10,135,/kaggle/working/scribble-uncertainty-lung-segmentation/data/scribbles/radiopaedia_10_slice_0135.npy,931,42,0.04511278195440265,True
radiopaedia_10,136,/kaggle/working/scribble-uncertainty-lung-segmentation/data/scribbles/radiopaedia_10_slice_0136.npy,949,61,0.06427818756518147,True
radiopaedia_10,137,/kaggle/working/scribble-uncertainty-lung-segmentation/data/scribbles/radiopaedia_10_slice_0137.npy,1068,45,0.04213483146027964,True
radiopaedia_10,138,/kaggle/working/scribble-uncertainty-lung-segmentation/data/scribbles/radiopaedia_10_slice_0138.npy,1008,84,0.08333333333250662,True
radiopaedia_10,139,/kaggle/working/scribble-uncertainty-lung-segmentation/data/scribbles/radiopaedia_10_slice_0139.npy,1097,48,0.04375569735602775,True
radiopaedia_10,140,/kaggle/working/scribble-uncertainty-lung-segmentation/data/scribbles/radiopaedia_10_slice_0140.npy,1068,67,0.06273408239641635,True
radiopaedia_10,141,/kaggle/working/scribble-uncertainty-lung-segmentation/data/scribbles/radiopaedia_10_slice_0141.npy,1085,67,0.06175115207316359,True
radiopaedia_10,142,/kaggle/working/scribble-uncertainty-lung-segmentation/data/scribbles/radiopaedia_10_slice_0142.npy,1145,46,0.040174672488732105,True
radiopaedia_10,143,/kaggle/working/scribble-uncertainty-lung-segmentation/data/scribbles/radiopaedia_10_slice_0143.npy,996,71,0.07128514056153328,True
radiopaedia_10,144,/kaggle/working/scribble-uncertainty-lung-segmentation/data/scribbles/radiopaedia_10_slice_0144.npy,970,81,0.08350515463831439,True
radiopaedia_10,145,/kaggle/working/scribble-uncertainty-lung-segmentation/data/scribbles/radiopaedia_10_slice_0145.npy,1001,53,0.052947052946524006,True
radiopaedia_10,146,/kaggle/working/scribble-uncertainty-lung-segmentation/data/scribbles/radiopaedia_10_slice_0146.npy,994,57,0.057344064385741,True
radiopaedia_10,147,/kaggle/working/scribble-uncertainty-lung-segmentation/data/scribbles/radiopaedia_10_slice_0147.npy,955,73,0.07643979057511581,True
radiopaedia_10,148,/kaggle/working/scribble-uncertainty-lung-segmentation/data/scribbles/radiopaedia_10_slice_0148.npy,1014,79,0.07790927021619419,True
radiopaedia_10,149,/kaggle/working/scribble-uncertainty-lung-segmentation/data/scribbles/radiopaedia_10_slice_0149.npy,1021,67,0.06562193927457764,True
radiopaedia_10,150,/kaggle/working/scribble-uncertainty-lung-segmentation/data/scribbles/radiopaedia_10_slice_0150.npy,1005,76,0.07562189054651122,True
radiopaedia_10,151,/kaggle/working/scribble-uncertainty-lung-segmentation/data/scribbles/radiopaedia_10_slice_0151.npy,1008,66,0.06547619047554092,True
radiopaedia_10,152,/kaggle/working/scribble-uncertainty-lung-segmentation/data/scribbles/radiopaedia_10_slice_0152.npy,1017,84,0.08259587020567752,True
radiopaedia_10,153,/kaggle/working/scribble-uncertainty-lung-segmentation/data/scribbles/radiopaedia_10_slice_0153.npy,1033,77,0.0745401742490364,True
radiopaedia_10,154,/kaggle/working/scribble-uncertainty-lung-segmentation/data/scribbles/radiopaedia_10_slice_0154.npy,1051,70,0.06660323501363842,True
radiopaedia_10,155,/kaggle/working/scribble-uncertainty-lung-segmentation/data/scribbles/radiopaedia_10_slice_0155.npy,1032,94,0.09108527131694685,True
radiopaedia_10,156,/kaggle/working/scribble-uncertainty-lung-segmentation/data/scribbles/radiopaedia_10_slice_0156.npy,1044,81,0.07758620689580857,True
radiopaedia_10,157,/kaggle/working/scribble-uncertainty-lung-segmentation/data/scribbles/radiopaedia_10_slice_0157.npy,1003,96,0.09571286141479847,True
radiopaedia_10,158,/kaggle/working/scribble-uncertainty-lung-segmentation/data/scribbles/radiopaedia_10_slice_0158.npy,962,75,0.07796257796176755,True
radiopaedia_10,159,/kaggle/working/scribble-uncertainty-lung-segmentation/data/scribbles/radiopaedia_10_slice_0159.npy,971,76,0.07826982492195396,True
radiopaedia_10,160,/kaggle/working/scribble-uncertainty-lung-segmentation/data/scribbles/radiopaedia_10_slice_0160.npy,935,76,0.0812834224590237,True
radiopaedia_10,161,/kaggle/working/scribble-uncertainty-lung-segmentation/data/scribbles/radiopaedia_10_slice_0161.npy,1022,82,0.08023483365870612,True
radiopaedia_10,162,/kaggle/working/scribble-uncertainty-lung-segmentation/data/scribbles/radiopaedia_10_slice_0162.npy,985,75,0.07614213197892242,True
radiopaedia_10,163,/kaggle/working/scribble-uncertainty-lung-segmentation/data/scribbles/radiopaedia_10_slice_0163.npy,948,66,0.06962025316382257,True
radiopaedia_10,164,/kaggle/working/scribble-uncertainty-lung-segmentation/data/scribbles/radiopaedia_10_slice_0164.npy,828,99,0.11956521738986033,True
radiopaedia_10,165,/kaggle/working/scribble-uncertainty-lung-segmentation/data/scribbles/radiopaedia_10_slice_0165.npy,842,83,0.09857482185156087,True
radiopaedia_10,166,/kaggle/working/scribble-uncertainty-lung-segmentation/data/scribbles/radiopaedia_10_slice_0166.npy,866,89,0.10277136258541834,True
radiopaedia_10,167,/kaggle/working/scribble-uncertainty-lung-segmentation/data/scribbles/radiopaedia_10_slice_0167.npy,875,83,0.09485714285605877,True
radiopaedia_10,168,/kaggle/working/scribble-uncertainty-lung-segmentation/data/scribbles/radiopaedia_10_slice_0168.npy,852,89,0.10446009389548756,True
radiopaedia_10,169,/kaggle/working/scribble-uncertainty-lung-segmentation/data/scribbles/radiopaedia_10_slice_0169.npy,944,71,0.07521186440598293,True
radiopaedia_10,170,/kaggle/working/scribble-uncertainty-lung-segmentation/data/scribbles/radiopaedia_10_slice_0170.npy,837,66,0.07885304659403998,True
radiopaedia_10,171,/kaggle/working/scribble-uncertainty-lung-segmentation/data/scribbles/radiopaedia_10_slice_0171.npy,915,60,0.06557377049108662,True
radiopaedia_10,172,/kaggle/working/scribble-uncertainty-lung-segmentation/data/scribbles/radiopaedia_10_slice_0172.npy,947,55,0.05807814149885873,True
radiopaedia_10,173,/kaggle/working/scribble-uncertainty-lung-segmentation/data/scribbles/radiopaedia_10_slice_0173.npy,804,116,0.14427860696337963,True
radiopaedia_10,174,/kaggle/working/scribble-uncertainty-lung-segmentation/data/scribbles/radiopaedia_10_slice_0174.npy,770,75,0.09740259740133243,True
radiopaedia_10,175,/kaggle/working/scribble-uncertainty-lung-segmentation/data/scribbles/radiopaedia_10_slice_0175.npy,862,87,0.10092807424476881,True
radiopaedia_10,176,/kaggle/working/scribble-uncertainty-lung-segmentation/data/scribbles/radiopaedia_10_slice_0176.npy,800,79,0.09874999999876563,True
radiopaedia_10,177,/kaggle/working/scribble-uncertainty-lung-segmentation/data/scribbles/radiopaedia_10_slice_0177.npy,701,100,0.1426533523517453,True
radiopaedia_10,178,/kaggle/working/scribble-uncertainty-lung-segmentation/data/scribbles/radiopaedia_10_slice_0178.npy,696,89,0.12787356321655355,True
radiopaedia_10,179,/kaggle/working/scribble-uncertainty-lung-segmentation/data/scribbles/radiopaedia_10_slice_0179.npy,691,67,0.09696092619251866,True
radiopaedia_10,180,/kaggle/working/scribble-uncertainty-lung-segmentation/data/scribbles/radiopaedia_10_slice_0180.npy,710,42,0.05915492957663162,True
radiopaedia_10,181,/kaggle/working/scribble-uncertainty-lung-segmentation/data/scribbles/radiopaedia_10_slice_0181.npy,743,59,0.07940780619004835,True
radiopaedia_10,182,/kaggle/working/scribble-uncertainty-lung-segmentation/data/scribbles/radiopaedia_10_slice_0182.npy,694,64,0.09221902017158186,True
radiopaedia_10,183,/kaggle/working/scribble-uncertainty-lung-segmentation/data/scribbles/radiopaedia_10_slice_0183.npy,669,63,0.09417040358603632,True
radiopaedia_10,184,/kaggle/working/scribble-uncertainty-lung-segmentation/data/scribbles/radiopaedia_10_slice_0184.npy,545,71,0.13027522935540778,True
radiopaedia_10,185,/kaggle/working/scribble-uncertainty-lung-segmentation/data/scribbles/radiopaedia_10_slice_0185.npy,626,48,0.07667731629270483,True
radiopaedia_10,186,/kaggle/working/scribble-uncertainty-lung-segmentation/data/scribbles/radiopaedia_10_slice_0186.npy,675,50,0.07407407407297668,True
radiopaedia_10,187,/kaggle/working/scribble-uncertainty-lung-segmentation/data/scribbles/radiopaedia_10_slice_0187.npy,703,60,0.08534850639992392,True
radiopaedia_10,188,/kaggle/working/scribble-uncertainty-lung-segmentation/data/scribbles/radiopaedia_10_slice_0188.npy,631,54,0.08557844690831096,True
radiopaedia_10,189,/kaggle/working/scribble-uncertainty-lung-segmentation/data/scribbles/radiopaedia_10_slice_0189.npy,519,47,0.09055876685760002,True
radiopaedia_10,190,/kaggle/working/scribble-uncertainty-lung-segmentation/data/scribbles/radiopaedia_10_slice_0190.npy,461,51,0.11062906724271954,True
radiopaedia_10,191,/kaggle/working/scribble-uncertainty-lung-segmentation/data/scribbles/radiopaedia_10_slice_0191.npy,384,57,0.14843749999613443,True
radiopaedia_10,192,/kaggle/working/scribble-uncertainty-lung-segmentation/data/scribbles/radiopaedia_10_slice_0192.npy,425,52,0.12235294117359169,True
radiopaedia_10,193,/kaggle/working/scribble-uncertainty-lung-segmentation/data/scribbles/radiopaedia_10_slice_0193.npy,396,63,0.15909090908689164,True
radiopaedia_10,194,/kaggle/working/scribble-uncertainty-lung-segmentation/data/scribbles/radiopaedia_10_slice_0194.npy,394,36,0.09137055837331547,True
radiopaedia_10,195,/kaggle/working/scribble-uncertainty-lung-segmentation/data/scribbles/radiopaedia_10_slice_0195.npy,415,43,0.10361445782882857,True
radiopaedia_10,196,/kaggle/working/scribble-uncertainty-lung-segmentation/data/scribbles/radiopaedia_10_slice_0196.npy,395,42,0.10632911392135876,True
radiopaedia_10,197,/kaggle/working/scribble-uncertainty-lung-segmentation/data/scribbles/radiopaedia_10_slice_0197.npy,343,54,0.1574344023277716,True
radiopaedia_10,198,/kaggle/working/scribble-uncertainty-lung-segmentation/data/scribbles/radiopaedia_10_slice_0198.npy,263,33,0.12547528516633175,True
radiopaedia_10,199,/kaggle/working/scribble-uncertainty-lung-segmentation/data/scribbles/radiopaedia_10_slice_0199.npy,217,36,0.16589861750387563,True
radiopaedia_10,200,/kaggle/working/scribble-uncertainty-lung-segmentation/data/scribbles/radiopaedia_10_slice_0200.npy,155,24,0.15483870966742974,True
radiopaedia_10,201,/kaggle/working/scribble-uncertainty-lung-segmentation/data/scribbles/radiopaedia_10_slice_0201.npy,0,0,0.0,False
radiopaedia_10,202,/kaggle/working/scribble-uncertainty-lung-segmentation/data/scribbles/radiopaedia_10_slice_0202.npy,0,0,0.0,False
radiopaedia_10,203,/kaggle/working/scribble-uncertainty-lung-segmentation/data/scribbles/radiopaedia_10_slice_0203.npy,0,0,0.0,True
radiopaedia_10,204,/kaggle/working/scribble-uncertainty-lung-segmentation/data/scribbles/radiopaedia_10_slice_0204.npy,0,0,0.0,False
radiopaedia_10,205,/kaggle/working/scribble-uncertainty-lung-segmentation/data/scribbles/radiopaedia_10_slice_0205.npy,0,0,0.0,False
radiopaedia_10,206,/kaggle/working/scribble-uncertainty-lung-segmentation/data/scribbles/radiopaedia_10_slice_0206.npy,0,0,0.0,False
radiopaedia_10,207,/kaggle/working/scribble-uncertainty-lung-segmentation/data/scribbles/radiopaedia_10_slice_0207.npy,0,0,0.0,False
radiopaedia_10,208,/kaggle/working/scribble-uncertainty-lung-segmentation/data/scribbles/radiopaedia_10_slice_0208.npy,0,0,0.0,False
radiopaedia_10,209,/kaggle/working/scribble-uncertainty-lung-segmentation/data/scribbles/radiopaedia_10_slice_0209.npy,0,0,0.0,False
radiopaedia_10,210,/kaggle/working/scribble-uncertainty-lung-segmentation/data/scribbles/radiopaedia_10_slice_0210.npy,0,0,0.0,False
radiopaedia_10,211,/kaggle/working/scribble-uncertainty-lung-segmentation/data/scribbles/radiopaedia_10_slice_0211.npy,0,0,0.0,False
radiopaedia_10,212,/kaggle/working/scribble-uncertainty-lung-segmentation/data/scribbles/radiopaedia_10_slice_0212.npy,0,0,0.0,False
radiopaedia_10,213,/kaggle/working/scribble-uncertainty-lung-segmentation/data/scribbles/radiopaedia_10_slice_0213.npy,0,0,0.0,False
radiopaedia_10,214,/kaggle/working/scribble-uncertainty-lung-segmentation/data/scribbles/radiopaedia_10_slice_0214.npy,0,0,0.0,False
radiopaedia_10,215,/kaggle/working/scribble-uncertainty-lung-segmentation/data/scribbles/radiopaedia_10_slice_0215.npy,0,0,0.0,False
radiopaedia_10,216,/kaggle/working/scribble-uncertainty-lung-segmentation/data/scribbles/radiopaedia_10_slice_0216.npy,0,0,0.0,False
radiopaedia_10,217,/kaggle/working/scribble-uncertainty-lung-segmentation/data/scribbles/radiopaedia_10_slice_0217.npy,0,0,0.0,False
radiopaedia_10,218,/kaggle/working/scribble-uncertainty-lung-segmentation/data/scribbles/radiopaedia_10_slice_0218.npy,0,0,0.0,False
radiopaedia_10,219,/kaggle/working/scribble-uncertainty-lung-segmentation/data/scribbles/radiopaedia_10_slice_0219.npy,0,0,0.0,False
radiopaedia_10,220,/kaggle/working/scribble-uncertainty-lung-segmentation/data/scribbles/radiopaedia_10_slice_0220.npy,0,0,0.0,False
radiopaedia_10,221,/kaggle/working/scribble-uncertainty-lung-segmentation/data/scribbles/radiopaedia_10_slice_0221.npy,0,0,0.0,False
radiopaedia_10,222,/kaggle/working/scribble-uncertainty-lung-segmentation/data/scribbles/radiopaedia_10_slice_0222.npy,0,0,0.0,False
radiopaedia_10,223,/kaggle/working/scribble-uncertainty-lung-segmentation/data/scribbles/radiopaedia_10_slice_0223.npy,0,0,0.0,False
radiopaedia_10,224,/kaggle/working/scribble-uncertainty-lung-segmentation/data/scribbles/radiopaedia_10_slice_0224.npy,0,0,0.0,False
radiopaedia_10,225,/kaggle/working/scribble-uncertainty-lung-segmentation/data/scribbles/radiopaedia_10_slice_0225.npy,0,0,0.0,False
radiopaedia_10,226,/kaggle/working/scribble-uncertainty-lung-segmentation/data/scribbles/radiopaedia_10_slice_0226.npy,0,0,0.0,False
radiopaedia_10,227,/kaggle/working/scribble-uncertainty-lung-segmentation/data/scribbles/radiopaedia_10_slice_0227.npy,0,0,0.0,False
radiopaedia_10,228,/kaggle/working/scribble-uncertainty-lung-segmentation/data/scribbles/radiopaedia_10_slice_0228.npy,0,0,0.0,False
radiopaedia_10,229,/kaggle/working/scribble-uncertainty-lung-segmentation/data/scribbles/radiopaedia_10_slice_0229.npy,0,0,0.0,False
radiopaedia_10,230,/kaggle/working/scribble-uncertainty-lung-segmentation/data/scribbles/radiopaedia_10_slice_0230.npy,0,0,0.0,False
radiopaedia_10,231,/kaggle/working/scribble-uncertainty-lung-segmentation/data/scribbles/radiopaedia_10_slice_0231.npy,0,0,0.0,False
radiopaedia_10,232,/kaggle/working/scribble-uncertainty-lung-segmentation/data/scribbles/radiopaedia_10_slice_0232.npy,0,0,0.0,False
radiopaedia_10,233,/kaggle/working/scribble-uncertainty-lung-segmentation/data/scribbles/radiopaedia_10_slice_0233.npy,0,0,0.0,False
radiopaedia_10,234,/kaggle/working/scribble-uncertainty-lung-segmentation/data/scribbles/radiopaedia_10_slice_0234.npy,0,0,0.0,False
radiopaedia_10,235,/kaggle/working/scribble-uncertainty-lung-segmentation/data/scribbles/radiopaedia_10_slice_0235.npy,0,0,0.0,False
radiopaedia_10,236,/kaggle/working/scribble-uncertainty-lung-segmentation/data/scribbles/radiopaedia_10_slice_0236.npy,0,0,0.0,False
radiopaedia_10,237,/kaggle/working/scribble-uncertainty-lung-segmentation/data/scribbles/radiopaedia_10_slice_0237.npy,0,0,0.0,False
radiopaedia_10,238,/kaggle/working/scribble-uncertainty-lung-segmentation/data/scribbles/radiopaedia_10_slice_0238.npy,0,0,0.0,False
radiopaedia_10,239,/kaggle/working/scribble-uncertainty-lung-segmentation/data/scribbles/radiopaedia_10_slice_0239.npy,0,0,0.0,False
radiopaedia_10,240,/kaggle/working/scribble-uncertainty-lung-segmentation/data/scribbles/radiopaedia_10_slice_0240.npy,0,0,0.0,False
radiopaedia_10,241,/kaggle/working/scribble-uncertainty-lung-segmentation/data/scribbles/radiopaedia_10_slice_0241.npy,0,0,0.0,False
radiopaedia_10,242,/kaggle/working/scribble-uncertainty-lung-segmentation/data/scribbles/radiopaedia_10_slice_0242.npy,0,0,0.0,False
radiopaedia_10,243,/kaggle/working/scribble-uncertainty-lung-segmentation/data/scribbles/radiopaedia_10_slice_0243.npy,0,0,0.0,False
radiopaedia_10,244,/kaggle/working/scribble-uncertainty-lung-segmentation/data/scribbles/radiopaedia_10_slice_0244.npy,0,0,0.0,False
radiopaedia_10,245,/kaggle/working/scribble-uncertainty-lung-segmentation/data/scribbles/radiopaedia_10_slice_0245.npy,0,0,0.0,False
radiopaedia_10,246,/kaggle/working/scribble-uncertainty-lung-segmentation/data/scribbles/radiopaedia_10_slice_0246.npy,0,0,0.0,False
radiopaedia_10,247,/kaggle/working/scribble-uncertainty-lung-segmentation/data/scribbles/radiopaedia_10_slice_0247.npy,0,0,0.0,False
radiopaedia_10,248,/kaggle/working/scribble-uncertainty-lung-segmentation/data/scribbles/radiopaedia_10_slice_0248.npy,0,0,0.0,False
radiopaedia_10,249,/kaggle/working/scribble-uncertainty-lung-segmentation/data/scribbles/radiopaedia_10_slice_0249.npy,0,0,0.0,False
radiopaedia_10,250,/kaggle/working/scribble-uncertainty-lung-segmentation/data/scribbles/radiopaedia_10_slice_0250.npy,0,0,0.0,False
radiopaedia_10,251,/kaggle/working/scribble-uncertainty-lung-segmentation/data/scribbles/radiopaedia_10_slice_0251.npy,0,0,0.0,False
radiopaedia_10,252,/kaggle/working/scribble-uncertainty-lung-segmentation/data/scribbles/radiopaedia_10_slice_0252.npy,0,0,0.0,False
radiopaedia_10,253,/kaggle/working/scribble-uncertainty-lung-segmentation/data/scribbles/radiopaedia_10_slice_0253.npy,0,0,0.0,False
radiopaedia_10,254,/kaggle/working/scribble-uncertainty-lung-segmentation/data/scribbles/radiopaedia_10_slice_0254.npy,0,0,0.0,False
radiopaedia_10,255,/kaggle/working/scribble-uncertainty-lung-segmentation/data/scribbles/radiopaedia_10_slice_0255.npy,0,0,0.0,False
radiopaedia_10,256,/kaggle/working/scribble-uncertainty-lung-segmentation/data/scribbles/radiopaedia_10_slice_0256.npy,0,0,0.0,False
radiopaedia_10,257,/kaggle/working/scribble-uncertainty-lung-segmentation/data/scribbles/radiopaedia_10_slice_0257.npy,0,0,0.0,False
radiopaedia_10,258,/kaggle/working/scribble-uncertainty-lung-segmentation/data/scribbles/radiopaedia_10_slice_0258.npy,0,0,0.0,False
radiopaedia_10,259,/kaggle/working/scribble-uncertainty-lung-segmentation/data/scribbles/radiopaedia_10_slice_0259.npy,0,0,0.0,False
radiopaedia_10,260,/kaggle/working/scribble-uncertainty-lung-segmentation/data/scribbles/radiopaedia_10_slice_0260.npy,0,0,0.0,False
radiopaedia_10,261,/kaggle/working/scribble-uncertainty-lung-segmentation/data/scribbles/radiopaedia_10_slice_0261.npy,0,0,0.0,False
radiopaedia_10,262,/kaggle/working/scribble-uncertainty-lung-segmentation/data/scribbles/radiopaedia_10_slice_0262.npy,0,0,0.0,False
radiopaedia_10,263,/kaggle/working/scribble-uncertainty-lung-segmentation/data/scribbles/radiopaedia_10_slice_0263.npy,0,0,0.0,False
radiopaedia_10,264,/kaggle/working/scribble-uncertainty-lung-segmentation/data/scribbles/radiopaedia_10_slice_0264.npy,0,0,0.0,False
radiopaedia_10,265,/kaggle/working/scribble-uncertainty-lung-segmentation/data/scribbles/radiopaedia_10_slice_0265.npy,0,0,0.0,False
radiopaedia_10,266,/kaggle/working/scribble-uncertainty-lung-segmentation/data/scribbles/radiopaedia_10_slice_0266.npy,0,0,0.0,False
radiopaedia_10,267,/kaggle/working/scribble-uncertainty-lung-segmentation/data/scribbles/radiopaedia_10_slice_0267.npy,0,0,0.0,False
radiopaedia_10,268,/kaggle/working/scribble-uncertainty-lung-segmentation/data/scribbles/radiopaedia_10_slice_0268.npy,0,0,0.0,False
radiopaedia_10,269,/kaggle/working/scribble-uncertainty-lung-segmentation/data/scribbles/radiopaedia_10_slice_0269.npy,0,0,0.0,False
radiopaedia_10,270,/kaggle/working/scribble-uncertainty-lung-segmentation/data/scribbles/radiopaedia_10_slice_0270.npy,0,0,0.0,False
radiopaedia_10,271,/kaggle/working/scribble-uncertainty-lung-segmentation/data/scribbles/radiopaedia_10_slice_0271.npy,0,0,0.0,False
radiopaedia_10,272,/kaggle/working/scribble-uncertainty-lung-segmentation/data/scribbles/radiopaedia_10_slice_0272.npy,0,0,0.0,False
radiopaedia_10,273,/kaggle/working/scribble-uncertainty-lung-segmentation/data/scribbles/radiopaedia_10_slice_0273.npy,0,0,0.0,False
radiopaedia_10,274,/kaggle/working/scribble-uncertainty-lung-segmentation/data/scribbles/radiopaedia_10_slice_0274.npy,0,0,0.0,False
radiopaedia_10,275,/kaggle/working/scribble-uncertainty-lung-segmentation/data/scribbles/radiopaedia_10_slice_0275.npy,0,0,0.0,False
radiopaedia_10,276,/kaggle/working/scribble-uncertainty-lung-segmentation/data/scribbles/radiopaedia_10_slice_0276.npy,0,0,0.0,False
radiopaedia_10,277,/kaggle/working/scribble-uncertainty-lung-segmentation/data/scribbles/radiopaedia_10_slice_0277.npy,0,0,0.0,False
radiopaedia_10,278,/kaggle/working/scribble-uncertainty-lung-segmentation/data/scribbles/radiopaedia_10_slice_0278.npy,0,0,0.0,False
radiopaedia_10,279,/kaggle/working/scribble-uncertainty-lung-segmentation/data/scribbles/radiopaedia_10_slice_0279.npy,0,0,0.0,False
radiopaedia_10,280,/kaggle/working/scribble-uncertainty-lung-segmentation/data/scribbles/radiopaedia_10_slice_0280.npy,0,0,0.0,False
radiopaedia_10,281,/kaggle/working/scribble-uncertainty-lung-segmentation/data/scribbles/radiopaedia_10_slice_0281.npy,0,0,0.0,False
radiopaedia_10,282,/kaggle/working/scribble-uncertainty-lung-segmentation/data/scribbles/radiopaedia_10_slice_0282.npy,0,0,0.0,False
radiopaedia_10,283,/kaggle/working/scribble-uncertainty-lung-segmentation/data/scribbles/radiopaedia_10_slice_0283.npy,0,0,0.0,False
radiopaedia_10,284,/kaggle/working/scribble-uncertainty-lung-segmentation/data/scribbles/radiopaedia_10_slice_0284.npy,0,0,0.0,False
radiopaedia_10,285,/kaggle/working/scribble-uncertainty-lung-segmentation/data/scribbles/radiopaedia_10_slice_0285.npy,0,0,0.0,False
radiopaedia_10,286,/kaggle/working/scribble-uncertainty-lung-segmentation/data/scribbles/radiopaedia_10_slice_0286.npy,0,0,0.0,False
radiopaedia_10,287,/kaggle/working/scribble-uncertainty-lung-segmentation/data/scribbles/radiopaedia_10_slice_0287.npy,0,0,0.0,False
radiopaedia_10,288,/kaggle/working/scribble-uncertainty-lung-segmentation/data/scribbles/radiopaedia_10_slice_0288.npy,0,0,0.0,False
radiopaedia_10,289,/kaggle/working/scribble-uncertainty-lung-segmentation/data/scribbles/radiopaedia_10_slice_0289.npy,0,0,0.0,False
radiopaedia_10,290,/kaggle/working/scribble-uncertainty-lung-segmentation/data/scribbles/radiopaedia_10_slice_0290.npy,0,0,0.0,False
radiopaedia_10,291,/kaggle/working/scribble-uncertainty-lung-segmentation/data/scribbles/radiopaedia_10_slice_0291.npy,0,0,0.0,False
radiopaedia_10,292,/kaggle/working/scribble-uncertainty-lung-segmentation/data/scribbles/radiopaedia_10_slice_0292.npy,0,0,0.0,False
radiopaedia_10,293,/kaggle/working/scribble-uncertainty-lung-segmentation/data/scribbles/radiopaedia_10_slice_0293.npy,0,0,0.0,False
radiopaedia_10,294,/kaggle/working/scribble-uncertainty-lung-segmentation/data/scribbles/radiopaedia_10_slice_0294.npy,0,0,0.0,False
radiopaedia_10,295,/kaggle/working/scribble-uncertainty-lung-segmentation/data/scribbles/radiopaedia_10_slice_0295.npy,0,0,0.0,False
radiopaedia_10,296,/kaggle/working/scribble-uncertainty-lung-segmentation/data/scribbles/radiopaedia_10_slice_0296.npy,0,0,0.0,False
radiopaedia_10,297,/kaggle/working/scribble-uncertainty-lung-segmentation/data/scribbles/radiopaedia_10_slice_0297.npy,0,0,0.0,False
radiopaedia_10,298,/kaggle/working/scribble-uncertainty-lung-segmentation/data/scribbles/radiopaedia_10_slice_0298.npy,0,0,0.0,False
radiopaedia_10,299,/kaggle/working/scribble-uncertainty-lung-segmentation/data/scribbles/radiopaedia_10_slice_0299.npy,0,0,0.0,False
radiopaedia_10,300,/kaggle/working/scribble-uncertainty-lung-segmentation/data/scribbles/radiopaedia_10_slice_0300.npy,0,0,0.0,False
radiopaedia_10,301,/kaggle/working/scribble-uncertainty-lung-segmentation/data/scribbles/radiopaedia_10_slice_0301.npy,0,0,0.0,False
radiopaedia_10,302,/kaggle/working/scribble-uncertainty-lung-segmentation/data/scribbles/radiopaedia_10_slice_0302.npy,0,0,0.0,False
radiopaedia_10,303,/kaggle/working/scribble-uncertainty-lung-segmentation/data/scribbles/radiopaedia_10_slice_0303.npy,0,0,0.0,False
radiopaedia_10,304,/kaggle/working/scribble-uncertainty-lung-segmentation/data/scribbles/radiopaedia_10_slice_0304.npy,0,0,0.0,False
radiopaedia_10,305,/kaggle/working/scribble-uncertainty-lung-segmentation/data/scribbles/radiopaedia_10_slice_0305.npy,0,0,0.0,False
radiopaedia_10,306,/kaggle/working/scribble-uncertainty-lung-segmentation/data/scribbles/radiopaedia_10_slice_0306.npy,0,0,0.0,False
radiopaedia_10,307,/kaggle/working/scribble-uncertainty-lung-segmentation/data/scribbles/radiopaedia_10_slice_0307.npy,0,0,0.0,False
radiopaedia_10,308,/kaggle/working/scribble-uncertainty-lung-segmentation/data/scribbles/radiopaedia_10_slice_0308.npy,0,0,0.0,False
radiopaedia_10,309,/kaggle/working/scribble-uncertainty-lung-segmentation/data/scribbles/radiopaedia_10_slice_0309.npy,0,0,0.0,False
radiopaedia_10,310,/kaggle/working/scribble-uncertainty-lung-segmentation/data/scribbles/radiopaedia_10_slice_0310.npy,0,0,0.0,False
radiopaedia_10,311,/kaggle/working/scribble-uncertainty-lung-segmentation/data/scribbles/radiopaedia_10_slice_0311.npy,0,0,0.0,False
radiopaedia_10,312,/kaggle/working/scribble-uncertainty-lung-segmentation/data/scribbles/radiopaedia_10_slice_0312.npy,0,0,0.0,False
radiopaedia_10,313,/kaggle/working/scribble-uncertainty-lung-segmentation/data/scribbles/radiopaedia_10_slice_0313.npy,0,0,0.0,False
radiopaedia_10,314,/kaggle/working/scribble-uncertainty-lung-segmentation/data/scribbles/radiopaedia_10_slice_0314.npy,0,0,0.0,False
radiopaedia_10,315,/kaggle/working/scribble-uncertainty-lung-segmentation/data/scribbles/radiopaedia_10_slice_0315.npy,0,0,0.0,False
radiopaedia_10,316,/kaggle/working/scribble-uncertainty-lung-segmentation/data/scribbles/radiopaedia_10_slice_0316.npy,0,0,0.0,False
radiopaedia_10,317,/kaggle/working/scribble-uncertainty-lung-segmentation/data/scribbles/radiopaedia_10_slice_0317.npy,0,0,0.0,False
radiopaedia_10,318,/kaggle/working/scribble-uncertainty-lung-segmentation/data/scribbles/radiopaedia_10_slice_0318.npy,0,0,0.0,False
radiopaedia_10,319,/kaggle/working/scribble-uncertainty-lung-segmentation/data/scribbles/radiopaedia_10_slice_0319.npy,0,0,0.0,False
radiopaedia_10,320,/kaggle/working/scribble-uncertainty-lung-segmentation/data/scribbles/radiopaedia_10_slice_0320.npy,0,0,0.0,False
radiopaedia_10,321,/kaggle/working/scribble-uncertainty-lung-segmentation/data/scribbles/radiopaedia_10_slice_0321.npy,0,0,0.0,False
radiopaedia_10,322,/kaggle/working/scribble-uncertainty-lung-segmentation/data/scribbles/radiopaedia_10_slice_0322.npy,0,0,0.0,False
radiopaedia_10,323,/kaggle/working/scribble-uncertainty-lung-segmentation/data/scribbles/radiopaedia_10_slice_0323.npy,0,0,0.0,False
radiopaedia_10,324,/kaggle/working/scribble-uncertainty-lung-segmentation/data/scribbles/radiopaedia_10_slice_0324.npy,0,0,0.0,False
radiopaedia_10,325,/kaggle/working/scribble-uncertainty-lung-segmentation/data/scribbles/radiopaedia_10_slice_0325.npy,0,0,0.0,False
radiopaedia_10,326,/kaggle/working/scribble-uncertainty-lung-segmentation/data/scribbles/radiopaedia_10_slice_0326.npy,0,0,0.0,False
radiopaedia_10,327,/kaggle/working/scribble-uncertainty-lung-segmentation/data/scribbles/radiopaedia_10_slice_0327.npy,0,0,0.0,False
radiopaedia_10,328,/kaggle/working/scribble-uncertainty-lung-segmentation/data/scribbles/radiopaedia_10_slice_0328.npy,0,0,0.0,False
radiopaedia_10,329,/kaggle/working/scribble-uncertainty-lung-segmentation/data/scribbles/radiopaedia_10_slice_0329.npy,0,0,0.0,False
radiopaedia_10,330,/kaggle/working/scribble-uncertainty-lung-segmentation/data/scribbles/radiopaedia_10_slice_0330.npy,0,0,0.0,False
radiopaedia_10,331,/kaggle/working/scribble-uncertainty-lung-segmentation/data/scribbles/radiopaedia_10_slice_0331.npy,0,0,0.0,False
radiopaedia_10,332,/kaggle/working/scribble-uncertainty-lung-segmentation/data/scribbles/radiopaedia_10_slice_0332.npy,0,0,0.0,False
radiopaedia_10,333,/kaggle/working/scribble-uncertainty-lung-segmentation/data/scribbles/radiopaedia_10_slice_0333.npy,0,0,0.0,False
radiopaedia_10,334,/kaggle/working/scribble-uncertainty-lung-segmentation/data/scribbles/radiopaedia_10_slice_0334.npy,0,0,0.0,False
radiopaedia_10,335,/kaggle/working/scribble-uncertainty-lung-segmentation/data/scribbles/radiopaedia_10_slice_0335.npy,0,0,0.0,False
radiopaedia_10,336,/kaggle/working/scribble-uncertainty-lung-segmentation/data/scribbles/radiopaedia_10_slice_0336.npy,0,0,0.0,False
radiopaedia_10,337,/kaggle/working/scribble-uncertainty-lung-segmentation/data/scribbles/radiopaedia_10_slice_0337.npy,0,0,0.0,False
radiopaedia_10,338,/kaggle/working/scribble-uncertainty-lung-segmentation/data/scribbles/radiopaedia_10_slice_0338.npy,0,0,0.0,False
radiopaedia_10,339,/kaggle/working/scribble-uncertainty-lung-segmentation/data/scribbles/radiopaedia_10_slice_0339.npy,0,0,0.0,False
radiopaedia_10,340,/kaggle/working/scribble-uncertainty-lung-segmentation/data/scribbles/radiopaedia_10_slice_0340.npy,0,0,0.0,False
radiopaedia_10,341,/kaggle/working/scribble-uncertainty-lung-segmentation/data/scribbles/radiopaedia_10_slice_0341.npy,0,0,0.0,False
radiopaedia_10,342,/kaggle/working/scribble-uncertainty-lung-segmentation/data/scribbles/radiopaedia_10_slice_0342.npy,0,0,0.0,False
radiopaedia_10,343,/kaggle/working/scribble-uncertainty-lung-segmentation/data/scribbles/radiopaedia_10_slice_0343.npy,0,0,0.0,False
radiopaedia_10,344,/kaggle/working/scribble-uncertainty-lung-segmentation/data/scribbles/radiopaedia_10_slice_0344.npy,0,0,0.0,False
radiopaedia_10,345,/kaggle/working/scribble-uncertainty-lung-segmentation/data/scribbles/radiopaedia_10_slice_0345.npy,0,0,0.0,False
radiopaedia_10,346,/kaggle/working/scribble-uncertainty-lung-segmentation/data/scribbles/radiopaedia_10_slice_0346.npy,0,0,0.0,False
radiopaedia_10,347,/kaggle/working/scribble-uncertainty-lung-segmentation/data/scribbles/radiopaedia_10_slice_0347.npy,0,0,0.0,False
radiopaedia_10,348,/kaggle/working/scribble-uncertainty-lung-segmentation/data/scribbles/radiopaedia_10_slice_0348.npy,0,0,0.0,False
radiopaedia_10,349,/kaggle/working/scribble-uncertainty-lung-segmentation/data/scribbles/radiopaedia_10_slice_0349.npy,0,0,0.0,False
radiopaedia_10,350,/kaggle/working/scribble-uncertainty-lung-segmentation/data/scribbles/radiopaedia_10_slice_0350.npy,0,0,0.0,False
radiopaedia_10,351,/kaggle/working/scribble-uncertainty-lung-segmentation/data/scribbles/radiopaedia_10_slice_0351.npy,0,0,0.0,False
radiopaedia_10,352,/kaggle/working/scribble-uncertainty-lung-segmentation/data/scribbles/radiopaedia_10_slice_0352.npy,0,0,0.0,False
radiopaedia_10,353,/kaggle/working/scribble-uncertainty-lung-segmentation/data/scribbles/radiopaedia_10_slice_0353.npy,0,0,0.0,False
radiopaedia_10,354,/kaggle/working/scribble-uncertainty-lung-segmentation/data/scribbles/radiopaedia_10_slice_0354.npy,0,0,0.0,False
radiopaedia_10,355,/kaggle/working/scribble-uncertainty-lung-segmentation/data/scribbles/radiopaedia_10_slice_0355.npy,0,0,0.0,False
radiopaedia_10,356,/kaggle/working/scribble-uncertainty-lung-segmentation/data/scribbles/radiopaedia_10_slice_0356.npy,0,0,0.0,False
radiopaedia_10,357,/kaggle/working/scribble-uncertainty-lung-segmentation/data/scribbles/radiopaedia_10_slice_0357.npy,0,0,0.0,False
radiopaedia_10,358,/kaggle/working/scribble-uncertainty-lung-segmentation/data/scribbles/radiopaedia_10_slice_0358.npy,0,0,0.0,False
radiopaedia_10,359,/kaggle/working/scribble-uncertainty-lung-segmentation/data/scribbles/radiopaedia_10_slice_0359.npy,0,0,0.0,False
radiopaedia_10,360,/kaggle/working/scribble-uncertainty-lung-segmentation/data/scribbles/radiopaedia_10_slice_0360.npy,0,0,0.0,False
radiopaedia_10,361,/kaggle/working/scribble-uncertainty-lung-segmentation/data/scribbles/radiopaedia_10_slice_0361.npy,0,0,0.0,False
radiopaedia_10,362,/kaggle/working/scribble-uncertainty-lung-segmentation/data/scribbles/radiopaedia_10_slice_0362.npy,0,0,0.0,False
radiopaedia_10,363,/kaggle/working/scribble-uncertainty-lung-segmentation/data/scribbles/radiopaedia_10_slice_0363.npy,0,0,0.0,False
radiopaedia_10,364,/kaggle/working/scribble-uncertainty-lung-segmentation/data/scribbles/radiopaedia_10_slice_0364.npy,0,0,0.0,False
radiopaedia_10,365,/kaggle/working/scribble-uncertainty-lung-segmentation/data/scribbles/radiopaedia_10_slice_0365.npy,0,0,0.0,False
radiopaedia_10,366,/kaggle/working/scribble-uncertainty-lung-segmentation/data/scribbles/radiopaedia_10_slice_0366.npy,0,0,0.0,False
radiopaedia_10,367,/kaggle/working/scribble-uncertainty-lung-segmentation/data/scribbles/radiopaedia_10_slice_0367.npy,0,0,0.0,False
radiopaedia_10,368,/kaggle/working/scribble-uncertainty-lung-segmentation/data/scribbles/radiopaedia_10_slice_0368.npy,0,0,0.0,False
radiopaedia_10,369,/kaggle/working/scribble-uncertainty-lung-segmentation/data/scribbles/radiopaedia_10_slice_0369.npy,0,0,0.0,False
radiopaedia_10,370,/kaggle/working/scribble-uncertainty-lung-segmentation/data/scribbles/radiopaedia_10_slice_0370.npy,0,0,0.0,False
radiopaedia_10,371,/kaggle/working/scribble-uncertainty-lung-segmentation/data/scribbles/radiopaedia_10_slice_0371.npy,0,0,0.0,False
radiopaedia_10,372,/kaggle/working/scribble-uncertainty-lung-segmentation/data/scribbles/radiopaedia_10_slice_0372.npy,0,0,0.0,False
radiopaedia_10,373,/kaggle/working/scribble-uncertainty-lung-segmentation/data/scribbles/radiopaedia_10_slice_0373.npy,0,0,0.0,False
radiopaedia_10,374,/kaggle/working/scribble-uncertainty-lung-segmentation/data/scribbles/radiopaedia_10_slice_0374.npy,0,0,0.0,False
radiopaedia_10,375,/kaggle/working/scribble-uncertainty-lung-segmentation/data/scribbles/radiopaedia_10_slice_0375.npy,0,0,0.0,False
radiopaedia_10,376,/kaggle/working/scribble-uncertainty-lung-segmentation/data/scribbles/radiopaedia_10_slice_0376.npy,0,0,0.0,False
radiopaedia_10,377,/kaggle/working/scribble-uncertainty-lung-segmentation/data/scribbles/radiopaedia_10_slice_0377.npy,0,0,0.0,False
radiopaedia_10,378,/kaggle/working/scribble-uncertainty-lung-segmentation/data/scribbles/radiopaedia_10_slice_0378.npy,0,0,0.0,False
radiopaedia_10,379,/kaggle/working/scribble-uncertainty-lung-segmentation/data/scribbles/radiopaedia_10_slice_0379.npy,0,0,0.0,False
radiopaedia_10,380,/kaggle/working/scribble-uncertainty-lung-segmentation/data/scribbles/radiopaedia_10_slice_0380.npy,0,0,0.0,False
radiopaedia_10,381,/kaggle/working/scribble-uncertainty-lung-segmentation/data/scribbles/radiopaedia_10_slice_0381.npy,0,0,0.0,False
radiopaedia_10,382,/kaggle/working/scribble-uncertainty-lung-segmentation/data/scribbles/radiopaedia_10_slice_0382.npy,0,0,0.0,False
radiopaedia_10,383,/kaggle/working/scribble-uncertainty-lung-segmentation/data/scribbles/radiopaedia_10_slice_0383.npy,0,0,0.0,False
radiopaedia_10,384,/kaggle/working/scribble-uncertainty-lung-segmentation/data/scribbles/radiopaedia_10_slice_0384.npy,0,0,0.0,False
radiopaedia_10,385,/kaggle/working/scribble-uncertainty-lung-segmentation/data/scribbles/radiopaedia_10_slice_0385.npy,0,0,0.0,False
radiopaedia_10,386,/kaggle/working/scribble-uncertainty-lung-segmentation/data/scribbles/radiopaedia_10_slice_0386.npy,0,0,0.0,False
radiopaedia_10,387,/kaggle/working/scribble-uncertainty-lung-segmentation/data/scribbles/radiopaedia_10_slice_0387.npy,0,0,0.0,False
radiopaedia_10,388,/kaggle/working/scribble-uncertainty-lung-segmentation/data/scribbles/radiopaedia_10_slice_0388.npy,0,0,0.0,False
radiopaedia_10,389,/kaggle/working/scribble-uncertainty-lung-segmentation/data/scribbles/radiopaedia_10_slice_0389.npy,0,0,0.0,False
radiopaedia_10,390,/kaggle/working/scribble-uncertainty-lung-segmentation/data/scribbles/radiopaedia_10_slice_0390.npy,0,0,0.0,False
radiopaedia_10,391,/kaggle/working/scribble-uncertainty-lung-segmentation/data/scribbles/radiopaedia_10_slice_0391.npy,0,0,0.0,False
radiopaedia_14,0,/kaggle/working/scribble-uncertainty-lung-segmentation/data/scribbles/radiopaedia_14_slice_0000.npy,332,54,0.16265060240473944,True
radiopaedia_14,1,/kaggle/working/scribble-uncertainty-lung-segmentation/data/scribbles/radiopaedia_14_slice_0001.npy,373,66,0.17694369972715968,True
radiopaedia_14,2,/kaggle/working/scribble-uncertainty-lung-segmentation/data/scribbles/radiopaedia_14_slice_0002.npy,458,60,0.13100436680936672,True
radiopaedia_14,3,/kaggle/working/scribble-uncertainty-lung-segmentation/data/scribbles/radiopaedia_14_slice_0003.npy,525,60,0.11428571428353741,True
radiopaedia_14,4,/kaggle/working/scribble-uncertainty-lung-segmentation/data/scribbles/radiopaedia_14_slice_0004.npy,523,43,0.08221797322978551,True
radiopaedia_14,5,/kaggle/working/scribble-uncertainty-lung-segmentation/data/scribbles/radiopaedia_14_slice_0005.npy,738,61,0.08265582655714558,True
radiopaedia_14,6,/kaggle/working/scribble-uncertainty-lung-segmentation/data/scribbles/radiopaedia_14_slice_0006.npy,846,73,0.08628841607463016,True
radiopaedia_14,7,/kaggle/working/scribble-uncertainty-lung-segmentation/data/scribbles/radiopaedia_14_slice_0007.npy,887,69,0.07779030439596629,True
radiopaedia_14,8,/kaggle/working/scribble-uncertainty-lung-segmentation/data/scribbles/radiopaedia_14_slice_0008.npy,983,79,0.08036622583844999,True
radiopaedia_14,9,/kaggle/working/scribble-uncertainty-lung-segmentation/data/scribbles/radiopaedia_14_slice_0009.npy,1059,79,0.074598677997407,True
radiopaedia_14,10,/kaggle/working/scribble-uncertainty-lung-segmentation/data/scribbles/radiopaedia_14_slice_0010.npy,939,71,0.07561235356681989,True
radiopaedia_14,11,/kaggle/working/scribble-uncertainty-lung-segmentation/data/scribbles/radiopaedia_14_slice_0011.npy,981,77,0.0784913353712692,True
radiopaedia_14,12,/kaggle/working/scribble-uncertainty-lung-segmentation/data/scribbles/radiopaedia_14_slice_0012.npy,1100,92,0.08363636363560331,True
radiopaedia_14,13,/kaggle/working/scribble-uncertainty-lung-segmentation/data/scribbles/radiopaedia_14_slice_0013.npy,937,62,0.06616862326503556,True
radiopaedia_14,14,/kaggle/working/scribble-uncertainty-lung-segmentation/data/scribbles/radiopaedia_14_slice_0014.npy,972,68,0.06995884773590577,True
radiopaedia_14,15,/kaggle/working/scribble-uncertainty-lung-segmentation/data/scribbles/radiopaedia_14_slice_0015.npy,1142,92,0.080560420314531,True
radiopaedia_14,16,/kaggle/working/scribble-uncertainty-lung-segmentation/data/scribbles/radiopaedia_14_slice_0016.npy,1309,130,0.09931245225287004,True
radiopaedia_14,17,/kaggle/working/scribble-uncertainty-lung-segmentation/data/scribbles/radiopaedia_14_slice_0017.npy,1191,144,0.12090680100654151,True
radiopaedia_14,18,/kaggle/working/scribble-uncertainty-lung-segmentation/data/scribbles/radiopaedia_14_slice_0018.npy,1055,135,0.12796208530684397,True
radiopaedia_14,19,/kaggle/working/scribble-uncertainty-lung-segmentation/data/scribbles/radiopaedia_14_slice_0019.npy,1243,149,0.1198712791623502,True
radiopaedia_14,20,/kaggle/working/scribble-uncertainty-lung-segmentation/data/scribbles/radiopaedia_14_slice_0020.npy,1192,112,0.09395973154283592,True
radiopaedia_14,21,/kaggle/working/scribble-uncertainty-lung-segmentation/data/scribbles/radiopaedia_14_slice_0021.npy,1490,143,0.09597315436177199,True
radiopaedia_14,22,/kaggle/working/scribble-uncertainty-lung-segmentation/data/scribbles/radiopaedia_14_slice_0022.npy,1738,161,0.09263521288784445,True
radiopaedia_14,23,/kaggle/working/scribble-uncertainty-lung-segmentation/data/scribbles/radiopaedia_14_slice_0023.npy,1916,181,0.09446764091808733,True
radiopaedia_14,24,/kaggle/working/scribble-uncertainty-lung-segmentation/data/scribbles/radiopaedia_14_slice_0024.npy,2480,220,0.08870967741899714,True
radiopaedia_14,25,/kaggle/working/scribble-uncertainty-lung-segmentation/data/scribbles/radiopaedia_14_slice_0025.npy,2931,273,0.09314227226170883,True
radiopaedia_14,26,/kaggle/working/scribble-uncertainty-lung-segmentation/data/scribbles/radiopaedia_14_slice_0026.npy,3404,292,0.08578143360726856,True
radiopaedia_14,27,/kaggle/working/scribble-uncertainty-lung-segmentation/data/scribbles/radiopaedia_14_slice_0027.npy,3600,291,0.0808333333331088,True
radiopaedia_14,28,/kaggle/working/scribble-uncertainty-lung-segmentation/data/scribbles/radiopaedia_14_slice_0028.npy,3955,340,0.08596713021470047,True
radiopaedia_14,29,/kaggle/working/scribble-uncertainty-lung-segmentation/data/scribbles/radiopaedia_14_slice_0029.npy,4254,357,0.08392101551461231,True
radiopaedia_14,30,/kaggle/working/scribble-uncertainty-lung-segmentation/data/scribbles/radiopaedia_14_slice_0030.npy,3914,272,0.06949412365848366,True
radiopaedia_14,31,/kaggle/working/scribble-uncertainty-lung-segmentation/data/scribbles/radiopaedia_14_slice_0031.npy,3695,316,0.08552097428934907,True
radiopaedia_14,32,/kaggle/working/scribble-uncertainty-lung-segmentation/data/scribbles/radiopaedia_14_slice_0032.npy,3075,246,0.07999999999973983,True
radiopaedia_14,33,/kaggle/working/scribble-uncertainty-lung-segmentation/data/scribbles/radiopaedia_14_slice_0033.npy,3964,306,0.07719475277478004,True
radiopaedia_14,34,/kaggle/working/scribble-uncertainty-lung-segmentation/data/scribbles/radiopaedia_14_slice_0034.npy,3281,251,0.07650106674770954,True
radiopaedia_14,35,/kaggle/working/scribble-uncertainty-lung-segmentation/data/scribbles/radiopaedia_14_slice_0035.npy,3319,225,0.06779150346469481,True
radiopaedia_14,36,/kaggle/working/scribble-uncertainty-lung-segmentation/data/scribbles/radiopaedia_14_slice_0036.npy,3698,282,0.07625743645193007,True
radiopaedia_14,37,/kaggle/working/scribble-uncertainty-lung-segmentation/data/scribbles/radiopaedia_14_slice_0037.npy,3909,281,0.07188539268336688,True
radiopaedia_14,38,/kaggle/working/scribble-uncertainty-lung-segmentation/data/scribbles/radiopaedia_14_slice_0038.npy,5367,501,0.09334823923962485,True
radiopaedia_14,39,/kaggle/working/scribble-uncertainty-lung-segmentation/data/scribbles/radiopaedia_14_slice_0039.npy,5737,570,0.09935506362192896,True
radiopaedia_14,40,/kaggle/working/scribble-uncertainty-lung-segmentation/data/scribbles/radiopaedia_14_slice_0040.npy,5486,499,0.09095880422878061,True
radiopaedia_14,41,/kaggle/working/scribble-uncertainty-lung-segmentation/data/scribbles/radiopaedia_14_slice_0041.npy,5767,493,0.08548638806990552,True
radiopaedia_14,42,/kaggle/working/scribble-uncertainty-lung-segmentation/data/scribbles/radiopaedia_14_slice_0042.npy,6013,480,0.07982704141014497,True
radiopaedia_14,43,/kaggle/working/scribble-uncertainty-lung-segmentation/data/scribbles/radiopaedia_14_slice_0043.npy,6537,374,0.057212788740925176,True
radiopaedia_14,44,/kaggle/working/scribble-uncertainty-lung-segmentation/data/scribbles/radiopaedia_14_slice_0044.npy,6204,446,0.07188910380388154,True
radiopaedia_14,45,/kaggle/working/scribble-uncertainty-lung-segmentation/data/scribbles/radiopaedia_14_slice_0045.npy,6154,423,0.06873578160534817,True
radiopaedia_14,46,/kaggle/working/scribble-uncertainty-lung-segmentation/data/scribbles/radiopaedia_14_slice_0046.npy,5521,407,0.07371852925181359,True
radiopaedia_14,47,/kaggle/working/scribble-uncertainty-lung-segmentation/data/scribbles/radiopaedia_14_slice_0047.npy,5723,456,0.07967849030214978,True
radiopaedia_14,48,/kaggle/working/scribble-uncertainty-lung-segmentation/data/scribbles/radiopaedia_14_slice_0048.npy,5840,480,0.08219178082177707,True
radiopaedia_14,49,/kaggle/working/scribble-uncertainty-lung-segmentation/data/scribbles/radiopaedia_14_slice_0049.npy,5041,452,0.08966474905754877,True
radiopaedia_14,50,/kaggle/working/scribble-uncertainty-lung-segmentation/data/scribbles/radiopaedia_14_slice_0050.npy,4866,513,0.10542540073961072,True
radiopaedia_14,51,/kaggle/working/scribble-uncertainty-lung-segmentation/data/scribbles/radiopaedia_14_slice_0051.npy,4375,434,0.09919999999977326,True
radiopaedia_14,52,/kaggle/working/scribble-uncertainty-lung-segmentation/data/scribbles/radiopaedia_14_slice_0052.npy,4252,419,0.09854186265263748,True
radiopaedia_14,53,/kaggle/working/scribble-uncertainty-lung-segmentation/data/scribbles/radiopaedia_14_slice_0053.npy,4049,389,0.0960731044700023,True
radiopaedia_14,54,/kaggle/working/scribble-uncertainty-lung-segmentation/data/scribbles/radiopaedia_14_slice_0054.npy,4492,444,0.09884238646460632,True
radiopaedia_14,55,/kaggle/working/scribble-uncertainty-lung-segmentation/data/scribbles/radiopaedia_14_slice_0055.npy,4119,436,0.10585093469262964,True
radiopaedia_14,56,/kaggle/working/scribble-uncertainty-lung-segmentation/data/scribbles/radiopaedia_14_slice_0056.npy,4213,452,0.1072869689055132,True
radiopaedia_14,57,/kaggle/working/scribble-uncertainty-lung-segmentation/data/scribbles/radiopaedia_14_slice_0057.npy,4311,517,0.11992577128248684,True
radiopaedia_14,58,/kaggle/working/scribble-uncertainty-lung-segmentation/data/scribbles/radiopaedia_14_slice_0058.npy,5781,609,0.10534509600396931,True
radiopaedia_14,59,/kaggle/working/scribble-uncertainty-lung-segmentation/data/scribbles/radiopaedia_14_slice_0059.npy,5513,596,0.10810810810791201,True
radiopaedia_14,60,/kaggle/working/scribble-uncertainty-lung-segmentation/data/scribbles/radiopaedia_14_slice_0060.npy,5932,653,0.11008091705982792,True
radiopaedia_14,61,/kaggle/working/scribble-uncertainty-lung-segmentation/data/scribbles/radiopaedia_14_slice_0061.npy,5919,557,0.09410373373864825,True
radiopaedia_14,62,/kaggle/working/scribble-uncertainty-lung-segmentation/data/scribbles/radiopaedia_14_slice_0062.npy,6357,565,0.08887840176169753,True
radiopaedia_14,63,/kaggle/working/scribble-uncertainty-lung-segmentation/data/scribbles/radiopaedia_14_slice_0063.npy,5806,458,0.0788839131931125,True
radiopaedia_14,64,/kaggle/working/scribble-uncertainty-lung-segmentation/data/scribbles/radiopaedia_14_slice_0064.npy,5796,481,0.08298826777073329,True
radiopaedia_14,65,/kaggle/working/scribble-uncertainty-lung-segmentation/data/scribbles/radiopaedia_14_slice_0065.npy,4223,400,0.09471939379565542,True
radiopaedia_14,66,/kaggle/working/scribble-uncertainty-lung-segmentation/data/scribbles/radiopaedia_14_slice_0066.npy,3778,409,0.108258337744552,True
radiopaedia_14,67,/kaggle/working/scribble-uncertainty-lung-segmentation/data/scribbles/radiopaedia_14_slice_0067.npy,3775,360,0.0953642384103434,True
radiopaedia_14,68,/kaggle/working/scribble-uncertainty-lung-segmentation/data/scribbles/radiopaedia_14_slice_0068.npy,3767,357,0.09477037430290744,True
radiopaedia_14,69,/kaggle/working/scribble-uncertainty-lung-segmentation/data/scribbles/radiopaedia_14_slice_0069.npy,4110,334,0.08126520681245435,True
radiopaedia_14,70,/kaggle/working/scribble-uncertainty-lung-segmentation/data/scribbles/radiopaedia_14_slice_0070.npy,4076,388,0.09519136408220022,True
radiopaedia_14,71,/kaggle/working/scribble-uncertainty-lung-segmentation/data/scribbles/radiopaedia_14_slice_0071.npy,4569,408,0.08929743926441389,True
radiopaedia_14,72,/kaggle/working/scribble-uncertainty-lung-segmentation/data/scribbles/radiopaedia_14_slice_0072.npy,3349,322,0.09614810391132832,True
radiopaedia_14,73,/kaggle/working/scribble-uncertainty-lung-segmentation/data/scribbles/radiopaedia_14_slice_0073.npy,3536,359,0.10152714932097985,True
radiopaedia_14,74,/kaggle/working/scribble-uncertainty-lung-segmentation/data/scribbles/radiopaedia_14_slice_0074.npy,3266,291,0.08909981628876577,True
radiopaedia_14,75,/kaggle/working/scribble-uncertainty-lung-segmentation/data/scribbles/radiopaedia_14_slice_0075.npy,2636,278,0.10546282245787002,True
radiopaedia_14,76,/kaggle/working/scribble-uncertainty-lung-segmentation/data/scribbles/radiopaedia_14_slice_0076.npy,3101,243,0.07836181876788662,True
radiopaedia_14,77,/kaggle/working/scribble-uncertainty-lung-segmentation/data/scribbles/radiopaedia_14_slice_0077.npy,2248,235,0.10453736654757768,True
radiopaedia_14,78,/kaggle/working/scribble-uncertainty-lung-segmentation/data/scribbles/radiopaedia_14_slice_0078.npy,2808,295,0.10505698005660592,True
radiopaedia_14,79,/kaggle/working/scribble-uncertainty-lung-segmentation/data/scribbles/radiopaedia_14_slice_0079.npy,2698,256,0.0948851000737773,True
radiopaedia_14,80,/kaggle/working/scribble-uncertainty-lung-segmentation/data/scribbles/radiopaedia_14_slice_0080.npy,2411,264,0.10949813355408752,True
radiopaedia_14,81,/kaggle/working/scribble-uncertainty-lung-segmentation/data/scribbles/radiopaedia_14_slice_0081.npy,2674,236,0.08825729244544407,True
radiopaedia_14,82,/kaggle/working/scribble-uncertainty-lung-segmentation/data/scribbles/radiopaedia_14_slice_0082.npy,2005,230,0.11471321695703386,True
radiopaedia_14,83,/kaggle/working/scribble-uncertainty-lung-segmentation/data/scribbles/radiopaedia_14_slice_0083.npy,2038,189,0.09273797840975105,True
radiopaedia_14,84,/kaggle/working/scribble-uncertainty-lung-segmentation/data/scribbles/radiopaedia_14_slice_0084.npy,1782,183,0.10269360269302642,True
radiopaedia_14,85,/kaggle/working/scribble-uncertainty-lung-segmentation/data/scribbles/radiopaedia_14_slice_0085.npy,1473,190,0.12898845892648345,True
radiopaedia_14,86,/kaggle/working/scribble-uncertainty-lung-segmentation/data/scribbles/radiopaedia_14_slice_0086.npy,1057,134,0.12677388836209297,True
radiopaedia_14,87,/kaggle/working/scribble-uncertainty-lung-segmentation/data/scribbles/radiopaedia_14_slice_0087.npy,1211,96,0.07927332782758652,True
radiopaedia_14,88,/kaggle/working/scribble-uncertainty-lung-segmentation/data/scribbles/radiopaedia_14_slice_0088.npy,1054,119,0.11290322580538044,True
radiopaedia_14,89,/kaggle/working/scribble-uncertainty-lung-segmentation/data/scribbles/radiopaedia_14_slice_0089.npy,860,129,0.1499999999982558,True
radiopaedia_14,90,/kaggle/working/scribble-uncertainty-lung-segmentation/data/scribbles/radiopaedia_14_slice_0090.npy,718,81,0.11281337047196639,True
radiopaedia_14,91,/kaggle/working/scribble-uncertainty-lung-segmentation/data/scribbles/radiopaedia_14_slice_0091.npy,825,85,0.10303030302905418,True
radiopaedia_14,92,/kaggle/working/scribble-uncertainty-lung-segmentation/data/scribbles/radiopaedia_14_slice_0092.npy,818,95,0.11613691931398365,True
radiopaedia_14,93,/kaggle/working/scribble-uncertainty-lung-segmentation/data/scribbles/radiopaedia_14_slice_0093.npy,835,107,0.12814371257331564,True
radiopaedia_14,94,/kaggle/working/scribble-uncertainty-lung-segmentation/data/scribbles/radiopaedia_14_slice_0094.npy,567,45,0.07936507936367963,True
radiopaedia_14,95,/kaggle/working/scribble-uncertainty-lung-segmentation/data/scribbles/radiopaedia_14_slice_0095.npy,447,36,0.08053691274987614,True
radiopaedia_14,96,/kaggle/working/scribble-uncertainty-lung-segmentation/data/scribbles/radiopaedia_14_slice_0096.npy,370,33,0.08918918918677866,True
radiopaedia_14,97,/kaggle/working/scribble-uncertainty-lung-segmentation/data/scribbles/radiopaedia_14_slice_0097.npy,395,51,0.12911392404736421,True
radiopaedia_14,98,/kaggle/working/scribble-uncertainty-lung-segmentation/data/scribbles/radiopaedia_14_slice_0098.npy,305,37,0.12131147540585864,True
radiopaedia_14,99,/kaggle/working/scribble-uncertainty-lung-segmentation/data/scribbles/radiopaedia_14_slice_0099.npy,220,33,0.1499999999931818,True
radiopaedia_14,100,/kaggle/working/scribble-uncertainty-lung-segmentation/data/scribbles/radiopaedia_14_slice_0100.npy,127,27,0.21259842518011038,True
radiopaedia_14,101,/kaggle/working/scribble-uncertainty-lung-segmentation/data/scribbles/radiopaedia_14_slice_0101.npy,48,9,0.1874999999609375,True
radiopaedia_14,102,/kaggle/working/scribble-uncertainty-lung-segmentation/data/scribbles/radiopaedia_14_slice_0102.npy,53,9,0.1698113207226771,True
radiopaedia_14,103,/kaggle/working/scribble-uncertainty-lung-segmentation/data/scribbles/radiopaedia_14_slice_0103.npy,0,0,0.0,False
radiopaedia_14,104,/kaggle/working/scribble-uncertainty-lung-segmentation/data/scribbles/radiopaedia_14_slice_0104.npy,0,0,0.0,False
radiopaedia_14,105,/kaggle/working/scribble-uncertainty-lung-segmentation/data/scribbles/radiopaedia_14_slice_0105.npy,0,0,0.0,False
radiopaedia_14,106,/kaggle/working/scribble-uncertainty-lung-segmentation/data/scribbles/radiopaedia_14_slice_0106.npy,0,0,0.0,False
radiopaedia_14,107,/kaggle/working/scribble-uncertainty-lung-segmentation/data/scribbles/radiopaedia_14_slice_0107.npy,0,0,0.0,False
radiopaedia_27,5,/kaggle/working/scribble-uncertainty-lung-segmentation/data/scribbles/radiopaedia_27_slice_0005.npy,0,0,0.0,False
radiopaedia_27,6,/kaggle/working/scribble-uncertainty-lung-segmentation/data/scribbles/radiopaedia_27_slice_0006.npy,0,0,0.0,False
radiopaedia_27,7,/kaggle/working/scribble-uncertainty-lung-segmentation/data/scribbles/radiopaedia_27_slice_0007.npy,0,0,0.0,False
radiopaedia_27,8,/kaggle/working/scribble-uncertainty-lung-segmentation/data/scribbles/radiopaedia_27_slice_0008.npy,44,9,0.20454545449896694,True
radiopaedia_27,9,/kaggle/working/scribble-uncertainty-lung-segmentation/data/scribbles/radiopaedia_27_slice_0009.npy,241,21,0.08713692945696527,True
radiopaedia_27,10,/kaggle/working/scribble-uncertainty-lung-segmentation/data/scribbles/radiopaedia_27_slice_0010.npy,359,21,0.058495821725390085,True
radiopaedia_27,11,/kaggle/working/scribble-uncertainty-lung-segmentation/data/scribbles/radiopaedia_27_slice_0011.npy,647,67,0.10355486862281986,True
radiopaedia_27,12,/kaggle/working/scribble-uncertainty-lung-segmentation/data/scribbles/radiopaedia_27_slice_0012.npy,814,64,0.07862407862311273,True
radiopaedia_27,13,/kaggle/working/scribble-uncertainty-lung-segmentation/data/scribbles/radiopaedia_27_slice_0013.npy,1440,103,0.07152777777728106,True
radiopaedia_27,14,/kaggle/working/scribble-uncertainty-lung-segmentation/data/scribbles/radiopaedia_27_slice_0014.npy,1514,92,0.06076618229814554,True
radiopaedia_27,15,/kaggle/working/scribble-uncertainty-lung-segmentation/data/scribbles/radiopaedia_27_slice_0015.npy,2080,107,0.051442307692060374,True
radiopaedia_27,16,/kaggle/working/scribble-uncertainty-lung-segmentation/data/scribbles/radiopaedia_27_slice_0016.npy,2024,153,0.07559288537512059,True
radiopaedia_27,17,/kaggle/working/scribble-uncertainty-lung-segmentation/data/scribbles/radiopaedia_27_slice_0017.npy,1826,142,0.07776560788566395,True
radiopaedia_27,18,/kaggle/working/scribble-uncertainty-lung-segmentation/data/scribbles/radiopaedia_27_slice_0018.npy,2487,153,0.06151990349794323,True
radiopaedia_27,19,/kaggle/working/scribble-uncertainty-lung-segmentation/data/scribbles/radiopaedia_27_slice_0019.npy,2193,244,0.1112631098946135,True
radiopaedia_27,20,/kaggle/working/scribble-uncertainty-lung-segmentation/data/scribbles/radiopaedia_27_slice_0020.npy,2850,213,0.07473684210500092,True
radiopaedia_27,21,/kaggle/working/scribble-uncertainty-lung-segmentation/data/scribbles/radiopaedia_27_slice_0021.npy,2694,234,0.08685968819566868,True
radiopaedia_27,22,/kaggle/working/scribble-uncertainty-lung-segmentation/data/scribbles/radiopaedia_27_slice_0022.npy,2655,218,0.08210922787163048,True
radiopaedia_27,23,/kaggle/working/scribble-uncertainty-lung-segmentation/data/scribbles/radiopaedia_27_slice_0023.npy,2052,184,0.08966861598396848,True
radiopaedia_27,24,/kaggle/working/scribble-uncertainty-lung-segmentation/data/scribbles/radiopaedia_27_slice_0024.npy,1859,199,0.10704679935391584,True
radiopaedia_27,25,/kaggle/working/scribble-uncertainty-lung-segmentation/data/scribbles/radiopaedia_27_slice_0025.npy,1913,257,0.1343439623620787,True
radiopaedia_27,26,/kaggle/working/scribble-uncertainty-lung-segmentation/data/scribbles/radiopaedia_27_slice_0026.npy,1864,209,0.11212446351871179,True
radiopaedia_27,27,/kaggle/working/scribble-uncertainty-lung-segmentation/data/scribbles/radiopaedia_27_slice_0027.npy,2282,213,0.09333917616085304,True
radiopaedia_27,28,/kaggle/working/scribble-uncertainty-lung-segmentation/data/scribbles/radiopaedia_27_slice_0028.npy,2019,195,0.09658246656712936,True
radiopaedia_27,29,/kaggle/working/scribble-uncertainty-lung-segmentation/data/scribbles/radiopaedia_27_slice_0029.npy,1832,265,0.1446506550210445,True
radiopaedia_27,30,/kaggle/working/scribble-uncertainty-lung-segmentation/data/scribbles/radiopaedia_27_slice_0030.npy,1614,176,0.10904584882212488,True
radiopaedia_27,31,/kaggle/working/scribble-uncertainty-lung-segmentation/data/scribbles/radiopaedia_27_slice_0031.npy,1591,224,0.1407919547445582,True
radiopaedia_27,32,/kaggle/working/scribble-uncertainty-lung-segmentation/data/scribbles/radiopaedia_27_slice_0032.npy,1392,217,0.15589080459658125,True
radiopaedia_27,33,/kaggle/working/scribble-uncertainty-lung-segmentation/data/scribbles/radiopaedia_27_slice_0033.npy,1295,164,0.12664092663994872,True
radiopaedia_27,34,/kaggle/working/scribble-uncertainty-lung-segmentation/data/scribbles/radiopaedia_27_slice_0034.npy,804,115,0.14303482586886773,True
radiopaedia_27,35,/kaggle/working/scribble-uncertainty-lung-segmentation/data/scribbles/radiopaedia_27_slice_0035.npy,501,81,0.16167664670335974,True
radiopaedia_27,36,/kaggle/working/scribble-uncertainty-lung-segmentation/data/scribbles/radiopaedia_27_slice_0036.npy,494,46,0.09311740890499762,True
radiopaedia_27,37,/kaggle/working/scribble-uncertainty-lung-segmentation/data/scribbles/radiopaedia_27_slice_0037.npy,422,66,0.15639810426169673,True
radiopaedia_27,38,/kaggle/working/scribble-uncertainty-lung-segmentation/data/scribbles/radiopaedia_27_slice_0038.npy,377,51,0.13527851458527113,True
radiopaedia_27,39,/kaggle/working/scribble-uncertainty-lung-segmentation/data/scribbles/radiopaedia_27_slice_0039.npy,333,63,0.18918918918350783,True
radiopaedia_27,40,/kaggle/working/scribble-uncertainty-lung-segmentation/data/scribbles/radiopaedia_27_slice_0040.npy,345,57,0.16521739129955892,True
radiopaedia_27,41,/kaggle/working/scribble-uncertainty-lung-segmentation/data/scribbles/radiopaedia_27_slice_0041.npy,224,39,0.1741071428493702,True
radiopaedia_27,42,/kaggle/working/scribble-uncertainty-lung-segmentation/data/scribbles/radiopaedia_27_slice_0042.npy,150,21,0.13999999999066665,True
radiopaedia_27,43,/kaggle/working/scribble-uncertainty-lung-segmentation/data/scribbles/radiopaedia_27_slice_0043.npy,129,18,0.13953488371011358,True
radiopaedia_27,44,/kaggle/working/scribble-uncertainty-lung-segmentation/data/scribbles/radiopaedia_27_slice_0044.npy,50,9,0.17999999996399998,True
radiopaedia_27,45,/kaggle/working/scribble-uncertainty-lung-segmentation/data/scribbles/radiopaedia_27_slice_0045.npy,0,0,0.0,False
radiopaedia_27,46,/kaggle/working/scribble-uncertainty-lung-segmentation/data/scribbles/radiopaedia_27_slice_0046.npy,0,0,0.0,False
radiopaedia_27,47,/kaggle/working/scribble-uncertainty-lung-segmentation/data/scribbles/radiopaedia_27_slice_0047.npy,0,0,0.0,False
radiopaedia_27,48,/kaggle/working/scribble-uncertainty-lung-segmentation/data/scribbles/radiopaedia_27_slice_0048.npy,0,0,0.0,False
radiopaedia_27,49,/kaggle/working/scribble-uncertainty-lung-segmentation/data/scribbles/radiopaedia_27_slice_0049.npy,0,0,0.0,False
radiopaedia_27,50,/kaggle/working/scribble-uncertainty-lung-segmentation/data/scribbles/radiopaedia_27_slice_0050.npy,0,0,0.0,False
radiopaedia_27,51,/kaggle/working/scribble-uncertainty-lung-segmentation/data/scribbles/radiopaedia_27_slice_0051.npy,0,0,0.0,False
radiopaedia_27,52,/kaggle/working/scribble-uncertainty-lung-segmentation/data/scribbles/radiopaedia_27_slice_0052.npy,33,9,0.2727272726446281,True
radiopaedia_27,53,/kaggle/working/scribble-uncertainty-lung-segmentation/data/scribbles/radiopaedia_27_slice_0053.npy,111,12,0.10810810809836864,True
radiopaedia_27,54,/kaggle/working/scribble-uncertainty-lung-segmentation/data/scribbles/radiopaedia_27_slice_0054.npy,106,25,0.2358490565815237,True
radiopaedia_27,55,/kaggle/working/scribble-uncertainty-lung-segmentation/data/scribbles/radiopaedia_27_slice_0055.npy,116,18,0.15517241377972651,True
radiopaedia_27,56,/kaggle/working/scribble-uncertainty-lung-segmentation/data/scribbles/radiopaedia_27_slice_0056.npy,92,9,0.09782608694588847,True
radiopaedia_27,57,/kaggle/working/scribble-uncertainty-lung-segmentation/data/scribbles/radiopaedia_27_slice_0057.npy,134,18,0.13432835819893071,True
radiopaedia_27,58,/kaggle/working/scribble-uncertainty-lung-segmentation/data/scribbles/radiopaedia_27_slice_0058.npy,70,9,0.12857142855306122,True
radiopaedia_27,59,/kaggle/working/scribble-uncertainty-lung-segmentation/data/scribbles/radiopaedia_27_slice_0059.npy,0,0,0.0,False
radiopaedia_29,2,/kaggle/working/scribble-uncertainty-lung-segmentation/data/scribbles/radiopaedia_29_slice_0002.npy,0,0,0.0,False
radiopaedia_29,3,/kaggle/working/scribble-uncertainty-lung-segmentation/data/scribbles/radiopaedia_29_slice_0003.npy,0,0,0.0,False
radiopaedia_29,4,/kaggle/working/scribble-uncertainty-lung-segmentation/data/scribbles/radiopaedia_29_slice_0004.npy,0,0,0.0,False
radiopaedia_29,5,/kaggle/working/scribble-uncertainty-lung-segmentation/data/scribbles/radiopaedia_29_slice_0005.npy,0,0,0.0,False
radiopaedia_29,6,/kaggle/working/scribble-uncertainty-lung-segmentation/data/scribbles/radiopaedia_29_slice_0006.npy,0,0,0.0,False
radiopaedia_29,7,/kaggle/working/scribble-uncertainty-lung-segmentation/data/scribbles/radiopaedia_29_slice_0007.npy,0,0,0.0,False
radiopaedia_29,8,/kaggle/working/scribble-uncertainty-lung-segmentation/data/scribbles/radiopaedia_29_slice_0008.npy,0,0,0.0,False
radiopaedia_29,9,/kaggle/working/scribble-uncertainty-lung-segmentation/data/scribbles/radiopaedia_29_slice_0009.npy,0,0,0.0,False
radiopaedia_29,10,/kaggle/working/scribble-uncertainty-lung-segmentation/data/scribbles/radiopaedia_29_slice_0010.npy,0,0,0.0,False
radiopaedia_29,11,/kaggle/working/scribble-uncertainty-lung-segmentation/data/scribbles/radiopaedia_29_slice_0011.npy,0,0,0.0,False
radiopaedia_29,12,/kaggle/working/scribble-uncertainty-lung-segmentation/data/scribbles/radiopaedia_29_slice_0012.npy,0,0,0.0,False
radiopaedia_29,13,/kaggle/working/scribble-uncertainty-lung-segmentation/data/scribbles/radiopaedia_29_slice_0013.npy,0,0,0.0,False
radiopaedia_29,14,/kaggle/working/scribble-uncertainty-lung-segmentation/data/scribbles/radiopaedia_29_slice_0014.npy,242,9,0.037190082643091316,True
radiopaedia_29,15,/kaggle/working/scribble-uncertainty-lung-segmentation/data/scribbles/radiopaedia_29_slice_0015.npy,325,18,0.05538461538291124,True
radiopaedia_29,16,/kaggle/working/scribble-uncertainty-lung-segmentation/data/scribbles/radiopaedia_29_slice_0016.npy,360,25,0.06944444444251544,True
radiopaedia_29,17,/kaggle/working/scribble-uncertainty-lung-segmentation/data/scribbles/radiopaedia_29_slice_0017.npy,303,18,0.05940594059209881,True
radiopaedia_29,18,/kaggle/working/scribble-uncertainty-lung-segmentation/data/scribbles/radiopaedia_29_slice_0018.npy,325,27,0.08307692307436686,True
radiopaedia_29,19,/kaggle/working/scribble-uncertainty-lung-segmentation/data/scribbles/radiopaedia_29_slice_0019.npy,490,9,0.018367346938400666,True
radiopaedia_29,20,/kaggle/working/scribble-uncertainty-lung-segmentation/data/scribbles/radiopaedia_29_slice_0020.npy,449,27,0.06013363028819301,True
radiopaedia_29,21,/kaggle/working/scribble-uncertainty-lung-segmentation/data/scribbles/radiopaedia_29_slice_0021.npy,333,9,0.027027027026215403,True
radiopaedia_29,22,/kaggle/working/scribble-uncertainty-lung-segmentation/data/scribbles/radiopaedia_29_slice_0022.npy,167,9,0.05389221556563519,True
radiopaedia_29,23,/kaggle/working/scribble-uncertainty-lung-segmentation/data/scribbles/radiopaedia_29_slice_0023.npy,0,0,0.0,False
radiopaedia_29,24,/kaggle/working/scribble-uncertainty-lung-segmentation/data/scribbles/radiopaedia_29_slice_0024.npy,0,0,0.0,False
radiopaedia_29,25,/kaggle/working/scribble-uncertainty-lung-segmentation/data/scribbles/radiopaedia_29_slice_0025.npy,0,0,0.0,False
radiopaedia_29,26,/kaggle/working/scribble-uncertainty-lung-segmentation/data/scribbles/radiopaedia_29_slice_0026.npy,0,0,0.0,False
radiopaedia_29,27,/kaggle/working/scribble-uncertainty-lung-segmentation/data/scribbles/radiopaedia_29_slice_0027.npy,0,0,0.0,False
radiopaedia_29,28,/kaggle/working/scribble-uncertainty-lung-segmentation/data/scribbles/radiopaedia_29_slice_0028.npy,0,0,0.0,False
radiopaedia_29,29,/kaggle/working/scribble-uncertainty-lung-segmentation/data/scribbles/radiopaedia_29_slice_0029.npy,0,0,0.0,False
radiopaedia_29,30,/kaggle/working/scribble-uncertainty-lung-segmentation/data/scribbles/radiopaedia_29_slice_0030.npy,0,0,0.0,False
radiopaedia_29,31,/kaggle/working/scribble-uncertainty-lung-segmentation/data/scribbles/radiopaedia_29_slice_0031.npy,0,0,0.0,False
radiopaedia_29,32,/kaggle/working/scribble-uncertainty-lung-segmentation/data/scribbles/radiopaedia_29_slice_0032.npy,0,0,0.0,False
radiopaedia_29,33,/kaggle/working/scribble-uncertainty-lung-segmentation/data/scribbles/radiopaedia_29_slice_0033.npy,0,0,0.0,False
radiopaedia_29,34,/kaggle/working/scribble-uncertainty-lung-segmentation/data/scribbles/radiopaedia_29_slice_0034.npy,0,0,0.0,False
radiopaedia_29,35,/kaggle/working/scribble-uncertainty-lung-segmentation/data/scribbles/radiopaedia_29_slice_0035.npy,0,0,0.0,False
radiopaedia_29,36,/kaggle/working/scribble-uncertainty-lung-segmentation/data/scribbles/radiopaedia_29_slice_0036.npy,0,0,0.0,False
radiopaedia_29,37,/kaggle/working/scribble-uncertainty-lung-segmentation/data/scribbles/radiopaedia_29_slice_0037.npy,0,0,0.0,False
radiopaedia_29,38,/kaggle/working/scribble-uncertainty-lung-segmentation/data/scribbles/radiopaedia_29_slice_0038.npy,0,0,0.0,False
radiopaedia_29,39,/kaggle/working/scribble-uncertainty-lung-segmentation/data/scribbles/radiopaedia_29_slice_0039.npy,0,0,0.0,False
radiopaedia_36,0,/kaggle/working/scribble-uncertainty-lung-segmentation/data/scribbles/radiopaedia_36_slice_0000.npy,176,36,0.20454545453383263,True
radiopaedia_36,1,/kaggle/working/scribble-uncertainty-lung-segmentation/data/scribbles/radiopaedia_36_slice_0001.npy,195,22,0.11282051281472714,True
radiopaedia_36,2,/kaggle/working/scribble-uncertainty-lung-segmentation/data/scribbles/radiopaedia_36_slice_0002.npy,218,51,0.23394495411770894,True
radiopaedia_36,3,/kaggle/working/scribble-uncertainty-lung-segmentation/data/scribbles/radiopaedia_36_slice_0003.npy,100,9,0.089999999991,True
radiopaedia_36,4,/kaggle/working/scribble-uncertainty-lung-segmentation/data/scribbles/radiopaedia_36_slice_0004.npy,160,30,0.18749999998828124,True
radiopaedia_36,5,/kaggle/working/scribble-uncertainty-lung-segmentation/data/scribbles/radiopaedia_36_slice_0005.npy,250,43,0.17199999999312,True
radiopaedia_36,6,/kaggle/working/scribble-uncertainty-lung-segmentation/data/scribbles/radiopaedia_36_slice_0006.npy,113,27,0.2389380530762002,True
radiopaedia_36,7,/kaggle/working/scribble-uncertainty-lung-segmentation/data/scribbles/radiopaedia_36_slice_0007.npy,107,9,0.08411214952484934,True
radiopaedia_36,8,/kaggle/working/scribble-uncertainty-lung-segmentation/data/scribbles/radiopaedia_36_slice_0008.npy,252,36,0.1428571428514739,True
radiopaedia_36,9,/kaggle/working/scribble-uncertainty-lung-segmentation/data/scribbles/radiopaedia_36_slice_0009.npy,348,64,0.18390804597172677,True
radiopaedia_36,10,/kaggle/working/scribble-uncertainty-lung-segmentation/data/scribbles/radiopaedia_36_slice_0010.npy,285,39,0.1368421052583564,True
radiopaedia_36,11,/kaggle/working/scribble-uncertainty-lung-segmentation/data/scribbles/radiopaedia_36_slice_0011.npy,179,17,0.09497206703380044,True
radiopaedia_36,12,/kaggle/working/scribble-uncertainty-lung-segmentation/data/scribbles/radiopaedia_36_slice_0012.npy,373,30,0.08042895442143622,True
radiopaedia_36,13,/kaggle/working/scribble-uncertainty-lung-segmentation/data/scribbles/radiopaedia_36_slice_0013.npy,342,54,0.15789473683748845,True
radiopaedia_36,14,/kaggle/working/scribble-uncertainty-lung-segmentation/data/scribbles/radiopaedia_36_slice_0014.npy,655,105,0.16030534350900297,True
radiopaedia_36,15,/kaggle/working/scribble-uncertainty-lung-segmentation/data/scribbles/radiopaedia_36_slice_0015.npy,951,153,0.16088328075540606,True
radiopaedia_36,16,/kaggle/working/scribble-uncertainty-lung-segmentation/data/scribbles/radiopaedia_36_slice_0016.npy,957,117,0.12225705329025854,True
radiopaedia_36,17,/kaggle/working/scribble-uncertainty-lung-segmentation/data/scribbles/radiopaedia_36_slice_0017.npy,932,141,0.15128755364644542,True
radiopaedia_36,18,/kaggle/working/scribble-uncertainty-lung-segmentation/data/scribbles/radiopaedia_36_slice_0018.npy,711,53,0.07454289732665903,True
radiopaedia_36,19,/kaggle/working/scribble-uncertainty-lung-segmentation/data/scribbles/radiopaedia_36_slice_0019.npy,512,77,0.15039062499706268,True
radiopaedia_36,20,/kaggle/working/scribble-uncertainty-lung-segmentation/data/scribbles/radiopaedia_36_slice_0020.npy,457,101,0.2210065645465863,True
radiopaedia_36,21,/kaggle/working/scribble-uncertainty-lung-segmentation/data/scribbles/radiopaedia_36_slice_0021.npy,430,60,0.13953488371768524,True
radiopaedia_36,22,/kaggle/working/scribble-uncertainty-lung-segmentation/data/scribbles/radiopaedia_36_slice_0022.npy,350,58,0.16571428570955102,True
radiopaedia_36,23,/kaggle/working/scribble-uncertainty-lung-segmentation/data/scribbles/radiopaedia_36_slice_0023.npy,238,49,0.20588235293252594,True
radiopaedia_36,24,/kaggle/working/scribble-uncertainty-lung-segmentation/data/scribbles/radiopaedia_36_slice_0024.npy,242,34,0.1404958677627894,True
radiopaedia_36,25,/kaggle/working/scribble-uncertainty-lung-segmentation/data/scribbles/radiopaedia_36_slice_0025.npy,278,39,0.14028776977912633,True
radiopaedia_36,26,/kaggle/working/scribble-uncertainty-lung-segmentation/data/scribbles/radiopaedia_36_slice_0026.npy,258,48,0.18604651162069585,True
radiopaedia_36,27,/kaggle/working/scribble-uncertainty-lung-segmentation/data/scribbles/radiopaedia_36_slice_0027.npy,201,23,0.11442786069082447,True
radiopaedia_36,28,/kaggle/working/scribble-uncertainty-lung-segmentation/data/scribbles/radiopaedia_36_slice_0028.npy,110,23,0.20909090907190084,True
radiopaedia_36,29,/kaggle/working/scribble-uncertainty-lung-segmentation/data/scribbles/radiopaedia_36_slice_0029.npy,178,27,0.15168539324990532,True
radiopaedia_36,30,/kaggle/working/scribble-uncertainty-lung-segmentation/data/scribbles/radiopaedia_36_slice_0030.npy,160,27,0.16874999998945311,True
radiopaedia_36,31,/kaggle/working/scribble-uncertainty-lung-segmentation/data/scribbles/radiopaedia_36_slice_0031.npy,149,30,0.2013422818656817,True
radiopaedia_36,32,/kaggle/working/scribble-uncertainty-lung-segmentation/data/scribbles/radiopaedia_36_slice_0032.npy,152,18,0.11842105262378808,True
radiopaedia_36,33,/kaggle/working/scribble-uncertainty-lung-segmentation/data/scribbles/radiopaedia_36_slice_0033.npy,0,0,0.0,False
radiopaedia_36,34,/kaggle/working/scribble-uncertainty-lung-segmentation/data/scribbles/radiopaedia_36_slice_0034.npy,0,0,0.0,False
radiopaedia_36,35,/kaggle/working/scribble-uncertainty-lung-segmentation/data/scribbles/radiopaedia_36_slice_0035.npy,0,0,0.0,False
radiopaedia_36,36,/kaggle/working/scribble-uncertainty-lung-segmentation/data/scribbles/radiopaedia_36_slice_0036.npy,0,0,0.0,False
radiopaedia_36,37,/kaggle/working/scribble-uncertainty-lung-segmentation/data/scribbles/radiopaedia_36_slice_0037.npy,0,0,0.0,False
radiopaedia_36,38,/kaggle/working/scribble-uncertainty-lung-segmentation/data/scribbles/radiopaedia_36_slice_0038.npy,0,0,0.0,False
radiopaedia_36,39,/kaggle/working/scribble-uncertainty-lung-segmentation/data/scribbles/radiopaedia_36_slice_0039.npy,0,0,0.0,False
radiopaedia_36,40,/kaggle/working/scribble-uncertainty-lung-segmentation/data/scribbles/radiopaedia_36_slice_0040.npy,0,0,0.0,False
radiopaedia_36,41,/kaggle/working/scribble-uncertainty-lung-segmentation/data/scribbles/radiopaedia_36_slice_0041.npy,10,9,0.8999999991,True
radiopaedia_36,42,/kaggle/working/scribble-uncertainty-lung-segmentation/data/scribbles/radiopaedia_36_slice_0042.npy,0,0,0.0,False
radiopaedia_36,43,/kaggle/working/scribble-uncertainty-lung-segmentation/data/scribbles/radiopaedia_36_slice_0043.npy,0,0,0.0,False
radiopaedia_36,44,/kaggle/working/scribble-uncertainty-lung-segmentation/data/scribbles/radiopaedia_36_slice_0044.npy,0,0,0.0,False
radiopaedia_4,4,/kaggle/working/scribble-uncertainty-lung-segmentation/data/scribbles/radiopaedia_4_slice_0004.npy,78,18,0.23076923073964498,True
radiopaedia_4,5,/kaggle/working/scribble-uncertainty-lung-segmentation/data/scribbles/radiopaedia_4_slice_0005.npy,271,95,0.3505535055221198,True
radiopaedia_4,6,/kaggle/working/scribble-uncertainty-lung-segmentation/data/scribbles/radiopaedia_4_slice_0006.npy,812,150,0.18472906403713388,True
radiopaedia_4,7,/kaggle/working/scribble-uncertainty-lung-segmentation/data/scribbles/radiopaedia_4_slice_0007.npy,1469,233,0.15861130020314085,True
radiopaedia_4,8,/kaggle/working/scribble-uncertainty-lung-segmentation/data/scribbles/radiopaedia_4_slice_0008.npy,2551,360,0.14112112896847856,True
radiopaedia_4,9,/kaggle/working/scribble-uncertainty-lung-segmentation/data/scribbles/radiopaedia_4_slice_0009.npy,3577,411,0.11490075482215571,True
radiopaedia_4,10,/kaggle/working/scribble-uncertainty-lung-segmentation/data/scribbles/radiopaedia_4_slice_0010.npy,4562,464,0.10170977641363063,True
radiopaedia_4,11,/kaggle/working/scribble-uncertainty-lung-segmentation/data/scribbles/radiopaedia_4_slice_0011.npy,6029,409,0.06783877923359125,True
radiopaedia_4,12,/kaggle/working/scribble-uncertainty-lung-segmentation/data/scribbles/radiopaedia_4_slice_0012.npy,6120,500,0.08169934640509527,True
radiopaedia_4,13,/kaggle/working/scribble-uncertainty-lung-segmentation/data/scribbles/radiopaedia_4_slice_0013.npy,6298,633,0.10050809780866861,True
radiopaedia_4,14,/kaggle/working/scribble-uncertainty-lung-segmentation/data/scribbles/radiopaedia_4_slice_0014.npy,5033,539,0.10709318497892491,True
radiopaedia_4,15,/kaggle/working/scribble-uncertainty-lung-segmentation/data/scribbles/radiopaedia_4_slice_0015.npy,5316,491,0.0923626787056201,True
radiopaedia_4,16,/kaggle/working/scribble-uncertainty-lung-segmentation/data/scribbles/radiopaedia_4_slice_0016.npy,4766,492,0.10323122114959457,True
radiopaedia_4,17,/kaggle/working/scribble-uncertainty-lung-segmentation/data/scribbles/radiopaedia_4_slice_0017.npy,3676,398,0.10826985854159883,True
radiopaedia_4,18,/kaggle/working/scribble-uncertainty-lung-segmentation/data/scribbles/radiopaedia_4_slice_0018.npy,4001,421,0.10522369407621789,True
radiopaedia_4,19,/kaggle/working/scribble-uncertainty-lung-segmentation/data/scribbles/radiopaedia_4_slice_0019.npy,3438,321,0.09336823734702336,True
radiopaedia_4,20,/kaggle/working/scribble-uncertainty-lung-segmentation/data/scribbles/radiopaedia_4_slice_0020.npy,2579,237,0.09189608375303647,True
radiopaedia_4,21,/kaggle/working/scribble-uncertainty-lung-segmentation/data/scribbles/radiopaedia_4_slice_0021.npy,2033,193,0.09493359567095459,True
radiopaedia_4,22,/kaggle/working/scribble-uncertainty-lung-segmentation/data/scribbles/radiopaedia_4_slice_0022.npy,1646,179,0.10874848116580348,True
radiopaedia_4,23,/kaggle/working/scribble-uncertainty-lung-segmentation/data/scribbles/radiopaedia_4_slice_0023.npy,1272,151,0.11871069182296612,True
radiopaedia_4,24,/kaggle/working/scribble-uncertainty-lung-segmentation/data/scribbles/radiopaedia_4_slice_0024.npy,933,98,0.10503751339651621,True
radiopaedia_4,25,/kaggle/working/scribble-uncertainty-lung-segmentation/data/scribbles/radiopaedia_4_slice_0025.npy,843,72,0.08540925266802599,True
radiopaedia_4,26,/kaggle/working/scribble-uncertainty-lung-segmentation/data/scribbles/radiopaedia_4_slice_0026.npy,625,36,0.0575999999990784,True
radiopaedia_4,27,/kaggle/working/scribble-uncertainty-lung-segmentation/data/scribbles/radiopaedia_4_slice_0027.npy,551,45,0.08166969146857224,True
radiopaedia_4,28,/kaggle/working/scribble-uncertainty-lung-segmentation/data/scribbles/radiopaedia_4_slice_0028.npy,72,9,0.1249999999826389,True
radiopaedia_4,29,/kaggle/working/scribble-uncertainty-lung-segmentation/data/scribbles/radiopaedia_4_slice_0029.npy,76,9,0.11842105261599724,True
radiopaedia_4,30,/kaggle/working/scribble-uncertainty-lung-segmentation/data/scribbles/radiopaedia_4_slice_0030.npy,0,0,0.0,False
radiopaedia_4,31,/kaggle/working/scribble-uncertainty-lung-segmentation/data/scribbles/radiopaedia_4_slice_0031.npy,0,0,0.0,False
radiopaedia_4,32,/kaggle/working/scribble-uncertainty-lung-segmentation/data/scribbles/radiopaedia_4_slice_0032.npy,0,0,0.0,False
radiopaedia_4,33,/kaggle/working/scribble-uncertainty-lung-segmentation/data/scribbles/radiopaedia_4_slice_0033.npy,0,0,0.0,False
radiopaedia_4,34,/kaggle/working/scribble-uncertainty-lung-segmentation/data/scribbles/radiopaedia_4_slice_0034.npy,0,0,0.0,False
radiopaedia_4,35,/kaggle/working/scribble-uncertainty-lung-segmentation/data/scribbles/radiopaedia_4_slice_0035.npy,0,0,0.0,False
radiopaedia_40,9,/kaggle/working/scribble-uncertainty-lung-segmentation/data/scribbles/radiopaedia_40_slice_0009.npy,0,0,0.0,False
radiopaedia_40,10,/kaggle/working/scribble-uncertainty-lung-segmentation/data/scribbles/radiopaedia_40_slice_0010.npy,0,0,0.0,False
radiopaedia_40,11,/kaggle/working/scribble-uncertainty-lung-segmentation/data/scribbles/radiopaedia_40_slice_0011.npy,93,27,0.29032258061394384,True
radiopaedia_40,12,/kaggle/working/scribble-uncertainty-lung-segmentation/data/scribbles/radiopaedia_40_slice_0012.npy,204,51,0.24999999998774508,True
radiopaedia_40,13,/kaggle/working/scribble-uncertainty-lung-segmentation/data/scribbles/radiopaedia_40_slice_0013.npy,257,56,0.21789883267634635,True
radiopaedia_40,14,/kaggle/working/scribble-uncertainty-lung-segmentation/data/scribbles/radiopaedia_40_slice_0014.npy,475,74,0.15578947368093074,True
radiopaedia_40,15,/kaggle/working/scribble-uncertainty-lung-segmentation/data/scribbles/radiopaedia_40_slice_0015.npy,555,81,0.14594594594331628,True
radiopaedia_40,16,/kaggle/working/scribble-uncertainty-lung-segmentation/data/scribbles/radiopaedia_40_slice_0016.npy,750,70,0.09333333333208889,True
radiopaedia_40,17,/kaggle/working/scribble-uncertainty-lung-segmentation/data/scribbles/radiopaedia_40_slice_0017.npy,815,72,0.08834355828112461,True
radiopaedia_40,18,/kaggle/working/scribble-uncertainty-lung-segmentation/data/scribbles/radiopaedia_40_slice_0018.npy,984,84,0.08536585365766905,True
radiopaedia_40,19,/kaggle/working/scribble-uncertainty-lung-segmentation/data/scribbles/radiopaedia_40_slice_0019.npy,1277,142,0.1111981205942741,True
radiopaedia_40,20,/kaggle/working/scribble-uncertainty-lung-segmentation/data/scribbles/radiopaedia_40_slice_0020.npy,1375,208,0.1512727272716271,True
radiopaedia_40,21,/kaggle/working/scribble-uncertainty-lung-segmentation/data/scribbles/radiopaedia_40_slice_0021.npy,1808,254,0.1404867256629398,True
radiopaedia_40,22,/kaggle/working/scribble-uncertainty-lung-segmentation/data/scribbles/radiopaedia_40_slice_0022.npy,2030,297,0.14630541871849112,True
radiopaedia_40,23,/kaggle/working/scribble-uncertainty-lung-segmentation/data/scribbles/radiopaedia_40_slice_0023.npy,2366,286,0.12087912087860998,True
radiopaedia_40,24,/kaggle/working/scribble-uncertainty-lung-segmentation/data/scribbles/radiopaedia_40_slice_0024.npy,2848,400,0.14044943820175404,True
radiopaedia_40,25,/kaggle/working/scribble-uncertainty-lung-segmentation/data/scribbles/radiopaedia_40_slice_0025.npy,3685,443,0.12021709633617308,True
radiopaedia_40,26,/kaggle/working/scribble-uncertainty-lung-segmentation/data/scribbles/radiopaedia_40_slice_0026.npy,4407,492,0.11164057181730964,True
radiopaedia_40,27,/kaggle/working/scribble-uncertainty-lung-segmentation/data/scribbles/radiopaedia_40_slice_0027.npy,5351,614,0.11474490749371194,True
radiopaedia_40,28,/kaggle/working/scribble-uncertainty-lung-segmentation/data/scribbles/radiopaedia_40_slice_0028.npy,6168,641,0.10392347600501958,True
radiopaedia_40,29,/kaggle/working/scribble-uncertainty-lung-segmentation/data/scribbles/radiopaedia_40_slice_0029.npy,6330,630,0.09952606635055368,True
radiopaedia_40,30,/kaggle/working/scribble-uncertainty-lung-segmentation/data/scribbles/radiopaedia_40_slice_0030.npy,6267,581,0.09270783468949624,True
radiopaedia_40,31,/kaggle/working/scribble-uncertainty-lung-segmentation/data/scribbles/radiopaedia_40_slice_0031.npy,6280,731,0.11640127388516497,True
radiopaedia_40,32,/kaggle/working/scribble-uncertainty-lung-segmentation/data/scribbles/radiopaedia_40_slice_0032.npy,6552,574,0.0876068376067039,True
radiopaedia_40,33,/kaggle/working/scribble-uncertainty-lung-segmentation/data/scribbles/radiopaedia_40_slice_0033.npy,5889,510,0.08660213958212498,True
radiopaedia_40,34,/kaggle/working/scribble-uncertainty-lung-segmentation/data/scribbles/radiopaedia_40_slice_0034.npy,5830,636,0.10909090909072197,True
radiopaedia_40,35,/kaggle/working/scribble-uncertainty-lung-segmentation/data/scribbles/radiopaedia_40_slice_0035.npy,6073,449,0.07393380536790066,True
radiopaedia_40,36,/kaggle/working/scribble-uncertainty-lung-segmentation/data/scribbles/radiopaedia_40_slice_0036.npy,5924,500,0.08440243078986427,True
radiopaedia_40,37,/kaggle/working/scribble-uncertainty-lung-segmentation/data/scribbles/radiopaedia_40_slice_0037.npy,5718,510,0.08919202518347466,True
radiopaedia_40,38,/kaggle/working/scribble-uncertainty-lung-segmentation/data/scribbles/radiopaedia_40_slice_0038.npy,5306,505,0.09517527327535776,True
radiopaedia_40,39,/kaggle/working/scribble-uncertainty-lung-segmentation/data/scribbles/radiopaedia_40_slice_0039.npy,5407,536,0.09913075642667074,True
radiopaedia_40,40,/kaggle/working/scribble-uncertainty-lung-segmentation/data/scribbles/radiopaedia_40_slice_0040.npy,5682,525,0.09239704329445196,True
radiopaedia_40,41,/kaggle/working/scribble-uncertainty-lung-segmentation/data/scribbles/radiopaedia_40_slice_0041.npy,5247,577,0.10996760053342869,True
radiopaedia_40,42,/kaggle/working/scribble-uncertainty-lung-segmentation/data/scribbles/radiopaedia_40_slice_0042.npy,5098,441,0.08650451157299627,True
radiopaedia_40,43,/kaggle/working/scribble-uncertainty-lung-segmentation/data/scribbles/radiopaedia_40_slice_0043.npy,5237,440,0.08401756730936792,True
radiopaedia_40,44,/kaggle/working/scribble-uncertainty-lung-segmentation/data/scribbles/radiopaedia_40_slice_0044.npy,5485,470,0.08568824065617923,True
radiopaedia_40,45,/kaggle/working/scribble-uncertainty-lung-segmentation/data/scribbles/radiopaedia_40_slice_0045.npy,5530,434,0.07848101265808594,True
radiopaedia_40,46,/kaggle/working/scribble-uncertainty-lung-segmentation/data/scribbles/radiopaedia_40_slice_0046.npy,5272,397,0.07530349013642773,True
radiopaedia_40,47,/kaggle/working/scribble-uncertainty-lung-segmentation/data/scribbles/radiopaedia_40_slice_0047.npy,5393,536,0.09938809567940035,True
radiopaedia_40,48,/kaggle/working/scribble-uncertainty-lung-segmentation/data/scribbles/radiopaedia_40_slice_0048.npy,5720,554,0.09685314685297754,True
radiopaedia_40,49,/kaggle/working/scribble-uncertainty-lung-segmentation/data/scribbles/radiopaedia_40_slice_0049.npy,5596,536,0.09578270192977881,True
radiopaedia_40,50,/kaggle/working/scribble-uncertainty-lung-segmentation/data/scribbles/radiopaedia_40_slice_0050.npy,5370,609,0.11340782122883909,True
radiopaedia_40,51,/kaggle/working/scribble-uncertainty-lung-segmentation/data/scribbles/radiopaedia_40_slice_0051.npy,5082,504,0.09917355371881312,True
radiopaedia_40,52,/kaggle/working/scribble-uncertainty-lung-segmentation/data/scribbles/radiopaedia_40_slice_0052.npy,5143,618,0.12016332879618868,True
radiopaedia_40,53,/kaggle/working/scribble-uncertainty-lung-segmentation/data/scribbles/radiopaedia_40_slice_0053.npy,4877,631,0.12938281730545545,True
radiopaedia_40,54,/kaggle/working/scribble-uncertainty-lung-segmentation/data/scribbles/radiopaedia_40_slice_0054.npy,4944,672,0.13592233009681245,True
radiopaedia_40,55,/kaggle/working/scribble-uncertainty-lung-segmentation/data/scribbles/radiopaedia_40_slice_0055.npy,5045,656,0.13002973240806734,True
radiopaedia_40,56,/kaggle/working/scribble-uncertainty-lung-segmentation/data/scribbles/radiopaedia_40_slice_0056.npy,5116,586,0.1145426114149442,True
radiopaedia_40,57,/kaggle/working/scribble-uncertainty-lung-segmentation/data/scribbles/radiopaedia_40_slice_0057.npy,4948,748,0.1511721907838497,True
radiopaedia_40,58,/kaggle/working/scribble-uncertainty-lung-segmentation/data/scribbles/radiopaedia_40_slice_0058.npy,4663,643,0.1378940596179758,True
radiopaedia_40,59,/kaggle/working/scribble-uncertainty-lung-segmentation/data/scribbles/radiopaedia_40_slice_0059.npy,4196,683,0.16277407054298673,True
radiopaedia_40,60,/kaggle/working/scribble-uncertainty-lung-segmentation/data/scribbles/radiopaedia_40_slice_0060.npy,3964,622,0.15691220988860516,True
radiopaedia_40,61,/kaggle/working/scribble-uncertainty-lung-segmentation/data/scribbles/radiopaedia_40_slice_0061.npy,3861,515,0.1333851333847879,True
radiopaedia_40,62,/kaggle/working/scribble-uncertainty-lung-segmentation/data/scribbles/radiopaedia_40_slice_0062.npy,3750,468,0.1247999999996672,True
radiopaedia_40,63,/kaggle/working/scribble-uncertainty-lung-segmentation/data/scribbles/radiopaedia_40_slice_0063.npy,3385,477,0.14091580502174028,True
radiopaedia_40,64,/kaggle/working/scribble-uncertainty-lung-segmentation/data/scribbles/radiopaedia_40_slice_0064.npy,2780,482,0.1733812949634051,True
radiopaedia_40,65,/kaggle/working/scribble-uncertainty-lung-segmentation/data/scribbles/radiopaedia_40_slice_0065.npy,2886,470,0.16285516285459856,True
radiopaedia_40,66,/kaggle/working/scribble-uncertainty-lung-segmentation/data/scribbles/radiopaedia_40_slice_0066.npy,2687,393,0.14625976925885278,True
radiopaedia_40,67,/kaggle/working/scribble-uncertainty-lung-segmentation/data/scribbles/radiopaedia_40_slice_0067.npy,2679,449,0.16759985068993058,True
radiopaedia_40,68,/kaggle/working/scribble-uncertainty-lung-segmentation/data/scribbles/radiopaedia_40_slice_0068.npy,3186,476,0.14940364092859573,True
radiopaedia_40,69,/kaggle/working/scribble-uncertainty-lung-segmentation/data/scribbles/radiopaedia_40_slice_0069.npy,3085,412,0.13354943273862707,True
radiopaedia_40,70,/kaggle/working/scribble-uncertainty-lung-segmentation/data/scribbles/radiopaedia_40_slice_0070.npy,2874,372,0.1294363256780465,True
radiopaedia_40,71,/kaggle/working/scribble-uncertainty-lung-segmentation/data/scribbles/radiopaedia_40_slice_0071.npy,2455,305,0.1242362525453188,True
radiopaedia_40,72,/kaggle/working/scribble-uncertainty-lung-segmentation/data/scribbles/radiopaedia_40_slice_0072.npy,2102,251,0.11941008563216265,True
radiopaedia_40,73,/kaggle/working/scribble-uncertainty-lung-segmentation/data/scribbles/radiopaedia_40_slice_0073.npy,1825,256,0.1402739726019711,True
radiopaedia_40,74,/kaggle/working/scribble-uncertainty-lung-segmentation/data/scribbles/radiopaedia_40_slice_0074.npy,1522,188,0.12352168199656031,True
radiopaedia_40,75,/kaggle/working/scribble-uncertainty-lung-segmentation/data/scribbles/radiopaedia_40_slice_0075.npy,1382,186,0.13458755426820126,True
radiopaedia_40,76,/kaggle/working/scribble-uncertainty-lung-segmentation/data/scribbles/radiopaedia_40_slice_0076.npy,933,110,0.1178992497307835,True
radiopaedia_40,77,/kaggle/working/scribble-uncertainty-lung-segmentation/data/scribbles/radiopaedia_40_slice_0077.npy,880,92,0.10454545454426653,True
radiopaedia_40,78,/kaggle/working/scribble-uncertainty-lung-segmentation/data/scribbles/radiopaedia_40_slice_0078.npy,794,68,0.08564231737927402,True
radiopaedia_40,79,/kaggle/working/scribble-uncertainty-lung-segmentation/data/scribbles/radiopaedia_40_slice_0079.npy,802,89,0.11097256857716992,True
radiopaedia_40,80,/kaggle/working/scribble-uncertainty-lung-segmentation/data/scribbles/radiopaedia_40_slice_0080.npy,625,100,0.15999999999744,True
radiopaedia_40,81,/kaggle/working/scribble-uncertainty-lung-segmentation/data/scribbles/radiopaedia_40_slice_0081.npy,538,88,0.16356877323116042,True
radiopaedia_40,82,/kaggle/working/scribble-uncertainty-lung-segmentation/data/scribbles/radiopaedia_40_slice_0082.npy,379,57,0.15039577836014786,True
radiopaedia_40,83,/kaggle/working/scribble-uncertainty-lung-segmentation/data/scribbles/radiopaedia_40_slice_0083.npy,0,0,0.0,False
radiopaedia_7,1,/kaggle/working/scribble-uncertainty-lung-segmentation/data/scribbles/radiopaedia_7_slice_0001.npy,0,0,0.0,False
radiopaedia_7,2,/kaggle/working/scribble-uncertainty-lung-segmentation/data/scribbles/radiopaedia_7_slice_0002.npy,0,0,0.0,False
radiopaedia_7,3,/kaggle/working/scribble-uncertainty-lung-segmentation/data/scribbles/radiopaedia_7_slice_0003.npy,97,18,0.18556701029014774,True
radiopaedia_7,4,/kaggle/working/scribble-uncertainty-lung-segmentation/data/scribbles/radiopaedia_7_slice_0004.npy,190,25,0.13157894736149583,True
radiopaedia_7,5,/kaggle/working/scribble-uncertainty-lung-segmentation/data/scribbles/radiopaedia_7_slice_0005.npy,500,81,0.16199999999675999,True
radiopaedia_7,6,/kaggle/working/scribble-uncertainty-lung-segmentation/data/scribbles/radiopaedia_7_slice_0006.npy,566,119,0.21024734981960694,True
radiopaedia_7,7,/kaggle/working/scribble-uncertainty-lung-segmentation/data/scribbles/radiopaedia_7_slice_0007.npy,549,109,0.1985428050965657,True
radiopaedia_7,8,/kaggle/working/scribble-uncertainty-lung-segmentation/data/scribbles/radiopaedia_7_slice_0008.npy,519,105,0.20231213872442558,True
radiopaedia_7,9,/kaggle/working/scribble-uncertainty-lung-segmentation/data/scribbles/radiopaedia_7_slice_0009.npy,588,125,0.21258503400999004,True
radiopaedia_7,10,/kaggle/working/scribble-uncertainty-lung-segmentation/data/scribbles/radiopaedia_7_slice_0010.npy,747,112,0.14993306559370906,True
radiopaedia_7,11,/kaggle/working/scribble-uncertainty-lung-segmentation/data/scribbles/radiopaedia_7_slice_0011.npy,987,112,0.11347517730381484,True
radiopaedia_7,12,/kaggle/working/scribble-uncertainty-lung-segmentation/data/scribbles/radiopaedia_7_slice_0012.npy,1025,119,0.11609756097447711,True
radiopaedia_7,13,/kaggle/working/scribble-uncertainty-lung-segmentation/data/scribbles/radiopaedia_7_slice_0013.npy,942,143,0.15180467091133965,True
radiopaedia_7,14,/kaggle/working/scribble-uncertainty-lung-segmentation/data/scribbles/radiopaedia_7_slice_0014.npy,1063,125,0.11759172154169717,True
radiopaedia_7,15,/kaggle/working/scribble-uncertainty-lung-segmentation/data/scribbles/radiopaedia_7_slice_0015.npy,856,100,0.11682242990517731,True
radiopaedia_7,16,/kaggle/working/scribble-uncertainty-lung-segmentation/data/scribbles/radiopaedia_7_slice_0016.npy,1210,112,0.09256198347030942,True
radiopaedia_7,17,/kaggle/working/scribble-uncertainty-lung-segmentation/data/scribbles/radiopaedia_7_slice_0017.npy,1299,107,0.08237105465679469,True
radiopaedia_7,18,/kaggle/working/scribble-uncertainty-lung-segmentation/data/scribbles/radiopaedia_7_slice_0018.npy,1288,140,0.10869565217306915,True
radiopaedia_7,19,/kaggle/working/scribble-uncertainty-lung-segmentation/data/scribbles/radiopaedia_7_slice_0019.npy,1211,135,0.11147811725754354,True
radiopaedia_7,20,/kaggle/working/scribble-uncertainty-lung-segmentation/data/scribbles/radiopaedia_7_slice_0020.npy,784,94,0.11989795918214416,True
radiopaedia_7,21,/kaggle/working/scribble-uncertainty-lung-segmentation/data/scribbles/radiopaedia_7_slice_0021.npy,849,111,0.13074204946842471,True
radiopaedia_7,22,/kaggle/working/scribble-uncertainty-lung-segmentation/data/scribbles/radiopaedia_7_slice_0022.npy,854,123,0.14402810304280997,True
radiopaedia_7,23,/kaggle/working/scribble-uncertainty-lung-segmentation/data/scribbles/radiopaedia_7_slice_0023.npy,1244,117,0.09405144694458159,True
radiopaedia_7,24,/kaggle/working/scribble-uncertainty-lung-segmentation/data/scribbles/radiopaedia_7_slice_0024.npy,1069,135,0.12628624882950154,True
radiopaedia_7,25,/kaggle/working/scribble-uncertainty-lung-segmentation/data/scribbles/radiopaedia_7_slice_0025.npy,1204,147,0.1220930232547999,True
radiopaedia_7,26,/kaggle/working/scribble-uncertainty-lung-segmentation/data/scribbles/radiopaedia_7_slice_0026.npy,1076,119,0.11059479553800564,True
radiopaedia_7,27,/kaggle/working/scribble-uncertainty-lung-segmentation/data/scribbles/radiopaedia_7_slice_0027.npy,1296,149,0.11496913580158204,True
radiopaedia_7,28,/kaggle/working/scribble-uncertainty-lung-segmentation/data/scribbles/radiopaedia_7_slice_0028.npy,1529,156,0.10202746893327648,True
radiopaedia_7,29,/kaggle/working/scribble-uncertainty-lung-segmentation/data/scribbles/radiopaedia_7_slice_0029.npy,2017,169,0.08378780366839966,True
radiopaedia_7,30,/kaggle/working/scribble-uncertainty-lung-segmentation/data/scribbles/radiopaedia_7_slice_0030.npy,2893,251,0.0867611475973496,True
radiopaedia_7,31,/kaggle/working/scribble-uncertainty-lung-segmentation/data/scribbles/radiopaedia_7_slice_0031.npy,3414,251,0.0735207967191754,True
radiopaedia_7,32,/kaggle/working/scribble-uncertainty-lung-segmentation/data/scribbles/radiopaedia_7_slice_0032.npy,3843,268,0.06973718449110139,True
radiopaedia_7,33,/kaggle/working/scribble-uncertainty-lung-segmentation/data/scribbles/radiopaedia_7_slice_0033.npy,3730,278,0.0745308310989959,True
radiopaedia_7,34,/kaggle/working/scribble-uncertainty-lung-segmentation/data/scribbles/radiopaedia_7_slice_0034.npy,4460,148,0.03318385650216775,True
radiopaedia_7,35,/kaggle/working/scribble-uncertainty-lung-segmentation/data/scribbles/radiopaedia_7_slice_0035.npy,4128,169,0.04093992248052098,True
radiopaedia_7,36,/kaggle/working/scribble-uncertainty-lung-segmentation/data/scribbles/radiopaedia_7_slice_0036.npy,3672,188,0.05119825708047059,True
radiopaedia_7,37,/kaggle/working/scribble-uncertainty-lung-segmentation/data/scribbles/radiopaedia_7_slice_0037.npy,3508,180,0.051311288483320096,True
radiopaedia_7,38,/kaggle/working/scribble-uncertainty-lung-segmentation/data/scribbles/radiopaedia_7_slice_0038.npy,2903,137,0.04719255942112576,True
radiopaedia_7,39,/kaggle/working/scribble-uncertainty-lung-segmentation/data/scribbles/radiopaedia_7_slice_0039.npy,2217,145,0.06540369869163101,True
radiopaedia_7,40,/kaggle/working/scribble-uncertainty-lung-segmentation/data/scribbles/radiopaedia_7_slice_0040.npy,1696,143,0.08431603773535191,True
radiopaedia_7,41,/kaggle/working/scribble-uncertainty-lung-segmentation/data/scribbles/radiopaedia_7_slice_0041.npy,857,86,0.10035005834188623,True
radiopaedia_7,42,/kaggle/working/scribble-uncertainty-lung-segmentation/data/scribbles/radiopaedia_7_slice_0042.npy,225,36,0.15999999999288889,True
radiopaedia_7,43,/kaggle/working/scribble-uncertainty-lung-segmentation/data/scribbles/radiopaedia_7_slice_0043.npy,29,9,0.31034482747919145,True
