case_id,slice_idx,pseudo_path,confidence_path,probability_path,teacher_threshold,teacher_min_area,pseudo_pixels,confidence_pixels,scribble_pixels,gt_pixels,pseudo_dice_against_gt_for_analysis_only,has_infection
coronacases_002,7,/kaggle/working/scribble-uncertainty-lung-segmentation/data/pseudo_labels/teacher_tta_labels/coronacases_002_slice_0007.npy,/kaggle/working/scribble-uncertainty-lung-segmentation/data/pseudo_labels/teacher_tta_confidence/coronacases_002_slice_0007.npy,/kaggle/working/scribble-uncertainty-lung-segmentation/outputs/predictions/teacher_tta_probabilities/coronacases_002_slice_0007.npy,0.05,0,0,65536,0,0,1.0,False
coronacases_002,8,/kaggle/working/scribble-uncertainty-lung-segmentation/data/pseudo_labels/teacher_tta_labels/coronacases_002_slice_0008.npy,/kaggle/working/scribble-uncertainty-lung-segmentation/data/pseudo_labels/teacher_tta_confidence/coronacases_002_slice_0008.npy,/kaggle/working/scribble-uncertainty-lung-segmentation/outputs/predictions/teacher_tta_probabilities/coronacases_002_slice_0008.npy,0.05,0,0,65536,0,0,1.0,False
coronacases_002,9,/kaggle/working/scribble-uncertainty-lung-segmentation/data/pseudo_labels/teacher_tta_labels/coronacases_002_slice_0009.npy,/kaggle/working/scribble-uncertainty-lung-segmentation/data/pseudo_labels/teacher_tta_confidence/coronacases_002_slice_0009.npy,/kaggle/working/scribble-uncertainty-lung-segmentation/outputs/predictions/teacher_tta_probabilities/coronacases_002_slice_0009.npy,0.05,0,0,65536,0,0,1.0,False
coronacases_002,10,/kaggle/working/scribble-uncertainty-lung-segmentation/data/pseudo_labels/teacher_tta_labels/coronacases_002_slice_0010.npy,/kaggle/working/scribble-uncertainty-lung-segmentation/data/pseudo_labels/teacher_tta_confidence/coronacases_002_slice_0010.npy,/kaggle/working/scribble-uncertainty-lung-segmentation/outputs/predictions/teacher_tta_probabilities/coronacases_002_slice_0010.npy,0.05,0,0,65536,0,0,1.0,False
coronacases_002,11,/kaggle/working/scribble-uncertainty-lung-segmentation/data/pseudo_labels/teacher_tta_labels/coronacases_002_slice_0011.npy,/kaggle/working/scribble-uncertainty-lung-segmentation/data/pseudo_labels/teacher_tta_confidence/coronacases_002_slice_0011.npy,/kaggle/working/scribble-uncertainty-lung-segmentation/outputs/predictions/teacher_tta_probabilities/coronacases_002_slice_0011.npy,0.05,0,0,65536,0,0,1.0,False
coronacases_002,12,/kaggle/working/scribble-uncertainty-lung-segmentation/data/pseudo_labels/teacher_tta_labels/coronacases_002_slice_0012.npy,/kaggle/working/scribble-uncertainty-lung-segmentation/data/pseudo_labels/teacher_tta_confidence/coronacases_002_slice_0012.npy,/kaggle/working/scribble-uncertainty-lung-segmentation/outputs/predictions/teacher_tta_probabilities/coronacases_002_slice_0012.npy,0.05,0,0,65536,0,0,1.0,False
coronacases_002,13,/kaggle/working/scribble-uncertainty-lung-segmentation/data/pseudo_labels/teacher_tta_labels/coronacases_002_slice_0013.npy,/kaggle/working/scribble-uncertainty-lung-segmentation/data/pseudo_labels/teacher_tta_confidence/coronacases_002_slice_0013.npy,/kaggle/working/scribble-uncertainty-lung-segmentation/outputs/predictions/teacher_tta_probabilities/coronacases_002_slice_0013.npy,0.05,0,0,65536,0,0,1.0,False
coronacases_002,14,/kaggle/working/scribble-uncertainty-lung-segmentation/data/pseudo_labels/teacher_tta_labels/coronacases_002_slice_0014.npy,/kaggle/working/scribble-uncertainty-lung-segmentation/data/pseudo_labels/teacher_tta_confidence/coronacases_002_slice_0014.npy,/kaggle/working/scribble-uncertainty-lung-segmentation/outputs/predictions/teacher_tta_probabilities/coronacases_002_slice_0014.npy,0.05,0,0,65536,0,0,1.0,False
coronacases_002,15,/kaggle/working/scribble-uncertainty-lung-segmentation/data/pseudo_labels/teacher_tta_labels/coronacases_002_slice_0015.npy,/kaggle/working/scribble-uncertainty-lung-segmentation/data/pseudo_labels/teacher_tta_confidence/coronacases_002_slice_0015.npy,/kaggle/working/scribble-uncertainty-lung-segmentation/outputs/predictions/teacher_tta_probabilities/coronacases_002_slice_0015.npy,0.05,0,0,65536,0,0,1.0,False
coronacases_002,16,/kaggle/working/scribble-uncertainty-lung-segmentation/data/pseudo_labels/teacher_tta_labels/coronacases_002_slice_0016.npy,/kaggle/working/scribble-uncertainty-lung-segmentation/data/pseudo_labels/teacher_tta_confidence/coronacases_002_slice_0016.npy,/kaggle/working/scribble-uncertainty-lung-segmentation/outputs/predictions/teacher_tta_probabilities/coronacases_002_slice_0016.npy,0.05,0,0,65536,0,0,1.0,False
coronacases_002,17,/kaggle/working/scribble-uncertainty-lung-segmentation/data/pseudo_labels/teacher_tta_labels/coronacases_002_slice_0017.npy,/kaggle/working/scribble-uncertainty-lung-segmentation/data/pseudo_labels/teacher_tta_confidence/coronacases_002_slice_0017.npy,/kaggle/working/scribble-uncertainty-lung-segmentation/outputs/predictions/teacher_tta_probabilities/coronacases_002_slice_0017.npy,0.05,0,0,65536,0,0,1.0,False
coronacases_002,18,/kaggle/working/scribble-uncertainty-lung-segmentation/data/pseudo_labels/teacher_tta_labels/coronacases_002_slice_0018.npy,/kaggle/working/scribble-uncertainty-lung-segmentation/data/pseudo_labels/teacher_tta_confidence/coronacases_002_slice_0018.npy,/kaggle/working/scribble-uncertainty-lung-segmentation/outputs/predictions/teacher_tta_probabilities/coronacases_002_slice_0018.npy,0.05,0,0,65536,0,0,1.0,False
coronacases_002,19,/kaggle/working/scribble-uncertainty-lung-segmentation/data/pseudo_labels/teacher_tta_labels/coronacases_002_slice_0019.npy,/kaggle/working/scribble-uncertainty-lung-segmentation/data/pseudo_labels/teacher_tta_confidence/coronacases_002_slice_0019.npy,/kaggle/working/scribble-uncertainty-lung-segmentation/outputs/predictions/teacher_tta_probabilities/coronacases_002_slice_0019.npy,0.05,0,0,65536,0,0,1.0,False
coronacases_002,20,/kaggle/working/scribble-uncertainty-lung-segmentation/data/pseudo_labels/teacher_tta_labels/coronacases_002_slice_0020.npy,/kaggle/working/scribble-uncertainty-lung-segmentation/data/pseudo_labels/teacher_tta_confidence/coronacases_002_slice_0020.npy,/kaggle/working/scribble-uncertainty-lung-segmentation/outputs/predictions/teacher_tta_probabilities/coronacases_002_slice_0020.npy,0.05,0,0,65536,0,0,1.0,False
coronacases_002,21,/kaggle/working/scribble-uncertainty-lung-segmentation/data/pseudo_labels/teacher_tta_labels/coronacases_002_slice_0021.npy,/kaggle/working/scribble-uncertainty-lung-segmentation/data/pseudo_labels/teacher_tta_confidence/coronacases_002_slice_0021.npy,/kaggle/working/scribble-uncertainty-lung-segmentation/outputs/predictions/teacher_tta_probabilities/coronacases_002_slice_0021.npy,0.05,0,0,65536,0,0,1.0,False
coronacases_002,22,/kaggle/working/scribble-uncertainty-lung-segmentation/data/pseudo_labels/teacher_tta_labels/coronacases_002_slice_0022.npy,/kaggle/working/scribble-uncertainty-lung-segmentation/data/pseudo_labels/teacher_tta_confidence/coronacases_002_slice_0022.npy,/kaggle/working/scribble-uncertainty-lung-segmentation/outputs/predictions/teacher_tta_probabilities/coronacases_002_slice_0022.npy,0.05,0,0,65536,0,0,1.0,False
coronacases_002,23,/kaggle/working/scribble-uncertainty-lung-segmentation/data/pseudo_labels/teacher_tta_labels/coronacases_002_slice_0023.npy,/kaggle/working/scribble-uncertainty-lung-segmentation/data/pseudo_labels/teacher_tta_confidence/coronacases_002_slice_0023.npy,/kaggle/working/scribble-uncertainty-lung-segmentation/outputs/predictions/teacher_tta_probabilities/coronacases_002_slice_0023.npy,0.05,0,0,65536,0,0,1.0,False
coronacases_002,24,/kaggle/working/scribble-uncertainty-lung-segmentation/data/pseudo_labels/teacher_tta_labels/coronacases_002_slice_0024.npy,/kaggle/working/scribble-uncertainty-lung-segmentation/data/pseudo_labels/teacher_tta_confidence/coronacases_002_slice_0024.npy,/kaggle/working/scribble-uncertainty-lung-segmentation/outputs/predictions/teacher_tta_probabilities/coronacases_002_slice_0024.npy,0.05,0,0,65536,0,0,1.0,False
coronacases_002,25,/kaggle/working/scribble-uncertainty-lung-segmentation/data/pseudo_labels/teacher_tta_labels/coronacases_002_slice_0025.npy,/kaggle/working/scribble-uncertainty-lung-segmentation/data/pseudo_labels/teacher_tta_confidence/coronacases_002_slice_0025.npy,/kaggle/working/scribble-uncertainty-lung-segmentation/outputs/predictions/teacher_tta_probabilities/coronacases_002_slice_0025.npy,0.05,0,43,65536,4,34,0.649350643157959,True
coronacases_002,26,/kaggle/working/scribble-uncertainty-lung-segmentation/data/pseudo_labels/teacher_tta_labels/coronacases_002_slice_0026.npy,/kaggle/working/scribble-uncertainty-lung-segmentation/data/pseudo_labels/teacher_tta_confidence/coronacases_002_slice_0026.npy,/kaggle/working/scribble-uncertainty-lung-segmentation/outputs/predictions/teacher_tta_probabilities/coronacases_002_slice_0026.npy,0.05,0,82,65536,4,43,0.671999990940094,True
coronacases_002,27,/kaggle/working/scribble-uncertainty-lung-segmentation/data/pseudo_labels/teacher_tta_labels/coronacases_002_slice_0027.npy,/kaggle/working/scribble-uncertainty-lung-segmentation/data/pseudo_labels/teacher_tta_confidence/coronacases_002_slice_0027.npy,/kaggle/working/scribble-uncertainty-lung-segmentation/outputs/predictions/teacher_tta_probabilities/coronacases_002_slice_0027.npy,0.05,0,153,65536,8,123,0.8260869383811951,True
coronacases_002,28,/kaggle/working/scribble-uncertainty-lung-segmentation/data/pseudo_labels/teacher_tta_labels/coronacases_002_slice_0028.npy,/kaggle/working/scribble-uncertainty-lung-segmentation/data/pseudo_labels/teacher_tta_confidence/coronacases_002_slice_0028.npy,/kaggle/working/scribble-uncertainty-lung-segmentation/outputs/predictions/teacher_tta_probabilities/coronacases_002_slice_0028.npy,0.05,0,201,65536,4,150,0.8433048725128174,True
coronacases_002,29,/kaggle/working/scribble-uncertainty-lung-segmentation/data/pseudo_labels/teacher_tta_labels/coronacases_002_slice_0029.npy,/kaggle/working/scribble-uncertainty-lung-segmentation/data/pseudo_labels/teacher_tta_confidence/coronacases_002_slice_0029.npy,/kaggle/working/scribble-uncertainty-lung-segmentation/outputs/predictions/teacher_tta_probabilities/coronacases_002_slice_0029.npy,0.05,0,250,65536,4,171,0.8123515248298645,True
coronacases_002,30,/kaggle/working/scribble-uncertainty-lung-segmentation/data/pseudo_labels/teacher_tta_labels/coronacases_002_slice_0030.npy,/kaggle/working/scribble-uncertainty-lung-segmentation/data/pseudo_labels/teacher_tta_confidence/coronacases_002_slice_0030.npy,/kaggle/working/scribble-uncertainty-lung-segmentation/outputs/predictions/teacher_tta_probabilities/coronacases_002_slice_0030.npy,0.05,0,312,65536,12,250,0.871886134147644,True
coronacases_002,31,/kaggle/working/scribble-uncertainty-lung-segmentation/data/pseudo_labels/teacher_tta_labels/coronacases_002_slice_0031.npy,/kaggle/working/scribble-uncertainty-lung-segmentation/data/pseudo_labels/teacher_tta_confidence/coronacases_002_slice_0031.npy,/kaggle/working/scribble-uncertainty-lung-segmentation/outputs/predictions/teacher_tta_probabilities/coronacases_002_slice_0031.npy,0.05,0,332,65536,4,223,0.8036035895347595,True
coronacases_002,32,/kaggle/working/scribble-uncertainty-lung-segmentation/data/pseudo_labels/teacher_tta_labels/coronacases_002_slice_0032.npy,/kaggle/working/scribble-uncertainty-lung-segmentation/data/pseudo_labels/teacher_tta_confidence/coronacases_002_slice_0032.npy,/kaggle/working/scribble-uncertainty-lung-segmentation/outputs/predictions/teacher_tta_probabilities/coronacases_002_slice_0032.npy,0.05,0,376,65536,11,253,0.7980921864509583,True
coronacases_002,33,/kaggle/working/scribble-uncertainty-lung-segmentation/data/pseudo_labels/teacher_tta_labels/coronacases_002_slice_0033.npy,/kaggle/working/scribble-uncertainty-lung-segmentation/data/pseudo_labels/teacher_tta_confidence/coronacases_002_slice_0033.npy,/kaggle/working/scribble-uncertainty-lung-segmentation/outputs/predictions/teacher_tta_probabilities/coronacases_002_slice_0033.npy,0.05,0,413,65536,7,338,0.8468708395957947,True
coronacases_002,34,/kaggle/working/scribble-uncertainty-lung-segmentation/data/pseudo_labels/teacher_tta_labels/coronacases_002_slice_0034.npy,/kaggle/working/scribble-uncertainty-lung-segmentation/data/pseudo_labels/teacher_tta_confidence/coronacases_002_slice_0034.npy,/kaggle/working/scribble-uncertainty-lung-segmentation/outputs/predictions/teacher_tta_probabilities/coronacases_002_slice_0034.npy,0.05,0,406,65536,8,305,0.8382560014724731,True
coronacases_002,35,/kaggle/working/scribble-uncertainty-lung-segmentation/data/pseudo_labels/teacher_tta_labels/coronacases_002_slice_0035.npy,/kaggle/working/scribble-uncertainty-lung-segmentation/data/pseudo_labels/teacher_tta_confidence/coronacases_002_slice_0035.npy,/kaggle/working/scribble-uncertainty-lung-segmentation/outputs/predictions/teacher_tta_probabilities/coronacases_002_slice_0035.npy,0.05,0,411,65536,6,295,0.8243626356124878,True
coronacases_002,36,/kaggle/working/scribble-uncertainty-lung-segmentation/data/pseudo_labels/teacher_tta_labels/coronacases_002_slice_0036.npy,/kaggle/working/scribble-uncertainty-lung-segmentation/data/pseudo_labels/teacher_tta_confidence/coronacases_002_slice_0036.npy,/kaggle/working/scribble-uncertainty-lung-segmentation/outputs/predictions/teacher_tta_probabilities/coronacases_002_slice_0036.npy,0.05,0,402,65536,4,293,0.8402877449989319,True
coronacases_002,37,/kaggle/working/scribble-uncertainty-lung-segmentation/data/pseudo_labels/teacher_tta_labels/coronacases_002_slice_0037.npy,/kaggle/working/scribble-uncertainty-lung-segmentation/data/pseudo_labels/teacher_tta_confidence/coronacases_002_slice_0037.npy,/kaggle/working/scribble-uncertainty-lung-segmentation/outputs/predictions/teacher_tta_probabilities/coronacases_002_slice_0037.npy,0.05,0,386,65536,8,307,0.8715728521347046,True
coronacases_002,38,/kaggle/working/scribble-uncertainty-lung-segmentation/data/pseudo_labels/teacher_tta_labels/coronacases_002_slice_0038.npy,/kaggle/working/scribble-uncertainty-lung-segmentation/data/pseudo_labels/teacher_tta_confidence/coronacases_002_slice_0038.npy,/kaggle/working/scribble-uncertainty-lung-segmentation/outputs/predictions/teacher_tta_probabilities/coronacases_002_slice_0038.npy,0.05,0,361,65536,7,311,0.8779761791229248,True
coronacases_002,39,/kaggle/working/scribble-uncertainty-lung-segmentation/data/pseudo_labels/teacher_tta_labels/coronacases_002_slice_0039.npy,/kaggle/working/scribble-uncertainty-lung-segmentation/data/pseudo_labels/teacher_tta_confidence/coronacases_002_slice_0039.npy,/kaggle/working/scribble-uncertainty-lung-segmentation/outputs/predictions/teacher_tta_probabilities/coronacases_002_slice_0039.npy,0.05,0,365,65536,4,304,0.884902834892273,True
coronacases_002,40,/kaggle/working/scribble-uncertainty-lung-segmentation/data/pseudo_labels/teacher_tta_labels/coronacases_002_slice_0040.npy,/kaggle/working/scribble-uncertainty-lung-segmentation/data/pseudo_labels/teacher_tta_confidence/coronacases_002_slice_0040.npy,/kaggle/working/scribble-uncertainty-lung-segmentation/outputs/predictions/teacher_tta_probabilities/coronacases_002_slice_0040.npy,0.05,0,335,65536,4,314,0.9214175939559937,True
coronacases_002,41,/kaggle/working/scribble-uncertainty-lung-segmentation/data/pseudo_labels/teacher_tta_labels/coronacases_002_slice_0041.npy,/kaggle/working/scribble-uncertainty-lung-segmentation/data/pseudo_labels/teacher_tta_confidence/coronacases_002_slice_0041.npy,/kaggle/working/scribble-uncertainty-lung-segmentation/outputs/predictions/teacher_tta_probabilities/coronacases_002_slice_0041.npy,0.05,0,316,65536,12,267,0.8473413586616516,True
coronacases_002,42,/kaggle/working/scribble-uncertainty-lung-segmentation/data/pseudo_labels/teacher_tta_labels/coronacases_002_slice_0042.npy,/kaggle/working/scribble-uncertainty-lung-segmentation/data/pseudo_labels/teacher_tta_confidence/coronacases_002_slice_0042.npy,/kaggle/working/scribble-uncertainty-lung-segmentation/outputs/predictions/teacher_tta_probabilities/coronacases_002_slice_0042.npy,0.05,0,322,65536,6,261,0.895368754863739,True
coronacases_002,43,/kaggle/working/scribble-uncertainty-lung-segmentation/data/pseudo_labels/teacher_tta_labels/coronacases_002_slice_0043.npy,/kaggle/working/scribble-uncertainty-lung-segmentation/data/pseudo_labels/teacher_tta_confidence/coronacases_002_slice_0043.npy,/kaggle/working/scribble-uncertainty-lung-segmentation/outputs/predictions/teacher_tta_probabilities/coronacases_002_slice_0043.npy,0.05,0,335,65536,12,254,0.8590831756591797,True
coronacases_002,44,/kaggle/working/scribble-uncertainty-lung-segmentation/data/pseudo_labels/teacher_tta_labels/coronacases_002_slice_0044.npy,/kaggle/working/scribble-uncertainty-lung-segmentation/data/pseudo_labels/teacher_tta_confidence/coronacases_002_slice_0044.npy,/kaggle/working/scribble-uncertainty-lung-segmentation/outputs/predictions/teacher_tta_probabilities/coronacases_002_slice_0044.npy,0.05,0,363,65536,7,282,0.8217054009437561,True
coronacases_002,45,/kaggle/working/scribble-uncertainty-lung-segmentation/data/pseudo_labels/teacher_tta_labels/coronacases_002_slice_0045.npy,/kaggle/working/scribble-uncertainty-lung-segmentation/data/pseudo_labels/teacher_tta_confidence/coronacases_002_slice_0045.npy,/kaggle/working/scribble-uncertainty-lung-segmentation/outputs/predictions/teacher_tta_probabilities/coronacases_002_slice_0045.npy,0.05,0,353,65536,12,324,0.833087146282196,True
coronacases_002,46,/kaggle/working/scribble-uncertainty-lung-segmentation/data/pseudo_labels/teacher_tta_labels/coronacases_002_slice_0046.npy,/kaggle/working/scribble-uncertainty-lung-segmentation/data/pseudo_labels/teacher_tta_confidence/coronacases_002_slice_0046.npy,/kaggle/working/scribble-uncertainty-lung-segmentation/outputs/predictions/teacher_tta_probabilities/coronacases_002_slice_0046.npy,0.05,0,359,65536,8,260,0.7560581564903259,True
coronacases_002,47,/kaggle/working/scribble-uncertainty-lung-segmentation/data/pseudo_labels/teacher_tta_labels/coronacases_002_slice_0047.npy,/kaggle/working/scribble-uncertainty-lung-segmentation/data/pseudo_labels/teacher_tta_confidence/coronacases_002_slice_0047.npy,/kaggle/working/scribble-uncertainty-lung-segmentation/outputs/predictions/teacher_tta_probabilities/coronacases_002_slice_0047.npy,0.05,0,352,65536,8,272,0.8108974099159241,True
coronacases_002,48,/kaggle/working/scribble-uncertainty-lung-segmentation/data/pseudo_labels/teacher_tta_labels/coronacases_002_slice_0048.npy,/kaggle/working/scribble-uncertainty-lung-segmentation/data/pseudo_labels/teacher_tta_confidence/coronacases_002_slice_0048.npy,/kaggle/working/scribble-uncertainty-lung-segmentation/outputs/predictions/teacher_tta_probabilities/coronacases_002_slice_0048.npy,0.05,0,348,65536,12,263,0.7921440005302429,True
coronacases_002,49,/kaggle/working/scribble-uncertainty-lung-segmentation/data/pseudo_labels/teacher_tta_labels/coronacases_002_slice_0049.npy,/kaggle/working/scribble-uncertainty-lung-segmentation/data/pseudo_labels/teacher_tta_confidence/coronacases_002_slice_0049.npy,/kaggle/working/scribble-uncertainty-lung-segmentation/outputs/predictions/teacher_tta_probabilities/coronacases_002_slice_0049.npy,0.05,0,354,65536,8,276,0.8095238208770752,True
coronacases_002,50,/kaggle/working/scribble-uncertainty-lung-segmentation/data/pseudo_labels/teacher_tta_labels/coronacases_002_slice_0050.npy,/kaggle/working/scribble-uncertainty-lung-segmentation/data/pseudo_labels/teacher_tta_confidence/coronacases_002_slice_0050.npy,/kaggle/working/scribble-uncertainty-lung-segmentation/outputs/predictions/teacher_tta_probabilities/coronacases_002_slice_0050.npy,0.05,0,349,65536,15,258,0.827018141746521,True
coronacases_002,51,/kaggle/working/scribble-uncertainty-lung-segmentation/data/pseudo_labels/teacher_tta_labels/coronacases_002_slice_0051.npy,/kaggle/working/scribble-uncertainty-lung-segmentation/data/pseudo_labels/teacher_tta_confidence/coronacases_002_slice_0051.npy,/kaggle/working/scribble-uncertainty-lung-segmentation/outputs/predictions/teacher_tta_probabilities/coronacases_002_slice_0051.npy,0.05,0,359,65536,14,269,0.824840784072876,True
coronacases_002,52,/kaggle/working/scribble-uncertainty-lung-segmentation/data/pseudo_labels/teacher_tta_labels/coronacases_002_slice_0052.npy,/kaggle/working/scribble-uncertainty-lung-segmentation/data/pseudo_labels/teacher_tta_confidence/coronacases_002_slice_0052.npy,/kaggle/working/scribble-uncertainty-lung-segmentation/outputs/predictions/teacher_tta_probabilities/coronacases_002_slice_0052.npy,0.05,0,351,65536,12,260,0.8248772621154785,True
coronacases_002,53,/kaggle/working/scribble-uncertainty-lung-segmentation/data/pseudo_labels/teacher_tta_labels/coronacases_002_slice_0053.npy,/kaggle/working/scribble-uncertainty-lung-segmentation/data/pseudo_labels/teacher_tta_confidence/coronacases_002_slice_0053.npy,/kaggle/working/scribble-uncertainty-lung-segmentation/outputs/predictions/teacher_tta_probabilities/coronacases_002_slice_0053.npy,0.05,0,332,65536,8,250,0.8591065406799316,True
coronacases_002,54,/kaggle/working/scribble-uncertainty-lung-segmentation/data/pseudo_labels/teacher_tta_labels/coronacases_002_slice_0054.npy,/kaggle/working/scribble-uncertainty-lung-segmentation/data/pseudo_labels/teacher_tta_confidence/coronacases_002_slice_0054.npy,/kaggle/working/scribble-uncertainty-lung-segmentation/outputs/predictions/teacher_tta_probabilities/coronacases_002_slice_0054.npy,0.05,0,356,65536,12,275,0.8240887522697449,True
coronacases_002,55,/kaggle/working/scribble-uncertainty-lung-segmentation/data/pseudo_labels/teacher_tta_labels/coronacases_002_slice_0055.npy,/kaggle/working/scribble-uncertainty-lung-segmentation/data/pseudo_labels/teacher_tta_confidence/coronacases_002_slice_0055.npy,/kaggle/working/scribble-uncertainty-lung-segmentation/outputs/predictions/teacher_tta_probabilities/coronacases_002_slice_0055.npy,0.05,0,400,65536,8,274,0.8041542768478394,True
coronacases_002,56,/kaggle/working/scribble-uncertainty-lung-segmentation/data/pseudo_labels/teacher_tta_labels/coronacases_002_slice_0056.npy,/kaggle/working/scribble-uncertainty-lung-segmentation/data/pseudo_labels/teacher_tta_confidence/coronacases_002_slice_0056.npy,/kaggle/working/scribble-uncertainty-lung-segmentation/outputs/predictions/teacher_tta_probabilities/coronacases_002_slice_0056.npy,0.05,0,350,65536,8,250,0.7866666913032532,True
coronacases_002,57,/kaggle/working/scribble-uncertainty-lung-segmentation/data/pseudo_labels/teacher_tta_labels/coronacases_002_slice_0057.npy,/kaggle/working/scribble-uncertainty-lung-segmentation/data/pseudo_labels/teacher_tta_confidence/coronacases_002_slice_0057.npy,/kaggle/working/scribble-uncertainty-lung-segmentation/outputs/predictions/teacher_tta_probabilities/coronacases_002_slice_0057.npy,0.05,0,348,65536,16,252,0.7799999713897705,True
coronacases_002,58,/kaggle/working/scribble-uncertainty-lung-segmentation/data/pseudo_labels/teacher_tta_labels/coronacases_002_slice_0058.npy,/kaggle/working/scribble-uncertainty-lung-segmentation/data/pseudo_labels/teacher_tta_confidence/coronacases_002_slice_0058.npy,/kaggle/working/scribble-uncertainty-lung-segmentation/outputs/predictions/teacher_tta_probabilities/coronacases_002_slice_0058.npy,0.05,0,387,65536,4,220,0.7182866334915161,True
coronacases_002,59,/kaggle/working/scribble-uncertainty-lung-segmentation/data/pseudo_labels/teacher_tta_labels/coronacases_002_slice_0059.npy,/kaggle/working/scribble-uncertainty-lung-segmentation/data/pseudo_labels/teacher_tta_confidence/coronacases_002_slice_0059.npy,/kaggle/working/scribble-uncertainty-lung-segmentation/outputs/predictions/teacher_tta_probabilities/coronacases_002_slice_0059.npy,0.05,0,308,65536,8,209,0.7814313173294067,True
coronacases_002,60,/kaggle/working/scribble-uncertainty-lung-segmentation/data/pseudo_labels/teacher_tta_labels/coronacases_002_slice_0060.npy,/kaggle/working/scribble-uncertainty-lung-segmentation/data/pseudo_labels/teacher_tta_confidence/coronacases_002_slice_0060.npy,/kaggle/working/scribble-uncertainty-lung-segmentation/outputs/predictions/teacher_tta_probabilities/coronacases_002_slice_0060.npy,0.05,0,279,65536,8,185,0.7413793206214905,True
coronacases_002,61,/kaggle/working/scribble-uncertainty-lung-segmentation/data/pseudo_labels/teacher_tta_labels/coronacases_002_slice_0061.npy,/kaggle/working/scribble-uncertainty-lung-segmentation/data/pseudo_labels/teacher_tta_confidence/coronacases_002_slice_0061.npy,/kaggle/working/scribble-uncertainty-lung-segmentation/outputs/predictions/teacher_tta_probabilities/coronacases_002_slice_0061.npy,0.05,0,261,65536,8,174,0.7126436829566956,True
coronacases_002,62,/kaggle/working/scribble-uncertainty-lung-segmentation/data/pseudo_labels/teacher_tta_labels/coronacases_002_slice_0062.npy,/kaggle/working/scribble-uncertainty-lung-segmentation/data/pseudo_labels/teacher_tta_confidence/coronacases_002_slice_0062.npy,/kaggle/working/scribble-uncertainty-lung-segmentation/outputs/predictions/teacher_tta_probabilities/coronacases_002_slice_0062.npy,0.05,0,324,65536,8,189,0.6783625483512878,True
coronacases_002,63,/kaggle/working/scribble-uncertainty-lung-segmentation/data/pseudo_labels/teacher_tta_labels/coronacases_002_slice_0063.npy,/kaggle/working/scribble-uncertainty-lung-segmentation/data/pseudo_labels/teacher_tta_confidence/coronacases_002_slice_0063.npy,/kaggle/working/scribble-uncertainty-lung-segmentation/outputs/predictions/teacher_tta_probabilities/coronacases_002_slice_0063.npy,0.05,0,359,65536,8,185,0.6213235259056091,True
coronacases_002,64,/kaggle/working/scribble-uncertainty-lung-segmentation/data/pseudo_labels/teacher_tta_labels/coronacases_002_slice_0064.npy,/kaggle/working/scribble-uncertainty-lung-segmentation/data/pseudo_labels/teacher_tta_confidence/coronacases_002_slice_0064.npy,/kaggle/working/scribble-uncertainty-lung-segmentation/outputs/predictions/teacher_tta_probabilities/coronacases_002_slice_0064.npy,0.05,0,327,65536,4,135,0.5281385183334351,True
coronacases_002,65,/kaggle/working/scribble-uncertainty-lung-segmentation/data/pseudo_labels/teacher_tta_labels/coronacases_002_slice_0065.npy,/kaggle/working/scribble-uncertainty-lung-segmentation/data/pseudo_labels/teacher_tta_confidence/coronacases_002_slice_0065.npy,/kaggle/working/scribble-uncertainty-lung-segmentation/outputs/predictions/teacher_tta_probabilities/coronacases_002_slice_0065.npy,0.05,0,416,65536,24,417,0.749099612236023,True
coronacases_002,66,/kaggle/working/scribble-uncertainty-lung-segmentation/data/pseudo_labels/teacher_tta_labels/coronacases_002_slice_0066.npy,/kaggle/working/scribble-uncertainty-lung-segmentation/data/pseudo_labels/teacher_tta_confidence/coronacases_002_slice_0066.npy,/kaggle/working/scribble-uncertainty-lung-segmentation/outputs/predictions/teacher_tta_probabilities/coronacases_002_slice_0066.npy,0.05,0,423,65536,22,355,0.8123393058776855,True
coronacases_002,67,/kaggle/working/scribble-uncertainty-lung-segmentation/data/pseudo_labels/teacher_tta_labels/coronacases_002_slice_0067.npy,/kaggle/working/scribble-uncertainty-lung-segmentation/data/pseudo_labels/teacher_tta_confidence/coronacases_002_slice_0067.npy,/kaggle/working/scribble-uncertainty-lung-segmentation/outputs/predictions/teacher_tta_probabilities/coronacases_002_slice_0067.npy,0.05,0,381,65536,20,290,0.8375558853149414,True
coronacases_002,68,/kaggle/working/scribble-uncertainty-lung-segmentation/data/pseudo_labels/teacher_tta_labels/coronacases_002_slice_0068.npy,/kaggle/working/scribble-uncertainty-lung-segmentation/data/pseudo_labels/teacher_tta_confidence/coronacases_002_slice_0068.npy,/kaggle/working/scribble-uncertainty-lung-segmentation/outputs/predictions/teacher_tta_probabilities/coronacases_002_slice_0068.npy,0.05,0,362,65536,12,276,0.8589341640472412,True
coronacases_002,69,/kaggle/working/scribble-uncertainty-lung-segmentation/data/pseudo_labels/teacher_tta_labels/coronacases_002_slice_0069.npy,/kaggle/working/scribble-uncertainty-lung-segmentation/data/pseudo_labels/teacher_tta_confidence/coronacases_002_slice_0069.npy,/kaggle/working/scribble-uncertainty-lung-segmentation/outputs/predictions/teacher_tta_probabilities/coronacases_002_slice_0069.npy,0.05,0,395,65536,12,319,0.848739504814148,True
coronacases_002,70,/kaggle/working/scribble-uncertainty-lung-segmentation/data/pseudo_labels/teacher_tta_labels/coronacases_002_slice_0070.npy,/kaggle/working/scribble-uncertainty-lung-segmentation/data/pseudo_labels/teacher_tta_confidence/coronacases_002_slice_0070.npy,/kaggle/working/scribble-uncertainty-lung-segmentation/outputs/predictions/teacher_tta_probabilities/coronacases_002_slice_0070.npy,0.05,0,432,65536,11,367,0.8660826086997986,True
coronacases_002,71,/kaggle/working/scribble-uncertainty-lung-segmentation/data/pseudo_labels/teacher_tta_labels/coronacases_002_slice_0071.npy,/kaggle/working/scribble-uncertainty-lung-segmentation/data/pseudo_labels/teacher_tta_confidence/coronacases_002_slice_0071.npy,/kaggle/working/scribble-uncertainty-lung-segmentation/outputs/predictions/teacher_tta_probabilities/coronacases_002_slice_0071.npy,0.05,0,447,65536,12,374,0.8989037871360779,True
coronacases_002,72,/kaggle/working/scribble-uncertainty-lung-segmentation/data/pseudo_labels/teacher_tta_labels/coronacases_002_slice_0072.npy,/kaggle/working/scribble-uncertainty-lung-segmentation/data/pseudo_labels/teacher_tta_confidence/coronacases_002_slice_0072.npy,/kaggle/working/scribble-uncertainty-lung-segmentation/outputs/predictions/teacher_tta_probabilities/coronacases_002_slice_0072.npy,0.05,0,445,65536,4,373,0.8557457327842712,True
coronacases_002,73,/kaggle/working/scribble-uncertainty-lung-segmentation/data/pseudo_labels/teacher_tta_labels/coronacases_002_slice_0073.npy,/kaggle/working/scribble-uncertainty-lung-segmentation/data/pseudo_labels/teacher_tta_confidence/coronacases_002_slice_0073.npy,/kaggle/working/scribble-uncertainty-lung-segmentation/outputs/predictions/teacher_tta_probabilities/coronacases_002_slice_0073.npy,0.05,0,401,65536,8,289,0.8376811742782593,True
coronacases_002,74,/kaggle/working/scribble-uncertainty-lung-segmentation/data/pseudo_labels/teacher_tta_labels/coronacases_002_slice_0074.npy,/kaggle/working/scribble-uncertainty-lung-segmentation/data/pseudo_labels/teacher_tta_confidence/coronacases_002_slice_0074.npy,/kaggle/working/scribble-uncertainty-lung-segmentation/outputs/predictions/teacher_tta_probabilities/coronacases_002_slice_0074.npy,0.05,0,384,65536,7,245,0.7662957310676575,True
coronacases_002,75,/kaggle/working/scribble-uncertainty-lung-segmentation/data/pseudo_labels/teacher_tta_labels/coronacases_002_slice_0075.npy,/kaggle/working/scribble-uncertainty-lung-segmentation/data/pseudo_labels/teacher_tta_confidence/coronacases_002_slice_0075.npy,/kaggle/working/scribble-uncertainty-lung-segmentation/outputs/predictions/teacher_tta_probabilities/coronacases_002_slice_0075.npy,0.05,0,386,65536,8,157,0.5267034769058228,True
coronacases_002,76,/kaggle/working/scribble-uncertainty-lung-segmentation/data/pseudo_labels/teacher_tta_labels/coronacases_002_slice_0076.npy,/kaggle/working/scribble-uncertainty-lung-segmentation/data/pseudo_labels/teacher_tta_confidence/coronacases_002_slice_0076.npy,/kaggle/working/scribble-uncertainty-lung-segmentation/outputs/predictions/teacher_tta_probabilities/coronacases_002_slice_0076.npy,0.05,0,364,65536,16,171,0.6242990493774414,True
coronacases_002,77,/kaggle/working/scribble-uncertainty-lung-segmentation/data/pseudo_labels/teacher_tta_labels/coronacases_002_slice_0077.npy,/kaggle/working/scribble-uncertainty-lung-segmentation/data/pseudo_labels/teacher_tta_confidence/coronacases_002_slice_0077.npy,/kaggle/working/scribble-uncertainty-lung-segmentation/outputs/predictions/teacher_tta_probabilities/coronacases_002_slice_0077.npy,0.05,0,315,65536,4,48,0.26446279883384705,True
coronacases_002,78,/kaggle/working/scribble-uncertainty-lung-segmentation/data/pseudo_labels/teacher_tta_labels/coronacases_002_slice_0078.npy,/kaggle/working/scribble-uncertainty-lung-segmentation/data/pseudo_labels/teacher_tta_confidence/coronacases_002_slice_0078.npy,/kaggle/working/scribble-uncertainty-lung-segmentation/outputs/predictions/teacher_tta_probabilities/coronacases_002_slice_0078.npy,0.05,0,225,65536,4,51,0.3695652186870575,True
coronacases_002,79,/kaggle/working/scribble-uncertainty-lung-segmentation/data/pseudo_labels/teacher_tta_labels/coronacases_002_slice_0079.npy,/kaggle/working/scribble-uncertainty-lung-segmentation/data/pseudo_labels/teacher_tta_confidence/coronacases_002_slice_0079.npy,/kaggle/working/scribble-uncertainty-lung-segmentation/outputs/predictions/teacher_tta_probabilities/coronacases_002_slice_0079.npy,0.05,0,91,65536,4,36,0.5669291615486145,True
coronacases_002,80,/kaggle/working/scribble-uncertainty-lung-segmentation/data/pseudo_labels/teacher_tta_labels/coronacases_002_slice_0080.npy,/kaggle/working/scribble-uncertainty-lung-segmentation/data/pseudo_labels/teacher_tta_confidence/coronacases_002_slice_0080.npy,/kaggle/working/scribble-uncertainty-lung-segmentation/outputs/predictions/teacher_tta_probabilities/coronacases_002_slice_0080.npy,0.05,0,88,65536,4,43,0.6412213444709778,True
coronacases_002,81,/kaggle/working/scribble-uncertainty-lung-segmentation/data/pseudo_labels/teacher_tta_labels/coronacases_002_slice_0081.npy,/kaggle/working/scribble-uncertainty-lung-segmentation/data/pseudo_labels/teacher_tta_confidence/coronacases_002_slice_0081.npy,/kaggle/working/scribble-uncertainty-lung-segmentation/outputs/predictions/teacher_tta_probabilities/coronacases_002_slice_0081.npy,0.05,0,118,65536,4,41,0.5157232880592346,True
coronacases_002,82,/kaggle/working/scribble-uncertainty-lung-segmentation/data/pseudo_labels/teacher_tta_labels/coronacases_002_slice_0082.npy,/kaggle/working/scribble-uncertainty-lung-segmentation/data/pseudo_labels/teacher_tta_confidence/coronacases_002_slice_0082.npy,/kaggle/working/scribble-uncertainty-lung-segmentation/outputs/predictions/teacher_tta_probabilities/coronacases_002_slice_0082.npy,0.05,0,163,65536,4,38,0.3781094551086426,True
coronacases_002,83,/kaggle/working/scribble-uncertainty-lung-segmentation/data/pseudo_labels/teacher_tta_labels/coronacases_002_slice_0083.npy,/kaggle/working/scribble-uncertainty-lung-segmentation/data/pseudo_labels/teacher_tta_confidence/coronacases_002_slice_0083.npy,/kaggle/working/scribble-uncertainty-lung-segmentation/outputs/predictions/teacher_tta_probabilities/coronacases_002_slice_0083.npy,0.05,0,193,65536,4,56,0.44979920983314514,True
coronacases_002,84,/kaggle/working/scribble-uncertainty-lung-segmentation/data/pseudo_labels/teacher_tta_labels/coronacases_002_slice_0084.npy,/kaggle/working/scribble-uncertainty-lung-segmentation/data/pseudo_labels/teacher_tta_confidence/coronacases_002_slice_0084.npy,/kaggle/working/scribble-uncertainty-lung-segmentation/outputs/predictions/teacher_tta_probabilities/coronacases_002_slice_0084.npy,0.05,0,442,65536,7,248,0.6695652008056641,True
coronacases_002,85,/kaggle/working/scribble-uncertainty-lung-segmentation/data/pseudo_labels/teacher_tta_labels/coronacases_002_slice_0085.npy,/kaggle/working/scribble-uncertainty-lung-segmentation/data/pseudo_labels/teacher_tta_confidence/coronacases_002_slice_0085.npy,/kaggle/working/scribble-uncertainty-lung-segmentation/outputs/predictions/teacher_tta_probabilities/coronacases_002_slice_0085.npy,0.05,0,534,65536,20,375,0.7920792102813721,True
coronacases_002,86,/kaggle/working/scribble-uncertainty-lung-segmentation/data/pseudo_labels/teacher_tta_labels/coronacases_002_slice_0086.npy,/kaggle/working/scribble-uncertainty-lung-segmentation/data/pseudo_labels/teacher_tta_confidence/coronacases_002_slice_0086.npy,/kaggle/working/scribble-uncertainty-lung-segmentation/outputs/predictions/teacher_tta_probabilities/coronacases_002_slice_0086.npy,0.05,0,708,65536,42,541,0.8214571475982666,True
coronacases_002,87,/kaggle/working/scribble-uncertainty-lung-segmentation/data/pseudo_labels/teacher_tta_labels/coronacases_002_slice_0087.npy,/kaggle/working/scribble-uncertainty-lung-segmentation/data/pseudo_labels/teacher_tta_confidence/coronacases_002_slice_0087.npy,/kaggle/working/scribble-uncertainty-lung-segmentation/outputs/predictions/teacher_tta_probabilities/coronacases_002_slice_0087.npy,0.05,0,901,65536,36,623,0.7913385629653931,True
coronacases_002,88,/kaggle/working/scribble-uncertainty-lung-segmentation/data/pseudo_labels/teacher_tta_labels/coronacases_002_slice_0088.npy,/kaggle/working/scribble-uncertainty-lung-segmentation/data/pseudo_labels/teacher_tta_confidence/coronacases_002_slice_0088.npy,/kaggle/working/scribble-uncertainty-lung-segmentation/outputs/predictions/teacher_tta_probabilities/coronacases_002_slice_0088.npy,0.05,0,968,65536,36,669,0.8100183010101318,True
coronacases_002,89,/kaggle/working/scribble-uncertainty-lung-segmentation/data/pseudo_labels/teacher_tta_labels/coronacases_002_slice_0089.npy,/kaggle/working/scribble-uncertainty-lung-segmentation/data/pseudo_labels/teacher_tta_confidence/coronacases_002_slice_0089.npy,/kaggle/working/scribble-uncertainty-lung-segmentation/outputs/predictions/teacher_tta_probabilities/coronacases_002_slice_0089.npy,0.05,0,1076,65536,47,832,0.857442319393158,True
coronacases_002,90,/kaggle/working/scribble-uncertainty-lung-segmentation/data/pseudo_labels/teacher_tta_labels/coronacases_002_slice_0090.npy,/kaggle/working/scribble-uncertainty-lung-segmentation/data/pseudo_labels/teacher_tta_confidence/coronacases_002_slice_0090.npy,/kaggle/working/scribble-uncertainty-lung-segmentation/outputs/predictions/teacher_tta_probabilities/coronacases_002_slice_0090.npy,0.05,0,1188,65536,38,852,0.8147059082984924,True
coronacases_002,91,/kaggle/working/scribble-uncertainty-lung-segmentation/data/pseudo_labels/teacher_tta_labels/coronacases_002_slice_0091.npy,/kaggle/working/scribble-uncertainty-lung-segmentation/data/pseudo_labels/teacher_tta_confidence/coronacases_002_slice_0091.npy,/kaggle/working/scribble-uncertainty-lung-segmentation/outputs/predictions/teacher_tta_probabilities/coronacases_002_slice_0091.npy,0.05,0,1312,65536,34,940,0.825932502746582,True
coronacases_002,92,/kaggle/working/scribble-uncertainty-lung-segmentation/data/pseudo_labels/teacher_tta_labels/coronacases_002_slice_0092.npy,/kaggle/working/scribble-uncertainty-lung-segmentation/data/pseudo_labels/teacher_tta_confidence/coronacases_002_slice_0092.npy,/kaggle/working/scribble-uncertainty-lung-segmentation/outputs/predictions/teacher_tta_probabilities/coronacases_002_slice_0092.npy,0.05,0,1409,65536,58,1100,0.8545237183570862,True
coronacases_002,93,/kaggle/working/scribble-uncertainty-lung-segmentation/data/pseudo_labels/teacher_tta_labels/coronacases_002_slice_0093.npy,/kaggle/working/scribble-uncertainty-lung-segmentation/data/pseudo_labels/teacher_tta_confidence/coronacases_002_slice_0093.npy,/kaggle/working/scribble-uncertainty-lung-segmentation/outputs/predictions/teacher_tta_probabilities/coronacases_002_slice_0093.npy,0.05,0,1547,65536,54,1244,0.8613400459289551,True
coronacases_002,94,/kaggle/working/scribble-uncertainty-lung-segmentation/data/pseudo_labels/teacher_tta_labels/coronacases_002_slice_0094.npy,/kaggle/working/scribble-uncertainty-lung-segmentation/data/pseudo_labels/teacher_tta_confidence/coronacases_002_slice_0094.npy,/kaggle/working/scribble-uncertainty-lung-segmentation/outputs/predictions/teacher_tta_probabilities/coronacases_002_slice_0094.npy,0.05,0,1520,65536,54,1170,0.8565055727958679,True
coronacases_002,95,/kaggle/working/scribble-uncertainty-lung-segmentation/data/pseudo_labels/teacher_tta_labels/coronacases_002_slice_0095.npy,/kaggle/working/scribble-uncertainty-lung-segmentation/data/pseudo_labels/teacher_tta_confidence/coronacases_002_slice_0095.npy,/kaggle/working/scribble-uncertainty-lung-segmentation/outputs/predictions/teacher_tta_probabilities/coronacases_002_slice_0095.npy,0.05,0,1437,65536,38,1167,0.8755760192871094,True
coronacases_002,96,/kaggle/working/scribble-uncertainty-lung-segmentation/data/pseudo_labels/teacher_tta_labels/coronacases_002_slice_0096.npy,/kaggle/working/scribble-uncertainty-lung-segmentation/data/pseudo_labels/teacher_tta_confidence/coronacases_002_slice_0096.npy,/kaggle/working/scribble-uncertainty-lung-segmentation/outputs/predictions/teacher_tta_probabilities/coronacases_002_slice_0096.npy,0.05,0,1333,65536,35,1089,0.8315441608428955,True
coronacases_002,97,/kaggle/working/scribble-uncertainty-lung-segmentation/data/pseudo_labels/teacher_tta_labels/coronacases_002_slice_0097.npy,/kaggle/working/scribble-uncertainty-lung-segmentation/data/pseudo_labels/teacher_tta_confidence/coronacases_002_slice_0097.npy,/kaggle/working/scribble-uncertainty-lung-segmentation/outputs/predictions/teacher_tta_probabilities/coronacases_002_slice_0097.npy,0.05,0,1321,65536,33,1066,0.8236280083656311,True
coronacases_002,98,/kaggle/working/scribble-uncertainty-lung-segmentation/data/pseudo_labels/teacher_tta_labels/coronacases_002_slice_0098.npy,/kaggle/working/scribble-uncertainty-lung-segmentation/data/pseudo_labels/teacher_tta_confidence/coronacases_002_slice_0098.npy,/kaggle/working/scribble-uncertainty-lung-segmentation/outputs/predictions/teacher_tta_probabilities/coronacases_002_slice_0098.npy,0.05,0,1279,65536,38,1059,0.8571428656578064,True
coronacases_002,99,/kaggle/working/scribble-uncertainty-lung-segmentation/data/pseudo_labels/teacher_tta_labels/coronacases_002_slice_0099.npy,/kaggle/working/scribble-uncertainty-lung-segmentation/data/pseudo_labels/teacher_tta_confidence/coronacases_002_slice_0099.npy,/kaggle/working/scribble-uncertainty-lung-segmentation/outputs/predictions/teacher_tta_probabilities/coronacases_002_slice_0099.npy,0.05,0,1265,65536,42,979,0.8306595087051392,True
coronacases_002,100,/kaggle/working/scribble-uncertainty-lung-segmentation/data/pseudo_labels/teacher_tta_labels/coronacases_002_slice_0100.npy,/kaggle/working/scribble-uncertainty-lung-segmentation/data/pseudo_labels/teacher_tta_confidence/coronacases_002_slice_0100.npy,/kaggle/working/scribble-uncertainty-lung-segmentation/outputs/predictions/teacher_tta_probabilities/coronacases_002_slice_0100.npy,0.05,0,1269,65536,40,932,0.81781005859375,True
coronacases_002,101,/kaggle/working/scribble-uncertainty-lung-segmentation/data/pseudo_labels/teacher_tta_labels/coronacases_002_slice_0101.npy,/kaggle/working/scribble-uncertainty-lung-segmentation/data/pseudo_labels/teacher_tta_confidence/coronacases_002_slice_0101.npy,/kaggle/working/scribble-uncertainty-lung-segmentation/outputs/predictions/teacher_tta_probabilities/coronacases_002_slice_0101.npy,0.05,0,1245,65536,39,879,0.8069679737091064,True
coronacases_002,102,/kaggle/working/scribble-uncertainty-lung-segmentation/data/pseudo_labels/teacher_tta_labels/coronacases_002_slice_0102.npy,/kaggle/working/scribble-uncertainty-lung-segmentation/data/pseudo_labels/teacher_tta_confidence/coronacases_002_slice_0102.npy,/kaggle/working/scribble-uncertainty-lung-segmentation/outputs/predictions/teacher_tta_probabilities/coronacases_002_slice_0102.npy,0.05,0,1037,65536,29,752,0.7993292212486267,True
coronacases_002,103,/kaggle/working/scribble-uncertainty-lung-segmentation/data/pseudo_labels/teacher_tta_labels/coronacases_002_slice_0103.npy,/kaggle/working/scribble-uncertainty-lung-segmentation/data/pseudo_labels/teacher_tta_confidence/coronacases_002_slice_0103.npy,/kaggle/working/scribble-uncertainty-lung-segmentation/outputs/predictions/teacher_tta_probabilities/coronacases_002_slice_0103.npy,0.05,0,850,65536,20,721,0.8325906991958618,True
coronacases_002,104,/kaggle/working/scribble-uncertainty-lung-segmentation/data/pseudo_labels/teacher_tta_labels/coronacases_002_slice_0104.npy,/kaggle/working/scribble-uncertainty-lung-segmentation/data/pseudo_labels/teacher_tta_confidence/coronacases_002_slice_0104.npy,/kaggle/working/scribble-uncertainty-lung-segmentation/outputs/predictions/teacher_tta_probabilities/coronacases_002_slice_0104.npy,0.05,0,730,65536,24,628,0.8217967748641968,True
coronacases_002,105,/kaggle/working/scribble-uncertainty-lung-segmentation/data/pseudo_labels/teacher_tta_labels/coronacases_002_slice_0105.npy,/kaggle/working/scribble-uncertainty-lung-segmentation/data/pseudo_labels/teacher_tta_confidence/coronacases_002_slice_0105.npy,/kaggle/working/scribble-uncertainty-lung-segmentation/outputs/predictions/teacher_tta_probabilities/coronacases_002_slice_0105.npy,0.05,0,706,65536,19,554,0.8761904835700989,True
coronacases_002,106,/kaggle/working/scribble-uncertainty-lung-segmentation/data/pseudo_labels/teacher_tta_labels/coronacases_002_slice_0106.npy,/kaggle/working/scribble-uncertainty-lung-segmentation/data/pseudo_labels/teacher_tta_confidence/coronacases_002_slice_0106.npy,/kaggle/working/scribble-uncertainty-lung-segmentation/outputs/predictions/teacher_tta_probabilities/coronacases_002_slice_0106.npy,0.05,0,713,65536,24,577,0.8713178038597107,True
coronacases_002,107,/kaggle/working/scribble-uncertainty-lung-segmentation/data/pseudo_labels/teacher_tta_labels/coronacases_002_slice_0107.npy,/kaggle/working/scribble-uncertainty-lung-segmentation/data/pseudo_labels/teacher_tta_confidence/coronacases_002_slice_0107.npy,/kaggle/working/scribble-uncertainty-lung-segmentation/outputs/predictions/teacher_tta_probabilities/coronacases_002_slice_0107.npy,0.05,0,716,65536,16,527,0.8399034738540649,True
coronacases_002,108,/kaggle/working/scribble-uncertainty-lung-segmentation/data/pseudo_labels/teacher_tta_labels/coronacases_002_slice_0108.npy,/kaggle/working/scribble-uncertainty-lung-segmentation/data/pseudo_labels/teacher_tta_confidence/coronacases_002_slice_0108.npy,/kaggle/working/scribble-uncertainty-lung-segmentation/outputs/predictions/teacher_tta_probabilities/coronacases_002_slice_0108.npy,0.05,0,667,65536,20,595,0.9128367900848389,True
coronacases_002,109,/kaggle/working/scribble-uncertainty-lung-segmentation/data/pseudo_labels/teacher_tta_labels/coronacases_002_slice_0109.npy,/kaggle/working/scribble-uncertainty-lung-segmentation/data/pseudo_labels/teacher_tta_confidence/coronacases_002_slice_0109.npy,/kaggle/working/scribble-uncertainty-lung-segmentation/outputs/predictions/teacher_tta_probabilities/coronacases_002_slice_0109.npy,0.05,0,713,65536,16,587,0.8338461518287659,True
coronacases_002,110,/kaggle/working/scribble-uncertainty-lung-segmentation/data/pseudo_labels/teacher_tta_labels/coronacases_002_slice_0110.npy,/kaggle/working/scribble-uncertainty-lung-segmentation/data/pseudo_labels/teacher_tta_confidence/coronacases_002_slice_0110.npy,/kaggle/working/scribble-uncertainty-lung-segmentation/outputs/predictions/teacher_tta_probabilities/coronacases_002_slice_0110.npy,0.05,0,691,65536,28,509,0.8133333325386047,True
coronacases_002,111,/kaggle/working/scribble-uncertainty-lung-segmentation/data/pseudo_labels/teacher_tta_labels/coronacases_002_slice_0111.npy,/kaggle/working/scribble-uncertainty-lung-segmentation/data/pseudo_labels/teacher_tta_confidence/coronacases_002_slice_0111.npy,/kaggle/working/scribble-uncertainty-lung-segmentation/outputs/predictions/teacher_tta_probabilities/coronacases_002_slice_0111.npy,0.05,0,658,65536,28,408,0.7467166781425476,True
coronacases_002,112,/kaggle/working/scribble-uncertainty-lung-segmentation/data/pseudo_labels/teacher_tta_labels/coronacases_002_slice_0112.npy,/kaggle/working/scribble-uncertainty-lung-segmentation/data/pseudo_labels/teacher_tta_confidence/coronacases_002_slice_0112.npy,/kaggle/working/scribble-uncertainty-lung-segmentation/outputs/predictions/teacher_tta_probabilities/coronacases_002_slice_0112.npy,0.05,0,639,65536,22,347,0.6876267790794373,True
coronacases_002,113,/kaggle/working/scribble-uncertainty-lung-segmentation/data/pseudo_labels/teacher_tta_labels/coronacases_002_slice_0113.npy,/kaggle/working/scribble-uncertainty-lung-segmentation/data/pseudo_labels/teacher_tta_confidence/coronacases_002_slice_0113.npy,/kaggle/working/scribble-uncertainty-lung-segmentation/outputs/predictions/teacher_tta_probabilities/coronacases_002_slice_0113.npy,0.05,0,544,65536,24,363,0.694597601890564,True
coronacases_002,114,/kaggle/working/scribble-uncertainty-lung-segmentation/data/pseudo_labels/teacher_tta_labels/coronacases_002_slice_0114.npy,/kaggle/working/scribble-uncertainty-lung-segmentation/data/pseudo_labels/teacher_tta_confidence/coronacases_002_slice_0114.npy,/kaggle/working/scribble-uncertainty-lung-segmentation/outputs/predictions/teacher_tta_probabilities/coronacases_002_slice_0114.npy,0.05,0,441,65536,16,248,0.7053701281547546,True
coronacases_002,115,/kaggle/working/scribble-uncertainty-lung-segmentation/data/pseudo_labels/teacher_tta_labels/coronacases_002_slice_0115.npy,/kaggle/working/scribble-uncertainty-lung-segmentation/data/pseudo_labels/teacher_tta_confidence/coronacases_002_slice_0115.npy,/kaggle/working/scribble-uncertainty-lung-segmentation/outputs/predictions/teacher_tta_probabilities/coronacases_002_slice_0115.npy,0.05,0,383,65536,18,254,0.772370457649231,True
coronacases_002,116,/kaggle/working/scribble-uncertainty-lung-segmentation/data/pseudo_labels/teacher_tta_labels/coronacases_002_slice_0116.npy,/kaggle/working/scribble-uncertainty-lung-segmentation/data/pseudo_labels/teacher_tta_confidence/coronacases_002_slice_0116.npy,/kaggle/working/scribble-uncertainty-lung-segmentation/outputs/predictions/teacher_tta_probabilities/coronacases_002_slice_0116.npy,0.05,0,318,65536,8,216,0.7940074801445007,True
coronacases_002,117,/kaggle/working/scribble-uncertainty-lung-segmentation/data/pseudo_labels/teacher_tta_labels/coronacases_002_slice_0117.npy,/kaggle/working/scribble-uncertainty-lung-segmentation/data/pseudo_labels/teacher_tta_confidence/coronacases_002_slice_0117.npy,/kaggle/working/scribble-uncertainty-lung-segmentation/outputs/predictions/teacher_tta_probabilities/coronacases_002_slice_0117.npy,0.05,0,380,65536,16,320,0.8057143092155457,True
coronacases_002,118,/kaggle/working/scribble-uncertainty-lung-segmentation/data/pseudo_labels/teacher_tta_labels/coronacases_002_slice_0118.npy,/kaggle/working/scribble-uncertainty-lung-segmentation/data/pseudo_labels/teacher_tta_confidence/coronacases_002_slice_0118.npy,/kaggle/working/scribble-uncertainty-lung-segmentation/outputs/predictions/teacher_tta_probabilities/coronacases_002_slice_0118.npy,0.05,0,370,65536,19,319,0.7343976497650146,True
coronacases_002,119,/kaggle/working/scribble-uncertainty-lung-segmentation/data/pseudo_labels/teacher_tta_labels/coronacases_002_slice_0119.npy,/kaggle/working/scribble-uncertainty-lung-segmentation/data/pseudo_labels/teacher_tta_confidence/coronacases_002_slice_0119.npy,/kaggle/working/scribble-uncertainty-lung-segmentation/outputs/predictions/teacher_tta_probabilities/coronacases_002_slice_0119.npy,0.05,0,639,65536,23,422,0.7540056705474854,True
coronacases_002,120,/kaggle/working/scribble-uncertainty-lung-segmentation/data/pseudo_labels/teacher_tta_labels/coronacases_002_slice_0120.npy,/kaggle/working/scribble-uncertainty-lung-segmentation/data/pseudo_labels/teacher_tta_confidence/coronacases_002_slice_0120.npy,/kaggle/working/scribble-uncertainty-lung-segmentation/outputs/predictions/teacher_tta_probabilities/coronacases_002_slice_0120.npy,0.05,0,808,65536,30,520,0.6822289228439331,True
coronacases_002,121,/kaggle/working/scribble-uncertainty-lung-segmentation/data/pseudo_labels/teacher_tta_labels/coronacases_002_slice_0121.npy,/kaggle/working/scribble-uncertainty-lung-segmentation/data/pseudo_labels/teacher_tta_confidence/coronacases_002_slice_0121.npy,/kaggle/working/scribble-uncertainty-lung-segmentation/outputs/predictions/teacher_tta_probabilities/coronacases_002_slice_0121.npy,0.05,0,947,65536,39,762,0.7969573140144348,True
coronacases_002,122,/kaggle/working/scribble-uncertainty-lung-segmentation/data/pseudo_labels/teacher_tta_labels/coronacases_002_slice_0122.npy,/kaggle/working/scribble-uncertainty-lung-segmentation/data/pseudo_labels/teacher_tta_confidence/coronacases_002_slice_0122.npy,/kaggle/working/scribble-uncertainty-lung-segmentation/outputs/predictions/teacher_tta_probabilities/coronacases_002_slice_0122.npy,0.05,0,1051,65536,44,805,0.8243534564971924,True
coronacases_002,123,/kaggle/working/scribble-uncertainty-lung-segmentation/data/pseudo_labels/teacher_tta_labels/coronacases_002_slice_0123.npy,/kaggle/working/scribble-uncertainty-lung-segmentation/data/pseudo_labels/teacher_tta_confidence/coronacases_002_slice_0123.npy,/kaggle/working/scribble-uncertainty-lung-segmentation/outputs/predictions/teacher_tta_probabilities/coronacases_002_slice_0123.npy,0.05,0,1143,65536,47,841,0.8125,True
coronacases_002,124,/kaggle/working/scribble-uncertainty-lung-segmentation/data/pseudo_labels/teacher_tta_labels/coronacases_002_slice_0124.npy,/kaggle/working/scribble-uncertainty-lung-segmentation/data/pseudo_labels/teacher_tta_confidence/coronacases_002_slice_0124.npy,/kaggle/working/scribble-uncertainty-lung-segmentation/outputs/predictions/teacher_tta_probabilities/coronacases_002_slice_0124.npy,0.05,0,1165,65536,52,856,0.8184067010879517,True
coronacases_002,125,/kaggle/working/scribble-uncertainty-lung-segmentation/data/pseudo_labels/teacher_tta_labels/coronacases_002_slice_0125.npy,/kaggle/working/scribble-uncertainty-lung-segmentation/data/pseudo_labels/teacher_tta_confidence/coronacases_002_slice_0125.npy,/kaggle/working/scribble-uncertainty-lung-segmentation/outputs/predictions/teacher_tta_probabilities/coronacases_002_slice_0125.npy,0.05,0,1036,65536,32,714,0.8137142658233643,True
coronacases_002,126,/kaggle/working/scribble-uncertainty-lung-segmentation/data/pseudo_labels/teacher_tta_labels/coronacases_002_slice_0126.npy,/kaggle/working/scribble-uncertainty-lung-segmentation/data/pseudo_labels/teacher_tta_confidence/coronacases_002_slice_0126.npy,/kaggle/working/scribble-uncertainty-lung-segmentation/outputs/predictions/teacher_tta_probabilities/coronacases_002_slice_0126.npy,0.05,0,998,65536,22,750,0.8340961337089539,True
coronacases_002,127,/kaggle/working/scribble-uncertainty-lung-segmentation/data/pseudo_labels/teacher_tta_labels/coronacases_002_slice_0127.npy,/kaggle/working/scribble-uncertainty-lung-segmentation/data/pseudo_labels/teacher_tta_confidence/coronacases_002_slice_0127.npy,/kaggle/working/scribble-uncertainty-lung-segmentation/outputs/predictions/teacher_tta_probabilities/coronacases_002_slice_0127.npy,0.05,0,979,65536,16,704,0.8294711709022522,True
coronacases_002,128,/kaggle/working/scribble-uncertainty-lung-segmentation/data/pseudo_labels/teacher_tta_labels/coronacases_002_slice_0128.npy,/kaggle/working/scribble-uncertainty-lung-segmentation/data/pseudo_labels/teacher_tta_confidence/coronacases_002_slice_0128.npy,/kaggle/working/scribble-uncertainty-lung-segmentation/outputs/predictions/teacher_tta_probabilities/coronacases_002_slice_0128.npy,0.05,0,980,65536,23,714,0.8382526636123657,True
coronacases_002,129,/kaggle/working/scribble-uncertainty-lung-segmentation/data/pseudo_labels/teacher_tta_labels/coronacases_002_slice_0129.npy,/kaggle/working/scribble-uncertainty-lung-segmentation/data/pseudo_labels/teacher_tta_confidence/coronacases_002_slice_0129.npy,/kaggle/working/scribble-uncertainty-lung-segmentation/outputs/predictions/teacher_tta_probabilities/coronacases_002_slice_0129.npy,0.05,0,958,65536,28,806,0.8786848187446594,True
coronacases_002,130,/kaggle/working/scribble-uncertainty-lung-segmentation/data/pseudo_labels/teacher_tta_labels/coronacases_002_slice_0130.npy,/kaggle/working/scribble-uncertainty-lung-segmentation/data/pseudo_labels/teacher_tta_confidence/coronacases_002_slice_0130.npy,/kaggle/working/scribble-uncertainty-lung-segmentation/outputs/predictions/teacher_tta_probabilities/coronacases_002_slice_0130.npy,0.05,0,957,65536,31,779,0.8640552759170532,True
coronacases_002,131,/kaggle/working/scribble-uncertainty-lung-segmentation/data/pseudo_labels/teacher_tta_labels/coronacases_002_slice_0131.npy,/kaggle/working/scribble-uncertainty-lung-segmentation/data/pseudo_labels/teacher_tta_confidence/coronacases_002_slice_0131.npy,/kaggle/working/scribble-uncertainty-lung-segmentation/outputs/predictions/teacher_tta_probabilities/coronacases_002_slice_0131.npy,0.05,0,961,65536,38,819,0.8561797738075256,True
coronacases_002,132,/kaggle/working/scribble-uncertainty-lung-segmentation/data/pseudo_labels/teacher_tta_labels/coronacases_002_slice_0132.npy,/kaggle/working/scribble-uncertainty-lung-segmentation/data/pseudo_labels/teacher_tta_confidence/coronacases_002_slice_0132.npy,/kaggle/working/scribble-uncertainty-lung-segmentation/outputs/predictions/teacher_tta_probabilities/coronacases_002_slice_0132.npy,0.05,0,1080,65536,46,872,0.8637295365333557,True
coronacases_002,133,/kaggle/working/scribble-uncertainty-lung-segmentation/data/pseudo_labels/teacher_tta_labels/coronacases_002_slice_0133.npy,/kaggle/working/scribble-uncertainty-lung-segmentation/data/pseudo_labels/teacher_tta_confidence/coronacases_002_slice_0133.npy,/kaggle/working/scribble-uncertainty-lung-segmentation/outputs/predictions/teacher_tta_probabilities/coronacases_002_slice_0133.npy,0.05,0,1032,65536,37,815,0.8402815461158752,True
coronacases_002,134,/kaggle/working/scribble-uncertainty-lung-segmentation/data/pseudo_labels/teacher_tta_labels/coronacases_002_slice_0134.npy,/kaggle/working/scribble-uncertainty-lung-segmentation/data/pseudo_labels/teacher_tta_confidence/coronacases_002_slice_0134.npy,/kaggle/working/scribble-uncertainty-lung-segmentation/outputs/predictions/teacher_tta_probabilities/coronacases_002_slice_0134.npy,0.05,0,1070,65536,34,822,0.8498942852020264,True
coronacases_002,135,/kaggle/working/scribble-uncertainty-lung-segmentation/data/pseudo_labels/teacher_tta_labels/coronacases_002_slice_0135.npy,/kaggle/working/scribble-uncertainty-lung-segmentation/data/pseudo_labels/teacher_tta_confidence/coronacases_002_slice_0135.npy,/kaggle/working/scribble-uncertainty-lung-segmentation/outputs/predictions/teacher_tta_probabilities/coronacases_002_slice_0135.npy,0.05,0,1106,65536,41,840,0.844809889793396,True
coronacases_002,136,/kaggle/working/scribble-uncertainty-lung-segmentation/data/pseudo_labels/teacher_tta_labels/coronacases_002_slice_0136.npy,/kaggle/working/scribble-uncertainty-lung-segmentation/data/pseudo_labels/teacher_tta_confidence/coronacases_002_slice_0136.npy,/kaggle/working/scribble-uncertainty-lung-segmentation/outputs/predictions/teacher_tta_probabilities/coronacases_002_slice_0136.npy,0.05,0,1203,65536,30,888,0.8369201421737671,True
coronacases_002,137,/kaggle/working/scribble-uncertainty-lung-segmentation/data/pseudo_labels/teacher_tta_labels/coronacases_002_slice_0137.npy,/kaggle/working/scribble-uncertainty-lung-segmentation/data/pseudo_labels/teacher_tta_confidence/coronacases_002_slice_0137.npy,/kaggle/working/scribble-uncertainty-lung-segmentation/outputs/predictions/teacher_tta_probabilities/coronacases_002_slice_0137.npy,0.05,0,1193,65536,36,978,0.8843850493431091,True
coronacases_002,138,/kaggle/working/scribble-uncertainty-lung-segmentation/data/pseudo_labels/teacher_tta_labels/coronacases_002_slice_0138.npy,/kaggle/working/scribble-uncertainty-lung-segmentation/data/pseudo_labels/teacher_tta_confidence/coronacases_002_slice_0138.npy,/kaggle/working/scribble-uncertainty-lung-segmentation/outputs/predictions/teacher_tta_probabilities/coronacases_002_slice_0138.npy,0.05,0,1147,65536,44,947,0.8662846088409424,True
coronacases_002,139,/kaggle/working/scribble-uncertainty-lung-segmentation/data/pseudo_labels/teacher_tta_labels/coronacases_002_slice_0139.npy,/kaggle/working/scribble-uncertainty-lung-segmentation/data/pseudo_labels/teacher_tta_confidence/coronacases_002_slice_0139.npy,/kaggle/working/scribble-uncertainty-lung-segmentation/outputs/predictions/teacher_tta_probabilities/coronacases_002_slice_0139.npy,0.05,0,1105,65536,38,825,0.8341968655586243,True
coronacases_002,140,/kaggle/working/scribble-uncertainty-lung-segmentation/data/pseudo_labels/teacher_tta_labels/coronacases_002_slice_0140.npy,/kaggle/working/scribble-uncertainty-lung-segmentation/data/pseudo_labels/teacher_tta_confidence/coronacases_002_slice_0140.npy,/kaggle/working/scribble-uncertainty-lung-segmentation/outputs/predictions/teacher_tta_probabilities/coronacases_002_slice_0140.npy,0.05,0,1078,65536,48,941,0.870728075504303,True
coronacases_002,141,/kaggle/working/scribble-uncertainty-lung-segmentation/data/pseudo_labels/teacher_tta_labels/coronacases_002_slice_0141.npy,/kaggle/working/scribble-uncertainty-lung-segmentation/data/pseudo_labels/teacher_tta_confidence/coronacases_002_slice_0141.npy,/kaggle/working/scribble-uncertainty-lung-segmentation/outputs/predictions/teacher_tta_probabilities/coronacases_002_slice_0141.npy,0.05,0,1059,65536,40,882,0.8346213102340698,True
coronacases_002,142,/kaggle/working/scribble-uncertainty-lung-segmentation/data/pseudo_labels/teacher_tta_labels/coronacases_002_slice_0142.npy,/kaggle/working/scribble-uncertainty-lung-segmentation/data/pseudo_labels/teacher_tta_confidence/coronacases_002_slice_0142.npy,/kaggle/working/scribble-uncertainty-lung-segmentation/outputs/predictions/teacher_tta_probabilities/coronacases_002_slice_0142.npy,0.05,0,961,65536,35,813,0.8669673204421997,True
coronacases_002,143,/kaggle/working/scribble-uncertainty-lung-segmentation/data/pseudo_labels/teacher_tta_labels/coronacases_002_slice_0143.npy,/kaggle/working/scribble-uncertainty-lung-segmentation/data/pseudo_labels/teacher_tta_confidence/coronacases_002_slice_0143.npy,/kaggle/working/scribble-uncertainty-lung-segmentation/outputs/predictions/teacher_tta_probabilities/coronacases_002_slice_0143.npy,0.05,0,944,65536,23,840,0.9002242088317871,True
coronacases_002,144,/kaggle/working/scribble-uncertainty-lung-segmentation/data/pseudo_labels/teacher_tta_labels/coronacases_002_slice_0144.npy,/kaggle/working/scribble-uncertainty-lung-segmentation/data/pseudo_labels/teacher_tta_confidence/coronacases_002_slice_0144.npy,/kaggle/working/scribble-uncertainty-lung-segmentation/outputs/predictions/teacher_tta_probabilities/coronacases_002_slice_0144.npy,0.05,0,964,65536,50,876,0.8673912882804871,True
coronacases_002,145,/kaggle/working/scribble-uncertainty-lung-segmentation/data/pseudo_labels/teacher_tta_labels/coronacases_002_slice_0145.npy,/kaggle/working/scribble-uncertainty-lung-segmentation/data/pseudo_labels/teacher_tta_confidence/coronacases_002_slice_0145.npy,/kaggle/working/scribble-uncertainty-lung-segmentation/outputs/predictions/teacher_tta_probabilities/coronacases_002_slice_0145.npy,0.05,0,1009,65536,43,890,0.8741443157196045,True
coronacases_002,146,/kaggle/working/scribble-uncertainty-lung-segmentation/data/pseudo_labels/teacher_tta_labels/coronacases_002_slice_0146.npy,/kaggle/working/scribble-uncertainty-lung-segmentation/data/pseudo_labels/teacher_tta_confidence/coronacases_002_slice_0146.npy,/kaggle/working/scribble-uncertainty-lung-segmentation/outputs/predictions/teacher_tta_probabilities/coronacases_002_slice_0146.npy,0.05,0,1066,65536,37,869,0.8506460189819336,True
coronacases_002,147,/kaggle/working/scribble-uncertainty-lung-segmentation/data/pseudo_labels/teacher_tta_labels/coronacases_002_slice_0147.npy,/kaggle/working/scribble-uncertainty-lung-segmentation/data/pseudo_labels/teacher_tta_confidence/coronacases_002_slice_0147.npy,/kaggle/working/scribble-uncertainty-lung-segmentation/outputs/predictions/teacher_tta_probabilities/coronacases_002_slice_0147.npy,0.05,0,1140,65536,43,934,0.8813886046409607,True
coronacases_002,148,/kaggle/working/scribble-uncertainty-lung-segmentation/data/pseudo_labels/teacher_tta_labels/coronacases_002_slice_0148.npy,/kaggle/working/scribble-uncertainty-lung-segmentation/data/pseudo_labels/teacher_tta_confidence/coronacases_002_slice_0148.npy,/kaggle/working/scribble-uncertainty-lung-segmentation/outputs/predictions/teacher_tta_probabilities/coronacases_002_slice_0148.npy,0.05,0,1157,65536,54,898,0.8700730204582214,True
coronacases_002,149,/kaggle/working/scribble-uncertainty-lung-segmentation/data/pseudo_labels/teacher_tta_labels/coronacases_002_slice_0149.npy,/kaggle/working/scribble-uncertainty-lung-segmentation/data/pseudo_labels/teacher_tta_confidence/coronacases_002_slice_0149.npy,/kaggle/working/scribble-uncertainty-lung-segmentation/outputs/predictions/teacher_tta_probabilities/coronacases_002_slice_0149.npy,0.05,0,1111,65536,56,914,0.8553086519241333,True
coronacases_002,150,/kaggle/working/scribble-uncertainty-lung-segmentation/data/pseudo_labels/teacher_tta_labels/coronacases_002_slice_0150.npy,/kaggle/working/scribble-uncertainty-lung-segmentation/data/pseudo_labels/teacher_tta_confidence/coronacases_002_slice_0150.npy,/kaggle/working/scribble-uncertainty-lung-segmentation/outputs/predictions/teacher_tta_probabilities/coronacases_002_slice_0150.npy,0.05,0,1058,65536,58,867,0.8841558694839478,True
coronacases_002,151,/kaggle/working/scribble-uncertainty-lung-segmentation/data/pseudo_labels/teacher_tta_labels/coronacases_002_slice_0151.npy,/kaggle/working/scribble-uncertainty-lung-segmentation/data/pseudo_labels/teacher_tta_confidence/coronacases_002_slice_0151.npy,/kaggle/working/scribble-uncertainty-lung-segmentation/outputs/predictions/teacher_tta_probabilities/coronacases_002_slice_0151.npy,0.05,0,1006,65536,52,760,0.8471121191978455,True
coronacases_002,152,/kaggle/working/scribble-uncertainty-lung-segmentation/data/pseudo_labels/teacher_tta_labels/coronacases_002_slice_0152.npy,/kaggle/working/scribble-uncertainty-lung-segmentation/data/pseudo_labels/teacher_tta_confidence/coronacases_002_slice_0152.npy,/kaggle/working/scribble-uncertainty-lung-segmentation/outputs/predictions/teacher_tta_probabilities/coronacases_002_slice_0152.npy,0.05,0,929,65536,39,774,0.8596594333648682,True
coronacases_002,153,/kaggle/working/scribble-uncertainty-lung-segmentation/data/pseudo_labels/teacher_tta_labels/coronacases_002_slice_0153.npy,/kaggle/working/scribble-uncertainty-lung-segmentation/data/pseudo_labels/teacher_tta_confidence/coronacases_002_slice_0153.npy,/kaggle/working/scribble-uncertainty-lung-segmentation/outputs/predictions/teacher_tta_probabilities/coronacases_002_slice_0153.npy,0.05,0,817,65536,28,632,0.8530020713806152,True
coronacases_002,154,/kaggle/working/scribble-uncertainty-lung-segmentation/data/pseudo_labels/teacher_tta_labels/coronacases_002_slice_0154.npy,/kaggle/working/scribble-uncertainty-lung-segmentation/data/pseudo_labels/teacher_tta_confidence/coronacases_002_slice_0154.npy,/kaggle/working/scribble-uncertainty-lung-segmentation/outputs/predictions/teacher_tta_probabilities/coronacases_002_slice_0154.npy,0.05,0,749,65536,25,530,0.7959343194961548,True
coronacases_002,155,/kaggle/working/scribble-uncertainty-lung-segmentation/data/pseudo_labels/teacher_tta_labels/coronacases_002_slice_0155.npy,/kaggle/working/scribble-uncertainty-lung-segmentation/data/pseudo_labels/teacher_tta_confidence/coronacases_002_slice_0155.npy,/kaggle/working/scribble-uncertainty-lung-segmentation/outputs/predictions/teacher_tta_probabilities/coronacases_002_slice_0155.npy,0.05,0,622,65536,28,473,0.8474885821342468,True
coronacases_002,156,/kaggle/working/scribble-uncertainty-lung-segmentation/data/pseudo_labels/teacher_tta_labels/coronacases_002_slice_0156.npy,/kaggle/working/scribble-uncertainty-lung-segmentation/data/pseudo_labels/teacher_tta_confidence/coronacases_002_slice_0156.npy,/kaggle/working/scribble-uncertainty-lung-segmentation/outputs/predictions/teacher_tta_probabilities/coronacases_002_slice_0156.npy,0.05,0,516,65536,22,373,0.728908896446228,True
coronacases_002,157,/kaggle/working/scribble-uncertainty-lung-segmentation/data/pseudo_labels/teacher_tta_labels/coronacases_002_slice_0157.npy,/kaggle/working/scribble-uncertainty-lung-segmentation/data/pseudo_labels/teacher_tta_confidence/coronacases_002_slice_0157.npy,/kaggle/working/scribble-uncertainty-lung-segmentation/outputs/predictions/teacher_tta_probabilities/coronacases_002_slice_0157.npy,0.05,0,398,65536,16,293,0.7959479093551636,True
coronacases_002,158,/kaggle/working/scribble-uncertainty-lung-segmentation/data/pseudo_labels/teacher_tta_labels/coronacases_002_slice_0158.npy,/kaggle/working/scribble-uncertainty-lung-segmentation/data/pseudo_labels/teacher_tta_confidence/coronacases_002_slice_0158.npy,/kaggle/working/scribble-uncertainty-lung-segmentation/outputs/predictions/teacher_tta_probabilities/coronacases_002_slice_0158.npy,0.05,0,423,65536,8,292,0.7972028255462646,True
coronacases_002,159,/kaggle/working/scribble-uncertainty-lung-segmentation/data/pseudo_labels/teacher_tta_labels/coronacases_002_slice_0159.npy,/kaggle/working/scribble-uncertainty-lung-segmentation/data/pseudo_labels/teacher_tta_confidence/coronacases_002_slice_0159.npy,/kaggle/working/scribble-uncertainty-lung-segmentation/outputs/predictions/teacher_tta_probabilities/coronacases_002_slice_0159.npy,0.05,0,390,65536,14,225,0.7317073345184326,True
coronacases_002,160,/kaggle/working/scribble-uncertainty-lung-segmentation/data/pseudo_labels/teacher_tta_labels/coronacases_002_slice_0160.npy,/kaggle/working/scribble-uncertainty-lung-segmentation/data/pseudo_labels/teacher_tta_confidence/coronacases_002_slice_0160.npy,/kaggle/working/scribble-uncertainty-lung-segmentation/outputs/predictions/teacher_tta_probabilities/coronacases_002_slice_0160.npy,0.05,0,345,65536,10,194,0.7124304175376892,True
coronacases_002,161,/kaggle/working/scribble-uncertainty-lung-segmentation/data/pseudo_labels/teacher_tta_labels/coronacases_002_slice_0161.npy,/kaggle/working/scribble-uncertainty-lung-segmentation/data/pseudo_labels/teacher_tta_confidence/coronacases_002_slice_0161.npy,/kaggle/working/scribble-uncertainty-lung-segmentation/outputs/predictions/teacher_tta_probabilities/coronacases_002_slice_0161.npy,0.05,0,133,65536,4,77,0.7333333492279053,True
coronacases_002,162,/kaggle/working/scribble-uncertainty-lung-segmentation/data/pseudo_labels/teacher_tta_labels/coronacases_002_slice_0162.npy,/kaggle/working/scribble-uncertainty-lung-segmentation/data/pseudo_labels/teacher_tta_confidence/coronacases_002_slice_0162.npy,/kaggle/working/scribble-uncertainty-lung-segmentation/outputs/predictions/teacher_tta_probabilities/coronacases_002_slice_0162.npy,0.05,0,144,65536,7,89,0.7639485001564026,True
coronacases_002,163,/kaggle/working/scribble-uncertainty-lung-segmentation/data/pseudo_labels/teacher_tta_labels/coronacases_002_slice_0163.npy,/kaggle/working/scribble-uncertainty-lung-segmentation/data/pseudo_labels/teacher_tta_confidence/coronacases_002_slice_0163.npy,/kaggle/working/scribble-uncertainty-lung-segmentation/outputs/predictions/teacher_tta_probabilities/coronacases_002_slice_0163.npy,0.05,0,148,65536,8,92,0.7333333492279053,True
coronacases_002,164,/kaggle/working/scribble-uncertainty-lung-segmentation/data/pseudo_labels/teacher_tta_labels/coronacases_002_slice_0164.npy,/kaggle/working/scribble-uncertainty-lung-segmentation/data/pseudo_labels/teacher_tta_confidence/coronacases_002_slice_0164.npy,/kaggle/working/scribble-uncertainty-lung-segmentation/outputs/predictions/teacher_tta_probabilities/coronacases_002_slice_0164.npy,0.05,0,131,65536,4,76,0.7342995405197144,True
coronacases_002,165,/kaggle/working/scribble-uncertainty-lung-segmentation/data/pseudo_labels/teacher_tta_labels/coronacases_002_slice_0165.npy,/kaggle/working/scribble-uncertainty-lung-segmentation/data/pseudo_labels/teacher_tta_confidence/coronacases_002_slice_0165.npy,/kaggle/working/scribble-uncertainty-lung-segmentation/outputs/predictions/teacher_tta_probabilities/coronacases_002_slice_0165.npy,0.05,0,108,65536,8,75,0.8087431788444519,True
coronacases_002,166,/kaggle/working/scribble-uncertainty-lung-segmentation/data/pseudo_labels/teacher_tta_labels/coronacases_002_slice_0166.npy,/kaggle/working/scribble-uncertainty-lung-segmentation/data/pseudo_labels/teacher_tta_confidence/coronacases_002_slice_0166.npy,/kaggle/working/scribble-uncertainty-lung-segmentation/outputs/predictions/teacher_tta_probabilities/coronacases_002_slice_0166.npy,0.05,0,56,65536,4,46,0.6666666865348816,True
coronacases_002,167,/kaggle/working/scribble-uncertainty-lung-segmentation/data/pseudo_labels/teacher_tta_labels/coronacases_002_slice_0167.npy,/kaggle/working/scribble-uncertainty-lung-segmentation/data/pseudo_labels/teacher_tta_confidence/coronacases_002_slice_0167.npy,/kaggle/working/scribble-uncertainty-lung-segmentation/outputs/predictions/teacher_tta_probabilities/coronacases_002_slice_0167.npy,0.05,0,4,65536,4,32,0.2222222238779068,True
coronacases_002,168,/kaggle/working/scribble-uncertainty-lung-segmentation/data/pseudo_labels/teacher_tta_labels/coronacases_002_slice_0168.npy,/kaggle/working/scribble-uncertainty-lung-segmentation/data/pseudo_labels/teacher_tta_confidence/coronacases_002_slice_0168.npy,/kaggle/working/scribble-uncertainty-lung-segmentation/outputs/predictions/teacher_tta_probabilities/coronacases_002_slice_0168.npy,0.05,0,0,65536,0,0,1.0,False
coronacases_002,169,/kaggle/working/scribble-uncertainty-lung-segmentation/data/pseudo_labels/teacher_tta_labels/coronacases_002_slice_0169.npy,/kaggle/working/scribble-uncertainty-lung-segmentation/data/pseudo_labels/teacher_tta_confidence/coronacases_002_slice_0169.npy,/kaggle/working/scribble-uncertainty-lung-segmentation/outputs/predictions/teacher_tta_probabilities/coronacases_002_slice_0169.npy,0.05,0,0,65536,0,0,1.0,False
coronacases_002,170,/kaggle/working/scribble-uncertainty-lung-segmentation/data/pseudo_labels/teacher_tta_labels/coronacases_002_slice_0170.npy,/kaggle/working/scribble-uncertainty-lung-segmentation/data/pseudo_labels/teacher_tta_confidence/coronacases_002_slice_0170.npy,/kaggle/working/scribble-uncertainty-lung-segmentation/outputs/predictions/teacher_tta_probabilities/coronacases_002_slice_0170.npy,0.05,0,0,65536,0,0,1.0,False
coronacases_002,171,/kaggle/working/scribble-uncertainty-lung-segmentation/data/pseudo_labels/teacher_tta_labels/coronacases_002_slice_0171.npy,/kaggle/working/scribble-uncertainty-lung-segmentation/data/pseudo_labels/teacher_tta_confidence/coronacases_002_slice_0171.npy,/kaggle/working/scribble-uncertainty-lung-segmentation/outputs/predictions/teacher_tta_probabilities/coronacases_002_slice_0171.npy,0.05,0,0,65536,0,0,1.0,False
coronacases_002,172,/kaggle/working/scribble-uncertainty-lung-segmentation/data/pseudo_labels/teacher_tta_labels/coronacases_002_slice_0172.npy,/kaggle/working/scribble-uncertainty-lung-segmentation/data/pseudo_labels/teacher_tta_confidence/coronacases_002_slice_0172.npy,/kaggle/working/scribble-uncertainty-lung-segmentation/outputs/predictions/teacher_tta_probabilities/coronacases_002_slice_0172.npy,0.05,0,0,65536,0,0,1.0,False
coronacases_002,173,/kaggle/working/scribble-uncertainty-lung-segmentation/data/pseudo_labels/teacher_tta_labels/coronacases_002_slice_0173.npy,/kaggle/working/scribble-uncertainty-lung-segmentation/data/pseudo_labels/teacher_tta_confidence/coronacases_002_slice_0173.npy,/kaggle/working/scribble-uncertainty-lung-segmentation/outputs/predictions/teacher_tta_probabilities/coronacases_002_slice_0173.npy,0.05,0,0,65536,0,0,1.0,False
coronacases_002,174,/kaggle/working/scribble-uncertainty-lung-segmentation/data/pseudo_labels/teacher_tta_labels/coronacases_002_slice_0174.npy,/kaggle/working/scribble-uncertainty-lung-segmentation/data/pseudo_labels/teacher_tta_confidence/coronacases_002_slice_0174.npy,/kaggle/working/scribble-uncertainty-lung-segmentation/outputs/predictions/teacher_tta_probabilities/coronacases_002_slice_0174.npy,0.05,0,0,65536,0,0,1.0,False
coronacases_002,175,/kaggle/working/scribble-uncertainty-lung-segmentation/data/pseudo_labels/teacher_tta_labels/coronacases_002_slice_0175.npy,/kaggle/working/scribble-uncertainty-lung-segmentation/data/pseudo_labels/teacher_tta_confidence/coronacases_002_slice_0175.npy,/kaggle/working/scribble-uncertainty-lung-segmentation/outputs/predictions/teacher_tta_probabilities/coronacases_002_slice_0175.npy,0.05,0,21,65536,0,0,4.761904648376003e-09,False
coronacases_002,176,/kaggle/working/scribble-uncertainty-lung-segmentation/data/pseudo_labels/teacher_tta_labels/coronacases_002_slice_0176.npy,/kaggle/working/scribble-uncertainty-lung-segmentation/data/pseudo_labels/teacher_tta_confidence/coronacases_002_slice_0176.npy,/kaggle/working/scribble-uncertainty-lung-segmentation/outputs/predictions/teacher_tta_probabilities/coronacases_002_slice_0176.npy,0.05,0,8,65536,0,0,1.2500000146076218e-08,False
coronacases_002,177,/kaggle/working/scribble-uncertainty-lung-segmentation/data/pseudo_labels/teacher_tta_labels/coronacases_002_slice_0177.npy,/kaggle/working/scribble-uncertainty-lung-segmentation/data/pseudo_labels/teacher_tta_confidence/coronacases_002_slice_0177.npy,/kaggle/working/scribble-uncertainty-lung-segmentation/outputs/predictions/teacher_tta_probabilities/coronacases_002_slice_0177.npy,0.05,0,0,65536,0,0,1.0,False
coronacases_002,178,/kaggle/working/scribble-uncertainty-lung-segmentation/data/pseudo_labels/teacher_tta_labels/coronacases_002_slice_0178.npy,/kaggle/working/scribble-uncertainty-lung-segmentation/data/pseudo_labels/teacher_tta_confidence/coronacases_002_slice_0178.npy,/kaggle/working/scribble-uncertainty-lung-segmentation/outputs/predictions/teacher_tta_probabilities/coronacases_002_slice_0178.npy,0.05,0,0,65536,0,0,1.0,False
coronacases_002,179,/kaggle/working/scribble-uncertainty-lung-segmentation/data/pseudo_labels/teacher_tta_labels/coronacases_002_slice_0179.npy,/kaggle/working/scribble-uncertainty-lung-segmentation/data/pseudo_labels/teacher_tta_confidence/coronacases_002_slice_0179.npy,/kaggle/working/scribble-uncertainty-lung-segmentation/outputs/predictions/teacher_tta_probabilities/coronacases_002_slice_0179.npy,0.05,0,0,65536,0,0,1.0,False
coronacases_002,180,/kaggle/working/scribble-uncertainty-lung-segmentation/data/pseudo_labels/teacher_tta_labels/coronacases_002_slice_0180.npy,/kaggle/working/scribble-uncertainty-lung-segmentation/data/pseudo_labels/teacher_tta_confidence/coronacases_002_slice_0180.npy,/kaggle/working/scribble-uncertainty-lung-segmentation/outputs/predictions/teacher_tta_probabilities/coronacases_002_slice_0180.npy,0.05,0,0,65536,0,0,1.0,False
coronacases_002,181,/kaggle/working/scribble-uncertainty-lung-segmentation/data/pseudo_labels/teacher_tta_labels/coronacases_002_slice_0181.npy,/kaggle/working/scribble-uncertainty-lung-segmentation/data/pseudo_labels/teacher_tta_confidence/coronacases_002_slice_0181.npy,/kaggle/working/scribble-uncertainty-lung-segmentation/outputs/predictions/teacher_tta_probabilities/coronacases_002_slice_0181.npy,0.05,0,0,65536,0,0,1.0,False
coronacases_002,182,/kaggle/working/scribble-uncertainty-lung-segmentation/data/pseudo_labels/teacher_tta_labels/coronacases_002_slice_0182.npy,/kaggle/working/scribble-uncertainty-lung-segmentation/data/pseudo_labels/teacher_tta_confidence/coronacases_002_slice_0182.npy,/kaggle/working/scribble-uncertainty-lung-segmentation/outputs/predictions/teacher_tta_probabilities/coronacases_002_slice_0182.npy,0.05,0,0,65536,0,0,1.0,False
coronacases_005,15,/kaggle/working/scribble-uncertainty-lung-segmentation/data/pseudo_labels/teacher_tta_labels/coronacases_005_slice_0015.npy,/kaggle/working/scribble-uncertainty-lung-segmentation/data/pseudo_labels/teacher_tta_confidence/coronacases_005_slice_0015.npy,/kaggle/working/scribble-uncertainty-lung-segmentation/outputs/predictions/teacher_tta_probabilities/coronacases_005_slice_0015.npy,0.05,0,0,65536,0,0,1.0,False
coronacases_005,16,/kaggle/working/scribble-uncertainty-lung-segmentation/data/pseudo_labels/teacher_tta_labels/coronacases_005_slice_0016.npy,/kaggle/working/scribble-uncertainty-lung-segmentation/data/pseudo_labels/teacher_tta_confidence/coronacases_005_slice_0016.npy,/kaggle/working/scribble-uncertainty-lung-segmentation/outputs/predictions/teacher_tta_probabilities/coronacases_005_slice_0016.npy,0.05,0,0,65536,0,0,1.0,False
coronacases_005,17,/kaggle/working/scribble-uncertainty-lung-segmentation/data/pseudo_labels/teacher_tta_labels/coronacases_005_slice_0017.npy,/kaggle/working/scribble-uncertainty-lung-segmentation/data/pseudo_labels/teacher_tta_confidence/coronacases_005_slice_0017.npy,/kaggle/working/scribble-uncertainty-lung-segmentation/outputs/predictions/teacher_tta_probabilities/coronacases_005_slice_0017.npy,0.05,0,0,65536,0,0,1.0,False
coronacases_005,18,/kaggle/working/scribble-uncertainty-lung-segmentation/data/pseudo_labels/teacher_tta_labels/coronacases_005_slice_0018.npy,/kaggle/working/scribble-uncertainty-lung-segmentation/data/pseudo_labels/teacher_tta_confidence/coronacases_005_slice_0018.npy,/kaggle/working/scribble-uncertainty-lung-segmentation/outputs/predictions/teacher_tta_probabilities/coronacases_005_slice_0018.npy,0.05,0,0,65536,0,0,1.0,False
coronacases_005,19,/kaggle/working/scribble-uncertainty-lung-segmentation/data/pseudo_labels/teacher_tta_labels/coronacases_005_slice_0019.npy,/kaggle/working/scribble-uncertainty-lung-segmentation/data/pseudo_labels/teacher_tta_confidence/coronacases_005_slice_0019.npy,/kaggle/working/scribble-uncertainty-lung-segmentation/outputs/predictions/teacher_tta_probabilities/coronacases_005_slice_0019.npy,0.05,0,0,65536,0,0,1.0,False
coronacases_005,20,/kaggle/working/scribble-uncertainty-lung-segmentation/data/pseudo_labels/teacher_tta_labels/coronacases_005_slice_0020.npy,/kaggle/working/scribble-uncertainty-lung-segmentation/data/pseudo_labels/teacher_tta_confidence/coronacases_005_slice_0020.npy,/kaggle/working/scribble-uncertainty-lung-segmentation/outputs/predictions/teacher_tta_probabilities/coronacases_005_slice_0020.npy,0.05,0,0,65536,0,0,1.0,False
coronacases_005,21,/kaggle/working/scribble-uncertainty-lung-segmentation/data/pseudo_labels/teacher_tta_labels/coronacases_005_slice_0021.npy,/kaggle/working/scribble-uncertainty-lung-segmentation/data/pseudo_labels/teacher_tta_confidence/coronacases_005_slice_0021.npy,/kaggle/working/scribble-uncertainty-lung-segmentation/outputs/predictions/teacher_tta_probabilities/coronacases_005_slice_0021.npy,0.05,0,0,65536,0,0,1.0,False
coronacases_005,22,/kaggle/working/scribble-uncertainty-lung-segmentation/data/pseudo_labels/teacher_tta_labels/coronacases_005_slice_0022.npy,/kaggle/working/scribble-uncertainty-lung-segmentation/data/pseudo_labels/teacher_tta_confidence/coronacases_005_slice_0022.npy,/kaggle/working/scribble-uncertainty-lung-segmentation/outputs/predictions/teacher_tta_probabilities/coronacases_005_slice_0022.npy,0.05,0,0,65536,0,0,1.0,False
coronacases_005,23,/kaggle/working/scribble-uncertainty-lung-segmentation/data/pseudo_labels/teacher_tta_labels/coronacases_005_slice_0023.npy,/kaggle/working/scribble-uncertainty-lung-segmentation/data/pseudo_labels/teacher_tta_confidence/coronacases_005_slice_0023.npy,/kaggle/working/scribble-uncertainty-lung-segmentation/outputs/predictions/teacher_tta_probabilities/coronacases_005_slice_0023.npy,0.05,0,0,65536,0,0,1.0,False
coronacases_005,24,/kaggle/working/scribble-uncertainty-lung-segmentation/data/pseudo_labels/teacher_tta_labels/coronacases_005_slice_0024.npy,/kaggle/working/scribble-uncertainty-lung-segmentation/data/pseudo_labels/teacher_tta_confidence/coronacases_005_slice_0024.npy,/kaggle/working/scribble-uncertainty-lung-segmentation/outputs/predictions/teacher_tta_probabilities/coronacases_005_slice_0024.npy,0.05,0,2,65536,0,0,5.000000058430487e-08,False
coronacases_005,25,/kaggle/working/scribble-uncertainty-lung-segmentation/data/pseudo_labels/teacher_tta_labels/coronacases_005_slice_0025.npy,/kaggle/working/scribble-uncertainty-lung-segmentation/data/pseudo_labels/teacher_tta_confidence/coronacases_005_slice_0025.npy,/kaggle/working/scribble-uncertainty-lung-segmentation/outputs/predictions/teacher_tta_probabilities/coronacases_005_slice_0025.npy,0.05,0,0,65536,0,0,1.0,False
coronacases_005,26,/kaggle/working/scribble-uncertainty-lung-segmentation/data/pseudo_labels/teacher_tta_labels/coronacases_005_slice_0026.npy,/kaggle/working/scribble-uncertainty-lung-segmentation/data/pseudo_labels/teacher_tta_confidence/coronacases_005_slice_0026.npy,/kaggle/working/scribble-uncertainty-lung-segmentation/outputs/predictions/teacher_tta_probabilities/coronacases_005_slice_0026.npy,0.05,0,0,65536,0,0,1.0,False
coronacases_005,27,/kaggle/working/scribble-uncertainty-lung-segmentation/data/pseudo_labels/teacher_tta_labels/coronacases_005_slice_0027.npy,/kaggle/working/scribble-uncertainty-lung-segmentation/data/pseudo_labels/teacher_tta_confidence/coronacases_005_slice_0027.npy,/kaggle/working/scribble-uncertainty-lung-segmentation/outputs/predictions/teacher_tta_probabilities/coronacases_005_slice_0027.npy,0.05,0,18,65536,0,0,5.5555555711350735e-09,False
coronacases_005,28,/kaggle/working/scribble-uncertainty-lung-segmentation/data/pseudo_labels/teacher_tta_labels/coronacases_005_slice_0028.npy,/kaggle/working/scribble-uncertainty-lung-segmentation/data/pseudo_labels/teacher_tta_confidence/coronacases_005_slice_0028.npy,/kaggle/working/scribble-uncertainty-lung-segmentation/outputs/predictions/teacher_tta_probabilities/coronacases_005_slice_0028.npy,0.05,0,1,65536,0,0,9.999998695775503e-08,False
coronacases_005,29,/kaggle/working/scribble-uncertainty-lung-segmentation/data/pseudo_labels/teacher_tta_labels/coronacases_005_slice_0029.npy,/kaggle/working/scribble-uncertainty-lung-segmentation/data/pseudo_labels/teacher_tta_confidence/coronacases_005_slice_0029.npy,/kaggle/working/scribble-uncertainty-lung-segmentation/outputs/predictions/teacher_tta_probabilities/coronacases_005_slice_0029.npy,0.05,0,0,65536,0,0,1.0,False
coronacases_005,30,/kaggle/working/scribble-uncertainty-lung-segmentation/data/pseudo_labels/teacher_tta_labels/coronacases_005_slice_0030.npy,/kaggle/working/scribble-uncertainty-lung-segmentation/data/pseudo_labels/teacher_tta_confidence/coronacases_005_slice_0030.npy,/kaggle/working/scribble-uncertainty-lung-segmentation/outputs/predictions/teacher_tta_probabilities/coronacases_005_slice_0030.npy,0.05,0,0,65536,0,0,1.0,False
coronacases_005,31,/kaggle/working/scribble-uncertainty-lung-segmentation/data/pseudo_labels/teacher_tta_labels/coronacases_005_slice_0031.npy,/kaggle/working/scribble-uncertainty-lung-segmentation/data/pseudo_labels/teacher_tta_confidence/coronacases_005_slice_0031.npy,/kaggle/working/scribble-uncertainty-lung-segmentation/outputs/predictions/teacher_tta_probabilities/coronacases_005_slice_0031.npy,0.05,0,0,65536,0,0,1.0,False
coronacases_005,32,/kaggle/working/scribble-uncertainty-lung-segmentation/data/pseudo_labels/teacher_tta_labels/coronacases_005_slice_0032.npy,/kaggle/working/scribble-uncertainty-lung-segmentation/data/pseudo_labels/teacher_tta_confidence/coronacases_005_slice_0032.npy,/kaggle/working/scribble-uncertainty-lung-segmentation/outputs/predictions/teacher_tta_probabilities/coronacases_005_slice_0032.npy,0.05,0,0,65536,0,0,1.0,False
coronacases_005,33,/kaggle/working/scribble-uncertainty-lung-segmentation/data/pseudo_labels/teacher_tta_labels/coronacases_005_slice_0033.npy,/kaggle/working/scribble-uncertainty-lung-segmentation/data/pseudo_labels/teacher_tta_confidence/coronacases_005_slice_0033.npy,/kaggle/working/scribble-uncertainty-lung-segmentation/outputs/predictions/teacher_tta_probabilities/coronacases_005_slice_0033.npy,0.05,0,1,65536,0,0,9.999998695775503e-08,False
coronacases_005,34,/kaggle/working/scribble-uncertainty-lung-segmentation/data/pseudo_labels/teacher_tta_labels/coronacases_005_slice_0034.npy,/kaggle/working/scribble-uncertainty-lung-segmentation/data/pseudo_labels/teacher_tta_confidence/coronacases_005_slice_0034.npy,/kaggle/working/scribble-uncertainty-lung-segmentation/outputs/predictions/teacher_tta_probabilities/coronacases_005_slice_0034.npy,0.05,0,3,65536,0,0,3.333333253863202e-08,False
coronacases_005,35,/kaggle/working/scribble-uncertainty-lung-segmentation/data/pseudo_labels/teacher_tta_labels/coronacases_005_slice_0035.npy,/kaggle/working/scribble-uncertainty-lung-segmentation/data/pseudo_labels/teacher_tta_confidence/coronacases_005_slice_0035.npy,/kaggle/working/scribble-uncertainty-lung-segmentation/outputs/predictions/teacher_tta_probabilities/coronacases_005_slice_0035.npy,0.05,0,6,65536,0,0,1.666666626931601e-08,False
coronacases_005,36,/kaggle/working/scribble-uncertainty-lung-segmentation/data/pseudo_labels/teacher_tta_labels/coronacases_005_slice_0036.npy,/kaggle/working/scribble-uncertainty-lung-segmentation/data/pseudo_labels/teacher_tta_confidence/coronacases_005_slice_0036.npy,/kaggle/working/scribble-uncertainty-lung-segmentation/outputs/predictions/teacher_tta_probabilities/coronacases_005_slice_0036.npy,0.05,0,3,65536,0,0,3.333333253863202e-08,False
coronacases_005,37,/kaggle/working/scribble-uncertainty-lung-segmentation/data/pseudo_labels/teacher_tta_labels/coronacases_005_slice_0037.npy,/kaggle/working/scribble-uncertainty-lung-segmentation/data/pseudo_labels/teacher_tta_confidence/coronacases_005_slice_0037.npy,/kaggle/working/scribble-uncertainty-lung-segmentation/outputs/predictions/teacher_tta_probabilities/coronacases_005_slice_0037.npy,0.05,0,0,65536,0,0,1.0,False
coronacases_005,38,/kaggle/working/scribble-uncertainty-lung-segmentation/data/pseudo_labels/teacher_tta_labels/coronacases_005_slice_0038.npy,/kaggle/working/scribble-uncertainty-lung-segmentation/data/pseudo_labels/teacher_tta_confidence/coronacases_005_slice_0038.npy,/kaggle/working/scribble-uncertainty-lung-segmentation/outputs/predictions/teacher_tta_probabilities/coronacases_005_slice_0038.npy,0.05,0,0,65536,0,0,1.0,False
coronacases_005,39,/kaggle/working/scribble-uncertainty-lung-segmentation/data/pseudo_labels/teacher_tta_labels/coronacases_005_slice_0039.npy,/kaggle/working/scribble-uncertainty-lung-segmentation/data/pseudo_labels/teacher_tta_confidence/coronacases_005_slice_0039.npy,/kaggle/working/scribble-uncertainty-lung-segmentation/outputs/predictions/teacher_tta_probabilities/coronacases_005_slice_0039.npy,0.05,0,0,65536,0,0,1.0,False
coronacases_005,40,/kaggle/working/scribble-uncertainty-lung-segmentation/data/pseudo_labels/teacher_tta_labels/coronacases_005_slice_0040.npy,/kaggle/working/scribble-uncertainty-lung-segmentation/data/pseudo_labels/teacher_tta_confidence/coronacases_005_slice_0040.npy,/kaggle/working/scribble-uncertainty-lung-segmentation/outputs/predictions/teacher_tta_probabilities/coronacases_005_slice_0040.npy,0.05,0,0,65536,0,0,1.0,False
coronacases_005,41,/kaggle/working/scribble-uncertainty-lung-segmentation/data/pseudo_labels/teacher_tta_labels/coronacases_005_slice_0041.npy,/kaggle/working/scribble-uncertainty-lung-segmentation/data/pseudo_labels/teacher_tta_confidence/coronacases_005_slice_0041.npy,/kaggle/working/scribble-uncertainty-lung-segmentation/outputs/predictions/teacher_tta_probabilities/coronacases_005_slice_0041.npy,0.05,0,0,65536,0,0,1.0,False
coronacases_005,42,/kaggle/working/scribble-uncertainty-lung-segmentation/data/pseudo_labels/teacher_tta_labels/coronacases_005_slice_0042.npy,/kaggle/working/scribble-uncertainty-lung-segmentation/data/pseudo_labels/teacher_tta_confidence/coronacases_005_slice_0042.npy,/kaggle/working/scribble-uncertainty-lung-segmentation/outputs/predictions/teacher_tta_probabilities/coronacases_005_slice_0042.npy,0.05,0,0,65536,0,0,1.0,False
coronacases_005,43,/kaggle/working/scribble-uncertainty-lung-segmentation/data/pseudo_labels/teacher_tta_labels/coronacases_005_slice_0043.npy,/kaggle/working/scribble-uncertainty-lung-segmentation/data/pseudo_labels/teacher_tta_confidence/coronacases_005_slice_0043.npy,/kaggle/working/scribble-uncertainty-lung-segmentation/outputs/predictions/teacher_tta_probabilities/coronacases_005_slice_0043.npy,0.05,0,0,65536,0,0,1.0,False
coronacases_005,44,/kaggle/working/scribble-uncertainty-lung-segmentation/data/pseudo_labels/teacher_tta_labels/coronacases_005_slice_0044.npy,/kaggle/working/scribble-uncertainty-lung-segmentation/data/pseudo_labels/teacher_tta_confidence/coronacases_005_slice_0044.npy,/kaggle/working/scribble-uncertainty-lung-segmentation/outputs/predictions/teacher_tta_probabilities/coronacases_005_slice_0044.npy,0.05,0,0,65536,0,0,1.0,False
coronacases_005,45,/kaggle/working/scribble-uncertainty-lung-segmentation/data/pseudo_labels/teacher_tta_labels/coronacases_005_slice_0045.npy,/kaggle/working/scribble-uncertainty-lung-segmentation/data/pseudo_labels/teacher_tta_confidence/coronacases_005_slice_0045.npy,/kaggle/working/scribble-uncertainty-lung-segmentation/outputs/predictions/teacher_tta_probabilities/coronacases_005_slice_0045.npy,0.05,0,0,65536,0,0,1.0,False
coronacases_005,46,/kaggle/working/scribble-uncertainty-lung-segmentation/data/pseudo_labels/teacher_tta_labels/coronacases_005_slice_0046.npy,/kaggle/working/scribble-uncertainty-lung-segmentation/data/pseudo_labels/teacher_tta_confidence/coronacases_005_slice_0046.npy,/kaggle/working/scribble-uncertainty-lung-segmentation/outputs/predictions/teacher_tta_probabilities/coronacases_005_slice_0046.npy,0.05,0,0,65536,0,0,1.0,False
coronacases_005,47,/kaggle/working/scribble-uncertainty-lung-segmentation/data/pseudo_labels/teacher_tta_labels/coronacases_005_slice_0047.npy,/kaggle/working/scribble-uncertainty-lung-segmentation/data/pseudo_labels/teacher_tta_confidence/coronacases_005_slice_0047.npy,/kaggle/working/scribble-uncertainty-lung-segmentation/outputs/predictions/teacher_tta_probabilities/coronacases_005_slice_0047.npy,0.05,0,0,65536,0,0,1.0,False
coronacases_005,48,/kaggle/working/scribble-uncertainty-lung-segmentation/data/pseudo_labels/teacher_tta_labels/coronacases_005_slice_0048.npy,/kaggle/working/scribble-uncertainty-lung-segmentation/data/pseudo_labels/teacher_tta_confidence/coronacases_005_slice_0048.npy,/kaggle/working/scribble-uncertainty-lung-segmentation/outputs/predictions/teacher_tta_probabilities/coronacases_005_slice_0048.npy,0.05,0,0,65536,0,0,1.0,False
coronacases_005,49,/kaggle/working/scribble-uncertainty-lung-segmentation/data/pseudo_labels/teacher_tta_labels/coronacases_005_slice_0049.npy,/kaggle/working/scribble-uncertainty-lung-segmentation/data/pseudo_labels/teacher_tta_confidence/coronacases_005_slice_0049.npy,/kaggle/working/scribble-uncertainty-lung-segmentation/outputs/predictions/teacher_tta_probabilities/coronacases_005_slice_0049.npy,0.05,0,0,65536,0,0,1.0,False
coronacases_005,50,/kaggle/working/scribble-uncertainty-lung-segmentation/data/pseudo_labels/teacher_tta_labels/coronacases_005_slice_0050.npy,/kaggle/working/scribble-uncertainty-lung-segmentation/data/pseudo_labels/teacher_tta_confidence/coronacases_005_slice_0050.npy,/kaggle/working/scribble-uncertainty-lung-segmentation/outputs/predictions/teacher_tta_probabilities/coronacases_005_slice_0050.npy,0.05,0,0,65536,0,0,1.0,False
coronacases_005,51,/kaggle/working/scribble-uncertainty-lung-segmentation/data/pseudo_labels/teacher_tta_labels/coronacases_005_slice_0051.npy,/kaggle/working/scribble-uncertainty-lung-segmentation/data/pseudo_labels/teacher_tta_confidence/coronacases_005_slice_0051.npy,/kaggle/working/scribble-uncertainty-lung-segmentation/outputs/predictions/teacher_tta_probabilities/coronacases_005_slice_0051.npy,0.05,0,0,65536,0,0,1.0,False
coronacases_005,52,/kaggle/working/scribble-uncertainty-lung-segmentation/data/pseudo_labels/teacher_tta_labels/coronacases_005_slice_0052.npy,/kaggle/working/scribble-uncertainty-lung-segmentation/data/pseudo_labels/teacher_tta_confidence/coronacases_005_slice_0052.npy,/kaggle/working/scribble-uncertainty-lung-segmentation/outputs/predictions/teacher_tta_probabilities/coronacases_005_slice_0052.npy,0.05,0,0,65536,0,0,1.0,False
coronacases_005,53,/kaggle/working/scribble-uncertainty-lung-segmentation/data/pseudo_labels/teacher_tta_labels/coronacases_005_slice_0053.npy,/kaggle/working/scribble-uncertainty-lung-segmentation/data/pseudo_labels/teacher_tta_confidence/coronacases_005_slice_0053.npy,/kaggle/working/scribble-uncertainty-lung-segmentation/outputs/predictions/teacher_tta_probabilities/coronacases_005_slice_0053.npy,0.05,0,0,65536,0,0,1.0,False
coronacases_005,54,/kaggle/working/scribble-uncertainty-lung-segmentation/data/pseudo_labels/teacher_tta_labels/coronacases_005_slice_0054.npy,/kaggle/working/scribble-uncertainty-lung-segmentation/data/pseudo_labels/teacher_tta_confidence/coronacases_005_slice_0054.npy,/kaggle/working/scribble-uncertainty-lung-segmentation/outputs/predictions/teacher_tta_probabilities/coronacases_005_slice_0054.npy,0.05,0,0,65536,0,0,1.0,False
coronacases_005,55,/kaggle/working/scribble-uncertainty-lung-segmentation/data/pseudo_labels/teacher_tta_labels/coronacases_005_slice_0055.npy,/kaggle/working/scribble-uncertainty-lung-segmentation/data/pseudo_labels/teacher_tta_confidence/coronacases_005_slice_0055.npy,/kaggle/working/scribble-uncertainty-lung-segmentation/outputs/predictions/teacher_tta_probabilities/coronacases_005_slice_0055.npy,0.05,0,0,65536,0,0,1.0,False
coronacases_005,56,/kaggle/working/scribble-uncertainty-lung-segmentation/data/pseudo_labels/teacher_tta_labels/coronacases_005_slice_0056.npy,/kaggle/working/scribble-uncertainty-lung-segmentation/data/pseudo_labels/teacher_tta_confidence/coronacases_005_slice_0056.npy,/kaggle/working/scribble-uncertainty-lung-segmentation/outputs/predictions/teacher_tta_probabilities/coronacases_005_slice_0056.npy,0.05,0,0,65536,0,0,1.0,False
coronacases_005,57,/kaggle/working/scribble-uncertainty-lung-segmentation/data/pseudo_labels/teacher_tta_labels/coronacases_005_slice_0057.npy,/kaggle/working/scribble-uncertainty-lung-segmentation/data/pseudo_labels/teacher_tta_confidence/coronacases_005_slice_0057.npy,/kaggle/working/scribble-uncertainty-lung-segmentation/outputs/predictions/teacher_tta_probabilities/coronacases_005_slice_0057.npy,0.05,0,0,65536,0,0,1.0,False
coronacases_005,58,/kaggle/working/scribble-uncertainty-lung-segmentation/data/pseudo_labels/teacher_tta_labels/coronacases_005_slice_0058.npy,/kaggle/working/scribble-uncertainty-lung-segmentation/data/pseudo_labels/teacher_tta_confidence/coronacases_005_slice_0058.npy,/kaggle/working/scribble-uncertainty-lung-segmentation/outputs/predictions/teacher_tta_probabilities/coronacases_005_slice_0058.npy,0.05,0,0,65536,0,0,1.0,False
coronacases_005,59,/kaggle/working/scribble-uncertainty-lung-segmentation/data/pseudo_labels/teacher_tta_labels/coronacases_005_slice_0059.npy,/kaggle/working/scribble-uncertainty-lung-segmentation/data/pseudo_labels/teacher_tta_confidence/coronacases_005_slice_0059.npy,/kaggle/working/scribble-uncertainty-lung-segmentation/outputs/predictions/teacher_tta_probabilities/coronacases_005_slice_0059.npy,0.05,0,69,65536,4,41,0.3272727131843567,True
coronacases_005,60,/kaggle/working/scribble-uncertainty-lung-segmentation/data/pseudo_labels/teacher_tta_labels/coronacases_005_slice_0060.npy,/kaggle/working/scribble-uncertainty-lung-segmentation/data/pseudo_labels/teacher_tta_confidence/coronacases_005_slice_0060.npy,/kaggle/working/scribble-uncertainty-lung-segmentation/outputs/predictions/teacher_tta_probabilities/coronacases_005_slice_0060.npy,0.05,0,138,65536,4,99,0.6835442781448364,True
coronacases_005,61,/kaggle/working/scribble-uncertainty-lung-segmentation/data/pseudo_labels/teacher_tta_labels/coronacases_005_slice_0061.npy,/kaggle/working/scribble-uncertainty-lung-segmentation/data/pseudo_labels/teacher_tta_confidence/coronacases_005_slice_0061.npy,/kaggle/working/scribble-uncertainty-lung-segmentation/outputs/predictions/teacher_tta_probabilities/coronacases_005_slice_0061.npy,0.05,0,172,65536,4,134,0.7647058963775635,True
coronacases_005,62,/kaggle/working/scribble-uncertainty-lung-segmentation/data/pseudo_labels/teacher_tta_labels/coronacases_005_slice_0062.npy,/kaggle/working/scribble-uncertainty-lung-segmentation/data/pseudo_labels/teacher_tta_confidence/coronacases_005_slice_0062.npy,/kaggle/working/scribble-uncertainty-lung-segmentation/outputs/predictions/teacher_tta_probabilities/coronacases_005_slice_0062.npy,0.05,0,207,65536,4,117,0.6666666865348816,True
coronacases_005,63,/kaggle/working/scribble-uncertainty-lung-segmentation/data/pseudo_labels/teacher_tta_labels/coronacases_005_slice_0063.npy,/kaggle/working/scribble-uncertainty-lung-segmentation/data/pseudo_labels/teacher_tta_confidence/coronacases_005_slice_0063.npy,/kaggle/working/scribble-uncertainty-lung-segmentation/outputs/predictions/teacher_tta_probabilities/coronacases_005_slice_0063.npy,0.05,0,270,65536,4,123,0.5954198241233826,True
coronacases_005,64,/kaggle/working/scribble-uncertainty-lung-segmentation/data/pseudo_labels/teacher_tta_labels/coronacases_005_slice_0064.npy,/kaggle/working/scribble-uncertainty-lung-segmentation/data/pseudo_labels/teacher_tta_confidence/coronacases_005_slice_0064.npy,/kaggle/working/scribble-uncertainty-lung-segmentation/outputs/predictions/teacher_tta_probabilities/coronacases_005_slice_0064.npy,0.05,0,307,65536,4,183,0.7469387650489807,True
coronacases_005,65,/kaggle/working/scribble-uncertainty-lung-segmentation/data/pseudo_labels/teacher_tta_labels/coronacases_005_slice_0065.npy,/kaggle/working/scribble-uncertainty-lung-segmentation/data/pseudo_labels/teacher_tta_confidence/coronacases_005_slice_0065.npy,/kaggle/working/scribble-uncertainty-lung-segmentation/outputs/predictions/teacher_tta_probabilities/coronacases_005_slice_0065.npy,0.05,0,348,65536,8,211,0.7262969613075256,True
coronacases_005,66,/kaggle/working/scribble-uncertainty-lung-segmentation/data/pseudo_labels/teacher_tta_labels/coronacases_005_slice_0066.npy,/kaggle/working/scribble-uncertainty-lung-segmentation/data/pseudo_labels/teacher_tta_confidence/coronacases_005_slice_0066.npy,/kaggle/working/scribble-uncertainty-lung-segmentation/outputs/predictions/teacher_tta_probabilities/coronacases_005_slice_0066.npy,0.05,0,316,65536,4,194,0.7450980544090271,True
coronacases_005,67,/kaggle/working/scribble-uncertainty-lung-segmentation/data/pseudo_labels/teacher_tta_labels/coronacases_005_slice_0067.npy,/kaggle/working/scribble-uncertainty-lung-segmentation/data/pseudo_labels/teacher_tta_confidence/coronacases_005_slice_0067.npy,/kaggle/working/scribble-uncertainty-lung-segmentation/outputs/predictions/teacher_tta_probabilities/coronacases_005_slice_0067.npy,0.05,0,365,65536,4,245,0.7836065292358398,True
coronacases_005,68,/kaggle/working/scribble-uncertainty-lung-segmentation/data/pseudo_labels/teacher_tta_labels/coronacases_005_slice_0068.npy,/kaggle/working/scribble-uncertainty-lung-segmentation/data/pseudo_labels/teacher_tta_confidence/coronacases_005_slice_0068.npy,/kaggle/working/scribble-uncertainty-lung-segmentation/outputs/predictions/teacher_tta_probabilities/coronacases_005_slice_0068.npy,0.05,0,492,65536,8,258,0.6880000233650208,True
coronacases_005,69,/kaggle/working/scribble-uncertainty-lung-segmentation/data/pseudo_labels/teacher_tta_labels/coronacases_005_slice_0069.npy,/kaggle/working/scribble-uncertainty-lung-segmentation/data/pseudo_labels/teacher_tta_confidence/coronacases_005_slice_0069.npy,/kaggle/working/scribble-uncertainty-lung-segmentation/outputs/predictions/teacher_tta_probabilities/coronacases_005_slice_0069.npy,0.05,0,490,65536,8,226,0.6312848925590515,True
coronacases_005,70,/kaggle/working/scribble-uncertainty-lung-segmentation/data/pseudo_labels/teacher_tta_labels/coronacases_005_slice_0070.npy,/kaggle/working/scribble-uncertainty-lung-segmentation/data/pseudo_labels/teacher_tta_confidence/coronacases_005_slice_0070.npy,/kaggle/working/scribble-uncertainty-lung-segmentation/outputs/predictions/teacher_tta_probabilities/coronacases_005_slice_0070.npy,0.05,0,482,65536,8,244,0.6721763014793396,True
coronacases_005,71,/kaggle/working/scribble-uncertainty-lung-segmentation/data/pseudo_labels/teacher_tta_labels/coronacases_005_slice_0071.npy,/kaggle/working/scribble-uncertainty-lung-segmentation/data/pseudo_labels/teacher_tta_confidence/coronacases_005_slice_0071.npy,/kaggle/working/scribble-uncertainty-lung-segmentation/outputs/predictions/teacher_tta_probabilities/coronacases_005_slice_0071.npy,0.05,0,541,65536,13,297,0.7088305354118347,True
coronacases_005,72,/kaggle/working/scribble-uncertainty-lung-segmentation/data/pseudo_labels/teacher_tta_labels/coronacases_005_slice_0072.npy,/kaggle/working/scribble-uncertainty-lung-segmentation/data/pseudo_labels/teacher_tta_confidence/coronacases_005_slice_0072.npy,/kaggle/working/scribble-uncertainty-lung-segmentation/outputs/predictions/teacher_tta_probabilities/coronacases_005_slice_0072.npy,0.05,0,552,65536,16,333,0.7299435138702393,True
coronacases_005,73,/kaggle/working/scribble-uncertainty-lung-segmentation/data/pseudo_labels/teacher_tta_labels/coronacases_005_slice_0073.npy,/kaggle/working/scribble-uncertainty-lung-segmentation/data/pseudo_labels/teacher_tta_confidence/coronacases_005_slice_0073.npy,/kaggle/working/scribble-uncertainty-lung-segmentation/outputs/predictions/teacher_tta_probabilities/coronacases_005_slice_0073.npy,0.05,0,585,65536,8,403,0.7995951175689697,True
coronacases_005,74,/kaggle/working/scribble-uncertainty-lung-segmentation/data/pseudo_labels/teacher_tta_labels/coronacases_005_slice_0074.npy,/kaggle/working/scribble-uncertainty-lung-segmentation/data/pseudo_labels/teacher_tta_confidence/coronacases_005_slice_0074.npy,/kaggle/working/scribble-uncertainty-lung-segmentation/outputs/predictions/teacher_tta_probabilities/coronacases_005_slice_0074.npy,0.05,0,581,65536,11,427,0.8273809552192688,True
coronacases_005,75,/kaggle/working/scribble-uncertainty-lung-segmentation/data/pseudo_labels/teacher_tta_labels/coronacases_005_slice_0075.npy,/kaggle/working/scribble-uncertainty-lung-segmentation/data/pseudo_labels/teacher_tta_confidence/coronacases_005_slice_0075.npy,/kaggle/working/scribble-uncertainty-lung-segmentation/outputs/predictions/teacher_tta_probabilities/coronacases_005_slice_0075.npy,0.05,0,585,65536,11,441,0.8538011908531189,True
coronacases_005,76,/kaggle/working/scribble-uncertainty-lung-segmentation/data/pseudo_labels/teacher_tta_labels/coronacases_005_slice_0076.npy,/kaggle/working/scribble-uncertainty-lung-segmentation/data/pseudo_labels/teacher_tta_confidence/coronacases_005_slice_0076.npy,/kaggle/working/scribble-uncertainty-lung-segmentation/outputs/predictions/teacher_tta_probabilities/coronacases_005_slice_0076.npy,0.05,0,634,65536,12,437,0.8160597681999207,True
coronacases_005,77,/kaggle/working/scribble-uncertainty-lung-segmentation/data/pseudo_labels/teacher_tta_labels/coronacases_005_slice_0077.npy,/kaggle/working/scribble-uncertainty-lung-segmentation/data/pseudo_labels/teacher_tta_confidence/coronacases_005_slice_0077.npy,/kaggle/working/scribble-uncertainty-lung-segmentation/outputs/predictions/teacher_tta_probabilities/coronacases_005_slice_0077.npy,0.05,0,616,65536,16,463,0.8582020401954651,True
coronacases_005,78,/kaggle/working/scribble-uncertainty-lung-segmentation/data/pseudo_labels/teacher_tta_labels/coronacases_005_slice_0078.npy,/kaggle/working/scribble-uncertainty-lung-segmentation/data/pseudo_labels/teacher_tta_confidence/coronacases_005_slice_0078.npy,/kaggle/working/scribble-uncertainty-lung-segmentation/outputs/predictions/teacher_tta_probabilities/coronacases_005_slice_0078.npy,0.05,0,647,65536,19,443,0.8128440380096436,True
coronacases_005,79,/kaggle/working/scribble-uncertainty-lung-segmentation/data/pseudo_labels/teacher_tta_labels/coronacases_005_slice_0079.npy,/kaggle/working/scribble-uncertainty-lung-segmentation/data/pseudo_labels/teacher_tta_confidence/coronacases_005_slice_0079.npy,/kaggle/working/scribble-uncertainty-lung-segmentation/outputs/predictions/teacher_tta_probabilities/coronacases_005_slice_0079.npy,0.05,0,621,65536,12,471,0.8388278484344482,True
coronacases_005,80,/kaggle/working/scribble-uncertainty-lung-segmentation/data/pseudo_labels/teacher_tta_labels/coronacases_005_slice_0080.npy,/kaggle/working/scribble-uncertainty-lung-segmentation/data/pseudo_labels/teacher_tta_confidence/coronacases_005_slice_0080.npy,/kaggle/working/scribble-uncertainty-lung-segmentation/outputs/predictions/teacher_tta_probabilities/coronacases_005_slice_0080.npy,0.05,0,619,65536,12,453,0.8339552283287048,True
coronacases_005,81,/kaggle/working/scribble-uncertainty-lung-segmentation/data/pseudo_labels/teacher_tta_labels/coronacases_005_slice_0081.npy,/kaggle/working/scribble-uncertainty-lung-segmentation/data/pseudo_labels/teacher_tta_confidence/coronacases_005_slice_0081.npy,/kaggle/working/scribble-uncertainty-lung-segmentation/outputs/predictions/teacher_tta_probabilities/coronacases_005_slice_0081.npy,0.05,0,610,65536,12,472,0.8687615394592285,True
coronacases_005,82,/kaggle/working/scribble-uncertainty-lung-segmentation/data/pseudo_labels/teacher_tta_labels/coronacases_005_slice_0082.npy,/kaggle/working/scribble-uncertainty-lung-segmentation/data/pseudo_labels/teacher_tta_confidence/coronacases_005_slice_0082.npy,/kaggle/working/scribble-uncertainty-lung-segmentation/outputs/predictions/teacher_tta_probabilities/coronacases_005_slice_0082.npy,0.05,0,595,65536,12,497,0.8956043720245361,True
coronacases_005,83,/kaggle/working/scribble-uncertainty-lung-segmentation/data/pseudo_labels/teacher_tta_labels/coronacases_005_slice_0083.npy,/kaggle/working/scribble-uncertainty-lung-segmentation/data/pseudo_labels/teacher_tta_confidence/coronacases_005_slice_0083.npy,/kaggle/working/scribble-uncertainty-lung-segmentation/outputs/predictions/teacher_tta_probabilities/coronacases_005_slice_0083.npy,0.05,0,622,65536,16,493,0.8681614398956299,True
coronacases_005,84,/kaggle/working/scribble-uncertainty-lung-segmentation/data/pseudo_labels/teacher_tta_labels/coronacases_005_slice_0084.npy,/kaggle/working/scribble-uncertainty-lung-segmentation/data/pseudo_labels/teacher_tta_confidence/coronacases_005_slice_0084.npy,/kaggle/working/scribble-uncertainty-lung-segmentation/outputs/predictions/teacher_tta_probabilities/coronacases_005_slice_0084.npy,0.05,0,608,65536,12,463,0.8534080386161804,True
coronacases_005,85,/kaggle/working/scribble-uncertainty-lung-segmentation/data/pseudo_labels/teacher_tta_labels/coronacases_005_slice_0085.npy,/kaggle/working/scribble-uncertainty-lung-segmentation/data/pseudo_labels/teacher_tta_confidence/coronacases_005_slice_0085.npy,/kaggle/working/scribble-uncertainty-lung-segmentation/outputs/predictions/teacher_tta_probabilities/coronacases_005_slice_0085.npy,0.05,0,604,65536,6,513,0.8594449162483215,True
coronacases_005,86,/kaggle/working/scribble-uncertainty-lung-segmentation/data/pseudo_labels/teacher_tta_labels/coronacases_005_slice_0086.npy,/kaggle/working/scribble-uncertainty-lung-segmentation/data/pseudo_labels/teacher_tta_confidence/coronacases_005_slice_0086.npy,/kaggle/working/scribble-uncertainty-lung-segmentation/outputs/predictions/teacher_tta_probabilities/coronacases_005_slice_0086.npy,0.05,0,609,65536,12,480,0.8246097564697266,True
coronacases_005,87,/kaggle/working/scribble-uncertainty-lung-segmentation/data/pseudo_labels/teacher_tta_labels/coronacases_005_slice_0087.npy,/kaggle/working/scribble-uncertainty-lung-segmentation/data/pseudo_labels/teacher_tta_confidence/coronacases_005_slice_0087.npy,/kaggle/working/scribble-uncertainty-lung-segmentation/outputs/predictions/teacher_tta_probabilities/coronacases_005_slice_0087.npy,0.05,0,589,65536,4,500,0.868686854839325,True
coronacases_005,88,/kaggle/working/scribble-uncertainty-lung-segmentation/data/pseudo_labels/teacher_tta_labels/coronacases_005_slice_0088.npy,/kaggle/working/scribble-uncertainty-lung-segmentation/data/pseudo_labels/teacher_tta_confidence/coronacases_005_slice_0088.npy,/kaggle/working/scribble-uncertainty-lung-segmentation/outputs/predictions/teacher_tta_probabilities/coronacases_005_slice_0088.npy,0.05,0,546,65536,13,537,0.9012003540992737,True
coronacases_005,89,/kaggle/working/scribble-uncertainty-lung-segmentation/data/pseudo_labels/teacher_tta_labels/coronacases_005_slice_0089.npy,/kaggle/working/scribble-uncertainty-lung-segmentation/data/pseudo_labels/teacher_tta_confidence/coronacases_005_slice_0089.npy,/kaggle/working/scribble-uncertainty-lung-segmentation/outputs/predictions/teacher_tta_probabilities/coronacases_005_slice_0089.npy,0.05,0,530,65536,16,514,0.8927202820777893,True
coronacases_005,90,/kaggle/working/scribble-uncertainty-lung-segmentation/data/pseudo_labels/teacher_tta_labels/coronacases_005_slice_0090.npy,/kaggle/working/scribble-uncertainty-lung-segmentation/data/pseudo_labels/teacher_tta_confidence/coronacases_005_slice_0090.npy,/kaggle/working/scribble-uncertainty-lung-segmentation/outputs/predictions/teacher_tta_probabilities/coronacases_005_slice_0090.npy,0.05,0,579,65536,4,534,0.882300078868866,True
coronacases_005,91,/kaggle/working/scribble-uncertainty-lung-segmentation/data/pseudo_labels/teacher_tta_labels/coronacases_005_slice_0091.npy,/kaggle/working/scribble-uncertainty-lung-segmentation/data/pseudo_labels/teacher_tta_confidence/coronacases_005_slice_0091.npy,/kaggle/working/scribble-uncertainty-lung-segmentation/outputs/predictions/teacher_tta_probabilities/coronacases_005_slice_0091.npy,0.05,0,563,65536,8,532,0.8876712322235107,True
coronacases_005,92,/kaggle/working/scribble-uncertainty-lung-segmentation/data/pseudo_labels/teacher_tta_labels/coronacases_005_slice_0092.npy,/kaggle/working/scribble-uncertainty-lung-segmentation/data/pseudo_labels/teacher_tta_confidence/coronacases_005_slice_0092.npy,/kaggle/working/scribble-uncertainty-lung-segmentation/outputs/predictions/teacher_tta_probabilities/coronacases_005_slice_0092.npy,0.05,0,564,65536,12,521,0.9419354796409607,True
coronacases_005,93,/kaggle/working/scribble-uncertainty-lung-segmentation/data/pseudo_labels/teacher_tta_labels/coronacases_005_slice_0093.npy,/kaggle/working/scribble-uncertainty-lung-segmentation/data/pseudo_labels/teacher_tta_confidence/coronacases_005_slice_0093.npy,/kaggle/working/scribble-uncertainty-lung-segmentation/outputs/predictions/teacher_tta_probabilities/coronacases_005_slice_0093.npy,0.05,0,569,65536,16,516,0.921658992767334,True
coronacases_005,94,/kaggle/working/scribble-uncertainty-lung-segmentation/data/pseudo_labels/teacher_tta_labels/coronacases_005_slice_0094.npy,/kaggle/working/scribble-uncertainty-lung-segmentation/data/pseudo_labels/teacher_tta_confidence/coronacases_005_slice_0094.npy,/kaggle/working/scribble-uncertainty-lung-segmentation/outputs/predictions/teacher_tta_probabilities/coronacases_005_slice_0094.npy,0.05,0,564,65536,15,543,0.9159891605377197,True
coronacases_005,95,/kaggle/working/scribble-uncertainty-lung-segmentation/data/pseudo_labels/teacher_tta_labels/coronacases_005_slice_0095.npy,/kaggle/working/scribble-uncertainty-lung-segmentation/data/pseudo_labels/teacher_tta_confidence/coronacases_005_slice_0095.npy,/kaggle/working/scribble-uncertainty-lung-segmentation/outputs/predictions/teacher_tta_probabilities/coronacases_005_slice_0095.npy,0.05,0,602,65536,23,552,0.9133448600769043,True
coronacases_005,96,/kaggle/working/scribble-uncertainty-lung-segmentation/data/pseudo_labels/teacher_tta_labels/coronacases_005_slice_0096.npy,/kaggle/working/scribble-uncertainty-lung-segmentation/data/pseudo_labels/teacher_tta_confidence/coronacases_005_slice_0096.npy,/kaggle/working/scribble-uncertainty-lung-segmentation/outputs/predictions/teacher_tta_probabilities/coronacases_005_slice_0096.npy,0.05,0,591,65536,12,573,0.9089347124099731,True
coronacases_005,97,/kaggle/working/scribble-uncertainty-lung-segmentation/data/pseudo_labels/teacher_tta_labels/coronacases_005_slice_0097.npy,/kaggle/working/scribble-uncertainty-lung-segmentation/data/pseudo_labels/teacher_tta_confidence/coronacases_005_slice_0097.npy,/kaggle/working/scribble-uncertainty-lung-segmentation/outputs/predictions/teacher_tta_probabilities/coronacases_005_slice_0097.npy,0.05,0,584,65536,12,551,0.9356828331947327,True
coronacases_005,98,/kaggle/working/scribble-uncertainty-lung-segmentation/data/pseudo_labels/teacher_tta_labels/coronacases_005_slice_0098.npy,/kaggle/working/scribble-uncertainty-lung-segmentation/data/pseudo_labels/teacher_tta_confidence/coronacases_005_slice_0098.npy,/kaggle/working/scribble-uncertainty-lung-segmentation/outputs/predictions/teacher_tta_probabilities/coronacases_005_slice_0098.npy,0.05,0,559,65536,14,554,0.9200359582901001,True
coronacases_005,99,/kaggle/working/scribble-uncertainty-lung-segmentation/data/pseudo_labels/teacher_tta_labels/coronacases_005_slice_0099.npy,/kaggle/working/scribble-uncertainty-lung-segmentation/data/pseudo_labels/teacher_tta_confidence/coronacases_005_slice_0099.npy,/kaggle/working/scribble-uncertainty-lung-segmentation/outputs/predictions/teacher_tta_probabilities/coronacases_005_slice_0099.npy,0.05,0,541,65536,12,484,0.9190244078636169,True
coronacases_005,100,/kaggle/working/scribble-uncertainty-lung-segmentation/data/pseudo_labels/teacher_tta_labels/coronacases_005_slice_0100.npy,/kaggle/working/scribble-uncertainty-lung-segmentation/data/pseudo_labels/teacher_tta_confidence/coronacases_005_slice_0100.npy,/kaggle/working/scribble-uncertainty-lung-segmentation/outputs/predictions/teacher_tta_probabilities/coronacases_005_slice_0100.npy,0.05,0,655,65536,16,544,0.8423686623573303,True
coronacases_005,101,/kaggle/working/scribble-uncertainty-lung-segmentation/data/pseudo_labels/teacher_tta_labels/coronacases_005_slice_0101.npy,/kaggle/working/scribble-uncertainty-lung-segmentation/data/pseudo_labels/teacher_tta_confidence/coronacases_005_slice_0101.npy,/kaggle/working/scribble-uncertainty-lung-segmentation/outputs/predictions/teacher_tta_probabilities/coronacases_005_slice_0101.npy,0.05,0,706,65536,22,599,0.8199234008789062,True
coronacases_005,102,/kaggle/working/scribble-uncertainty-lung-segmentation/data/pseudo_labels/teacher_tta_labels/coronacases_005_slice_0102.npy,/kaggle/working/scribble-uncertainty-lung-segmentation/data/pseudo_labels/teacher_tta_confidence/coronacases_005_slice_0102.npy,/kaggle/working/scribble-uncertainty-lung-segmentation/outputs/predictions/teacher_tta_probabilities/coronacases_005_slice_0102.npy,0.05,0,687,65536,24,536,0.8291087746620178,True
coronacases_005,103,/kaggle/working/scribble-uncertainty-lung-segmentation/data/pseudo_labels/teacher_tta_labels/coronacases_005_slice_0103.npy,/kaggle/working/scribble-uncertainty-lung-segmentation/data/pseudo_labels/teacher_tta_confidence/coronacases_005_slice_0103.npy,/kaggle/working/scribble-uncertainty-lung-segmentation/outputs/predictions/teacher_tta_probabilities/coronacases_005_slice_0103.npy,0.05,0,684,65536,18,550,0.8897892832756042,True
coronacases_005,104,/kaggle/working/scribble-uncertainty-lung-segmentation/data/pseudo_labels/teacher_tta_labels/coronacases_005_slice_0104.npy,/kaggle/working/scribble-uncertainty-lung-segmentation/data/pseudo_labels/teacher_tta_confidence/coronacases_005_slice_0104.npy,/kaggle/working/scribble-uncertainty-lung-segmentation/outputs/predictions/teacher_tta_probabilities/coronacases_005_slice_0104.npy,0.05,0,720,65536,19,626,0.8855869174003601,True
coronacases_005,105,/kaggle/working/scribble-uncertainty-lung-segmentation/data/pseudo_labels/teacher_tta_labels/coronacases_005_slice_0105.npy,/kaggle/working/scribble-uncertainty-lung-segmentation/data/pseudo_labels/teacher_tta_confidence/coronacases_005_slice_0105.npy,/kaggle/working/scribble-uncertainty-lung-segmentation/outputs/predictions/teacher_tta_probabilities/coronacases_005_slice_0105.npy,0.05,0,719,65536,26,655,0.8850072622299194,True
coronacases_005,106,/kaggle/working/scribble-uncertainty-lung-segmentation/data/pseudo_labels/teacher_tta_labels/coronacases_005_slice_0106.npy,/kaggle/working/scribble-uncertainty-lung-segmentation/data/pseudo_labels/teacher_tta_confidence/coronacases_005_slice_0106.npy,/kaggle/working/scribble-uncertainty-lung-segmentation/outputs/predictions/teacher_tta_probabilities/coronacases_005_slice_0106.npy,0.05,0,779,65536,28,713,0.8847184777259827,True
coronacases_005,107,/kaggle/working/scribble-uncertainty-lung-segmentation/data/pseudo_labels/teacher_tta_labels/coronacases_005_slice_0107.npy,/kaggle/working/scribble-uncertainty-lung-segmentation/data/pseudo_labels/teacher_tta_confidence/coronacases_005_slice_0107.npy,/kaggle/working/scribble-uncertainty-lung-segmentation/outputs/predictions/teacher_tta_probabilities/coronacases_005_slice_0107.npy,0.05,0,774,65536,27,655,0.8789362907409668,True
coronacases_005,108,/kaggle/working/scribble-uncertainty-lung-segmentation/data/pseudo_labels/teacher_tta_labels/coronacases_005_slice_0108.npy,/kaggle/working/scribble-uncertainty-lung-segmentation/data/pseudo_labels/teacher_tta_confidence/coronacases_005_slice_0108.npy,/kaggle/working/scribble-uncertainty-lung-segmentation/outputs/predictions/teacher_tta_probabilities/coronacases_005_slice_0108.npy,0.05,0,801,65536,22,691,0.8713136911392212,True
coronacases_005,109,/kaggle/working/scribble-uncertainty-lung-segmentation/data/pseudo_labels/teacher_tta_labels/coronacases_005_slice_0109.npy,/kaggle/working/scribble-uncertainty-lung-segmentation/data/pseudo_labels/teacher_tta_confidence/coronacases_005_slice_0109.npy,/kaggle/working/scribble-uncertainty-lung-segmentation/outputs/predictions/teacher_tta_probabilities/coronacases_005_slice_0109.npy,0.05,0,797,65536,26,729,0.8938401341438293,True
coronacases_005,110,/kaggle/working/scribble-uncertainty-lung-segmentation/data/pseudo_labels/teacher_tta_labels/coronacases_005_slice_0110.npy,/kaggle/working/scribble-uncertainty-lung-segmentation/data/pseudo_labels/teacher_tta_confidence/coronacases_005_slice_0110.npy,/kaggle/working/scribble-uncertainty-lung-segmentation/outputs/predictions/teacher_tta_probabilities/coronacases_005_slice_0110.npy,0.05,0,843,65536,27,732,0.8393650650978088,True
coronacases_005,111,/kaggle/working/scribble-uncertainty-lung-segmentation/data/pseudo_labels/teacher_tta_labels/coronacases_005_slice_0111.npy,/kaggle/working/scribble-uncertainty-lung-segmentation/data/pseudo_labels/teacher_tta_confidence/coronacases_005_slice_0111.npy,/kaggle/working/scribble-uncertainty-lung-segmentation/outputs/predictions/teacher_tta_probabilities/coronacases_005_slice_0111.npy,0.05,0,734,65536,24,680,0.9038189649581909,True
coronacases_005,112,/kaggle/working/scribble-uncertainty-lung-segmentation/data/pseudo_labels/teacher_tta_labels/coronacases_005_slice_0112.npy,/kaggle/working/scribble-uncertainty-lung-segmentation/data/pseudo_labels/teacher_tta_confidence/coronacases_005_slice_0112.npy,/kaggle/working/scribble-uncertainty-lung-segmentation/outputs/predictions/teacher_tta_probabilities/coronacases_005_slice_0112.npy,0.05,0,724,65536,24,564,0.861801266670227,True
coronacases_005,113,/kaggle/working/scribble-uncertainty-lung-segmentation/data/pseudo_labels/teacher_tta_labels/coronacases_005_slice_0113.npy,/kaggle/working/scribble-uncertainty-lung-segmentation/data/pseudo_labels/teacher_tta_confidence/coronacases_005_slice_0113.npy,/kaggle/working/scribble-uncertainty-lung-segmentation/outputs/predictions/teacher_tta_probabilities/coronacases_005_slice_0113.npy,0.05,0,732,65536,25,574,0.8376722931861877,True
coronacases_005,114,/kaggle/working/scribble-uncertainty-lung-segmentation/data/pseudo_labels/teacher_tta_labels/coronacases_005_slice_0114.npy,/kaggle/working/scribble-uncertainty-lung-segmentation/data/pseudo_labels/teacher_tta_confidence/coronacases_005_slice_0114.npy,/kaggle/working/scribble-uncertainty-lung-segmentation/outputs/predictions/teacher_tta_probabilities/coronacases_005_slice_0114.npy,0.05,0,717,65536,24,569,0.841368556022644,True
coronacases_005,115,/kaggle/working/scribble-uncertainty-lung-segmentation/data/pseudo_labels/teacher_tta_labels/coronacases_005_slice_0115.npy,/kaggle/working/scribble-uncertainty-lung-segmentation/data/pseudo_labels/teacher_tta_confidence/coronacases_005_slice_0115.npy,/kaggle/working/scribble-uncertainty-lung-segmentation/outputs/predictions/teacher_tta_probabilities/coronacases_005_slice_0115.npy,0.05,0,721,65536,28,585,0.8315467238426208,True
coronacases_005,116,/kaggle/working/scribble-uncertainty-lung-segmentation/data/pseudo_labels/teacher_tta_labels/coronacases_005_slice_0116.npy,/kaggle/working/scribble-uncertainty-lung-segmentation/data/pseudo_labels/teacher_tta_confidence/coronacases_005_slice_0116.npy,/kaggle/working/scribble-uncertainty-lung-segmentation/outputs/predictions/teacher_tta_probabilities/coronacases_005_slice_0116.npy,0.05,0,745,65536,26,567,0.832317054271698,True
coronacases_005,117,/kaggle/working/scribble-uncertainty-lung-segmentation/data/pseudo_labels/teacher_tta_labels/coronacases_005_slice_0117.npy,/kaggle/working/scribble-uncertainty-lung-segmentation/data/pseudo_labels/teacher_tta_confidence/coronacases_005_slice_0117.npy,/kaggle/working/scribble-uncertainty-lung-segmentation/outputs/predictions/teacher_tta_probabilities/coronacases_005_slice_0117.npy,0.05,0,750,65536,22,506,0.8025477528572083,True
coronacases_005,118,/kaggle/working/scribble-uncertainty-lung-segmentation/data/pseudo_labels/teacher_tta_labels/coronacases_005_slice_0118.npy,/kaggle/working/scribble-uncertainty-lung-segmentation/data/pseudo_labels/teacher_tta_confidence/coronacases_005_slice_0118.npy,/kaggle/working/scribble-uncertainty-lung-segmentation/outputs/predictions/teacher_tta_probabilities/coronacases_005_slice_0118.npy,0.05,0,733,65536,32,598,0.8595041036605835,True
coronacases_005,119,/kaggle/working/scribble-uncertainty-lung-segmentation/data/pseudo_labels/teacher_tta_labels/coronacases_005_slice_0119.npy,/kaggle/working/scribble-uncertainty-lung-segmentation/data/pseudo_labels/teacher_tta_confidence/coronacases_005_slice_0119.npy,/kaggle/working/scribble-uncertainty-lung-segmentation/outputs/predictions/teacher_tta_probabilities/coronacases_005_slice_0119.npy,0.05,0,729,65536,27,549,0.8294209837913513,True
coronacases_005,120,/kaggle/working/scribble-uncertainty-lung-segmentation/data/pseudo_labels/teacher_tta_labels/coronacases_005_slice_0120.npy,/kaggle/working/scribble-uncertainty-lung-segmentation/data/pseudo_labels/teacher_tta_confidence/coronacases_005_slice_0120.npy,/kaggle/working/scribble-uncertainty-lung-segmentation/outputs/predictions/teacher_tta_probabilities/coronacases_005_slice_0120.npy,0.05,0,743,65536,26,499,0.8003220558166504,True
coronacases_005,121,/kaggle/working/scribble-uncertainty-lung-segmentation/data/pseudo_labels/teacher_tta_labels/coronacases_005_slice_0121.npy,/kaggle/working/scribble-uncertainty-lung-segmentation/data/pseudo_labels/teacher_tta_confidence/coronacases_005_slice_0121.npy,/kaggle/working/scribble-uncertainty-lung-segmentation/outputs/predictions/teacher_tta_probabilities/coronacases_005_slice_0121.npy,0.05,0,756,65536,25,568,0.829305112361908,True
coronacases_005,122,/kaggle/working/scribble-uncertainty-lung-segmentation/data/pseudo_labels/teacher_tta_labels/coronacases_005_slice_0122.npy,/kaggle/working/scribble-uncertainty-lung-segmentation/data/pseudo_labels/teacher_tta_confidence/coronacases_005_slice_0122.npy,/kaggle/working/scribble-uncertainty-lung-segmentation/outputs/predictions/teacher_tta_probabilities/coronacases_005_slice_0122.npy,0.05,0,769,65536,24,560,0.8291949033737183,True
coronacases_005,123,/kaggle/working/scribble-uncertainty-lung-segmentation/data/pseudo_labels/teacher_tta_labels/coronacases_005_slice_0123.npy,/kaggle/working/scribble-uncertainty-lung-segmentation/data/pseudo_labels/teacher_tta_confidence/coronacases_005_slice_0123.npy,/kaggle/working/scribble-uncertainty-lung-segmentation/outputs/predictions/teacher_tta_probabilities/coronacases_005_slice_0123.npy,0.05,0,724,65536,29,602,0.8567119240760803,True
coronacases_005,124,/kaggle/working/scribble-uncertainty-lung-segmentation/data/pseudo_labels/teacher_tta_labels/coronacases_005_slice_0124.npy,/kaggle/working/scribble-uncertainty-lung-segmentation/data/pseudo_labels/teacher_tta_confidence/coronacases_005_slice_0124.npy,/kaggle/working/scribble-uncertainty-lung-segmentation/outputs/predictions/teacher_tta_probabilities/coronacases_005_slice_0124.npy,0.05,0,688,65536,28,546,0.8735818266868591,True
coronacases_005,125,/kaggle/working/scribble-uncertainty-lung-segmentation/data/pseudo_labels/teacher_tta_labels/coronacases_005_slice_0125.npy,/kaggle/working/scribble-uncertainty-lung-segmentation/data/pseudo_labels/teacher_tta_confidence/coronacases_005_slice_0125.npy,/kaggle/working/scribble-uncertainty-lung-segmentation/outputs/predictions/teacher_tta_probabilities/coronacases_005_slice_0125.npy,0.05,0,709,65536,24,540,0.8390712738037109,True
coronacases_005,126,/kaggle/working/scribble-uncertainty-lung-segmentation/data/pseudo_labels/teacher_tta_labels/coronacases_005_slice_0126.npy,/kaggle/working/scribble-uncertainty-lung-segmentation/data/pseudo_labels/teacher_tta_confidence/coronacases_005_slice_0126.npy,/kaggle/working/scribble-uncertainty-lung-segmentation/outputs/predictions/teacher_tta_probabilities/coronacases_005_slice_0126.npy,0.05,0,681,65536,28,570,0.8585131764411926,True
coronacases_005,127,/kaggle/working/scribble-uncertainty-lung-segmentation/data/pseudo_labels/teacher_tta_labels/coronacases_005_slice_0127.npy,/kaggle/working/scribble-uncertainty-lung-segmentation/data/pseudo_labels/teacher_tta_confidence/coronacases_005_slice_0127.npy,/kaggle/working/scribble-uncertainty-lung-segmentation/outputs/predictions/teacher_tta_probabilities/coronacases_005_slice_0127.npy,0.05,0,636,65536,28,432,0.7996254563331604,True
coronacases_005,128,/kaggle/working/scribble-uncertainty-lung-segmentation/data/pseudo_labels/teacher_tta_labels/coronacases_005_slice_0128.npy,/kaggle/working/scribble-uncertainty-lung-segmentation/data/pseudo_labels/teacher_tta_confidence/coronacases_005_slice_0128.npy,/kaggle/working/scribble-uncertainty-lung-segmentation/outputs/predictions/teacher_tta_probabilities/coronacases_005_slice_0128.npy,0.05,0,577,65536,28,406,0.7894201278686523,True
coronacases_005,129,/kaggle/working/scribble-uncertainty-lung-segmentation/data/pseudo_labels/teacher_tta_labels/coronacases_005_slice_0129.npy,/kaggle/working/scribble-uncertainty-lung-segmentation/data/pseudo_labels/teacher_tta_confidence/coronacases_005_slice_0129.npy,/kaggle/working/scribble-uncertainty-lung-segmentation/outputs/predictions/teacher_tta_probabilities/coronacases_005_slice_0129.npy,0.05,0,553,65536,23,393,0.7843551635742188,True
coronacases_005,130,/kaggle/working/scribble-uncertainty-lung-segmentation/data/pseudo_labels/teacher_tta_labels/coronacases_005_slice_0130.npy,/kaggle/working/scribble-uncertainty-lung-segmentation/data/pseudo_labels/teacher_tta_confidence/coronacases_005_slice_0130.npy,/kaggle/working/scribble-uncertainty-lung-segmentation/outputs/predictions/teacher_tta_probabilities/coronacases_005_slice_0130.npy,0.05,0,529,65536,21,334,0.7694090604782104,True
coronacases_005,131,/kaggle/working/scribble-uncertainty-lung-segmentation/data/pseudo_labels/teacher_tta_labels/coronacases_005_slice_0131.npy,/kaggle/working/scribble-uncertainty-lung-segmentation/data/pseudo_labels/teacher_tta_confidence/coronacases_005_slice_0131.npy,/kaggle/working/scribble-uncertainty-lung-segmentation/outputs/predictions/teacher_tta_probabilities/coronacases_005_slice_0131.npy,0.05,0,537,65536,22,309,0.7186761498451233,True
coronacases_005,132,/kaggle/working/scribble-uncertainty-lung-segmentation/data/pseudo_labels/teacher_tta_labels/coronacases_005_slice_0132.npy,/kaggle/working/scribble-uncertainty-lung-segmentation/data/pseudo_labels/teacher_tta_confidence/coronacases_005_slice_0132.npy,/kaggle/working/scribble-uncertainty-lung-segmentation/outputs/predictions/teacher_tta_probabilities/coronacases_005_slice_0132.npy,0.05,0,602,65536,19,327,0.7039827704429626,True
coronacases_005,133,/kaggle/working/scribble-uncertainty-lung-segmentation/data/pseudo_labels/teacher_tta_labels/coronacases_005_slice_0133.npy,/kaggle/working/scribble-uncertainty-lung-segmentation/data/pseudo_labels/teacher_tta_confidence/coronacases_005_slice_0133.npy,/kaggle/working/scribble-uncertainty-lung-segmentation/outputs/predictions/teacher_tta_probabilities/coronacases_005_slice_0133.npy,0.05,0,624,65536,23,320,0.6779661178588867,True
coronacases_005,134,/kaggle/working/scribble-uncertainty-lung-segmentation/data/pseudo_labels/teacher_tta_labels/coronacases_005_slice_0134.npy,/kaggle/working/scribble-uncertainty-lung-segmentation/data/pseudo_labels/teacher_tta_confidence/coronacases_005_slice_0134.npy,/kaggle/working/scribble-uncertainty-lung-segmentation/outputs/predictions/teacher_tta_probabilities/coronacases_005_slice_0134.npy,0.05,0,550,65536,14,373,0.7562296986579895,True
coronacases_005,135,/kaggle/working/scribble-uncertainty-lung-segmentation/data/pseudo_labels/teacher_tta_labels/coronacases_005_slice_0135.npy,/kaggle/working/scribble-uncertainty-lung-segmentation/data/pseudo_labels/teacher_tta_confidence/coronacases_005_slice_0135.npy,/kaggle/working/scribble-uncertainty-lung-segmentation/outputs/predictions/teacher_tta_probabilities/coronacases_005_slice_0135.npy,0.05,0,483,65536,18,356,0.824791431427002,True
coronacases_005,136,/kaggle/working/scribble-uncertainty-lung-segmentation/data/pseudo_labels/teacher_tta_labels/coronacases_005_slice_0136.npy,/kaggle/working/scribble-uncertainty-lung-segmentation/data/pseudo_labels/teacher_tta_confidence/coronacases_005_slice_0136.npy,/kaggle/working/scribble-uncertainty-lung-segmentation/outputs/predictions/teacher_tta_probabilities/coronacases_005_slice_0136.npy,0.05,0,504,65536,25,347,0.803760290145874,True
coronacases_005,137,/kaggle/working/scribble-uncertainty-lung-segmentation/data/pseudo_labels/teacher_tta_labels/coronacases_005_slice_0137.npy,/kaggle/working/scribble-uncertainty-lung-segmentation/data/pseudo_labels/teacher_tta_confidence/coronacases_005_slice_0137.npy,/kaggle/working/scribble-uncertainty-lung-segmentation/outputs/predictions/teacher_tta_probabilities/coronacases_005_slice_0137.npy,0.05,0,490,65536,31,421,0.8869374394416809,True
coronacases_005,138,/kaggle/working/scribble-uncertainty-lung-segmentation/data/pseudo_labels/teacher_tta_labels/coronacases_005_slice_0138.npy,/kaggle/working/scribble-uncertainty-lung-segmentation/data/pseudo_labels/teacher_tta_confidence/coronacases_005_slice_0138.npy,/kaggle/working/scribble-uncertainty-lung-segmentation/outputs/predictions/teacher_tta_probabilities/coronacases_005_slice_0138.npy,0.05,0,506,65536,19,379,0.8384180665016174,True
coronacases_005,139,/kaggle/working/scribble-uncertainty-lung-segmentation/data/pseudo_labels/teacher_tta_labels/coronacases_005_slice_0139.npy,/kaggle/working/scribble-uncertainty-lung-segmentation/data/pseudo_labels/teacher_tta_confidence/coronacases_005_slice_0139.npy,/kaggle/working/scribble-uncertainty-lung-segmentation/outputs/predictions/teacher_tta_probabilities/coronacases_005_slice_0139.npy,0.05,0,511,65536,18,387,0.8507795333862305,True
coronacases_005,140,/kaggle/working/scribble-uncertainty-lung-segmentation/data/pseudo_labels/teacher_tta_labels/coronacases_005_slice_0140.npy,/kaggle/working/scribble-uncertainty-lung-segmentation/data/pseudo_labels/teacher_tta_confidence/coronacases_005_slice_0140.npy,/kaggle/working/scribble-uncertainty-lung-segmentation/outputs/predictions/teacher_tta_probabilities/coronacases_005_slice_0140.npy,0.05,0,522,65536,24,365,0.8117249011993408,True
coronacases_005,141,/kaggle/working/scribble-uncertainty-lung-segmentation/data/pseudo_labels/teacher_tta_labels/coronacases_005_slice_0141.npy,/kaggle/working/scribble-uncertainty-lung-segmentation/data/pseudo_labels/teacher_tta_confidence/coronacases_005_slice_0141.npy,/kaggle/working/scribble-uncertainty-lung-segmentation/outputs/predictions/teacher_tta_probabilities/coronacases_005_slice_0141.npy,0.05,0,536,65536,14,360,0.7857142686843872,True
coronacases_005,142,/kaggle/working/scribble-uncertainty-lung-segmentation/data/pseudo_labels/teacher_tta_labels/coronacases_005_slice_0142.npy,/kaggle/working/scribble-uncertainty-lung-segmentation/data/pseudo_labels/teacher_tta_confidence/coronacases_005_slice_0142.npy,/kaggle/working/scribble-uncertainty-lung-segmentation/outputs/predictions/teacher_tta_probabilities/coronacases_005_slice_0142.npy,0.05,0,549,65536,15,384,0.806002140045166,True
coronacases_005,143,/kaggle/working/scribble-uncertainty-lung-segmentation/data/pseudo_labels/teacher_tta_labels/coronacases_005_slice_0143.npy,/kaggle/working/scribble-uncertainty-lung-segmentation/data/pseudo_labels/teacher_tta_confidence/coronacases_005_slice_0143.npy,/kaggle/working/scribble-uncertainty-lung-segmentation/outputs/predictions/teacher_tta_probabilities/coronacases_005_slice_0143.npy,0.05,0,509,65536,18,375,0.8348416090011597,True
coronacases_005,144,/kaggle/working/scribble-uncertainty-lung-segmentation/data/pseudo_labels/teacher_tta_labels/coronacases_005_slice_0144.npy,/kaggle/working/scribble-uncertainty-lung-segmentation/data/pseudo_labels/teacher_tta_confidence/coronacases_005_slice_0144.npy,/kaggle/working/scribble-uncertainty-lung-segmentation/outputs/predictions/teacher_tta_probabilities/coronacases_005_slice_0144.npy,0.05,0,516,65536,15,381,0.8450390100479126,True
coronacases_005,145,/kaggle/working/scribble-uncertainty-lung-segmentation/data/pseudo_labels/teacher_tta_labels/coronacases_005_slice_0145.npy,/kaggle/working/scribble-uncertainty-lung-segmentation/data/pseudo_labels/teacher_tta_confidence/coronacases_005_slice_0145.npy,/kaggle/working/scribble-uncertainty-lung-segmentation/outputs/predictions/teacher_tta_probabilities/coronacases_005_slice_0145.npy,0.05,0,506,65536,16,378,0.8122171759605408,True
coronacases_005,146,/kaggle/working/scribble-uncertainty-lung-segmentation/data/pseudo_labels/teacher_tta_labels/coronacases_005_slice_0146.npy,/kaggle/working/scribble-uncertainty-lung-segmentation/data/pseudo_labels/teacher_tta_confidence/coronacases_005_slice_0146.npy,/kaggle/working/scribble-uncertainty-lung-segmentation/outputs/predictions/teacher_tta_probabilities/coronacases_005_slice_0146.npy,0.05,0,482,65536,16,368,0.8541176319122314,True
coronacases_005,147,/kaggle/working/scribble-uncertainty-lung-segmentation/data/pseudo_labels/teacher_tta_labels/coronacases_005_slice_0147.npy,/kaggle/working/scribble-uncertainty-lung-segmentation/data/pseudo_labels/teacher_tta_confidence/coronacases_005_slice_0147.npy,/kaggle/working/scribble-uncertainty-lung-segmentation/outputs/predictions/teacher_tta_probabilities/coronacases_005_slice_0147.npy,0.05,0,468,65536,14,377,0.8615384697914124,True
coronacases_005,148,/kaggle/working/scribble-uncertainty-lung-segmentation/data/pseudo_labels/teacher_tta_labels/coronacases_005_slice_0148.npy,/kaggle/working/scribble-uncertainty-lung-segmentation/data/pseudo_labels/teacher_tta_confidence/coronacases_005_slice_0148.npy,/kaggle/working/scribble-uncertainty-lung-segmentation/outputs/predictions/teacher_tta_probabilities/coronacases_005_slice_0148.npy,0.05,0,483,65536,11,410,0.8868981003761292,True
coronacases_005,149,/kaggle/working/scribble-uncertainty-lung-segmentation/data/pseudo_labels/teacher_tta_labels/coronacases_005_slice_0149.npy,/kaggle/working/scribble-uncertainty-lung-segmentation/data/pseudo_labels/teacher_tta_confidence/coronacases_005_slice_0149.npy,/kaggle/working/scribble-uncertainty-lung-segmentation/outputs/predictions/teacher_tta_probabilities/coronacases_005_slice_0149.npy,0.05,0,484,65536,20,390,0.8649885654449463,True
coronacases_005,150,/kaggle/working/scribble-uncertainty-lung-segmentation/data/pseudo_labels/teacher_tta_labels/coronacases_005_slice_0150.npy,/kaggle/working/scribble-uncertainty-lung-segmentation/data/pseudo_labels/teacher_tta_confidence/coronacases_005_slice_0150.npy,/kaggle/working/scribble-uncertainty-lung-segmentation/outputs/predictions/teacher_tta_probabilities/coronacases_005_slice_0150.npy,0.05,0,505,65536,14,334,0.7890345454216003,True
coronacases_005,151,/kaggle/working/scribble-uncertainty-lung-segmentation/data/pseudo_labels/teacher_tta_labels/coronacases_005_slice_0151.npy,/kaggle/working/scribble-uncertainty-lung-segmentation/data/pseudo_labels/teacher_tta_confidence/coronacases_005_slice_0151.npy,/kaggle/working/scribble-uncertainty-lung-segmentation/outputs/predictions/teacher_tta_probabilities/coronacases_005_slice_0151.npy,0.05,0,436,65536,12,274,0.7690140604972839,True
coronacases_005,152,/kaggle/working/scribble-uncertainty-lung-segmentation/data/pseudo_labels/teacher_tta_labels/coronacases_005_slice_0152.npy,/kaggle/working/scribble-uncertainty-lung-segmentation/data/pseudo_labels/teacher_tta_confidence/coronacases_005_slice_0152.npy,/kaggle/working/scribble-uncertainty-lung-segmentation/outputs/predictions/teacher_tta_probabilities/coronacases_005_slice_0152.npy,0.05,0,400,65536,15,289,0.8388969302177429,True
coronacases_005,153,/kaggle/working/scribble-uncertainty-lung-segmentation/data/pseudo_labels/teacher_tta_labels/coronacases_005_slice_0153.npy,/kaggle/working/scribble-uncertainty-lung-segmentation/data/pseudo_labels/teacher_tta_confidence/coronacases_005_slice_0153.npy,/kaggle/working/scribble-uncertainty-lung-segmentation/outputs/predictions/teacher_tta_probabilities/coronacases_005_slice_0153.npy,0.05,0,382,65536,20,303,0.8262773752212524,True
coronacases_005,154,/kaggle/working/scribble-uncertainty-lung-segmentation/data/pseudo_labels/teacher_tta_labels/coronacases_005_slice_0154.npy,/kaggle/working/scribble-uncertainty-lung-segmentation/data/pseudo_labels/teacher_tta_confidence/coronacases_005_slice_0154.npy,/kaggle/working/scribble-uncertainty-lung-segmentation/outputs/predictions/teacher_tta_probabilities/coronacases_005_slice_0154.npy,0.05,0,353,65536,16,222,0.7582608461380005,True
coronacases_005,155,/kaggle/working/scribble-uncertainty-lung-segmentation/data/pseudo_labels/teacher_tta_labels/coronacases_005_slice_0155.npy,/kaggle/working/scribble-uncertainty-lung-segmentation/data/pseudo_labels/teacher_tta_confidence/coronacases_005_slice_0155.npy,/kaggle/working/scribble-uncertainty-lung-segmentation/outputs/predictions/teacher_tta_probabilities/coronacases_005_slice_0155.npy,0.05,0,375,65536,8,206,0.7091221809387207,True
coronacases_005,156,/kaggle/working/scribble-uncertainty-lung-segmentation/data/pseudo_labels/teacher_tta_labels/coronacases_005_slice_0156.npy,/kaggle/working/scribble-uncertainty-lung-segmentation/data/pseudo_labels/teacher_tta_confidence/coronacases_005_slice_0156.npy,/kaggle/working/scribble-uncertainty-lung-segmentation/outputs/predictions/teacher_tta_probabilities/coronacases_005_slice_0156.npy,0.05,0,379,65536,12,212,0.7072758078575134,True
coronacases_005,157,/kaggle/working/scribble-uncertainty-lung-segmentation/data/pseudo_labels/teacher_tta_labels/coronacases_005_slice_0157.npy,/kaggle/working/scribble-uncertainty-lung-segmentation/data/pseudo_labels/teacher_tta_confidence/coronacases_005_slice_0157.npy,/kaggle/working/scribble-uncertainty-lung-segmentation/outputs/predictions/teacher_tta_probabilities/coronacases_005_slice_0157.npy,0.05,0,316,65536,12,205,0.7869482040405273,True
coronacases_005,158,/kaggle/working/scribble-uncertainty-lung-segmentation/data/pseudo_labels/teacher_tta_labels/coronacases_005_slice_0158.npy,/kaggle/working/scribble-uncertainty-lung-segmentation/data/pseudo_labels/teacher_tta_confidence/coronacases_005_slice_0158.npy,/kaggle/working/scribble-uncertainty-lung-segmentation/outputs/predictions/teacher_tta_probabilities/coronacases_005_slice_0158.npy,0.05,0,278,65536,8,167,0.7460674047470093,True
coronacases_005,159,/kaggle/working/scribble-uncertainty-lung-segmentation/data/pseudo_labels/teacher_tta_labels/coronacases_005_slice_0159.npy,/kaggle/working/scribble-uncertainty-lung-segmentation/data/pseudo_labels/teacher_tta_confidence/coronacases_005_slice_0159.npy,/kaggle/working/scribble-uncertainty-lung-segmentation/outputs/predictions/teacher_tta_probabilities/coronacases_005_slice_0159.npy,0.05,0,264,65536,12,150,0.7149758338928223,True
coronacases_005,160,/kaggle/working/scribble-uncertainty-lung-segmentation/data/pseudo_labels/teacher_tta_labels/coronacases_005_slice_0160.npy,/kaggle/working/scribble-uncertainty-lung-segmentation/data/pseudo_labels/teacher_tta_confidence/coronacases_005_slice_0160.npy,/kaggle/working/scribble-uncertainty-lung-segmentation/outputs/predictions/teacher_tta_probabilities/coronacases_005_slice_0160.npy,0.05,0,220,65536,12,125,0.7246376872062683,True
coronacases_005,161,/kaggle/working/scribble-uncertainty-lung-segmentation/data/pseudo_labels/teacher_tta_labels/coronacases_005_slice_0161.npy,/kaggle/working/scribble-uncertainty-lung-segmentation/data/pseudo_labels/teacher_tta_confidence/coronacases_005_slice_0161.npy,/kaggle/working/scribble-uncertainty-lung-segmentation/outputs/predictions/teacher_tta_probabilities/coronacases_005_slice_0161.npy,0.05,0,190,65536,12,108,0.7114093899726868,True
coronacases_005,162,/kaggle/working/scribble-uncertainty-lung-segmentation/data/pseudo_labels/teacher_tta_labels/coronacases_005_slice_0162.npy,/kaggle/working/scribble-uncertainty-lung-segmentation/data/pseudo_labels/teacher_tta_confidence/coronacases_005_slice_0162.npy,/kaggle/working/scribble-uncertainty-lung-segmentation/outputs/predictions/teacher_tta_probabilities/coronacases_005_slice_0162.npy,0.05,0,192,65536,8,108,0.7200000286102295,True
coronacases_005,163,/kaggle/working/scribble-uncertainty-lung-segmentation/data/pseudo_labels/teacher_tta_labels/coronacases_005_slice_0163.npy,/kaggle/working/scribble-uncertainty-lung-segmentation/data/pseudo_labels/teacher_tta_confidence/coronacases_005_slice_0163.npy,/kaggle/working/scribble-uncertainty-lung-segmentation/outputs/predictions/teacher_tta_probabilities/coronacases_005_slice_0163.npy,0.05,0,187,65536,8,99,0.6853147149085999,True
coronacases_005,164,/kaggle/working/scribble-uncertainty-lung-segmentation/data/pseudo_labels/teacher_tta_labels/coronacases_005_slice_0164.npy,/kaggle/working/scribble-uncertainty-lung-segmentation/data/pseudo_labels/teacher_tta_confidence/coronacases_005_slice_0164.npy,/kaggle/working/scribble-uncertainty-lung-segmentation/outputs/predictions/teacher_tta_probabilities/coronacases_005_slice_0164.npy,0.05,0,195,65536,8,95,0.6482758522033691,True
coronacases_005,165,/kaggle/working/scribble-uncertainty-lung-segmentation/data/pseudo_labels/teacher_tta_labels/coronacases_005_slice_0165.npy,/kaggle/working/scribble-uncertainty-lung-segmentation/data/pseudo_labels/teacher_tta_confidence/coronacases_005_slice_0165.npy,/kaggle/working/scribble-uncertainty-lung-segmentation/outputs/predictions/teacher_tta_probabilities/coronacases_005_slice_0165.npy,0.05,0,160,65536,4,83,0.6584362387657166,True
coronacases_005,166,/kaggle/working/scribble-uncertainty-lung-segmentation/data/pseudo_labels/teacher_tta_labels/coronacases_005_slice_0166.npy,/kaggle/working/scribble-uncertainty-lung-segmentation/data/pseudo_labels/teacher_tta_confidence/coronacases_005_slice_0166.npy,/kaggle/working/scribble-uncertainty-lung-segmentation/outputs/predictions/teacher_tta_probabilities/coronacases_005_slice_0166.npy,0.05,0,132,65536,4,64,0.6428571343421936,True
coronacases_005,167,/kaggle/working/scribble-uncertainty-lung-segmentation/data/pseudo_labels/teacher_tta_labels/coronacases_005_slice_0167.npy,/kaggle/working/scribble-uncertainty-lung-segmentation/data/pseudo_labels/teacher_tta_confidence/coronacases_005_slice_0167.npy,/kaggle/working/scribble-uncertainty-lung-segmentation/outputs/predictions/teacher_tta_probabilities/coronacases_005_slice_0167.npy,0.05,0,134,65536,4,73,0.6183574795722961,True
coronacases_005,168,/kaggle/working/scribble-uncertainty-lung-segmentation/data/pseudo_labels/teacher_tta_labels/coronacases_005_slice_0168.npy,/kaggle/working/scribble-uncertainty-lung-segmentation/data/pseudo_labels/teacher_tta_confidence/coronacases_005_slice_0168.npy,/kaggle/working/scribble-uncertainty-lung-segmentation/outputs/predictions/teacher_tta_probabilities/coronacases_005_slice_0168.npy,0.05,0,126,65536,4,48,0.540229856967926,True
coronacases_005,169,/kaggle/working/scribble-uncertainty-lung-segmentation/data/pseudo_labels/teacher_tta_labels/coronacases_005_slice_0169.npy,/kaggle/working/scribble-uncertainty-lung-segmentation/data/pseudo_labels/teacher_tta_confidence/coronacases_005_slice_0169.npy,/kaggle/working/scribble-uncertainty-lung-segmentation/outputs/predictions/teacher_tta_probabilities/coronacases_005_slice_0169.npy,0.05,0,65,65536,4,34,0.6464646458625793,True
coronacases_005,170,/kaggle/working/scribble-uncertainty-lung-segmentation/data/pseudo_labels/teacher_tta_labels/coronacases_005_slice_0170.npy,/kaggle/working/scribble-uncertainty-lung-segmentation/data/pseudo_labels/teacher_tta_confidence/coronacases_005_slice_0170.npy,/kaggle/working/scribble-uncertainty-lung-segmentation/outputs/predictions/teacher_tta_probabilities/coronacases_005_slice_0170.npy,0.05,0,40,65536,0,0,2.4999999848063226e-09,False
coronacases_005,171,/kaggle/working/scribble-uncertainty-lung-segmentation/data/pseudo_labels/teacher_tta_labels/coronacases_005_slice_0171.npy,/kaggle/working/scribble-uncertainty-lung-segmentation/data/pseudo_labels/teacher_tta_confidence/coronacases_005_slice_0171.npy,/kaggle/working/scribble-uncertainty-lung-segmentation/outputs/predictions/teacher_tta_probabilities/coronacases_005_slice_0171.npy,0.05,0,46,65536,0,0,2.173913049574594e-09,False
coronacases_005,172,/kaggle/working/scribble-uncertainty-lung-segmentation/data/pseudo_labels/teacher_tta_labels/coronacases_005_slice_0172.npy,/kaggle/working/scribble-uncertainty-lung-segmentation/data/pseudo_labels/teacher_tta_confidence/coronacases_005_slice_0172.npy,/kaggle/working/scribble-uncertainty-lung-segmentation/outputs/predictions/teacher_tta_probabilities/coronacases_005_slice_0172.npy,0.05,0,29,65536,0,0,3.448275887052432e-09,False
coronacases_005,173,/kaggle/working/scribble-uncertainty-lung-segmentation/data/pseudo_labels/teacher_tta_labels/coronacases_005_slice_0173.npy,/kaggle/working/scribble-uncertainty-lung-segmentation/data/pseudo_labels/teacher_tta_confidence/coronacases_005_slice_0173.npy,/kaggle/working/scribble-uncertainty-lung-segmentation/outputs/predictions/teacher_tta_probabilities/coronacases_005_slice_0173.npy,0.05,0,21,65536,0,0,4.761904648376003e-09,False
coronacases_005,174,/kaggle/working/scribble-uncertainty-lung-segmentation/data/pseudo_labels/teacher_tta_labels/coronacases_005_slice_0174.npy,/kaggle/working/scribble-uncertainty-lung-segmentation/data/pseudo_labels/teacher_tta_confidence/coronacases_005_slice_0174.npy,/kaggle/working/scribble-uncertainty-lung-segmentation/outputs/predictions/teacher_tta_probabilities/coronacases_005_slice_0174.npy,0.05,0,48,65536,0,0,2.0833332836645013e-09,False
coronacases_005,175,/kaggle/working/scribble-uncertainty-lung-segmentation/data/pseudo_labels/teacher_tta_labels/coronacases_005_slice_0175.npy,/kaggle/working/scribble-uncertainty-lung-segmentation/data/pseudo_labels/teacher_tta_confidence/coronacases_005_slice_0175.npy,/kaggle/working/scribble-uncertainty-lung-segmentation/outputs/predictions/teacher_tta_probabilities/coronacases_005_slice_0175.npy,0.05,0,67,65536,4,31,0.5102040767669678,True
coronacases_005,176,/kaggle/working/scribble-uncertainty-lung-segmentation/data/pseudo_labels/teacher_tta_labels/coronacases_005_slice_0176.npy,/kaggle/working/scribble-uncertainty-lung-segmentation/data/pseudo_labels/teacher_tta_confidence/coronacases_005_slice_0176.npy,/kaggle/working/scribble-uncertainty-lung-segmentation/outputs/predictions/teacher_tta_probabilities/coronacases_005_slice_0176.npy,0.05,0,64,65536,4,30,0.4893617033958435,True
coronacases_005,177,/kaggle/working/scribble-uncertainty-lung-segmentation/data/pseudo_labels/teacher_tta_labels/coronacases_005_slice_0177.npy,/kaggle/working/scribble-uncertainty-lung-segmentation/data/pseudo_labels/teacher_tta_confidence/coronacases_005_slice_0177.npy,/kaggle/working/scribble-uncertainty-lung-segmentation/outputs/predictions/teacher_tta_probabilities/coronacases_005_slice_0177.npy,0.05,0,43,65536,4,18,0.5901639461517334,True
coronacases_005,178,/kaggle/working/scribble-uncertainty-lung-segmentation/data/pseudo_labels/teacher_tta_labels/coronacases_005_slice_0178.npy,/kaggle/working/scribble-uncertainty-lung-segmentation/data/pseudo_labels/teacher_tta_confidence/coronacases_005_slice_0178.npy,/kaggle/working/scribble-uncertainty-lung-segmentation/outputs/predictions/teacher_tta_probabilities/coronacases_005_slice_0178.npy,0.05,0,40,65536,4,19,0.6101694703102112,True
coronacases_005,179,/kaggle/working/scribble-uncertainty-lung-segmentation/data/pseudo_labels/teacher_tta_labels/coronacases_005_slice_0179.npy,/kaggle/working/scribble-uncertainty-lung-segmentation/data/pseudo_labels/teacher_tta_confidence/coronacases_005_slice_0179.npy,/kaggle/working/scribble-uncertainty-lung-segmentation/outputs/predictions/teacher_tta_probabilities/coronacases_005_slice_0179.npy,0.05,0,34,65536,4,13,0.42553192377090454,True
coronacases_005,180,/kaggle/working/scribble-uncertainty-lung-segmentation/data/pseudo_labels/teacher_tta_labels/coronacases_005_slice_0180.npy,/kaggle/working/scribble-uncertainty-lung-segmentation/data/pseudo_labels/teacher_tta_confidence/coronacases_005_slice_0180.npy,/kaggle/working/scribble-uncertainty-lung-segmentation/outputs/predictions/teacher_tta_probabilities/coronacases_005_slice_0180.npy,0.05,0,8,65536,0,0,1.2500000146076218e-08,False
coronacases_005,181,/kaggle/working/scribble-uncertainty-lung-segmentation/data/pseudo_labels/teacher_tta_labels/coronacases_005_slice_0181.npy,/kaggle/working/scribble-uncertainty-lung-segmentation/data/pseudo_labels/teacher_tta_confidence/coronacases_005_slice_0181.npy,/kaggle/working/scribble-uncertainty-lung-segmentation/outputs/predictions/teacher_tta_probabilities/coronacases_005_slice_0181.npy,0.05,0,0,65536,0,0,1.0,False
coronacases_005,182,/kaggle/working/scribble-uncertainty-lung-segmentation/data/pseudo_labels/teacher_tta_labels/coronacases_005_slice_0182.npy,/kaggle/working/scribble-uncertainty-lung-segmentation/data/pseudo_labels/teacher_tta_confidence/coronacases_005_slice_0182.npy,/kaggle/working/scribble-uncertainty-lung-segmentation/outputs/predictions/teacher_tta_probabilities/coronacases_005_slice_0182.npy,0.05,0,0,65536,0,0,1.0,False
coronacases_005,183,/kaggle/working/scribble-uncertainty-lung-segmentation/data/pseudo_labels/teacher_tta_labels/coronacases_005_slice_0183.npy,/kaggle/working/scribble-uncertainty-lung-segmentation/data/pseudo_labels/teacher_tta_confidence/coronacases_005_slice_0183.npy,/kaggle/working/scribble-uncertainty-lung-segmentation/outputs/predictions/teacher_tta_probabilities/coronacases_005_slice_0183.npy,0.05,0,0,65536,0,0,1.0,False
coronacases_005,184,/kaggle/working/scribble-uncertainty-lung-segmentation/data/pseudo_labels/teacher_tta_labels/coronacases_005_slice_0184.npy,/kaggle/working/scribble-uncertainty-lung-segmentation/data/pseudo_labels/teacher_tta_confidence/coronacases_005_slice_0184.npy,/kaggle/working/scribble-uncertainty-lung-segmentation/outputs/predictions/teacher_tta_probabilities/coronacases_005_slice_0184.npy,0.05,0,0,65536,0,0,1.0,False
coronacases_005,185,/kaggle/working/scribble-uncertainty-lung-segmentation/data/pseudo_labels/teacher_tta_labels/coronacases_005_slice_0185.npy,/kaggle/working/scribble-uncertainty-lung-segmentation/data/pseudo_labels/teacher_tta_confidence/coronacases_005_slice_0185.npy,/kaggle/working/scribble-uncertainty-lung-segmentation/outputs/predictions/teacher_tta_probabilities/coronacases_005_slice_0185.npy,0.05,0,0,65536,0,0,1.0,False
coronacases_005,186,/kaggle/working/scribble-uncertainty-lung-segmentation/data/pseudo_labels/teacher_tta_labels/coronacases_005_slice_0186.npy,/kaggle/working/scribble-uncertainty-lung-segmentation/data/pseudo_labels/teacher_tta_confidence/coronacases_005_slice_0186.npy,/kaggle/working/scribble-uncertainty-lung-segmentation/outputs/predictions/teacher_tta_probabilities/coronacases_005_slice_0186.npy,0.05,0,0,65536,0,0,1.0,False
coronacases_005,187,/kaggle/working/scribble-uncertainty-lung-segmentation/data/pseudo_labels/teacher_tta_labels/coronacases_005_slice_0187.npy,/kaggle/working/scribble-uncertainty-lung-segmentation/data/pseudo_labels/teacher_tta_confidence/coronacases_005_slice_0187.npy,/kaggle/working/scribble-uncertainty-lung-segmentation/outputs/predictions/teacher_tta_probabilities/coronacases_005_slice_0187.npy,0.05,0,0,65536,0,0,1.0,False
coronacases_005,188,/kaggle/working/scribble-uncertainty-lung-segmentation/data/pseudo_labels/teacher_tta_labels/coronacases_005_slice_0188.npy,/kaggle/working/scribble-uncertainty-lung-segmentation/data/pseudo_labels/teacher_tta_confidence/coronacases_005_slice_0188.npy,/kaggle/working/scribble-uncertainty-lung-segmentation/outputs/predictions/teacher_tta_probabilities/coronacases_005_slice_0188.npy,0.05,0,0,65536,0,0,1.0,False
coronacases_005,189,/kaggle/working/scribble-uncertainty-lung-segmentation/data/pseudo_labels/teacher_tta_labels/coronacases_005_slice_0189.npy,/kaggle/working/scribble-uncertainty-lung-segmentation/data/pseudo_labels/teacher_tta_confidence/coronacases_005_slice_0189.npy,/kaggle/working/scribble-uncertainty-lung-segmentation/outputs/predictions/teacher_tta_probabilities/coronacases_005_slice_0189.npy,0.05,0,0,65536,0,0,1.0,False
coronacases_005,190,/kaggle/working/scribble-uncertainty-lung-segmentation/data/pseudo_labels/teacher_tta_labels/coronacases_005_slice_0190.npy,/kaggle/working/scribble-uncertainty-lung-segmentation/data/pseudo_labels/teacher_tta_confidence/coronacases_005_slice_0190.npy,/kaggle/working/scribble-uncertainty-lung-segmentation/outputs/predictions/teacher_tta_probabilities/coronacases_005_slice_0190.npy,0.05,0,0,65536,0,0,1.0,False
coronacases_005,191,/kaggle/working/scribble-uncertainty-lung-segmentation/data/pseudo_labels/teacher_tta_labels/coronacases_005_slice_0191.npy,/kaggle/working/scribble-uncertainty-lung-segmentation/data/pseudo_labels/teacher_tta_confidence/coronacases_005_slice_0191.npy,/kaggle/working/scribble-uncertainty-lung-segmentation/outputs/predictions/teacher_tta_probabilities/coronacases_005_slice_0191.npy,0.05,0,0,65536,0,0,1.0,False
coronacases_005,192,/kaggle/working/scribble-uncertainty-lung-segmentation/data/pseudo_labels/teacher_tta_labels/coronacases_005_slice_0192.npy,/kaggle/working/scribble-uncertainty-lung-segmentation/data/pseudo_labels/teacher_tta_confidence/coronacases_005_slice_0192.npy,/kaggle/working/scribble-uncertainty-lung-segmentation/outputs/predictions/teacher_tta_probabilities/coronacases_005_slice_0192.npy,0.05,0,0,65536,0,0,1.0,False
coronacases_005,193,/kaggle/working/scribble-uncertainty-lung-segmentation/data/pseudo_labels/teacher_tta_labels/coronacases_005_slice_0193.npy,/kaggle/working/scribble-uncertainty-lung-segmentation/data/pseudo_labels/teacher_tta_confidence/coronacases_005_slice_0193.npy,/kaggle/working/scribble-uncertainty-lung-segmentation/outputs/predictions/teacher_tta_probabilities/coronacases_005_slice_0193.npy,0.05,0,0,65536,0,0,1.0,False
coronacases_005,194,/kaggle/working/scribble-uncertainty-lung-segmentation/data/pseudo_labels/teacher_tta_labels/coronacases_005_slice_0194.npy,/kaggle/working/scribble-uncertainty-lung-segmentation/data/pseudo_labels/teacher_tta_confidence/coronacases_005_slice_0194.npy,/kaggle/working/scribble-uncertainty-lung-segmentation/outputs/predictions/teacher_tta_probabilities/coronacases_005_slice_0194.npy,0.05,0,0,65536,0,0,1.0,False
coronacases_005,195,/kaggle/working/scribble-uncertainty-lung-segmentation/data/pseudo_labels/teacher_tta_labels/coronacases_005_slice_0195.npy,/kaggle/working/scribble-uncertainty-lung-segmentation/data/pseudo_labels/teacher_tta_confidence/coronacases_005_slice_0195.npy,/kaggle/working/scribble-uncertainty-lung-segmentation/outputs/predictions/teacher_tta_probabilities/coronacases_005_slice_0195.npy,0.05,0,0,65536,0,0,1.0,False
coronacases_005,196,/kaggle/working/scribble-uncertainty-lung-segmentation/data/pseudo_labels/teacher_tta_labels/coronacases_005_slice_0196.npy,/kaggle/working/scribble-uncertainty-lung-segmentation/data/pseudo_labels/teacher_tta_confidence/coronacases_005_slice_0196.npy,/kaggle/working/scribble-uncertainty-lung-segmentation/outputs/predictions/teacher_tta_probabilities/coronacases_005_slice_0196.npy,0.05,0,0,65536,0,0,1.0,False
coronacases_005,197,/kaggle/working/scribble-uncertainty-lung-segmentation/data/pseudo_labels/teacher_tta_labels/coronacases_005_slice_0197.npy,/kaggle/working/scribble-uncertainty-lung-segmentation/data/pseudo_labels/teacher_tta_confidence/coronacases_005_slice_0197.npy,/kaggle/working/scribble-uncertainty-lung-segmentation/outputs/predictions/teacher_tta_probabilities/coronacases_005_slice_0197.npy,0.05,0,21,65536,0,0,4.761904648376003e-09,False
coronacases_005,198,/kaggle/working/scribble-uncertainty-lung-segmentation/data/pseudo_labels/teacher_tta_labels/coronacases_005_slice_0198.npy,/kaggle/working/scribble-uncertainty-lung-segmentation/data/pseudo_labels/teacher_tta_confidence/coronacases_005_slice_0198.npy,/kaggle/working/scribble-uncertainty-lung-segmentation/outputs/predictions/teacher_tta_probabilities/coronacases_005_slice_0198.npy,0.05,0,13,65536,0,0,7.692308123807834e-09,False
coronacases_005,199,/kaggle/working/scribble-uncertainty-lung-segmentation/data/pseudo_labels/teacher_tta_labels/coronacases_005_slice_0199.npy,/kaggle/working/scribble-uncertainty-lung-segmentation/data/pseudo_labels/teacher_tta_confidence/coronacases_005_slice_0199.npy,/kaggle/working/scribble-uncertainty-lung-segmentation/outputs/predictions/teacher_tta_probabilities/coronacases_005_slice_0199.npy,0.05,0,0,65536,0,0,1.0,False
coronacases_005,200,/kaggle/working/scribble-uncertainty-lung-segmentation/data/pseudo_labels/teacher_tta_labels/coronacases_005_slice_0200.npy,/kaggle/working/scribble-uncertainty-lung-segmentation/data/pseudo_labels/teacher_tta_confidence/coronacases_005_slice_0200.npy,/kaggle/working/scribble-uncertainty-lung-segmentation/outputs/predictions/teacher_tta_probabilities/coronacases_005_slice_0200.npy,0.05,0,0,65536,0,0,1.0,False
coronacases_005,201,/kaggle/working/scribble-uncertainty-lung-segmentation/data/pseudo_labels/teacher_tta_labels/coronacases_005_slice_0201.npy,/kaggle/working/scribble-uncertainty-lung-segmentation/data/pseudo_labels/teacher_tta_confidence/coronacases_005_slice_0201.npy,/kaggle/working/scribble-uncertainty-lung-segmentation/outputs/predictions/teacher_tta_probabilities/coronacases_005_slice_0201.npy,0.05,0,0,65536,0,0,1.0,False
coronacases_005,202,/kaggle/working/scribble-uncertainty-lung-segmentation/data/pseudo_labels/teacher_tta_labels/coronacases_005_slice_0202.npy,/kaggle/working/scribble-uncertainty-lung-segmentation/data/pseudo_labels/teacher_tta_confidence/coronacases_005_slice_0202.npy,/kaggle/working/scribble-uncertainty-lung-segmentation/outputs/predictions/teacher_tta_probabilities/coronacases_005_slice_0202.npy,0.05,0,0,65536,0,0,1.0,False
coronacases_005,203,/kaggle/working/scribble-uncertainty-lung-segmentation/data/pseudo_labels/teacher_tta_labels/coronacases_005_slice_0203.npy,/kaggle/working/scribble-uncertainty-lung-segmentation/data/pseudo_labels/teacher_tta_confidence/coronacases_005_slice_0203.npy,/kaggle/working/scribble-uncertainty-lung-segmentation/outputs/predictions/teacher_tta_probabilities/coronacases_005_slice_0203.npy,0.05,0,0,65536,0,0,1.0,False
coronacases_005,204,/kaggle/working/scribble-uncertainty-lung-segmentation/data/pseudo_labels/teacher_tta_labels/coronacases_005_slice_0204.npy,/kaggle/working/scribble-uncertainty-lung-segmentation/data/pseudo_labels/teacher_tta_confidence/coronacases_005_slice_0204.npy,/kaggle/working/scribble-uncertainty-lung-segmentation/outputs/predictions/teacher_tta_probabilities/coronacases_005_slice_0204.npy,0.05,0,0,65536,0,0,1.0,False
coronacases_005,205,/kaggle/working/scribble-uncertainty-lung-segmentation/data/pseudo_labels/teacher_tta_labels/coronacases_005_slice_0205.npy,/kaggle/working/scribble-uncertainty-lung-segmentation/data/pseudo_labels/teacher_tta_confidence/coronacases_005_slice_0205.npy,/kaggle/working/scribble-uncertainty-lung-segmentation/outputs/predictions/teacher_tta_probabilities/coronacases_005_slice_0205.npy,0.05,0,60,65536,0,0,1.6666666935449825e-09,False
coronacases_005,206,/kaggle/working/scribble-uncertainty-lung-segmentation/data/pseudo_labels/teacher_tta_labels/coronacases_005_slice_0206.npy,/kaggle/working/scribble-uncertainty-lung-segmentation/data/pseudo_labels/teacher_tta_confidence/coronacases_005_slice_0206.npy,/kaggle/working/scribble-uncertainty-lung-segmentation/outputs/predictions/teacher_tta_probabilities/coronacases_005_slice_0206.npy,0.05,0,0,65536,0,0,1.0,False
coronacases_005,207,/kaggle/working/scribble-uncertainty-lung-segmentation/data/pseudo_labels/teacher_tta_labels/coronacases_005_slice_0207.npy,/kaggle/working/scribble-uncertainty-lung-segmentation/data/pseudo_labels/teacher_tta_confidence/coronacases_005_slice_0207.npy,/kaggle/working/scribble-uncertainty-lung-segmentation/outputs/predictions/teacher_tta_probabilities/coronacases_005_slice_0207.npy,0.05,0,0,65536,0,0,1.0,False
coronacases_005,208,/kaggle/working/scribble-uncertainty-lung-segmentation/data/pseudo_labels/teacher_tta_labels/coronacases_005_slice_0208.npy,/kaggle/working/scribble-uncertainty-lung-segmentation/data/pseudo_labels/teacher_tta_confidence/coronacases_005_slice_0208.npy,/kaggle/working/scribble-uncertainty-lung-segmentation/outputs/predictions/teacher_tta_probabilities/coronacases_005_slice_0208.npy,0.05,0,0,65536,0,0,1.0,False
coronacases_005,209,/kaggle/working/scribble-uncertainty-lung-segmentation/data/pseudo_labels/teacher_tta_labels/coronacases_005_slice_0209.npy,/kaggle/working/scribble-uncertainty-lung-segmentation/data/pseudo_labels/teacher_tta_confidence/coronacases_005_slice_0209.npy,/kaggle/working/scribble-uncertainty-lung-segmentation/outputs/predictions/teacher_tta_probabilities/coronacases_005_slice_0209.npy,0.05,0,0,65536,0,0,1.0,False
coronacases_005,210,/kaggle/working/scribble-uncertainty-lung-segmentation/data/pseudo_labels/teacher_tta_labels/coronacases_005_slice_0210.npy,/kaggle/working/scribble-uncertainty-lung-segmentation/data/pseudo_labels/teacher_tta_confidence/coronacases_005_slice_0210.npy,/kaggle/working/scribble-uncertainty-lung-segmentation/outputs/predictions/teacher_tta_probabilities/coronacases_005_slice_0210.npy,0.05,0,0,65536,0,0,1.0,False
coronacases_005,211,/kaggle/working/scribble-uncertainty-lung-segmentation/data/pseudo_labels/teacher_tta_labels/coronacases_005_slice_0211.npy,/kaggle/working/scribble-uncertainty-lung-segmentation/data/pseudo_labels/teacher_tta_confidence/coronacases_005_slice_0211.npy,/kaggle/working/scribble-uncertainty-lung-segmentation/outputs/predictions/teacher_tta_probabilities/coronacases_005_slice_0211.npy,0.05,0,0,65536,0,0,1.0,False
coronacases_005,212,/kaggle/working/scribble-uncertainty-lung-segmentation/data/pseudo_labels/teacher_tta_labels/coronacases_005_slice_0212.npy,/kaggle/working/scribble-uncertainty-lung-segmentation/data/pseudo_labels/teacher_tta_confidence/coronacases_005_slice_0212.npy,/kaggle/working/scribble-uncertainty-lung-segmentation/outputs/predictions/teacher_tta_probabilities/coronacases_005_slice_0212.npy,0.05,0,0,65536,0,0,1.0,False
coronacases_005,213,/kaggle/working/scribble-uncertainty-lung-segmentation/data/pseudo_labels/teacher_tta_labels/coronacases_005_slice_0213.npy,/kaggle/working/scribble-uncertainty-lung-segmentation/data/pseudo_labels/teacher_tta_confidence/coronacases_005_slice_0213.npy,/kaggle/working/scribble-uncertainty-lung-segmentation/outputs/predictions/teacher_tta_probabilities/coronacases_005_slice_0213.npy,0.05,0,0,65536,0,0,1.0,False
coronacases_005,214,/kaggle/working/scribble-uncertainty-lung-segmentation/data/pseudo_labels/teacher_tta_labels/coronacases_005_slice_0214.npy,/kaggle/working/scribble-uncertainty-lung-segmentation/data/pseudo_labels/teacher_tta_confidence/coronacases_005_slice_0214.npy,/kaggle/working/scribble-uncertainty-lung-segmentation/outputs/predictions/teacher_tta_probabilities/coronacases_005_slice_0214.npy,0.05,0,13,65536,0,0,7.692308123807834e-09,False
coronacases_005,215,/kaggle/working/scribble-uncertainty-lung-segmentation/data/pseudo_labels/teacher_tta_labels/coronacases_005_slice_0215.npy,/kaggle/working/scribble-uncertainty-lung-segmentation/data/pseudo_labels/teacher_tta_confidence/coronacases_005_slice_0215.npy,/kaggle/working/scribble-uncertainty-lung-segmentation/outputs/predictions/teacher_tta_probabilities/coronacases_005_slice_0215.npy,0.05,0,0,65536,0,0,1.0,False
coronacases_005,216,/kaggle/working/scribble-uncertainty-lung-segmentation/data/pseudo_labels/teacher_tta_labels/coronacases_005_slice_0216.npy,/kaggle/working/scribble-uncertainty-lung-segmentation/data/pseudo_labels/teacher_tta_confidence/coronacases_005_slice_0216.npy,/kaggle/working/scribble-uncertainty-lung-segmentation/outputs/predictions/teacher_tta_probabilities/coronacases_005_slice_0216.npy,0.05,0,0,65536,0,0,1.0,False
coronacases_005,217,/kaggle/working/scribble-uncertainty-lung-segmentation/data/pseudo_labels/teacher_tta_labels/coronacases_005_slice_0217.npy,/kaggle/working/scribble-uncertainty-lung-segmentation/data/pseudo_labels/teacher_tta_confidence/coronacases_005_slice_0217.npy,/kaggle/working/scribble-uncertainty-lung-segmentation/outputs/predictions/teacher_tta_probabilities/coronacases_005_slice_0217.npy,0.05,0,0,65536,0,0,1.0,False
coronacases_005,218,/kaggle/working/scribble-uncertainty-lung-segmentation/data/pseudo_labels/teacher_tta_labels/coronacases_005_slice_0218.npy,/kaggle/working/scribble-uncertainty-lung-segmentation/data/pseudo_labels/teacher_tta_confidence/coronacases_005_slice_0218.npy,/kaggle/working/scribble-uncertainty-lung-segmentation/outputs/predictions/teacher_tta_probabilities/coronacases_005_slice_0218.npy,0.05,0,0,65536,0,0,1.0,False
coronacases_005,219,/kaggle/working/scribble-uncertainty-lung-segmentation/data/pseudo_labels/teacher_tta_labels/coronacases_005_slice_0219.npy,/kaggle/working/scribble-uncertainty-lung-segmentation/data/pseudo_labels/teacher_tta_confidence/coronacases_005_slice_0219.npy,/kaggle/working/scribble-uncertainty-lung-segmentation/outputs/predictions/teacher_tta_probabilities/coronacases_005_slice_0219.npy,0.05,0,0,65536,0,0,1.0,False
coronacases_005,220,/kaggle/working/scribble-uncertainty-lung-segmentation/data/pseudo_labels/teacher_tta_labels/coronacases_005_slice_0220.npy,/kaggle/working/scribble-uncertainty-lung-segmentation/data/pseudo_labels/teacher_tta_confidence/coronacases_005_slice_0220.npy,/kaggle/working/scribble-uncertainty-lung-segmentation/outputs/predictions/teacher_tta_probabilities/coronacases_005_slice_0220.npy,0.05,0,0,65536,0,0,1.0,False
coronacases_005,221,/kaggle/working/scribble-uncertainty-lung-segmentation/data/pseudo_labels/teacher_tta_labels/coronacases_005_slice_0221.npy,/kaggle/working/scribble-uncertainty-lung-segmentation/data/pseudo_labels/teacher_tta_confidence/coronacases_005_slice_0221.npy,/kaggle/working/scribble-uncertainty-lung-segmentation/outputs/predictions/teacher_tta_probabilities/coronacases_005_slice_0221.npy,0.05,0,0,65536,0,0,1.0,False
coronacases_005,222,/kaggle/working/scribble-uncertainty-lung-segmentation/data/pseudo_labels/teacher_tta_labels/coronacases_005_slice_0222.npy,/kaggle/working/scribble-uncertainty-lung-segmentation/data/pseudo_labels/teacher_tta_confidence/coronacases_005_slice_0222.npy,/kaggle/working/scribble-uncertainty-lung-segmentation/outputs/predictions/teacher_tta_probabilities/coronacases_005_slice_0222.npy,0.05,0,0,65536,0,0,1.0,False
coronacases_005,223,/kaggle/working/scribble-uncertainty-lung-segmentation/data/pseudo_labels/teacher_tta_labels/coronacases_005_slice_0223.npy,/kaggle/working/scribble-uncertainty-lung-segmentation/data/pseudo_labels/teacher_tta_confidence/coronacases_005_slice_0223.npy,/kaggle/working/scribble-uncertainty-lung-segmentation/outputs/predictions/teacher_tta_probabilities/coronacases_005_slice_0223.npy,0.05,0,0,65536,0,0,1.0,False
coronacases_005,224,/kaggle/working/scribble-uncertainty-lung-segmentation/data/pseudo_labels/teacher_tta_labels/coronacases_005_slice_0224.npy,/kaggle/working/scribble-uncertainty-lung-segmentation/data/pseudo_labels/teacher_tta_confidence/coronacases_005_slice_0224.npy,/kaggle/working/scribble-uncertainty-lung-segmentation/outputs/predictions/teacher_tta_probabilities/coronacases_005_slice_0224.npy,0.05,0,0,65536,0,0,1.0,False
coronacases_005,225,/kaggle/working/scribble-uncertainty-lung-segmentation/data/pseudo_labels/teacher_tta_labels/coronacases_005_slice_0225.npy,/kaggle/working/scribble-uncertainty-lung-segmentation/data/pseudo_labels/teacher_tta_confidence/coronacases_005_slice_0225.npy,/kaggle/working/scribble-uncertainty-lung-segmentation/outputs/predictions/teacher_tta_probabilities/coronacases_005_slice_0225.npy,0.05,0,0,65536,0,0,1.0,False
coronacases_005,226,/kaggle/working/scribble-uncertainty-lung-segmentation/data/pseudo_labels/teacher_tta_labels/coronacases_005_slice_0226.npy,/kaggle/working/scribble-uncertainty-lung-segmentation/data/pseudo_labels/teacher_tta_confidence/coronacases_005_slice_0226.npy,/kaggle/working/scribble-uncertainty-lung-segmentation/outputs/predictions/teacher_tta_probabilities/coronacases_005_slice_0226.npy,0.05,0,0,65536,0,0,1.0,False
coronacases_005,227,/kaggle/working/scribble-uncertainty-lung-segmentation/data/pseudo_labels/teacher_tta_labels/coronacases_005_slice_0227.npy,/kaggle/working/scribble-uncertainty-lung-segmentation/data/pseudo_labels/teacher_tta_confidence/coronacases_005_slice_0227.npy,/kaggle/working/scribble-uncertainty-lung-segmentation/outputs/predictions/teacher_tta_probabilities/coronacases_005_slice_0227.npy,0.05,0,0,65536,0,0,1.0,False
coronacases_005,228,/kaggle/working/scribble-uncertainty-lung-segmentation/data/pseudo_labels/teacher_tta_labels/coronacases_005_slice_0228.npy,/kaggle/working/scribble-uncertainty-lung-segmentation/data/pseudo_labels/teacher_tta_confidence/coronacases_005_slice_0228.npy,/kaggle/working/scribble-uncertainty-lung-segmentation/outputs/predictions/teacher_tta_probabilities/coronacases_005_slice_0228.npy,0.05,0,0,65536,0,0,1.0,False
coronacases_005,229,/kaggle/working/scribble-uncertainty-lung-segmentation/data/pseudo_labels/teacher_tta_labels/coronacases_005_slice_0229.npy,/kaggle/working/scribble-uncertainty-lung-segmentation/data/pseudo_labels/teacher_tta_confidence/coronacases_005_slice_0229.npy,/kaggle/working/scribble-uncertainty-lung-segmentation/outputs/predictions/teacher_tta_probabilities/coronacases_005_slice_0229.npy,0.05,0,0,65536,0,0,1.0,False
coronacases_005,230,/kaggle/working/scribble-uncertainty-lung-segmentation/data/pseudo_labels/teacher_tta_labels/coronacases_005_slice_0230.npy,/kaggle/working/scribble-uncertainty-lung-segmentation/data/pseudo_labels/teacher_tta_confidence/coronacases_005_slice_0230.npy,/kaggle/working/scribble-uncertainty-lung-segmentation/outputs/predictions/teacher_tta_probabilities/coronacases_005_slice_0230.npy,0.05,0,0,65536,0,0,1.0,False
coronacases_005,231,/kaggle/working/scribble-uncertainty-lung-segmentation/data/pseudo_labels/teacher_tta_labels/coronacases_005_slice_0231.npy,/kaggle/working/scribble-uncertainty-lung-segmentation/data/pseudo_labels/teacher_tta_confidence/coronacases_005_slice_0231.npy,/kaggle/working/scribble-uncertainty-lung-segmentation/outputs/predictions/teacher_tta_probabilities/coronacases_005_slice_0231.npy,0.05,0,0,65536,0,0,1.0,False
coronacases_005,232,/kaggle/working/scribble-uncertainty-lung-segmentation/data/pseudo_labels/teacher_tta_labels/coronacases_005_slice_0232.npy,/kaggle/working/scribble-uncertainty-lung-segmentation/data/pseudo_labels/teacher_tta_confidence/coronacases_005_slice_0232.npy,/kaggle/working/scribble-uncertainty-lung-segmentation/outputs/predictions/teacher_tta_probabilities/coronacases_005_slice_0232.npy,0.05,0,0,65536,0,0,1.0,False
coronacases_005,233,/kaggle/working/scribble-uncertainty-lung-segmentation/data/pseudo_labels/teacher_tta_labels/coronacases_005_slice_0233.npy,/kaggle/working/scribble-uncertainty-lung-segmentation/data/pseudo_labels/teacher_tta_confidence/coronacases_005_slice_0233.npy,/kaggle/working/scribble-uncertainty-lung-segmentation/outputs/predictions/teacher_tta_probabilities/coronacases_005_slice_0233.npy,0.05,0,0,65536,0,0,1.0,False
coronacases_005,234,/kaggle/working/scribble-uncertainty-lung-segmentation/data/pseudo_labels/teacher_tta_labels/coronacases_005_slice_0234.npy,/kaggle/working/scribble-uncertainty-lung-segmentation/data/pseudo_labels/teacher_tta_confidence/coronacases_005_slice_0234.npy,/kaggle/working/scribble-uncertainty-lung-segmentation/outputs/predictions/teacher_tta_probabilities/coronacases_005_slice_0234.npy,0.05,0,0,65536,0,0,1.0,False
coronacases_005,235,/kaggle/working/scribble-uncertainty-lung-segmentation/data/pseudo_labels/teacher_tta_labels/coronacases_005_slice_0235.npy,/kaggle/working/scribble-uncertainty-lung-segmentation/data/pseudo_labels/teacher_tta_confidence/coronacases_005_slice_0235.npy,/kaggle/working/scribble-uncertainty-lung-segmentation/outputs/predictions/teacher_tta_probabilities/coronacases_005_slice_0235.npy,0.05,0,0,65536,0,0,1.0,False
coronacases_005,236,/kaggle/working/scribble-uncertainty-lung-segmentation/data/pseudo_labels/teacher_tta_labels/coronacases_005_slice_0236.npy,/kaggle/working/scribble-uncertainty-lung-segmentation/data/pseudo_labels/teacher_tta_confidence/coronacases_005_slice_0236.npy,/kaggle/working/scribble-uncertainty-lung-segmentation/outputs/predictions/teacher_tta_probabilities/coronacases_005_slice_0236.npy,0.05,0,0,65536,0,0,1.0,False
coronacases_005,237,/kaggle/working/scribble-uncertainty-lung-segmentation/data/pseudo_labels/teacher_tta_labels/coronacases_005_slice_0237.npy,/kaggle/working/scribble-uncertainty-lung-segmentation/data/pseudo_labels/teacher_tta_confidence/coronacases_005_slice_0237.npy,/kaggle/working/scribble-uncertainty-lung-segmentation/outputs/predictions/teacher_tta_probabilities/coronacases_005_slice_0237.npy,0.05,0,0,65536,0,0,1.0,False
coronacases_005,238,/kaggle/working/scribble-uncertainty-lung-segmentation/data/pseudo_labels/teacher_tta_labels/coronacases_005_slice_0238.npy,/kaggle/working/scribble-uncertainty-lung-segmentation/data/pseudo_labels/teacher_tta_confidence/coronacases_005_slice_0238.npy,/kaggle/working/scribble-uncertainty-lung-segmentation/outputs/predictions/teacher_tta_probabilities/coronacases_005_slice_0238.npy,0.05,0,36,65536,0,0,2.7777777855675367e-09,False
coronacases_005,239,/kaggle/working/scribble-uncertainty-lung-segmentation/data/pseudo_labels/teacher_tta_labels/coronacases_005_slice_0239.npy,/kaggle/working/scribble-uncertainty-lung-segmentation/data/pseudo_labels/teacher_tta_confidence/coronacases_005_slice_0239.npy,/kaggle/working/scribble-uncertainty-lung-segmentation/outputs/predictions/teacher_tta_probabilities/coronacases_005_slice_0239.npy,0.05,0,9,65536,0,0,1.1111111142270147e-08,False
coronacases_005,240,/kaggle/working/scribble-uncertainty-lung-segmentation/data/pseudo_labels/teacher_tta_labels/coronacases_005_slice_0240.npy,/kaggle/working/scribble-uncertainty-lung-segmentation/data/pseudo_labels/teacher_tta_confidence/coronacases_005_slice_0240.npy,/kaggle/working/scribble-uncertainty-lung-segmentation/outputs/predictions/teacher_tta_probabilities/coronacases_005_slice_0240.npy,0.05,0,13,65536,0,0,7.692308123807834e-09,False
coronacases_005,241,/kaggle/working/scribble-uncertainty-lung-segmentation/data/pseudo_labels/teacher_tta_labels/coronacases_005_slice_0241.npy,/kaggle/working/scribble-uncertainty-lung-segmentation/data/pseudo_labels/teacher_tta_confidence/coronacases_005_slice_0241.npy,/kaggle/working/scribble-uncertainty-lung-segmentation/outputs/predictions/teacher_tta_probabilities/coronacases_005_slice_0241.npy,0.05,0,0,65536,0,0,1.0,False
coronacases_005,242,/kaggle/working/scribble-uncertainty-lung-segmentation/data/pseudo_labels/teacher_tta_labels/coronacases_005_slice_0242.npy,/kaggle/working/scribble-uncertainty-lung-segmentation/data/pseudo_labels/teacher_tta_confidence/coronacases_005_slice_0242.npy,/kaggle/working/scribble-uncertainty-lung-segmentation/outputs/predictions/teacher_tta_probabilities/coronacases_005_slice_0242.npy,0.05,0,0,65536,0,0,1.0,False
coronacases_005,243,/kaggle/working/scribble-uncertainty-lung-segmentation/data/pseudo_labels/teacher_tta_labels/coronacases_005_slice_0243.npy,/kaggle/working/scribble-uncertainty-lung-segmentation/data/pseudo_labels/teacher_tta_confidence/coronacases_005_slice_0243.npy,/kaggle/working/scribble-uncertainty-lung-segmentation/outputs/predictions/teacher_tta_probabilities/coronacases_005_slice_0243.npy,0.05,0,0,65536,0,0,1.0,False
coronacases_005,244,/kaggle/working/scribble-uncertainty-lung-segmentation/data/pseudo_labels/teacher_tta_labels/coronacases_005_slice_0244.npy,/kaggle/working/scribble-uncertainty-lung-segmentation/data/pseudo_labels/teacher_tta_confidence/coronacases_005_slice_0244.npy,/kaggle/working/scribble-uncertainty-lung-segmentation/outputs/predictions/teacher_tta_probabilities/coronacases_005_slice_0244.npy,0.05,0,0,65536,0,0,1.0,False
coronacases_005,245,/kaggle/working/scribble-uncertainty-lung-segmentation/data/pseudo_labels/teacher_tta_labels/coronacases_005_slice_0245.npy,/kaggle/working/scribble-uncertainty-lung-segmentation/data/pseudo_labels/teacher_tta_confidence/coronacases_005_slice_0245.npy,/kaggle/working/scribble-uncertainty-lung-segmentation/outputs/predictions/teacher_tta_probabilities/coronacases_005_slice_0245.npy,0.05,0,0,65536,0,0,1.0,False
coronacases_005,246,/kaggle/working/scribble-uncertainty-lung-segmentation/data/pseudo_labels/teacher_tta_labels/coronacases_005_slice_0246.npy,/kaggle/working/scribble-uncertainty-lung-segmentation/data/pseudo_labels/teacher_tta_confidence/coronacases_005_slice_0246.npy,/kaggle/working/scribble-uncertainty-lung-segmentation/outputs/predictions/teacher_tta_probabilities/coronacases_005_slice_0246.npy,0.05,0,0,65536,0,0,1.0,False
coronacases_005,247,/kaggle/working/scribble-uncertainty-lung-segmentation/data/pseudo_labels/teacher_tta_labels/coronacases_005_slice_0247.npy,/kaggle/working/scribble-uncertainty-lung-segmentation/data/pseudo_labels/teacher_tta_confidence/coronacases_005_slice_0247.npy,/kaggle/working/scribble-uncertainty-lung-segmentation/outputs/predictions/teacher_tta_probabilities/coronacases_005_slice_0247.npy,0.05,0,0,65536,0,0,1.0,False
coronacases_005,248,/kaggle/working/scribble-uncertainty-lung-segmentation/data/pseudo_labels/teacher_tta_labels/coronacases_005_slice_0248.npy,/kaggle/working/scribble-uncertainty-lung-segmentation/data/pseudo_labels/teacher_tta_confidence/coronacases_005_slice_0248.npy,/kaggle/working/scribble-uncertainty-lung-segmentation/outputs/predictions/teacher_tta_probabilities/coronacases_005_slice_0248.npy,0.05,0,0,65536,0,0,1.0,False
coronacases_005,249,/kaggle/working/scribble-uncertainty-lung-segmentation/data/pseudo_labels/teacher_tta_labels/coronacases_005_slice_0249.npy,/kaggle/working/scribble-uncertainty-lung-segmentation/data/pseudo_labels/teacher_tta_confidence/coronacases_005_slice_0249.npy,/kaggle/working/scribble-uncertainty-lung-segmentation/outputs/predictions/teacher_tta_probabilities/coronacases_005_slice_0249.npy,0.05,0,0,65536,0,0,1.0,False
coronacases_005,250,/kaggle/working/scribble-uncertainty-lung-segmentation/data/pseudo_labels/teacher_tta_labels/coronacases_005_slice_0250.npy,/kaggle/working/scribble-uncertainty-lung-segmentation/data/pseudo_labels/teacher_tta_confidence/coronacases_005_slice_0250.npy,/kaggle/working/scribble-uncertainty-lung-segmentation/outputs/predictions/teacher_tta_probabilities/coronacases_005_slice_0250.npy,0.05,0,0,65536,0,0,1.0,False
coronacases_005,251,/kaggle/working/scribble-uncertainty-lung-segmentation/data/pseudo_labels/teacher_tta_labels/coronacases_005_slice_0251.npy,/kaggle/working/scribble-uncertainty-lung-segmentation/data/pseudo_labels/teacher_tta_confidence/coronacases_005_slice_0251.npy,/kaggle/working/scribble-uncertainty-lung-segmentation/outputs/predictions/teacher_tta_probabilities/coronacases_005_slice_0251.npy,0.05,0,0,65536,0,0,1.0,False
coronacases_005,252,/kaggle/working/scribble-uncertainty-lung-segmentation/data/pseudo_labels/teacher_tta_labels/coronacases_005_slice_0252.npy,/kaggle/working/scribble-uncertainty-lung-segmentation/data/pseudo_labels/teacher_tta_confidence/coronacases_005_slice_0252.npy,/kaggle/working/scribble-uncertainty-lung-segmentation/outputs/predictions/teacher_tta_probabilities/coronacases_005_slice_0252.npy,0.05,0,0,65536,0,0,1.0,False
coronacases_005,253,/kaggle/working/scribble-uncertainty-lung-segmentation/data/pseudo_labels/teacher_tta_labels/coronacases_005_slice_0253.npy,/kaggle/working/scribble-uncertainty-lung-segmentation/data/pseudo_labels/teacher_tta_confidence/coronacases_005_slice_0253.npy,/kaggle/working/scribble-uncertainty-lung-segmentation/outputs/predictions/teacher_tta_probabilities/coronacases_005_slice_0253.npy,0.05,0,0,65536,0,0,1.0,False
coronacases_005,254,/kaggle/working/scribble-uncertainty-lung-segmentation/data/pseudo_labels/teacher_tta_labels/coronacases_005_slice_0254.npy,/kaggle/working/scribble-uncertainty-lung-segmentation/data/pseudo_labels/teacher_tta_confidence/coronacases_005_slice_0254.npy,/kaggle/working/scribble-uncertainty-lung-segmentation/outputs/predictions/teacher_tta_probabilities/coronacases_005_slice_0254.npy,0.05,0,0,65536,0,0,1.0,False
coronacases_005,255,/kaggle/working/scribble-uncertainty-lung-segmentation/data/pseudo_labels/teacher_tta_labels/coronacases_005_slice_0255.npy,/kaggle/working/scribble-uncertainty-lung-segmentation/data/pseudo_labels/teacher_tta_confidence/coronacases_005_slice_0255.npy,/kaggle/working/scribble-uncertainty-lung-segmentation/outputs/predictions/teacher_tta_probabilities/coronacases_005_slice_0255.npy,0.05,0,0,65536,0,0,1.0,False
coronacases_005,256,/kaggle/working/scribble-uncertainty-lung-segmentation/data/pseudo_labels/teacher_tta_labels/coronacases_005_slice_0256.npy,/kaggle/working/scribble-uncertainty-lung-segmentation/data/pseudo_labels/teacher_tta_confidence/coronacases_005_slice_0256.npy,/kaggle/working/scribble-uncertainty-lung-segmentation/outputs/predictions/teacher_tta_probabilities/coronacases_005_slice_0256.npy,0.05,0,0,65536,0,0,1.0,False
coronacases_005,257,/kaggle/working/scribble-uncertainty-lung-segmentation/data/pseudo_labels/teacher_tta_labels/coronacases_005_slice_0257.npy,/kaggle/working/scribble-uncertainty-lung-segmentation/data/pseudo_labels/teacher_tta_confidence/coronacases_005_slice_0257.npy,/kaggle/working/scribble-uncertainty-lung-segmentation/outputs/predictions/teacher_tta_probabilities/coronacases_005_slice_0257.npy,0.05,0,0,65536,0,0,1.0,False
coronacases_005,258,/kaggle/working/scribble-uncertainty-lung-segmentation/data/pseudo_labels/teacher_tta_labels/coronacases_005_slice_0258.npy,/kaggle/working/scribble-uncertainty-lung-segmentation/data/pseudo_labels/teacher_tta_confidence/coronacases_005_slice_0258.npy,/kaggle/working/scribble-uncertainty-lung-segmentation/outputs/predictions/teacher_tta_probabilities/coronacases_005_slice_0258.npy,0.05,0,0,65536,0,0,1.0,False
coronacases_005,259,/kaggle/working/scribble-uncertainty-lung-segmentation/data/pseudo_labels/teacher_tta_labels/coronacases_005_slice_0259.npy,/kaggle/working/scribble-uncertainty-lung-segmentation/data/pseudo_labels/teacher_tta_confidence/coronacases_005_slice_0259.npy,/kaggle/working/scribble-uncertainty-lung-segmentation/outputs/predictions/teacher_tta_probabilities/coronacases_005_slice_0259.npy,0.05,0,0,65536,0,0,1.0,False
coronacases_005,260,/kaggle/working/scribble-uncertainty-lung-segmentation/data/pseudo_labels/teacher_tta_labels/coronacases_005_slice_0260.npy,/kaggle/working/scribble-uncertainty-lung-segmentation/data/pseudo_labels/teacher_tta_confidence/coronacases_005_slice_0260.npy,/kaggle/working/scribble-uncertainty-lung-segmentation/outputs/predictions/teacher_tta_probabilities/coronacases_005_slice_0260.npy,0.05,0,0,65536,0,0,1.0,False
coronacases_005,261,/kaggle/working/scribble-uncertainty-lung-segmentation/data/pseudo_labels/teacher_tta_labels/coronacases_005_slice_0261.npy,/kaggle/working/scribble-uncertainty-lung-segmentation/data/pseudo_labels/teacher_tta_confidence/coronacases_005_slice_0261.npy,/kaggle/working/scribble-uncertainty-lung-segmentation/outputs/predictions/teacher_tta_probabilities/coronacases_005_slice_0261.npy,0.05,0,0,65536,0,0,1.0,False
coronacases_005,262,/kaggle/working/scribble-uncertainty-lung-segmentation/data/pseudo_labels/teacher_tta_labels/coronacases_005_slice_0262.npy,/kaggle/working/scribble-uncertainty-lung-segmentation/data/pseudo_labels/teacher_tta_confidence/coronacases_005_slice_0262.npy,/kaggle/working/scribble-uncertainty-lung-segmentation/outputs/predictions/teacher_tta_probabilities/coronacases_005_slice_0262.npy,0.05,0,2,65536,0,0,5.000000058430487e-08,False
coronacases_005,263,/kaggle/working/scribble-uncertainty-lung-segmentation/data/pseudo_labels/teacher_tta_labels/coronacases_005_slice_0263.npy,/kaggle/working/scribble-uncertainty-lung-segmentation/data/pseudo_labels/teacher_tta_confidence/coronacases_005_slice_0263.npy,/kaggle/working/scribble-uncertainty-lung-segmentation/outputs/predictions/teacher_tta_probabilities/coronacases_005_slice_0263.npy,0.05,0,0,65536,0,0,1.0,False
coronacases_005,264,/kaggle/working/scribble-uncertainty-lung-segmentation/data/pseudo_labels/teacher_tta_labels/coronacases_005_slice_0264.npy,/kaggle/working/scribble-uncertainty-lung-segmentation/data/pseudo_labels/teacher_tta_confidence/coronacases_005_slice_0264.npy,/kaggle/working/scribble-uncertainty-lung-segmentation/outputs/predictions/teacher_tta_probabilities/coronacases_005_slice_0264.npy,0.05,0,0,65536,0,0,1.0,False
coronacases_005,265,/kaggle/working/scribble-uncertainty-lung-segmentation/data/pseudo_labels/teacher_tta_labels/coronacases_005_slice_0265.npy,/kaggle/working/scribble-uncertainty-lung-segmentation/data/pseudo_labels/teacher_tta_confidence/coronacases_005_slice_0265.npy,/kaggle/working/scribble-uncertainty-lung-segmentation/outputs/predictions/teacher_tta_probabilities/coronacases_005_slice_0265.npy,0.05,0,0,65536,0,0,1.0,False
coronacases_005,266,/kaggle/working/scribble-uncertainty-lung-segmentation/data/pseudo_labels/teacher_tta_labels/coronacases_005_slice_0266.npy,/kaggle/working/scribble-uncertainty-lung-segmentation/data/pseudo_labels/teacher_tta_confidence/coronacases_005_slice_0266.npy,/kaggle/working/scribble-uncertainty-lung-segmentation/outputs/predictions/teacher_tta_probabilities/coronacases_005_slice_0266.npy,0.05,0,0,65536,0,0,1.0,False
coronacases_005,267,/kaggle/working/scribble-uncertainty-lung-segmentation/data/pseudo_labels/teacher_tta_labels/coronacases_005_slice_0267.npy,/kaggle/working/scribble-uncertainty-lung-segmentation/data/pseudo_labels/teacher_tta_confidence/coronacases_005_slice_0267.npy,/kaggle/working/scribble-uncertainty-lung-segmentation/outputs/predictions/teacher_tta_probabilities/coronacases_005_slice_0267.npy,0.05,0,0,65536,0,0,1.0,False
coronacases_005,268,/kaggle/working/scribble-uncertainty-lung-segmentation/data/pseudo_labels/teacher_tta_labels/coronacases_005_slice_0268.npy,/kaggle/working/scribble-uncertainty-lung-segmentation/data/pseudo_labels/teacher_tta_confidence/coronacases_005_slice_0268.npy,/kaggle/working/scribble-uncertainty-lung-segmentation/outputs/predictions/teacher_tta_probabilities/coronacases_005_slice_0268.npy,0.05,0,0,65536,0,0,1.0,False
coronacases_005,269,/kaggle/working/scribble-uncertainty-lung-segmentation/data/pseudo_labels/teacher_tta_labels/coronacases_005_slice_0269.npy,/kaggle/working/scribble-uncertainty-lung-segmentation/data/pseudo_labels/teacher_tta_confidence/coronacases_005_slice_0269.npy,/kaggle/working/scribble-uncertainty-lung-segmentation/outputs/predictions/teacher_tta_probabilities/coronacases_005_slice_0269.npy,0.05,0,0,65536,0,0,1.0,False
coronacases_005,270,/kaggle/working/scribble-uncertainty-lung-segmentation/data/pseudo_labels/teacher_tta_labels/coronacases_005_slice_0270.npy,/kaggle/working/scribble-uncertainty-lung-segmentation/data/pseudo_labels/teacher_tta_confidence/coronacases_005_slice_0270.npy,/kaggle/working/scribble-uncertainty-lung-segmentation/outputs/predictions/teacher_tta_probabilities/coronacases_005_slice_0270.npy,0.05,0,0,65536,0,0,1.0,False
coronacases_005,271,/kaggle/working/scribble-uncertainty-lung-segmentation/data/pseudo_labels/teacher_tta_labels/coronacases_005_slice_0271.npy,/kaggle/working/scribble-uncertainty-lung-segmentation/data/pseudo_labels/teacher_tta_confidence/coronacases_005_slice_0271.npy,/kaggle/working/scribble-uncertainty-lung-segmentation/outputs/predictions/teacher_tta_probabilities/coronacases_005_slice_0271.npy,0.05,0,0,65536,0,0,1.0,False
coronacases_005,272,/kaggle/working/scribble-uncertainty-lung-segmentation/data/pseudo_labels/teacher_tta_labels/coronacases_005_slice_0272.npy,/kaggle/working/scribble-uncertainty-lung-segmentation/data/pseudo_labels/teacher_tta_confidence/coronacases_005_slice_0272.npy,/kaggle/working/scribble-uncertainty-lung-segmentation/outputs/predictions/teacher_tta_probabilities/coronacases_005_slice_0272.npy,0.05,0,0,65536,0,0,1.0,False
coronacases_005,273,/kaggle/working/scribble-uncertainty-lung-segmentation/data/pseudo_labels/teacher_tta_labels/coronacases_005_slice_0273.npy,/kaggle/working/scribble-uncertainty-lung-segmentation/data/pseudo_labels/teacher_tta_confidence/coronacases_005_slice_0273.npy,/kaggle/working/scribble-uncertainty-lung-segmentation/outputs/predictions/teacher_tta_probabilities/coronacases_005_slice_0273.npy,0.05,0,0,65536,0,0,1.0,False
coronacases_005,274,/kaggle/working/scribble-uncertainty-lung-segmentation/data/pseudo_labels/teacher_tta_labels/coronacases_005_slice_0274.npy,/kaggle/working/scribble-uncertainty-lung-segmentation/data/pseudo_labels/teacher_tta_confidence/coronacases_005_slice_0274.npy,/kaggle/working/scribble-uncertainty-lung-segmentation/outputs/predictions/teacher_tta_probabilities/coronacases_005_slice_0274.npy,0.05,0,0,65536,0,0,1.0,False
coronacases_005,275,/kaggle/working/scribble-uncertainty-lung-segmentation/data/pseudo_labels/teacher_tta_labels/coronacases_005_slice_0275.npy,/kaggle/working/scribble-uncertainty-lung-segmentation/data/pseudo_labels/teacher_tta_confidence/coronacases_005_slice_0275.npy,/kaggle/working/scribble-uncertainty-lung-segmentation/outputs/predictions/teacher_tta_probabilities/coronacases_005_slice_0275.npy,0.05,0,0,65536,0,0,1.0,False
coronacases_005,276,/kaggle/working/scribble-uncertainty-lung-segmentation/data/pseudo_labels/teacher_tta_labels/coronacases_005_slice_0276.npy,/kaggle/working/scribble-uncertainty-lung-segmentation/data/pseudo_labels/teacher_tta_confidence/coronacases_005_slice_0276.npy,/kaggle/working/scribble-uncertainty-lung-segmentation/outputs/predictions/teacher_tta_probabilities/coronacases_005_slice_0276.npy,0.05,0,0,65536,0,0,1.0,False
coronacases_005,277,/kaggle/working/scribble-uncertainty-lung-segmentation/data/pseudo_labels/teacher_tta_labels/coronacases_005_slice_0277.npy,/kaggle/working/scribble-uncertainty-lung-segmentation/data/pseudo_labels/teacher_tta_confidence/coronacases_005_slice_0277.npy,/kaggle/working/scribble-uncertainty-lung-segmentation/outputs/predictions/teacher_tta_probabilities/coronacases_005_slice_0277.npy,0.05,0,0,65536,0,0,1.0,False
coronacases_005,278,/kaggle/working/scribble-uncertainty-lung-segmentation/data/pseudo_labels/teacher_tta_labels/coronacases_005_slice_0278.npy,/kaggle/working/scribble-uncertainty-lung-segmentation/data/pseudo_labels/teacher_tta_confidence/coronacases_005_slice_0278.npy,/kaggle/working/scribble-uncertainty-lung-segmentation/outputs/predictions/teacher_tta_probabilities/coronacases_005_slice_0278.npy,0.05,0,0,65536,0,0,1.0,False
coronacases_006,19,/kaggle/working/scribble-uncertainty-lung-segmentation/data/pseudo_labels/teacher_tta_labels/coronacases_006_slice_0019.npy,/kaggle/working/scribble-uncertainty-lung-segmentation/data/pseudo_labels/teacher_tta_confidence/coronacases_006_slice_0019.npy,/kaggle/working/scribble-uncertainty-lung-segmentation/outputs/predictions/teacher_tta_probabilities/coronacases_006_slice_0019.npy,0.05,0,0,65536,0,0,1.0,False
coronacases_006,20,/kaggle/working/scribble-uncertainty-lung-segmentation/data/pseudo_labels/teacher_tta_labels/coronacases_006_slice_0020.npy,/kaggle/working/scribble-uncertainty-lung-segmentation/data/pseudo_labels/teacher_tta_confidence/coronacases_006_slice_0020.npy,/kaggle/working/scribble-uncertainty-lung-segmentation/outputs/predictions/teacher_tta_probabilities/coronacases_006_slice_0020.npy,0.05,0,0,65536,0,0,1.0,False
coronacases_006,21,/kaggle/working/scribble-uncertainty-lung-segmentation/data/pseudo_labels/teacher_tta_labels/coronacases_006_slice_0021.npy,/kaggle/working/scribble-uncertainty-lung-segmentation/data/pseudo_labels/teacher_tta_confidence/coronacases_006_slice_0021.npy,/kaggle/working/scribble-uncertainty-lung-segmentation/outputs/predictions/teacher_tta_probabilities/coronacases_006_slice_0021.npy,0.05,0,0,65536,0,0,1.0,False
coronacases_006,22,/kaggle/working/scribble-uncertainty-lung-segmentation/data/pseudo_labels/teacher_tta_labels/coronacases_006_slice_0022.npy,/kaggle/working/scribble-uncertainty-lung-segmentation/data/pseudo_labels/teacher_tta_confidence/coronacases_006_slice_0022.npy,/kaggle/working/scribble-uncertainty-lung-segmentation/outputs/predictions/teacher_tta_probabilities/coronacases_006_slice_0022.npy,0.05,0,0,65536,0,0,1.0,False
coronacases_006,23,/kaggle/working/scribble-uncertainty-lung-segmentation/data/pseudo_labels/teacher_tta_labels/coronacases_006_slice_0023.npy,/kaggle/working/scribble-uncertainty-lung-segmentation/data/pseudo_labels/teacher_tta_confidence/coronacases_006_slice_0023.npy,/kaggle/working/scribble-uncertainty-lung-segmentation/outputs/predictions/teacher_tta_probabilities/coronacases_006_slice_0023.npy,0.05,0,0,65536,0,0,1.0,False
coronacases_006,24,/kaggle/working/scribble-uncertainty-lung-segmentation/data/pseudo_labels/teacher_tta_labels/coronacases_006_slice_0024.npy,/kaggle/working/scribble-uncertainty-lung-segmentation/data/pseudo_labels/teacher_tta_confidence/coronacases_006_slice_0024.npy,/kaggle/working/scribble-uncertainty-lung-segmentation/outputs/predictions/teacher_tta_probabilities/coronacases_006_slice_0024.npy,0.05,0,0,65536,0,0,1.0,False
coronacases_006,25,/kaggle/working/scribble-uncertainty-lung-segmentation/data/pseudo_labels/teacher_tta_labels/coronacases_006_slice_0025.npy,/kaggle/working/scribble-uncertainty-lung-segmentation/data/pseudo_labels/teacher_tta_confidence/coronacases_006_slice_0025.npy,/kaggle/working/scribble-uncertainty-lung-segmentation/outputs/predictions/teacher_tta_probabilities/coronacases_006_slice_0025.npy,0.05,0,0,65536,0,0,1.0,False
coronacases_006,26,/kaggle/working/scribble-uncertainty-lung-segmentation/data/pseudo_labels/teacher_tta_labels/coronacases_006_slice_0026.npy,/kaggle/working/scribble-uncertainty-lung-segmentation/data/pseudo_labels/teacher_tta_confidence/coronacases_006_slice_0026.npy,/kaggle/working/scribble-uncertainty-lung-segmentation/outputs/predictions/teacher_tta_probabilities/coronacases_006_slice_0026.npy,0.05,0,0,65536,0,0,1.0,False
coronacases_006,27,/kaggle/working/scribble-uncertainty-lung-segmentation/data/pseudo_labels/teacher_tta_labels/coronacases_006_slice_0027.npy,/kaggle/working/scribble-uncertainty-lung-segmentation/data/pseudo_labels/teacher_tta_confidence/coronacases_006_slice_0027.npy,/kaggle/working/scribble-uncertainty-lung-segmentation/outputs/predictions/teacher_tta_probabilities/coronacases_006_slice_0027.npy,0.05,0,0,65536,0,0,1.0,False
coronacases_006,28,/kaggle/working/scribble-uncertainty-lung-segmentation/data/pseudo_labels/teacher_tta_labels/coronacases_006_slice_0028.npy,/kaggle/working/scribble-uncertainty-lung-segmentation/data/pseudo_labels/teacher_tta_confidence/coronacases_006_slice_0028.npy,/kaggle/working/scribble-uncertainty-lung-segmentation/outputs/predictions/teacher_tta_probabilities/coronacases_006_slice_0028.npy,0.05,0,0,65536,0,0,1.0,False
coronacases_006,29,/kaggle/working/scribble-uncertainty-lung-segmentation/data/pseudo_labels/teacher_tta_labels/coronacases_006_slice_0029.npy,/kaggle/working/scribble-uncertainty-lung-segmentation/data/pseudo_labels/teacher_tta_confidence/coronacases_006_slice_0029.npy,/kaggle/working/scribble-uncertainty-lung-segmentation/outputs/predictions/teacher_tta_probabilities/coronacases_006_slice_0029.npy,0.05,0,0,65536,0,0,1.0,False
coronacases_006,30,/kaggle/working/scribble-uncertainty-lung-segmentation/data/pseudo_labels/teacher_tta_labels/coronacases_006_slice_0030.npy,/kaggle/working/scribble-uncertainty-lung-segmentation/data/pseudo_labels/teacher_tta_confidence/coronacases_006_slice_0030.npy,/kaggle/working/scribble-uncertainty-lung-segmentation/outputs/predictions/teacher_tta_probabilities/coronacases_006_slice_0030.npy,0.05,0,0,65536,0,0,1.0,False
coronacases_006,31,/kaggle/working/scribble-uncertainty-lung-segmentation/data/pseudo_labels/teacher_tta_labels/coronacases_006_slice_0031.npy,/kaggle/working/scribble-uncertainty-lung-segmentation/data/pseudo_labels/teacher_tta_confidence/coronacases_006_slice_0031.npy,/kaggle/working/scribble-uncertainty-lung-segmentation/outputs/predictions/teacher_tta_probabilities/coronacases_006_slice_0031.npy,0.05,0,0,65536,0,0,1.0,False
coronacases_006,32,/kaggle/working/scribble-uncertainty-lung-segmentation/data/pseudo_labels/teacher_tta_labels/coronacases_006_slice_0032.npy,/kaggle/working/scribble-uncertainty-lung-segmentation/data/pseudo_labels/teacher_tta_confidence/coronacases_006_slice_0032.npy,/kaggle/working/scribble-uncertainty-lung-segmentation/outputs/predictions/teacher_tta_probabilities/coronacases_006_slice_0032.npy,0.05,0,0,65536,0,0,1.0,False
coronacases_006,33,/kaggle/working/scribble-uncertainty-lung-segmentation/data/pseudo_labels/teacher_tta_labels/coronacases_006_slice_0033.npy,/kaggle/working/scribble-uncertainty-lung-segmentation/data/pseudo_labels/teacher_tta_confidence/coronacases_006_slice_0033.npy,/kaggle/working/scribble-uncertainty-lung-segmentation/outputs/predictions/teacher_tta_probabilities/coronacases_006_slice_0033.npy,0.05,0,0,65536,0,0,1.0,False
coronacases_006,34,/kaggle/working/scribble-uncertainty-lung-segmentation/data/pseudo_labels/teacher_tta_labels/coronacases_006_slice_0034.npy,/kaggle/working/scribble-uncertainty-lung-segmentation/data/pseudo_labels/teacher_tta_confidence/coronacases_006_slice_0034.npy,/kaggle/working/scribble-uncertainty-lung-segmentation/outputs/predictions/teacher_tta_probabilities/coronacases_006_slice_0034.npy,0.05,0,0,65536,0,0,1.0,False
coronacases_006,35,/kaggle/working/scribble-uncertainty-lung-segmentation/data/pseudo_labels/teacher_tta_labels/coronacases_006_slice_0035.npy,/kaggle/working/scribble-uncertainty-lung-segmentation/data/pseudo_labels/teacher_tta_confidence/coronacases_006_slice_0035.npy,/kaggle/working/scribble-uncertainty-lung-segmentation/outputs/predictions/teacher_tta_probabilities/coronacases_006_slice_0035.npy,0.05,0,0,65536,0,0,1.0,False
coronacases_006,36,/kaggle/working/scribble-uncertainty-lung-segmentation/data/pseudo_labels/teacher_tta_labels/coronacases_006_slice_0036.npy,/kaggle/working/scribble-uncertainty-lung-segmentation/data/pseudo_labels/teacher_tta_confidence/coronacases_006_slice_0036.npy,/kaggle/working/scribble-uncertainty-lung-segmentation/outputs/predictions/teacher_tta_probabilities/coronacases_006_slice_0036.npy,0.05,0,0,65536,0,0,1.0,False
coronacases_006,37,/kaggle/working/scribble-uncertainty-lung-segmentation/data/pseudo_labels/teacher_tta_labels/coronacases_006_slice_0037.npy,/kaggle/working/scribble-uncertainty-lung-segmentation/data/pseudo_labels/teacher_tta_confidence/coronacases_006_slice_0037.npy,/kaggle/working/scribble-uncertainty-lung-segmentation/outputs/predictions/teacher_tta_probabilities/coronacases_006_slice_0037.npy,0.05,0,0,65536,0,0,1.0,False
coronacases_006,38,/kaggle/working/scribble-uncertainty-lung-segmentation/data/pseudo_labels/teacher_tta_labels/coronacases_006_slice_0038.npy,/kaggle/working/scribble-uncertainty-lung-segmentation/data/pseudo_labels/teacher_tta_confidence/coronacases_006_slice_0038.npy,/kaggle/working/scribble-uncertainty-lung-segmentation/outputs/predictions/teacher_tta_probabilities/coronacases_006_slice_0038.npy,0.05,0,0,65536,0,0,1.0,False
coronacases_006,39,/kaggle/working/scribble-uncertainty-lung-segmentation/data/pseudo_labels/teacher_tta_labels/coronacases_006_slice_0039.npy,/kaggle/working/scribble-uncertainty-lung-segmentation/data/pseudo_labels/teacher_tta_confidence/coronacases_006_slice_0039.npy,/kaggle/working/scribble-uncertainty-lung-segmentation/outputs/predictions/teacher_tta_probabilities/coronacases_006_slice_0039.npy,0.05,0,0,65536,0,0,1.0,False
coronacases_006,40,/kaggle/working/scribble-uncertainty-lung-segmentation/data/pseudo_labels/teacher_tta_labels/coronacases_006_slice_0040.npy,/kaggle/working/scribble-uncertainty-lung-segmentation/data/pseudo_labels/teacher_tta_confidence/coronacases_006_slice_0040.npy,/kaggle/working/scribble-uncertainty-lung-segmentation/outputs/predictions/teacher_tta_probabilities/coronacases_006_slice_0040.npy,0.05,0,0,65536,0,0,1.0,False
coronacases_006,41,/kaggle/working/scribble-uncertainty-lung-segmentation/data/pseudo_labels/teacher_tta_labels/coronacases_006_slice_0041.npy,/kaggle/working/scribble-uncertainty-lung-segmentation/data/pseudo_labels/teacher_tta_confidence/coronacases_006_slice_0041.npy,/kaggle/working/scribble-uncertainty-lung-segmentation/outputs/predictions/teacher_tta_probabilities/coronacases_006_slice_0041.npy,0.05,0,13,65536,0,0,7.692308123807834e-09,False
coronacases_006,42,/kaggle/working/scribble-uncertainty-lung-segmentation/data/pseudo_labels/teacher_tta_labels/coronacases_006_slice_0042.npy,/kaggle/working/scribble-uncertainty-lung-segmentation/data/pseudo_labels/teacher_tta_confidence/coronacases_006_slice_0042.npy,/kaggle/working/scribble-uncertainty-lung-segmentation/outputs/predictions/teacher_tta_probabilities/coronacases_006_slice_0042.npy,0.05,0,6,65536,0,0,1.666666626931601e-08,False
coronacases_006,43,/kaggle/working/scribble-uncertainty-lung-segmentation/data/pseudo_labels/teacher_tta_labels/coronacases_006_slice_0043.npy,/kaggle/working/scribble-uncertainty-lung-segmentation/data/pseudo_labels/teacher_tta_confidence/coronacases_006_slice_0043.npy,/kaggle/working/scribble-uncertainty-lung-segmentation/outputs/predictions/teacher_tta_probabilities/coronacases_006_slice_0043.npy,0.05,0,10,65536,0,0,9.99999993922529e-09,False
coronacases_006,44,/kaggle/working/scribble-uncertainty-lung-segmentation/data/pseudo_labels/teacher_tta_labels/coronacases_006_slice_0044.npy,/kaggle/working/scribble-uncertainty-lung-segmentation/data/pseudo_labels/teacher_tta_confidence/coronacases_006_slice_0044.npy,/kaggle/working/scribble-uncertainty-lung-segmentation/outputs/predictions/teacher_tta_probabilities/coronacases_006_slice_0044.npy,0.05,0,4,65536,0,0,2.5000000292152436e-08,False
coronacases_006,45,/kaggle/working/scribble-uncertainty-lung-segmentation/data/pseudo_labels/teacher_tta_labels/coronacases_006_slice_0045.npy,/kaggle/working/scribble-uncertainty-lung-segmentation/data/pseudo_labels/teacher_tta_confidence/coronacases_006_slice_0045.npy,/kaggle/working/scribble-uncertainty-lung-segmentation/outputs/predictions/teacher_tta_probabilities/coronacases_006_slice_0045.npy,0.05,0,10,65536,3,11,0.8571428656578064,True
coronacases_006,46,/kaggle/working/scribble-uncertainty-lung-segmentation/data/pseudo_labels/teacher_tta_labels/coronacases_006_slice_0046.npy,/kaggle/working/scribble-uncertainty-lung-segmentation/data/pseudo_labels/teacher_tta_confidence/coronacases_006_slice_0046.npy,/kaggle/working/scribble-uncertainty-lung-segmentation/outputs/predictions/teacher_tta_probabilities/coronacases_006_slice_0046.npy,0.05,0,34,65536,3,20,0.7037037014961243,True
coronacases_006,47,/kaggle/working/scribble-uncertainty-lung-segmentation/data/pseudo_labels/teacher_tta_labels/coronacases_006_slice_0047.npy,/kaggle/working/scribble-uncertainty-lung-segmentation/data/pseudo_labels/teacher_tta_confidence/coronacases_006_slice_0047.npy,/kaggle/working/scribble-uncertainty-lung-segmentation/outputs/predictions/teacher_tta_probabilities/coronacases_006_slice_0047.npy,0.05,0,56,65536,4,30,0.6976743936538696,True
coronacases_006,48,/kaggle/working/scribble-uncertainty-lung-segmentation/data/pseudo_labels/teacher_tta_labels/coronacases_006_slice_0048.npy,/kaggle/working/scribble-uncertainty-lung-segmentation/data/pseudo_labels/teacher_tta_confidence/coronacases_006_slice_0048.npy,/kaggle/working/scribble-uncertainty-lung-segmentation/outputs/predictions/teacher_tta_probabilities/coronacases_006_slice_0048.npy,0.05,0,75,65536,4,35,0.6363636255264282,True
coronacases_006,49,/kaggle/working/scribble-uncertainty-lung-segmentation/data/pseudo_labels/teacher_tta_labels/coronacases_006_slice_0049.npy,/kaggle/working/scribble-uncertainty-lung-segmentation/data/pseudo_labels/teacher_tta_confidence/coronacases_006_slice_0049.npy,/kaggle/working/scribble-uncertainty-lung-segmentation/outputs/predictions/teacher_tta_probabilities/coronacases_006_slice_0049.npy,0.05,0,81,65536,4,47,0.734375,True
coronacases_006,50,/kaggle/working/scribble-uncertainty-lung-segmentation/data/pseudo_labels/teacher_tta_labels/coronacases_006_slice_0050.npy,/kaggle/working/scribble-uncertainty-lung-segmentation/data/pseudo_labels/teacher_tta_confidence/coronacases_006_slice_0050.npy,/kaggle/working/scribble-uncertainty-lung-segmentation/outputs/predictions/teacher_tta_probabilities/coronacases_006_slice_0050.npy,0.05,0,102,65536,8,92,0.7628865838050842,True
coronacases_006,51,/kaggle/working/scribble-uncertainty-lung-segmentation/data/pseudo_labels/teacher_tta_labels/coronacases_006_slice_0051.npy,/kaggle/working/scribble-uncertainty-lung-segmentation/data/pseudo_labels/teacher_tta_confidence/coronacases_006_slice_0051.npy,/kaggle/working/scribble-uncertainty-lung-segmentation/outputs/predictions/teacher_tta_probabilities/coronacases_006_slice_0051.npy,0.05,0,157,65536,12,147,0.6776315569877625,True
coronacases_006,52,/kaggle/working/scribble-uncertainty-lung-segmentation/data/pseudo_labels/teacher_tta_labels/coronacases_006_slice_0052.npy,/kaggle/working/scribble-uncertainty-lung-segmentation/data/pseudo_labels/teacher_tta_confidence/coronacases_006_slice_0052.npy,/kaggle/working/scribble-uncertainty-lung-segmentation/outputs/predictions/teacher_tta_probabilities/coronacases_006_slice_0052.npy,0.05,0,171,65536,11,102,0.6446886658668518,True
coronacases_006,53,/kaggle/working/scribble-uncertainty-lung-segmentation/data/pseudo_labels/teacher_tta_labels/coronacases_006_slice_0053.npy,/kaggle/working/scribble-uncertainty-lung-segmentation/data/pseudo_labels/teacher_tta_confidence/coronacases_006_slice_0053.npy,/kaggle/working/scribble-uncertainty-lung-segmentation/outputs/predictions/teacher_tta_probabilities/coronacases_006_slice_0053.npy,0.05,0,140,65536,8,88,0.7631579041481018,True
coronacases_006,54,/kaggle/working/scribble-uncertainty-lung-segmentation/data/pseudo_labels/teacher_tta_labels/coronacases_006_slice_0054.npy,/kaggle/working/scribble-uncertainty-lung-segmentation/data/pseudo_labels/teacher_tta_confidence/coronacases_006_slice_0054.npy,/kaggle/working/scribble-uncertainty-lung-segmentation/outputs/predictions/teacher_tta_probabilities/coronacases_006_slice_0054.npy,0.05,0,153,65536,12,106,0.8185328245162964,True
coronacases_006,55,/kaggle/working/scribble-uncertainty-lung-segmentation/data/pseudo_labels/teacher_tta_labels/coronacases_006_slice_0055.npy,/kaggle/working/scribble-uncertainty-lung-segmentation/data/pseudo_labels/teacher_tta_confidence/coronacases_006_slice_0055.npy,/kaggle/working/scribble-uncertainty-lung-segmentation/outputs/predictions/teacher_tta_probabilities/coronacases_006_slice_0055.npy,0.05,0,173,65536,11,95,0.7089552283287048,True
coronacases_006,56,/kaggle/working/scribble-uncertainty-lung-segmentation/data/pseudo_labels/teacher_tta_labels/coronacases_006_slice_0056.npy,/kaggle/working/scribble-uncertainty-lung-segmentation/data/pseudo_labels/teacher_tta_confidence/coronacases_006_slice_0056.npy,/kaggle/working/scribble-uncertainty-lung-segmentation/outputs/predictions/teacher_tta_probabilities/coronacases_006_slice_0056.npy,0.05,0,181,65536,20,173,0.7344632744789124,True
coronacases_006,57,/kaggle/working/scribble-uncertainty-lung-segmentation/data/pseudo_labels/teacher_tta_labels/coronacases_006_slice_0057.npy,/kaggle/working/scribble-uncertainty-lung-segmentation/data/pseudo_labels/teacher_tta_confidence/coronacases_006_slice_0057.npy,/kaggle/working/scribble-uncertainty-lung-segmentation/outputs/predictions/teacher_tta_probabilities/coronacases_006_slice_0057.npy,0.05,0,211,65536,16,177,0.7680412530899048,True
coronacases_006,58,/kaggle/working/scribble-uncertainty-lung-segmentation/data/pseudo_labels/teacher_tta_labels/coronacases_006_slice_0058.npy,/kaggle/working/scribble-uncertainty-lung-segmentation/data/pseudo_labels/teacher_tta_confidence/coronacases_006_slice_0058.npy,/kaggle/working/scribble-uncertainty-lung-segmentation/outputs/predictions/teacher_tta_probabilities/coronacases_006_slice_0058.npy,0.05,0,217,65536,23,175,0.6275510191917419,True
coronacases_006,59,/kaggle/working/scribble-uncertainty-lung-segmentation/data/pseudo_labels/teacher_tta_labels/coronacases_006_slice_0059.npy,/kaggle/working/scribble-uncertainty-lung-segmentation/data/pseudo_labels/teacher_tta_confidence/coronacases_006_slice_0059.npy,/kaggle/working/scribble-uncertainty-lung-segmentation/outputs/predictions/teacher_tta_probabilities/coronacases_006_slice_0059.npy,0.05,0,229,65536,20,176,0.6666666865348816,True
coronacases_006,60,/kaggle/working/scribble-uncertainty-lung-segmentation/data/pseudo_labels/teacher_tta_labels/coronacases_006_slice_0060.npy,/kaggle/working/scribble-uncertainty-lung-segmentation/data/pseudo_labels/teacher_tta_confidence/coronacases_006_slice_0060.npy,/kaggle/working/scribble-uncertainty-lung-segmentation/outputs/predictions/teacher_tta_probabilities/coronacases_006_slice_0060.npy,0.05,0,287,65536,31,294,0.5817555785179138,True
coronacases_006,61,/kaggle/working/scribble-uncertainty-lung-segmentation/data/pseudo_labels/teacher_tta_labels/coronacases_006_slice_0061.npy,/kaggle/working/scribble-uncertainty-lung-segmentation/data/pseudo_labels/teacher_tta_confidence/coronacases_006_slice_0061.npy,/kaggle/working/scribble-uncertainty-lung-segmentation/outputs/predictions/teacher_tta_probabilities/coronacases_006_slice_0061.npy,0.05,0,457,65536,34,437,0.8232662081718445,True
coronacases_006,62,/kaggle/working/scribble-uncertainty-lung-segmentation/data/pseudo_labels/teacher_tta_labels/coronacases_006_slice_0062.npy,/kaggle/working/scribble-uncertainty-lung-segmentation/data/pseudo_labels/teacher_tta_confidence/coronacases_006_slice_0062.npy,/kaggle/working/scribble-uncertainty-lung-segmentation/outputs/predictions/teacher_tta_probabilities/coronacases_006_slice_0062.npy,0.05,0,606,65536,32,551,0.8003457188606262,True
coronacases_006,63,/kaggle/working/scribble-uncertainty-lung-segmentation/data/pseudo_labels/teacher_tta_labels/coronacases_006_slice_0063.npy,/kaggle/working/scribble-uncertainty-lung-segmentation/data/pseudo_labels/teacher_tta_confidence/coronacases_006_slice_0063.npy,/kaggle/working/scribble-uncertainty-lung-segmentation/outputs/predictions/teacher_tta_probabilities/coronacases_006_slice_0063.npy,0.05,0,709,65536,36,527,0.807443380355835,True
coronacases_006,64,/kaggle/working/scribble-uncertainty-lung-segmentation/data/pseudo_labels/teacher_tta_labels/coronacases_006_slice_0064.npy,/kaggle/working/scribble-uncertainty-lung-segmentation/data/pseudo_labels/teacher_tta_confidence/coronacases_006_slice_0064.npy,/kaggle/working/scribble-uncertainty-lung-segmentation/outputs/predictions/teacher_tta_probabilities/coronacases_006_slice_0064.npy,0.05,0,773,65536,43,585,0.8100147247314453,True
coronacases_006,65,/kaggle/working/scribble-uncertainty-lung-segmentation/data/pseudo_labels/teacher_tta_labels/coronacases_006_slice_0065.npy,/kaggle/working/scribble-uncertainty-lung-segmentation/data/pseudo_labels/teacher_tta_confidence/coronacases_006_slice_0065.npy,/kaggle/working/scribble-uncertainty-lung-segmentation/outputs/predictions/teacher_tta_probabilities/coronacases_006_slice_0065.npy,0.05,0,868,65536,26,729,0.8778960704803467,True
coronacases_006,66,/kaggle/working/scribble-uncertainty-lung-segmentation/data/pseudo_labels/teacher_tta_labels/coronacases_006_slice_0066.npy,/kaggle/working/scribble-uncertainty-lung-segmentation/data/pseudo_labels/teacher_tta_confidence/coronacases_006_slice_0066.npy,/kaggle/working/scribble-uncertainty-lung-segmentation/outputs/predictions/teacher_tta_probabilities/coronacases_006_slice_0066.npy,0.05,0,953,65536,28,735,0.8554502129554749,True
coronacases_006,67,/kaggle/working/scribble-uncertainty-lung-segmentation/data/pseudo_labels/teacher_tta_labels/coronacases_006_slice_0067.npy,/kaggle/working/scribble-uncertainty-lung-segmentation/data/pseudo_labels/teacher_tta_confidence/coronacases_006_slice_0067.npy,/kaggle/working/scribble-uncertainty-lung-segmentation/outputs/predictions/teacher_tta_probabilities/coronacases_006_slice_0067.npy,0.05,0,956,65536,44,837,0.8901282548904419,True
coronacases_006,68,/kaggle/working/scribble-uncertainty-lung-segmentation/data/pseudo_labels/teacher_tta_labels/coronacases_006_slice_0068.npy,/kaggle/working/scribble-uncertainty-lung-segmentation/data/pseudo_labels/teacher_tta_confidence/coronacases_006_slice_0068.npy,/kaggle/working/scribble-uncertainty-lung-segmentation/outputs/predictions/teacher_tta_probabilities/coronacases_006_slice_0068.npy,0.05,0,985,65536,34,920,0.913385808467865,True
coronacases_006,69,/kaggle/working/scribble-uncertainty-lung-segmentation/data/pseudo_labels/teacher_tta_labels/coronacases_006_slice_0069.npy,/kaggle/working/scribble-uncertainty-lung-segmentation/data/pseudo_labels/teacher_tta_confidence/coronacases_006_slice_0069.npy,/kaggle/working/scribble-uncertainty-lung-segmentation/outputs/predictions/teacher_tta_probabilities/coronacases_006_slice_0069.npy,0.05,0,1040,65536,48,877,0.8941053748130798,True
coronacases_006,70,/kaggle/working/scribble-uncertainty-lung-segmentation/data/pseudo_labels/teacher_tta_labels/coronacases_006_slice_0070.npy,/kaggle/working/scribble-uncertainty-lung-segmentation/data/pseudo_labels/teacher_tta_confidence/coronacases_006_slice_0070.npy,/kaggle/working/scribble-uncertainty-lung-segmentation/outputs/predictions/teacher_tta_probabilities/coronacases_006_slice_0070.npy,0.05,0,1101,65536,44,982,0.8977436423301697,True
coronacases_006,71,/kaggle/working/scribble-uncertainty-lung-segmentation/data/pseudo_labels/teacher_tta_labels/coronacases_006_slice_0071.npy,/kaggle/working/scribble-uncertainty-lung-segmentation/data/pseudo_labels/teacher_tta_confidence/coronacases_006_slice_0071.npy,/kaggle/working/scribble-uncertainty-lung-segmentation/outputs/predictions/teacher_tta_probabilities/coronacases_006_slice_0071.npy,0.05,0,1150,65536,44,1129,0.9012724757194519,True
coronacases_006,72,/kaggle/working/scribble-uncertainty-lung-segmentation/data/pseudo_labels/teacher_tta_labels/coronacases_006_slice_0072.npy,/kaggle/working/scribble-uncertainty-lung-segmentation/data/pseudo_labels/teacher_tta_confidence/coronacases_006_slice_0072.npy,/kaggle/working/scribble-uncertainty-lung-segmentation/outputs/predictions/teacher_tta_probabilities/coronacases_006_slice_0072.npy,0.05,0,1155,65536,36,992,0.8812296390533447,True
coronacases_006,73,/kaggle/working/scribble-uncertainty-lung-segmentation/data/pseudo_labels/teacher_tta_labels/coronacases_006_slice_0073.npy,/kaggle/working/scribble-uncertainty-lung-segmentation/data/pseudo_labels/teacher_tta_confidence/coronacases_006_slice_0073.npy,/kaggle/working/scribble-uncertainty-lung-segmentation/outputs/predictions/teacher_tta_probabilities/coronacases_006_slice_0073.npy,0.05,0,1097,65536,24,927,0.9011857509613037,True
coronacases_006,74,/kaggle/working/scribble-uncertainty-lung-segmentation/data/pseudo_labels/teacher_tta_labels/coronacases_006_slice_0074.npy,/kaggle/working/scribble-uncertainty-lung-segmentation/data/pseudo_labels/teacher_tta_confidence/coronacases_006_slice_0074.npy,/kaggle/working/scribble-uncertainty-lung-segmentation/outputs/predictions/teacher_tta_probabilities/coronacases_006_slice_0074.npy,0.05,0,1206,65536,24,942,0.8687151074409485,True
coronacases_006,75,/kaggle/working/scribble-uncertainty-lung-segmentation/data/pseudo_labels/teacher_tta_labels/coronacases_006_slice_0075.npy,/kaggle/working/scribble-uncertainty-lung-segmentation/data/pseudo_labels/teacher_tta_confidence/coronacases_006_slice_0075.npy,/kaggle/working/scribble-uncertainty-lung-segmentation/outputs/predictions/teacher_tta_probabilities/coronacases_006_slice_0075.npy,0.05,0,1213,65536,24,937,0.8623256087303162,True
coronacases_006,76,/kaggle/working/scribble-uncertainty-lung-segmentation/data/pseudo_labels/teacher_tta_labels/coronacases_006_slice_0076.npy,/kaggle/working/scribble-uncertainty-lung-segmentation/data/pseudo_labels/teacher_tta_confidence/coronacases_006_slice_0076.npy,/kaggle/working/scribble-uncertainty-lung-segmentation/outputs/predictions/teacher_tta_probabilities/coronacases_006_slice_0076.npy,0.05,0,1229,65536,23,951,0.8678898811340332,True
coronacases_006,77,/kaggle/working/scribble-uncertainty-lung-segmentation/data/pseudo_labels/teacher_tta_labels/coronacases_006_slice_0077.npy,/kaggle/working/scribble-uncertainty-lung-segmentation/data/pseudo_labels/teacher_tta_confidence/coronacases_006_slice_0077.npy,/kaggle/working/scribble-uncertainty-lung-segmentation/outputs/predictions/teacher_tta_probabilities/coronacases_006_slice_0077.npy,0.05,0,1188,65536,27,991,0.9040844440460205,True
coronacases_006,78,/kaggle/working/scribble-uncertainty-lung-segmentation/data/pseudo_labels/teacher_tta_labels/coronacases_006_slice_0078.npy,/kaggle/working/scribble-uncertainty-lung-segmentation/data/pseudo_labels/teacher_tta_confidence/coronacases_006_slice_0078.npy,/kaggle/working/scribble-uncertainty-lung-segmentation/outputs/predictions/teacher_tta_probabilities/coronacases_006_slice_0078.npy,0.05,0,1161,65536,32,978,0.9069658517837524,True
coronacases_006,79,/kaggle/working/scribble-uncertainty-lung-segmentation/data/pseudo_labels/teacher_tta_labels/coronacases_006_slice_0079.npy,/kaggle/working/scribble-uncertainty-lung-segmentation/data/pseudo_labels/teacher_tta_confidence/coronacases_006_slice_0079.npy,/kaggle/working/scribble-uncertainty-lung-segmentation/outputs/predictions/teacher_tta_probabilities/coronacases_006_slice_0079.npy,0.05,0,1137,65536,30,1003,0.9308411478996277,True
coronacases_006,80,/kaggle/working/scribble-uncertainty-lung-segmentation/data/pseudo_labels/teacher_tta_labels/coronacases_006_slice_0080.npy,/kaggle/working/scribble-uncertainty-lung-segmentation/data/pseudo_labels/teacher_tta_confidence/coronacases_006_slice_0080.npy,/kaggle/working/scribble-uncertainty-lung-segmentation/outputs/predictions/teacher_tta_probabilities/coronacases_006_slice_0080.npy,0.05,0,1129,65536,30,1029,0.9184430241584778,True
coronacases_006,81,/kaggle/working/scribble-uncertainty-lung-segmentation/data/pseudo_labels/teacher_tta_labels/coronacases_006_slice_0081.npy,/kaggle/working/scribble-uncertainty-lung-segmentation/data/pseudo_labels/teacher_tta_confidence/coronacases_006_slice_0081.npy,/kaggle/working/scribble-uncertainty-lung-segmentation/outputs/predictions/teacher_tta_probabilities/coronacases_006_slice_0081.npy,0.05,0,1148,65536,22,972,0.9150943160057068,True
coronacases_006,82,/kaggle/working/scribble-uncertainty-lung-segmentation/data/pseudo_labels/teacher_tta_labels/coronacases_006_slice_0082.npy,/kaggle/working/scribble-uncertainty-lung-segmentation/data/pseudo_labels/teacher_tta_confidence/coronacases_006_slice_0082.npy,/kaggle/working/scribble-uncertainty-lung-segmentation/outputs/predictions/teacher_tta_probabilities/coronacases_006_slice_0082.npy,0.05,0,1178,65536,28,932,0.8767772316932678,True
coronacases_006,83,/kaggle/working/scribble-uncertainty-lung-segmentation/data/pseudo_labels/teacher_tta_labels/coronacases_006_slice_0083.npy,/kaggle/working/scribble-uncertainty-lung-segmentation/data/pseudo_labels/teacher_tta_confidence/coronacases_006_slice_0083.npy,/kaggle/working/scribble-uncertainty-lung-segmentation/outputs/predictions/teacher_tta_probabilities/coronacases_006_slice_0083.npy,0.05,0,1165,65536,30,921,0.8830296993255615,True
coronacases_006,84,/kaggle/working/scribble-uncertainty-lung-segmentation/data/pseudo_labels/teacher_tta_labels/coronacases_006_slice_0084.npy,/kaggle/working/scribble-uncertainty-lung-segmentation/data/pseudo_labels/teacher_tta_confidence/coronacases_006_slice_0084.npy,/kaggle/working/scribble-uncertainty-lung-segmentation/outputs/predictions/teacher_tta_probabilities/coronacases_006_slice_0084.npy,0.05,0,1286,65536,43,935,0.8320576548576355,True
coronacases_006,85,/kaggle/working/scribble-uncertainty-lung-segmentation/data/pseudo_labels/teacher_tta_labels/coronacases_006_slice_0085.npy,/kaggle/working/scribble-uncertainty-lung-segmentation/data/pseudo_labels/teacher_tta_confidence/coronacases_006_slice_0085.npy,/kaggle/working/scribble-uncertainty-lung-segmentation/outputs/predictions/teacher_tta_probabilities/coronacases_006_slice_0085.npy,0.05,0,1150,65536,16,910,0.8805825114250183,True
coronacases_006,86,/kaggle/working/scribble-uncertainty-lung-segmentation/data/pseudo_labels/teacher_tta_labels/coronacases_006_slice_0086.npy,/kaggle/working/scribble-uncertainty-lung-segmentation/data/pseudo_labels/teacher_tta_confidence/coronacases_006_slice_0086.npy,/kaggle/working/scribble-uncertainty-lung-segmentation/outputs/predictions/teacher_tta_probabilities/coronacases_006_slice_0086.npy,0.05,0,1132,65536,28,953,0.910311758518219,True
coronacases_006,87,/kaggle/working/scribble-uncertainty-lung-segmentation/data/pseudo_labels/teacher_tta_labels/coronacases_006_slice_0087.npy,/kaggle/working/scribble-uncertainty-lung-segmentation/data/pseudo_labels/teacher_tta_confidence/coronacases_006_slice_0087.npy,/kaggle/working/scribble-uncertainty-lung-segmentation/outputs/predictions/teacher_tta_probabilities/coronacases_006_slice_0087.npy,0.05,0,1109,65536,28,894,0.8896654844284058,True
coronacases_006,88,/kaggle/working/scribble-uncertainty-lung-segmentation/data/pseudo_labels/teacher_tta_labels/coronacases_006_slice_0088.npy,/kaggle/working/scribble-uncertainty-lung-segmentation/data/pseudo_labels/teacher_tta_confidence/coronacases_006_slice_0088.npy,/kaggle/working/scribble-uncertainty-lung-segmentation/outputs/predictions/teacher_tta_probabilities/coronacases_006_slice_0088.npy,0.05,0,1002,65536,24,907,0.9439496994018555,True
coronacases_006,89,/kaggle/working/scribble-uncertainty-lung-segmentation/data/pseudo_labels/teacher_tta_labels/coronacases_006_slice_0089.npy,/kaggle/working/scribble-uncertainty-lung-segmentation/data/pseudo_labels/teacher_tta_confidence/coronacases_006_slice_0089.npy,/kaggle/working/scribble-uncertainty-lung-segmentation/outputs/predictions/teacher_tta_probabilities/coronacases_006_slice_0089.npy,0.05,0,985,65536,24,848,0.924168050289154,True
coronacases_006,90,/kaggle/working/scribble-uncertainty-lung-segmentation/data/pseudo_labels/teacher_tta_labels/coronacases_006_slice_0090.npy,/kaggle/working/scribble-uncertainty-lung-segmentation/data/pseudo_labels/teacher_tta_confidence/coronacases_006_slice_0090.npy,/kaggle/working/scribble-uncertainty-lung-segmentation/outputs/predictions/teacher_tta_probabilities/coronacases_006_slice_0090.npy,0.05,0,1017,65536,32,847,0.9066523313522339,True
coronacases_006,91,/kaggle/working/scribble-uncertainty-lung-segmentation/data/pseudo_labels/teacher_tta_labels/coronacases_006_slice_0091.npy,/kaggle/working/scribble-uncertainty-lung-segmentation/data/pseudo_labels/teacher_tta_confidence/coronacases_006_slice_0091.npy,/kaggle/working/scribble-uncertainty-lung-segmentation/outputs/predictions/teacher_tta_probabilities/coronacases_006_slice_0091.npy,0.05,0,993,65536,30,803,0.8786191344261169,True
coronacases_006,92,/kaggle/working/scribble-uncertainty-lung-segmentation/data/pseudo_labels/teacher_tta_labels/coronacases_006_slice_0092.npy,/kaggle/working/scribble-uncertainty-lung-segmentation/data/pseudo_labels/teacher_tta_confidence/coronacases_006_slice_0092.npy,/kaggle/working/scribble-uncertainty-lung-segmentation/outputs/predictions/teacher_tta_probabilities/coronacases_006_slice_0092.npy,0.05,0,936,65536,34,763,0.8911124467849731,True
coronacases_006,93,/kaggle/working/scribble-uncertainty-lung-segmentation/data/pseudo_labels/teacher_tta_labels/coronacases_006_slice_0093.npy,/kaggle/working/scribble-uncertainty-lung-segmentation/data/pseudo_labels/teacher_tta_confidence/coronacases_006_slice_0093.npy,/kaggle/working/scribble-uncertainty-lung-segmentation/outputs/predictions/teacher_tta_probabilities/coronacases_006_slice_0093.npy,0.05,0,842,65536,32,718,0.8666666746139526,True
coronacases_006,94,/kaggle/working/scribble-uncertainty-lung-segmentation/data/pseudo_labels/teacher_tta_labels/coronacases_006_slice_0094.npy,/kaggle/working/scribble-uncertainty-lung-segmentation/data/pseudo_labels/teacher_tta_confidence/coronacases_006_slice_0094.npy,/kaggle/working/scribble-uncertainty-lung-segmentation/outputs/predictions/teacher_tta_probabilities/coronacases_006_slice_0094.npy,0.05,0,743,65536,31,537,0.815625011920929,True
coronacases_006,95,/kaggle/working/scribble-uncertainty-lung-segmentation/data/pseudo_labels/teacher_tta_labels/coronacases_006_slice_0095.npy,/kaggle/working/scribble-uncertainty-lung-segmentation/data/pseudo_labels/teacher_tta_confidence/coronacases_006_slice_0095.npy,/kaggle/working/scribble-uncertainty-lung-segmentation/outputs/predictions/teacher_tta_probabilities/coronacases_006_slice_0095.npy,0.05,0,612,65536,39,510,0.8217468857765198,True
coronacases_006,96,/kaggle/working/scribble-uncertainty-lung-segmentation/data/pseudo_labels/teacher_tta_labels/coronacases_006_slice_0096.npy,/kaggle/working/scribble-uncertainty-lung-segmentation/data/pseudo_labels/teacher_tta_confidence/coronacases_006_slice_0096.npy,/kaggle/working/scribble-uncertainty-lung-segmentation/outputs/predictions/teacher_tta_probabilities/coronacases_006_slice_0096.npy,0.05,0,606,65536,28,411,0.8003933429718018,True
coronacases_006,97,/kaggle/working/scribble-uncertainty-lung-segmentation/data/pseudo_labels/teacher_tta_labels/coronacases_006_slice_0097.npy,/kaggle/working/scribble-uncertainty-lung-segmentation/data/pseudo_labels/teacher_tta_confidence/coronacases_006_slice_0097.npy,/kaggle/working/scribble-uncertainty-lung-segmentation/outputs/predictions/teacher_tta_probabilities/coronacases_006_slice_0097.npy,0.05,0,715,65536,27,427,0.7443082332611084,True
coronacases_006,98,/kaggle/working/scribble-uncertainty-lung-segmentation/data/pseudo_labels/teacher_tta_labels/coronacases_006_slice_0098.npy,/kaggle/working/scribble-uncertainty-lung-segmentation/data/pseudo_labels/teacher_tta_confidence/coronacases_006_slice_0098.npy,/kaggle/working/scribble-uncertainty-lung-segmentation/outputs/predictions/teacher_tta_probabilities/coronacases_006_slice_0098.npy,0.05,0,664,65536,36,440,0.77173912525177,True
coronacases_006,99,/kaggle/working/scribble-uncertainty-lung-segmentation/data/pseudo_labels/teacher_tta_labels/coronacases_006_slice_0099.npy,/kaggle/working/scribble-uncertainty-lung-segmentation/data/pseudo_labels/teacher_tta_confidence/coronacases_006_slice_0099.npy,/kaggle/working/scribble-uncertainty-lung-segmentation/outputs/predictions/teacher_tta_probabilities/coronacases_006_slice_0099.npy,0.05,0,599,65536,20,451,0.7771428823471069,True
coronacases_006,100,/kaggle/working/scribble-uncertainty-lung-segmentation/data/pseudo_labels/teacher_tta_labels/coronacases_006_slice_0100.npy,/kaggle/working/scribble-uncertainty-lung-segmentation/data/pseudo_labels/teacher_tta_confidence/coronacases_006_slice_0100.npy,/kaggle/working/scribble-uncertainty-lung-segmentation/outputs/predictions/teacher_tta_probabilities/coronacases_006_slice_0100.npy,0.05,0,562,65536,19,427,0.8068756461143494,True
coronacases_006,101,/kaggle/working/scribble-uncertainty-lung-segmentation/data/pseudo_labels/teacher_tta_labels/coronacases_006_slice_0101.npy,/kaggle/working/scribble-uncertainty-lung-segmentation/data/pseudo_labels/teacher_tta_confidence/coronacases_006_slice_0101.npy,/kaggle/working/scribble-uncertainty-lung-segmentation/outputs/predictions/teacher_tta_probabilities/coronacases_006_slice_0101.npy,0.05,0,508,65536,20,378,0.7923250794410706,True
coronacases_006,102,/kaggle/working/scribble-uncertainty-lung-segmentation/data/pseudo_labels/teacher_tta_labels/coronacases_006_slice_0102.npy,/kaggle/working/scribble-uncertainty-lung-segmentation/data/pseudo_labels/teacher_tta_confidence/coronacases_006_slice_0102.npy,/kaggle/working/scribble-uncertainty-lung-segmentation/outputs/predictions/teacher_tta_probabilities/coronacases_006_slice_0102.npy,0.05,0,478,65536,20,369,0.8406139612197876,True
coronacases_006,103,/kaggle/working/scribble-uncertainty-lung-segmentation/data/pseudo_labels/teacher_tta_labels/coronacases_006_slice_0103.npy,/kaggle/working/scribble-uncertainty-lung-segmentation/data/pseudo_labels/teacher_tta_confidence/coronacases_006_slice_0103.npy,/kaggle/working/scribble-uncertainty-lung-segmentation/outputs/predictions/teacher_tta_probabilities/coronacases_006_slice_0103.npy,0.05,0,402,65536,12,347,0.851802408695221,True
coronacases_006,104,/kaggle/working/scribble-uncertainty-lung-segmentation/data/pseudo_labels/teacher_tta_labels/coronacases_006_slice_0104.npy,/kaggle/working/scribble-uncertainty-lung-segmentation/data/pseudo_labels/teacher_tta_confidence/coronacases_006_slice_0104.npy,/kaggle/working/scribble-uncertainty-lung-segmentation/outputs/predictions/teacher_tta_probabilities/coronacases_006_slice_0104.npy,0.05,0,375,65536,16,362,0.7761194109916687,True
coronacases_006,105,/kaggle/working/scribble-uncertainty-lung-segmentation/data/pseudo_labels/teacher_tta_labels/coronacases_006_slice_0105.npy,/kaggle/working/scribble-uncertainty-lung-segmentation/data/pseudo_labels/teacher_tta_confidence/coronacases_006_slice_0105.npy,/kaggle/working/scribble-uncertainty-lung-segmentation/outputs/predictions/teacher_tta_probabilities/coronacases_006_slice_0105.npy,0.05,0,316,65536,12,355,0.8405365347862244,True
coronacases_006,106,/kaggle/working/scribble-uncertainty-lung-segmentation/data/pseudo_labels/teacher_tta_labels/coronacases_006_slice_0106.npy,/kaggle/working/scribble-uncertainty-lung-segmentation/data/pseudo_labels/teacher_tta_confidence/coronacases_006_slice_0106.npy,/kaggle/working/scribble-uncertainty-lung-segmentation/outputs/predictions/teacher_tta_probabilities/coronacases_006_slice_0106.npy,0.05,0,297,65536,14,367,0.7018072009086609,True
coronacases_006,107,/kaggle/working/scribble-uncertainty-lung-segmentation/data/pseudo_labels/teacher_tta_labels/coronacases_006_slice_0107.npy,/kaggle/working/scribble-uncertainty-lung-segmentation/data/pseudo_labels/teacher_tta_confidence/coronacases_006_slice_0107.npy,/kaggle/working/scribble-uncertainty-lung-segmentation/outputs/predictions/teacher_tta_probabilities/coronacases_006_slice_0107.npy,0.05,0,250,65536,16,380,0.7142857313156128,True
coronacases_006,108,/kaggle/working/scribble-uncertainty-lung-segmentation/data/pseudo_labels/teacher_tta_labels/coronacases_006_slice_0108.npy,/kaggle/working/scribble-uncertainty-lung-segmentation/data/pseudo_labels/teacher_tta_confidence/coronacases_006_slice_0108.npy,/kaggle/working/scribble-uncertainty-lung-segmentation/outputs/predictions/teacher_tta_probabilities/coronacases_006_slice_0108.npy,0.05,0,247,65536,14,360,0.734761118888855,True
coronacases_006,109,/kaggle/working/scribble-uncertainty-lung-segmentation/data/pseudo_labels/teacher_tta_labels/coronacases_006_slice_0109.npy,/kaggle/working/scribble-uncertainty-lung-segmentation/data/pseudo_labels/teacher_tta_confidence/coronacases_006_slice_0109.npy,/kaggle/working/scribble-uncertainty-lung-segmentation/outputs/predictions/teacher_tta_probabilities/coronacases_006_slice_0109.npy,0.05,0,282,65536,12,291,0.8097731471061707,True
coronacases_006,110,/kaggle/working/scribble-uncertainty-lung-segmentation/data/pseudo_labels/teacher_tta_labels/coronacases_006_slice_0110.npy,/kaggle/working/scribble-uncertainty-lung-segmentation/data/pseudo_labels/teacher_tta_confidence/coronacases_006_slice_0110.npy,/kaggle/working/scribble-uncertainty-lung-segmentation/outputs/predictions/teacher_tta_probabilities/coronacases_006_slice_0110.npy,0.05,0,255,65536,4,246,0.7984032034873962,True
coronacases_006,111,/kaggle/working/scribble-uncertainty-lung-segmentation/data/pseudo_labels/teacher_tta_labels/coronacases_006_slice_0111.npy,/kaggle/working/scribble-uncertainty-lung-segmentation/data/pseudo_labels/teacher_tta_confidence/coronacases_006_slice_0111.npy,/kaggle/working/scribble-uncertainty-lung-segmentation/outputs/predictions/teacher_tta_probabilities/coronacases_006_slice_0111.npy,0.05,0,186,65536,4,192,0.7830687761306763,True
coronacases_006,112,/kaggle/working/scribble-uncertainty-lung-segmentation/data/pseudo_labels/teacher_tta_labels/coronacases_006_slice_0112.npy,/kaggle/working/scribble-uncertainty-lung-segmentation/data/pseudo_labels/teacher_tta_confidence/coronacases_006_slice_0112.npy,/kaggle/working/scribble-uncertainty-lung-segmentation/outputs/predictions/teacher_tta_probabilities/coronacases_006_slice_0112.npy,0.05,0,146,65536,8,149,0.8949152827262878,True
coronacases_006,113,/kaggle/working/scribble-uncertainty-lung-segmentation/data/pseudo_labels/teacher_tta_labels/coronacases_006_slice_0113.npy,/kaggle/working/scribble-uncertainty-lung-segmentation/data/pseudo_labels/teacher_tta_confidence/coronacases_006_slice_0113.npy,/kaggle/working/scribble-uncertainty-lung-segmentation/outputs/predictions/teacher_tta_probabilities/coronacases_006_slice_0113.npy,0.05,0,100,65536,4,88,0.7553191781044006,True
coronacases_006,114,/kaggle/working/scribble-uncertainty-lung-segmentation/data/pseudo_labels/teacher_tta_labels/coronacases_006_slice_0114.npy,/kaggle/working/scribble-uncertainty-lung-segmentation/data/pseudo_labels/teacher_tta_confidence/coronacases_006_slice_0114.npy,/kaggle/working/scribble-uncertainty-lung-segmentation/outputs/predictions/teacher_tta_probabilities/coronacases_006_slice_0114.npy,0.05,0,4,65536,4,62,0.12121212482452393,True
coronacases_006,115,/kaggle/working/scribble-uncertainty-lung-segmentation/data/pseudo_labels/teacher_tta_labels/coronacases_006_slice_0115.npy,/kaggle/working/scribble-uncertainty-lung-segmentation/data/pseudo_labels/teacher_tta_confidence/coronacases_006_slice_0115.npy,/kaggle/working/scribble-uncertainty-lung-segmentation/outputs/predictions/teacher_tta_probabilities/coronacases_006_slice_0115.npy,0.05,0,35,65536,0,0,2.8571429666612858e-09,False
coronacases_006,116,/kaggle/working/scribble-uncertainty-lung-segmentation/data/pseudo_labels/teacher_tta_labels/coronacases_006_slice_0116.npy,/kaggle/working/scribble-uncertainty-lung-segmentation/data/pseudo_labels/teacher_tta_confidence/coronacases_006_slice_0116.npy,/kaggle/working/scribble-uncertainty-lung-segmentation/outputs/predictions/teacher_tta_probabilities/coronacases_006_slice_0116.npy,0.05,0,32,65536,0,0,3.1250000365190544e-09,False
coronacases_006,117,/kaggle/working/scribble-uncertainty-lung-segmentation/data/pseudo_labels/teacher_tta_labels/coronacases_006_slice_0117.npy,/kaggle/working/scribble-uncertainty-lung-segmentation/data/pseudo_labels/teacher_tta_confidence/coronacases_006_slice_0117.npy,/kaggle/working/scribble-uncertainty-lung-segmentation/outputs/predictions/teacher_tta_probabilities/coronacases_006_slice_0117.npy,0.05,0,1,65536,0,0,9.999998695775503e-08,False
coronacases_006,118,/kaggle/working/scribble-uncertainty-lung-segmentation/data/pseudo_labels/teacher_tta_labels/coronacases_006_slice_0118.npy,/kaggle/working/scribble-uncertainty-lung-segmentation/data/pseudo_labels/teacher_tta_confidence/coronacases_006_slice_0118.npy,/kaggle/working/scribble-uncertainty-lung-segmentation/outputs/predictions/teacher_tta_probabilities/coronacases_006_slice_0118.npy,0.05,0,0,65536,0,0,1.0,False
coronacases_006,119,/kaggle/working/scribble-uncertainty-lung-segmentation/data/pseudo_labels/teacher_tta_labels/coronacases_006_slice_0119.npy,/kaggle/working/scribble-uncertainty-lung-segmentation/data/pseudo_labels/teacher_tta_confidence/coronacases_006_slice_0119.npy,/kaggle/working/scribble-uncertainty-lung-segmentation/outputs/predictions/teacher_tta_probabilities/coronacases_006_slice_0119.npy,0.05,0,0,65536,0,0,1.0,False
coronacases_006,120,/kaggle/working/scribble-uncertainty-lung-segmentation/data/pseudo_labels/teacher_tta_labels/coronacases_006_slice_0120.npy,/kaggle/working/scribble-uncertainty-lung-segmentation/data/pseudo_labels/teacher_tta_confidence/coronacases_006_slice_0120.npy,/kaggle/working/scribble-uncertainty-lung-segmentation/outputs/predictions/teacher_tta_probabilities/coronacases_006_slice_0120.npy,0.05,0,17,65536,0,0,5.882352827057957e-09,False
coronacases_006,121,/kaggle/working/scribble-uncertainty-lung-segmentation/data/pseudo_labels/teacher_tta_labels/coronacases_006_slice_0121.npy,/kaggle/working/scribble-uncertainty-lung-segmentation/data/pseudo_labels/teacher_tta_confidence/coronacases_006_slice_0121.npy,/kaggle/working/scribble-uncertainty-lung-segmentation/outputs/predictions/teacher_tta_probabilities/coronacases_006_slice_0121.npy,0.05,0,0,65536,0,0,1.0,False
coronacases_006,122,/kaggle/working/scribble-uncertainty-lung-segmentation/data/pseudo_labels/teacher_tta_labels/coronacases_006_slice_0122.npy,/kaggle/working/scribble-uncertainty-lung-segmentation/data/pseudo_labels/teacher_tta_confidence/coronacases_006_slice_0122.npy,/kaggle/working/scribble-uncertainty-lung-segmentation/outputs/predictions/teacher_tta_probabilities/coronacases_006_slice_0122.npy,0.05,0,0,65536,0,0,1.0,False
coronacases_006,123,/kaggle/working/scribble-uncertainty-lung-segmentation/data/pseudo_labels/teacher_tta_labels/coronacases_006_slice_0123.npy,/kaggle/working/scribble-uncertainty-lung-segmentation/data/pseudo_labels/teacher_tta_confidence/coronacases_006_slice_0123.npy,/kaggle/working/scribble-uncertainty-lung-segmentation/outputs/predictions/teacher_tta_probabilities/coronacases_006_slice_0123.npy,0.05,0,0,65536,0,0,1.0,False
coronacases_006,124,/kaggle/working/scribble-uncertainty-lung-segmentation/data/pseudo_labels/teacher_tta_labels/coronacases_006_slice_0124.npy,/kaggle/working/scribble-uncertainty-lung-segmentation/data/pseudo_labels/teacher_tta_confidence/coronacases_006_slice_0124.npy,/kaggle/working/scribble-uncertainty-lung-segmentation/outputs/predictions/teacher_tta_probabilities/coronacases_006_slice_0124.npy,0.05,0,0,65536,0,0,1.0,False
coronacases_006,125,/kaggle/working/scribble-uncertainty-lung-segmentation/data/pseudo_labels/teacher_tta_labels/coronacases_006_slice_0125.npy,/kaggle/working/scribble-uncertainty-lung-segmentation/data/pseudo_labels/teacher_tta_confidence/coronacases_006_slice_0125.npy,/kaggle/working/scribble-uncertainty-lung-segmentation/outputs/predictions/teacher_tta_probabilities/coronacases_006_slice_0125.npy,0.05,0,0,65536,0,0,1.0,False
coronacases_006,126,/kaggle/working/scribble-uncertainty-lung-segmentation/data/pseudo_labels/teacher_tta_labels/coronacases_006_slice_0126.npy,/kaggle/working/scribble-uncertainty-lung-segmentation/data/pseudo_labels/teacher_tta_confidence/coronacases_006_slice_0126.npy,/kaggle/working/scribble-uncertainty-lung-segmentation/outputs/predictions/teacher_tta_probabilities/coronacases_006_slice_0126.npy,0.05,0,0,65536,0,0,1.0,False
coronacases_006,127,/kaggle/working/scribble-uncertainty-lung-segmentation/data/pseudo_labels/teacher_tta_labels/coronacases_006_slice_0127.npy,/kaggle/working/scribble-uncertainty-lung-segmentation/data/pseudo_labels/teacher_tta_confidence/coronacases_006_slice_0127.npy,/kaggle/working/scribble-uncertainty-lung-segmentation/outputs/predictions/teacher_tta_probabilities/coronacases_006_slice_0127.npy,0.05,0,0,65536,0,0,1.0,False
coronacases_006,128,/kaggle/working/scribble-uncertainty-lung-segmentation/data/pseudo_labels/teacher_tta_labels/coronacases_006_slice_0128.npy,/kaggle/working/scribble-uncertainty-lung-segmentation/data/pseudo_labels/teacher_tta_confidence/coronacases_006_slice_0128.npy,/kaggle/working/scribble-uncertainty-lung-segmentation/outputs/predictions/teacher_tta_probabilities/coronacases_006_slice_0128.npy,0.05,0,0,65536,0,0,1.0,False
coronacases_006,129,/kaggle/working/scribble-uncertainty-lung-segmentation/data/pseudo_labels/teacher_tta_labels/coronacases_006_slice_0129.npy,/kaggle/working/scribble-uncertainty-lung-segmentation/data/pseudo_labels/teacher_tta_confidence/coronacases_006_slice_0129.npy,/kaggle/working/scribble-uncertainty-lung-segmentation/outputs/predictions/teacher_tta_probabilities/coronacases_006_slice_0129.npy,0.05,0,0,65536,0,0,1.0,False
coronacases_006,130,/kaggle/working/scribble-uncertainty-lung-segmentation/data/pseudo_labels/teacher_tta_labels/coronacases_006_slice_0130.npy,/kaggle/working/scribble-uncertainty-lung-segmentation/data/pseudo_labels/teacher_tta_confidence/coronacases_006_slice_0130.npy,/kaggle/working/scribble-uncertainty-lung-segmentation/outputs/predictions/teacher_tta_probabilities/coronacases_006_slice_0130.npy,0.05,0,0,65536,0,0,1.0,False
coronacases_006,131,/kaggle/working/scribble-uncertainty-lung-segmentation/data/pseudo_labels/teacher_tta_labels/coronacases_006_slice_0131.npy,/kaggle/working/scribble-uncertainty-lung-segmentation/data/pseudo_labels/teacher_tta_confidence/coronacases_006_slice_0131.npy,/kaggle/working/scribble-uncertainty-lung-segmentation/outputs/predictions/teacher_tta_probabilities/coronacases_006_slice_0131.npy,0.05,0,0,65536,0,0,1.0,False
coronacases_006,132,/kaggle/working/scribble-uncertainty-lung-segmentation/data/pseudo_labels/teacher_tta_labels/coronacases_006_slice_0132.npy,/kaggle/working/scribble-uncertainty-lung-segmentation/data/pseudo_labels/teacher_tta_confidence/coronacases_006_slice_0132.npy,/kaggle/working/scribble-uncertainty-lung-segmentation/outputs/predictions/teacher_tta_probabilities/coronacases_006_slice_0132.npy,0.05,0,0,65536,0,0,1.0,False
coronacases_006,133,/kaggle/working/scribble-uncertainty-lung-segmentation/data/pseudo_labels/teacher_tta_labels/coronacases_006_slice_0133.npy,/kaggle/working/scribble-uncertainty-lung-segmentation/data/pseudo_labels/teacher_tta_confidence/coronacases_006_slice_0133.npy,/kaggle/working/scribble-uncertainty-lung-segmentation/outputs/predictions/teacher_tta_probabilities/coronacases_006_slice_0133.npy,0.05,0,0,65536,0,0,1.0,False
coronacases_006,134,/kaggle/working/scribble-uncertainty-lung-segmentation/data/pseudo_labels/teacher_tta_labels/coronacases_006_slice_0134.npy,/kaggle/working/scribble-uncertainty-lung-segmentation/data/pseudo_labels/teacher_tta_confidence/coronacases_006_slice_0134.npy,/kaggle/working/scribble-uncertainty-lung-segmentation/outputs/predictions/teacher_tta_probabilities/coronacases_006_slice_0134.npy,0.05,0,13,65536,0,0,7.692308123807834e-09,False
coronacases_006,135,/kaggle/working/scribble-uncertainty-lung-segmentation/data/pseudo_labels/teacher_tta_labels/coronacases_006_slice_0135.npy,/kaggle/working/scribble-uncertainty-lung-segmentation/data/pseudo_labels/teacher_tta_confidence/coronacases_006_slice_0135.npy,/kaggle/working/scribble-uncertainty-lung-segmentation/outputs/predictions/teacher_tta_probabilities/coronacases_006_slice_0135.npy,0.05,0,24,65536,0,0,4.166666567329003e-09,False
coronacases_006,136,/kaggle/working/scribble-uncertainty-lung-segmentation/data/pseudo_labels/teacher_tta_labels/coronacases_006_slice_0136.npy,/kaggle/working/scribble-uncertainty-lung-segmentation/data/pseudo_labels/teacher_tta_confidence/coronacases_006_slice_0136.npy,/kaggle/working/scribble-uncertainty-lung-segmentation/outputs/predictions/teacher_tta_probabilities/coronacases_006_slice_0136.npy,0.05,0,0,65536,0,0,1.0,False
coronacases_006,137,/kaggle/working/scribble-uncertainty-lung-segmentation/data/pseudo_labels/teacher_tta_labels/coronacases_006_slice_0137.npy,/kaggle/working/scribble-uncertainty-lung-segmentation/data/pseudo_labels/teacher_tta_confidence/coronacases_006_slice_0137.npy,/kaggle/working/scribble-uncertainty-lung-segmentation/outputs/predictions/teacher_tta_probabilities/coronacases_006_slice_0137.npy,0.05,0,0,65536,0,0,1.0,False
coronacases_006,138,/kaggle/working/scribble-uncertainty-lung-segmentation/data/pseudo_labels/teacher_tta_labels/coronacases_006_slice_0138.npy,/kaggle/working/scribble-uncertainty-lung-segmentation/data/pseudo_labels/teacher_tta_confidence/coronacases_006_slice_0138.npy,/kaggle/working/scribble-uncertainty-lung-segmentation/outputs/predictions/teacher_tta_probabilities/coronacases_006_slice_0138.npy,0.05,0,0,65536,0,0,1.0,False
coronacases_006,139,/kaggle/working/scribble-uncertainty-lung-segmentation/data/pseudo_labels/teacher_tta_labels/coronacases_006_slice_0139.npy,/kaggle/working/scribble-uncertainty-lung-segmentation/data/pseudo_labels/teacher_tta_confidence/coronacases_006_slice_0139.npy,/kaggle/working/scribble-uncertainty-lung-segmentation/outputs/predictions/teacher_tta_probabilities/coronacases_006_slice_0139.npy,0.05,0,0,65536,0,0,1.0,False
coronacases_006,140,/kaggle/working/scribble-uncertainty-lung-segmentation/data/pseudo_labels/teacher_tta_labels/coronacases_006_slice_0140.npy,/kaggle/working/scribble-uncertainty-lung-segmentation/data/pseudo_labels/teacher_tta_confidence/coronacases_006_slice_0140.npy,/kaggle/working/scribble-uncertainty-lung-segmentation/outputs/predictions/teacher_tta_probabilities/coronacases_006_slice_0140.npy,0.05,0,0,65536,0,0,1.0,False
coronacases_006,141,/kaggle/working/scribble-uncertainty-lung-segmentation/data/pseudo_labels/teacher_tta_labels/coronacases_006_slice_0141.npy,/kaggle/working/scribble-uncertainty-lung-segmentation/data/pseudo_labels/teacher_tta_confidence/coronacases_006_slice_0141.npy,/kaggle/working/scribble-uncertainty-lung-segmentation/outputs/predictions/teacher_tta_probabilities/coronacases_006_slice_0141.npy,0.05,0,0,65536,0,0,1.0,False
coronacases_006,142,/kaggle/working/scribble-uncertainty-lung-segmentation/data/pseudo_labels/teacher_tta_labels/coronacases_006_slice_0142.npy,/kaggle/working/scribble-uncertainty-lung-segmentation/data/pseudo_labels/teacher_tta_confidence/coronacases_006_slice_0142.npy,/kaggle/working/scribble-uncertainty-lung-segmentation/outputs/predictions/teacher_tta_probabilities/coronacases_006_slice_0142.npy,0.05,0,0,65536,0,0,1.0,False
coronacases_006,143,/kaggle/working/scribble-uncertainty-lung-segmentation/data/pseudo_labels/teacher_tta_labels/coronacases_006_slice_0143.npy,/kaggle/working/scribble-uncertainty-lung-segmentation/data/pseudo_labels/teacher_tta_confidence/coronacases_006_slice_0143.npy,/kaggle/working/scribble-uncertainty-lung-segmentation/outputs/predictions/teacher_tta_probabilities/coronacases_006_slice_0143.npy,0.05,0,0,65536,0,0,1.0,False
coronacases_006,144,/kaggle/working/scribble-uncertainty-lung-segmentation/data/pseudo_labels/teacher_tta_labels/coronacases_006_slice_0144.npy,/kaggle/working/scribble-uncertainty-lung-segmentation/data/pseudo_labels/teacher_tta_confidence/coronacases_006_slice_0144.npy,/kaggle/working/scribble-uncertainty-lung-segmentation/outputs/predictions/teacher_tta_probabilities/coronacases_006_slice_0144.npy,0.05,0,0,65536,0,0,1.0,False
coronacases_006,145,/kaggle/working/scribble-uncertainty-lung-segmentation/data/pseudo_labels/teacher_tta_labels/coronacases_006_slice_0145.npy,/kaggle/working/scribble-uncertainty-lung-segmentation/data/pseudo_labels/teacher_tta_confidence/coronacases_006_slice_0145.npy,/kaggle/working/scribble-uncertainty-lung-segmentation/outputs/predictions/teacher_tta_probabilities/coronacases_006_slice_0145.npy,0.05,0,0,65536,0,0,1.0,False
coronacases_006,146,/kaggle/working/scribble-uncertainty-lung-segmentation/data/pseudo_labels/teacher_tta_labels/coronacases_006_slice_0146.npy,/kaggle/working/scribble-uncertainty-lung-segmentation/data/pseudo_labels/teacher_tta_confidence/coronacases_006_slice_0146.npy,/kaggle/working/scribble-uncertainty-lung-segmentation/outputs/predictions/teacher_tta_probabilities/coronacases_006_slice_0146.npy,0.05,0,0,65536,0,0,1.0,False
coronacases_006,147,/kaggle/working/scribble-uncertainty-lung-segmentation/data/pseudo_labels/teacher_tta_labels/coronacases_006_slice_0147.npy,/kaggle/working/scribble-uncertainty-lung-segmentation/data/pseudo_labels/teacher_tta_confidence/coronacases_006_slice_0147.npy,/kaggle/working/scribble-uncertainty-lung-segmentation/outputs/predictions/teacher_tta_probabilities/coronacases_006_slice_0147.npy,0.05,0,0,65536,0,0,1.0,False
coronacases_006,148,/kaggle/working/scribble-uncertainty-lung-segmentation/data/pseudo_labels/teacher_tta_labels/coronacases_006_slice_0148.npy,/kaggle/working/scribble-uncertainty-lung-segmentation/data/pseudo_labels/teacher_tta_confidence/coronacases_006_slice_0148.npy,/kaggle/working/scribble-uncertainty-lung-segmentation/outputs/predictions/teacher_tta_probabilities/coronacases_006_slice_0148.npy,0.05,0,0,65536,0,0,1.0,False
coronacases_006,149,/kaggle/working/scribble-uncertainty-lung-segmentation/data/pseudo_labels/teacher_tta_labels/coronacases_006_slice_0149.npy,/kaggle/working/scribble-uncertainty-lung-segmentation/data/pseudo_labels/teacher_tta_confidence/coronacases_006_slice_0149.npy,/kaggle/working/scribble-uncertainty-lung-segmentation/outputs/predictions/teacher_tta_probabilities/coronacases_006_slice_0149.npy,0.05,0,0,65536,0,0,1.0,False
coronacases_006,150,/kaggle/working/scribble-uncertainty-lung-segmentation/data/pseudo_labels/teacher_tta_labels/coronacases_006_slice_0150.npy,/kaggle/working/scribble-uncertainty-lung-segmentation/data/pseudo_labels/teacher_tta_confidence/coronacases_006_slice_0150.npy,/kaggle/working/scribble-uncertainty-lung-segmentation/outputs/predictions/teacher_tta_probabilities/coronacases_006_slice_0150.npy,0.05,0,0,65536,0,0,1.0,False
coronacases_006,151,/kaggle/working/scribble-uncertainty-lung-segmentation/data/pseudo_labels/teacher_tta_labels/coronacases_006_slice_0151.npy,/kaggle/working/scribble-uncertainty-lung-segmentation/data/pseudo_labels/teacher_tta_confidence/coronacases_006_slice_0151.npy,/kaggle/working/scribble-uncertainty-lung-segmentation/outputs/predictions/teacher_tta_probabilities/coronacases_006_slice_0151.npy,0.05,0,0,65536,0,0,1.0,False
coronacases_006,152,/kaggle/working/scribble-uncertainty-lung-segmentation/data/pseudo_labels/teacher_tta_labels/coronacases_006_slice_0152.npy,/kaggle/working/scribble-uncertainty-lung-segmentation/data/pseudo_labels/teacher_tta_confidence/coronacases_006_slice_0152.npy,/kaggle/working/scribble-uncertainty-lung-segmentation/outputs/predictions/teacher_tta_probabilities/coronacases_006_slice_0152.npy,0.05,0,0,65536,0,0,1.0,False
coronacases_006,153,/kaggle/working/scribble-uncertainty-lung-segmentation/data/pseudo_labels/teacher_tta_labels/coronacases_006_slice_0153.npy,/kaggle/working/scribble-uncertainty-lung-segmentation/data/pseudo_labels/teacher_tta_confidence/coronacases_006_slice_0153.npy,/kaggle/working/scribble-uncertainty-lung-segmentation/outputs/predictions/teacher_tta_probabilities/coronacases_006_slice_0153.npy,0.05,0,0,65536,0,0,1.0,False
coronacases_006,154,/kaggle/working/scribble-uncertainty-lung-segmentation/data/pseudo_labels/teacher_tta_labels/coronacases_006_slice_0154.npy,/kaggle/working/scribble-uncertainty-lung-segmentation/data/pseudo_labels/teacher_tta_confidence/coronacases_006_slice_0154.npy,/kaggle/working/scribble-uncertainty-lung-segmentation/outputs/predictions/teacher_tta_probabilities/coronacases_006_slice_0154.npy,0.05,0,0,65536,0,0,1.0,False
coronacases_006,155,/kaggle/working/scribble-uncertainty-lung-segmentation/data/pseudo_labels/teacher_tta_labels/coronacases_006_slice_0155.npy,/kaggle/working/scribble-uncertainty-lung-segmentation/data/pseudo_labels/teacher_tta_confidence/coronacases_006_slice_0155.npy,/kaggle/working/scribble-uncertainty-lung-segmentation/outputs/predictions/teacher_tta_probabilities/coronacases_006_slice_0155.npy,0.05,0,0,65536,0,0,1.0,False
coronacases_006,156,/kaggle/working/scribble-uncertainty-lung-segmentation/data/pseudo_labels/teacher_tta_labels/coronacases_006_slice_0156.npy,/kaggle/working/scribble-uncertainty-lung-segmentation/data/pseudo_labels/teacher_tta_confidence/coronacases_006_slice_0156.npy,/kaggle/working/scribble-uncertainty-lung-segmentation/outputs/predictions/teacher_tta_probabilities/coronacases_006_slice_0156.npy,0.05,0,0,65536,0,0,1.0,False
coronacases_006,157,/kaggle/working/scribble-uncertainty-lung-segmentation/data/pseudo_labels/teacher_tta_labels/coronacases_006_slice_0157.npy,/kaggle/working/scribble-uncertainty-lung-segmentation/data/pseudo_labels/teacher_tta_confidence/coronacases_006_slice_0157.npy,/kaggle/working/scribble-uncertainty-lung-segmentation/outputs/predictions/teacher_tta_probabilities/coronacases_006_slice_0157.npy,0.05,0,0,65536,0,0,1.0,False
coronacases_006,158,/kaggle/working/scribble-uncertainty-lung-segmentation/data/pseudo_labels/teacher_tta_labels/coronacases_006_slice_0158.npy,/kaggle/working/scribble-uncertainty-lung-segmentation/data/pseudo_labels/teacher_tta_confidence/coronacases_006_slice_0158.npy,/kaggle/working/scribble-uncertainty-lung-segmentation/outputs/predictions/teacher_tta_probabilities/coronacases_006_slice_0158.npy,0.05,0,0,65536,0,0,1.0,False
coronacases_006,159,/kaggle/working/scribble-uncertainty-lung-segmentation/data/pseudo_labels/teacher_tta_labels/coronacases_006_slice_0159.npy,/kaggle/working/scribble-uncertainty-lung-segmentation/data/pseudo_labels/teacher_tta_confidence/coronacases_006_slice_0159.npy,/kaggle/working/scribble-uncertainty-lung-segmentation/outputs/predictions/teacher_tta_probabilities/coronacases_006_slice_0159.npy,0.05,0,0,65536,0,0,1.0,False
coronacases_006,160,/kaggle/working/scribble-uncertainty-lung-segmentation/data/pseudo_labels/teacher_tta_labels/coronacases_006_slice_0160.npy,/kaggle/working/scribble-uncertainty-lung-segmentation/data/pseudo_labels/teacher_tta_confidence/coronacases_006_slice_0160.npy,/kaggle/working/scribble-uncertainty-lung-segmentation/outputs/predictions/teacher_tta_probabilities/coronacases_006_slice_0160.npy,0.05,0,0,65536,0,0,1.0,False
coronacases_006,161,/kaggle/working/scribble-uncertainty-lung-segmentation/data/pseudo_labels/teacher_tta_labels/coronacases_006_slice_0161.npy,/kaggle/working/scribble-uncertainty-lung-segmentation/data/pseudo_labels/teacher_tta_confidence/coronacases_006_slice_0161.npy,/kaggle/working/scribble-uncertainty-lung-segmentation/outputs/predictions/teacher_tta_probabilities/coronacases_006_slice_0161.npy,0.05,0,0,65536,0,0,1.0,False
coronacases_006,162,/kaggle/working/scribble-uncertainty-lung-segmentation/data/pseudo_labels/teacher_tta_labels/coronacases_006_slice_0162.npy,/kaggle/working/scribble-uncertainty-lung-segmentation/data/pseudo_labels/teacher_tta_confidence/coronacases_006_slice_0162.npy,/kaggle/working/scribble-uncertainty-lung-segmentation/outputs/predictions/teacher_tta_probabilities/coronacases_006_slice_0162.npy,0.05,0,0,65536,0,0,1.0,False
coronacases_006,163,/kaggle/working/scribble-uncertainty-lung-segmentation/data/pseudo_labels/teacher_tta_labels/coronacases_006_slice_0163.npy,/kaggle/working/scribble-uncertainty-lung-segmentation/data/pseudo_labels/teacher_tta_confidence/coronacases_006_slice_0163.npy,/kaggle/working/scribble-uncertainty-lung-segmentation/outputs/predictions/teacher_tta_probabilities/coronacases_006_slice_0163.npy,0.05,0,0,65536,0,0,1.0,False
coronacases_006,164,/kaggle/working/scribble-uncertainty-lung-segmentation/data/pseudo_labels/teacher_tta_labels/coronacases_006_slice_0164.npy,/kaggle/working/scribble-uncertainty-lung-segmentation/data/pseudo_labels/teacher_tta_confidence/coronacases_006_slice_0164.npy,/kaggle/working/scribble-uncertainty-lung-segmentation/outputs/predictions/teacher_tta_probabilities/coronacases_006_slice_0164.npy,0.05,0,0,65536,0,0,1.0,False
coronacases_006,165,/kaggle/working/scribble-uncertainty-lung-segmentation/data/pseudo_labels/teacher_tta_labels/coronacases_006_slice_0165.npy,/kaggle/working/scribble-uncertainty-lung-segmentation/data/pseudo_labels/teacher_tta_confidence/coronacases_006_slice_0165.npy,/kaggle/working/scribble-uncertainty-lung-segmentation/outputs/predictions/teacher_tta_probabilities/coronacases_006_slice_0165.npy,0.05,0,0,65536,0,0,1.0,False
coronacases_006,166,/kaggle/working/scribble-uncertainty-lung-segmentation/data/pseudo_labels/teacher_tta_labels/coronacases_006_slice_0166.npy,/kaggle/working/scribble-uncertainty-lung-segmentation/data/pseudo_labels/teacher_tta_confidence/coronacases_006_slice_0166.npy,/kaggle/working/scribble-uncertainty-lung-segmentation/outputs/predictions/teacher_tta_probabilities/coronacases_006_slice_0166.npy,0.05,0,0,65536,0,0,1.0,False
coronacases_006,167,/kaggle/working/scribble-uncertainty-lung-segmentation/data/pseudo_labels/teacher_tta_labels/coronacases_006_slice_0167.npy,/kaggle/working/scribble-uncertainty-lung-segmentation/data/pseudo_labels/teacher_tta_confidence/coronacases_006_slice_0167.npy,/kaggle/working/scribble-uncertainty-lung-segmentation/outputs/predictions/teacher_tta_probabilities/coronacases_006_slice_0167.npy,0.05,0,0,65536,0,0,1.0,False
coronacases_006,168,/kaggle/working/scribble-uncertainty-lung-segmentation/data/pseudo_labels/teacher_tta_labels/coronacases_006_slice_0168.npy,/kaggle/working/scribble-uncertainty-lung-segmentation/data/pseudo_labels/teacher_tta_confidence/coronacases_006_slice_0168.npy,/kaggle/working/scribble-uncertainty-lung-segmentation/outputs/predictions/teacher_tta_probabilities/coronacases_006_slice_0168.npy,0.05,0,0,65536,0,0,1.0,False
coronacases_006,169,/kaggle/working/scribble-uncertainty-lung-segmentation/data/pseudo_labels/teacher_tta_labels/coronacases_006_slice_0169.npy,/kaggle/working/scribble-uncertainty-lung-segmentation/data/pseudo_labels/teacher_tta_confidence/coronacases_006_slice_0169.npy,/kaggle/working/scribble-uncertainty-lung-segmentation/outputs/predictions/teacher_tta_probabilities/coronacases_006_slice_0169.npy,0.05,0,0,65536,0,0,1.0,False
coronacases_006,170,/kaggle/working/scribble-uncertainty-lung-segmentation/data/pseudo_labels/teacher_tta_labels/coronacases_006_slice_0170.npy,/kaggle/working/scribble-uncertainty-lung-segmentation/data/pseudo_labels/teacher_tta_confidence/coronacases_006_slice_0170.npy,/kaggle/working/scribble-uncertainty-lung-segmentation/outputs/predictions/teacher_tta_probabilities/coronacases_006_slice_0170.npy,0.05,0,0,65536,0,0,1.0,False
coronacases_006,171,/kaggle/working/scribble-uncertainty-lung-segmentation/data/pseudo_labels/teacher_tta_labels/coronacases_006_slice_0171.npy,/kaggle/working/scribble-uncertainty-lung-segmentation/data/pseudo_labels/teacher_tta_confidence/coronacases_006_slice_0171.npy,/kaggle/working/scribble-uncertainty-lung-segmentation/outputs/predictions/teacher_tta_probabilities/coronacases_006_slice_0171.npy,0.05,0,0,65536,0,0,1.0,False
coronacases_006,172,/kaggle/working/scribble-uncertainty-lung-segmentation/data/pseudo_labels/teacher_tta_labels/coronacases_006_slice_0172.npy,/kaggle/working/scribble-uncertainty-lung-segmentation/data/pseudo_labels/teacher_tta_confidence/coronacases_006_slice_0172.npy,/kaggle/working/scribble-uncertainty-lung-segmentation/outputs/predictions/teacher_tta_probabilities/coronacases_006_slice_0172.npy,0.05,0,0,65536,0,0,1.0,False
coronacases_006,173,/kaggle/working/scribble-uncertainty-lung-segmentation/data/pseudo_labels/teacher_tta_labels/coronacases_006_slice_0173.npy,/kaggle/working/scribble-uncertainty-lung-segmentation/data/pseudo_labels/teacher_tta_confidence/coronacases_006_slice_0173.npy,/kaggle/working/scribble-uncertainty-lung-segmentation/outputs/predictions/teacher_tta_probabilities/coronacases_006_slice_0173.npy,0.05,0,0,65536,0,0,1.0,False
coronacases_006,174,/kaggle/working/scribble-uncertainty-lung-segmentation/data/pseudo_labels/teacher_tta_labels/coronacases_006_slice_0174.npy,/kaggle/working/scribble-uncertainty-lung-segmentation/data/pseudo_labels/teacher_tta_confidence/coronacases_006_slice_0174.npy,/kaggle/working/scribble-uncertainty-lung-segmentation/outputs/predictions/teacher_tta_probabilities/coronacases_006_slice_0174.npy,0.05,0,0,65536,0,0,1.0,False
coronacases_006,175,/kaggle/working/scribble-uncertainty-lung-segmentation/data/pseudo_labels/teacher_tta_labels/coronacases_006_slice_0175.npy,/kaggle/working/scribble-uncertainty-lung-segmentation/data/pseudo_labels/teacher_tta_confidence/coronacases_006_slice_0175.npy,/kaggle/working/scribble-uncertainty-lung-segmentation/outputs/predictions/teacher_tta_probabilities/coronacases_006_slice_0175.npy,0.05,0,10,65536,0,0,9.99999993922529e-09,False
coronacases_006,176,/kaggle/working/scribble-uncertainty-lung-segmentation/data/pseudo_labels/teacher_tta_labels/coronacases_006_slice_0176.npy,/kaggle/working/scribble-uncertainty-lung-segmentation/data/pseudo_labels/teacher_tta_confidence/coronacases_006_slice_0176.npy,/kaggle/working/scribble-uncertainty-lung-segmentation/outputs/predictions/teacher_tta_probabilities/coronacases_006_slice_0176.npy,0.05,0,20,65536,0,0,4.999999969612645e-09,False
coronacases_006,177,/kaggle/working/scribble-uncertainty-lung-segmentation/data/pseudo_labels/teacher_tta_labels/coronacases_006_slice_0177.npy,/kaggle/working/scribble-uncertainty-lung-segmentation/data/pseudo_labels/teacher_tta_confidence/coronacases_006_slice_0177.npy,/kaggle/working/scribble-uncertainty-lung-segmentation/outputs/predictions/teacher_tta_probabilities/coronacases_006_slice_0177.npy,0.05,0,0,65536,0,0,1.0,False
coronacases_006,178,/kaggle/working/scribble-uncertainty-lung-segmentation/data/pseudo_labels/teacher_tta_labels/coronacases_006_slice_0178.npy,/kaggle/working/scribble-uncertainty-lung-segmentation/data/pseudo_labels/teacher_tta_confidence/coronacases_006_slice_0178.npy,/kaggle/working/scribble-uncertainty-lung-segmentation/outputs/predictions/teacher_tta_probabilities/coronacases_006_slice_0178.npy,0.05,0,0,65536,0,0,1.0,False
coronacases_006,179,/kaggle/working/scribble-uncertainty-lung-segmentation/data/pseudo_labels/teacher_tta_labels/coronacases_006_slice_0179.npy,/kaggle/working/scribble-uncertainty-lung-segmentation/data/pseudo_labels/teacher_tta_confidence/coronacases_006_slice_0179.npy,/kaggle/working/scribble-uncertainty-lung-segmentation/outputs/predictions/teacher_tta_probabilities/coronacases_006_slice_0179.npy,0.05,0,0,65536,0,0,1.0,False
coronacases_006,180,/kaggle/working/scribble-uncertainty-lung-segmentation/data/pseudo_labels/teacher_tta_labels/coronacases_006_slice_0180.npy,/kaggle/working/scribble-uncertainty-lung-segmentation/data/pseudo_labels/teacher_tta_confidence/coronacases_006_slice_0180.npy,/kaggle/working/scribble-uncertainty-lung-segmentation/outputs/predictions/teacher_tta_probabilities/coronacases_006_slice_0180.npy,0.05,0,6,65536,0,0,1.666666626931601e-08,False
coronacases_006,181,/kaggle/working/scribble-uncertainty-lung-segmentation/data/pseudo_labels/teacher_tta_labels/coronacases_006_slice_0181.npy,/kaggle/working/scribble-uncertainty-lung-segmentation/data/pseudo_labels/teacher_tta_confidence/coronacases_006_slice_0181.npy,/kaggle/working/scribble-uncertainty-lung-segmentation/outputs/predictions/teacher_tta_probabilities/coronacases_006_slice_0181.npy,0.05,0,0,65536,0,0,1.0,False
coronacases_006,182,/kaggle/working/scribble-uncertainty-lung-segmentation/data/pseudo_labels/teacher_tta_labels/coronacases_006_slice_0182.npy,/kaggle/working/scribble-uncertainty-lung-segmentation/data/pseudo_labels/teacher_tta_confidence/coronacases_006_slice_0182.npy,/kaggle/working/scribble-uncertainty-lung-segmentation/outputs/predictions/teacher_tta_probabilities/coronacases_006_slice_0182.npy,0.05,0,0,65536,0,0,1.0,False
coronacases_006,183,/kaggle/working/scribble-uncertainty-lung-segmentation/data/pseudo_labels/teacher_tta_labels/coronacases_006_slice_0183.npy,/kaggle/working/scribble-uncertainty-lung-segmentation/data/pseudo_labels/teacher_tta_confidence/coronacases_006_slice_0183.npy,/kaggle/working/scribble-uncertainty-lung-segmentation/outputs/predictions/teacher_tta_probabilities/coronacases_006_slice_0183.npy,0.05,0,0,65536,0,0,1.0,False
coronacases_006,184,/kaggle/working/scribble-uncertainty-lung-segmentation/data/pseudo_labels/teacher_tta_labels/coronacases_006_slice_0184.npy,/kaggle/working/scribble-uncertainty-lung-segmentation/data/pseudo_labels/teacher_tta_confidence/coronacases_006_slice_0184.npy,/kaggle/working/scribble-uncertainty-lung-segmentation/outputs/predictions/teacher_tta_probabilities/coronacases_006_slice_0184.npy,0.05,0,0,65536,0,0,1.0,False
coronacases_006,185,/kaggle/working/scribble-uncertainty-lung-segmentation/data/pseudo_labels/teacher_tta_labels/coronacases_006_slice_0185.npy,/kaggle/working/scribble-uncertainty-lung-segmentation/data/pseudo_labels/teacher_tta_confidence/coronacases_006_slice_0185.npy,/kaggle/working/scribble-uncertainty-lung-segmentation/outputs/predictions/teacher_tta_probabilities/coronacases_006_slice_0185.npy,0.05,0,0,65536,0,0,1.0,False
coronacases_006,186,/kaggle/working/scribble-uncertainty-lung-segmentation/data/pseudo_labels/teacher_tta_labels/coronacases_006_slice_0186.npy,/kaggle/working/scribble-uncertainty-lung-segmentation/data/pseudo_labels/teacher_tta_confidence/coronacases_006_slice_0186.npy,/kaggle/working/scribble-uncertainty-lung-segmentation/outputs/predictions/teacher_tta_probabilities/coronacases_006_slice_0186.npy,0.05,0,0,65536,0,0,1.0,False
coronacases_006,187,/kaggle/working/scribble-uncertainty-lung-segmentation/data/pseudo_labels/teacher_tta_labels/coronacases_006_slice_0187.npy,/kaggle/working/scribble-uncertainty-lung-segmentation/data/pseudo_labels/teacher_tta_confidence/coronacases_006_slice_0187.npy,/kaggle/working/scribble-uncertainty-lung-segmentation/outputs/predictions/teacher_tta_probabilities/coronacases_006_slice_0187.npy,0.05,0,0,65536,0,0,1.0,False
coronacases_006,188,/kaggle/working/scribble-uncertainty-lung-segmentation/data/pseudo_labels/teacher_tta_labels/coronacases_006_slice_0188.npy,/kaggle/working/scribble-uncertainty-lung-segmentation/data/pseudo_labels/teacher_tta_confidence/coronacases_006_slice_0188.npy,/kaggle/working/scribble-uncertainty-lung-segmentation/outputs/predictions/teacher_tta_probabilities/coronacases_006_slice_0188.npy,0.05,0,0,65536,0,0,1.0,False
coronacases_006,189,/kaggle/working/scribble-uncertainty-lung-segmentation/data/pseudo_labels/teacher_tta_labels/coronacases_006_slice_0189.npy,/kaggle/working/scribble-uncertainty-lung-segmentation/data/pseudo_labels/teacher_tta_confidence/coronacases_006_slice_0189.npy,/kaggle/working/scribble-uncertainty-lung-segmentation/outputs/predictions/teacher_tta_probabilities/coronacases_006_slice_0189.npy,0.05,0,0,65536,0,0,1.0,False
coronacases_006,190,/kaggle/working/scribble-uncertainty-lung-segmentation/data/pseudo_labels/teacher_tta_labels/coronacases_006_slice_0190.npy,/kaggle/working/scribble-uncertainty-lung-segmentation/data/pseudo_labels/teacher_tta_confidence/coronacases_006_slice_0190.npy,/kaggle/working/scribble-uncertainty-lung-segmentation/outputs/predictions/teacher_tta_probabilities/coronacases_006_slice_0190.npy,0.05,0,0,65536,0,0,1.0,False
coronacases_006,191,/kaggle/working/scribble-uncertainty-lung-segmentation/data/pseudo_labels/teacher_tta_labels/coronacases_006_slice_0191.npy,/kaggle/working/scribble-uncertainty-lung-segmentation/data/pseudo_labels/teacher_tta_confidence/coronacases_006_slice_0191.npy,/kaggle/working/scribble-uncertainty-lung-segmentation/outputs/predictions/teacher_tta_probabilities/coronacases_006_slice_0191.npy,0.05,0,0,65536,0,0,1.0,False
coronacases_006,192,/kaggle/working/scribble-uncertainty-lung-segmentation/data/pseudo_labels/teacher_tta_labels/coronacases_006_slice_0192.npy,/kaggle/working/scribble-uncertainty-lung-segmentation/data/pseudo_labels/teacher_tta_confidence/coronacases_006_slice_0192.npy,/kaggle/working/scribble-uncertainty-lung-segmentation/outputs/predictions/teacher_tta_probabilities/coronacases_006_slice_0192.npy,0.05,0,0,65536,0,0,1.0,False
coronacases_006,193,/kaggle/working/scribble-uncertainty-lung-segmentation/data/pseudo_labels/teacher_tta_labels/coronacases_006_slice_0193.npy,/kaggle/working/scribble-uncertainty-lung-segmentation/data/pseudo_labels/teacher_tta_confidence/coronacases_006_slice_0193.npy,/kaggle/working/scribble-uncertainty-lung-segmentation/outputs/predictions/teacher_tta_probabilities/coronacases_006_slice_0193.npy,0.05,0,0,65536,0,0,1.0,False
coronacases_006,194,/kaggle/working/scribble-uncertainty-lung-segmentation/data/pseudo_labels/teacher_tta_labels/coronacases_006_slice_0194.npy,/kaggle/working/scribble-uncertainty-lung-segmentation/data/pseudo_labels/teacher_tta_confidence/coronacases_006_slice_0194.npy,/kaggle/working/scribble-uncertainty-lung-segmentation/outputs/predictions/teacher_tta_probabilities/coronacases_006_slice_0194.npy,0.05,0,0,65536,0,0,1.0,False
coronacases_006,195,/kaggle/working/scribble-uncertainty-lung-segmentation/data/pseudo_labels/teacher_tta_labels/coronacases_006_slice_0195.npy,/kaggle/working/scribble-uncertainty-lung-segmentation/data/pseudo_labels/teacher_tta_confidence/coronacases_006_slice_0195.npy,/kaggle/working/scribble-uncertainty-lung-segmentation/outputs/predictions/teacher_tta_probabilities/coronacases_006_slice_0195.npy,0.05,0,0,65536,0,0,1.0,False
coronacases_007,11,/kaggle/working/scribble-uncertainty-lung-segmentation/data/pseudo_labels/teacher_tta_labels/coronacases_007_slice_0011.npy,/kaggle/working/scribble-uncertainty-lung-segmentation/data/pseudo_labels/teacher_tta_confidence/coronacases_007_slice_0011.npy,/kaggle/working/scribble-uncertainty-lung-segmentation/outputs/predictions/teacher_tta_probabilities/coronacases_007_slice_0011.npy,0.05,0,0,65536,0,0,1.0,False
coronacases_007,12,/kaggle/working/scribble-uncertainty-lung-segmentation/data/pseudo_labels/teacher_tta_labels/coronacases_007_slice_0012.npy,/kaggle/working/scribble-uncertainty-lung-segmentation/data/pseudo_labels/teacher_tta_confidence/coronacases_007_slice_0012.npy,/kaggle/working/scribble-uncertainty-lung-segmentation/outputs/predictions/teacher_tta_probabilities/coronacases_007_slice_0012.npy,0.05,0,0,65536,0,0,1.0,False
coronacases_007,13,/kaggle/working/scribble-uncertainty-lung-segmentation/data/pseudo_labels/teacher_tta_labels/coronacases_007_slice_0013.npy,/kaggle/working/scribble-uncertainty-lung-segmentation/data/pseudo_labels/teacher_tta_confidence/coronacases_007_slice_0013.npy,/kaggle/working/scribble-uncertainty-lung-segmentation/outputs/predictions/teacher_tta_probabilities/coronacases_007_slice_0013.npy,0.05,0,0,65536,0,0,1.0,False
coronacases_007,14,/kaggle/working/scribble-uncertainty-lung-segmentation/data/pseudo_labels/teacher_tta_labels/coronacases_007_slice_0014.npy,/kaggle/working/scribble-uncertainty-lung-segmentation/data/pseudo_labels/teacher_tta_confidence/coronacases_007_slice_0014.npy,/kaggle/working/scribble-uncertainty-lung-segmentation/outputs/predictions/teacher_tta_probabilities/coronacases_007_slice_0014.npy,0.05,0,0,65536,0,0,1.0,False
coronacases_007,15,/kaggle/working/scribble-uncertainty-lung-segmentation/data/pseudo_labels/teacher_tta_labels/coronacases_007_slice_0015.npy,/kaggle/working/scribble-uncertainty-lung-segmentation/data/pseudo_labels/teacher_tta_confidence/coronacases_007_slice_0015.npy,/kaggle/working/scribble-uncertainty-lung-segmentation/outputs/predictions/teacher_tta_probabilities/coronacases_007_slice_0015.npy,0.05,0,0,65536,0,0,1.0,False
coronacases_007,16,/kaggle/working/scribble-uncertainty-lung-segmentation/data/pseudo_labels/teacher_tta_labels/coronacases_007_slice_0016.npy,/kaggle/working/scribble-uncertainty-lung-segmentation/data/pseudo_labels/teacher_tta_confidence/coronacases_007_slice_0016.npy,/kaggle/working/scribble-uncertainty-lung-segmentation/outputs/predictions/teacher_tta_probabilities/coronacases_007_slice_0016.npy,0.05,0,0,65536,0,0,1.0,False
coronacases_007,17,/kaggle/working/scribble-uncertainty-lung-segmentation/data/pseudo_labels/teacher_tta_labels/coronacases_007_slice_0017.npy,/kaggle/working/scribble-uncertainty-lung-segmentation/data/pseudo_labels/teacher_tta_confidence/coronacases_007_slice_0017.npy,/kaggle/working/scribble-uncertainty-lung-segmentation/outputs/predictions/teacher_tta_probabilities/coronacases_007_slice_0017.npy,0.05,0,0,65536,0,0,1.0,False
coronacases_007,18,/kaggle/working/scribble-uncertainty-lung-segmentation/data/pseudo_labels/teacher_tta_labels/coronacases_007_slice_0018.npy,/kaggle/working/scribble-uncertainty-lung-segmentation/data/pseudo_labels/teacher_tta_confidence/coronacases_007_slice_0018.npy,/kaggle/working/scribble-uncertainty-lung-segmentation/outputs/predictions/teacher_tta_probabilities/coronacases_007_slice_0018.npy,0.05,0,0,65536,0,0,1.0,False
coronacases_007,19,/kaggle/working/scribble-uncertainty-lung-segmentation/data/pseudo_labels/teacher_tta_labels/coronacases_007_slice_0019.npy,/kaggle/working/scribble-uncertainty-lung-segmentation/data/pseudo_labels/teacher_tta_confidence/coronacases_007_slice_0019.npy,/kaggle/working/scribble-uncertainty-lung-segmentation/outputs/predictions/teacher_tta_probabilities/coronacases_007_slice_0019.npy,0.05,0,0,65536,0,0,1.0,False
coronacases_007,20,/kaggle/working/scribble-uncertainty-lung-segmentation/data/pseudo_labels/teacher_tta_labels/coronacases_007_slice_0020.npy,/kaggle/working/scribble-uncertainty-lung-segmentation/data/pseudo_labels/teacher_tta_confidence/coronacases_007_slice_0020.npy,/kaggle/working/scribble-uncertainty-lung-segmentation/outputs/predictions/teacher_tta_probabilities/coronacases_007_slice_0020.npy,0.05,0,0,65536,0,0,1.0,False
coronacases_007,21,/kaggle/working/scribble-uncertainty-lung-segmentation/data/pseudo_labels/teacher_tta_labels/coronacases_007_slice_0021.npy,/kaggle/working/scribble-uncertainty-lung-segmentation/data/pseudo_labels/teacher_tta_confidence/coronacases_007_slice_0021.npy,/kaggle/working/scribble-uncertainty-lung-segmentation/outputs/predictions/teacher_tta_probabilities/coronacases_007_slice_0021.npy,0.05,0,0,65536,0,0,1.0,False
coronacases_007,22,/kaggle/working/scribble-uncertainty-lung-segmentation/data/pseudo_labels/teacher_tta_labels/coronacases_007_slice_0022.npy,/kaggle/working/scribble-uncertainty-lung-segmentation/data/pseudo_labels/teacher_tta_confidence/coronacases_007_slice_0022.npy,/kaggle/working/scribble-uncertainty-lung-segmentation/outputs/predictions/teacher_tta_probabilities/coronacases_007_slice_0022.npy,0.05,0,0,65536,0,0,1.0,False
coronacases_007,23,/kaggle/working/scribble-uncertainty-lung-segmentation/data/pseudo_labels/teacher_tta_labels/coronacases_007_slice_0023.npy,/kaggle/working/scribble-uncertainty-lung-segmentation/data/pseudo_labels/teacher_tta_confidence/coronacases_007_slice_0023.npy,/kaggle/working/scribble-uncertainty-lung-segmentation/outputs/predictions/teacher_tta_probabilities/coronacases_007_slice_0023.npy,0.05,0,0,65536,0,0,1.0,False
coronacases_007,24,/kaggle/working/scribble-uncertainty-lung-segmentation/data/pseudo_labels/teacher_tta_labels/coronacases_007_slice_0024.npy,/kaggle/working/scribble-uncertainty-lung-segmentation/data/pseudo_labels/teacher_tta_confidence/coronacases_007_slice_0024.npy,/kaggle/working/scribble-uncertainty-lung-segmentation/outputs/predictions/teacher_tta_probabilities/coronacases_007_slice_0024.npy,0.05,0,0,65536,0,0,1.0,False
coronacases_007,25,/kaggle/working/scribble-uncertainty-lung-segmentation/data/pseudo_labels/teacher_tta_labels/coronacases_007_slice_0025.npy,/kaggle/working/scribble-uncertainty-lung-segmentation/data/pseudo_labels/teacher_tta_confidence/coronacases_007_slice_0025.npy,/kaggle/working/scribble-uncertainty-lung-segmentation/outputs/predictions/teacher_tta_probabilities/coronacases_007_slice_0025.npy,0.05,0,0,65536,0,0,1.0,False
coronacases_007,26,/kaggle/working/scribble-uncertainty-lung-segmentation/data/pseudo_labels/teacher_tta_labels/coronacases_007_slice_0026.npy,/kaggle/working/scribble-uncertainty-lung-segmentation/data/pseudo_labels/teacher_tta_confidence/coronacases_007_slice_0026.npy,/kaggle/working/scribble-uncertainty-lung-segmentation/outputs/predictions/teacher_tta_probabilities/coronacases_007_slice_0026.npy,0.05,0,0,65536,0,0,1.0,False
coronacases_007,27,/kaggle/working/scribble-uncertainty-lung-segmentation/data/pseudo_labels/teacher_tta_labels/coronacases_007_slice_0027.npy,/kaggle/working/scribble-uncertainty-lung-segmentation/data/pseudo_labels/teacher_tta_confidence/coronacases_007_slice_0027.npy,/kaggle/working/scribble-uncertainty-lung-segmentation/outputs/predictions/teacher_tta_probabilities/coronacases_007_slice_0027.npy,0.05,0,0,65536,0,0,1.0,False
coronacases_007,28,/kaggle/working/scribble-uncertainty-lung-segmentation/data/pseudo_labels/teacher_tta_labels/coronacases_007_slice_0028.npy,/kaggle/working/scribble-uncertainty-lung-segmentation/data/pseudo_labels/teacher_tta_confidence/coronacases_007_slice_0028.npy,/kaggle/working/scribble-uncertainty-lung-segmentation/outputs/predictions/teacher_tta_probabilities/coronacases_007_slice_0028.npy,0.05,0,0,65536,0,0,1.0,False
coronacases_007,29,/kaggle/working/scribble-uncertainty-lung-segmentation/data/pseudo_labels/teacher_tta_labels/coronacases_007_slice_0029.npy,/kaggle/working/scribble-uncertainty-lung-segmentation/data/pseudo_labels/teacher_tta_confidence/coronacases_007_slice_0029.npy,/kaggle/working/scribble-uncertainty-lung-segmentation/outputs/predictions/teacher_tta_probabilities/coronacases_007_slice_0029.npy,0.05,0,0,65536,0,0,1.0,False
coronacases_007,30,/kaggle/working/scribble-uncertainty-lung-segmentation/data/pseudo_labels/teacher_tta_labels/coronacases_007_slice_0030.npy,/kaggle/working/scribble-uncertainty-lung-segmentation/data/pseudo_labels/teacher_tta_confidence/coronacases_007_slice_0030.npy,/kaggle/working/scribble-uncertainty-lung-segmentation/outputs/predictions/teacher_tta_probabilities/coronacases_007_slice_0030.npy,0.05,0,0,65536,0,0,1.0,False
coronacases_007,31,/kaggle/working/scribble-uncertainty-lung-segmentation/data/pseudo_labels/teacher_tta_labels/coronacases_007_slice_0031.npy,/kaggle/working/scribble-uncertainty-lung-segmentation/data/pseudo_labels/teacher_tta_confidence/coronacases_007_slice_0031.npy,/kaggle/working/scribble-uncertainty-lung-segmentation/outputs/predictions/teacher_tta_probabilities/coronacases_007_slice_0031.npy,0.05,0,0,65536,0,0,1.0,False
coronacases_007,32,/kaggle/working/scribble-uncertainty-lung-segmentation/data/pseudo_labels/teacher_tta_labels/coronacases_007_slice_0032.npy,/kaggle/working/scribble-uncertainty-lung-segmentation/data/pseudo_labels/teacher_tta_confidence/coronacases_007_slice_0032.npy,/kaggle/working/scribble-uncertainty-lung-segmentation/outputs/predictions/teacher_tta_probabilities/coronacases_007_slice_0032.npy,0.05,0,3,65536,0,0,3.333333253863202e-08,False
coronacases_007,33,/kaggle/working/scribble-uncertainty-lung-segmentation/data/pseudo_labels/teacher_tta_labels/coronacases_007_slice_0033.npy,/kaggle/working/scribble-uncertainty-lung-segmentation/data/pseudo_labels/teacher_tta_confidence/coronacases_007_slice_0033.npy,/kaggle/working/scribble-uncertainty-lung-segmentation/outputs/predictions/teacher_tta_probabilities/coronacases_007_slice_0033.npy,0.05,0,7,65536,0,0,1.4285714833306429e-08,False
coronacases_007,34,/kaggle/working/scribble-uncertainty-lung-segmentation/data/pseudo_labels/teacher_tta_labels/coronacases_007_slice_0034.npy,/kaggle/working/scribble-uncertainty-lung-segmentation/data/pseudo_labels/teacher_tta_confidence/coronacases_007_slice_0034.npy,/kaggle/working/scribble-uncertainty-lung-segmentation/outputs/predictions/teacher_tta_probabilities/coronacases_007_slice_0034.npy,0.05,0,0,65536,0,0,1.0,False
coronacases_007,35,/kaggle/working/scribble-uncertainty-lung-segmentation/data/pseudo_labels/teacher_tta_labels/coronacases_007_slice_0035.npy,/kaggle/working/scribble-uncertainty-lung-segmentation/data/pseudo_labels/teacher_tta_confidence/coronacases_007_slice_0035.npy,/kaggle/working/scribble-uncertainty-lung-segmentation/outputs/predictions/teacher_tta_probabilities/coronacases_007_slice_0035.npy,0.05,0,0,65536,0,0,1.0,False
coronacases_007,36,/kaggle/working/scribble-uncertainty-lung-segmentation/data/pseudo_labels/teacher_tta_labels/coronacases_007_slice_0036.npy,/kaggle/working/scribble-uncertainty-lung-segmentation/data/pseudo_labels/teacher_tta_confidence/coronacases_007_slice_0036.npy,/kaggle/working/scribble-uncertainty-lung-segmentation/outputs/predictions/teacher_tta_probabilities/coronacases_007_slice_0036.npy,0.05,0,0,65536,0,0,1.0,False
coronacases_007,37,/kaggle/working/scribble-uncertainty-lung-segmentation/data/pseudo_labels/teacher_tta_labels/coronacases_007_slice_0037.npy,/kaggle/working/scribble-uncertainty-lung-segmentation/data/pseudo_labels/teacher_tta_confidence/coronacases_007_slice_0037.npy,/kaggle/working/scribble-uncertainty-lung-segmentation/outputs/predictions/teacher_tta_probabilities/coronacases_007_slice_0037.npy,0.05,0,0,65536,0,0,1.0,False
coronacases_007,38,/kaggle/working/scribble-uncertainty-lung-segmentation/data/pseudo_labels/teacher_tta_labels/coronacases_007_slice_0038.npy,/kaggle/working/scribble-uncertainty-lung-segmentation/data/pseudo_labels/teacher_tta_confidence/coronacases_007_slice_0038.npy,/kaggle/working/scribble-uncertainty-lung-segmentation/outputs/predictions/teacher_tta_probabilities/coronacases_007_slice_0038.npy,0.05,0,0,65536,0,0,1.0,False
coronacases_007,39,/kaggle/working/scribble-uncertainty-lung-segmentation/data/pseudo_labels/teacher_tta_labels/coronacases_007_slice_0039.npy,/kaggle/working/scribble-uncertainty-lung-segmentation/data/pseudo_labels/teacher_tta_confidence/coronacases_007_slice_0039.npy,/kaggle/working/scribble-uncertainty-lung-segmentation/outputs/predictions/teacher_tta_probabilities/coronacases_007_slice_0039.npy,0.05,0,0,65536,0,0,1.0,False
coronacases_007,40,/kaggle/working/scribble-uncertainty-lung-segmentation/data/pseudo_labels/teacher_tta_labels/coronacases_007_slice_0040.npy,/kaggle/working/scribble-uncertainty-lung-segmentation/data/pseudo_labels/teacher_tta_confidence/coronacases_007_slice_0040.npy,/kaggle/working/scribble-uncertainty-lung-segmentation/outputs/predictions/teacher_tta_probabilities/coronacases_007_slice_0040.npy,0.05,0,0,65536,0,0,1.0,False
coronacases_007,41,/kaggle/working/scribble-uncertainty-lung-segmentation/data/pseudo_labels/teacher_tta_labels/coronacases_007_slice_0041.npy,/kaggle/working/scribble-uncertainty-lung-segmentation/data/pseudo_labels/teacher_tta_confidence/coronacases_007_slice_0041.npy,/kaggle/working/scribble-uncertainty-lung-segmentation/outputs/predictions/teacher_tta_probabilities/coronacases_007_slice_0041.npy,0.05,0,0,65536,0,0,1.0,False
coronacases_007,42,/kaggle/working/scribble-uncertainty-lung-segmentation/data/pseudo_labels/teacher_tta_labels/coronacases_007_slice_0042.npy,/kaggle/working/scribble-uncertainty-lung-segmentation/data/pseudo_labels/teacher_tta_confidence/coronacases_007_slice_0042.npy,/kaggle/working/scribble-uncertainty-lung-segmentation/outputs/predictions/teacher_tta_probabilities/coronacases_007_slice_0042.npy,0.05,0,0,65536,0,0,1.0,False
coronacases_007,43,/kaggle/working/scribble-uncertainty-lung-segmentation/data/pseudo_labels/teacher_tta_labels/coronacases_007_slice_0043.npy,/kaggle/working/scribble-uncertainty-lung-segmentation/data/pseudo_labels/teacher_tta_confidence/coronacases_007_slice_0043.npy,/kaggle/working/scribble-uncertainty-lung-segmentation/outputs/predictions/teacher_tta_probabilities/coronacases_007_slice_0043.npy,0.05,0,0,65536,0,0,1.0,False
coronacases_007,44,/kaggle/working/scribble-uncertainty-lung-segmentation/data/pseudo_labels/teacher_tta_labels/coronacases_007_slice_0044.npy,/kaggle/working/scribble-uncertainty-lung-segmentation/data/pseudo_labels/teacher_tta_confidence/coronacases_007_slice_0044.npy,/kaggle/working/scribble-uncertainty-lung-segmentation/outputs/predictions/teacher_tta_probabilities/coronacases_007_slice_0044.npy,0.05,0,0,65536,0,0,1.0,False
coronacases_007,45,/kaggle/working/scribble-uncertainty-lung-segmentation/data/pseudo_labels/teacher_tta_labels/coronacases_007_slice_0045.npy,/kaggle/working/scribble-uncertainty-lung-segmentation/data/pseudo_labels/teacher_tta_confidence/coronacases_007_slice_0045.npy,/kaggle/working/scribble-uncertainty-lung-segmentation/outputs/predictions/teacher_tta_probabilities/coronacases_007_slice_0045.npy,0.05,0,1,65536,0,0,9.999998695775503e-08,False
coronacases_007,46,/kaggle/working/scribble-uncertainty-lung-segmentation/data/pseudo_labels/teacher_tta_labels/coronacases_007_slice_0046.npy,/kaggle/working/scribble-uncertainty-lung-segmentation/data/pseudo_labels/teacher_tta_confidence/coronacases_007_slice_0046.npy,/kaggle/working/scribble-uncertainty-lung-segmentation/outputs/predictions/teacher_tta_probabilities/coronacases_007_slice_0046.npy,0.05,0,0,65536,0,0,1.0,False
coronacases_007,47,/kaggle/working/scribble-uncertainty-lung-segmentation/data/pseudo_labels/teacher_tta_labels/coronacases_007_slice_0047.npy,/kaggle/working/scribble-uncertainty-lung-segmentation/data/pseudo_labels/teacher_tta_confidence/coronacases_007_slice_0047.npy,/kaggle/working/scribble-uncertainty-lung-segmentation/outputs/predictions/teacher_tta_probabilities/coronacases_007_slice_0047.npy,0.05,0,0,65536,0,0,1.0,False
coronacases_007,48,/kaggle/working/scribble-uncertainty-lung-segmentation/data/pseudo_labels/teacher_tta_labels/coronacases_007_slice_0048.npy,/kaggle/working/scribble-uncertainty-lung-segmentation/data/pseudo_labels/teacher_tta_confidence/coronacases_007_slice_0048.npy,/kaggle/working/scribble-uncertainty-lung-segmentation/outputs/predictions/teacher_tta_probabilities/coronacases_007_slice_0048.npy,0.05,0,0,65536,0,0,1.0,False
coronacases_007,49,/kaggle/working/scribble-uncertainty-lung-segmentation/data/pseudo_labels/teacher_tta_labels/coronacases_007_slice_0049.npy,/kaggle/working/scribble-uncertainty-lung-segmentation/data/pseudo_labels/teacher_tta_confidence/coronacases_007_slice_0049.npy,/kaggle/working/scribble-uncertainty-lung-segmentation/outputs/predictions/teacher_tta_probabilities/coronacases_007_slice_0049.npy,0.05,0,0,65536,0,0,1.0,False
coronacases_007,50,/kaggle/working/scribble-uncertainty-lung-segmentation/data/pseudo_labels/teacher_tta_labels/coronacases_007_slice_0050.npy,/kaggle/working/scribble-uncertainty-lung-segmentation/data/pseudo_labels/teacher_tta_confidence/coronacases_007_slice_0050.npy,/kaggle/working/scribble-uncertainty-lung-segmentation/outputs/predictions/teacher_tta_probabilities/coronacases_007_slice_0050.npy,0.05,0,0,65536,0,0,1.0,False
coronacases_007,51,/kaggle/working/scribble-uncertainty-lung-segmentation/data/pseudo_labels/teacher_tta_labels/coronacases_007_slice_0051.npy,/kaggle/working/scribble-uncertainty-lung-segmentation/data/pseudo_labels/teacher_tta_confidence/coronacases_007_slice_0051.npy,/kaggle/working/scribble-uncertainty-lung-segmentation/outputs/predictions/teacher_tta_probabilities/coronacases_007_slice_0051.npy,0.05,0,0,65536,0,0,1.0,False
coronacases_007,52,/kaggle/working/scribble-uncertainty-lung-segmentation/data/pseudo_labels/teacher_tta_labels/coronacases_007_slice_0052.npy,/kaggle/working/scribble-uncertainty-lung-segmentation/data/pseudo_labels/teacher_tta_confidence/coronacases_007_slice_0052.npy,/kaggle/working/scribble-uncertainty-lung-segmentation/outputs/predictions/teacher_tta_probabilities/coronacases_007_slice_0052.npy,0.05,0,0,65536,0,0,1.0,False
coronacases_007,53,/kaggle/working/scribble-uncertainty-lung-segmentation/data/pseudo_labels/teacher_tta_labels/coronacases_007_slice_0053.npy,/kaggle/working/scribble-uncertainty-lung-segmentation/data/pseudo_labels/teacher_tta_confidence/coronacases_007_slice_0053.npy,/kaggle/working/scribble-uncertainty-lung-segmentation/outputs/predictions/teacher_tta_probabilities/coronacases_007_slice_0053.npy,0.05,0,0,65536,0,0,1.0,False
coronacases_007,54,/kaggle/working/scribble-uncertainty-lung-segmentation/data/pseudo_labels/teacher_tta_labels/coronacases_007_slice_0054.npy,/kaggle/working/scribble-uncertainty-lung-segmentation/data/pseudo_labels/teacher_tta_confidence/coronacases_007_slice_0054.npy,/kaggle/working/scribble-uncertainty-lung-segmentation/outputs/predictions/teacher_tta_probabilities/coronacases_007_slice_0054.npy,0.05,0,1,65536,0,0,9.999998695775503e-08,False
coronacases_007,55,/kaggle/working/scribble-uncertainty-lung-segmentation/data/pseudo_labels/teacher_tta_labels/coronacases_007_slice_0055.npy,/kaggle/working/scribble-uncertainty-lung-segmentation/data/pseudo_labels/teacher_tta_confidence/coronacases_007_slice_0055.npy,/kaggle/working/scribble-uncertainty-lung-segmentation/outputs/predictions/teacher_tta_probabilities/coronacases_007_slice_0055.npy,0.05,0,0,65536,0,0,1.0,False
coronacases_007,56,/kaggle/working/scribble-uncertainty-lung-segmentation/data/pseudo_labels/teacher_tta_labels/coronacases_007_slice_0056.npy,/kaggle/working/scribble-uncertainty-lung-segmentation/data/pseudo_labels/teacher_tta_confidence/coronacases_007_slice_0056.npy,/kaggle/working/scribble-uncertainty-lung-segmentation/outputs/predictions/teacher_tta_probabilities/coronacases_007_slice_0056.npy,0.05,0,4,65536,0,0,2.5000000292152436e-08,False
coronacases_007,57,/kaggle/working/scribble-uncertainty-lung-segmentation/data/pseudo_labels/teacher_tta_labels/coronacases_007_slice_0057.npy,/kaggle/working/scribble-uncertainty-lung-segmentation/data/pseudo_labels/teacher_tta_confidence/coronacases_007_slice_0057.npy,/kaggle/working/scribble-uncertainty-lung-segmentation/outputs/predictions/teacher_tta_probabilities/coronacases_007_slice_0057.npy,0.05,0,0,65536,0,0,1.0,False
coronacases_007,58,/kaggle/working/scribble-uncertainty-lung-segmentation/data/pseudo_labels/teacher_tta_labels/coronacases_007_slice_0058.npy,/kaggle/working/scribble-uncertainty-lung-segmentation/data/pseudo_labels/teacher_tta_confidence/coronacases_007_slice_0058.npy,/kaggle/working/scribble-uncertainty-lung-segmentation/outputs/predictions/teacher_tta_probabilities/coronacases_007_slice_0058.npy,0.05,0,4,65536,4,19,0.3478260934352875,True
coronacases_007,59,/kaggle/working/scribble-uncertainty-lung-segmentation/data/pseudo_labels/teacher_tta_labels/coronacases_007_slice_0059.npy,/kaggle/working/scribble-uncertainty-lung-segmentation/data/pseudo_labels/teacher_tta_confidence/coronacases_007_slice_0059.npy,/kaggle/working/scribble-uncertainty-lung-segmentation/outputs/predictions/teacher_tta_probabilities/coronacases_007_slice_0059.npy,0.05,0,11,65536,4,20,0.7096773982048035,True
coronacases_007,60,/kaggle/working/scribble-uncertainty-lung-segmentation/data/pseudo_labels/teacher_tta_labels/coronacases_007_slice_0060.npy,/kaggle/working/scribble-uncertainty-lung-segmentation/data/pseudo_labels/teacher_tta_confidence/coronacases_007_slice_0060.npy,/kaggle/working/scribble-uncertainty-lung-segmentation/outputs/predictions/teacher_tta_probabilities/coronacases_007_slice_0060.npy,0.05,0,12,65536,4,16,0.6428571343421936,True
coronacases_007,61,/kaggle/working/scribble-uncertainty-lung-segmentation/data/pseudo_labels/teacher_tta_labels/coronacases_007_slice_0061.npy,/kaggle/working/scribble-uncertainty-lung-segmentation/data/pseudo_labels/teacher_tta_confidence/coronacases_007_slice_0061.npy,/kaggle/working/scribble-uncertainty-lung-segmentation/outputs/predictions/teacher_tta_probabilities/coronacases_007_slice_0061.npy,0.05,0,6,65536,4,19,0.47999998927116394,True
coronacases_007,62,/kaggle/working/scribble-uncertainty-lung-segmentation/data/pseudo_labels/teacher_tta_labels/coronacases_007_slice_0062.npy,/kaggle/working/scribble-uncertainty-lung-segmentation/data/pseudo_labels/teacher_tta_confidence/coronacases_007_slice_0062.npy,/kaggle/working/scribble-uncertainty-lung-segmentation/outputs/predictions/teacher_tta_probabilities/coronacases_007_slice_0062.npy,0.05,0,4,65536,4,19,0.3478260934352875,True
coronacases_007,63,/kaggle/working/scribble-uncertainty-lung-segmentation/data/pseudo_labels/teacher_tta_labels/coronacases_007_slice_0063.npy,/kaggle/working/scribble-uncertainty-lung-segmentation/data/pseudo_labels/teacher_tta_confidence/coronacases_007_slice_0063.npy,/kaggle/working/scribble-uncertainty-lung-segmentation/outputs/predictions/teacher_tta_probabilities/coronacases_007_slice_0063.npy,0.05,0,4,65536,4,13,0.47058823704719543,True
coronacases_007,64,/kaggle/working/scribble-uncertainty-lung-segmentation/data/pseudo_labels/teacher_tta_labels/coronacases_007_slice_0064.npy,/kaggle/working/scribble-uncertainty-lung-segmentation/data/pseudo_labels/teacher_tta_confidence/coronacases_007_slice_0064.npy,/kaggle/working/scribble-uncertainty-lung-segmentation/outputs/predictions/teacher_tta_probabilities/coronacases_007_slice_0064.npy,0.05,0,19,65536,0,0,5.263157909496385e-09,False
coronacases_007,65,/kaggle/working/scribble-uncertainty-lung-segmentation/data/pseudo_labels/teacher_tta_labels/coronacases_007_slice_0065.npy,/kaggle/working/scribble-uncertainty-lung-segmentation/data/pseudo_labels/teacher_tta_confidence/coronacases_007_slice_0065.npy,/kaggle/working/scribble-uncertainty-lung-segmentation/outputs/predictions/teacher_tta_probabilities/coronacases_007_slice_0065.npy,0.05,0,0,65536,0,0,1.0,False
coronacases_007,66,/kaggle/working/scribble-uncertainty-lung-segmentation/data/pseudo_labels/teacher_tta_labels/coronacases_007_slice_0066.npy,/kaggle/working/scribble-uncertainty-lung-segmentation/data/pseudo_labels/teacher_tta_confidence/coronacases_007_slice_0066.npy,/kaggle/working/scribble-uncertainty-lung-segmentation/outputs/predictions/teacher_tta_probabilities/coronacases_007_slice_0066.npy,0.05,0,0,65536,0,0,1.0,False
coronacases_007,67,/kaggle/working/scribble-uncertainty-lung-segmentation/data/pseudo_labels/teacher_tta_labels/coronacases_007_slice_0067.npy,/kaggle/working/scribble-uncertainty-lung-segmentation/data/pseudo_labels/teacher_tta_confidence/coronacases_007_slice_0067.npy,/kaggle/working/scribble-uncertainty-lung-segmentation/outputs/predictions/teacher_tta_probabilities/coronacases_007_slice_0067.npy,0.05,0,1,65536,0,0,9.999998695775503e-08,False
coronacases_007,68,/kaggle/working/scribble-uncertainty-lung-segmentation/data/pseudo_labels/teacher_tta_labels/coronacases_007_slice_0068.npy,/kaggle/working/scribble-uncertainty-lung-segmentation/data/pseudo_labels/teacher_tta_confidence/coronacases_007_slice_0068.npy,/kaggle/working/scribble-uncertainty-lung-segmentation/outputs/predictions/teacher_tta_probabilities/coronacases_007_slice_0068.npy,0.05,0,0,65536,0,0,1.0,False
coronacases_007,69,/kaggle/working/scribble-uncertainty-lung-segmentation/data/pseudo_labels/teacher_tta_labels/coronacases_007_slice_0069.npy,/kaggle/working/scribble-uncertainty-lung-segmentation/data/pseudo_labels/teacher_tta_confidence/coronacases_007_slice_0069.npy,/kaggle/working/scribble-uncertainty-lung-segmentation/outputs/predictions/teacher_tta_probabilities/coronacases_007_slice_0069.npy,0.05,0,19,65536,0,0,5.263157909496385e-09,False
coronacases_007,70,/kaggle/working/scribble-uncertainty-lung-segmentation/data/pseudo_labels/teacher_tta_labels/coronacases_007_slice_0070.npy,/kaggle/working/scribble-uncertainty-lung-segmentation/data/pseudo_labels/teacher_tta_confidence/coronacases_007_slice_0070.npy,/kaggle/working/scribble-uncertainty-lung-segmentation/outputs/predictions/teacher_tta_probabilities/coronacases_007_slice_0070.npy,0.05,0,30,65536,0,0,3.333333387089965e-09,False
coronacases_007,71,/kaggle/working/scribble-uncertainty-lung-segmentation/data/pseudo_labels/teacher_tta_labels/coronacases_007_slice_0071.npy,/kaggle/working/scribble-uncertainty-lung-segmentation/data/pseudo_labels/teacher_tta_confidence/coronacases_007_slice_0071.npy,/kaggle/working/scribble-uncertainty-lung-segmentation/outputs/predictions/teacher_tta_probabilities/coronacases_007_slice_0071.npy,0.05,0,22,65536,0,0,4.545454679316663e-09,False
coronacases_007,72,/kaggle/working/scribble-uncertainty-lung-segmentation/data/pseudo_labels/teacher_tta_labels/coronacases_007_slice_0072.npy,/kaggle/working/scribble-uncertainty-lung-segmentation/data/pseudo_labels/teacher_tta_confidence/coronacases_007_slice_0072.npy,/kaggle/working/scribble-uncertainty-lung-segmentation/outputs/predictions/teacher_tta_probabilities/coronacases_007_slice_0072.npy,0.05,0,147,65536,0,0,6.802721164156367e-10,False
coronacases_007,73,/kaggle/working/scribble-uncertainty-lung-segmentation/data/pseudo_labels/teacher_tta_labels/coronacases_007_slice_0073.npy,/kaggle/working/scribble-uncertainty-lung-segmentation/data/pseudo_labels/teacher_tta_confidence/coronacases_007_slice_0073.npy,/kaggle/working/scribble-uncertainty-lung-segmentation/outputs/predictions/teacher_tta_probabilities/coronacases_007_slice_0073.npy,0.05,0,116,65536,0,0,8.62068971763108e-10,False
coronacases_007,74,/kaggle/working/scribble-uncertainty-lung-segmentation/data/pseudo_labels/teacher_tta_labels/coronacases_007_slice_0074.npy,/kaggle/working/scribble-uncertainty-lung-segmentation/data/pseudo_labels/teacher_tta_confidence/coronacases_007_slice_0074.npy,/kaggle/working/scribble-uncertainty-lung-segmentation/outputs/predictions/teacher_tta_probabilities/coronacases_007_slice_0074.npy,0.05,0,70,65536,4,7,0.1818181872367859,True
coronacases_007,75,/kaggle/working/scribble-uncertainty-lung-segmentation/data/pseudo_labels/teacher_tta_labels/coronacases_007_slice_0075.npy,/kaggle/working/scribble-uncertainty-lung-segmentation/data/pseudo_labels/teacher_tta_confidence/coronacases_007_slice_0075.npy,/kaggle/working/scribble-uncertainty-lung-segmentation/outputs/predictions/teacher_tta_probabilities/coronacases_007_slice_0075.npy,0.05,0,109,65536,3,16,0.25600001215934753,True
coronacases_007,76,/kaggle/working/scribble-uncertainty-lung-segmentation/data/pseudo_labels/teacher_tta_labels/coronacases_007_slice_0076.npy,/kaggle/working/scribble-uncertainty-lung-segmentation/data/pseudo_labels/teacher_tta_confidence/coronacases_007_slice_0076.npy,/kaggle/working/scribble-uncertainty-lung-segmentation/outputs/predictions/teacher_tta_probabilities/coronacases_007_slice_0076.npy,0.05,0,135,65536,4,58,0.6010362505912781,True
coronacases_007,77,/kaggle/working/scribble-uncertainty-lung-segmentation/data/pseudo_labels/teacher_tta_labels/coronacases_007_slice_0077.npy,/kaggle/working/scribble-uncertainty-lung-segmentation/data/pseudo_labels/teacher_tta_confidence/coronacases_007_slice_0077.npy,/kaggle/working/scribble-uncertainty-lung-segmentation/outputs/predictions/teacher_tta_probabilities/coronacases_007_slice_0077.npy,0.05,0,139,65536,4,57,0.581632673740387,True
coronacases_007,78,/kaggle/working/scribble-uncertainty-lung-segmentation/data/pseudo_labels/teacher_tta_labels/coronacases_007_slice_0078.npy,/kaggle/working/scribble-uncertainty-lung-segmentation/data/pseudo_labels/teacher_tta_confidence/coronacases_007_slice_0078.npy,/kaggle/working/scribble-uncertainty-lung-segmentation/outputs/predictions/teacher_tta_probabilities/coronacases_007_slice_0078.npy,0.05,0,143,65536,4,76,0.6940639019012451,True
coronacases_007,79,/kaggle/working/scribble-uncertainty-lung-segmentation/data/pseudo_labels/teacher_tta_labels/coronacases_007_slice_0079.npy,/kaggle/working/scribble-uncertainty-lung-segmentation/data/pseudo_labels/teacher_tta_confidence/coronacases_007_slice_0079.npy,/kaggle/working/scribble-uncertainty-lung-segmentation/outputs/predictions/teacher_tta_probabilities/coronacases_007_slice_0079.npy,0.05,0,148,65536,4,63,0.5971564054489136,True
coronacases_007,80,/kaggle/working/scribble-uncertainty-lung-segmentation/data/pseudo_labels/teacher_tta_labels/coronacases_007_slice_0080.npy,/kaggle/working/scribble-uncertainty-lung-segmentation/data/pseudo_labels/teacher_tta_confidence/coronacases_007_slice_0080.npy,/kaggle/working/scribble-uncertainty-lung-segmentation/outputs/predictions/teacher_tta_probabilities/coronacases_007_slice_0080.npy,0.05,0,164,65536,4,61,0.5422222018241882,True
coronacases_007,81,/kaggle/working/scribble-uncertainty-lung-segmentation/data/pseudo_labels/teacher_tta_labels/coronacases_007_slice_0081.npy,/kaggle/working/scribble-uncertainty-lung-segmentation/data/pseudo_labels/teacher_tta_confidence/coronacases_007_slice_0081.npy,/kaggle/working/scribble-uncertainty-lung-segmentation/outputs/predictions/teacher_tta_probabilities/coronacases_007_slice_0081.npy,0.05,0,163,65536,4,82,0.6530612111091614,True
coronacases_007,82,/kaggle/working/scribble-uncertainty-lung-segmentation/data/pseudo_labels/teacher_tta_labels/coronacases_007_slice_0082.npy,/kaggle/working/scribble-uncertainty-lung-segmentation/data/pseudo_labels/teacher_tta_confidence/coronacases_007_slice_0082.npy,/kaggle/working/scribble-uncertainty-lung-segmentation/outputs/predictions/teacher_tta_probabilities/coronacases_007_slice_0082.npy,0.05,0,233,65536,4,97,0.5878787636756897,True
coronacases_007,83,/kaggle/working/scribble-uncertainty-lung-segmentation/data/pseudo_labels/teacher_tta_labels/coronacases_007_slice_0083.npy,/kaggle/working/scribble-uncertainty-lung-segmentation/data/pseudo_labels/teacher_tta_confidence/coronacases_007_slice_0083.npy,/kaggle/working/scribble-uncertainty-lung-segmentation/outputs/predictions/teacher_tta_probabilities/coronacases_007_slice_0083.npy,0.05,0,233,65536,4,91,0.5617284178733826,True
coronacases_007,84,/kaggle/working/scribble-uncertainty-lung-segmentation/data/pseudo_labels/teacher_tta_labels/coronacases_007_slice_0084.npy,/kaggle/working/scribble-uncertainty-lung-segmentation/data/pseudo_labels/teacher_tta_confidence/coronacases_007_slice_0084.npy,/kaggle/working/scribble-uncertainty-lung-segmentation/outputs/predictions/teacher_tta_probabilities/coronacases_007_slice_0084.npy,0.05,0,227,65536,4,86,0.5495207905769348,True
coronacases_007,85,/kaggle/working/scribble-uncertainty-lung-segmentation/data/pseudo_labels/teacher_tta_labels/coronacases_007_slice_0085.npy,/kaggle/working/scribble-uncertainty-lung-segmentation/data/pseudo_labels/teacher_tta_confidence/coronacases_007_slice_0085.npy,/kaggle/working/scribble-uncertainty-lung-segmentation/outputs/predictions/teacher_tta_probabilities/coronacases_007_slice_0085.npy,0.05,0,268,65536,4,102,0.5513513684272766,True
coronacases_007,86,/kaggle/working/scribble-uncertainty-lung-segmentation/data/pseudo_labels/teacher_tta_labels/coronacases_007_slice_0086.npy,/kaggle/working/scribble-uncertainty-lung-segmentation/data/pseudo_labels/teacher_tta_confidence/coronacases_007_slice_0086.npy,/kaggle/working/scribble-uncertainty-lung-segmentation/outputs/predictions/teacher_tta_probabilities/coronacases_007_slice_0086.npy,0.05,0,563,65536,8,216,0.5494223237037659,True
coronacases_007,87,/kaggle/working/scribble-uncertainty-lung-segmentation/data/pseudo_labels/teacher_tta_labels/coronacases_007_slice_0087.npy,/kaggle/working/scribble-uncertainty-lung-segmentation/data/pseudo_labels/teacher_tta_confidence/coronacases_007_slice_0087.npy,/kaggle/working/scribble-uncertainty-lung-segmentation/outputs/predictions/teacher_tta_probabilities/coronacases_007_slice_0087.npy,0.05,0,609,65536,12,312,0.5732899308204651,True
coronacases_007,88,/kaggle/working/scribble-uncertainty-lung-segmentation/data/pseudo_labels/teacher_tta_labels/coronacases_007_slice_0088.npy,/kaggle/working/scribble-uncertainty-lung-segmentation/data/pseudo_labels/teacher_tta_confidence/coronacases_007_slice_0088.npy,/kaggle/working/scribble-uncertainty-lung-segmentation/outputs/predictions/teacher_tta_probabilities/coronacases_007_slice_0088.npy,0.05,0,848,65536,15,280,0.4858156144618988,True
coronacases_007,89,/kaggle/working/scribble-uncertainty-lung-segmentation/data/pseudo_labels/teacher_tta_labels/coronacases_007_slice_0089.npy,/kaggle/working/scribble-uncertainty-lung-segmentation/data/pseudo_labels/teacher_tta_confidence/coronacases_007_slice_0089.npy,/kaggle/working/scribble-uncertainty-lung-segmentation/outputs/predictions/teacher_tta_probabilities/coronacases_007_slice_0089.npy,0.05,0,779,65536,23,467,0.6500802636146545,True
coronacases_007,90,/kaggle/working/scribble-uncertainty-lung-segmentation/data/pseudo_labels/teacher_tta_labels/coronacases_007_slice_0090.npy,/kaggle/working/scribble-uncertainty-lung-segmentation/data/pseudo_labels/teacher_tta_confidence/coronacases_007_slice_0090.npy,/kaggle/working/scribble-uncertainty-lung-segmentation/outputs/predictions/teacher_tta_probabilities/coronacases_007_slice_0090.npy,0.05,0,891,65536,16,398,0.5802947878837585,True
coronacases_007,91,/kaggle/working/scribble-uncertainty-lung-segmentation/data/pseudo_labels/teacher_tta_labels/coronacases_007_slice_0091.npy,/kaggle/working/scribble-uncertainty-lung-segmentation/data/pseudo_labels/teacher_tta_confidence/coronacases_007_slice_0091.npy,/kaggle/working/scribble-uncertainty-lung-segmentation/outputs/predictions/teacher_tta_probabilities/coronacases_007_slice_0091.npy,0.05,0,798,65536,20,425,0.6443172693252563,True
coronacases_007,92,/kaggle/working/scribble-uncertainty-lung-segmentation/data/pseudo_labels/teacher_tta_labels/coronacases_007_slice_0092.npy,/kaggle/working/scribble-uncertainty-lung-segmentation/data/pseudo_labels/teacher_tta_confidence/coronacases_007_slice_0092.npy,/kaggle/working/scribble-uncertainty-lung-segmentation/outputs/predictions/teacher_tta_probabilities/coronacases_007_slice_0092.npy,0.05,0,742,65536,27,609,0.7209474444389343,True
coronacases_007,93,/kaggle/working/scribble-uncertainty-lung-segmentation/data/pseudo_labels/teacher_tta_labels/coronacases_007_slice_0093.npy,/kaggle/working/scribble-uncertainty-lung-segmentation/data/pseudo_labels/teacher_tta_confidence/coronacases_007_slice_0093.npy,/kaggle/working/scribble-uncertainty-lung-segmentation/outputs/predictions/teacher_tta_probabilities/coronacases_007_slice_0093.npy,0.05,0,806,65536,24,624,0.7216783165931702,True
coronacases_007,94,/kaggle/working/scribble-uncertainty-lung-segmentation/data/pseudo_labels/teacher_tta_labels/coronacases_007_slice_0094.npy,/kaggle/working/scribble-uncertainty-lung-segmentation/data/pseudo_labels/teacher_tta_confidence/coronacases_007_slice_0094.npy,/kaggle/working/scribble-uncertainty-lung-segmentation/outputs/predictions/teacher_tta_probabilities/coronacases_007_slice_0094.npy,0.05,0,911,65536,24,609,0.7223684191703796,True
coronacases_007,95,/kaggle/working/scribble-uncertainty-lung-segmentation/data/pseudo_labels/teacher_tta_labels/coronacases_007_slice_0095.npy,/kaggle/working/scribble-uncertainty-lung-segmentation/data/pseudo_labels/teacher_tta_confidence/coronacases_007_slice_0095.npy,/kaggle/working/scribble-uncertainty-lung-segmentation/outputs/predictions/teacher_tta_probabilities/coronacases_007_slice_0095.npy,0.05,0,868,65536,22,637,0.7867109775543213,True
coronacases_007,96,/kaggle/working/scribble-uncertainty-lung-segmentation/data/pseudo_labels/teacher_tta_labels/coronacases_007_slice_0096.npy,/kaggle/working/scribble-uncertainty-lung-segmentation/data/pseudo_labels/teacher_tta_confidence/coronacases_007_slice_0096.npy,/kaggle/working/scribble-uncertainty-lung-segmentation/outputs/predictions/teacher_tta_probabilities/coronacases_007_slice_0096.npy,0.05,0,901,65536,28,602,0.7704590559005737,True
coronacases_007,97,/kaggle/working/scribble-uncertainty-lung-segmentation/data/pseudo_labels/teacher_tta_labels/coronacases_007_slice_0097.npy,/kaggle/working/scribble-uncertainty-lung-segmentation/data/pseudo_labels/teacher_tta_confidence/coronacases_007_slice_0097.npy,/kaggle/working/scribble-uncertainty-lung-segmentation/outputs/predictions/teacher_tta_probabilities/coronacases_007_slice_0097.npy,0.05,0,1059,65536,27,713,0.7144469618797302,True
coronacases_007,98,/kaggle/working/scribble-uncertainty-lung-segmentation/data/pseudo_labels/teacher_tta_labels/coronacases_007_slice_0098.npy,/kaggle/working/scribble-uncertainty-lung-segmentation/data/pseudo_labels/teacher_tta_confidence/coronacases_007_slice_0098.npy,/kaggle/working/scribble-uncertainty-lung-segmentation/outputs/predictions/teacher_tta_probabilities/coronacases_007_slice_0098.npy,0.05,0,1050,65536,28,624,0.7228195667266846,True
coronacases_007,99,/kaggle/working/scribble-uncertainty-lung-segmentation/data/pseudo_labels/teacher_tta_labels/coronacases_007_slice_0099.npy,/kaggle/working/scribble-uncertainty-lung-segmentation/data/pseudo_labels/teacher_tta_confidence/coronacases_007_slice_0099.npy,/kaggle/working/scribble-uncertainty-lung-segmentation/outputs/predictions/teacher_tta_probabilities/coronacases_007_slice_0099.npy,0.05,0,979,65536,25,674,0.7924984693527222,True
coronacases_007,100,/kaggle/working/scribble-uncertainty-lung-segmentation/data/pseudo_labels/teacher_tta_labels/coronacases_007_slice_0100.npy,/kaggle/working/scribble-uncertainty-lung-segmentation/data/pseudo_labels/teacher_tta_confidence/coronacases_007_slice_0100.npy,/kaggle/working/scribble-uncertainty-lung-segmentation/outputs/predictions/teacher_tta_probabilities/coronacases_007_slice_0100.npy,0.05,0,920,65536,18,538,0.7283950448036194,True
coronacases_007,101,/kaggle/working/scribble-uncertainty-lung-segmentation/data/pseudo_labels/teacher_tta_labels/coronacases_007_slice_0101.npy,/kaggle/working/scribble-uncertainty-lung-segmentation/data/pseudo_labels/teacher_tta_confidence/coronacases_007_slice_0101.npy,/kaggle/working/scribble-uncertainty-lung-segmentation/outputs/predictions/teacher_tta_probabilities/coronacases_007_slice_0101.npy,0.05,0,977,65536,20,539,0.688654363155365,True
coronacases_007,102,/kaggle/working/scribble-uncertainty-lung-segmentation/data/pseudo_labels/teacher_tta_labels/coronacases_007_slice_0102.npy,/kaggle/working/scribble-uncertainty-lung-segmentation/data/pseudo_labels/teacher_tta_confidence/coronacases_007_slice_0102.npy,/kaggle/working/scribble-uncertainty-lung-segmentation/outputs/predictions/teacher_tta_probabilities/coronacases_007_slice_0102.npy,0.05,0,959,65536,27,561,0.7381578683853149,True
coronacases_007,103,/kaggle/working/scribble-uncertainty-lung-segmentation/data/pseudo_labels/teacher_tta_labels/coronacases_007_slice_0103.npy,/kaggle/working/scribble-uncertainty-lung-segmentation/data/pseudo_labels/teacher_tta_confidence/coronacases_007_slice_0103.npy,/kaggle/working/scribble-uncertainty-lung-segmentation/outputs/predictions/teacher_tta_probabilities/coronacases_007_slice_0103.npy,0.05,0,965,65536,27,605,0.7668789625167847,True
coronacases_007,104,/kaggle/working/scribble-uncertainty-lung-segmentation/data/pseudo_labels/teacher_tta_labels/coronacases_007_slice_0104.npy,/kaggle/working/scribble-uncertainty-lung-segmentation/data/pseudo_labels/teacher_tta_confidence/coronacases_007_slice_0104.npy,/kaggle/working/scribble-uncertainty-lung-segmentation/outputs/predictions/teacher_tta_probabilities/coronacases_007_slice_0104.npy,0.05,0,927,65536,23,632,0.8030788898468018,True
coronacases_007,105,/kaggle/working/scribble-uncertainty-lung-segmentation/data/pseudo_labels/teacher_tta_labels/coronacases_007_slice_0105.npy,/kaggle/working/scribble-uncertainty-lung-segmentation/data/pseudo_labels/teacher_tta_confidence/coronacases_007_slice_0105.npy,/kaggle/working/scribble-uncertainty-lung-segmentation/outputs/predictions/teacher_tta_probabilities/coronacases_007_slice_0105.npy,0.05,0,866,65536,36,634,0.843999981880188,True
coronacases_007,106,/kaggle/working/scribble-uncertainty-lung-segmentation/data/pseudo_labels/teacher_tta_labels/coronacases_007_slice_0106.npy,/kaggle/working/scribble-uncertainty-lung-segmentation/data/pseudo_labels/teacher_tta_confidence/coronacases_007_slice_0106.npy,/kaggle/working/scribble-uncertainty-lung-segmentation/outputs/predictions/teacher_tta_probabilities/coronacases_007_slice_0106.npy,0.05,0,877,65536,35,604,0.8075624704360962,True
coronacases_007,107,/kaggle/working/scribble-uncertainty-lung-segmentation/data/pseudo_labels/teacher_tta_labels/coronacases_007_slice_0107.npy,/kaggle/working/scribble-uncertainty-lung-segmentation/data/pseudo_labels/teacher_tta_confidence/coronacases_007_slice_0107.npy,/kaggle/working/scribble-uncertainty-lung-segmentation/outputs/predictions/teacher_tta_probabilities/coronacases_007_slice_0107.npy,0.05,0,841,65536,28,587,0.8221288323402405,True
coronacases_007,108,/kaggle/working/scribble-uncertainty-lung-segmentation/data/pseudo_labels/teacher_tta_labels/coronacases_007_slice_0108.npy,/kaggle/working/scribble-uncertainty-lung-segmentation/data/pseudo_labels/teacher_tta_confidence/coronacases_007_slice_0108.npy,/kaggle/working/scribble-uncertainty-lung-segmentation/outputs/predictions/teacher_tta_probabilities/coronacases_007_slice_0108.npy,0.05,0,771,65536,22,632,0.8909479975700378,True
coronacases_007,109,/kaggle/working/scribble-uncertainty-lung-segmentation/data/pseudo_labels/teacher_tta_labels/coronacases_007_slice_0109.npy,/kaggle/working/scribble-uncertainty-lung-segmentation/data/pseudo_labels/teacher_tta_confidence/coronacases_007_slice_0109.npy,/kaggle/working/scribble-uncertainty-lung-segmentation/outputs/predictions/teacher_tta_probabilities/coronacases_007_slice_0109.npy,0.05,0,783,65536,28,609,0.8548850417137146,True
coronacases_007,110,/kaggle/working/scribble-uncertainty-lung-segmentation/data/pseudo_labels/teacher_tta_labels/coronacases_007_slice_0110.npy,/kaggle/working/scribble-uncertainty-lung-segmentation/data/pseudo_labels/teacher_tta_confidence/coronacases_007_slice_0110.npy,/kaggle/working/scribble-uncertainty-lung-segmentation/outputs/predictions/teacher_tta_probabilities/coronacases_007_slice_0110.npy,0.05,0,825,65536,18,578,0.8239486813545227,True
coronacases_007,111,/kaggle/working/scribble-uncertainty-lung-segmentation/data/pseudo_labels/teacher_tta_labels/coronacases_007_slice_0111.npy,/kaggle/working/scribble-uncertainty-lung-segmentation/data/pseudo_labels/teacher_tta_confidence/coronacases_007_slice_0111.npy,/kaggle/working/scribble-uncertainty-lung-segmentation/outputs/predictions/teacher_tta_probabilities/coronacases_007_slice_0111.npy,0.05,0,795,65536,20,539,0.8065966963768005,True
coronacases_007,112,/kaggle/working/scribble-uncertainty-lung-segmentation/data/pseudo_labels/teacher_tta_labels/coronacases_007_slice_0112.npy,/kaggle/working/scribble-uncertainty-lung-segmentation/data/pseudo_labels/teacher_tta_confidence/coronacases_007_slice_0112.npy,/kaggle/working/scribble-uncertainty-lung-segmentation/outputs/predictions/teacher_tta_probabilities/coronacases_007_slice_0112.npy,0.05,0,773,65536,24,587,0.8617647290229797,True
coronacases_007,113,/kaggle/working/scribble-uncertainty-lung-segmentation/data/pseudo_labels/teacher_tta_labels/coronacases_007_slice_0113.npy,/kaggle/working/scribble-uncertainty-lung-segmentation/data/pseudo_labels/teacher_tta_confidence/coronacases_007_slice_0113.npy,/kaggle/working/scribble-uncertainty-lung-segmentation/outputs/predictions/teacher_tta_probabilities/coronacases_007_slice_0113.npy,0.05,0,743,65536,23,500,0.8028962016105652,True
coronacases_007,114,/kaggle/working/scribble-uncertainty-lung-segmentation/data/pseudo_labels/teacher_tta_labels/coronacases_007_slice_0114.npy,/kaggle/working/scribble-uncertainty-lung-segmentation/data/pseudo_labels/teacher_tta_confidence/coronacases_007_slice_0114.npy,/kaggle/working/scribble-uncertainty-lung-segmentation/outputs/predictions/teacher_tta_probabilities/coronacases_007_slice_0114.npy,0.05,0,769,65536,23,618,0.8449891805648804,True
coronacases_007,115,/kaggle/working/scribble-uncertainty-lung-segmentation/data/pseudo_labels/teacher_tta_labels/coronacases_007_slice_0115.npy,/kaggle/working/scribble-uncertainty-lung-segmentation/data/pseudo_labels/teacher_tta_confidence/coronacases_007_slice_0115.npy,/kaggle/working/scribble-uncertainty-lung-segmentation/outputs/predictions/teacher_tta_probabilities/coronacases_007_slice_0115.npy,0.05,0,809,65536,30,697,0.8273572325706482,True
coronacases_007,116,/kaggle/working/scribble-uncertainty-lung-segmentation/data/pseudo_labels/teacher_tta_labels/coronacases_007_slice_0116.npy,/kaggle/working/scribble-uncertainty-lung-segmentation/data/pseudo_labels/teacher_tta_confidence/coronacases_007_slice_0116.npy,/kaggle/working/scribble-uncertainty-lung-segmentation/outputs/predictions/teacher_tta_probabilities/coronacases_007_slice_0116.npy,0.05,0,872,65536,30,699,0.8491407036781311,True
coronacases_007,117,/kaggle/working/scribble-uncertainty-lung-segmentation/data/pseudo_labels/teacher_tta_labels/coronacases_007_slice_0117.npy,/kaggle/working/scribble-uncertainty-lung-segmentation/data/pseudo_labels/teacher_tta_confidence/coronacases_007_slice_0117.npy,/kaggle/working/scribble-uncertainty-lung-segmentation/outputs/predictions/teacher_tta_probabilities/coronacases_007_slice_0117.npy,0.05,0,899,65536,25,700,0.8517823815345764,True
coronacases_007,118,/kaggle/working/scribble-uncertainty-lung-segmentation/data/pseudo_labels/teacher_tta_labels/coronacases_007_slice_0118.npy,/kaggle/working/scribble-uncertainty-lung-segmentation/data/pseudo_labels/teacher_tta_confidence/coronacases_007_slice_0118.npy,/kaggle/working/scribble-uncertainty-lung-segmentation/outputs/predictions/teacher_tta_probabilities/coronacases_007_slice_0118.npy,0.05,0,932,65536,30,749,0.8613920211791992,True
coronacases_007,119,/kaggle/working/scribble-uncertainty-lung-segmentation/data/pseudo_labels/teacher_tta_labels/coronacases_007_slice_0119.npy,/kaggle/working/scribble-uncertainty-lung-segmentation/data/pseudo_labels/teacher_tta_confidence/coronacases_007_slice_0119.npy,/kaggle/working/scribble-uncertainty-lung-segmentation/outputs/predictions/teacher_tta_probabilities/coronacases_007_slice_0119.npy,0.05,0,896,65536,36,720,0.8613861203193665,True
coronacases_007,120,/kaggle/working/scribble-uncertainty-lung-segmentation/data/pseudo_labels/teacher_tta_labels/coronacases_007_slice_0120.npy,/kaggle/working/scribble-uncertainty-lung-segmentation/data/pseudo_labels/teacher_tta_confidence/coronacases_007_slice_0120.npy,/kaggle/working/scribble-uncertainty-lung-segmentation/outputs/predictions/teacher_tta_probabilities/coronacases_007_slice_0120.npy,0.05,0,894,65536,36,729,0.8416512608528137,True
coronacases_007,121,/kaggle/working/scribble-uncertainty-lung-segmentation/data/pseudo_labels/teacher_tta_labels/coronacases_007_slice_0121.npy,/kaggle/working/scribble-uncertainty-lung-segmentation/data/pseudo_labels/teacher_tta_confidence/coronacases_007_slice_0121.npy,/kaggle/working/scribble-uncertainty-lung-segmentation/outputs/predictions/teacher_tta_probabilities/coronacases_007_slice_0121.npy,0.05,0,932,65536,31,728,0.8686746954917908,True
coronacases_007,122,/kaggle/working/scribble-uncertainty-lung-segmentation/data/pseudo_labels/teacher_tta_labels/coronacases_007_slice_0122.npy,/kaggle/working/scribble-uncertainty-lung-segmentation/data/pseudo_labels/teacher_tta_confidence/coronacases_007_slice_0122.npy,/kaggle/working/scribble-uncertainty-lung-segmentation/outputs/predictions/teacher_tta_probabilities/coronacases_007_slice_0122.npy,0.05,0,889,65536,33,707,0.8859649300575256,True
coronacases_007,123,/kaggle/working/scribble-uncertainty-lung-segmentation/data/pseudo_labels/teacher_tta_labels/coronacases_007_slice_0123.npy,/kaggle/working/scribble-uncertainty-lung-segmentation/data/pseudo_labels/teacher_tta_confidence/coronacases_007_slice_0123.npy,/kaggle/working/scribble-uncertainty-lung-segmentation/outputs/predictions/teacher_tta_probabilities/coronacases_007_slice_0123.npy,0.05,0,881,65536,28,650,0.8491182327270508,True
coronacases_007,124,/kaggle/working/scribble-uncertainty-lung-segmentation/data/pseudo_labels/teacher_tta_labels/coronacases_007_slice_0124.npy,/kaggle/working/scribble-uncertainty-lung-segmentation/data/pseudo_labels/teacher_tta_confidence/coronacases_007_slice_0124.npy,/kaggle/working/scribble-uncertainty-lung-segmentation/outputs/predictions/teacher_tta_probabilities/coronacases_007_slice_0124.npy,0.05,0,880,65536,31,720,0.8987500071525574,True
coronacases_007,125,/kaggle/working/scribble-uncertainty-lung-segmentation/data/pseudo_labels/teacher_tta_labels/coronacases_007_slice_0125.npy,/kaggle/working/scribble-uncertainty-lung-segmentation/data/pseudo_labels/teacher_tta_confidence/coronacases_007_slice_0125.npy,/kaggle/working/scribble-uncertainty-lung-segmentation/outputs/predictions/teacher_tta_probabilities/coronacases_007_slice_0125.npy,0.05,0,887,65536,37,713,0.8849999904632568,True
coronacases_007,126,/kaggle/working/scribble-uncertainty-lung-segmentation/data/pseudo_labels/teacher_tta_labels/coronacases_007_slice_0126.npy,/kaggle/working/scribble-uncertainty-lung-segmentation/data/pseudo_labels/teacher_tta_confidence/coronacases_007_slice_0126.npy,/kaggle/working/scribble-uncertainty-lung-segmentation/outputs/predictions/teacher_tta_probabilities/coronacases_007_slice_0126.npy,0.05,0,885,65536,39,673,0.858793318271637,True
coronacases_007,127,/kaggle/working/scribble-uncertainty-lung-segmentation/data/pseudo_labels/teacher_tta_labels/coronacases_007_slice_0127.npy,/kaggle/working/scribble-uncertainty-lung-segmentation/data/pseudo_labels/teacher_tta_confidence/coronacases_007_slice_0127.npy,/kaggle/working/scribble-uncertainty-lung-segmentation/outputs/predictions/teacher_tta_probabilities/coronacases_007_slice_0127.npy,0.05,0,904,65536,41,770,0.8888888955116272,True
coronacases_007,128,/kaggle/working/scribble-uncertainty-lung-segmentation/data/pseudo_labels/teacher_tta_labels/coronacases_007_slice_0128.npy,/kaggle/working/scribble-uncertainty-lung-segmentation/data/pseudo_labels/teacher_tta_confidence/coronacases_007_slice_0128.npy,/kaggle/working/scribble-uncertainty-lung-segmentation/outputs/predictions/teacher_tta_probabilities/coronacases_007_slice_0128.npy,0.05,0,1047,65536,42,857,0.894957959651947,True
coronacases_007,129,/kaggle/working/scribble-uncertainty-lung-segmentation/data/pseudo_labels/teacher_tta_labels/coronacases_007_slice_0129.npy,/kaggle/working/scribble-uncertainty-lung-segmentation/data/pseudo_labels/teacher_tta_confidence/coronacases_007_slice_0129.npy,/kaggle/working/scribble-uncertainty-lung-segmentation/outputs/predictions/teacher_tta_probabilities/coronacases_007_slice_0129.npy,0.05,0,1089,65536,47,824,0.8416100144386292,True
coronacases_007,130,/kaggle/working/scribble-uncertainty-lung-segmentation/data/pseudo_labels/teacher_tta_labels/coronacases_007_slice_0130.npy,/kaggle/working/scribble-uncertainty-lung-segmentation/data/pseudo_labels/teacher_tta_confidence/coronacases_007_slice_0130.npy,/kaggle/working/scribble-uncertainty-lung-segmentation/outputs/predictions/teacher_tta_probabilities/coronacases_007_slice_0130.npy,0.05,0,1093,65536,36,845,0.8390092849731445,True
coronacases_007,131,/kaggle/working/scribble-uncertainty-lung-segmentation/data/pseudo_labels/teacher_tta_labels/coronacases_007_slice_0131.npy,/kaggle/working/scribble-uncertainty-lung-segmentation/data/pseudo_labels/teacher_tta_confidence/coronacases_007_slice_0131.npy,/kaggle/working/scribble-uncertainty-lung-segmentation/outputs/predictions/teacher_tta_probabilities/coronacases_007_slice_0131.npy,0.05,0,1049,65536,36,788,0.8394120931625366,True
coronacases_007,132,/kaggle/working/scribble-uncertainty-lung-segmentation/data/pseudo_labels/teacher_tta_labels/coronacases_007_slice_0132.npy,/kaggle/working/scribble-uncertainty-lung-segmentation/data/pseudo_labels/teacher_tta_confidence/coronacases_007_slice_0132.npy,/kaggle/working/scribble-uncertainty-lung-segmentation/outputs/predictions/teacher_tta_probabilities/coronacases_007_slice_0132.npy,0.05,0,969,65536,36,749,0.8556460738182068,True
coronacases_007,133,/kaggle/working/scribble-uncertainty-lung-segmentation/data/pseudo_labels/teacher_tta_labels/coronacases_007_slice_0133.npy,/kaggle/working/scribble-uncertainty-lung-segmentation/data/pseudo_labels/teacher_tta_confidence/coronacases_007_slice_0133.npy,/kaggle/working/scribble-uncertainty-lung-segmentation/outputs/predictions/teacher_tta_probabilities/coronacases_007_slice_0133.npy,0.05,0,961,65536,25,741,0.8578143119812012,True
coronacases_007,134,/kaggle/working/scribble-uncertainty-lung-segmentation/data/pseudo_labels/teacher_tta_labels/coronacases_007_slice_0134.npy,/kaggle/working/scribble-uncertainty-lung-segmentation/data/pseudo_labels/teacher_tta_confidence/coronacases_007_slice_0134.npy,/kaggle/working/scribble-uncertainty-lung-segmentation/outputs/predictions/teacher_tta_probabilities/coronacases_007_slice_0134.npy,0.05,0,945,65536,36,738,0.8746286630630493,True
coronacases_007,135,/kaggle/working/scribble-uncertainty-lung-segmentation/data/pseudo_labels/teacher_tta_labels/coronacases_007_slice_0135.npy,/kaggle/working/scribble-uncertainty-lung-segmentation/data/pseudo_labels/teacher_tta_confidence/coronacases_007_slice_0135.npy,/kaggle/working/scribble-uncertainty-lung-segmentation/outputs/predictions/teacher_tta_probabilities/coronacases_007_slice_0135.npy,0.05,0,967,65536,27,703,0.8419161438941956,True
coronacases_007,136,/kaggle/working/scribble-uncertainty-lung-segmentation/data/pseudo_labels/teacher_tta_labels/coronacases_007_slice_0136.npy,/kaggle/working/scribble-uncertainty-lung-segmentation/data/pseudo_labels/teacher_tta_confidence/coronacases_007_slice_0136.npy,/kaggle/working/scribble-uncertainty-lung-segmentation/outputs/predictions/teacher_tta_probabilities/coronacases_007_slice_0136.npy,0.05,0,936,65536,27,702,0.8559218645095825,True
coronacases_007,137,/kaggle/working/scribble-uncertainty-lung-segmentation/data/pseudo_labels/teacher_tta_labels/coronacases_007_slice_0137.npy,/kaggle/working/scribble-uncertainty-lung-segmentation/data/pseudo_labels/teacher_tta_confidence/coronacases_007_slice_0137.npy,/kaggle/working/scribble-uncertainty-lung-segmentation/outputs/predictions/teacher_tta_probabilities/coronacases_007_slice_0137.npy,0.05,0,900,65536,32,789,0.9023090600967407,True
coronacases_007,138,/kaggle/working/scribble-uncertainty-lung-segmentation/data/pseudo_labels/teacher_tta_labels/coronacases_007_slice_0138.npy,/kaggle/working/scribble-uncertainty-lung-segmentation/data/pseudo_labels/teacher_tta_confidence/coronacases_007_slice_0138.npy,/kaggle/working/scribble-uncertainty-lung-segmentation/outputs/predictions/teacher_tta_probabilities/coronacases_007_slice_0138.npy,0.05,0,867,65536,31,812,0.8838594555854797,True
coronacases_007,139,/kaggle/working/scribble-uncertainty-lung-segmentation/data/pseudo_labels/teacher_tta_labels/coronacases_007_slice_0139.npy,/kaggle/working/scribble-uncertainty-lung-segmentation/data/pseudo_labels/teacher_tta_confidence/coronacases_007_slice_0139.npy,/kaggle/working/scribble-uncertainty-lung-segmentation/outputs/predictions/teacher_tta_probabilities/coronacases_007_slice_0139.npy,0.05,0,889,65536,36,716,0.8448598384857178,True
coronacases_007,140,/kaggle/working/scribble-uncertainty-lung-segmentation/data/pseudo_labels/teacher_tta_labels/coronacases_007_slice_0140.npy,/kaggle/working/scribble-uncertainty-lung-segmentation/data/pseudo_labels/teacher_tta_confidence/coronacases_007_slice_0140.npy,/kaggle/working/scribble-uncertainty-lung-segmentation/outputs/predictions/teacher_tta_probabilities/coronacases_007_slice_0140.npy,0.05,0,888,65536,42,751,0.9078706502914429,True
coronacases_007,141,/kaggle/working/scribble-uncertainty-lung-segmentation/data/pseudo_labels/teacher_tta_labels/coronacases_007_slice_0141.npy,/kaggle/working/scribble-uncertainty-lung-segmentation/data/pseudo_labels/teacher_tta_confidence/coronacases_007_slice_0141.npy,/kaggle/working/scribble-uncertainty-lung-segmentation/outputs/predictions/teacher_tta_probabilities/coronacases_007_slice_0141.npy,0.05,0,890,65536,34,786,0.922434389591217,True
coronacases_007,142,/kaggle/working/scribble-uncertainty-lung-segmentation/data/pseudo_labels/teacher_tta_labels/coronacases_007_slice_0142.npy,/kaggle/working/scribble-uncertainty-lung-segmentation/data/pseudo_labels/teacher_tta_confidence/coronacases_007_slice_0142.npy,/kaggle/working/scribble-uncertainty-lung-segmentation/outputs/predictions/teacher_tta_probabilities/coronacases_007_slice_0142.npy,0.05,0,827,65536,32,712,0.9148797988891602,True
coronacases_007,143,/kaggle/working/scribble-uncertainty-lung-segmentation/data/pseudo_labels/teacher_tta_labels/coronacases_007_slice_0143.npy,/kaggle/working/scribble-uncertainty-lung-segmentation/data/pseudo_labels/teacher_tta_confidence/coronacases_007_slice_0143.npy,/kaggle/working/scribble-uncertainty-lung-segmentation/outputs/predictions/teacher_tta_probabilities/coronacases_007_slice_0143.npy,0.05,0,805,65536,36,710,0.906930685043335,True
coronacases_007,144,/kaggle/working/scribble-uncertainty-lung-segmentation/data/pseudo_labels/teacher_tta_labels/coronacases_007_slice_0144.npy,/kaggle/working/scribble-uncertainty-lung-segmentation/data/pseudo_labels/teacher_tta_confidence/coronacases_007_slice_0144.npy,/kaggle/working/scribble-uncertainty-lung-segmentation/outputs/predictions/teacher_tta_probabilities/coronacases_007_slice_0144.npy,0.05,0,771,65536,39,641,0.8937677145004272,True
coronacases_007,145,/kaggle/working/scribble-uncertainty-lung-segmentation/data/pseudo_labels/teacher_tta_labels/coronacases_007_slice_0145.npy,/kaggle/working/scribble-uncertainty-lung-segmentation/data/pseudo_labels/teacher_tta_confidence/coronacases_007_slice_0145.npy,/kaggle/working/scribble-uncertainty-lung-segmentation/outputs/predictions/teacher_tta_probabilities/coronacases_007_slice_0145.npy,0.05,0,718,65536,34,521,0.8361582159996033,True
coronacases_007,146,/kaggle/working/scribble-uncertainty-lung-segmentation/data/pseudo_labels/teacher_tta_labels/coronacases_007_slice_0146.npy,/kaggle/working/scribble-uncertainty-lung-segmentation/data/pseudo_labels/teacher_tta_confidence/coronacases_007_slice_0146.npy,/kaggle/working/scribble-uncertainty-lung-segmentation/outputs/predictions/teacher_tta_probabilities/coronacases_007_slice_0146.npy,0.05,0,673,65536,32,505,0.8556876182556152,True
coronacases_007,147,/kaggle/working/scribble-uncertainty-lung-segmentation/data/pseudo_labels/teacher_tta_labels/coronacases_007_slice_0147.npy,/kaggle/working/scribble-uncertainty-lung-segmentation/data/pseudo_labels/teacher_tta_confidence/coronacases_007_slice_0147.npy,/kaggle/working/scribble-uncertainty-lung-segmentation/outputs/predictions/teacher_tta_probabilities/coronacases_007_slice_0147.npy,0.05,0,637,65536,27,452,0.8246097564697266,True
coronacases_007,148,/kaggle/working/scribble-uncertainty-lung-segmentation/data/pseudo_labels/teacher_tta_labels/coronacases_007_slice_0148.npy,/kaggle/working/scribble-uncertainty-lung-segmentation/data/pseudo_labels/teacher_tta_confidence/coronacases_007_slice_0148.npy,/kaggle/working/scribble-uncertainty-lung-segmentation/outputs/predictions/teacher_tta_probabilities/coronacases_007_slice_0148.npy,0.05,0,625,65536,22,445,0.8242990374565125,True
coronacases_007,149,/kaggle/working/scribble-uncertainty-lung-segmentation/data/pseudo_labels/teacher_tta_labels/coronacases_007_slice_0149.npy,/kaggle/working/scribble-uncertainty-lung-segmentation/data/pseudo_labels/teacher_tta_confidence/coronacases_007_slice_0149.npy,/kaggle/working/scribble-uncertainty-lung-segmentation/outputs/predictions/teacher_tta_probabilities/coronacases_007_slice_0149.npy,0.05,0,602,65536,23,421,0.7761485576629639,True
coronacases_007,150,/kaggle/working/scribble-uncertainty-lung-segmentation/data/pseudo_labels/teacher_tta_labels/coronacases_007_slice_0150.npy,/kaggle/working/scribble-uncertainty-lung-segmentation/data/pseudo_labels/teacher_tta_confidence/coronacases_007_slice_0150.npy,/kaggle/working/scribble-uncertainty-lung-segmentation/outputs/predictions/teacher_tta_probabilities/coronacases_007_slice_0150.npy,0.05,0,623,65536,24,466,0.8356290459632874,True
coronacases_007,151,/kaggle/working/scribble-uncertainty-lung-segmentation/data/pseudo_labels/teacher_tta_labels/coronacases_007_slice_0151.npy,/kaggle/working/scribble-uncertainty-lung-segmentation/data/pseudo_labels/teacher_tta_confidence/coronacases_007_slice_0151.npy,/kaggle/working/scribble-uncertainty-lung-segmentation/outputs/predictions/teacher_tta_probabilities/coronacases_007_slice_0151.npy,0.05,0,597,65536,18,485,0.8835489749908447,True
coronacases_007,152,/kaggle/working/scribble-uncertainty-lung-segmentation/data/pseudo_labels/teacher_tta_labels/coronacases_007_slice_0152.npy,/kaggle/working/scribble-uncertainty-lung-segmentation/data/pseudo_labels/teacher_tta_confidence/coronacases_007_slice_0152.npy,/kaggle/working/scribble-uncertainty-lung-segmentation/outputs/predictions/teacher_tta_probabilities/coronacases_007_slice_0152.npy,0.05,0,664,65536,14,600,0.8560126423835754,True
coronacases_007,153,/kaggle/working/scribble-uncertainty-lung-segmentation/data/pseudo_labels/teacher_tta_labels/coronacases_007_slice_0153.npy,/kaggle/working/scribble-uncertainty-lung-segmentation/data/pseudo_labels/teacher_tta_confidence/coronacases_007_slice_0153.npy,/kaggle/working/scribble-uncertainty-lung-segmentation/outputs/predictions/teacher_tta_probabilities/coronacases_007_slice_0153.npy,0.05,0,640,65536,27,503,0.801399827003479,True
coronacases_007,154,/kaggle/working/scribble-uncertainty-lung-segmentation/data/pseudo_labels/teacher_tta_labels/coronacases_007_slice_0154.npy,/kaggle/working/scribble-uncertainty-lung-segmentation/data/pseudo_labels/teacher_tta_confidence/coronacases_007_slice_0154.npy,/kaggle/working/scribble-uncertainty-lung-segmentation/outputs/predictions/teacher_tta_probabilities/coronacases_007_slice_0154.npy,0.05,0,548,65536,16,497,0.8459330201148987,True
coronacases_007,155,/kaggle/working/scribble-uncertainty-lung-segmentation/data/pseudo_labels/teacher_tta_labels/coronacases_007_slice_0155.npy,/kaggle/working/scribble-uncertainty-lung-segmentation/data/pseudo_labels/teacher_tta_confidence/coronacases_007_slice_0155.npy,/kaggle/working/scribble-uncertainty-lung-segmentation/outputs/predictions/teacher_tta_probabilities/coronacases_007_slice_0155.npy,0.05,0,468,65536,15,382,0.7694117426872253,True
coronacases_007,156,/kaggle/working/scribble-uncertainty-lung-segmentation/data/pseudo_labels/teacher_tta_labels/coronacases_007_slice_0156.npy,/kaggle/working/scribble-uncertainty-lung-segmentation/data/pseudo_labels/teacher_tta_confidence/coronacases_007_slice_0156.npy,/kaggle/working/scribble-uncertainty-lung-segmentation/outputs/predictions/teacher_tta_probabilities/coronacases_007_slice_0156.npy,0.05,0,295,65536,16,333,0.6528662443161011,True
coronacases_007,157,/kaggle/working/scribble-uncertainty-lung-segmentation/data/pseudo_labels/teacher_tta_labels/coronacases_007_slice_0157.npy,/kaggle/working/scribble-uncertainty-lung-segmentation/data/pseudo_labels/teacher_tta_confidence/coronacases_007_slice_0157.npy,/kaggle/working/scribble-uncertainty-lung-segmentation/outputs/predictions/teacher_tta_probabilities/coronacases_007_slice_0157.npy,0.05,0,145,65536,14,202,0.5648415088653564,True
coronacases_007,158,/kaggle/working/scribble-uncertainty-lung-segmentation/data/pseudo_labels/teacher_tta_labels/coronacases_007_slice_0158.npy,/kaggle/working/scribble-uncertainty-lung-segmentation/data/pseudo_labels/teacher_tta_confidence/coronacases_007_slice_0158.npy,/kaggle/working/scribble-uncertainty-lung-segmentation/outputs/predictions/teacher_tta_probabilities/coronacases_007_slice_0158.npy,0.05,0,89,65536,16,225,0.4968152940273285,True
coronacases_007,159,/kaggle/working/scribble-uncertainty-lung-segmentation/data/pseudo_labels/teacher_tta_labels/coronacases_007_slice_0159.npy,/kaggle/working/scribble-uncertainty-lung-segmentation/data/pseudo_labels/teacher_tta_confidence/coronacases_007_slice_0159.npy,/kaggle/working/scribble-uncertainty-lung-segmentation/outputs/predictions/teacher_tta_probabilities/coronacases_007_slice_0159.npy,0.05,0,89,65536,4,76,0.8606060743331909,True
coronacases_007,160,/kaggle/working/scribble-uncertainty-lung-segmentation/data/pseudo_labels/teacher_tta_labels/coronacases_007_slice_0160.npy,/kaggle/working/scribble-uncertainty-lung-segmentation/data/pseudo_labels/teacher_tta_confidence/coronacases_007_slice_0160.npy,/kaggle/working/scribble-uncertainty-lung-segmentation/outputs/predictions/teacher_tta_probabilities/coronacases_007_slice_0160.npy,0.05,0,26,65536,0,0,3.846154061903917e-09,False
coronacases_007,161,/kaggle/working/scribble-uncertainty-lung-segmentation/data/pseudo_labels/teacher_tta_labels/coronacases_007_slice_0161.npy,/kaggle/working/scribble-uncertainty-lung-segmentation/data/pseudo_labels/teacher_tta_confidence/coronacases_007_slice_0161.npy,/kaggle/working/scribble-uncertainty-lung-segmentation/outputs/predictions/teacher_tta_probabilities/coronacases_007_slice_0161.npy,0.05,0,8,65536,4,88,0.0833333358168602,True
coronacases_007,162,/kaggle/working/scribble-uncertainty-lung-segmentation/data/pseudo_labels/teacher_tta_labels/coronacases_007_slice_0162.npy,/kaggle/working/scribble-uncertainty-lung-segmentation/data/pseudo_labels/teacher_tta_confidence/coronacases_007_slice_0162.npy,/kaggle/working/scribble-uncertainty-lung-segmentation/outputs/predictions/teacher_tta_probabilities/coronacases_007_slice_0162.npy,0.05,0,7,65536,0,0,1.4285714833306429e-08,False
coronacases_007,163,/kaggle/working/scribble-uncertainty-lung-segmentation/data/pseudo_labels/teacher_tta_labels/coronacases_007_slice_0163.npy,/kaggle/working/scribble-uncertainty-lung-segmentation/data/pseudo_labels/teacher_tta_confidence/coronacases_007_slice_0163.npy,/kaggle/working/scribble-uncertainty-lung-segmentation/outputs/predictions/teacher_tta_probabilities/coronacases_007_slice_0163.npy,0.05,0,3,65536,0,0,3.333333253863202e-08,False
coronacases_007,164,/kaggle/working/scribble-uncertainty-lung-segmentation/data/pseudo_labels/teacher_tta_labels/coronacases_007_slice_0164.npy,/kaggle/working/scribble-uncertainty-lung-segmentation/data/pseudo_labels/teacher_tta_confidence/coronacases_007_slice_0164.npy,/kaggle/working/scribble-uncertainty-lung-segmentation/outputs/predictions/teacher_tta_probabilities/coronacases_007_slice_0164.npy,0.05,0,1,65536,0,0,9.999998695775503e-08,False
coronacases_007,165,/kaggle/working/scribble-uncertainty-lung-segmentation/data/pseudo_labels/teacher_tta_labels/coronacases_007_slice_0165.npy,/kaggle/working/scribble-uncertainty-lung-segmentation/data/pseudo_labels/teacher_tta_confidence/coronacases_007_slice_0165.npy,/kaggle/working/scribble-uncertainty-lung-segmentation/outputs/predictions/teacher_tta_probabilities/coronacases_007_slice_0165.npy,0.05,0,0,65536,0,0,1.0,False
coronacases_007,166,/kaggle/working/scribble-uncertainty-lung-segmentation/data/pseudo_labels/teacher_tta_labels/coronacases_007_slice_0166.npy,/kaggle/working/scribble-uncertainty-lung-segmentation/data/pseudo_labels/teacher_tta_confidence/coronacases_007_slice_0166.npy,/kaggle/working/scribble-uncertainty-lung-segmentation/outputs/predictions/teacher_tta_probabilities/coronacases_007_slice_0166.npy,0.05,0,0,65536,0,0,1.0,False
coronacases_007,167,/kaggle/working/scribble-uncertainty-lung-segmentation/data/pseudo_labels/teacher_tta_labels/coronacases_007_slice_0167.npy,/kaggle/working/scribble-uncertainty-lung-segmentation/data/pseudo_labels/teacher_tta_confidence/coronacases_007_slice_0167.npy,/kaggle/working/scribble-uncertainty-lung-segmentation/outputs/predictions/teacher_tta_probabilities/coronacases_007_slice_0167.npy,0.05,0,0,65536,0,0,1.0,False
coronacases_007,168,/kaggle/working/scribble-uncertainty-lung-segmentation/data/pseudo_labels/teacher_tta_labels/coronacases_007_slice_0168.npy,/kaggle/working/scribble-uncertainty-lung-segmentation/data/pseudo_labels/teacher_tta_confidence/coronacases_007_slice_0168.npy,/kaggle/working/scribble-uncertainty-lung-segmentation/outputs/predictions/teacher_tta_probabilities/coronacases_007_slice_0168.npy,0.05,0,56,65536,0,0,1.7857143541633036e-09,False
coronacases_007,169,/kaggle/working/scribble-uncertainty-lung-segmentation/data/pseudo_labels/teacher_tta_labels/coronacases_007_slice_0169.npy,/kaggle/working/scribble-uncertainty-lung-segmentation/data/pseudo_labels/teacher_tta_confidence/coronacases_007_slice_0169.npy,/kaggle/working/scribble-uncertainty-lung-segmentation/outputs/predictions/teacher_tta_probabilities/coronacases_007_slice_0169.npy,0.05,0,0,65536,0,0,1.0,False
coronacases_007,170,/kaggle/working/scribble-uncertainty-lung-segmentation/data/pseudo_labels/teacher_tta_labels/coronacases_007_slice_0170.npy,/kaggle/working/scribble-uncertainty-lung-segmentation/data/pseudo_labels/teacher_tta_confidence/coronacases_007_slice_0170.npy,/kaggle/working/scribble-uncertainty-lung-segmentation/outputs/predictions/teacher_tta_probabilities/coronacases_007_slice_0170.npy,0.05,0,10,65536,0,0,9.99999993922529e-09,False
coronacases_007,171,/kaggle/working/scribble-uncertainty-lung-segmentation/data/pseudo_labels/teacher_tta_labels/coronacases_007_slice_0171.npy,/kaggle/working/scribble-uncertainty-lung-segmentation/data/pseudo_labels/teacher_tta_confidence/coronacases_007_slice_0171.npy,/kaggle/working/scribble-uncertainty-lung-segmentation/outputs/predictions/teacher_tta_probabilities/coronacases_007_slice_0171.npy,0.05,0,0,65536,0,0,1.0,False
coronacases_007,172,/kaggle/working/scribble-uncertainty-lung-segmentation/data/pseudo_labels/teacher_tta_labels/coronacases_007_slice_0172.npy,/kaggle/working/scribble-uncertainty-lung-segmentation/data/pseudo_labels/teacher_tta_confidence/coronacases_007_slice_0172.npy,/kaggle/working/scribble-uncertainty-lung-segmentation/outputs/predictions/teacher_tta_probabilities/coronacases_007_slice_0172.npy,0.05,0,4,65536,0,0,2.5000000292152436e-08,False
coronacases_007,173,/kaggle/working/scribble-uncertainty-lung-segmentation/data/pseudo_labels/teacher_tta_labels/coronacases_007_slice_0173.npy,/kaggle/working/scribble-uncertainty-lung-segmentation/data/pseudo_labels/teacher_tta_confidence/coronacases_007_slice_0173.npy,/kaggle/working/scribble-uncertainty-lung-segmentation/outputs/predictions/teacher_tta_probabilities/coronacases_007_slice_0173.npy,0.05,0,0,65536,0,0,1.0,False
coronacases_007,174,/kaggle/working/scribble-uncertainty-lung-segmentation/data/pseudo_labels/teacher_tta_labels/coronacases_007_slice_0174.npy,/kaggle/working/scribble-uncertainty-lung-segmentation/data/pseudo_labels/teacher_tta_confidence/coronacases_007_slice_0174.npy,/kaggle/working/scribble-uncertainty-lung-segmentation/outputs/predictions/teacher_tta_probabilities/coronacases_007_slice_0174.npy,0.05,0,0,65536,0,0,1.0,False
coronacases_007,175,/kaggle/working/scribble-uncertainty-lung-segmentation/data/pseudo_labels/teacher_tta_labels/coronacases_007_slice_0175.npy,/kaggle/working/scribble-uncertainty-lung-segmentation/data/pseudo_labels/teacher_tta_confidence/coronacases_007_slice_0175.npy,/kaggle/working/scribble-uncertainty-lung-segmentation/outputs/predictions/teacher_tta_probabilities/coronacases_007_slice_0175.npy,0.05,0,0,65536,0,0,1.0,False
coronacases_007,176,/kaggle/working/scribble-uncertainty-lung-segmentation/data/pseudo_labels/teacher_tta_labels/coronacases_007_slice_0176.npy,/kaggle/working/scribble-uncertainty-lung-segmentation/data/pseudo_labels/teacher_tta_confidence/coronacases_007_slice_0176.npy,/kaggle/working/scribble-uncertainty-lung-segmentation/outputs/predictions/teacher_tta_probabilities/coronacases_007_slice_0176.npy,0.05,0,0,65536,0,0,1.0,False
coronacases_007,177,/kaggle/working/scribble-uncertainty-lung-segmentation/data/pseudo_labels/teacher_tta_labels/coronacases_007_slice_0177.npy,/kaggle/working/scribble-uncertainty-lung-segmentation/data/pseudo_labels/teacher_tta_confidence/coronacases_007_slice_0177.npy,/kaggle/working/scribble-uncertainty-lung-segmentation/outputs/predictions/teacher_tta_probabilities/coronacases_007_slice_0177.npy,0.05,0,0,65536,0,0,1.0,False
coronacases_007,178,/kaggle/working/scribble-uncertainty-lung-segmentation/data/pseudo_labels/teacher_tta_labels/coronacases_007_slice_0178.npy,/kaggle/working/scribble-uncertainty-lung-segmentation/data/pseudo_labels/teacher_tta_confidence/coronacases_007_slice_0178.npy,/kaggle/working/scribble-uncertainty-lung-segmentation/outputs/predictions/teacher_tta_probabilities/coronacases_007_slice_0178.npy,0.05,0,0,65536,0,0,1.0,False
coronacases_007,179,/kaggle/working/scribble-uncertainty-lung-segmentation/data/pseudo_labels/teacher_tta_labels/coronacases_007_slice_0179.npy,/kaggle/working/scribble-uncertainty-lung-segmentation/data/pseudo_labels/teacher_tta_confidence/coronacases_007_slice_0179.npy,/kaggle/working/scribble-uncertainty-lung-segmentation/outputs/predictions/teacher_tta_probabilities/coronacases_007_slice_0179.npy,0.05,0,0,65536,0,0,1.0,False
coronacases_007,180,/kaggle/working/scribble-uncertainty-lung-segmentation/data/pseudo_labels/teacher_tta_labels/coronacases_007_slice_0180.npy,/kaggle/working/scribble-uncertainty-lung-segmentation/data/pseudo_labels/teacher_tta_confidence/coronacases_007_slice_0180.npy,/kaggle/working/scribble-uncertainty-lung-segmentation/outputs/predictions/teacher_tta_probabilities/coronacases_007_slice_0180.npy,0.05,0,0,65536,0,0,1.0,False
coronacases_007,181,/kaggle/working/scribble-uncertainty-lung-segmentation/data/pseudo_labels/teacher_tta_labels/coronacases_007_slice_0181.npy,/kaggle/working/scribble-uncertainty-lung-segmentation/data/pseudo_labels/teacher_tta_confidence/coronacases_007_slice_0181.npy,/kaggle/working/scribble-uncertainty-lung-segmentation/outputs/predictions/teacher_tta_probabilities/coronacases_007_slice_0181.npy,0.05,0,0,65536,0,0,1.0,False
coronacases_007,182,/kaggle/working/scribble-uncertainty-lung-segmentation/data/pseudo_labels/teacher_tta_labels/coronacases_007_slice_0182.npy,/kaggle/working/scribble-uncertainty-lung-segmentation/data/pseudo_labels/teacher_tta_confidence/coronacases_007_slice_0182.npy,/kaggle/working/scribble-uncertainty-lung-segmentation/outputs/predictions/teacher_tta_probabilities/coronacases_007_slice_0182.npy,0.05,0,0,65536,0,0,1.0,False
coronacases_007,183,/kaggle/working/scribble-uncertainty-lung-segmentation/data/pseudo_labels/teacher_tta_labels/coronacases_007_slice_0183.npy,/kaggle/working/scribble-uncertainty-lung-segmentation/data/pseudo_labels/teacher_tta_confidence/coronacases_007_slice_0183.npy,/kaggle/working/scribble-uncertainty-lung-segmentation/outputs/predictions/teacher_tta_probabilities/coronacases_007_slice_0183.npy,0.05,0,0,65536,0,0,1.0,False
coronacases_007,184,/kaggle/working/scribble-uncertainty-lung-segmentation/data/pseudo_labels/teacher_tta_labels/coronacases_007_slice_0184.npy,/kaggle/working/scribble-uncertainty-lung-segmentation/data/pseudo_labels/teacher_tta_confidence/coronacases_007_slice_0184.npy,/kaggle/working/scribble-uncertainty-lung-segmentation/outputs/predictions/teacher_tta_probabilities/coronacases_007_slice_0184.npy,0.05,0,0,65536,0,0,1.0,False
coronacases_007,185,/kaggle/working/scribble-uncertainty-lung-segmentation/data/pseudo_labels/teacher_tta_labels/coronacases_007_slice_0185.npy,/kaggle/working/scribble-uncertainty-lung-segmentation/data/pseudo_labels/teacher_tta_confidence/coronacases_007_slice_0185.npy,/kaggle/working/scribble-uncertainty-lung-segmentation/outputs/predictions/teacher_tta_probabilities/coronacases_007_slice_0185.npy,0.05,0,0,65536,0,0,1.0,False
coronacases_007,186,/kaggle/working/scribble-uncertainty-lung-segmentation/data/pseudo_labels/teacher_tta_labels/coronacases_007_slice_0186.npy,/kaggle/working/scribble-uncertainty-lung-segmentation/data/pseudo_labels/teacher_tta_confidence/coronacases_007_slice_0186.npy,/kaggle/working/scribble-uncertainty-lung-segmentation/outputs/predictions/teacher_tta_probabilities/coronacases_007_slice_0186.npy,0.05,0,0,65536,0,0,1.0,False
coronacases_007,187,/kaggle/working/scribble-uncertainty-lung-segmentation/data/pseudo_labels/teacher_tta_labels/coronacases_007_slice_0187.npy,/kaggle/working/scribble-uncertainty-lung-segmentation/data/pseudo_labels/teacher_tta_confidence/coronacases_007_slice_0187.npy,/kaggle/working/scribble-uncertainty-lung-segmentation/outputs/predictions/teacher_tta_probabilities/coronacases_007_slice_0187.npy,0.05,0,19,65536,0,0,5.263157909496385e-09,False
coronacases_007,188,/kaggle/working/scribble-uncertainty-lung-segmentation/data/pseudo_labels/teacher_tta_labels/coronacases_007_slice_0188.npy,/kaggle/working/scribble-uncertainty-lung-segmentation/data/pseudo_labels/teacher_tta_confidence/coronacases_007_slice_0188.npy,/kaggle/working/scribble-uncertainty-lung-segmentation/outputs/predictions/teacher_tta_probabilities/coronacases_007_slice_0188.npy,0.05,0,6,65536,0,0,1.666666626931601e-08,False
coronacases_007,189,/kaggle/working/scribble-uncertainty-lung-segmentation/data/pseudo_labels/teacher_tta_labels/coronacases_007_slice_0189.npy,/kaggle/working/scribble-uncertainty-lung-segmentation/data/pseudo_labels/teacher_tta_confidence/coronacases_007_slice_0189.npy,/kaggle/working/scribble-uncertainty-lung-segmentation/outputs/predictions/teacher_tta_probabilities/coronacases_007_slice_0189.npy,0.05,0,0,65536,0,0,1.0,False
coronacases_007,190,/kaggle/working/scribble-uncertainty-lung-segmentation/data/pseudo_labels/teacher_tta_labels/coronacases_007_slice_0190.npy,/kaggle/working/scribble-uncertainty-lung-segmentation/data/pseudo_labels/teacher_tta_confidence/coronacases_007_slice_0190.npy,/kaggle/working/scribble-uncertainty-lung-segmentation/outputs/predictions/teacher_tta_probabilities/coronacases_007_slice_0190.npy,0.05,0,3,65536,0,0,3.333333253863202e-08,False
coronacases_007,191,/kaggle/working/scribble-uncertainty-lung-segmentation/data/pseudo_labels/teacher_tta_labels/coronacases_007_slice_0191.npy,/kaggle/working/scribble-uncertainty-lung-segmentation/data/pseudo_labels/teacher_tta_confidence/coronacases_007_slice_0191.npy,/kaggle/working/scribble-uncertainty-lung-segmentation/outputs/predictions/teacher_tta_probabilities/coronacases_007_slice_0191.npy,0.05,0,0,65536,0,0,1.0,False
coronacases_007,192,/kaggle/working/scribble-uncertainty-lung-segmentation/data/pseudo_labels/teacher_tta_labels/coronacases_007_slice_0192.npy,/kaggle/working/scribble-uncertainty-lung-segmentation/data/pseudo_labels/teacher_tta_confidence/coronacases_007_slice_0192.npy,/kaggle/working/scribble-uncertainty-lung-segmentation/outputs/predictions/teacher_tta_probabilities/coronacases_007_slice_0192.npy,0.05,0,0,65536,0,0,1.0,False
coronacases_007,193,/kaggle/working/scribble-uncertainty-lung-segmentation/data/pseudo_labels/teacher_tta_labels/coronacases_007_slice_0193.npy,/kaggle/working/scribble-uncertainty-lung-segmentation/data/pseudo_labels/teacher_tta_confidence/coronacases_007_slice_0193.npy,/kaggle/working/scribble-uncertainty-lung-segmentation/outputs/predictions/teacher_tta_probabilities/coronacases_007_slice_0193.npy,0.05,0,0,65536,0,0,1.0,False
coronacases_007,194,/kaggle/working/scribble-uncertainty-lung-segmentation/data/pseudo_labels/teacher_tta_labels/coronacases_007_slice_0194.npy,/kaggle/working/scribble-uncertainty-lung-segmentation/data/pseudo_labels/teacher_tta_confidence/coronacases_007_slice_0194.npy,/kaggle/working/scribble-uncertainty-lung-segmentation/outputs/predictions/teacher_tta_probabilities/coronacases_007_slice_0194.npy,0.05,0,0,65536,0,0,1.0,False
coronacases_007,195,/kaggle/working/scribble-uncertainty-lung-segmentation/data/pseudo_labels/teacher_tta_labels/coronacases_007_slice_0195.npy,/kaggle/working/scribble-uncertainty-lung-segmentation/data/pseudo_labels/teacher_tta_confidence/coronacases_007_slice_0195.npy,/kaggle/working/scribble-uncertainty-lung-segmentation/outputs/predictions/teacher_tta_probabilities/coronacases_007_slice_0195.npy,0.05,0,0,65536,0,0,1.0,False
coronacases_007,196,/kaggle/working/scribble-uncertainty-lung-segmentation/data/pseudo_labels/teacher_tta_labels/coronacases_007_slice_0196.npy,/kaggle/working/scribble-uncertainty-lung-segmentation/data/pseudo_labels/teacher_tta_confidence/coronacases_007_slice_0196.npy,/kaggle/working/scribble-uncertainty-lung-segmentation/outputs/predictions/teacher_tta_probabilities/coronacases_007_slice_0196.npy,0.05,0,0,65536,0,0,1.0,False
coronacases_007,197,/kaggle/working/scribble-uncertainty-lung-segmentation/data/pseudo_labels/teacher_tta_labels/coronacases_007_slice_0197.npy,/kaggle/working/scribble-uncertainty-lung-segmentation/data/pseudo_labels/teacher_tta_confidence/coronacases_007_slice_0197.npy,/kaggle/working/scribble-uncertainty-lung-segmentation/outputs/predictions/teacher_tta_probabilities/coronacases_007_slice_0197.npy,0.05,0,0,65536,0,0,1.0,False
coronacases_007,198,/kaggle/working/scribble-uncertainty-lung-segmentation/data/pseudo_labels/teacher_tta_labels/coronacases_007_slice_0198.npy,/kaggle/working/scribble-uncertainty-lung-segmentation/data/pseudo_labels/teacher_tta_confidence/coronacases_007_slice_0198.npy,/kaggle/working/scribble-uncertainty-lung-segmentation/outputs/predictions/teacher_tta_probabilities/coronacases_007_slice_0198.npy,0.05,0,0,65536,0,0,1.0,False
coronacases_007,199,/kaggle/working/scribble-uncertainty-lung-segmentation/data/pseudo_labels/teacher_tta_labels/coronacases_007_slice_0199.npy,/kaggle/working/scribble-uncertainty-lung-segmentation/data/pseudo_labels/teacher_tta_confidence/coronacases_007_slice_0199.npy,/kaggle/working/scribble-uncertainty-lung-segmentation/outputs/predictions/teacher_tta_probabilities/coronacases_007_slice_0199.npy,0.05,0,0,65536,0,0,1.0,False
coronacases_007,200,/kaggle/working/scribble-uncertainty-lung-segmentation/data/pseudo_labels/teacher_tta_labels/coronacases_007_slice_0200.npy,/kaggle/working/scribble-uncertainty-lung-segmentation/data/pseudo_labels/teacher_tta_confidence/coronacases_007_slice_0200.npy,/kaggle/working/scribble-uncertainty-lung-segmentation/outputs/predictions/teacher_tta_probabilities/coronacases_007_slice_0200.npy,0.05,0,0,65536,0,0,1.0,False
coronacases_007,201,/kaggle/working/scribble-uncertainty-lung-segmentation/data/pseudo_labels/teacher_tta_labels/coronacases_007_slice_0201.npy,/kaggle/working/scribble-uncertainty-lung-segmentation/data/pseudo_labels/teacher_tta_confidence/coronacases_007_slice_0201.npy,/kaggle/working/scribble-uncertainty-lung-segmentation/outputs/predictions/teacher_tta_probabilities/coronacases_007_slice_0201.npy,0.05,0,20,65536,0,0,4.999999969612645e-09,False
coronacases_007,202,/kaggle/working/scribble-uncertainty-lung-segmentation/data/pseudo_labels/teacher_tta_labels/coronacases_007_slice_0202.npy,/kaggle/working/scribble-uncertainty-lung-segmentation/data/pseudo_labels/teacher_tta_confidence/coronacases_007_slice_0202.npy,/kaggle/working/scribble-uncertainty-lung-segmentation/outputs/predictions/teacher_tta_probabilities/coronacases_007_slice_0202.npy,0.05,0,0,65536,0,0,1.0,False
coronacases_007,203,/kaggle/working/scribble-uncertainty-lung-segmentation/data/pseudo_labels/teacher_tta_labels/coronacases_007_slice_0203.npy,/kaggle/working/scribble-uncertainty-lung-segmentation/data/pseudo_labels/teacher_tta_confidence/coronacases_007_slice_0203.npy,/kaggle/working/scribble-uncertainty-lung-segmentation/outputs/predictions/teacher_tta_probabilities/coronacases_007_slice_0203.npy,0.05,0,0,65536,0,0,1.0,False
coronacases_007,204,/kaggle/working/scribble-uncertainty-lung-segmentation/data/pseudo_labels/teacher_tta_labels/coronacases_007_slice_0204.npy,/kaggle/working/scribble-uncertainty-lung-segmentation/data/pseudo_labels/teacher_tta_confidence/coronacases_007_slice_0204.npy,/kaggle/working/scribble-uncertainty-lung-segmentation/outputs/predictions/teacher_tta_probabilities/coronacases_007_slice_0204.npy,0.05,0,0,65536,0,0,1.0,False
coronacases_007,205,/kaggle/working/scribble-uncertainty-lung-segmentation/data/pseudo_labels/teacher_tta_labels/coronacases_007_slice_0205.npy,/kaggle/working/scribble-uncertainty-lung-segmentation/data/pseudo_labels/teacher_tta_confidence/coronacases_007_slice_0205.npy,/kaggle/working/scribble-uncertainty-lung-segmentation/outputs/predictions/teacher_tta_probabilities/coronacases_007_slice_0205.npy,0.05,0,0,65536,0,0,1.0,False
coronacases_007,206,/kaggle/working/scribble-uncertainty-lung-segmentation/data/pseudo_labels/teacher_tta_labels/coronacases_007_slice_0206.npy,/kaggle/working/scribble-uncertainty-lung-segmentation/data/pseudo_labels/teacher_tta_confidence/coronacases_007_slice_0206.npy,/kaggle/working/scribble-uncertainty-lung-segmentation/outputs/predictions/teacher_tta_probabilities/coronacases_007_slice_0206.npy,0.05,0,0,65536,0,0,1.0,False
coronacases_007,207,/kaggle/working/scribble-uncertainty-lung-segmentation/data/pseudo_labels/teacher_tta_labels/coronacases_007_slice_0207.npy,/kaggle/working/scribble-uncertainty-lung-segmentation/data/pseudo_labels/teacher_tta_confidence/coronacases_007_slice_0207.npy,/kaggle/working/scribble-uncertainty-lung-segmentation/outputs/predictions/teacher_tta_probabilities/coronacases_007_slice_0207.npy,0.05,0,0,65536,0,0,1.0,False
coronacases_007,208,/kaggle/working/scribble-uncertainty-lung-segmentation/data/pseudo_labels/teacher_tta_labels/coronacases_007_slice_0208.npy,/kaggle/working/scribble-uncertainty-lung-segmentation/data/pseudo_labels/teacher_tta_confidence/coronacases_007_slice_0208.npy,/kaggle/working/scribble-uncertainty-lung-segmentation/outputs/predictions/teacher_tta_probabilities/coronacases_007_slice_0208.npy,0.05,0,0,65536,0,0,1.0,False
coronacases_007,209,/kaggle/working/scribble-uncertainty-lung-segmentation/data/pseudo_labels/teacher_tta_labels/coronacases_007_slice_0209.npy,/kaggle/working/scribble-uncertainty-lung-segmentation/data/pseudo_labels/teacher_tta_confidence/coronacases_007_slice_0209.npy,/kaggle/working/scribble-uncertainty-lung-segmentation/outputs/predictions/teacher_tta_probabilities/coronacases_007_slice_0209.npy,0.05,0,0,65536,0,0,1.0,False
coronacases_007,210,/kaggle/working/scribble-uncertainty-lung-segmentation/data/pseudo_labels/teacher_tta_labels/coronacases_007_slice_0210.npy,/kaggle/working/scribble-uncertainty-lung-segmentation/data/pseudo_labels/teacher_tta_confidence/coronacases_007_slice_0210.npy,/kaggle/working/scribble-uncertainty-lung-segmentation/outputs/predictions/teacher_tta_probabilities/coronacases_007_slice_0210.npy,0.05,0,0,65536,0,0,1.0,False
coronacases_007,211,/kaggle/working/scribble-uncertainty-lung-segmentation/data/pseudo_labels/teacher_tta_labels/coronacases_007_slice_0211.npy,/kaggle/working/scribble-uncertainty-lung-segmentation/data/pseudo_labels/teacher_tta_confidence/coronacases_007_slice_0211.npy,/kaggle/working/scribble-uncertainty-lung-segmentation/outputs/predictions/teacher_tta_probabilities/coronacases_007_slice_0211.npy,0.05,0,0,65536,0,0,1.0,False
coronacases_007,212,/kaggle/working/scribble-uncertainty-lung-segmentation/data/pseudo_labels/teacher_tta_labels/coronacases_007_slice_0212.npy,/kaggle/working/scribble-uncertainty-lung-segmentation/data/pseudo_labels/teacher_tta_confidence/coronacases_007_slice_0212.npy,/kaggle/working/scribble-uncertainty-lung-segmentation/outputs/predictions/teacher_tta_probabilities/coronacases_007_slice_0212.npy,0.05,0,0,65536,0,0,1.0,False
coronacases_007,213,/kaggle/working/scribble-uncertainty-lung-segmentation/data/pseudo_labels/teacher_tta_labels/coronacases_007_slice_0213.npy,/kaggle/working/scribble-uncertainty-lung-segmentation/data/pseudo_labels/teacher_tta_confidence/coronacases_007_slice_0213.npy,/kaggle/working/scribble-uncertainty-lung-segmentation/outputs/predictions/teacher_tta_probabilities/coronacases_007_slice_0213.npy,0.05,0,0,65536,0,0,1.0,False
coronacases_007,214,/kaggle/working/scribble-uncertainty-lung-segmentation/data/pseudo_labels/teacher_tta_labels/coronacases_007_slice_0214.npy,/kaggle/working/scribble-uncertainty-lung-segmentation/data/pseudo_labels/teacher_tta_confidence/coronacases_007_slice_0214.npy,/kaggle/working/scribble-uncertainty-lung-segmentation/outputs/predictions/teacher_tta_probabilities/coronacases_007_slice_0214.npy,0.05,0,0,65536,0,0,1.0,False
coronacases_007,215,/kaggle/working/scribble-uncertainty-lung-segmentation/data/pseudo_labels/teacher_tta_labels/coronacases_007_slice_0215.npy,/kaggle/working/scribble-uncertainty-lung-segmentation/data/pseudo_labels/teacher_tta_confidence/coronacases_007_slice_0215.npy,/kaggle/working/scribble-uncertainty-lung-segmentation/outputs/predictions/teacher_tta_probabilities/coronacases_007_slice_0215.npy,0.05,0,0,65536,0,0,1.0,False
coronacases_007,216,/kaggle/working/scribble-uncertainty-lung-segmentation/data/pseudo_labels/teacher_tta_labels/coronacases_007_slice_0216.npy,/kaggle/working/scribble-uncertainty-lung-segmentation/data/pseudo_labels/teacher_tta_confidence/coronacases_007_slice_0216.npy,/kaggle/working/scribble-uncertainty-lung-segmentation/outputs/predictions/teacher_tta_probabilities/coronacases_007_slice_0216.npy,0.05,0,0,65536,0,0,1.0,False
coronacases_007,217,/kaggle/working/scribble-uncertainty-lung-segmentation/data/pseudo_labels/teacher_tta_labels/coronacases_007_slice_0217.npy,/kaggle/working/scribble-uncertainty-lung-segmentation/data/pseudo_labels/teacher_tta_confidence/coronacases_007_slice_0217.npy,/kaggle/working/scribble-uncertainty-lung-segmentation/outputs/predictions/teacher_tta_probabilities/coronacases_007_slice_0217.npy,0.05,0,0,65536,0,0,1.0,False
coronacases_007,218,/kaggle/working/scribble-uncertainty-lung-segmentation/data/pseudo_labels/teacher_tta_labels/coronacases_007_slice_0218.npy,/kaggle/working/scribble-uncertainty-lung-segmentation/data/pseudo_labels/teacher_tta_confidence/coronacases_007_slice_0218.npy,/kaggle/working/scribble-uncertainty-lung-segmentation/outputs/predictions/teacher_tta_probabilities/coronacases_007_slice_0218.npy,0.05,0,19,65536,0,0,5.263157909496385e-09,False
coronacases_007,219,/kaggle/working/scribble-uncertainty-lung-segmentation/data/pseudo_labels/teacher_tta_labels/coronacases_007_slice_0219.npy,/kaggle/working/scribble-uncertainty-lung-segmentation/data/pseudo_labels/teacher_tta_confidence/coronacases_007_slice_0219.npy,/kaggle/working/scribble-uncertainty-lung-segmentation/outputs/predictions/teacher_tta_probabilities/coronacases_007_slice_0219.npy,0.05,0,16,65536,0,0,6.250000073038109e-09,False
coronacases_007,220,/kaggle/working/scribble-uncertainty-lung-segmentation/data/pseudo_labels/teacher_tta_labels/coronacases_007_slice_0220.npy,/kaggle/working/scribble-uncertainty-lung-segmentation/data/pseudo_labels/teacher_tta_confidence/coronacases_007_slice_0220.npy,/kaggle/working/scribble-uncertainty-lung-segmentation/outputs/predictions/teacher_tta_probabilities/coronacases_007_slice_0220.npy,0.05,0,7,65536,0,0,1.4285714833306429e-08,False
coronacases_007,221,/kaggle/working/scribble-uncertainty-lung-segmentation/data/pseudo_labels/teacher_tta_labels/coronacases_007_slice_0221.npy,/kaggle/working/scribble-uncertainty-lung-segmentation/data/pseudo_labels/teacher_tta_confidence/coronacases_007_slice_0221.npy,/kaggle/working/scribble-uncertainty-lung-segmentation/outputs/predictions/teacher_tta_probabilities/coronacases_007_slice_0221.npy,0.05,0,0,65536,0,0,1.0,False
coronacases_007,222,/kaggle/working/scribble-uncertainty-lung-segmentation/data/pseudo_labels/teacher_tta_labels/coronacases_007_slice_0222.npy,/kaggle/working/scribble-uncertainty-lung-segmentation/data/pseudo_labels/teacher_tta_confidence/coronacases_007_slice_0222.npy,/kaggle/working/scribble-uncertainty-lung-segmentation/outputs/predictions/teacher_tta_probabilities/coronacases_007_slice_0222.npy,0.05,0,0,65536,0,0,1.0,False
coronacases_007,223,/kaggle/working/scribble-uncertainty-lung-segmentation/data/pseudo_labels/teacher_tta_labels/coronacases_007_slice_0223.npy,/kaggle/working/scribble-uncertainty-lung-segmentation/data/pseudo_labels/teacher_tta_confidence/coronacases_007_slice_0223.npy,/kaggle/working/scribble-uncertainty-lung-segmentation/outputs/predictions/teacher_tta_probabilities/coronacases_007_slice_0223.npy,0.05,0,0,65536,0,0,1.0,False
coronacases_007,224,/kaggle/working/scribble-uncertainty-lung-segmentation/data/pseudo_labels/teacher_tta_labels/coronacases_007_slice_0224.npy,/kaggle/working/scribble-uncertainty-lung-segmentation/data/pseudo_labels/teacher_tta_confidence/coronacases_007_slice_0224.npy,/kaggle/working/scribble-uncertainty-lung-segmentation/outputs/predictions/teacher_tta_probabilities/coronacases_007_slice_0224.npy,0.05,0,0,65536,0,0,1.0,False
coronacases_007,225,/kaggle/working/scribble-uncertainty-lung-segmentation/data/pseudo_labels/teacher_tta_labels/coronacases_007_slice_0225.npy,/kaggle/working/scribble-uncertainty-lung-segmentation/data/pseudo_labels/teacher_tta_confidence/coronacases_007_slice_0225.npy,/kaggle/working/scribble-uncertainty-lung-segmentation/outputs/predictions/teacher_tta_probabilities/coronacases_007_slice_0225.npy,0.05,0,0,65536,0,0,1.0,False
coronacases_007,226,/kaggle/working/scribble-uncertainty-lung-segmentation/data/pseudo_labels/teacher_tta_labels/coronacases_007_slice_0226.npy,/kaggle/working/scribble-uncertainty-lung-segmentation/data/pseudo_labels/teacher_tta_confidence/coronacases_007_slice_0226.npy,/kaggle/working/scribble-uncertainty-lung-segmentation/outputs/predictions/teacher_tta_probabilities/coronacases_007_slice_0226.npy,0.05,0,0,65536,0,0,1.0,False
coronacases_007,227,/kaggle/working/scribble-uncertainty-lung-segmentation/data/pseudo_labels/teacher_tta_labels/coronacases_007_slice_0227.npy,/kaggle/working/scribble-uncertainty-lung-segmentation/data/pseudo_labels/teacher_tta_confidence/coronacases_007_slice_0227.npy,/kaggle/working/scribble-uncertainty-lung-segmentation/outputs/predictions/teacher_tta_probabilities/coronacases_007_slice_0227.npy,0.05,0,0,65536,0,0,1.0,False
coronacases_007,228,/kaggle/working/scribble-uncertainty-lung-segmentation/data/pseudo_labels/teacher_tta_labels/coronacases_007_slice_0228.npy,/kaggle/working/scribble-uncertainty-lung-segmentation/data/pseudo_labels/teacher_tta_confidence/coronacases_007_slice_0228.npy,/kaggle/working/scribble-uncertainty-lung-segmentation/outputs/predictions/teacher_tta_probabilities/coronacases_007_slice_0228.npy,0.05,0,0,65536,0,0,1.0,False
coronacases_008,28,/kaggle/working/scribble-uncertainty-lung-segmentation/data/pseudo_labels/teacher_tta_labels/coronacases_008_slice_0028.npy,/kaggle/working/scribble-uncertainty-lung-segmentation/data/pseudo_labels/teacher_tta_confidence/coronacases_008_slice_0028.npy,/kaggle/working/scribble-uncertainty-lung-segmentation/outputs/predictions/teacher_tta_probabilities/coronacases_008_slice_0028.npy,0.05,0,0,65536,0,0,1.0,False
coronacases_008,29,/kaggle/working/scribble-uncertainty-lung-segmentation/data/pseudo_labels/teacher_tta_labels/coronacases_008_slice_0029.npy,/kaggle/working/scribble-uncertainty-lung-segmentation/data/pseudo_labels/teacher_tta_confidence/coronacases_008_slice_0029.npy,/kaggle/working/scribble-uncertainty-lung-segmentation/outputs/predictions/teacher_tta_probabilities/coronacases_008_slice_0029.npy,0.05,0,0,65536,0,0,1.0,False
coronacases_008,30,/kaggle/working/scribble-uncertainty-lung-segmentation/data/pseudo_labels/teacher_tta_labels/coronacases_008_slice_0030.npy,/kaggle/working/scribble-uncertainty-lung-segmentation/data/pseudo_labels/teacher_tta_confidence/coronacases_008_slice_0030.npy,/kaggle/working/scribble-uncertainty-lung-segmentation/outputs/predictions/teacher_tta_probabilities/coronacases_008_slice_0030.npy,0.05,0,0,65536,0,0,1.0,False
coronacases_008,31,/kaggle/working/scribble-uncertainty-lung-segmentation/data/pseudo_labels/teacher_tta_labels/coronacases_008_slice_0031.npy,/kaggle/working/scribble-uncertainty-lung-segmentation/data/pseudo_labels/teacher_tta_confidence/coronacases_008_slice_0031.npy,/kaggle/working/scribble-uncertainty-lung-segmentation/outputs/predictions/teacher_tta_probabilities/coronacases_008_slice_0031.npy,0.05,0,0,65536,0,0,1.0,False
coronacases_008,32,/kaggle/working/scribble-uncertainty-lung-segmentation/data/pseudo_labels/teacher_tta_labels/coronacases_008_slice_0032.npy,/kaggle/working/scribble-uncertainty-lung-segmentation/data/pseudo_labels/teacher_tta_confidence/coronacases_008_slice_0032.npy,/kaggle/working/scribble-uncertainty-lung-segmentation/outputs/predictions/teacher_tta_probabilities/coronacases_008_slice_0032.npy,0.05,0,0,65536,0,0,1.0,False
coronacases_008,33,/kaggle/working/scribble-uncertainty-lung-segmentation/data/pseudo_labels/teacher_tta_labels/coronacases_008_slice_0033.npy,/kaggle/working/scribble-uncertainty-lung-segmentation/data/pseudo_labels/teacher_tta_confidence/coronacases_008_slice_0033.npy,/kaggle/working/scribble-uncertainty-lung-segmentation/outputs/predictions/teacher_tta_probabilities/coronacases_008_slice_0033.npy,0.05,0,0,65536,0,0,1.0,False
coronacases_008,34,/kaggle/working/scribble-uncertainty-lung-segmentation/data/pseudo_labels/teacher_tta_labels/coronacases_008_slice_0034.npy,/kaggle/working/scribble-uncertainty-lung-segmentation/data/pseudo_labels/teacher_tta_confidence/coronacases_008_slice_0034.npy,/kaggle/working/scribble-uncertainty-lung-segmentation/outputs/predictions/teacher_tta_probabilities/coronacases_008_slice_0034.npy,0.05,0,0,65536,0,0,1.0,False
coronacases_008,35,/kaggle/working/scribble-uncertainty-lung-segmentation/data/pseudo_labels/teacher_tta_labels/coronacases_008_slice_0035.npy,/kaggle/working/scribble-uncertainty-lung-segmentation/data/pseudo_labels/teacher_tta_confidence/coronacases_008_slice_0035.npy,/kaggle/working/scribble-uncertainty-lung-segmentation/outputs/predictions/teacher_tta_probabilities/coronacases_008_slice_0035.npy,0.05,0,0,65536,0,0,1.0,False
coronacases_008,36,/kaggle/working/scribble-uncertainty-lung-segmentation/data/pseudo_labels/teacher_tta_labels/coronacases_008_slice_0036.npy,/kaggle/working/scribble-uncertainty-lung-segmentation/data/pseudo_labels/teacher_tta_confidence/coronacases_008_slice_0036.npy,/kaggle/working/scribble-uncertainty-lung-segmentation/outputs/predictions/teacher_tta_probabilities/coronacases_008_slice_0036.npy,0.05,0,0,65536,0,0,1.0,False
coronacases_008,37,/kaggle/working/scribble-uncertainty-lung-segmentation/data/pseudo_labels/teacher_tta_labels/coronacases_008_slice_0037.npy,/kaggle/working/scribble-uncertainty-lung-segmentation/data/pseudo_labels/teacher_tta_confidence/coronacases_008_slice_0037.npy,/kaggle/working/scribble-uncertainty-lung-segmentation/outputs/predictions/teacher_tta_probabilities/coronacases_008_slice_0037.npy,0.05,0,0,65536,0,0,1.0,False
coronacases_008,38,/kaggle/working/scribble-uncertainty-lung-segmentation/data/pseudo_labels/teacher_tta_labels/coronacases_008_slice_0038.npy,/kaggle/working/scribble-uncertainty-lung-segmentation/data/pseudo_labels/teacher_tta_confidence/coronacases_008_slice_0038.npy,/kaggle/working/scribble-uncertainty-lung-segmentation/outputs/predictions/teacher_tta_probabilities/coronacases_008_slice_0038.npy,0.05,0,0,65536,0,0,1.0,False
coronacases_008,39,/kaggle/working/scribble-uncertainty-lung-segmentation/data/pseudo_labels/teacher_tta_labels/coronacases_008_slice_0039.npy,/kaggle/working/scribble-uncertainty-lung-segmentation/data/pseudo_labels/teacher_tta_confidence/coronacases_008_slice_0039.npy,/kaggle/working/scribble-uncertainty-lung-segmentation/outputs/predictions/teacher_tta_probabilities/coronacases_008_slice_0039.npy,0.05,0,0,65536,0,0,1.0,False
coronacases_008,40,/kaggle/working/scribble-uncertainty-lung-segmentation/data/pseudo_labels/teacher_tta_labels/coronacases_008_slice_0040.npy,/kaggle/working/scribble-uncertainty-lung-segmentation/data/pseudo_labels/teacher_tta_confidence/coronacases_008_slice_0040.npy,/kaggle/working/scribble-uncertainty-lung-segmentation/outputs/predictions/teacher_tta_probabilities/coronacases_008_slice_0040.npy,0.05,0,1,65536,0,0,9.999998695775503e-08,False
coronacases_008,41,/kaggle/working/scribble-uncertainty-lung-segmentation/data/pseudo_labels/teacher_tta_labels/coronacases_008_slice_0041.npy,/kaggle/working/scribble-uncertainty-lung-segmentation/data/pseudo_labels/teacher_tta_confidence/coronacases_008_slice_0041.npy,/kaggle/working/scribble-uncertainty-lung-segmentation/outputs/predictions/teacher_tta_probabilities/coronacases_008_slice_0041.npy,0.05,0,6,65536,0,0,1.666666626931601e-08,False
coronacases_008,42,/kaggle/working/scribble-uncertainty-lung-segmentation/data/pseudo_labels/teacher_tta_labels/coronacases_008_slice_0042.npy,/kaggle/working/scribble-uncertainty-lung-segmentation/data/pseudo_labels/teacher_tta_confidence/coronacases_008_slice_0042.npy,/kaggle/working/scribble-uncertainty-lung-segmentation/outputs/predictions/teacher_tta_probabilities/coronacases_008_slice_0042.npy,0.05,0,12,65536,0,0,8.333333134658005e-09,False
coronacases_008,43,/kaggle/working/scribble-uncertainty-lung-segmentation/data/pseudo_labels/teacher_tta_labels/coronacases_008_slice_0043.npy,/kaggle/working/scribble-uncertainty-lung-segmentation/data/pseudo_labels/teacher_tta_confidence/coronacases_008_slice_0043.npy,/kaggle/working/scribble-uncertainty-lung-segmentation/outputs/predictions/teacher_tta_probabilities/coronacases_008_slice_0043.npy,0.05,0,7,65536,0,0,1.4285714833306429e-08,False
coronacases_008,44,/kaggle/working/scribble-uncertainty-lung-segmentation/data/pseudo_labels/teacher_tta_labels/coronacases_008_slice_0044.npy,/kaggle/working/scribble-uncertainty-lung-segmentation/data/pseudo_labels/teacher_tta_confidence/coronacases_008_slice_0044.npy,/kaggle/working/scribble-uncertainty-lung-segmentation/outputs/predictions/teacher_tta_probabilities/coronacases_008_slice_0044.npy,0.05,0,7,65536,0,0,1.4285714833306429e-08,False
coronacases_008,45,/kaggle/working/scribble-uncertainty-lung-segmentation/data/pseudo_labels/teacher_tta_labels/coronacases_008_slice_0045.npy,/kaggle/working/scribble-uncertainty-lung-segmentation/data/pseudo_labels/teacher_tta_confidence/coronacases_008_slice_0045.npy,/kaggle/working/scribble-uncertainty-lung-segmentation/outputs/predictions/teacher_tta_probabilities/coronacases_008_slice_0045.npy,0.05,0,3,65536,0,0,3.333333253863202e-08,False
coronacases_008,46,/kaggle/working/scribble-uncertainty-lung-segmentation/data/pseudo_labels/teacher_tta_labels/coronacases_008_slice_0046.npy,/kaggle/working/scribble-uncertainty-lung-segmentation/data/pseudo_labels/teacher_tta_confidence/coronacases_008_slice_0046.npy,/kaggle/working/scribble-uncertainty-lung-segmentation/outputs/predictions/teacher_tta_probabilities/coronacases_008_slice_0046.npy,0.05,0,2,65536,0,0,5.000000058430487e-08,False
coronacases_008,47,/kaggle/working/scribble-uncertainty-lung-segmentation/data/pseudo_labels/teacher_tta_labels/coronacases_008_slice_0047.npy,/kaggle/working/scribble-uncertainty-lung-segmentation/data/pseudo_labels/teacher_tta_confidence/coronacases_008_slice_0047.npy,/kaggle/working/scribble-uncertainty-lung-segmentation/outputs/predictions/teacher_tta_probabilities/coronacases_008_slice_0047.npy,0.05,0,0,65536,0,0,1.0,False
coronacases_008,48,/kaggle/working/scribble-uncertainty-lung-segmentation/data/pseudo_labels/teacher_tta_labels/coronacases_008_slice_0048.npy,/kaggle/working/scribble-uncertainty-lung-segmentation/data/pseudo_labels/teacher_tta_confidence/coronacases_008_slice_0048.npy,/kaggle/working/scribble-uncertainty-lung-segmentation/outputs/predictions/teacher_tta_probabilities/coronacases_008_slice_0048.npy,0.05,0,4,65536,4,16,0.4000000059604645,True
coronacases_008,49,/kaggle/working/scribble-uncertainty-lung-segmentation/data/pseudo_labels/teacher_tta_labels/coronacases_008_slice_0049.npy,/kaggle/working/scribble-uncertainty-lung-segmentation/data/pseudo_labels/teacher_tta_confidence/coronacases_008_slice_0049.npy,/kaggle/working/scribble-uncertainty-lung-segmentation/outputs/predictions/teacher_tta_probabilities/coronacases_008_slice_0049.npy,0.05,0,23,65536,4,24,0.5531914830207825,True
coronacases_008,50,/kaggle/working/scribble-uncertainty-lung-segmentation/data/pseudo_labels/teacher_tta_labels/coronacases_008_slice_0050.npy,/kaggle/working/scribble-uncertainty-lung-segmentation/data/pseudo_labels/teacher_tta_confidence/coronacases_008_slice_0050.npy,/kaggle/working/scribble-uncertainty-lung-segmentation/outputs/predictions/teacher_tta_probabilities/coronacases_008_slice_0050.npy,0.05,0,34,65536,4,31,0.7692307829856873,True
coronacases_008,51,/kaggle/working/scribble-uncertainty-lung-segmentation/data/pseudo_labels/teacher_tta_labels/coronacases_008_slice_0051.npy,/kaggle/working/scribble-uncertainty-lung-segmentation/data/pseudo_labels/teacher_tta_confidence/coronacases_008_slice_0051.npy,/kaggle/working/scribble-uncertainty-lung-segmentation/outputs/predictions/teacher_tta_probabilities/coronacases_008_slice_0051.npy,0.05,0,56,65536,4,32,0.7272727489471436,True
coronacases_008,52,/kaggle/working/scribble-uncertainty-lung-segmentation/data/pseudo_labels/teacher_tta_labels/coronacases_008_slice_0052.npy,/kaggle/working/scribble-uncertainty-lung-segmentation/data/pseudo_labels/teacher_tta_confidence/coronacases_008_slice_0052.npy,/kaggle/working/scribble-uncertainty-lung-segmentation/outputs/predictions/teacher_tta_probabilities/coronacases_008_slice_0052.npy,0.05,0,63,65536,4,29,0.6304348111152649,True
coronacases_008,53,/kaggle/working/scribble-uncertainty-lung-segmentation/data/pseudo_labels/teacher_tta_labels/coronacases_008_slice_0053.npy,/kaggle/working/scribble-uncertainty-lung-segmentation/data/pseudo_labels/teacher_tta_confidence/coronacases_008_slice_0053.npy,/kaggle/working/scribble-uncertainty-lung-segmentation/outputs/predictions/teacher_tta_probabilities/coronacases_008_slice_0053.npy,0.05,0,72,65536,4,40,0.7142857313156128,True
coronacases_008,54,/kaggle/working/scribble-uncertainty-lung-segmentation/data/pseudo_labels/teacher_tta_labels/coronacases_008_slice_0054.npy,/kaggle/working/scribble-uncertainty-lung-segmentation/data/pseudo_labels/teacher_tta_confidence/coronacases_008_slice_0054.npy,/kaggle/working/scribble-uncertainty-lung-segmentation/outputs/predictions/teacher_tta_probabilities/coronacases_008_slice_0054.npy,0.05,0,104,65536,4,35,0.46043166518211365,True
coronacases_008,55,/kaggle/working/scribble-uncertainty-lung-segmentation/data/pseudo_labels/teacher_tta_labels/coronacases_008_slice_0055.npy,/kaggle/working/scribble-uncertainty-lung-segmentation/data/pseudo_labels/teacher_tta_confidence/coronacases_008_slice_0055.npy,/kaggle/working/scribble-uncertainty-lung-segmentation/outputs/predictions/teacher_tta_probabilities/coronacases_008_slice_0055.npy,0.05,0,169,65536,8,82,0.6374502182006836,True
coronacases_008,56,/kaggle/working/scribble-uncertainty-lung-segmentation/data/pseudo_labels/teacher_tta_labels/coronacases_008_slice_0056.npy,/kaggle/working/scribble-uncertainty-lung-segmentation/data/pseudo_labels/teacher_tta_confidence/coronacases_008_slice_0056.npy,/kaggle/working/scribble-uncertainty-lung-segmentation/outputs/predictions/teacher_tta_probabilities/coronacases_008_slice_0056.npy,0.05,0,205,65536,8,161,0.6393442749977112,True
coronacases_008,57,/kaggle/working/scribble-uncertainty-lung-segmentation/data/pseudo_labels/teacher_tta_labels/coronacases_008_slice_0057.npy,/kaggle/working/scribble-uncertainty-lung-segmentation/data/pseudo_labels/teacher_tta_confidence/coronacases_008_slice_0057.npy,/kaggle/working/scribble-uncertainty-lung-segmentation/outputs/predictions/teacher_tta_probabilities/coronacases_008_slice_0057.npy,0.05,0,241,65536,8,216,0.6739606261253357,True
coronacases_008,58,/kaggle/working/scribble-uncertainty-lung-segmentation/data/pseudo_labels/teacher_tta_labels/coronacases_008_slice_0058.npy,/kaggle/working/scribble-uncertainty-lung-segmentation/data/pseudo_labels/teacher_tta_confidence/coronacases_008_slice_0058.npy,/kaggle/working/scribble-uncertainty-lung-segmentation/outputs/predictions/teacher_tta_probabilities/coronacases_008_slice_0058.npy,0.05,0,241,65536,10,237,0.7531380653381348,True
coronacases_008,59,/kaggle/working/scribble-uncertainty-lung-segmentation/data/pseudo_labels/teacher_tta_labels/coronacases_008_slice_0059.npy,/kaggle/working/scribble-uncertainty-lung-segmentation/data/pseudo_labels/teacher_tta_confidence/coronacases_008_slice_0059.npy,/kaggle/working/scribble-uncertainty-lung-segmentation/outputs/predictions/teacher_tta_probabilities/coronacases_008_slice_0059.npy,0.05,0,250,65536,12,219,0.8272920846939087,True
coronacases_008,60,/kaggle/working/scribble-uncertainty-lung-segmentation/data/pseudo_labels/teacher_tta_labels/coronacases_008_slice_0060.npy,/kaggle/working/scribble-uncertainty-lung-segmentation/data/pseudo_labels/teacher_tta_confidence/coronacases_008_slice_0060.npy,/kaggle/working/scribble-uncertainty-lung-segmentation/outputs/predictions/teacher_tta_probabilities/coronacases_008_slice_0060.npy,0.05,0,265,65536,15,194,0.7886710166931152,True
coronacases_008,61,/kaggle/working/scribble-uncertainty-lung-segmentation/data/pseudo_labels/teacher_tta_labels/coronacases_008_slice_0061.npy,/kaggle/working/scribble-uncertainty-lung-segmentation/data/pseudo_labels/teacher_tta_confidence/coronacases_008_slice_0061.npy,/kaggle/working/scribble-uncertainty-lung-segmentation/outputs/predictions/teacher_tta_probabilities/coronacases_008_slice_0061.npy,0.05,0,335,65536,16,243,0.8166090250015259,True
coronacases_008,62,/kaggle/working/scribble-uncertainty-lung-segmentation/data/pseudo_labels/teacher_tta_labels/coronacases_008_slice_0062.npy,/kaggle/working/scribble-uncertainty-lung-segmentation/data/pseudo_labels/teacher_tta_confidence/coronacases_008_slice_0062.npy,/kaggle/working/scribble-uncertainty-lung-segmentation/outputs/predictions/teacher_tta_probabilities/coronacases_008_slice_0062.npy,0.05,0,391,65536,20,294,0.7474452257156372,True
coronacases_008,63,/kaggle/working/scribble-uncertainty-lung-segmentation/data/pseudo_labels/teacher_tta_labels/coronacases_008_slice_0063.npy,/kaggle/working/scribble-uncertainty-lung-segmentation/data/pseudo_labels/teacher_tta_confidence/coronacases_008_slice_0063.npy,/kaggle/working/scribble-uncertainty-lung-segmentation/outputs/predictions/teacher_tta_probabilities/coronacases_008_slice_0063.npy,0.05,0,459,65536,28,315,0.7467700242996216,True
coronacases_008,64,/kaggle/working/scribble-uncertainty-lung-segmentation/data/pseudo_labels/teacher_tta_labels/coronacases_008_slice_0064.npy,/kaggle/working/scribble-uncertainty-lung-segmentation/data/pseudo_labels/teacher_tta_confidence/coronacases_008_slice_0064.npy,/kaggle/working/scribble-uncertainty-lung-segmentation/outputs/predictions/teacher_tta_probabilities/coronacases_008_slice_0064.npy,0.05,0,534,65536,28,424,0.8162839412689209,True
coronacases_008,65,/kaggle/working/scribble-uncertainty-lung-segmentation/data/pseudo_labels/teacher_tta_labels/coronacases_008_slice_0065.npy,/kaggle/working/scribble-uncertainty-lung-segmentation/data/pseudo_labels/teacher_tta_confidence/coronacases_008_slice_0065.npy,/kaggle/working/scribble-uncertainty-lung-segmentation/outputs/predictions/teacher_tta_probabilities/coronacases_008_slice_0065.npy,0.05,0,546,65536,32,409,0.8314136266708374,True
coronacases_008,66,/kaggle/working/scribble-uncertainty-lung-segmentation/data/pseudo_labels/teacher_tta_labels/coronacases_008_slice_0066.npy,/kaggle/working/scribble-uncertainty-lung-segmentation/data/pseudo_labels/teacher_tta_confidence/coronacases_008_slice_0066.npy,/kaggle/working/scribble-uncertainty-lung-segmentation/outputs/predictions/teacher_tta_probabilities/coronacases_008_slice_0066.npy,0.05,0,558,65536,26,405,0.7829698920249939,True
coronacases_008,67,/kaggle/working/scribble-uncertainty-lung-segmentation/data/pseudo_labels/teacher_tta_labels/coronacases_008_slice_0067.npy,/kaggle/working/scribble-uncertainty-lung-segmentation/data/pseudo_labels/teacher_tta_confidence/coronacases_008_slice_0067.npy,/kaggle/working/scribble-uncertainty-lung-segmentation/outputs/predictions/teacher_tta_probabilities/coronacases_008_slice_0067.npy,0.05,0,555,65536,34,369,0.7792207598686218,True
coronacases_008,68,/kaggle/working/scribble-uncertainty-lung-segmentation/data/pseudo_labels/teacher_tta_labels/coronacases_008_slice_0068.npy,/kaggle/working/scribble-uncertainty-lung-segmentation/data/pseudo_labels/teacher_tta_confidence/coronacases_008_slice_0068.npy,/kaggle/working/scribble-uncertainty-lung-segmentation/outputs/predictions/teacher_tta_probabilities/coronacases_008_slice_0068.npy,0.05,0,611,65536,35,449,0.8169811367988586,True
coronacases_008,69,/kaggle/working/scribble-uncertainty-lung-segmentation/data/pseudo_labels/teacher_tta_labels/coronacases_008_slice_0069.npy,/kaggle/working/scribble-uncertainty-lung-segmentation/data/pseudo_labels/teacher_tta_confidence/coronacases_008_slice_0069.npy,/kaggle/working/scribble-uncertainty-lung-segmentation/outputs/predictions/teacher_tta_probabilities/coronacases_008_slice_0069.npy,0.05,0,677,65536,36,502,0.843087375164032,True
coronacases_008,70,/kaggle/working/scribble-uncertainty-lung-segmentation/data/pseudo_labels/teacher_tta_labels/coronacases_008_slice_0070.npy,/kaggle/working/scribble-uncertainty-lung-segmentation/data/pseudo_labels/teacher_tta_confidence/coronacases_008_slice_0070.npy,/kaggle/working/scribble-uncertainty-lung-segmentation/outputs/predictions/teacher_tta_probabilities/coronacases_008_slice_0070.npy,0.05,0,723,65536,38,618,0.8217747807502747,True
coronacases_008,71,/kaggle/working/scribble-uncertainty-lung-segmentation/data/pseudo_labels/teacher_tta_labels/coronacases_008_slice_0071.npy,/kaggle/working/scribble-uncertainty-lung-segmentation/data/pseudo_labels/teacher_tta_confidence/coronacases_008_slice_0071.npy,/kaggle/working/scribble-uncertainty-lung-segmentation/outputs/predictions/teacher_tta_probabilities/coronacases_008_slice_0071.npy,0.05,0,770,65536,37,624,0.8536585569381714,True
coronacases_008,72,/kaggle/working/scribble-uncertainty-lung-segmentation/data/pseudo_labels/teacher_tta_labels/coronacases_008_slice_0072.npy,/kaggle/working/scribble-uncertainty-lung-segmentation/data/pseudo_labels/teacher_tta_confidence/coronacases_008_slice_0072.npy,/kaggle/working/scribble-uncertainty-lung-segmentation/outputs/predictions/teacher_tta_probabilities/coronacases_008_slice_0072.npy,0.05,0,810,65536,37,640,0.8593103289604187,True
coronacases_008,73,/kaggle/working/scribble-uncertainty-lung-segmentation/data/pseudo_labels/teacher_tta_labels/coronacases_008_slice_0073.npy,/kaggle/working/scribble-uncertainty-lung-segmentation/data/pseudo_labels/teacher_tta_confidence/coronacases_008_slice_0073.npy,/kaggle/working/scribble-uncertainty-lung-segmentation/outputs/predictions/teacher_tta_probabilities/coronacases_008_slice_0073.npy,0.05,0,848,65536,43,789,0.9126451015472412,True
coronacases_008,74,/kaggle/working/scribble-uncertainty-lung-segmentation/data/pseudo_labels/teacher_tta_labels/coronacases_008_slice_0074.npy,/kaggle/working/scribble-uncertainty-lung-segmentation/data/pseudo_labels/teacher_tta_confidence/coronacases_008_slice_0074.npy,/kaggle/working/scribble-uncertainty-lung-segmentation/outputs/predictions/teacher_tta_probabilities/coronacases_008_slice_0074.npy,0.05,0,904,65536,33,790,0.9043683409690857,True
coronacases_008,75,/kaggle/working/scribble-uncertainty-lung-segmentation/data/pseudo_labels/teacher_tta_labels/coronacases_008_slice_0075.npy,/kaggle/working/scribble-uncertainty-lung-segmentation/data/pseudo_labels/teacher_tta_confidence/coronacases_008_slice_0075.npy,/kaggle/working/scribble-uncertainty-lung-segmentation/outputs/predictions/teacher_tta_probabilities/coronacases_008_slice_0075.npy,0.05,0,989,65536,45,721,0.8280701637268066,True
coronacases_008,76,/kaggle/working/scribble-uncertainty-lung-segmentation/data/pseudo_labels/teacher_tta_labels/coronacases_008_slice_0076.npy,/kaggle/working/scribble-uncertainty-lung-segmentation/data/pseudo_labels/teacher_tta_confidence/coronacases_008_slice_0076.npy,/kaggle/working/scribble-uncertainty-lung-segmentation/outputs/predictions/teacher_tta_probabilities/coronacases_008_slice_0076.npy,0.05,0,1025,65536,31,773,0.8553948998451233,True
coronacases_008,77,/kaggle/working/scribble-uncertainty-lung-segmentation/data/pseudo_labels/teacher_tta_labels/coronacases_008_slice_0077.npy,/kaggle/working/scribble-uncertainty-lung-segmentation/data/pseudo_labels/teacher_tta_confidence/coronacases_008_slice_0077.npy,/kaggle/working/scribble-uncertainty-lung-segmentation/outputs/predictions/teacher_tta_probabilities/coronacases_008_slice_0077.npy,0.05,0,1028,65536,44,790,0.8591859340667725,True
coronacases_008,78,/kaggle/working/scribble-uncertainty-lung-segmentation/data/pseudo_labels/teacher_tta_labels/coronacases_008_slice_0078.npy,/kaggle/working/scribble-uncertainty-lung-segmentation/data/pseudo_labels/teacher_tta_confidence/coronacases_008_slice_0078.npy,/kaggle/working/scribble-uncertainty-lung-segmentation/outputs/predictions/teacher_tta_probabilities/coronacases_008_slice_0078.npy,0.05,0,1016,65536,54,839,0.8679245114326477,True
coronacases_008,79,/kaggle/working/scribble-uncertainty-lung-segmentation/data/pseudo_labels/teacher_tta_labels/coronacases_008_slice_0079.npy,/kaggle/working/scribble-uncertainty-lung-segmentation/data/pseudo_labels/teacher_tta_confidence/coronacases_008_slice_0079.npy,/kaggle/working/scribble-uncertainty-lung-segmentation/outputs/predictions/teacher_tta_probabilities/coronacases_008_slice_0079.npy,0.05,0,1009,65536,44,812,0.8489840626716614,True
coronacases_008,80,/kaggle/working/scribble-uncertainty-lung-segmentation/data/pseudo_labels/teacher_tta_labels/coronacases_008_slice_0080.npy,/kaggle/working/scribble-uncertainty-lung-segmentation/data/pseudo_labels/teacher_tta_confidence/coronacases_008_slice_0080.npy,/kaggle/working/scribble-uncertainty-lung-segmentation/outputs/predictions/teacher_tta_probabilities/coronacases_008_slice_0080.npy,0.05,0,1016,65536,47,813,0.8485510945320129,True
coronacases_008,81,/kaggle/working/scribble-uncertainty-lung-segmentation/data/pseudo_labels/teacher_tta_labels/coronacases_008_slice_0081.npy,/kaggle/working/scribble-uncertainty-lung-segmentation/data/pseudo_labels/teacher_tta_confidence/coronacases_008_slice_0081.npy,/kaggle/working/scribble-uncertainty-lung-segmentation/outputs/predictions/teacher_tta_probabilities/coronacases_008_slice_0081.npy,0.05,0,1050,65536,49,776,0.8368017673492432,True
coronacases_008,82,/kaggle/working/scribble-uncertainty-lung-segmentation/data/pseudo_labels/teacher_tta_labels/coronacases_008_slice_0082.npy,/kaggle/working/scribble-uncertainty-lung-segmentation/data/pseudo_labels/teacher_tta_confidence/coronacases_008_slice_0082.npy,/kaggle/working/scribble-uncertainty-lung-segmentation/outputs/predictions/teacher_tta_probabilities/coronacases_008_slice_0082.npy,0.05,0,1069,65536,50,766,0.8261580467224121,True
coronacases_008,83,/kaggle/working/scribble-uncertainty-lung-segmentation/data/pseudo_labels/teacher_tta_labels/coronacases_008_slice_0083.npy,/kaggle/working/scribble-uncertainty-lung-segmentation/data/pseudo_labels/teacher_tta_confidence/coronacases_008_slice_0083.npy,/kaggle/working/scribble-uncertainty-lung-segmentation/outputs/predictions/teacher_tta_probabilities/coronacases_008_slice_0083.npy,0.05,0,997,65536,50,775,0.8623024821281433,True
coronacases_008,84,/kaggle/working/scribble-uncertainty-lung-segmentation/data/pseudo_labels/teacher_tta_labels/coronacases_008_slice_0084.npy,/kaggle/working/scribble-uncertainty-lung-segmentation/data/pseudo_labels/teacher_tta_confidence/coronacases_008_slice_0084.npy,/kaggle/working/scribble-uncertainty-lung-segmentation/outputs/predictions/teacher_tta_probabilities/coronacases_008_slice_0084.npy,0.05,0,988,65536,39,807,0.866852343082428,True
coronacases_008,85,/kaggle/working/scribble-uncertainty-lung-segmentation/data/pseudo_labels/teacher_tta_labels/coronacases_008_slice_0085.npy,/kaggle/working/scribble-uncertainty-lung-segmentation/data/pseudo_labels/teacher_tta_confidence/coronacases_008_slice_0085.npy,/kaggle/working/scribble-uncertainty-lung-segmentation/outputs/predictions/teacher_tta_probabilities/coronacases_008_slice_0085.npy,0.05,0,997,65536,40,739,0.843317985534668,True
coronacases_008,86,/kaggle/working/scribble-uncertainty-lung-segmentation/data/pseudo_labels/teacher_tta_labels/coronacases_008_slice_0086.npy,/kaggle/working/scribble-uncertainty-lung-segmentation/data/pseudo_labels/teacher_tta_confidence/coronacases_008_slice_0086.npy,/kaggle/working/scribble-uncertainty-lung-segmentation/outputs/predictions/teacher_tta_probabilities/coronacases_008_slice_0086.npy,0.05,0,1028,65536,31,703,0.8018486499786377,True
coronacases_008,87,/kaggle/working/scribble-uncertainty-lung-segmentation/data/pseudo_labels/teacher_tta_labels/coronacases_008_slice_0087.npy,/kaggle/working/scribble-uncertainty-lung-segmentation/data/pseudo_labels/teacher_tta_confidence/coronacases_008_slice_0087.npy,/kaggle/working/scribble-uncertainty-lung-segmentation/outputs/predictions/teacher_tta_probabilities/coronacases_008_slice_0087.npy,0.05,0,1074,65536,41,878,0.8391393423080444,True
coronacases_008,88,/kaggle/working/scribble-uncertainty-lung-segmentation/data/pseudo_labels/teacher_tta_labels/coronacases_008_slice_0088.npy,/kaggle/working/scribble-uncertainty-lung-segmentation/data/pseudo_labels/teacher_tta_confidence/coronacases_008_slice_0088.npy,/kaggle/working/scribble-uncertainty-lung-segmentation/outputs/predictions/teacher_tta_probabilities/coronacases_008_slice_0088.npy,0.05,0,981,65536,38,881,0.8657357692718506,True
coronacases_008,89,/kaggle/working/scribble-uncertainty-lung-segmentation/data/pseudo_labels/teacher_tta_labels/coronacases_008_slice_0089.npy,/kaggle/working/scribble-uncertainty-lung-segmentation/data/pseudo_labels/teacher_tta_confidence/coronacases_008_slice_0089.npy,/kaggle/working/scribble-uncertainty-lung-segmentation/outputs/predictions/teacher_tta_probabilities/coronacases_008_slice_0089.npy,0.05,0,982,65536,39,924,0.8415529727935791,True
coronacases_008,90,/kaggle/working/scribble-uncertainty-lung-segmentation/data/pseudo_labels/teacher_tta_labels/coronacases_008_slice_0090.npy,/kaggle/working/scribble-uncertainty-lung-segmentation/data/pseudo_labels/teacher_tta_confidence/coronacases_008_slice_0090.npy,/kaggle/working/scribble-uncertainty-lung-segmentation/outputs/predictions/teacher_tta_probabilities/coronacases_008_slice_0090.npy,0.05,0,1069,65536,45,1017,0.8389261960983276,True
coronacases_008,91,/kaggle/working/scribble-uncertainty-lung-segmentation/data/pseudo_labels/teacher_tta_labels/coronacases_008_slice_0091.npy,/kaggle/working/scribble-uncertainty-lung-segmentation/data/pseudo_labels/teacher_tta_confidence/coronacases_008_slice_0091.npy,/kaggle/working/scribble-uncertainty-lung-segmentation/outputs/predictions/teacher_tta_probabilities/coronacases_008_slice_0091.npy,0.05,0,1405,65536,46,935,0.7854700684547424,True
coronacases_008,92,/kaggle/working/scribble-uncertainty-lung-segmentation/data/pseudo_labels/teacher_tta_labels/coronacases_008_slice_0092.npy,/kaggle/working/scribble-uncertainty-lung-segmentation/data/pseudo_labels/teacher_tta_confidence/coronacases_008_slice_0092.npy,/kaggle/working/scribble-uncertainty-lung-segmentation/outputs/predictions/teacher_tta_probabilities/coronacases_008_slice_0092.npy,0.05,0,1475,65536,51,1098,0.8332685828208923,True
coronacases_008,93,/kaggle/working/scribble-uncertainty-lung-segmentation/data/pseudo_labels/teacher_tta_labels/coronacases_008_slice_0093.npy,/kaggle/working/scribble-uncertainty-lung-segmentation/data/pseudo_labels/teacher_tta_confidence/coronacases_008_slice_0093.npy,/kaggle/working/scribble-uncertainty-lung-segmentation/outputs/predictions/teacher_tta_probabilities/coronacases_008_slice_0093.npy,0.05,0,1510,65536,49,1106,0.8318042755126953,True
coronacases_008,94,/kaggle/working/scribble-uncertainty-lung-segmentation/data/pseudo_labels/teacher_tta_labels/coronacases_008_slice_0094.npy,/kaggle/working/scribble-uncertainty-lung-segmentation/data/pseudo_labels/teacher_tta_confidence/coronacases_008_slice_0094.npy,/kaggle/working/scribble-uncertainty-lung-segmentation/outputs/predictions/teacher_tta_probabilities/coronacases_008_slice_0094.npy,0.05,0,1504,65536,46,1108,0.8330780863761902,True
coronacases_008,95,/kaggle/working/scribble-uncertainty-lung-segmentation/data/pseudo_labels/teacher_tta_labels/coronacases_008_slice_0095.npy,/kaggle/working/scribble-uncertainty-lung-segmentation/data/pseudo_labels/teacher_tta_confidence/coronacases_008_slice_0095.npy,/kaggle/working/scribble-uncertainty-lung-segmentation/outputs/predictions/teacher_tta_probabilities/coronacases_008_slice_0095.npy,0.05,0,1463,65536,50,1099,0.8360655903816223,True
coronacases_008,96,/kaggle/working/scribble-uncertainty-lung-segmentation/data/pseudo_labels/teacher_tta_labels/coronacases_008_slice_0096.npy,/kaggle/working/scribble-uncertainty-lung-segmentation/data/pseudo_labels/teacher_tta_confidence/coronacases_008_slice_0096.npy,/kaggle/working/scribble-uncertainty-lung-segmentation/outputs/predictions/teacher_tta_probabilities/coronacases_008_slice_0096.npy,0.05,0,1803,65536,58,1215,0.7872763276100159,True
coronacases_008,97,/kaggle/working/scribble-uncertainty-lung-segmentation/data/pseudo_labels/teacher_tta_labels/coronacases_008_slice_0097.npy,/kaggle/working/scribble-uncertainty-lung-segmentation/data/pseudo_labels/teacher_tta_confidence/coronacases_008_slice_0097.npy,/kaggle/working/scribble-uncertainty-lung-segmentation/outputs/predictions/teacher_tta_probabilities/coronacases_008_slice_0097.npy,0.05,0,1784,65536,66,1211,0.8053422570228577,True
coronacases_008,98,/kaggle/working/scribble-uncertainty-lung-segmentation/data/pseudo_labels/teacher_tta_labels/coronacases_008_slice_0098.npy,/kaggle/working/scribble-uncertainty-lung-segmentation/data/pseudo_labels/teacher_tta_confidence/coronacases_008_slice_0098.npy,/kaggle/working/scribble-uncertainty-lung-segmentation/outputs/predictions/teacher_tta_probabilities/coronacases_008_slice_0098.npy,0.05,0,1791,65536,53,1289,0.8155844211578369,True
coronacases_008,99,/kaggle/working/scribble-uncertainty-lung-segmentation/data/pseudo_labels/teacher_tta_labels/coronacases_008_slice_0099.npy,/kaggle/working/scribble-uncertainty-lung-segmentation/data/pseudo_labels/teacher_tta_confidence/coronacases_008_slice_0099.npy,/kaggle/working/scribble-uncertainty-lung-segmentation/outputs/predictions/teacher_tta_probabilities/coronacases_008_slice_0099.npy,0.05,0,1753,65536,61,1309,0.835401713848114,True
coronacases_008,100,/kaggle/working/scribble-uncertainty-lung-segmentation/data/pseudo_labels/teacher_tta_labels/coronacases_008_slice_0100.npy,/kaggle/working/scribble-uncertainty-lung-segmentation/data/pseudo_labels/teacher_tta_confidence/coronacases_008_slice_0100.npy,/kaggle/working/scribble-uncertainty-lung-segmentation/outputs/predictions/teacher_tta_probabilities/coronacases_008_slice_0100.npy,0.05,0,1726,65536,71,1206,0.8055934309959412,True
coronacases_008,101,/kaggle/working/scribble-uncertainty-lung-segmentation/data/pseudo_labels/teacher_tta_labels/coronacases_008_slice_0101.npy,/kaggle/working/scribble-uncertainty-lung-segmentation/data/pseudo_labels/teacher_tta_confidence/coronacases_008_slice_0101.npy,/kaggle/working/scribble-uncertainty-lung-segmentation/outputs/predictions/teacher_tta_probabilities/coronacases_008_slice_0101.npy,0.05,0,1764,65536,63,1350,0.8304431438446045,True
coronacases_008,102,/kaggle/working/scribble-uncertainty-lung-segmentation/data/pseudo_labels/teacher_tta_labels/coronacases_008_slice_0102.npy,/kaggle/working/scribble-uncertainty-lung-segmentation/data/pseudo_labels/teacher_tta_confidence/coronacases_008_slice_0102.npy,/kaggle/working/scribble-uncertainty-lung-segmentation/outputs/predictions/teacher_tta_probabilities/coronacases_008_slice_0102.npy,0.05,0,1947,65536,58,1333,0.792682945728302,True
coronacases_008,103,/kaggle/working/scribble-uncertainty-lung-segmentation/data/pseudo_labels/teacher_tta_labels/coronacases_008_slice_0103.npy,/kaggle/working/scribble-uncertainty-lung-segmentation/data/pseudo_labels/teacher_tta_confidence/coronacases_008_slice_0103.npy,/kaggle/working/scribble-uncertainty-lung-segmentation/outputs/predictions/teacher_tta_probabilities/coronacases_008_slice_0103.npy,0.05,0,1999,65536,65,1613,0.8732004165649414,True
coronacases_008,104,/kaggle/working/scribble-uncertainty-lung-segmentation/data/pseudo_labels/teacher_tta_labels/coronacases_008_slice_0104.npy,/kaggle/working/scribble-uncertainty-lung-segmentation/data/pseudo_labels/teacher_tta_confidence/coronacases_008_slice_0104.npy,/kaggle/working/scribble-uncertainty-lung-segmentation/outputs/predictions/teacher_tta_probabilities/coronacases_008_slice_0104.npy,0.05,0,2011,65536,51,1463,0.8272884488105774,True
coronacases_008,105,/kaggle/working/scribble-uncertainty-lung-segmentation/data/pseudo_labels/teacher_tta_labels/coronacases_008_slice_0105.npy,/kaggle/working/scribble-uncertainty-lung-segmentation/data/pseudo_labels/teacher_tta_confidence/coronacases_008_slice_0105.npy,/kaggle/working/scribble-uncertainty-lung-segmentation/outputs/predictions/teacher_tta_probabilities/coronacases_008_slice_0105.npy,0.05,0,1999,65536,77,1604,0.8476269841194153,True
coronacases_008,106,/kaggle/working/scribble-uncertainty-lung-segmentation/data/pseudo_labels/teacher_tta_labels/coronacases_008_slice_0106.npy,/kaggle/working/scribble-uncertainty-lung-segmentation/data/pseudo_labels/teacher_tta_confidence/coronacases_008_slice_0106.npy,/kaggle/working/scribble-uncertainty-lung-segmentation/outputs/predictions/teacher_tta_probabilities/coronacases_008_slice_0106.npy,0.05,0,2144,65536,87,1568,0.8335129022598267,True
coronacases_008,107,/kaggle/working/scribble-uncertainty-lung-segmentation/data/pseudo_labels/teacher_tta_labels/coronacases_008_slice_0107.npy,/kaggle/working/scribble-uncertainty-lung-segmentation/data/pseudo_labels/teacher_tta_confidence/coronacases_008_slice_0107.npy,/kaggle/working/scribble-uncertainty-lung-segmentation/outputs/predictions/teacher_tta_probabilities/coronacases_008_slice_0107.npy,0.05,0,2181,65536,74,1617,0.8404423594474792,True
coronacases_008,108,/kaggle/working/scribble-uncertainty-lung-segmentation/data/pseudo_labels/teacher_tta_labels/coronacases_008_slice_0108.npy,/kaggle/working/scribble-uncertainty-lung-segmentation/data/pseudo_labels/teacher_tta_confidence/coronacases_008_slice_0108.npy,/kaggle/working/scribble-uncertainty-lung-segmentation/outputs/predictions/teacher_tta_probabilities/coronacases_008_slice_0108.npy,0.05,0,2295,65536,90,1757,0.8479763269424438,True
coronacases_008,109,/kaggle/working/scribble-uncertainty-lung-segmentation/data/pseudo_labels/teacher_tta_labels/coronacases_008_slice_0109.npy,/kaggle/working/scribble-uncertainty-lung-segmentation/data/pseudo_labels/teacher_tta_confidence/coronacases_008_slice_0109.npy,/kaggle/working/scribble-uncertainty-lung-segmentation/outputs/predictions/teacher_tta_probabilities/coronacases_008_slice_0109.npy,0.05,0,2381,65536,66,2096,0.8791601657867432,True
coronacases_008,110,/kaggle/working/scribble-uncertainty-lung-segmentation/data/pseudo_labels/teacher_tta_labels/coronacases_008_slice_0110.npy,/kaggle/working/scribble-uncertainty-lung-segmentation/data/pseudo_labels/teacher_tta_confidence/coronacases_008_slice_0110.npy,/kaggle/working/scribble-uncertainty-lung-segmentation/outputs/predictions/teacher_tta_probabilities/coronacases_008_slice_0110.npy,0.05,0,2380,65536,61,1986,0.8804397583007812,True
coronacases_008,111,/kaggle/working/scribble-uncertainty-lung-segmentation/data/pseudo_labels/teacher_tta_labels/coronacases_008_slice_0111.npy,/kaggle/working/scribble-uncertainty-lung-segmentation/data/pseudo_labels/teacher_tta_confidence/coronacases_008_slice_0111.npy,/kaggle/working/scribble-uncertainty-lung-segmentation/outputs/predictions/teacher_tta_probabilities/coronacases_008_slice_0111.npy,0.05,0,2326,65536,83,1797,0.8663594722747803,True
coronacases_008,112,/kaggle/working/scribble-uncertainty-lung-segmentation/data/pseudo_labels/teacher_tta_labels/coronacases_008_slice_0112.npy,/kaggle/working/scribble-uncertainty-lung-segmentation/data/pseudo_labels/teacher_tta_confidence/coronacases_008_slice_0112.npy,/kaggle/working/scribble-uncertainty-lung-segmentation/outputs/predictions/teacher_tta_probabilities/coronacases_008_slice_0112.npy,0.05,0,2299,65536,75,1915,0.8889416456222534,True
coronacases_008,113,/kaggle/working/scribble-uncertainty-lung-segmentation/data/pseudo_labels/teacher_tta_labels/coronacases_008_slice_0113.npy,/kaggle/working/scribble-uncertainty-lung-segmentation/data/pseudo_labels/teacher_tta_confidence/coronacases_008_slice_0113.npy,/kaggle/working/scribble-uncertainty-lung-segmentation/outputs/predictions/teacher_tta_probabilities/coronacases_008_slice_0113.npy,0.05,0,2225,65536,66,1982,0.9099120497703552,True
coronacases_008,114,/kaggle/working/scribble-uncertainty-lung-segmentation/data/pseudo_labels/teacher_tta_labels/coronacases_008_slice_0114.npy,/kaggle/working/scribble-uncertainty-lung-segmentation/data/pseudo_labels/teacher_tta_confidence/coronacases_008_slice_0114.npy,/kaggle/working/scribble-uncertainty-lung-segmentation/outputs/predictions/teacher_tta_probabilities/coronacases_008_slice_0114.npy,0.05,0,2188,65536,81,1848,0.8894945383071899,True
coronacases_008,115,/kaggle/working/scribble-uncertainty-lung-segmentation/data/pseudo_labels/teacher_tta_labels/coronacases_008_slice_0115.npy,/kaggle/working/scribble-uncertainty-lung-segmentation/data/pseudo_labels/teacher_tta_confidence/coronacases_008_slice_0115.npy,/kaggle/working/scribble-uncertainty-lung-segmentation/outputs/predictions/teacher_tta_probabilities/coronacases_008_slice_0115.npy,0.05,0,2089,65536,81,1660,0.8508935570716858,True
coronacases_008,116,/kaggle/working/scribble-uncertainty-lung-segmentation/data/pseudo_labels/teacher_tta_labels/coronacases_008_slice_0116.npy,/kaggle/working/scribble-uncertainty-lung-segmentation/data/pseudo_labels/teacher_tta_confidence/coronacases_008_slice_0116.npy,/kaggle/working/scribble-uncertainty-lung-segmentation/outputs/predictions/teacher_tta_probabilities/coronacases_008_slice_0116.npy,0.05,0,1880,65536,84,1451,0.835184633731842,True
coronacases_008,117,/kaggle/working/scribble-uncertainty-lung-segmentation/data/pseudo_labels/teacher_tta_labels/coronacases_008_slice_0117.npy,/kaggle/working/scribble-uncertainty-lung-segmentation/data/pseudo_labels/teacher_tta_confidence/coronacases_008_slice_0117.npy,/kaggle/working/scribble-uncertainty-lung-segmentation/outputs/predictions/teacher_tta_probabilities/coronacases_008_slice_0117.npy,0.05,0,1781,65536,59,1259,0.824999988079071,True
coronacases_008,118,/kaggle/working/scribble-uncertainty-lung-segmentation/data/pseudo_labels/teacher_tta_labels/coronacases_008_slice_0118.npy,/kaggle/working/scribble-uncertainty-lung-segmentation/data/pseudo_labels/teacher_tta_confidence/coronacases_008_slice_0118.npy,/kaggle/working/scribble-uncertainty-lung-segmentation/outputs/predictions/teacher_tta_probabilities/coronacases_008_slice_0118.npy,0.05,0,1753,65536,77,1288,0.8267017602920532,True
coronacases_008,119,/kaggle/working/scribble-uncertainty-lung-segmentation/data/pseudo_labels/teacher_tta_labels/coronacases_008_slice_0119.npy,/kaggle/working/scribble-uncertainty-lung-segmentation/data/pseudo_labels/teacher_tta_confidence/coronacases_008_slice_0119.npy,/kaggle/working/scribble-uncertainty-lung-segmentation/outputs/predictions/teacher_tta_probabilities/coronacases_008_slice_0119.npy,0.05,0,1731,65536,65,1301,0.8502638339996338,True
coronacases_008,120,/kaggle/working/scribble-uncertainty-lung-segmentation/data/pseudo_labels/teacher_tta_labels/coronacases_008_slice_0120.npy,/kaggle/working/scribble-uncertainty-lung-segmentation/data/pseudo_labels/teacher_tta_confidence/coronacases_008_slice_0120.npy,/kaggle/working/scribble-uncertainty-lung-segmentation/outputs/predictions/teacher_tta_probabilities/coronacases_008_slice_0120.npy,0.05,0,1798,65536,78,1257,0.7947626709938049,True
coronacases_008,121,/kaggle/working/scribble-uncertainty-lung-segmentation/data/pseudo_labels/teacher_tta_labels/coronacases_008_slice_0121.npy,/kaggle/working/scribble-uncertainty-lung-segmentation/data/pseudo_labels/teacher_tta_confidence/coronacases_008_slice_0121.npy,/kaggle/working/scribble-uncertainty-lung-segmentation/outputs/predictions/teacher_tta_probabilities/coronacases_008_slice_0121.npy,0.05,0,1733,65536,73,1300,0.8183316588401794,True
coronacases_008,122,/kaggle/working/scribble-uncertainty-lung-segmentation/data/pseudo_labels/teacher_tta_labels/coronacases_008_slice_0122.npy,/kaggle/working/scribble-uncertainty-lung-segmentation/data/pseudo_labels/teacher_tta_confidence/coronacases_008_slice_0122.npy,/kaggle/working/scribble-uncertainty-lung-segmentation/outputs/predictions/teacher_tta_probabilities/coronacases_008_slice_0122.npy,0.05,0,1745,65536,73,1506,0.827437698841095,True
coronacases_008,123,/kaggle/working/scribble-uncertainty-lung-segmentation/data/pseudo_labels/teacher_tta_labels/coronacases_008_slice_0123.npy,/kaggle/working/scribble-uncertainty-lung-segmentation/data/pseudo_labels/teacher_tta_confidence/coronacases_008_slice_0123.npy,/kaggle/working/scribble-uncertainty-lung-segmentation/outputs/predictions/teacher_tta_probabilities/coronacases_008_slice_0123.npy,0.05,0,1710,65536,68,1400,0.8321543335914612,True
coronacases_008,124,/kaggle/working/scribble-uncertainty-lung-segmentation/data/pseudo_labels/teacher_tta_labels/coronacases_008_slice_0124.npy,/kaggle/working/scribble-uncertainty-lung-segmentation/data/pseudo_labels/teacher_tta_confidence/coronacases_008_slice_0124.npy,/kaggle/working/scribble-uncertainty-lung-segmentation/outputs/predictions/teacher_tta_probabilities/coronacases_008_slice_0124.npy,0.05,0,1767,65536,67,1342,0.8324220180511475,True
coronacases_008,125,/kaggle/working/scribble-uncertainty-lung-segmentation/data/pseudo_labels/teacher_tta_labels/coronacases_008_slice_0125.npy,/kaggle/working/scribble-uncertainty-lung-segmentation/data/pseudo_labels/teacher_tta_confidence/coronacases_008_slice_0125.npy,/kaggle/working/scribble-uncertainty-lung-segmentation/outputs/predictions/teacher_tta_probabilities/coronacases_008_slice_0125.npy,0.05,0,1793,65536,74,1562,0.8381519913673401,True
coronacases_008,126,/kaggle/working/scribble-uncertainty-lung-segmentation/data/pseudo_labels/teacher_tta_labels/coronacases_008_slice_0126.npy,/kaggle/working/scribble-uncertainty-lung-segmentation/data/pseudo_labels/teacher_tta_confidence/coronacases_008_slice_0126.npy,/kaggle/working/scribble-uncertainty-lung-segmentation/outputs/predictions/teacher_tta_probabilities/coronacases_008_slice_0126.npy,0.05,0,1752,65536,88,1568,0.833734929561615,True
coronacases_008,127,/kaggle/working/scribble-uncertainty-lung-segmentation/data/pseudo_labels/teacher_tta_labels/coronacases_008_slice_0127.npy,/kaggle/working/scribble-uncertainty-lung-segmentation/data/pseudo_labels/teacher_tta_confidence/coronacases_008_slice_0127.npy,/kaggle/working/scribble-uncertainty-lung-segmentation/outputs/predictions/teacher_tta_probabilities/coronacases_008_slice_0127.npy,0.05,0,1738,65536,74,1516,0.84572833776474,True
coronacases_008,128,/kaggle/working/scribble-uncertainty-lung-segmentation/data/pseudo_labels/teacher_tta_labels/coronacases_008_slice_0128.npy,/kaggle/working/scribble-uncertainty-lung-segmentation/data/pseudo_labels/teacher_tta_confidence/coronacases_008_slice_0128.npy,/kaggle/working/scribble-uncertainty-lung-segmentation/outputs/predictions/teacher_tta_probabilities/coronacases_008_slice_0128.npy,0.05,0,1860,65536,84,1434,0.8208864331245422,True
coronacases_008,129,/kaggle/working/scribble-uncertainty-lung-segmentation/data/pseudo_labels/teacher_tta_labels/coronacases_008_slice_0129.npy,/kaggle/working/scribble-uncertainty-lung-segmentation/data/pseudo_labels/teacher_tta_confidence/coronacases_008_slice_0129.npy,/kaggle/working/scribble-uncertainty-lung-segmentation/outputs/predictions/teacher_tta_probabilities/coronacases_008_slice_0129.npy,0.05,0,1925,65536,84,1464,0.8238418698310852,True
coronacases_008,130,/kaggle/working/scribble-uncertainty-lung-segmentation/data/pseudo_labels/teacher_tta_labels/coronacases_008_slice_0130.npy,/kaggle/working/scribble-uncertainty-lung-segmentation/data/pseudo_labels/teacher_tta_confidence/coronacases_008_slice_0130.npy,/kaggle/working/scribble-uncertainty-lung-segmentation/outputs/predictions/teacher_tta_probabilities/coronacases_008_slice_0130.npy,0.05,0,1818,65536,88,1505,0.8341859579086304,True
coronacases_008,131,/kaggle/working/scribble-uncertainty-lung-segmentation/data/pseudo_labels/teacher_tta_labels/coronacases_008_slice_0131.npy,/kaggle/working/scribble-uncertainty-lung-segmentation/data/pseudo_labels/teacher_tta_confidence/coronacases_008_slice_0131.npy,/kaggle/working/scribble-uncertainty-lung-segmentation/outputs/predictions/teacher_tta_probabilities/coronacases_008_slice_0131.npy,0.05,0,1806,65536,84,1496,0.8619018793106079,True
coronacases_008,132,/kaggle/working/scribble-uncertainty-lung-segmentation/data/pseudo_labels/teacher_tta_labels/coronacases_008_slice_0132.npy,/kaggle/working/scribble-uncertainty-lung-segmentation/data/pseudo_labels/teacher_tta_confidence/coronacases_008_slice_0132.npy,/kaggle/working/scribble-uncertainty-lung-segmentation/outputs/predictions/teacher_tta_probabilities/coronacases_008_slice_0132.npy,0.05,0,1794,65536,77,1444,0.861025333404541,True
coronacases_008,133,/kaggle/working/scribble-uncertainty-lung-segmentation/data/pseudo_labels/teacher_tta_labels/coronacases_008_slice_0133.npy,/kaggle/working/scribble-uncertainty-lung-segmentation/data/pseudo_labels/teacher_tta_confidence/coronacases_008_slice_0133.npy,/kaggle/working/scribble-uncertainty-lung-segmentation/outputs/predictions/teacher_tta_probabilities/coronacases_008_slice_0133.npy,0.05,0,1722,65536,91,1544,0.8714023232460022,True
coronacases_008,134,/kaggle/working/scribble-uncertainty-lung-segmentation/data/pseudo_labels/teacher_tta_labels/coronacases_008_slice_0134.npy,/kaggle/working/scribble-uncertainty-lung-segmentation/data/pseudo_labels/teacher_tta_confidence/coronacases_008_slice_0134.npy,/kaggle/working/scribble-uncertainty-lung-segmentation/outputs/predictions/teacher_tta_probabilities/coronacases_008_slice_0134.npy,0.05,0,1625,65536,97,1556,0.8469035029411316,True
coronacases_008,135,/kaggle/working/scribble-uncertainty-lung-segmentation/data/pseudo_labels/teacher_tta_labels/coronacases_008_slice_0135.npy,/kaggle/working/scribble-uncertainty-lung-segmentation/data/pseudo_labels/teacher_tta_confidence/coronacases_008_slice_0135.npy,/kaggle/working/scribble-uncertainty-lung-segmentation/outputs/predictions/teacher_tta_probabilities/coronacases_008_slice_0135.npy,0.05,0,1546,65536,58,1345,0.8785887360572815,True
coronacases_008,136,/kaggle/working/scribble-uncertainty-lung-segmentation/data/pseudo_labels/teacher_tta_labels/coronacases_008_slice_0136.npy,/kaggle/working/scribble-uncertainty-lung-segmentation/data/pseudo_labels/teacher_tta_confidence/coronacases_008_slice_0136.npy,/kaggle/working/scribble-uncertainty-lung-segmentation/outputs/predictions/teacher_tta_probabilities/coronacases_008_slice_0136.npy,0.05,0,1649,65536,65,1249,0.8502415418624878,True
coronacases_008,137,/kaggle/working/scribble-uncertainty-lung-segmentation/data/pseudo_labels/teacher_tta_labels/coronacases_008_slice_0137.npy,/kaggle/working/scribble-uncertainty-lung-segmentation/data/pseudo_labels/teacher_tta_confidence/coronacases_008_slice_0137.npy,/kaggle/working/scribble-uncertainty-lung-segmentation/outputs/predictions/teacher_tta_probabilities/coronacases_008_slice_0137.npy,0.05,0,1684,65536,54,1275,0.8529908657073975,True
coronacases_008,138,/kaggle/working/scribble-uncertainty-lung-segmentation/data/pseudo_labels/teacher_tta_labels/coronacases_008_slice_0138.npy,/kaggle/working/scribble-uncertainty-lung-segmentation/data/pseudo_labels/teacher_tta_confidence/coronacases_008_slice_0138.npy,/kaggle/working/scribble-uncertainty-lung-segmentation/outputs/predictions/teacher_tta_probabilities/coronacases_008_slice_0138.npy,0.05,0,1625,65536,55,1261,0.8613998889923096,True
coronacases_008,139,/kaggle/working/scribble-uncertainty-lung-segmentation/data/pseudo_labels/teacher_tta_labels/coronacases_008_slice_0139.npy,/kaggle/working/scribble-uncertainty-lung-segmentation/data/pseudo_labels/teacher_tta_confidence/coronacases_008_slice_0139.npy,/kaggle/working/scribble-uncertainty-lung-segmentation/outputs/predictions/teacher_tta_probabilities/coronacases_008_slice_0139.npy,0.05,0,1571,65536,51,1203,0.8529199957847595,True
coronacases_008,140,/kaggle/working/scribble-uncertainty-lung-segmentation/data/pseudo_labels/teacher_tta_labels/coronacases_008_slice_0140.npy,/kaggle/working/scribble-uncertainty-lung-segmentation/data/pseudo_labels/teacher_tta_confidence/coronacases_008_slice_0140.npy,/kaggle/working/scribble-uncertainty-lung-segmentation/outputs/predictions/teacher_tta_probabilities/coronacases_008_slice_0140.npy,0.05,0,1622,65536,57,1264,0.8336798548698425,True
coronacases_008,141,/kaggle/working/scribble-uncertainty-lung-segmentation/data/pseudo_labels/teacher_tta_labels/coronacases_008_slice_0141.npy,/kaggle/working/scribble-uncertainty-lung-segmentation/data/pseudo_labels/teacher_tta_confidence/coronacases_008_slice_0141.npy,/kaggle/working/scribble-uncertainty-lung-segmentation/outputs/predictions/teacher_tta_probabilities/coronacases_008_slice_0141.npy,0.05,0,1669,65536,61,1333,0.8481012582778931,True
coronacases_008,142,/kaggle/working/scribble-uncertainty-lung-segmentation/data/pseudo_labels/teacher_tta_labels/coronacases_008_slice_0142.npy,/kaggle/working/scribble-uncertainty-lung-segmentation/data/pseudo_labels/teacher_tta_confidence/coronacases_008_slice_0142.npy,/kaggle/working/scribble-uncertainty-lung-segmentation/outputs/predictions/teacher_tta_probabilities/coronacases_008_slice_0142.npy,0.05,0,1774,65536,60,1481,0.8479262590408325,True
coronacases_008,143,/kaggle/working/scribble-uncertainty-lung-segmentation/data/pseudo_labels/teacher_tta_labels/coronacases_008_slice_0143.npy,/kaggle/working/scribble-uncertainty-lung-segmentation/data/pseudo_labels/teacher_tta_confidence/coronacases_008_slice_0143.npy,/kaggle/working/scribble-uncertainty-lung-segmentation/outputs/predictions/teacher_tta_probabilities/coronacases_008_slice_0143.npy,0.05,0,1828,65536,70,1460,0.84549880027771,True
coronacases_008,144,/kaggle/working/scribble-uncertainty-lung-segmentation/data/pseudo_labels/teacher_tta_labels/coronacases_008_slice_0144.npy,/kaggle/working/scribble-uncertainty-lung-segmentation/data/pseudo_labels/teacher_tta_confidence/coronacases_008_slice_0144.npy,/kaggle/working/scribble-uncertainty-lung-segmentation/outputs/predictions/teacher_tta_probabilities/coronacases_008_slice_0144.npy,0.05,0,1838,65536,67,1490,0.8659855723381042,True
coronacases_008,145,/kaggle/working/scribble-uncertainty-lung-segmentation/data/pseudo_labels/teacher_tta_labels/coronacases_008_slice_0145.npy,/kaggle/working/scribble-uncertainty-lung-segmentation/data/pseudo_labels/teacher_tta_confidence/coronacases_008_slice_0145.npy,/kaggle/working/scribble-uncertainty-lung-segmentation/outputs/predictions/teacher_tta_probabilities/coronacases_008_slice_0145.npy,0.05,0,1756,65536,81,1443,0.8652703762054443,True
coronacases_008,146,/kaggle/working/scribble-uncertainty-lung-segmentation/data/pseudo_labels/teacher_tta_labels/coronacases_008_slice_0146.npy,/kaggle/working/scribble-uncertainty-lung-segmentation/data/pseudo_labels/teacher_tta_confidence/coronacases_008_slice_0146.npy,/kaggle/working/scribble-uncertainty-lung-segmentation/outputs/predictions/teacher_tta_probabilities/coronacases_008_slice_0146.npy,0.05,0,1683,65536,63,1369,0.8669725060462952,True
coronacases_008,147,/kaggle/working/scribble-uncertainty-lung-segmentation/data/pseudo_labels/teacher_tta_labels/coronacases_008_slice_0147.npy,/kaggle/working/scribble-uncertainty-lung-segmentation/data/pseudo_labels/teacher_tta_confidence/coronacases_008_slice_0147.npy,/kaggle/working/scribble-uncertainty-lung-segmentation/outputs/predictions/teacher_tta_probabilities/coronacases_008_slice_0147.npy,0.05,0,1746,65536,71,1293,0.8298782706260681,True
coronacases_008,148,/kaggle/working/scribble-uncertainty-lung-segmentation/data/pseudo_labels/teacher_tta_labels/coronacases_008_slice_0148.npy,/kaggle/working/scribble-uncertainty-lung-segmentation/data/pseudo_labels/teacher_tta_confidence/coronacases_008_slice_0148.npy,/kaggle/working/scribble-uncertainty-lung-segmentation/outputs/predictions/teacher_tta_probabilities/coronacases_008_slice_0148.npy,0.05,0,1801,65536,68,1396,0.8476696610450745,True
coronacases_008,149,/kaggle/working/scribble-uncertainty-lung-segmentation/data/pseudo_labels/teacher_tta_labels/coronacases_008_slice_0149.npy,/kaggle/working/scribble-uncertainty-lung-segmentation/data/pseudo_labels/teacher_tta_confidence/coronacases_008_slice_0149.npy,/kaggle/working/scribble-uncertainty-lung-segmentation/outputs/predictions/teacher_tta_probabilities/coronacases_008_slice_0149.npy,0.05,0,1698,65536,69,1371,0.8654285073280334,True
coronacases_008,150,/kaggle/working/scribble-uncertainty-lung-segmentation/data/pseudo_labels/teacher_tta_labels/coronacases_008_slice_0150.npy,/kaggle/working/scribble-uncertainty-lung-segmentation/data/pseudo_labels/teacher_tta_confidence/coronacases_008_slice_0150.npy,/kaggle/working/scribble-uncertainty-lung-segmentation/outputs/predictions/teacher_tta_probabilities/coronacases_008_slice_0150.npy,0.05,0,1647,65536,65,1371,0.8979456424713135,True
coronacases_008,151,/kaggle/working/scribble-uncertainty-lung-segmentation/data/pseudo_labels/teacher_tta_labels/coronacases_008_slice_0151.npy,/kaggle/working/scribble-uncertainty-lung-segmentation/data/pseudo_labels/teacher_tta_confidence/coronacases_008_slice_0151.npy,/kaggle/working/scribble-uncertainty-lung-segmentation/outputs/predictions/teacher_tta_probabilities/coronacases_008_slice_0151.npy,0.05,0,1580,65536,69,1357,0.886618971824646,True
coronacases_008,152,/kaggle/working/scribble-uncertainty-lung-segmentation/data/pseudo_labels/teacher_tta_labels/coronacases_008_slice_0152.npy,/kaggle/working/scribble-uncertainty-lung-segmentation/data/pseudo_labels/teacher_tta_confidence/coronacases_008_slice_0152.npy,/kaggle/working/scribble-uncertainty-lung-segmentation/outputs/predictions/teacher_tta_probabilities/coronacases_008_slice_0152.npy,0.05,0,1519,65536,63,1261,0.8589928150177002,True
coronacases_008,153,/kaggle/working/scribble-uncertainty-lung-segmentation/data/pseudo_labels/teacher_tta_labels/coronacases_008_slice_0153.npy,/kaggle/working/scribble-uncertainty-lung-segmentation/data/pseudo_labels/teacher_tta_confidence/coronacases_008_slice_0153.npy,/kaggle/working/scribble-uncertainty-lung-segmentation/outputs/predictions/teacher_tta_probabilities/coronacases_008_slice_0153.npy,0.05,0,1460,65536,54,1199,0.8747649788856506,True
coronacases_008,154,/kaggle/working/scribble-uncertainty-lung-segmentation/data/pseudo_labels/teacher_tta_labels/coronacases_008_slice_0154.npy,/kaggle/working/scribble-uncertainty-lung-segmentation/data/pseudo_labels/teacher_tta_confidence/coronacases_008_slice_0154.npy,/kaggle/working/scribble-uncertainty-lung-segmentation/outputs/predictions/teacher_tta_probabilities/coronacases_008_slice_0154.npy,0.05,0,1432,65536,62,1183,0.8933078646659851,True
coronacases_008,155,/kaggle/working/scribble-uncertainty-lung-segmentation/data/pseudo_labels/teacher_tta_labels/coronacases_008_slice_0155.npy,/kaggle/working/scribble-uncertainty-lung-segmentation/data/pseudo_labels/teacher_tta_confidence/coronacases_008_slice_0155.npy,/kaggle/working/scribble-uncertainty-lung-segmentation/outputs/predictions/teacher_tta_probabilities/coronacases_008_slice_0155.npy,0.05,0,1348,65536,61,1112,0.8813008069992065,True
coronacases_008,156,/kaggle/working/scribble-uncertainty-lung-segmentation/data/pseudo_labels/teacher_tta_labels/coronacases_008_slice_0156.npy,/kaggle/working/scribble-uncertainty-lung-segmentation/data/pseudo_labels/teacher_tta_confidence/coronacases_008_slice_0156.npy,/kaggle/working/scribble-uncertainty-lung-segmentation/outputs/predictions/teacher_tta_probabilities/coronacases_008_slice_0156.npy,0.05,0,1327,65536,56,1107,0.8652424216270447,True
coronacases_008,157,/kaggle/working/scribble-uncertainty-lung-segmentation/data/pseudo_labels/teacher_tta_labels/coronacases_008_slice_0157.npy,/kaggle/working/scribble-uncertainty-lung-segmentation/data/pseudo_labels/teacher_tta_confidence/coronacases_008_slice_0157.npy,/kaggle/working/scribble-uncertainty-lung-segmentation/outputs/predictions/teacher_tta_probabilities/coronacases_008_slice_0157.npy,0.05,0,1215,65536,51,939,0.844011127948761,True
coronacases_008,158,/kaggle/working/scribble-uncertainty-lung-segmentation/data/pseudo_labels/teacher_tta_labels/coronacases_008_slice_0158.npy,/kaggle/working/scribble-uncertainty-lung-segmentation/data/pseudo_labels/teacher_tta_confidence/coronacases_008_slice_0158.npy,/kaggle/working/scribble-uncertainty-lung-segmentation/outputs/predictions/teacher_tta_probabilities/coronacases_008_slice_0158.npy,0.05,0,1072,65536,46,963,0.8756756782531738,True
coronacases_008,159,/kaggle/working/scribble-uncertainty-lung-segmentation/data/pseudo_labels/teacher_tta_labels/coronacases_008_slice_0159.npy,/kaggle/working/scribble-uncertainty-lung-segmentation/data/pseudo_labels/teacher_tta_confidence/coronacases_008_slice_0159.npy,/kaggle/working/scribble-uncertainty-lung-segmentation/outputs/predictions/teacher_tta_probabilities/coronacases_008_slice_0159.npy,0.05,0,942,65536,44,824,0.8697621822357178,True
coronacases_008,160,/kaggle/working/scribble-uncertainty-lung-segmentation/data/pseudo_labels/teacher_tta_labels/coronacases_008_slice_0160.npy,/kaggle/working/scribble-uncertainty-lung-segmentation/data/pseudo_labels/teacher_tta_confidence/coronacases_008_slice_0160.npy,/kaggle/working/scribble-uncertainty-lung-segmentation/outputs/predictions/teacher_tta_probabilities/coronacases_008_slice_0160.npy,0.05,0,880,65536,36,748,0.8427518606185913,True
coronacases_008,161,/kaggle/working/scribble-uncertainty-lung-segmentation/data/pseudo_labels/teacher_tta_labels/coronacases_008_slice_0161.npy,/kaggle/working/scribble-uncertainty-lung-segmentation/data/pseudo_labels/teacher_tta_confidence/coronacases_008_slice_0161.npy,/kaggle/working/scribble-uncertainty-lung-segmentation/outputs/predictions/teacher_tta_probabilities/coronacases_008_slice_0161.npy,0.05,0,752,65536,31,577,0.8306998014450073,True
coronacases_008,162,/kaggle/working/scribble-uncertainty-lung-segmentation/data/pseudo_labels/teacher_tta_labels/coronacases_008_slice_0162.npy,/kaggle/working/scribble-uncertainty-lung-segmentation/data/pseudo_labels/teacher_tta_confidence/coronacases_008_slice_0162.npy,/kaggle/working/scribble-uncertainty-lung-segmentation/outputs/predictions/teacher_tta_probabilities/coronacases_008_slice_0162.npy,0.05,0,691,65536,22,504,0.800000011920929,True
coronacases_008,163,/kaggle/working/scribble-uncertainty-lung-segmentation/data/pseudo_labels/teacher_tta_labels/coronacases_008_slice_0163.npy,/kaggle/working/scribble-uncertainty-lung-segmentation/data/pseudo_labels/teacher_tta_confidence/coronacases_008_slice_0163.npy,/kaggle/working/scribble-uncertainty-lung-segmentation/outputs/predictions/teacher_tta_probabilities/coronacases_008_slice_0163.npy,0.05,0,620,65536,12,410,0.7398058176040649,True
coronacases_008,164,/kaggle/working/scribble-uncertainty-lung-segmentation/data/pseudo_labels/teacher_tta_labels/coronacases_008_slice_0164.npy,/kaggle/working/scribble-uncertainty-lung-segmentation/data/pseudo_labels/teacher_tta_confidence/coronacases_008_slice_0164.npy,/kaggle/working/scribble-uncertainty-lung-segmentation/outputs/predictions/teacher_tta_probabilities/coronacases_008_slice_0164.npy,0.05,0,544,65536,23,344,0.7252252101898193,True
coronacases_008,165,/kaggle/working/scribble-uncertainty-lung-segmentation/data/pseudo_labels/teacher_tta_labels/coronacases_008_slice_0165.npy,/kaggle/working/scribble-uncertainty-lung-segmentation/data/pseudo_labels/teacher_tta_confidence/coronacases_008_slice_0165.npy,/kaggle/working/scribble-uncertainty-lung-segmentation/outputs/predictions/teacher_tta_probabilities/coronacases_008_slice_0165.npy,0.05,0,425,65536,15,328,0.788844645023346,True
coronacases_008,166,/kaggle/working/scribble-uncertainty-lung-segmentation/data/pseudo_labels/teacher_tta_labels/coronacases_008_slice_0166.npy,/kaggle/working/scribble-uncertainty-lung-segmentation/data/pseudo_labels/teacher_tta_confidence/coronacases_008_slice_0166.npy,/kaggle/working/scribble-uncertainty-lung-segmentation/outputs/predictions/teacher_tta_probabilities/coronacases_008_slice_0166.npy,0.05,0,361,65536,16,261,0.81993567943573,True
coronacases_008,167,/kaggle/working/scribble-uncertainty-lung-segmentation/data/pseudo_labels/teacher_tta_labels/coronacases_008_slice_0167.npy,/kaggle/working/scribble-uncertainty-lung-segmentation/data/pseudo_labels/teacher_tta_confidence/coronacases_008_slice_0167.npy,/kaggle/working/scribble-uncertainty-lung-segmentation/outputs/predictions/teacher_tta_probabilities/coronacases_008_slice_0167.npy,0.05,0,290,65536,16,236,0.8517110347747803,True
coronacases_008,168,/kaggle/working/scribble-uncertainty-lung-segmentation/data/pseudo_labels/teacher_tta_labels/coronacases_008_slice_0168.npy,/kaggle/working/scribble-uncertainty-lung-segmentation/data/pseudo_labels/teacher_tta_confidence/coronacases_008_slice_0168.npy,/kaggle/working/scribble-uncertainty-lung-segmentation/outputs/predictions/teacher_tta_probabilities/coronacases_008_slice_0168.npy,0.05,0,301,65536,10,286,0.855195939540863,True
coronacases_008,169,/kaggle/working/scribble-uncertainty-lung-segmentation/data/pseudo_labels/teacher_tta_labels/coronacases_008_slice_0169.npy,/kaggle/working/scribble-uncertainty-lung-segmentation/data/pseudo_labels/teacher_tta_confidence/coronacases_008_slice_0169.npy,/kaggle/working/scribble-uncertainty-lung-segmentation/outputs/predictions/teacher_tta_probabilities/coronacases_008_slice_0169.npy,0.05,0,281,65536,16,312,0.8903878331184387,True
coronacases_008,170,/kaggle/working/scribble-uncertainty-lung-segmentation/data/pseudo_labels/teacher_tta_labels/coronacases_008_slice_0170.npy,/kaggle/working/scribble-uncertainty-lung-segmentation/data/pseudo_labels/teacher_tta_confidence/coronacases_008_slice_0170.npy,/kaggle/working/scribble-uncertainty-lung-segmentation/outputs/predictions/teacher_tta_probabilities/coronacases_008_slice_0170.npy,0.05,0,339,65536,16,328,0.8185907006263733,True
coronacases_008,171,/kaggle/working/scribble-uncertainty-lung-segmentation/data/pseudo_labels/teacher_tta_labels/coronacases_008_slice_0171.npy,/kaggle/working/scribble-uncertainty-lung-segmentation/data/pseudo_labels/teacher_tta_confidence/coronacases_008_slice_0171.npy,/kaggle/working/scribble-uncertainty-lung-segmentation/outputs/predictions/teacher_tta_probabilities/coronacases_008_slice_0171.npy,0.05,0,359,65536,19,229,0.7346938848495483,True
coronacases_008,172,/kaggle/working/scribble-uncertainty-lung-segmentation/data/pseudo_labels/teacher_tta_labels/coronacases_008_slice_0172.npy,/kaggle/working/scribble-uncertainty-lung-segmentation/data/pseudo_labels/teacher_tta_confidence/coronacases_008_slice_0172.npy,/kaggle/working/scribble-uncertainty-lung-segmentation/outputs/predictions/teacher_tta_probabilities/coronacases_008_slice_0172.npy,0.05,0,357,65536,14,316,0.829123318195343,True
coronacases_008,173,/kaggle/working/scribble-uncertainty-lung-segmentation/data/pseudo_labels/teacher_tta_labels/coronacases_008_slice_0173.npy,/kaggle/working/scribble-uncertainty-lung-segmentation/data/pseudo_labels/teacher_tta_confidence/coronacases_008_slice_0173.npy,/kaggle/working/scribble-uncertainty-lung-segmentation/outputs/predictions/teacher_tta_probabilities/coronacases_008_slice_0173.npy,0.05,0,396,65536,20,294,0.852173924446106,True
coronacases_008,174,/kaggle/working/scribble-uncertainty-lung-segmentation/data/pseudo_labels/teacher_tta_labels/coronacases_008_slice_0174.npy,/kaggle/working/scribble-uncertainty-lung-segmentation/data/pseudo_labels/teacher_tta_confidence/coronacases_008_slice_0174.npy,/kaggle/working/scribble-uncertainty-lung-segmentation/outputs/predictions/teacher_tta_probabilities/coronacases_008_slice_0174.npy,0.05,0,388,65536,16,326,0.8515406250953674,True
coronacases_008,175,/kaggle/working/scribble-uncertainty-lung-segmentation/data/pseudo_labels/teacher_tta_labels/coronacases_008_slice_0175.npy,/kaggle/working/scribble-uncertainty-lung-segmentation/data/pseudo_labels/teacher_tta_confidence/coronacases_008_slice_0175.npy,/kaggle/working/scribble-uncertainty-lung-segmentation/outputs/predictions/teacher_tta_probabilities/coronacases_008_slice_0175.npy,0.05,0,358,65536,18,276,0.8075709939002991,True
coronacases_008,176,/kaggle/working/scribble-uncertainty-lung-segmentation/data/pseudo_labels/teacher_tta_labels/coronacases_008_slice_0176.npy,/kaggle/working/scribble-uncertainty-lung-segmentation/data/pseudo_labels/teacher_tta_confidence/coronacases_008_slice_0176.npy,/kaggle/working/scribble-uncertainty-lung-segmentation/outputs/predictions/teacher_tta_probabilities/coronacases_008_slice_0176.npy,0.05,0,319,65536,16,289,0.8059210777282715,True
coronacases_008,177,/kaggle/working/scribble-uncertainty-lung-segmentation/data/pseudo_labels/teacher_tta_labels/coronacases_008_slice_0177.npy,/kaggle/working/scribble-uncertainty-lung-segmentation/data/pseudo_labels/teacher_tta_confidence/coronacases_008_slice_0177.npy,/kaggle/working/scribble-uncertainty-lung-segmentation/outputs/predictions/teacher_tta_probabilities/coronacases_008_slice_0177.npy,0.05,0,273,65536,10,279,0.8876811861991882,True
coronacases_008,178,/kaggle/working/scribble-uncertainty-lung-segmentation/data/pseudo_labels/teacher_tta_labels/coronacases_008_slice_0178.npy,/kaggle/working/scribble-uncertainty-lung-segmentation/data/pseudo_labels/teacher_tta_confidence/coronacases_008_slice_0178.npy,/kaggle/working/scribble-uncertainty-lung-segmentation/outputs/predictions/teacher_tta_probabilities/coronacases_008_slice_0178.npy,0.05,0,250,65536,14,255,0.8990098834037781,True
coronacases_008,179,/kaggle/working/scribble-uncertainty-lung-segmentation/data/pseudo_labels/teacher_tta_labels/coronacases_008_slice_0179.npy,/kaggle/working/scribble-uncertainty-lung-segmentation/data/pseudo_labels/teacher_tta_confidence/coronacases_008_slice_0179.npy,/kaggle/working/scribble-uncertainty-lung-segmentation/outputs/predictions/teacher_tta_probabilities/coronacases_008_slice_0179.npy,0.05,0,215,65536,10,248,0.8293736577033997,True
coronacases_008,180,/kaggle/working/scribble-uncertainty-lung-segmentation/data/pseudo_labels/teacher_tta_labels/coronacases_008_slice_0180.npy,/kaggle/working/scribble-uncertainty-lung-segmentation/data/pseudo_labels/teacher_tta_confidence/coronacases_008_slice_0180.npy,/kaggle/working/scribble-uncertainty-lung-segmentation/outputs/predictions/teacher_tta_probabilities/coronacases_008_slice_0180.npy,0.05,0,206,65536,16,208,0.8454106450080872,True
coronacases_008,181,/kaggle/working/scribble-uncertainty-lung-segmentation/data/pseudo_labels/teacher_tta_labels/coronacases_008_slice_0181.npy,/kaggle/working/scribble-uncertainty-lung-segmentation/data/pseudo_labels/teacher_tta_confidence/coronacases_008_slice_0181.npy,/kaggle/working/scribble-uncertainty-lung-segmentation/outputs/predictions/teacher_tta_probabilities/coronacases_008_slice_0181.npy,0.05,0,266,65536,10,210,0.7394958138465881,True
coronacases_008,182,/kaggle/working/scribble-uncertainty-lung-segmentation/data/pseudo_labels/teacher_tta_labels/coronacases_008_slice_0182.npy,/kaggle/working/scribble-uncertainty-lung-segmentation/data/pseudo_labels/teacher_tta_confidence/coronacases_008_slice_0182.npy,/kaggle/working/scribble-uncertainty-lung-segmentation/outputs/predictions/teacher_tta_probabilities/coronacases_008_slice_0182.npy,0.05,0,252,65536,12,230,0.8132780194282532,True
coronacases_008,183,/kaggle/working/scribble-uncertainty-lung-segmentation/data/pseudo_labels/teacher_tta_labels/coronacases_008_slice_0183.npy,/kaggle/working/scribble-uncertainty-lung-segmentation/data/pseudo_labels/teacher_tta_confidence/coronacases_008_slice_0183.npy,/kaggle/working/scribble-uncertainty-lung-segmentation/outputs/predictions/teacher_tta_probabilities/coronacases_008_slice_0183.npy,0.05,0,277,65536,12,250,0.8576850295066833,True
coronacases_008,184,/kaggle/working/scribble-uncertainty-lung-segmentation/data/pseudo_labels/teacher_tta_labels/coronacases_008_slice_0184.npy,/kaggle/working/scribble-uncertainty-lung-segmentation/data/pseudo_labels/teacher_tta_confidence/coronacases_008_slice_0184.npy,/kaggle/working/scribble-uncertainty-lung-segmentation/outputs/predictions/teacher_tta_probabilities/coronacases_008_slice_0184.npy,0.05,0,284,65536,8,223,0.8362919092178345,True
coronacases_008,185,/kaggle/working/scribble-uncertainty-lung-segmentation/data/pseudo_labels/teacher_tta_labels/coronacases_008_slice_0185.npy,/kaggle/working/scribble-uncertainty-lung-segmentation/data/pseudo_labels/teacher_tta_confidence/coronacases_008_slice_0185.npy,/kaggle/working/scribble-uncertainty-lung-segmentation/outputs/predictions/teacher_tta_probabilities/coronacases_008_slice_0185.npy,0.05,0,283,65536,8,247,0.8716981410980225,True
coronacases_008,186,/kaggle/working/scribble-uncertainty-lung-segmentation/data/pseudo_labels/teacher_tta_labels/coronacases_008_slice_0186.npy,/kaggle/working/scribble-uncertainty-lung-segmentation/data/pseudo_labels/teacher_tta_confidence/coronacases_008_slice_0186.npy,/kaggle/working/scribble-uncertainty-lung-segmentation/outputs/predictions/teacher_tta_probabilities/coronacases_008_slice_0186.npy,0.05,0,327,65536,12,256,0.854202389717102,True
coronacases_008,187,/kaggle/working/scribble-uncertainty-lung-segmentation/data/pseudo_labels/teacher_tta_labels/coronacases_008_slice_0187.npy,/kaggle/working/scribble-uncertainty-lung-segmentation/data/pseudo_labels/teacher_tta_confidence/coronacases_008_slice_0187.npy,/kaggle/working/scribble-uncertainty-lung-segmentation/outputs/predictions/teacher_tta_probabilities/coronacases_008_slice_0187.npy,0.05,0,335,65536,12,226,0.8057041168212891,True
coronacases_008,188,/kaggle/working/scribble-uncertainty-lung-segmentation/data/pseudo_labels/teacher_tta_labels/coronacases_008_slice_0188.npy,/kaggle/working/scribble-uncertainty-lung-segmentation/data/pseudo_labels/teacher_tta_confidence/coronacases_008_slice_0188.npy,/kaggle/working/scribble-uncertainty-lung-segmentation/outputs/predictions/teacher_tta_probabilities/coronacases_008_slice_0188.npy,0.05,0,297,65536,8,179,0.7521008253097534,True
coronacases_008,189,/kaggle/working/scribble-uncertainty-lung-segmentation/data/pseudo_labels/teacher_tta_labels/coronacases_008_slice_0189.npy,/kaggle/working/scribble-uncertainty-lung-segmentation/data/pseudo_labels/teacher_tta_confidence/coronacases_008_slice_0189.npy,/kaggle/working/scribble-uncertainty-lung-segmentation/outputs/predictions/teacher_tta_probabilities/coronacases_008_slice_0189.npy,0.05,0,277,65536,8,203,0.7458333373069763,True
coronacases_008,190,/kaggle/working/scribble-uncertainty-lung-segmentation/data/pseudo_labels/teacher_tta_labels/coronacases_008_slice_0190.npy,/kaggle/working/scribble-uncertainty-lung-segmentation/data/pseudo_labels/teacher_tta_confidence/coronacases_008_slice_0190.npy,/kaggle/working/scribble-uncertainty-lung-segmentation/outputs/predictions/teacher_tta_probabilities/coronacases_008_slice_0190.npy,0.05,0,284,65536,4,205,0.8139059543609619,True
coronacases_008,191,/kaggle/working/scribble-uncertainty-lung-segmentation/data/pseudo_labels/teacher_tta_labels/coronacases_008_slice_0191.npy,/kaggle/working/scribble-uncertainty-lung-segmentation/data/pseudo_labels/teacher_tta_confidence/coronacases_008_slice_0191.npy,/kaggle/working/scribble-uncertainty-lung-segmentation/outputs/predictions/teacher_tta_probabilities/coronacases_008_slice_0191.npy,0.05,0,297,65536,12,225,0.8352490663528442,True
coronacases_008,192,/kaggle/working/scribble-uncertainty-lung-segmentation/data/pseudo_labels/teacher_tta_labels/coronacases_008_slice_0192.npy,/kaggle/working/scribble-uncertainty-lung-segmentation/data/pseudo_labels/teacher_tta_confidence/coronacases_008_slice_0192.npy,/kaggle/working/scribble-uncertainty-lung-segmentation/outputs/predictions/teacher_tta_probabilities/coronacases_008_slice_0192.npy,0.05,0,321,65536,11,230,0.8058076500892639,True
coronacases_008,193,/kaggle/working/scribble-uncertainty-lung-segmentation/data/pseudo_labels/teacher_tta_labels/coronacases_008_slice_0193.npy,/kaggle/working/scribble-uncertainty-lung-segmentation/data/pseudo_labels/teacher_tta_confidence/coronacases_008_slice_0193.npy,/kaggle/working/scribble-uncertainty-lung-segmentation/outputs/predictions/teacher_tta_probabilities/coronacases_008_slice_0193.npy,0.05,0,324,65536,12,195,0.7437379360198975,True
coronacases_008,194,/kaggle/working/scribble-uncertainty-lung-segmentation/data/pseudo_labels/teacher_tta_labels/coronacases_008_slice_0194.npy,/kaggle/working/scribble-uncertainty-lung-segmentation/data/pseudo_labels/teacher_tta_confidence/coronacases_008_slice_0194.npy,/kaggle/working/scribble-uncertainty-lung-segmentation/outputs/predictions/teacher_tta_probabilities/coronacases_008_slice_0194.npy,0.05,0,345,65536,14,220,0.7327433824539185,True
coronacases_008,195,/kaggle/working/scribble-uncertainty-lung-segmentation/data/pseudo_labels/teacher_tta_labels/coronacases_008_slice_0195.npy,/kaggle/working/scribble-uncertainty-lung-segmentation/data/pseudo_labels/teacher_tta_confidence/coronacases_008_slice_0195.npy,/kaggle/working/scribble-uncertainty-lung-segmentation/outputs/predictions/teacher_tta_probabilities/coronacases_008_slice_0195.npy,0.05,0,365,65536,12,216,0.6987951993942261,True
coronacases_008,196,/kaggle/working/scribble-uncertainty-lung-segmentation/data/pseudo_labels/teacher_tta_labels/coronacases_008_slice_0196.npy,/kaggle/working/scribble-uncertainty-lung-segmentation/data/pseudo_labels/teacher_tta_confidence/coronacases_008_slice_0196.npy,/kaggle/working/scribble-uncertainty-lung-segmentation/outputs/predictions/teacher_tta_probabilities/coronacases_008_slice_0196.npy,0.05,0,396,65536,11,190,0.6211603879928589,True
coronacases_008,197,/kaggle/working/scribble-uncertainty-lung-segmentation/data/pseudo_labels/teacher_tta_labels/coronacases_008_slice_0197.npy,/kaggle/working/scribble-uncertainty-lung-segmentation/data/pseudo_labels/teacher_tta_confidence/coronacases_008_slice_0197.npy,/kaggle/working/scribble-uncertainty-lung-segmentation/outputs/predictions/teacher_tta_probabilities/coronacases_008_slice_0197.npy,0.05,0,351,65536,14,236,0.7393526434898376,True
coronacases_008,198,/kaggle/working/scribble-uncertainty-lung-segmentation/data/pseudo_labels/teacher_tta_labels/coronacases_008_slice_0198.npy,/kaggle/working/scribble-uncertainty-lung-segmentation/data/pseudo_labels/teacher_tta_confidence/coronacases_008_slice_0198.npy,/kaggle/working/scribble-uncertainty-lung-segmentation/outputs/predictions/teacher_tta_probabilities/coronacases_008_slice_0198.npy,0.05,0,298,65536,19,216,0.6731517314910889,True
coronacases_008,199,/kaggle/working/scribble-uncertainty-lung-segmentation/data/pseudo_labels/teacher_tta_labels/coronacases_008_slice_0199.npy,/kaggle/working/scribble-uncertainty-lung-segmentation/data/pseudo_labels/teacher_tta_confidence/coronacases_008_slice_0199.npy,/kaggle/working/scribble-uncertainty-lung-segmentation/outputs/predictions/teacher_tta_probabilities/coronacases_008_slice_0199.npy,0.05,0,246,65536,20,216,0.6969696879386902,True
coronacases_008,200,/kaggle/working/scribble-uncertainty-lung-segmentation/data/pseudo_labels/teacher_tta_labels/coronacases_008_slice_0200.npy,/kaggle/working/scribble-uncertainty-lung-segmentation/data/pseudo_labels/teacher_tta_confidence/coronacases_008_slice_0200.npy,/kaggle/working/scribble-uncertainty-lung-segmentation/outputs/predictions/teacher_tta_probabilities/coronacases_008_slice_0200.npy,0.05,0,209,65536,15,221,0.7209302186965942,True
coronacases_008,201,/kaggle/working/scribble-uncertainty-lung-segmentation/data/pseudo_labels/teacher_tta_labels/coronacases_008_slice_0201.npy,/kaggle/working/scribble-uncertainty-lung-segmentation/data/pseudo_labels/teacher_tta_confidence/coronacases_008_slice_0201.npy,/kaggle/working/scribble-uncertainty-lung-segmentation/outputs/predictions/teacher_tta_probabilities/coronacases_008_slice_0201.npy,0.05,0,272,65536,16,193,0.675268828868866,True
coronacases_008,202,/kaggle/working/scribble-uncertainty-lung-segmentation/data/pseudo_labels/teacher_tta_labels/coronacases_008_slice_0202.npy,/kaggle/working/scribble-uncertainty-lung-segmentation/data/pseudo_labels/teacher_tta_confidence/coronacases_008_slice_0202.npy,/kaggle/working/scribble-uncertainty-lung-segmentation/outputs/predictions/teacher_tta_probabilities/coronacases_008_slice_0202.npy,0.05,0,325,65536,10,186,0.6849315166473389,True
coronacases_008,203,/kaggle/working/scribble-uncertainty-lung-segmentation/data/pseudo_labels/teacher_tta_labels/coronacases_008_slice_0203.npy,/kaggle/working/scribble-uncertainty-lung-segmentation/data/pseudo_labels/teacher_tta_confidence/coronacases_008_slice_0203.npy,/kaggle/working/scribble-uncertainty-lung-segmentation/outputs/predictions/teacher_tta_probabilities/coronacases_008_slice_0203.npy,0.05,0,307,65536,12,153,0.643478274345398,True
coronacases_008,204,/kaggle/working/scribble-uncertainty-lung-segmentation/data/pseudo_labels/teacher_tta_labels/coronacases_008_slice_0204.npy,/kaggle/working/scribble-uncertainty-lung-segmentation/data/pseudo_labels/teacher_tta_confidence/coronacases_008_slice_0204.npy,/kaggle/working/scribble-uncertainty-lung-segmentation/outputs/predictions/teacher_tta_probabilities/coronacases_008_slice_0204.npy,0.05,0,266,65536,16,157,0.6808510422706604,True
coronacases_008,205,/kaggle/working/scribble-uncertainty-lung-segmentation/data/pseudo_labels/teacher_tta_labels/coronacases_008_slice_0205.npy,/kaggle/working/scribble-uncertainty-lung-segmentation/data/pseudo_labels/teacher_tta_confidence/coronacases_008_slice_0205.npy,/kaggle/working/scribble-uncertainty-lung-segmentation/outputs/predictions/teacher_tta_probabilities/coronacases_008_slice_0205.npy,0.05,0,205,65536,6,113,0.6163522005081177,True
coronacases_008,206,/kaggle/working/scribble-uncertainty-lung-segmentation/data/pseudo_labels/teacher_tta_labels/coronacases_008_slice_0206.npy,/kaggle/working/scribble-uncertainty-lung-segmentation/data/pseudo_labels/teacher_tta_confidence/coronacases_008_slice_0206.npy,/kaggle/working/scribble-uncertainty-lung-segmentation/outputs/predictions/teacher_tta_probabilities/coronacases_008_slice_0206.npy,0.05,0,239,65536,11,135,0.7005347609519958,True
coronacases_008,207,/kaggle/working/scribble-uncertainty-lung-segmentation/data/pseudo_labels/teacher_tta_labels/coronacases_008_slice_0207.npy,/kaggle/working/scribble-uncertainty-lung-segmentation/data/pseudo_labels/teacher_tta_confidence/coronacases_008_slice_0207.npy,/kaggle/working/scribble-uncertainty-lung-segmentation/outputs/predictions/teacher_tta_probabilities/coronacases_008_slice_0207.npy,0.05,0,228,65536,10,162,0.6717948913574219,True
coronacases_008,208,/kaggle/working/scribble-uncertainty-lung-segmentation/data/pseudo_labels/teacher_tta_labels/coronacases_008_slice_0208.npy,/kaggle/working/scribble-uncertainty-lung-segmentation/data/pseudo_labels/teacher_tta_confidence/coronacases_008_slice_0208.npy,/kaggle/working/scribble-uncertainty-lung-segmentation/outputs/predictions/teacher_tta_probabilities/coronacases_008_slice_0208.npy,0.05,0,269,65536,13,205,0.7637130618095398,True
coronacases_008,209,/kaggle/working/scribble-uncertainty-lung-segmentation/data/pseudo_labels/teacher_tta_labels/coronacases_008_slice_0209.npy,/kaggle/working/scribble-uncertainty-lung-segmentation/data/pseudo_labels/teacher_tta_confidence/coronacases_008_slice_0209.npy,/kaggle/working/scribble-uncertainty-lung-segmentation/outputs/predictions/teacher_tta_probabilities/coronacases_008_slice_0209.npy,0.05,0,290,65536,12,174,0.7025862336158752,True
coronacases_008,210,/kaggle/working/scribble-uncertainty-lung-segmentation/data/pseudo_labels/teacher_tta_labels/coronacases_008_slice_0210.npy,/kaggle/working/scribble-uncertainty-lung-segmentation/data/pseudo_labels/teacher_tta_confidence/coronacases_008_slice_0210.npy,/kaggle/working/scribble-uncertainty-lung-segmentation/outputs/predictions/teacher_tta_probabilities/coronacases_008_slice_0210.npy,0.05,0,336,65536,12,187,0.6653919816017151,True
coronacases_008,211,/kaggle/working/scribble-uncertainty-lung-segmentation/data/pseudo_labels/teacher_tta_labels/coronacases_008_slice_0211.npy,/kaggle/working/scribble-uncertainty-lung-segmentation/data/pseudo_labels/teacher_tta_confidence/coronacases_008_slice_0211.npy,/kaggle/working/scribble-uncertainty-lung-segmentation/outputs/predictions/teacher_tta_probabilities/coronacases_008_slice_0211.npy,0.05,0,312,65536,16,175,0.7063655257225037,True
coronacases_008,212,/kaggle/working/scribble-uncertainty-lung-segmentation/data/pseudo_labels/teacher_tta_labels/coronacases_008_slice_0212.npy,/kaggle/working/scribble-uncertainty-lung-segmentation/data/pseudo_labels/teacher_tta_confidence/coronacases_008_slice_0212.npy,/kaggle/working/scribble-uncertainty-lung-segmentation/outputs/predictions/teacher_tta_probabilities/coronacases_008_slice_0212.npy,0.05,0,320,65536,15,229,0.7723132967948914,True
coronacases_008,213,/kaggle/working/scribble-uncertainty-lung-segmentation/data/pseudo_labels/teacher_tta_labels/coronacases_008_slice_0213.npy,/kaggle/working/scribble-uncertainty-lung-segmentation/data/pseudo_labels/teacher_tta_confidence/coronacases_008_slice_0213.npy,/kaggle/working/scribble-uncertainty-lung-segmentation/outputs/predictions/teacher_tta_probabilities/coronacases_008_slice_0213.npy,0.05,0,344,65536,18,243,0.7904599905014038,True
coronacases_008,214,/kaggle/working/scribble-uncertainty-lung-segmentation/data/pseudo_labels/teacher_tta_labels/coronacases_008_slice_0214.npy,/kaggle/working/scribble-uncertainty-lung-segmentation/data/pseudo_labels/teacher_tta_confidence/coronacases_008_slice_0214.npy,/kaggle/working/scribble-uncertainty-lung-segmentation/outputs/predictions/teacher_tta_probabilities/coronacases_008_slice_0214.npy,0.05,0,342,65536,20,274,0.7110389471054077,True
coronacases_008,215,/kaggle/working/scribble-uncertainty-lung-segmentation/data/pseudo_labels/teacher_tta_labels/coronacases_008_slice_0215.npy,/kaggle/working/scribble-uncertainty-lung-segmentation/data/pseudo_labels/teacher_tta_confidence/coronacases_008_slice_0215.npy,/kaggle/working/scribble-uncertainty-lung-segmentation/outputs/predictions/teacher_tta_probabilities/coronacases_008_slice_0215.npy,0.05,0,353,65536,16,261,0.8208469152450562,True
coronacases_008,216,/kaggle/working/scribble-uncertainty-lung-segmentation/data/pseudo_labels/teacher_tta_labels/coronacases_008_slice_0216.npy,/kaggle/working/scribble-uncertainty-lung-segmentation/data/pseudo_labels/teacher_tta_confidence/coronacases_008_slice_0216.npy,/kaggle/working/scribble-uncertainty-lung-segmentation/outputs/predictions/teacher_tta_probabilities/coronacases_008_slice_0216.npy,0.05,0,372,65536,16,270,0.7725856900215149,True
coronacases_008,217,/kaggle/working/scribble-uncertainty-lung-segmentation/data/pseudo_labels/teacher_tta_labels/coronacases_008_slice_0217.npy,/kaggle/working/scribble-uncertainty-lung-segmentation/data/pseudo_labels/teacher_tta_confidence/coronacases_008_slice_0217.npy,/kaggle/working/scribble-uncertainty-lung-segmentation/outputs/predictions/teacher_tta_probabilities/coronacases_008_slice_0217.npy,0.05,0,405,65536,16,273,0.7404129505157471,True
coronacases_008,218,/kaggle/working/scribble-uncertainty-lung-segmentation/data/pseudo_labels/teacher_tta_labels/coronacases_008_slice_0218.npy,/kaggle/working/scribble-uncertainty-lung-segmentation/data/pseudo_labels/teacher_tta_confidence/coronacases_008_slice_0218.npy,/kaggle/working/scribble-uncertainty-lung-segmentation/outputs/predictions/teacher_tta_probabilities/coronacases_008_slice_0218.npy,0.05,0,426,65536,15,339,0.7450980544090271,True
coronacases_008,219,/kaggle/working/scribble-uncertainty-lung-segmentation/data/pseudo_labels/teacher_tta_labels/coronacases_008_slice_0219.npy,/kaggle/working/scribble-uncertainty-lung-segmentation/data/pseudo_labels/teacher_tta_confidence/coronacases_008_slice_0219.npy,/kaggle/working/scribble-uncertainty-lung-segmentation/outputs/predictions/teacher_tta_probabilities/coronacases_008_slice_0219.npy,0.05,0,482,65536,20,349,0.7870036363601685,True
coronacases_008,220,/kaggle/working/scribble-uncertainty-lung-segmentation/data/pseudo_labels/teacher_tta_labels/coronacases_008_slice_0220.npy,/kaggle/working/scribble-uncertainty-lung-segmentation/data/pseudo_labels/teacher_tta_confidence/coronacases_008_slice_0220.npy,/kaggle/working/scribble-uncertainty-lung-segmentation/outputs/predictions/teacher_tta_probabilities/coronacases_008_slice_0220.npy,0.05,0,485,65536,16,337,0.8053528070449829,True
coronacases_008,221,/kaggle/working/scribble-uncertainty-lung-segmentation/data/pseudo_labels/teacher_tta_labels/coronacases_008_slice_0221.npy,/kaggle/working/scribble-uncertainty-lung-segmentation/data/pseudo_labels/teacher_tta_confidence/coronacases_008_slice_0221.npy,/kaggle/working/scribble-uncertainty-lung-segmentation/outputs/predictions/teacher_tta_probabilities/coronacases_008_slice_0221.npy,0.05,0,477,65536,18,331,0.7945544719696045,True
coronacases_008,222,/kaggle/working/scribble-uncertainty-lung-segmentation/data/pseudo_labels/teacher_tta_labels/coronacases_008_slice_0222.npy,/kaggle/working/scribble-uncertainty-lung-segmentation/data/pseudo_labels/teacher_tta_confidence/coronacases_008_slice_0222.npy,/kaggle/working/scribble-uncertainty-lung-segmentation/outputs/predictions/teacher_tta_probabilities/coronacases_008_slice_0222.npy,0.05,0,468,65536,21,321,0.7883396744728088,True
coronacases_008,223,/kaggle/working/scribble-uncertainty-lung-segmentation/data/pseudo_labels/teacher_tta_labels/coronacases_008_slice_0223.npy,/kaggle/working/scribble-uncertainty-lung-segmentation/data/pseudo_labels/teacher_tta_confidence/coronacases_008_slice_0223.npy,/kaggle/working/scribble-uncertainty-lung-segmentation/outputs/predictions/teacher_tta_probabilities/coronacases_008_slice_0223.npy,0.05,0,434,65536,22,333,0.8265971541404724,True
coronacases_008,224,/kaggle/working/scribble-uncertainty-lung-segmentation/data/pseudo_labels/teacher_tta_labels/coronacases_008_slice_0224.npy,/kaggle/working/scribble-uncertainty-lung-segmentation/data/pseudo_labels/teacher_tta_confidence/coronacases_008_slice_0224.npy,/kaggle/working/scribble-uncertainty-lung-segmentation/outputs/predictions/teacher_tta_probabilities/coronacases_008_slice_0224.npy,0.05,0,409,65536,22,286,0.8086330890655518,True
coronacases_008,225,/kaggle/working/scribble-uncertainty-lung-segmentation/data/pseudo_labels/teacher_tta_labels/coronacases_008_slice_0225.npy,/kaggle/working/scribble-uncertainty-lung-segmentation/data/pseudo_labels/teacher_tta_confidence/coronacases_008_slice_0225.npy,/kaggle/working/scribble-uncertainty-lung-segmentation/outputs/predictions/teacher_tta_probabilities/coronacases_008_slice_0225.npy,0.05,0,384,65536,20,266,0.7784615159034729,True
coronacases_008,226,/kaggle/working/scribble-uncertainty-lung-segmentation/data/pseudo_labels/teacher_tta_labels/coronacases_008_slice_0226.npy,/kaggle/working/scribble-uncertainty-lung-segmentation/data/pseudo_labels/teacher_tta_confidence/coronacases_008_slice_0226.npy,/kaggle/working/scribble-uncertainty-lung-segmentation/outputs/predictions/teacher_tta_probabilities/coronacases_008_slice_0226.npy,0.05,0,345,65536,23,292,0.8226059675216675,True
coronacases_008,227,/kaggle/working/scribble-uncertainty-lung-segmentation/data/pseudo_labels/teacher_tta_labels/coronacases_008_slice_0227.npy,/kaggle/working/scribble-uncertainty-lung-segmentation/data/pseudo_labels/teacher_tta_confidence/coronacases_008_slice_0227.npy,/kaggle/working/scribble-uncertainty-lung-segmentation/outputs/predictions/teacher_tta_probabilities/coronacases_008_slice_0227.npy,0.05,0,305,65536,10,242,0.8299817442893982,True
coronacases_008,228,/kaggle/working/scribble-uncertainty-lung-segmentation/data/pseudo_labels/teacher_tta_labels/coronacases_008_slice_0228.npy,/kaggle/working/scribble-uncertainty-lung-segmentation/data/pseudo_labels/teacher_tta_confidence/coronacases_008_slice_0228.npy,/kaggle/working/scribble-uncertainty-lung-segmentation/outputs/predictions/teacher_tta_probabilities/coronacases_008_slice_0228.npy,0.05,0,330,65536,12,286,0.8603895902633667,True
coronacases_008,229,/kaggle/working/scribble-uncertainty-lung-segmentation/data/pseudo_labels/teacher_tta_labels/coronacases_008_slice_0229.npy,/kaggle/working/scribble-uncertainty-lung-segmentation/data/pseudo_labels/teacher_tta_confidence/coronacases_008_slice_0229.npy,/kaggle/working/scribble-uncertainty-lung-segmentation/outputs/predictions/teacher_tta_probabilities/coronacases_008_slice_0229.npy,0.05,0,300,65536,16,273,0.8586387634277344,True
coronacases_008,230,/kaggle/working/scribble-uncertainty-lung-segmentation/data/pseudo_labels/teacher_tta_labels/coronacases_008_slice_0230.npy,/kaggle/working/scribble-uncertainty-lung-segmentation/data/pseudo_labels/teacher_tta_confidence/coronacases_008_slice_0230.npy,/kaggle/working/scribble-uncertainty-lung-segmentation/outputs/predictions/teacher_tta_probabilities/coronacases_008_slice_0230.npy,0.05,0,255,65536,8,210,0.8387096524238586,True
coronacases_008,231,/kaggle/working/scribble-uncertainty-lung-segmentation/data/pseudo_labels/teacher_tta_labels/coronacases_008_slice_0231.npy,/kaggle/working/scribble-uncertainty-lung-segmentation/data/pseudo_labels/teacher_tta_confidence/coronacases_008_slice_0231.npy,/kaggle/working/scribble-uncertainty-lung-segmentation/outputs/predictions/teacher_tta_probabilities/coronacases_008_slice_0231.npy,0.05,0,214,65536,10,199,0.7893462181091309,True
coronacases_008,232,/kaggle/working/scribble-uncertainty-lung-segmentation/data/pseudo_labels/teacher_tta_labels/coronacases_008_slice_0232.npy,/kaggle/working/scribble-uncertainty-lung-segmentation/data/pseudo_labels/teacher_tta_confidence/coronacases_008_slice_0232.npy,/kaggle/working/scribble-uncertainty-lung-segmentation/outputs/predictions/teacher_tta_probabilities/coronacases_008_slice_0232.npy,0.05,0,174,65536,10,177,0.8205128312110901,True
coronacases_008,233,/kaggle/working/scribble-uncertainty-lung-segmentation/data/pseudo_labels/teacher_tta_labels/coronacases_008_slice_0233.npy,/kaggle/working/scribble-uncertainty-lung-segmentation/data/pseudo_labels/teacher_tta_confidence/coronacases_008_slice_0233.npy,/kaggle/working/scribble-uncertainty-lung-segmentation/outputs/predictions/teacher_tta_probabilities/coronacases_008_slice_0233.npy,0.05,0,149,65536,4,142,0.7560137510299683,True
coronacases_008,234,/kaggle/working/scribble-uncertainty-lung-segmentation/data/pseudo_labels/teacher_tta_labels/coronacases_008_slice_0234.npy,/kaggle/working/scribble-uncertainty-lung-segmentation/data/pseudo_labels/teacher_tta_confidence/coronacases_008_slice_0234.npy,/kaggle/working/scribble-uncertainty-lung-segmentation/outputs/predictions/teacher_tta_probabilities/coronacases_008_slice_0234.npy,0.05,0,114,65536,4,99,0.7887324094772339,True
coronacases_008,235,/kaggle/working/scribble-uncertainty-lung-segmentation/data/pseudo_labels/teacher_tta_labels/coronacases_008_slice_0235.npy,/kaggle/working/scribble-uncertainty-lung-segmentation/data/pseudo_labels/teacher_tta_confidence/coronacases_008_slice_0235.npy,/kaggle/working/scribble-uncertainty-lung-segmentation/outputs/predictions/teacher_tta_probabilities/coronacases_008_slice_0235.npy,0.05,0,84,65536,4,49,0.6766917109489441,True
coronacases_008,236,/kaggle/working/scribble-uncertainty-lung-segmentation/data/pseudo_labels/teacher_tta_labels/coronacases_008_slice_0236.npy,/kaggle/working/scribble-uncertainty-lung-segmentation/data/pseudo_labels/teacher_tta_confidence/coronacases_008_slice_0236.npy,/kaggle/working/scribble-uncertainty-lung-segmentation/outputs/predictions/teacher_tta_probabilities/coronacases_008_slice_0236.npy,0.05,0,74,65536,4,68,0.49295774102211,True
coronacases_008,237,/kaggle/working/scribble-uncertainty-lung-segmentation/data/pseudo_labels/teacher_tta_labels/coronacases_008_slice_0237.npy,/kaggle/working/scribble-uncertainty-lung-segmentation/data/pseudo_labels/teacher_tta_confidence/coronacases_008_slice_0237.npy,/kaggle/working/scribble-uncertainty-lung-segmentation/outputs/predictions/teacher_tta_probabilities/coronacases_008_slice_0237.npy,0.05,0,49,65536,4,52,0.7128713130950928,True
coronacases_008,238,/kaggle/working/scribble-uncertainty-lung-segmentation/data/pseudo_labels/teacher_tta_labels/coronacases_008_slice_0238.npy,/kaggle/working/scribble-uncertainty-lung-segmentation/data/pseudo_labels/teacher_tta_confidence/coronacases_008_slice_0238.npy,/kaggle/working/scribble-uncertainty-lung-segmentation/outputs/predictions/teacher_tta_probabilities/coronacases_008_slice_0238.npy,0.05,0,29,65536,3,46,0.6933333277702332,True
coronacases_008,239,/kaggle/working/scribble-uncertainty-lung-segmentation/data/pseudo_labels/teacher_tta_labels/coronacases_008_slice_0239.npy,/kaggle/working/scribble-uncertainty-lung-segmentation/data/pseudo_labels/teacher_tta_confidence/coronacases_008_slice_0239.npy,/kaggle/working/scribble-uncertainty-lung-segmentation/outputs/predictions/teacher_tta_probabilities/coronacases_008_slice_0239.npy,0.05,0,34,65536,4,36,0.8571428656578064,True
coronacases_008,240,/kaggle/working/scribble-uncertainty-lung-segmentation/data/pseudo_labels/teacher_tta_labels/coronacases_008_slice_0240.npy,/kaggle/working/scribble-uncertainty-lung-segmentation/data/pseudo_labels/teacher_tta_confidence/coronacases_008_slice_0240.npy,/kaggle/working/scribble-uncertainty-lung-segmentation/outputs/predictions/teacher_tta_probabilities/coronacases_008_slice_0240.npy,0.05,0,38,65536,3,54,0.6304348111152649,True
coronacases_008,241,/kaggle/working/scribble-uncertainty-lung-segmentation/data/pseudo_labels/teacher_tta_labels/coronacases_008_slice_0241.npy,/kaggle/working/scribble-uncertainty-lung-segmentation/data/pseudo_labels/teacher_tta_confidence/coronacases_008_slice_0241.npy,/kaggle/working/scribble-uncertainty-lung-segmentation/outputs/predictions/teacher_tta_probabilities/coronacases_008_slice_0241.npy,0.05,0,39,65536,4,50,0.6067415475845337,True
coronacases_008,242,/kaggle/working/scribble-uncertainty-lung-segmentation/data/pseudo_labels/teacher_tta_labels/coronacases_008_slice_0242.npy,/kaggle/working/scribble-uncertainty-lung-segmentation/data/pseudo_labels/teacher_tta_confidence/coronacases_008_slice_0242.npy,/kaggle/working/scribble-uncertainty-lung-segmentation/outputs/predictions/teacher_tta_probabilities/coronacases_008_slice_0242.npy,0.05,0,64,65536,4,64,0.78125,True
coronacases_008,243,/kaggle/working/scribble-uncertainty-lung-segmentation/data/pseudo_labels/teacher_tta_labels/coronacases_008_slice_0243.npy,/kaggle/working/scribble-uncertainty-lung-segmentation/data/pseudo_labels/teacher_tta_confidence/coronacases_008_slice_0243.npy,/kaggle/working/scribble-uncertainty-lung-segmentation/outputs/predictions/teacher_tta_probabilities/coronacases_008_slice_0243.npy,0.05,0,94,65536,4,68,0.8271604776382446,True
coronacases_008,244,/kaggle/working/scribble-uncertainty-lung-segmentation/data/pseudo_labels/teacher_tta_labels/coronacases_008_slice_0244.npy,/kaggle/working/scribble-uncertainty-lung-segmentation/data/pseudo_labels/teacher_tta_confidence/coronacases_008_slice_0244.npy,/kaggle/working/scribble-uncertainty-lung-segmentation/outputs/predictions/teacher_tta_probabilities/coronacases_008_slice_0244.npy,0.05,0,99,65536,4,93,0.7395833134651184,True
coronacases_008,245,/kaggle/working/scribble-uncertainty-lung-segmentation/data/pseudo_labels/teacher_tta_labels/coronacases_008_slice_0245.npy,/kaggle/working/scribble-uncertainty-lung-segmentation/data/pseudo_labels/teacher_tta_confidence/coronacases_008_slice_0245.npy,/kaggle/working/scribble-uncertainty-lung-segmentation/outputs/predictions/teacher_tta_probabilities/coronacases_008_slice_0245.npy,0.05,0,97,65536,4,88,0.637837827205658,True
coronacases_008,246,/kaggle/working/scribble-uncertainty-lung-segmentation/data/pseudo_labels/teacher_tta_labels/coronacases_008_slice_0246.npy,/kaggle/working/scribble-uncertainty-lung-segmentation/data/pseudo_labels/teacher_tta_confidence/coronacases_008_slice_0246.npy,/kaggle/working/scribble-uncertainty-lung-segmentation/outputs/predictions/teacher_tta_probabilities/coronacases_008_slice_0246.npy,0.05,0,85,65536,8,111,0.7653061151504517,True
coronacases_008,247,/kaggle/working/scribble-uncertainty-lung-segmentation/data/pseudo_labels/teacher_tta_labels/coronacases_008_slice_0247.npy,/kaggle/working/scribble-uncertainty-lung-segmentation/data/pseudo_labels/teacher_tta_confidence/coronacases_008_slice_0247.npy,/kaggle/working/scribble-uncertainty-lung-segmentation/outputs/predictions/teacher_tta_probabilities/coronacases_008_slice_0247.npy,0.05,0,66,65536,4,86,0.7236841917037964,True
coronacases_008,248,/kaggle/working/scribble-uncertainty-lung-segmentation/data/pseudo_labels/teacher_tta_labels/coronacases_008_slice_0248.npy,/kaggle/working/scribble-uncertainty-lung-segmentation/data/pseudo_labels/teacher_tta_confidence/coronacases_008_slice_0248.npy,/kaggle/working/scribble-uncertainty-lung-segmentation/outputs/predictions/teacher_tta_probabilities/coronacases_008_slice_0248.npy,0.05,0,58,65536,4,78,0.8088235259056091,True
coronacases_008,249,/kaggle/working/scribble-uncertainty-lung-segmentation/data/pseudo_labels/teacher_tta_labels/coronacases_008_slice_0249.npy,/kaggle/working/scribble-uncertainty-lung-segmentation/data/pseudo_labels/teacher_tta_confidence/coronacases_008_slice_0249.npy,/kaggle/working/scribble-uncertainty-lung-segmentation/outputs/predictions/teacher_tta_probabilities/coronacases_008_slice_0249.npy,0.05,0,27,65536,4,55,0.5853658318519592,True
coronacases_008,250,/kaggle/working/scribble-uncertainty-lung-segmentation/data/pseudo_labels/teacher_tta_labels/coronacases_008_slice_0250.npy,/kaggle/working/scribble-uncertainty-lung-segmentation/data/pseudo_labels/teacher_tta_confidence/coronacases_008_slice_0250.npy,/kaggle/working/scribble-uncertainty-lung-segmentation/outputs/predictions/teacher_tta_probabilities/coronacases_008_slice_0250.npy,0.05,0,17,65536,4,44,0.5245901346206665,True
coronacases_008,251,/kaggle/working/scribble-uncertainty-lung-segmentation/data/pseudo_labels/teacher_tta_labels/coronacases_008_slice_0251.npy,/kaggle/working/scribble-uncertainty-lung-segmentation/data/pseudo_labels/teacher_tta_confidence/coronacases_008_slice_0251.npy,/kaggle/working/scribble-uncertainty-lung-segmentation/outputs/predictions/teacher_tta_probabilities/coronacases_008_slice_0251.npy,0.05,0,27,65536,4,42,0.43478259444236755,True
coronacases_008,252,/kaggle/working/scribble-uncertainty-lung-segmentation/data/pseudo_labels/teacher_tta_labels/coronacases_008_slice_0252.npy,/kaggle/working/scribble-uncertainty-lung-segmentation/data/pseudo_labels/teacher_tta_confidence/coronacases_008_slice_0252.npy,/kaggle/working/scribble-uncertainty-lung-segmentation/outputs/predictions/teacher_tta_probabilities/coronacases_008_slice_0252.npy,0.05,0,22,65536,4,19,0.6341463327407837,True
coronacases_008,253,/kaggle/working/scribble-uncertainty-lung-segmentation/data/pseudo_labels/teacher_tta_labels/coronacases_008_slice_0253.npy,/kaggle/working/scribble-uncertainty-lung-segmentation/data/pseudo_labels/teacher_tta_confidence/coronacases_008_slice_0253.npy,/kaggle/working/scribble-uncertainty-lung-segmentation/outputs/predictions/teacher_tta_probabilities/coronacases_008_slice_0253.npy,0.05,0,11,65536,4,25,0.6111111044883728,True
coronacases_008,254,/kaggle/working/scribble-uncertainty-lung-segmentation/data/pseudo_labels/teacher_tta_labels/coronacases_008_slice_0254.npy,/kaggle/working/scribble-uncertainty-lung-segmentation/data/pseudo_labels/teacher_tta_confidence/coronacases_008_slice_0254.npy,/kaggle/working/scribble-uncertainty-lung-segmentation/outputs/predictions/teacher_tta_probabilities/coronacases_008_slice_0254.npy,0.05,0,4,65536,4,17,0.380952388048172,True
coronacases_008,255,/kaggle/working/scribble-uncertainty-lung-segmentation/data/pseudo_labels/teacher_tta_labels/coronacases_008_slice_0255.npy,/kaggle/working/scribble-uncertainty-lung-segmentation/data/pseudo_labels/teacher_tta_confidence/coronacases_008_slice_0255.npy,/kaggle/working/scribble-uncertainty-lung-segmentation/outputs/predictions/teacher_tta_probabilities/coronacases_008_slice_0255.npy,0.05,0,0,65536,0,0,1.0,False
coronacases_008,256,/kaggle/working/scribble-uncertainty-lung-segmentation/data/pseudo_labels/teacher_tta_labels/coronacases_008_slice_0256.npy,/kaggle/working/scribble-uncertainty-lung-segmentation/data/pseudo_labels/teacher_tta_confidence/coronacases_008_slice_0256.npy,/kaggle/working/scribble-uncertainty-lung-segmentation/outputs/predictions/teacher_tta_probabilities/coronacases_008_slice_0256.npy,0.05,0,0,65536,0,0,1.0,False
coronacases_008,257,/kaggle/working/scribble-uncertainty-lung-segmentation/data/pseudo_labels/teacher_tta_labels/coronacases_008_slice_0257.npy,/kaggle/working/scribble-uncertainty-lung-segmentation/data/pseudo_labels/teacher_tta_confidence/coronacases_008_slice_0257.npy,/kaggle/working/scribble-uncertainty-lung-segmentation/outputs/predictions/teacher_tta_probabilities/coronacases_008_slice_0257.npy,0.05,0,0,65536,0,0,1.0,False
coronacases_008,258,/kaggle/working/scribble-uncertainty-lung-segmentation/data/pseudo_labels/teacher_tta_labels/coronacases_008_slice_0258.npy,/kaggle/working/scribble-uncertainty-lung-segmentation/data/pseudo_labels/teacher_tta_confidence/coronacases_008_slice_0258.npy,/kaggle/working/scribble-uncertainty-lung-segmentation/outputs/predictions/teacher_tta_probabilities/coronacases_008_slice_0258.npy,0.05,0,0,65536,0,0,1.0,False
coronacases_008,259,/kaggle/working/scribble-uncertainty-lung-segmentation/data/pseudo_labels/teacher_tta_labels/coronacases_008_slice_0259.npy,/kaggle/working/scribble-uncertainty-lung-segmentation/data/pseudo_labels/teacher_tta_confidence/coronacases_008_slice_0259.npy,/kaggle/working/scribble-uncertainty-lung-segmentation/outputs/predictions/teacher_tta_probabilities/coronacases_008_slice_0259.npy,0.05,0,0,65536,0,0,1.0,False
coronacases_008,260,/kaggle/working/scribble-uncertainty-lung-segmentation/data/pseudo_labels/teacher_tta_labels/coronacases_008_slice_0260.npy,/kaggle/working/scribble-uncertainty-lung-segmentation/data/pseudo_labels/teacher_tta_confidence/coronacases_008_slice_0260.npy,/kaggle/working/scribble-uncertainty-lung-segmentation/outputs/predictions/teacher_tta_probabilities/coronacases_008_slice_0260.npy,0.05,0,4,65536,4,49,0.15094339847564697,True
coronacases_008,261,/kaggle/working/scribble-uncertainty-lung-segmentation/data/pseudo_labels/teacher_tta_labels/coronacases_008_slice_0261.npy,/kaggle/working/scribble-uncertainty-lung-segmentation/data/pseudo_labels/teacher_tta_confidence/coronacases_008_slice_0261.npy,/kaggle/working/scribble-uncertainty-lung-segmentation/outputs/predictions/teacher_tta_probabilities/coronacases_008_slice_0261.npy,0.05,0,18,65536,4,47,0.5538461804389954,True
coronacases_008,262,/kaggle/working/scribble-uncertainty-lung-segmentation/data/pseudo_labels/teacher_tta_labels/coronacases_008_slice_0262.npy,/kaggle/working/scribble-uncertainty-lung-segmentation/data/pseudo_labels/teacher_tta_confidence/coronacases_008_slice_0262.npy,/kaggle/working/scribble-uncertainty-lung-segmentation/outputs/predictions/teacher_tta_probabilities/coronacases_008_slice_0262.npy,0.05,0,45,65536,4,54,0.8888888955116272,True
coronacases_008,263,/kaggle/working/scribble-uncertainty-lung-segmentation/data/pseudo_labels/teacher_tta_labels/coronacases_008_slice_0263.npy,/kaggle/working/scribble-uncertainty-lung-segmentation/data/pseudo_labels/teacher_tta_confidence/coronacases_008_slice_0263.npy,/kaggle/working/scribble-uncertainty-lung-segmentation/outputs/predictions/teacher_tta_probabilities/coronacases_008_slice_0263.npy,0.05,0,44,65536,4,70,0.6842105388641357,True
coronacases_008,264,/kaggle/working/scribble-uncertainty-lung-segmentation/data/pseudo_labels/teacher_tta_labels/coronacases_008_slice_0264.npy,/kaggle/working/scribble-uncertainty-lung-segmentation/data/pseudo_labels/teacher_tta_confidence/coronacases_008_slice_0264.npy,/kaggle/working/scribble-uncertainty-lung-segmentation/outputs/predictions/teacher_tta_probabilities/coronacases_008_slice_0264.npy,0.05,0,32,65536,1,69,0.5346534848213196,True
coronacases_008,265,/kaggle/working/scribble-uncertainty-lung-segmentation/data/pseudo_labels/teacher_tta_labels/coronacases_008_slice_0265.npy,/kaggle/working/scribble-uncertainty-lung-segmentation/data/pseudo_labels/teacher_tta_confidence/coronacases_008_slice_0265.npy,/kaggle/working/scribble-uncertainty-lung-segmentation/outputs/predictions/teacher_tta_probabilities/coronacases_008_slice_0265.npy,0.05,0,14,65536,4,54,0.3529411852359772,True
coronacases_008,266,/kaggle/working/scribble-uncertainty-lung-segmentation/data/pseudo_labels/teacher_tta_labels/coronacases_008_slice_0266.npy,/kaggle/working/scribble-uncertainty-lung-segmentation/data/pseudo_labels/teacher_tta_confidence/coronacases_008_slice_0266.npy,/kaggle/working/scribble-uncertainty-lung-segmentation/outputs/predictions/teacher_tta_probabilities/coronacases_008_slice_0266.npy,0.05,0,15,65536,4,41,0.5357142686843872,True
coronacases_008,267,/kaggle/working/scribble-uncertainty-lung-segmentation/data/pseudo_labels/teacher_tta_labels/coronacases_008_slice_0267.npy,/kaggle/working/scribble-uncertainty-lung-segmentation/data/pseudo_labels/teacher_tta_confidence/coronacases_008_slice_0267.npy,/kaggle/working/scribble-uncertainty-lung-segmentation/outputs/predictions/teacher_tta_probabilities/coronacases_008_slice_0267.npy,0.05,0,37,65536,4,44,0.6419752836227417,True
coronacases_008,268,/kaggle/working/scribble-uncertainty-lung-segmentation/data/pseudo_labels/teacher_tta_labels/coronacases_008_slice_0268.npy,/kaggle/working/scribble-uncertainty-lung-segmentation/data/pseudo_labels/teacher_tta_confidence/coronacases_008_slice_0268.npy,/kaggle/working/scribble-uncertainty-lung-segmentation/outputs/predictions/teacher_tta_probabilities/coronacases_008_slice_0268.npy,0.05,0,60,65536,4,47,0.672897219657898,True
coronacases_008,269,/kaggle/working/scribble-uncertainty-lung-segmentation/data/pseudo_labels/teacher_tta_labels/coronacases_008_slice_0269.npy,/kaggle/working/scribble-uncertainty-lung-segmentation/data/pseudo_labels/teacher_tta_confidence/coronacases_008_slice_0269.npy,/kaggle/working/scribble-uncertainty-lung-segmentation/outputs/predictions/teacher_tta_probabilities/coronacases_008_slice_0269.npy,0.05,0,0,65536,0,0,1.0,False
coronacases_008,270,/kaggle/working/scribble-uncertainty-lung-segmentation/data/pseudo_labels/teacher_tta_labels/coronacases_008_slice_0270.npy,/kaggle/working/scribble-uncertainty-lung-segmentation/data/pseudo_labels/teacher_tta_confidence/coronacases_008_slice_0270.npy,/kaggle/working/scribble-uncertainty-lung-segmentation/outputs/predictions/teacher_tta_probabilities/coronacases_008_slice_0270.npy,0.05,0,0,65536,0,0,1.0,False
coronacases_008,271,/kaggle/working/scribble-uncertainty-lung-segmentation/data/pseudo_labels/teacher_tta_labels/coronacases_008_slice_0271.npy,/kaggle/working/scribble-uncertainty-lung-segmentation/data/pseudo_labels/teacher_tta_confidence/coronacases_008_slice_0271.npy,/kaggle/working/scribble-uncertainty-lung-segmentation/outputs/predictions/teacher_tta_probabilities/coronacases_008_slice_0271.npy,0.05,0,0,65536,0,0,1.0,False
coronacases_010,68,/kaggle/working/scribble-uncertainty-lung-segmentation/data/pseudo_labels/teacher_tta_labels/coronacases_010_slice_0068.npy,/kaggle/working/scribble-uncertainty-lung-segmentation/data/pseudo_labels/teacher_tta_confidence/coronacases_010_slice_0068.npy,/kaggle/working/scribble-uncertainty-lung-segmentation/outputs/predictions/teacher_tta_probabilities/coronacases_010_slice_0068.npy,0.05,0,0,65536,0,0,1.0,False
coronacases_010,69,/kaggle/working/scribble-uncertainty-lung-segmentation/data/pseudo_labels/teacher_tta_labels/coronacases_010_slice_0069.npy,/kaggle/working/scribble-uncertainty-lung-segmentation/data/pseudo_labels/teacher_tta_confidence/coronacases_010_slice_0069.npy,/kaggle/working/scribble-uncertainty-lung-segmentation/outputs/predictions/teacher_tta_probabilities/coronacases_010_slice_0069.npy,0.05,0,0,65536,0,0,1.0,False
coronacases_010,70,/kaggle/working/scribble-uncertainty-lung-segmentation/data/pseudo_labels/teacher_tta_labels/coronacases_010_slice_0070.npy,/kaggle/working/scribble-uncertainty-lung-segmentation/data/pseudo_labels/teacher_tta_confidence/coronacases_010_slice_0070.npy,/kaggle/working/scribble-uncertainty-lung-segmentation/outputs/predictions/teacher_tta_probabilities/coronacases_010_slice_0070.npy,0.05,0,0,65536,0,0,1.0,False
coronacases_010,71,/kaggle/working/scribble-uncertainty-lung-segmentation/data/pseudo_labels/teacher_tta_labels/coronacases_010_slice_0071.npy,/kaggle/working/scribble-uncertainty-lung-segmentation/data/pseudo_labels/teacher_tta_confidence/coronacases_010_slice_0071.npy,/kaggle/working/scribble-uncertainty-lung-segmentation/outputs/predictions/teacher_tta_probabilities/coronacases_010_slice_0071.npy,0.05,0,0,65536,0,0,1.0,False
coronacases_010,72,/kaggle/working/scribble-uncertainty-lung-segmentation/data/pseudo_labels/teacher_tta_labels/coronacases_010_slice_0072.npy,/kaggle/working/scribble-uncertainty-lung-segmentation/data/pseudo_labels/teacher_tta_confidence/coronacases_010_slice_0072.npy,/kaggle/working/scribble-uncertainty-lung-segmentation/outputs/predictions/teacher_tta_probabilities/coronacases_010_slice_0072.npy,0.05,0,0,65536,0,0,1.0,False
coronacases_010,73,/kaggle/working/scribble-uncertainty-lung-segmentation/data/pseudo_labels/teacher_tta_labels/coronacases_010_slice_0073.npy,/kaggle/working/scribble-uncertainty-lung-segmentation/data/pseudo_labels/teacher_tta_confidence/coronacases_010_slice_0073.npy,/kaggle/working/scribble-uncertainty-lung-segmentation/outputs/predictions/teacher_tta_probabilities/coronacases_010_slice_0073.npy,0.05,0,0,65536,0,0,1.0,False
coronacases_010,74,/kaggle/working/scribble-uncertainty-lung-segmentation/data/pseudo_labels/teacher_tta_labels/coronacases_010_slice_0074.npy,/kaggle/working/scribble-uncertainty-lung-segmentation/data/pseudo_labels/teacher_tta_confidence/coronacases_010_slice_0074.npy,/kaggle/working/scribble-uncertainty-lung-segmentation/outputs/predictions/teacher_tta_probabilities/coronacases_010_slice_0074.npy,0.05,0,19,65536,0,0,5.263157909496385e-09,False
coronacases_010,75,/kaggle/working/scribble-uncertainty-lung-segmentation/data/pseudo_labels/teacher_tta_labels/coronacases_010_slice_0075.npy,/kaggle/working/scribble-uncertainty-lung-segmentation/data/pseudo_labels/teacher_tta_confidence/coronacases_010_slice_0075.npy,/kaggle/working/scribble-uncertainty-lung-segmentation/outputs/predictions/teacher_tta_probabilities/coronacases_010_slice_0075.npy,0.05,0,81,65536,8,92,0.7976878881454468,True
coronacases_010,76,/kaggle/working/scribble-uncertainty-lung-segmentation/data/pseudo_labels/teacher_tta_labels/coronacases_010_slice_0076.npy,/kaggle/working/scribble-uncertainty-lung-segmentation/data/pseudo_labels/teacher_tta_confidence/coronacases_010_slice_0076.npy,/kaggle/working/scribble-uncertainty-lung-segmentation/outputs/predictions/teacher_tta_probabilities/coronacases_010_slice_0076.npy,0.05,0,90,65536,4,71,0.7950310707092285,True
coronacases_010,77,/kaggle/working/scribble-uncertainty-lung-segmentation/data/pseudo_labels/teacher_tta_labels/coronacases_010_slice_0077.npy,/kaggle/working/scribble-uncertainty-lung-segmentation/data/pseudo_labels/teacher_tta_confidence/coronacases_010_slice_0077.npy,/kaggle/working/scribble-uncertainty-lung-segmentation/outputs/predictions/teacher_tta_probabilities/coronacases_010_slice_0077.npy,0.05,0,166,65536,4,135,0.724252462387085,True
coronacases_010,78,/kaggle/working/scribble-uncertainty-lung-segmentation/data/pseudo_labels/teacher_tta_labels/coronacases_010_slice_0078.npy,/kaggle/working/scribble-uncertainty-lung-segmentation/data/pseudo_labels/teacher_tta_confidence/coronacases_010_slice_0078.npy,/kaggle/working/scribble-uncertainty-lung-segmentation/outputs/predictions/teacher_tta_probabilities/coronacases_010_slice_0078.npy,0.05,0,237,65536,8,155,0.6989796161651611,True
coronacases_010,79,/kaggle/working/scribble-uncertainty-lung-segmentation/data/pseudo_labels/teacher_tta_labels/coronacases_010_slice_0079.npy,/kaggle/working/scribble-uncertainty-lung-segmentation/data/pseudo_labels/teacher_tta_confidence/coronacases_010_slice_0079.npy,/kaggle/working/scribble-uncertainty-lung-segmentation/outputs/predictions/teacher_tta_probabilities/coronacases_010_slice_0079.npy,0.05,0,285,65536,10,193,0.7196652889251709,True
coronacases_010,80,/kaggle/working/scribble-uncertainty-lung-segmentation/data/pseudo_labels/teacher_tta_labels/coronacases_010_slice_0080.npy,/kaggle/working/scribble-uncertainty-lung-segmentation/data/pseudo_labels/teacher_tta_confidence/coronacases_010_slice_0080.npy,/kaggle/working/scribble-uncertainty-lung-segmentation/outputs/predictions/teacher_tta_probabilities/coronacases_010_slice_0080.npy,0.05,0,437,65536,12,243,0.679411768913269,True
coronacases_010,81,/kaggle/working/scribble-uncertainty-lung-segmentation/data/pseudo_labels/teacher_tta_labels/coronacases_010_slice_0081.npy,/kaggle/working/scribble-uncertainty-lung-segmentation/data/pseudo_labels/teacher_tta_confidence/coronacases_010_slice_0081.npy,/kaggle/working/scribble-uncertainty-lung-segmentation/outputs/predictions/teacher_tta_probabilities/coronacases_010_slice_0081.npy,0.05,0,540,65536,11,270,0.6592592597007751,True
coronacases_010,82,/kaggle/working/scribble-uncertainty-lung-segmentation/data/pseudo_labels/teacher_tta_labels/coronacases_010_slice_0082.npy,/kaggle/working/scribble-uncertainty-lung-segmentation/data/pseudo_labels/teacher_tta_confidence/coronacases_010_slice_0082.npy,/kaggle/working/scribble-uncertainty-lung-segmentation/outputs/predictions/teacher_tta_probabilities/coronacases_010_slice_0082.npy,0.05,0,707,65536,25,423,0.7256637215614319,True
coronacases_010,83,/kaggle/working/scribble-uncertainty-lung-segmentation/data/pseudo_labels/teacher_tta_labels/coronacases_010_slice_0083.npy,/kaggle/working/scribble-uncertainty-lung-segmentation/data/pseudo_labels/teacher_tta_confidence/coronacases_010_slice_0083.npy,/kaggle/working/scribble-uncertainty-lung-segmentation/outputs/predictions/teacher_tta_probabilities/coronacases_010_slice_0083.npy,0.05,0,818,65536,22,470,0.7158384919166565,True
coronacases_010,84,/kaggle/working/scribble-uncertainty-lung-segmentation/data/pseudo_labels/teacher_tta_labels/coronacases_010_slice_0084.npy,/kaggle/working/scribble-uncertainty-lung-segmentation/data/pseudo_labels/teacher_tta_confidence/coronacases_010_slice_0084.npy,/kaggle/working/scribble-uncertainty-lung-segmentation/outputs/predictions/teacher_tta_probabilities/coronacases_010_slice_0084.npy,0.05,0,909,65536,40,648,0.7771354913711548,True
coronacases_010,85,/kaggle/working/scribble-uncertainty-lung-segmentation/data/pseudo_labels/teacher_tta_labels/coronacases_010_slice_0085.npy,/kaggle/working/scribble-uncertainty-lung-segmentation/data/pseudo_labels/teacher_tta_confidence/coronacases_010_slice_0085.npy,/kaggle/working/scribble-uncertainty-lung-segmentation/outputs/predictions/teacher_tta_probabilities/coronacases_010_slice_0085.npy,0.05,0,1039,65536,40,656,0.7303834557533264,True
coronacases_010,86,/kaggle/working/scribble-uncertainty-lung-segmentation/data/pseudo_labels/teacher_tta_labels/coronacases_010_slice_0086.npy,/kaggle/working/scribble-uncertainty-lung-segmentation/data/pseudo_labels/teacher_tta_confidence/coronacases_010_slice_0086.npy,/kaggle/working/scribble-uncertainty-lung-segmentation/outputs/predictions/teacher_tta_probabilities/coronacases_010_slice_0086.npy,0.05,0,1115,65536,50,810,0.8083117008209229,True
coronacases_010,87,/kaggle/working/scribble-uncertainty-lung-segmentation/data/pseudo_labels/teacher_tta_labels/coronacases_010_slice_0087.npy,/kaggle/working/scribble-uncertainty-lung-segmentation/data/pseudo_labels/teacher_tta_confidence/coronacases_010_slice_0087.npy,/kaggle/working/scribble-uncertainty-lung-segmentation/outputs/predictions/teacher_tta_probabilities/coronacases_010_slice_0087.npy,0.05,0,1293,65536,57,1032,0.8473118543624878,True
coronacases_010,88,/kaggle/working/scribble-uncertainty-lung-segmentation/data/pseudo_labels/teacher_tta_labels/coronacases_010_slice_0088.npy,/kaggle/working/scribble-uncertainty-lung-segmentation/data/pseudo_labels/teacher_tta_confidence/coronacases_010_slice_0088.npy,/kaggle/working/scribble-uncertainty-lung-segmentation/outputs/predictions/teacher_tta_probabilities/coronacases_010_slice_0088.npy,0.05,0,1434,65536,53,1154,0.843122124671936,True
coronacases_010,89,/kaggle/working/scribble-uncertainty-lung-segmentation/data/pseudo_labels/teacher_tta_labels/coronacases_010_slice_0089.npy,/kaggle/working/scribble-uncertainty-lung-segmentation/data/pseudo_labels/teacher_tta_confidence/coronacases_010_slice_0089.npy,/kaggle/working/scribble-uncertainty-lung-segmentation/outputs/predictions/teacher_tta_probabilities/coronacases_010_slice_0089.npy,0.05,0,1510,65536,62,1100,0.8291187882423401,True
coronacases_010,90,/kaggle/working/scribble-uncertainty-lung-segmentation/data/pseudo_labels/teacher_tta_labels/coronacases_010_slice_0090.npy,/kaggle/working/scribble-uncertainty-lung-segmentation/data/pseudo_labels/teacher_tta_confidence/coronacases_010_slice_0090.npy,/kaggle/working/scribble-uncertainty-lung-segmentation/outputs/predictions/teacher_tta_probabilities/coronacases_010_slice_0090.npy,0.05,0,1549,65536,56,1227,0.8616714477539062,True
coronacases_010,91,/kaggle/working/scribble-uncertainty-lung-segmentation/data/pseudo_labels/teacher_tta_labels/coronacases_010_slice_0091.npy,/kaggle/working/scribble-uncertainty-lung-segmentation/data/pseudo_labels/teacher_tta_confidence/coronacases_010_slice_0091.npy,/kaggle/working/scribble-uncertainty-lung-segmentation/outputs/predictions/teacher_tta_probabilities/coronacases_010_slice_0091.npy,0.05,0,1620,65536,62,1279,0.8658158183097839,True
coronacases_010,92,/kaggle/working/scribble-uncertainty-lung-segmentation/data/pseudo_labels/teacher_tta_labels/coronacases_010_slice_0092.npy,/kaggle/working/scribble-uncertainty-lung-segmentation/data/pseudo_labels/teacher_tta_confidence/coronacases_010_slice_0092.npy,/kaggle/working/scribble-uncertainty-lung-segmentation/outputs/predictions/teacher_tta_probabilities/coronacases_010_slice_0092.npy,0.05,0,1654,65536,63,1351,0.8579034805297852,True
coronacases_010,93,/kaggle/working/scribble-uncertainty-lung-segmentation/data/pseudo_labels/teacher_tta_labels/coronacases_010_slice_0093.npy,/kaggle/working/scribble-uncertainty-lung-segmentation/data/pseudo_labels/teacher_tta_confidence/coronacases_010_slice_0093.npy,/kaggle/working/scribble-uncertainty-lung-segmentation/outputs/predictions/teacher_tta_probabilities/coronacases_010_slice_0093.npy,0.05,0,1679,65536,67,1371,0.8373770713806152,True
coronacases_010,94,/kaggle/working/scribble-uncertainty-lung-segmentation/data/pseudo_labels/teacher_tta_labels/coronacases_010_slice_0094.npy,/kaggle/working/scribble-uncertainty-lung-segmentation/data/pseudo_labels/teacher_tta_confidence/coronacases_010_slice_0094.npy,/kaggle/working/scribble-uncertainty-lung-segmentation/outputs/predictions/teacher_tta_probabilities/coronacases_010_slice_0094.npy,0.05,0,1771,65536,52,1436,0.8556283116340637,True
coronacases_010,95,/kaggle/working/scribble-uncertainty-lung-segmentation/data/pseudo_labels/teacher_tta_labels/coronacases_010_slice_0095.npy,/kaggle/working/scribble-uncertainty-lung-segmentation/data/pseudo_labels/teacher_tta_confidence/coronacases_010_slice_0095.npy,/kaggle/working/scribble-uncertainty-lung-segmentation/outputs/predictions/teacher_tta_probabilities/coronacases_010_slice_0095.npy,0.05,0,1873,65536,63,1451,0.8598074316978455,True
coronacases_010,96,/kaggle/working/scribble-uncertainty-lung-segmentation/data/pseudo_labels/teacher_tta_labels/coronacases_010_slice_0096.npy,/kaggle/working/scribble-uncertainty-lung-segmentation/data/pseudo_labels/teacher_tta_confidence/coronacases_010_slice_0096.npy,/kaggle/working/scribble-uncertainty-lung-segmentation/outputs/predictions/teacher_tta_probabilities/coronacases_010_slice_0096.npy,0.05,0,1939,65536,56,1477,0.8524590134620667,True
coronacases_010,97,/kaggle/working/scribble-uncertainty-lung-segmentation/data/pseudo_labels/teacher_tta_labels/coronacases_010_slice_0097.npy,/kaggle/working/scribble-uncertainty-lung-segmentation/data/pseudo_labels/teacher_tta_confidence/coronacases_010_slice_0097.npy,/kaggle/working/scribble-uncertainty-lung-segmentation/outputs/predictions/teacher_tta_probabilities/coronacases_010_slice_0097.npy,0.05,0,1930,65536,62,1466,0.8480565547943115,True
coronacases_010,98,/kaggle/working/scribble-uncertainty-lung-segmentation/data/pseudo_labels/teacher_tta_labels/coronacases_010_slice_0098.npy,/kaggle/working/scribble-uncertainty-lung-segmentation/data/pseudo_labels/teacher_tta_confidence/coronacases_010_slice_0098.npy,/kaggle/working/scribble-uncertainty-lung-segmentation/outputs/predictions/teacher_tta_probabilities/coronacases_010_slice_0098.npy,0.05,0,1925,65536,67,1476,0.8374007940292358,True
coronacases_010,99,/kaggle/working/scribble-uncertainty-lung-segmentation/data/pseudo_labels/teacher_tta_labels/coronacases_010_slice_0099.npy,/kaggle/working/scribble-uncertainty-lung-segmentation/data/pseudo_labels/teacher_tta_confidence/coronacases_010_slice_0099.npy,/kaggle/working/scribble-uncertainty-lung-segmentation/outputs/predictions/teacher_tta_probabilities/coronacases_010_slice_0099.npy,0.05,0,1925,65536,70,1573,0.854202389717102,True
coronacases_010,100,/kaggle/working/scribble-uncertainty-lung-segmentation/data/pseudo_labels/teacher_tta_labels/coronacases_010_slice_0100.npy,/kaggle/working/scribble-uncertainty-lung-segmentation/data/pseudo_labels/teacher_tta_confidence/coronacases_010_slice_0100.npy,/kaggle/working/scribble-uncertainty-lung-segmentation/outputs/predictions/teacher_tta_probabilities/coronacases_010_slice_0100.npy,0.05,0,2026,65536,61,1507,0.8304557204246521,True
coronacases_010,101,/kaggle/working/scribble-uncertainty-lung-segmentation/data/pseudo_labels/teacher_tta_labels/coronacases_010_slice_0101.npy,/kaggle/working/scribble-uncertainty-lung-segmentation/data/pseudo_labels/teacher_tta_confidence/coronacases_010_slice_0101.npy,/kaggle/working/scribble-uncertainty-lung-segmentation/outputs/predictions/teacher_tta_probabilities/coronacases_010_slice_0101.npy,0.05,0,2125,65536,74,1547,0.8284313678741455,True
coronacases_010,102,/kaggle/working/scribble-uncertainty-lung-segmentation/data/pseudo_labels/teacher_tta_labels/coronacases_010_slice_0102.npy,/kaggle/working/scribble-uncertainty-lung-segmentation/data/pseudo_labels/teacher_tta_confidence/coronacases_010_slice_0102.npy,/kaggle/working/scribble-uncertainty-lung-segmentation/outputs/predictions/teacher_tta_probabilities/coronacases_010_slice_0102.npy,0.05,0,2008,65536,66,1673,0.8579190373420715,True
coronacases_010,103,/kaggle/working/scribble-uncertainty-lung-segmentation/data/pseudo_labels/teacher_tta_labels/coronacases_010_slice_0103.npy,/kaggle/working/scribble-uncertainty-lung-segmentation/data/pseudo_labels/teacher_tta_confidence/coronacases_010_slice_0103.npy,/kaggle/working/scribble-uncertainty-lung-segmentation/outputs/predictions/teacher_tta_probabilities/coronacases_010_slice_0103.npy,0.05,0,2083,65536,74,1596,0.8437075018882751,True
coronacases_010,104,/kaggle/working/scribble-uncertainty-lung-segmentation/data/pseudo_labels/teacher_tta_labels/coronacases_010_slice_0104.npy,/kaggle/working/scribble-uncertainty-lung-segmentation/data/pseudo_labels/teacher_tta_confidence/coronacases_010_slice_0104.npy,/kaggle/working/scribble-uncertainty-lung-segmentation/outputs/predictions/teacher_tta_probabilities/coronacases_010_slice_0104.npy,0.05,0,2103,65536,61,1434,0.7865422964096069,True
coronacases_010,105,/kaggle/working/scribble-uncertainty-lung-segmentation/data/pseudo_labels/teacher_tta_labels/coronacases_010_slice_0105.npy,/kaggle/working/scribble-uncertainty-lung-segmentation/data/pseudo_labels/teacher_tta_confidence/coronacases_010_slice_0105.npy,/kaggle/working/scribble-uncertainty-lung-segmentation/outputs/predictions/teacher_tta_probabilities/coronacases_010_slice_0105.npy,0.05,0,2111,65536,58,1601,0.8335129022598267,True
coronacases_010,106,/kaggle/working/scribble-uncertainty-lung-segmentation/data/pseudo_labels/teacher_tta_labels/coronacases_010_slice_0106.npy,/kaggle/working/scribble-uncertainty-lung-segmentation/data/pseudo_labels/teacher_tta_confidence/coronacases_010_slice_0106.npy,/kaggle/working/scribble-uncertainty-lung-segmentation/outputs/predictions/teacher_tta_probabilities/coronacases_010_slice_0106.npy,0.05,0,2134,65536,67,1558,0.8304442167282104,True
coronacases_010,107,/kaggle/working/scribble-uncertainty-lung-segmentation/data/pseudo_labels/teacher_tta_labels/coronacases_010_slice_0107.npy,/kaggle/working/scribble-uncertainty-lung-segmentation/data/pseudo_labels/teacher_tta_confidence/coronacases_010_slice_0107.npy,/kaggle/working/scribble-uncertainty-lung-segmentation/outputs/predictions/teacher_tta_probabilities/coronacases_010_slice_0107.npy,0.05,0,2292,65536,60,1538,0.792689323425293,True
coronacases_010,108,/kaggle/working/scribble-uncertainty-lung-segmentation/data/pseudo_labels/teacher_tta_labels/coronacases_010_slice_0108.npy,/kaggle/working/scribble-uncertainty-lung-segmentation/data/pseudo_labels/teacher_tta_confidence/coronacases_010_slice_0108.npy,/kaggle/working/scribble-uncertainty-lung-segmentation/outputs/predictions/teacher_tta_probabilities/coronacases_010_slice_0108.npy,0.05,0,2401,65536,57,1497,0.7634684443473816,True
coronacases_010,109,/kaggle/working/scribble-uncertainty-lung-segmentation/data/pseudo_labels/teacher_tta_labels/coronacases_010_slice_0109.npy,/kaggle/working/scribble-uncertainty-lung-segmentation/data/pseudo_labels/teacher_tta_confidence/coronacases_010_slice_0109.npy,/kaggle/working/scribble-uncertainty-lung-segmentation/outputs/predictions/teacher_tta_probabilities/coronacases_010_slice_0109.npy,0.05,0,2323,65536,64,1605,0.7907332181930542,True
coronacases_010,110,/kaggle/working/scribble-uncertainty-lung-segmentation/data/pseudo_labels/teacher_tta_labels/coronacases_010_slice_0110.npy,/kaggle/working/scribble-uncertainty-lung-segmentation/data/pseudo_labels/teacher_tta_confidence/coronacases_010_slice_0110.npy,/kaggle/working/scribble-uncertainty-lung-segmentation/outputs/predictions/teacher_tta_probabilities/coronacases_010_slice_0110.npy,0.05,0,2401,65536,66,1540,0.7576757073402405,True
coronacases_010,111,/kaggle/working/scribble-uncertainty-lung-segmentation/data/pseudo_labels/teacher_tta_labels/coronacases_010_slice_0111.npy,/kaggle/working/scribble-uncertainty-lung-segmentation/data/pseudo_labels/teacher_tta_confidence/coronacases_010_slice_0111.npy,/kaggle/working/scribble-uncertainty-lung-segmentation/outputs/predictions/teacher_tta_probabilities/coronacases_010_slice_0111.npy,0.05,0,2291,65536,79,1755,0.8472565412521362,True
coronacases_010,112,/kaggle/working/scribble-uncertainty-lung-segmentation/data/pseudo_labels/teacher_tta_labels/coronacases_010_slice_0112.npy,/kaggle/working/scribble-uncertainty-lung-segmentation/data/pseudo_labels/teacher_tta_confidence/coronacases_010_slice_0112.npy,/kaggle/working/scribble-uncertainty-lung-segmentation/outputs/predictions/teacher_tta_probabilities/coronacases_010_slice_0112.npy,0.05,0,2221,65536,60,1705,0.8593989014625549,True
coronacases_010,113,/kaggle/working/scribble-uncertainty-lung-segmentation/data/pseudo_labels/teacher_tta_labels/coronacases_010_slice_0113.npy,/kaggle/working/scribble-uncertainty-lung-segmentation/data/pseudo_labels/teacher_tta_confidence/coronacases_010_slice_0113.npy,/kaggle/working/scribble-uncertainty-lung-segmentation/outputs/predictions/teacher_tta_probabilities/coronacases_010_slice_0113.npy,0.05,0,2194,65536,64,1655,0.8428162932395935,True
coronacases_010,114,/kaggle/working/scribble-uncertainty-lung-segmentation/data/pseudo_labels/teacher_tta_labels/coronacases_010_slice_0114.npy,/kaggle/working/scribble-uncertainty-lung-segmentation/data/pseudo_labels/teacher_tta_confidence/coronacases_010_slice_0114.npy,/kaggle/working/scribble-uncertainty-lung-segmentation/outputs/predictions/teacher_tta_probabilities/coronacases_010_slice_0114.npy,0.05,0,2276,65536,56,1787,0.8570021986961365,True
coronacases_010,115,/kaggle/working/scribble-uncertainty-lung-segmentation/data/pseudo_labels/teacher_tta_labels/coronacases_010_slice_0115.npy,/kaggle/working/scribble-uncertainty-lung-segmentation/data/pseudo_labels/teacher_tta_confidence/coronacases_010_slice_0115.npy,/kaggle/working/scribble-uncertainty-lung-segmentation/outputs/predictions/teacher_tta_probabilities/coronacases_010_slice_0115.npy,0.05,0,2165,65536,53,1804,0.8727639317512512,True
coronacases_010,116,/kaggle/working/scribble-uncertainty-lung-segmentation/data/pseudo_labels/teacher_tta_labels/coronacases_010_slice_0116.npy,/kaggle/working/scribble-uncertainty-lung-segmentation/data/pseudo_labels/teacher_tta_confidence/coronacases_010_slice_0116.npy,/kaggle/working/scribble-uncertainty-lung-segmentation/outputs/predictions/teacher_tta_probabilities/coronacases_010_slice_0116.npy,0.05,0,2148,65536,66,1686,0.8466353416442871,True
coronacases_010,117,/kaggle/working/scribble-uncertainty-lung-segmentation/data/pseudo_labels/teacher_tta_labels/coronacases_010_slice_0117.npy,/kaggle/working/scribble-uncertainty-lung-segmentation/data/pseudo_labels/teacher_tta_confidence/coronacases_010_slice_0117.npy,/kaggle/working/scribble-uncertainty-lung-segmentation/outputs/predictions/teacher_tta_probabilities/coronacases_010_slice_0117.npy,0.05,0,2083,65536,64,1692,0.8651655912399292,True
coronacases_010,118,/kaggle/working/scribble-uncertainty-lung-segmentation/data/pseudo_labels/teacher_tta_labels/coronacases_010_slice_0118.npy,/kaggle/working/scribble-uncertainty-lung-segmentation/data/pseudo_labels/teacher_tta_confidence/coronacases_010_slice_0118.npy,/kaggle/working/scribble-uncertainty-lung-segmentation/outputs/predictions/teacher_tta_probabilities/coronacases_010_slice_0118.npy,0.05,0,2095,65536,61,1759,0.8526206612586975,True
coronacases_010,119,/kaggle/working/scribble-uncertainty-lung-segmentation/data/pseudo_labels/teacher_tta_labels/coronacases_010_slice_0119.npy,/kaggle/working/scribble-uncertainty-lung-segmentation/data/pseudo_labels/teacher_tta_confidence/coronacases_010_slice_0119.npy,/kaggle/working/scribble-uncertainty-lung-segmentation/outputs/predictions/teacher_tta_probabilities/coronacases_010_slice_0119.npy,0.05,0,2285,65536,77,1928,0.8616188168525696,True
coronacases_010,120,/kaggle/working/scribble-uncertainty-lung-segmentation/data/pseudo_labels/teacher_tta_labels/coronacases_010_slice_0120.npy,/kaggle/working/scribble-uncertainty-lung-segmentation/data/pseudo_labels/teacher_tta_confidence/coronacases_010_slice_0120.npy,/kaggle/working/scribble-uncertainty-lung-segmentation/outputs/predictions/teacher_tta_probabilities/coronacases_010_slice_0120.npy,0.05,0,2234,65536,83,1975,0.8662390112876892,True
coronacases_010,121,/kaggle/working/scribble-uncertainty-lung-segmentation/data/pseudo_labels/teacher_tta_labels/coronacases_010_slice_0121.npy,/kaggle/working/scribble-uncertainty-lung-segmentation/data/pseudo_labels/teacher_tta_confidence/coronacases_010_slice_0121.npy,/kaggle/working/scribble-uncertainty-lung-segmentation/outputs/predictions/teacher_tta_probabilities/coronacases_010_slice_0121.npy,0.05,0,2392,65536,78,2096,0.856951892375946,True
coronacases_010,122,/kaggle/working/scribble-uncertainty-lung-segmentation/data/pseudo_labels/teacher_tta_labels/coronacases_010_slice_0122.npy,/kaggle/working/scribble-uncertainty-lung-segmentation/data/pseudo_labels/teacher_tta_confidence/coronacases_010_slice_0122.npy,/kaggle/working/scribble-uncertainty-lung-segmentation/outputs/predictions/teacher_tta_probabilities/coronacases_010_slice_0122.npy,0.05,0,2447,65536,72,1931,0.8492462038993835,True
coronacases_010,123,/kaggle/working/scribble-uncertainty-lung-segmentation/data/pseudo_labels/teacher_tta_labels/coronacases_010_slice_0123.npy,/kaggle/working/scribble-uncertainty-lung-segmentation/data/pseudo_labels/teacher_tta_confidence/coronacases_010_slice_0123.npy,/kaggle/working/scribble-uncertainty-lung-segmentation/outputs/predictions/teacher_tta_probabilities/coronacases_010_slice_0123.npy,0.05,0,2416,65536,57,1891,0.8437427282333374,True
coronacases_010,124,/kaggle/working/scribble-uncertainty-lung-segmentation/data/pseudo_labels/teacher_tta_labels/coronacases_010_slice_0124.npy,/kaggle/working/scribble-uncertainty-lung-segmentation/data/pseudo_labels/teacher_tta_confidence/coronacases_010_slice_0124.npy,/kaggle/working/scribble-uncertainty-lung-segmentation/outputs/predictions/teacher_tta_probabilities/coronacases_010_slice_0124.npy,0.05,0,2365,65536,70,1910,0.8299415111541748,True
coronacases_010,125,/kaggle/working/scribble-uncertainty-lung-segmentation/data/pseudo_labels/teacher_tta_labels/coronacases_010_slice_0125.npy,/kaggle/working/scribble-uncertainty-lung-segmentation/data/pseudo_labels/teacher_tta_confidence/coronacases_010_slice_0125.npy,/kaggle/working/scribble-uncertainty-lung-segmentation/outputs/predictions/teacher_tta_probabilities/coronacases_010_slice_0125.npy,0.05,0,2368,65536,65,1873,0.8597028851509094,True
coronacases_010,126,/kaggle/working/scribble-uncertainty-lung-segmentation/data/pseudo_labels/teacher_tta_labels/coronacases_010_slice_0126.npy,/kaggle/working/scribble-uncertainty-lung-segmentation/data/pseudo_labels/teacher_tta_confidence/coronacases_010_slice_0126.npy,/kaggle/working/scribble-uncertainty-lung-segmentation/outputs/predictions/teacher_tta_probabilities/coronacases_010_slice_0126.npy,0.05,0,2304,65536,71,1886,0.8477327227592468,True
coronacases_010,127,/kaggle/working/scribble-uncertainty-lung-segmentation/data/pseudo_labels/teacher_tta_labels/coronacases_010_slice_0127.npy,/kaggle/working/scribble-uncertainty-lung-segmentation/data/pseudo_labels/teacher_tta_confidence/coronacases_010_slice_0127.npy,/kaggle/working/scribble-uncertainty-lung-segmentation/outputs/predictions/teacher_tta_probabilities/coronacases_010_slice_0127.npy,0.05,0,2369,65536,55,1721,0.8004890084266663,True
coronacases_010,128,/kaggle/working/scribble-uncertainty-lung-segmentation/data/pseudo_labels/teacher_tta_labels/coronacases_010_slice_0128.npy,/kaggle/working/scribble-uncertainty-lung-segmentation/data/pseudo_labels/teacher_tta_confidence/coronacases_010_slice_0128.npy,/kaggle/working/scribble-uncertainty-lung-segmentation/outputs/predictions/teacher_tta_probabilities/coronacases_010_slice_0128.npy,0.05,0,2293,65536,90,1739,0.778769850730896,True
coronacases_010,129,/kaggle/working/scribble-uncertainty-lung-segmentation/data/pseudo_labels/teacher_tta_labels/coronacases_010_slice_0129.npy,/kaggle/working/scribble-uncertainty-lung-segmentation/data/pseudo_labels/teacher_tta_confidence/coronacases_010_slice_0129.npy,/kaggle/working/scribble-uncertainty-lung-segmentation/outputs/predictions/teacher_tta_probabilities/coronacases_010_slice_0129.npy,0.05,0,2422,65536,68,1574,0.7617617845535278,True
coronacases_010,130,/kaggle/working/scribble-uncertainty-lung-segmentation/data/pseudo_labels/teacher_tta_labels/coronacases_010_slice_0130.npy,/kaggle/working/scribble-uncertainty-lung-segmentation/data/pseudo_labels/teacher_tta_confidence/coronacases_010_slice_0130.npy,/kaggle/working/scribble-uncertainty-lung-segmentation/outputs/predictions/teacher_tta_probabilities/coronacases_010_slice_0130.npy,0.05,0,2378,65536,62,1478,0.7266597747802734,True
coronacases_010,131,/kaggle/working/scribble-uncertainty-lung-segmentation/data/pseudo_labels/teacher_tta_labels/coronacases_010_slice_0131.npy,/kaggle/working/scribble-uncertainty-lung-segmentation/data/pseudo_labels/teacher_tta_confidence/coronacases_010_slice_0131.npy,/kaggle/working/scribble-uncertainty-lung-segmentation/outputs/predictions/teacher_tta_probabilities/coronacases_010_slice_0131.npy,0.05,0,2367,65536,76,1635,0.7536231875419617,True
coronacases_010,132,/kaggle/working/scribble-uncertainty-lung-segmentation/data/pseudo_labels/teacher_tta_labels/coronacases_010_slice_0132.npy,/kaggle/working/scribble-uncertainty-lung-segmentation/data/pseudo_labels/teacher_tta_confidence/coronacases_010_slice_0132.npy,/kaggle/working/scribble-uncertainty-lung-segmentation/outputs/predictions/teacher_tta_probabilities/coronacases_010_slice_0132.npy,0.05,0,2325,65536,59,1431,0.7561235427856445,True
coronacases_010,133,/kaggle/working/scribble-uncertainty-lung-segmentation/data/pseudo_labels/teacher_tta_labels/coronacases_010_slice_0133.npy,/kaggle/working/scribble-uncertainty-lung-segmentation/data/pseudo_labels/teacher_tta_confidence/coronacases_010_slice_0133.npy,/kaggle/working/scribble-uncertainty-lung-segmentation/outputs/predictions/teacher_tta_probabilities/coronacases_010_slice_0133.npy,0.05,0,2314,65536,61,1604,0.8136804699897766,True
coronacases_010,134,/kaggle/working/scribble-uncertainty-lung-segmentation/data/pseudo_labels/teacher_tta_labels/coronacases_010_slice_0134.npy,/kaggle/working/scribble-uncertainty-lung-segmentation/data/pseudo_labels/teacher_tta_confidence/coronacases_010_slice_0134.npy,/kaggle/working/scribble-uncertainty-lung-segmentation/outputs/predictions/teacher_tta_probabilities/coronacases_010_slice_0134.npy,0.05,0,2306,65536,79,1699,0.8304619193077087,True
coronacases_010,135,/kaggle/working/scribble-uncertainty-lung-segmentation/data/pseudo_labels/teacher_tta_labels/coronacases_010_slice_0135.npy,/kaggle/working/scribble-uncertainty-lung-segmentation/data/pseudo_labels/teacher_tta_confidence/coronacases_010_slice_0135.npy,/kaggle/working/scribble-uncertainty-lung-segmentation/outputs/predictions/teacher_tta_probabilities/coronacases_010_slice_0135.npy,0.05,0,2401,65536,69,1687,0.8136007785797119,True
coronacases_010,136,/kaggle/working/scribble-uncertainty-lung-segmentation/data/pseudo_labels/teacher_tta_labels/coronacases_010_slice_0136.npy,/kaggle/working/scribble-uncertainty-lung-segmentation/data/pseudo_labels/teacher_tta_confidence/coronacases_010_slice_0136.npy,/kaggle/working/scribble-uncertainty-lung-segmentation/outputs/predictions/teacher_tta_probabilities/coronacases_010_slice_0136.npy,0.05,0,2456,65536,75,1767,0.8089036345481873,True
coronacases_010,137,/kaggle/working/scribble-uncertainty-lung-segmentation/data/pseudo_labels/teacher_tta_labels/coronacases_010_slice_0137.npy,/kaggle/working/scribble-uncertainty-lung-segmentation/data/pseudo_labels/teacher_tta_confidence/coronacases_010_slice_0137.npy,/kaggle/working/scribble-uncertainty-lung-segmentation/outputs/predictions/teacher_tta_probabilities/coronacases_010_slice_0137.npy,0.05,0,2287,65536,74,1697,0.8398594260215759,True
coronacases_010,138,/kaggle/working/scribble-uncertainty-lung-segmentation/data/pseudo_labels/teacher_tta_labels/coronacases_010_slice_0138.npy,/kaggle/working/scribble-uncertainty-lung-segmentation/data/pseudo_labels/teacher_tta_confidence/coronacases_010_slice_0138.npy,/kaggle/working/scribble-uncertainty-lung-segmentation/outputs/predictions/teacher_tta_probabilities/coronacases_010_slice_0138.npy,0.05,0,2389,65536,86,1868,0.835330069065094,True
coronacases_010,139,/kaggle/working/scribble-uncertainty-lung-segmentation/data/pseudo_labels/teacher_tta_labels/coronacases_010_slice_0139.npy,/kaggle/working/scribble-uncertainty-lung-segmentation/data/pseudo_labels/teacher_tta_confidence/coronacases_010_slice_0139.npy,/kaggle/working/scribble-uncertainty-lung-segmentation/outputs/predictions/teacher_tta_probabilities/coronacases_010_slice_0139.npy,0.05,0,2187,65536,79,1849,0.8617442846298218,True
coronacases_010,140,/kaggle/working/scribble-uncertainty-lung-segmentation/data/pseudo_labels/teacher_tta_labels/coronacases_010_slice_0140.npy,/kaggle/working/scribble-uncertainty-lung-segmentation/data/pseudo_labels/teacher_tta_confidence/coronacases_010_slice_0140.npy,/kaggle/working/scribble-uncertainty-lung-segmentation/outputs/predictions/teacher_tta_probabilities/coronacases_010_slice_0140.npy,0.05,0,2328,65536,62,1713,0.8215788006782532,True
coronacases_010,141,/kaggle/working/scribble-uncertainty-lung-segmentation/data/pseudo_labels/teacher_tta_labels/coronacases_010_slice_0141.npy,/kaggle/working/scribble-uncertainty-lung-segmentation/data/pseudo_labels/teacher_tta_confidence/coronacases_010_slice_0141.npy,/kaggle/working/scribble-uncertainty-lung-segmentation/outputs/predictions/teacher_tta_probabilities/coronacases_010_slice_0141.npy,0.05,0,2158,65536,63,1503,0.7915869951248169,True
coronacases_010,142,/kaggle/working/scribble-uncertainty-lung-segmentation/data/pseudo_labels/teacher_tta_labels/coronacases_010_slice_0142.npy,/kaggle/working/scribble-uncertainty-lung-segmentation/data/pseudo_labels/teacher_tta_confidence/coronacases_010_slice_0142.npy,/kaggle/working/scribble-uncertainty-lung-segmentation/outputs/predictions/teacher_tta_probabilities/coronacases_010_slice_0142.npy,0.05,0,1982,65536,54,1551,0.8304557204246521,True
coronacases_010,143,/kaggle/working/scribble-uncertainty-lung-segmentation/data/pseudo_labels/teacher_tta_labels/coronacases_010_slice_0143.npy,/kaggle/working/scribble-uncertainty-lung-segmentation/data/pseudo_labels/teacher_tta_confidence/coronacases_010_slice_0143.npy,/kaggle/working/scribble-uncertainty-lung-segmentation/outputs/predictions/teacher_tta_probabilities/coronacases_010_slice_0143.npy,0.05,0,2068,65536,54,1494,0.8208871483802795,True
coronacases_010,144,/kaggle/working/scribble-uncertainty-lung-segmentation/data/pseudo_labels/teacher_tta_labels/coronacases_010_slice_0144.npy,/kaggle/working/scribble-uncertainty-lung-segmentation/data/pseudo_labels/teacher_tta_confidence/coronacases_010_slice_0144.npy,/kaggle/working/scribble-uncertainty-lung-segmentation/outputs/predictions/teacher_tta_probabilities/coronacases_010_slice_0144.npy,0.05,0,1973,65536,51,1439,0.8083235621452332,True
coronacases_010,145,/kaggle/working/scribble-uncertainty-lung-segmentation/data/pseudo_labels/teacher_tta_labels/coronacases_010_slice_0145.npy,/kaggle/working/scribble-uncertainty-lung-segmentation/data/pseudo_labels/teacher_tta_confidence/coronacases_010_slice_0145.npy,/kaggle/working/scribble-uncertainty-lung-segmentation/outputs/predictions/teacher_tta_probabilities/coronacases_010_slice_0145.npy,0.05,0,2000,65536,52,1359,0.8002381920814514,True
coronacases_010,146,/kaggle/working/scribble-uncertainty-lung-segmentation/data/pseudo_labels/teacher_tta_labels/coronacases_010_slice_0146.npy,/kaggle/working/scribble-uncertainty-lung-segmentation/data/pseudo_labels/teacher_tta_confidence/coronacases_010_slice_0146.npy,/kaggle/working/scribble-uncertainty-lung-segmentation/outputs/predictions/teacher_tta_probabilities/coronacases_010_slice_0146.npy,0.05,0,2089,65536,54,1332,0.7711195349693298,True
coronacases_010,147,/kaggle/working/scribble-uncertainty-lung-segmentation/data/pseudo_labels/teacher_tta_labels/coronacases_010_slice_0147.npy,/kaggle/working/scribble-uncertainty-lung-segmentation/data/pseudo_labels/teacher_tta_confidence/coronacases_010_slice_0147.npy,/kaggle/working/scribble-uncertainty-lung-segmentation/outputs/predictions/teacher_tta_probabilities/coronacases_010_slice_0147.npy,0.05,0,2201,65536,56,1448,0.782132089138031,True
coronacases_010,148,/kaggle/working/scribble-uncertainty-lung-segmentation/data/pseudo_labels/teacher_tta_labels/coronacases_010_slice_0148.npy,/kaggle/working/scribble-uncertainty-lung-segmentation/data/pseudo_labels/teacher_tta_confidence/coronacases_010_slice_0148.npy,/kaggle/working/scribble-uncertainty-lung-segmentation/outputs/predictions/teacher_tta_probabilities/coronacases_010_slice_0148.npy,0.05,0,2159,65536,53,1401,0.7719101309776306,True
coronacases_010,149,/kaggle/working/scribble-uncertainty-lung-segmentation/data/pseudo_labels/teacher_tta_labels/coronacases_010_slice_0149.npy,/kaggle/working/scribble-uncertainty-lung-segmentation/data/pseudo_labels/teacher_tta_confidence/coronacases_010_slice_0149.npy,/kaggle/working/scribble-uncertainty-lung-segmentation/outputs/predictions/teacher_tta_probabilities/coronacases_010_slice_0149.npy,0.05,0,2101,65536,61,1584,0.8548168540000916,True
coronacases_010,150,/kaggle/working/scribble-uncertainty-lung-segmentation/data/pseudo_labels/teacher_tta_labels/coronacases_010_slice_0150.npy,/kaggle/working/scribble-uncertainty-lung-segmentation/data/pseudo_labels/teacher_tta_confidence/coronacases_010_slice_0150.npy,/kaggle/working/scribble-uncertainty-lung-segmentation/outputs/predictions/teacher_tta_probabilities/coronacases_010_slice_0150.npy,0.05,0,2075,65536,69,1586,0.8489483594894409,True
coronacases_010,151,/kaggle/working/scribble-uncertainty-lung-segmentation/data/pseudo_labels/teacher_tta_labels/coronacases_010_slice_0151.npy,/kaggle/working/scribble-uncertainty-lung-segmentation/data/pseudo_labels/teacher_tta_confidence/coronacases_010_slice_0151.npy,/kaggle/working/scribble-uncertainty-lung-segmentation/outputs/predictions/teacher_tta_probabilities/coronacases_010_slice_0151.npy,0.05,0,2122,65536,68,1484,0.8147531747817993,True
coronacases_010,152,/kaggle/working/scribble-uncertainty-lung-segmentation/data/pseudo_labels/teacher_tta_labels/coronacases_010_slice_0152.npy,/kaggle/working/scribble-uncertainty-lung-segmentation/data/pseudo_labels/teacher_tta_confidence/coronacases_010_slice_0152.npy,/kaggle/working/scribble-uncertainty-lung-segmentation/outputs/predictions/teacher_tta_probabilities/coronacases_010_slice_0152.npy,0.05,0,1998,65536,63,1633,0.8713852763175964,True
coronacases_010,153,/kaggle/working/scribble-uncertainty-lung-segmentation/data/pseudo_labels/teacher_tta_labels/coronacases_010_slice_0153.npy,/kaggle/working/scribble-uncertainty-lung-segmentation/data/pseudo_labels/teacher_tta_confidence/coronacases_010_slice_0153.npy,/kaggle/working/scribble-uncertainty-lung-segmentation/outputs/predictions/teacher_tta_probabilities/coronacases_010_slice_0153.npy,0.05,0,2104,65536,80,1631,0.8428379893302917,True
coronacases_010,154,/kaggle/working/scribble-uncertainty-lung-segmentation/data/pseudo_labels/teacher_tta_labels/coronacases_010_slice_0154.npy,/kaggle/working/scribble-uncertainty-lung-segmentation/data/pseudo_labels/teacher_tta_confidence/coronacases_010_slice_0154.npy,/kaggle/working/scribble-uncertainty-lung-segmentation/outputs/predictions/teacher_tta_probabilities/coronacases_010_slice_0154.npy,0.05,0,1983,65536,68,1739,0.8694250583648682,True
coronacases_010,155,/kaggle/working/scribble-uncertainty-lung-segmentation/data/pseudo_labels/teacher_tta_labels/coronacases_010_slice_0155.npy,/kaggle/working/scribble-uncertainty-lung-segmentation/data/pseudo_labels/teacher_tta_confidence/coronacases_010_slice_0155.npy,/kaggle/working/scribble-uncertainty-lung-segmentation/outputs/predictions/teacher_tta_probabilities/coronacases_010_slice_0155.npy,0.05,0,1939,65536,68,1654,0.8639020323753357,True
coronacases_010,156,/kaggle/working/scribble-uncertainty-lung-segmentation/data/pseudo_labels/teacher_tta_labels/coronacases_010_slice_0156.npy,/kaggle/working/scribble-uncertainty-lung-segmentation/data/pseudo_labels/teacher_tta_confidence/coronacases_010_slice_0156.npy,/kaggle/working/scribble-uncertainty-lung-segmentation/outputs/predictions/teacher_tta_probabilities/coronacases_010_slice_0156.npy,0.05,0,1928,65536,77,1494,0.8369374871253967,True
coronacases_010,157,/kaggle/working/scribble-uncertainty-lung-segmentation/data/pseudo_labels/teacher_tta_labels/coronacases_010_slice_0157.npy,/kaggle/working/scribble-uncertainty-lung-segmentation/data/pseudo_labels/teacher_tta_confidence/coronacases_010_slice_0157.npy,/kaggle/working/scribble-uncertainty-lung-segmentation/outputs/predictions/teacher_tta_probabilities/coronacases_010_slice_0157.npy,0.05,0,1887,65536,64,1528,0.8573938608169556,True
coronacases_010,158,/kaggle/working/scribble-uncertainty-lung-segmentation/data/pseudo_labels/teacher_tta_labels/coronacases_010_slice_0158.npy,/kaggle/working/scribble-uncertainty-lung-segmentation/data/pseudo_labels/teacher_tta_confidence/coronacases_010_slice_0158.npy,/kaggle/working/scribble-uncertainty-lung-segmentation/outputs/predictions/teacher_tta_probabilities/coronacases_010_slice_0158.npy,0.05,0,1817,65536,82,1614,0.8802098631858826,True
coronacases_010,159,/kaggle/working/scribble-uncertainty-lung-segmentation/data/pseudo_labels/teacher_tta_labels/coronacases_010_slice_0159.npy,/kaggle/working/scribble-uncertainty-lung-segmentation/data/pseudo_labels/teacher_tta_confidence/coronacases_010_slice_0159.npy,/kaggle/working/scribble-uncertainty-lung-segmentation/outputs/predictions/teacher_tta_probabilities/coronacases_010_slice_0159.npy,0.05,0,1798,65536,76,1466,0.844975471496582,True
coronacases_010,160,/kaggle/working/scribble-uncertainty-lung-segmentation/data/pseudo_labels/teacher_tta_labels/coronacases_010_slice_0160.npy,/kaggle/working/scribble-uncertainty-lung-segmentation/data/pseudo_labels/teacher_tta_confidence/coronacases_010_slice_0160.npy,/kaggle/working/scribble-uncertainty-lung-segmentation/outputs/predictions/teacher_tta_probabilities/coronacases_010_slice_0160.npy,0.05,0,1796,65536,82,1577,0.7963237762451172,True
coronacases_010,161,/kaggle/working/scribble-uncertainty-lung-segmentation/data/pseudo_labels/teacher_tta_labels/coronacases_010_slice_0161.npy,/kaggle/working/scribble-uncertainty-lung-segmentation/data/pseudo_labels/teacher_tta_confidence/coronacases_010_slice_0161.npy,/kaggle/working/scribble-uncertainty-lung-segmentation/outputs/predictions/teacher_tta_probabilities/coronacases_010_slice_0161.npy,0.05,0,1715,65536,82,1340,0.8163666129112244,True
coronacases_010,162,/kaggle/working/scribble-uncertainty-lung-segmentation/data/pseudo_labels/teacher_tta_labels/coronacases_010_slice_0162.npy,/kaggle/working/scribble-uncertainty-lung-segmentation/data/pseudo_labels/teacher_tta_confidence/coronacases_010_slice_0162.npy,/kaggle/working/scribble-uncertainty-lung-segmentation/outputs/predictions/teacher_tta_probabilities/coronacases_010_slice_0162.npy,0.05,0,1716,65536,82,1254,0.8168350458145142,True
coronacases_010,163,/kaggle/working/scribble-uncertainty-lung-segmentation/data/pseudo_labels/teacher_tta_labels/coronacases_010_slice_0163.npy,/kaggle/working/scribble-uncertainty-lung-segmentation/data/pseudo_labels/teacher_tta_confidence/coronacases_010_slice_0163.npy,/kaggle/working/scribble-uncertainty-lung-segmentation/outputs/predictions/teacher_tta_probabilities/coronacases_010_slice_0163.npy,0.05,0,1664,65536,62,1530,0.8278021216392517,True
coronacases_010,164,/kaggle/working/scribble-uncertainty-lung-segmentation/data/pseudo_labels/teacher_tta_labels/coronacases_010_slice_0164.npy,/kaggle/working/scribble-uncertainty-lung-segmentation/data/pseudo_labels/teacher_tta_confidence/coronacases_010_slice_0164.npy,/kaggle/working/scribble-uncertainty-lung-segmentation/outputs/predictions/teacher_tta_probabilities/coronacases_010_slice_0164.npy,0.05,0,1593,65536,54,1569,0.8595825433731079,True
coronacases_010,165,/kaggle/working/scribble-uncertainty-lung-segmentation/data/pseudo_labels/teacher_tta_labels/coronacases_010_slice_0165.npy,/kaggle/working/scribble-uncertainty-lung-segmentation/data/pseudo_labels/teacher_tta_confidence/coronacases_010_slice_0165.npy,/kaggle/working/scribble-uncertainty-lung-segmentation/outputs/predictions/teacher_tta_probabilities/coronacases_010_slice_0165.npy,0.05,0,1670,65536,74,1355,0.8727272748947144,True
coronacases_010,166,/kaggle/working/scribble-uncertainty-lung-segmentation/data/pseudo_labels/teacher_tta_labels/coronacases_010_slice_0166.npy,/kaggle/working/scribble-uncertainty-lung-segmentation/data/pseudo_labels/teacher_tta_confidence/coronacases_010_slice_0166.npy,/kaggle/working/scribble-uncertainty-lung-segmentation/outputs/predictions/teacher_tta_probabilities/coronacases_010_slice_0166.npy,0.05,0,1634,65536,81,1339,0.8671375513076782,True
coronacases_010,167,/kaggle/working/scribble-uncertainty-lung-segmentation/data/pseudo_labels/teacher_tta_labels/coronacases_010_slice_0167.npy,/kaggle/working/scribble-uncertainty-lung-segmentation/data/pseudo_labels/teacher_tta_confidence/coronacases_010_slice_0167.npy,/kaggle/working/scribble-uncertainty-lung-segmentation/outputs/predictions/teacher_tta_probabilities/coronacases_010_slice_0167.npy,0.05,0,1765,65536,69,1494,0.8775697946548462,True
coronacases_010,168,/kaggle/working/scribble-uncertainty-lung-segmentation/data/pseudo_labels/teacher_tta_labels/coronacases_010_slice_0168.npy,/kaggle/working/scribble-uncertainty-lung-segmentation/data/pseudo_labels/teacher_tta_confidence/coronacases_010_slice_0168.npy,/kaggle/working/scribble-uncertainty-lung-segmentation/outputs/predictions/teacher_tta_probabilities/coronacases_010_slice_0168.npy,0.05,0,1818,65536,80,1367,0.8521193265914917,True
coronacases_010,169,/kaggle/working/scribble-uncertainty-lung-segmentation/data/pseudo_labels/teacher_tta_labels/coronacases_010_slice_0169.npy,/kaggle/working/scribble-uncertainty-lung-segmentation/data/pseudo_labels/teacher_tta_confidence/coronacases_010_slice_0169.npy,/kaggle/working/scribble-uncertainty-lung-segmentation/outputs/predictions/teacher_tta_probabilities/coronacases_010_slice_0169.npy,0.05,0,1813,65536,73,1316,0.8315755724906921,True
coronacases_010,170,/kaggle/working/scribble-uncertainty-lung-segmentation/data/pseudo_labels/teacher_tta_labels/coronacases_010_slice_0170.npy,/kaggle/working/scribble-uncertainty-lung-segmentation/data/pseudo_labels/teacher_tta_confidence/coronacases_010_slice_0170.npy,/kaggle/working/scribble-uncertainty-lung-segmentation/outputs/predictions/teacher_tta_probabilities/coronacases_010_slice_0170.npy,0.05,0,1797,65536,75,1547,0.855861246585846,True
coronacases_010,171,/kaggle/working/scribble-uncertainty-lung-segmentation/data/pseudo_labels/teacher_tta_labels/coronacases_010_slice_0171.npy,/kaggle/working/scribble-uncertainty-lung-segmentation/data/pseudo_labels/teacher_tta_confidence/coronacases_010_slice_0171.npy,/kaggle/working/scribble-uncertainty-lung-segmentation/outputs/predictions/teacher_tta_probabilities/coronacases_010_slice_0171.npy,0.05,0,1709,65536,67,1441,0.8526983857154846,True
coronacases_010,172,/kaggle/working/scribble-uncertainty-lung-segmentation/data/pseudo_labels/teacher_tta_labels/coronacases_010_slice_0172.npy,/kaggle/working/scribble-uncertainty-lung-segmentation/data/pseudo_labels/teacher_tta_confidence/coronacases_010_slice_0172.npy,/kaggle/working/scribble-uncertainty-lung-segmentation/outputs/predictions/teacher_tta_probabilities/coronacases_010_slice_0172.npy,0.05,0,1635,65536,86,1414,0.8802886009216309,True
coronacases_010,173,/kaggle/working/scribble-uncertainty-lung-segmentation/data/pseudo_labels/teacher_tta_labels/coronacases_010_slice_0173.npy,/kaggle/working/scribble-uncertainty-lung-segmentation/data/pseudo_labels/teacher_tta_confidence/coronacases_010_slice_0173.npy,/kaggle/working/scribble-uncertainty-lung-segmentation/outputs/predictions/teacher_tta_probabilities/coronacases_010_slice_0173.npy,0.05,0,1608,65536,75,1312,0.8458904027938843,True
coronacases_010,174,/kaggle/working/scribble-uncertainty-lung-segmentation/data/pseudo_labels/teacher_tta_labels/coronacases_010_slice_0174.npy,/kaggle/working/scribble-uncertainty-lung-segmentation/data/pseudo_labels/teacher_tta_confidence/coronacases_010_slice_0174.npy,/kaggle/working/scribble-uncertainty-lung-segmentation/outputs/predictions/teacher_tta_probabilities/coronacases_010_slice_0174.npy,0.05,0,1612,65536,79,1391,0.8531468510627747,True
coronacases_010,175,/kaggle/working/scribble-uncertainty-lung-segmentation/data/pseudo_labels/teacher_tta_labels/coronacases_010_slice_0175.npy,/kaggle/working/scribble-uncertainty-lung-segmentation/data/pseudo_labels/teacher_tta_confidence/coronacases_010_slice_0175.npy,/kaggle/working/scribble-uncertainty-lung-segmentation/outputs/predictions/teacher_tta_probabilities/coronacases_010_slice_0175.npy,0.05,0,1528,65536,72,1278,0.8652886748313904,True
coronacases_010,176,/kaggle/working/scribble-uncertainty-lung-segmentation/data/pseudo_labels/teacher_tta_labels/coronacases_010_slice_0176.npy,/kaggle/working/scribble-uncertainty-lung-segmentation/data/pseudo_labels/teacher_tta_confidence/coronacases_010_slice_0176.npy,/kaggle/working/scribble-uncertainty-lung-segmentation/outputs/predictions/teacher_tta_probabilities/coronacases_010_slice_0176.npy,0.05,0,1505,65536,75,1286,0.887137234210968,True
coronacases_010,177,/kaggle/working/scribble-uncertainty-lung-segmentation/data/pseudo_labels/teacher_tta_labels/coronacases_010_slice_0177.npy,/kaggle/working/scribble-uncertainty-lung-segmentation/data/pseudo_labels/teacher_tta_confidence/coronacases_010_slice_0177.npy,/kaggle/working/scribble-uncertainty-lung-segmentation/outputs/predictions/teacher_tta_probabilities/coronacases_010_slice_0177.npy,0.05,0,1526,65536,67,1217,0.8501640558242798,True
coronacases_010,178,/kaggle/working/scribble-uncertainty-lung-segmentation/data/pseudo_labels/teacher_tta_labels/coronacases_010_slice_0178.npy,/kaggle/working/scribble-uncertainty-lung-segmentation/data/pseudo_labels/teacher_tta_confidence/coronacases_010_slice_0178.npy,/kaggle/working/scribble-uncertainty-lung-segmentation/outputs/predictions/teacher_tta_probabilities/coronacases_010_slice_0178.npy,0.05,0,1490,65536,61,1279,0.8761285543441772,True
coronacases_010,179,/kaggle/working/scribble-uncertainty-lung-segmentation/data/pseudo_labels/teacher_tta_labels/coronacases_010_slice_0179.npy,/kaggle/working/scribble-uncertainty-lung-segmentation/data/pseudo_labels/teacher_tta_confidence/coronacases_010_slice_0179.npy,/kaggle/working/scribble-uncertainty-lung-segmentation/outputs/predictions/teacher_tta_probabilities/coronacases_010_slice_0179.npy,0.05,0,1490,65536,65,1381,0.8777429461479187,True
coronacases_010,180,/kaggle/working/scribble-uncertainty-lung-segmentation/data/pseudo_labels/teacher_tta_labels/coronacases_010_slice_0180.npy,/kaggle/working/scribble-uncertainty-lung-segmentation/data/pseudo_labels/teacher_tta_confidence/coronacases_010_slice_0180.npy,/kaggle/working/scribble-uncertainty-lung-segmentation/outputs/predictions/teacher_tta_probabilities/coronacases_010_slice_0180.npy,0.05,0,1531,65536,68,1224,0.8588021993637085,True
coronacases_010,181,/kaggle/working/scribble-uncertainty-lung-segmentation/data/pseudo_labels/teacher_tta_labels/coronacases_010_slice_0181.npy,/kaggle/working/scribble-uncertainty-lung-segmentation/data/pseudo_labels/teacher_tta_confidence/coronacases_010_slice_0181.npy,/kaggle/working/scribble-uncertainty-lung-segmentation/outputs/predictions/teacher_tta_probabilities/coronacases_010_slice_0181.npy,0.05,0,1602,65536,76,1419,0.9016881585121155,True
coronacases_010,182,/kaggle/working/scribble-uncertainty-lung-segmentation/data/pseudo_labels/teacher_tta_labels/coronacases_010_slice_0182.npy,/kaggle/working/scribble-uncertainty-lung-segmentation/data/pseudo_labels/teacher_tta_confidence/coronacases_010_slice_0182.npy,/kaggle/working/scribble-uncertainty-lung-segmentation/outputs/predictions/teacher_tta_probabilities/coronacases_010_slice_0182.npy,0.05,0,1631,65536,80,1305,0.8583106398582458,True
coronacases_010,183,/kaggle/working/scribble-uncertainty-lung-segmentation/data/pseudo_labels/teacher_tta_labels/coronacases_010_slice_0183.npy,/kaggle/working/scribble-uncertainty-lung-segmentation/data/pseudo_labels/teacher_tta_confidence/coronacases_010_slice_0183.npy,/kaggle/working/scribble-uncertainty-lung-segmentation/outputs/predictions/teacher_tta_probabilities/coronacases_010_slice_0183.npy,0.05,0,1684,65536,79,1592,0.9004883766174316,True
coronacases_010,184,/kaggle/working/scribble-uncertainty-lung-segmentation/data/pseudo_labels/teacher_tta_labels/coronacases_010_slice_0184.npy,/kaggle/working/scribble-uncertainty-lung-segmentation/data/pseudo_labels/teacher_tta_confidence/coronacases_010_slice_0184.npy,/kaggle/working/scribble-uncertainty-lung-segmentation/outputs/predictions/teacher_tta_probabilities/coronacases_010_slice_0184.npy,0.05,0,1695,65536,77,1442,0.8728083968162537,True
coronacases_010,185,/kaggle/working/scribble-uncertainty-lung-segmentation/data/pseudo_labels/teacher_tta_labels/coronacases_010_slice_0185.npy,/kaggle/working/scribble-uncertainty-lung-segmentation/data/pseudo_labels/teacher_tta_confidence/coronacases_010_slice_0185.npy,/kaggle/working/scribble-uncertainty-lung-segmentation/outputs/predictions/teacher_tta_probabilities/coronacases_010_slice_0185.npy,0.05,0,1639,65536,81,1374,0.8835048079490662,True
coronacases_010,186,/kaggle/working/scribble-uncertainty-lung-segmentation/data/pseudo_labels/teacher_tta_labels/coronacases_010_slice_0186.npy,/kaggle/working/scribble-uncertainty-lung-segmentation/data/pseudo_labels/teacher_tta_confidence/coronacases_010_slice_0186.npy,/kaggle/working/scribble-uncertainty-lung-segmentation/outputs/predictions/teacher_tta_probabilities/coronacases_010_slice_0186.npy,0.05,0,1580,65536,89,1358,0.8597685694694519,True
coronacases_010,187,/kaggle/working/scribble-uncertainty-lung-segmentation/data/pseudo_labels/teacher_tta_labels/coronacases_010_slice_0187.npy,/kaggle/working/scribble-uncertainty-lung-segmentation/data/pseudo_labels/teacher_tta_confidence/coronacases_010_slice_0187.npy,/kaggle/working/scribble-uncertainty-lung-segmentation/outputs/predictions/teacher_tta_probabilities/coronacases_010_slice_0187.npy,0.05,0,1686,65536,85,1529,0.858475923538208,True
coronacases_010,188,/kaggle/working/scribble-uncertainty-lung-segmentation/data/pseudo_labels/teacher_tta_labels/coronacases_010_slice_0188.npy,/kaggle/working/scribble-uncertainty-lung-segmentation/data/pseudo_labels/teacher_tta_confidence/coronacases_010_slice_0188.npy,/kaggle/working/scribble-uncertainty-lung-segmentation/outputs/predictions/teacher_tta_probabilities/coronacases_010_slice_0188.npy,0.05,0,1814,65536,83,1510,0.8742479085922241,True
coronacases_010,189,/kaggle/working/scribble-uncertainty-lung-segmentation/data/pseudo_labels/teacher_tta_labels/coronacases_010_slice_0189.npy,/kaggle/working/scribble-uncertainty-lung-segmentation/data/pseudo_labels/teacher_tta_confidence/coronacases_010_slice_0189.npy,/kaggle/working/scribble-uncertainty-lung-segmentation/outputs/predictions/teacher_tta_probabilities/coronacases_010_slice_0189.npy,0.05,0,1903,65536,89,1703,0.9057127237319946,True
coronacases_010,190,/kaggle/working/scribble-uncertainty-lung-segmentation/data/pseudo_labels/teacher_tta_labels/coronacases_010_slice_0190.npy,/kaggle/working/scribble-uncertainty-lung-segmentation/data/pseudo_labels/teacher_tta_confidence/coronacases_010_slice_0190.npy,/kaggle/working/scribble-uncertainty-lung-segmentation/outputs/predictions/teacher_tta_probabilities/coronacases_010_slice_0190.npy,0.05,0,1939,65536,84,1784,0.8885307312011719,True
coronacases_010,191,/kaggle/working/scribble-uncertainty-lung-segmentation/data/pseudo_labels/teacher_tta_labels/coronacases_010_slice_0191.npy,/kaggle/working/scribble-uncertainty-lung-segmentation/data/pseudo_labels/teacher_tta_confidence/coronacases_010_slice_0191.npy,/kaggle/working/scribble-uncertainty-lung-segmentation/outputs/predictions/teacher_tta_probabilities/coronacases_010_slice_0191.npy,0.05,0,1922,65536,90,1652,0.8847230076789856,True
coronacases_010,192,/kaggle/working/scribble-uncertainty-lung-segmentation/data/pseudo_labels/teacher_tta_labels/coronacases_010_slice_0192.npy,/kaggle/working/scribble-uncertainty-lung-segmentation/data/pseudo_labels/teacher_tta_confidence/coronacases_010_slice_0192.npy,/kaggle/working/scribble-uncertainty-lung-segmentation/outputs/predictions/teacher_tta_probabilities/coronacases_010_slice_0192.npy,0.05,0,1873,65536,78,1577,0.8782608509063721,True
coronacases_010,193,/kaggle/working/scribble-uncertainty-lung-segmentation/data/pseudo_labels/teacher_tta_labels/coronacases_010_slice_0193.npy,/kaggle/working/scribble-uncertainty-lung-segmentation/data/pseudo_labels/teacher_tta_confidence/coronacases_010_slice_0193.npy,/kaggle/working/scribble-uncertainty-lung-segmentation/outputs/predictions/teacher_tta_probabilities/coronacases_010_slice_0193.npy,0.05,0,1863,65536,78,1506,0.8803799152374268,True
coronacases_010,194,/kaggle/working/scribble-uncertainty-lung-segmentation/data/pseudo_labels/teacher_tta_labels/coronacases_010_slice_0194.npy,/kaggle/working/scribble-uncertainty-lung-segmentation/data/pseudo_labels/teacher_tta_confidence/coronacases_010_slice_0194.npy,/kaggle/working/scribble-uncertainty-lung-segmentation/outputs/predictions/teacher_tta_probabilities/coronacases_010_slice_0194.npy,0.05,0,1807,65536,60,1528,0.891154408454895,True
coronacases_010,195,/kaggle/working/scribble-uncertainty-lung-segmentation/data/pseudo_labels/teacher_tta_labels/coronacases_010_slice_0195.npy,/kaggle/working/scribble-uncertainty-lung-segmentation/data/pseudo_labels/teacher_tta_confidence/coronacases_010_slice_0195.npy,/kaggle/working/scribble-uncertainty-lung-segmentation/outputs/predictions/teacher_tta_probabilities/coronacases_010_slice_0195.npy,0.05,0,1821,65536,76,1296,0.8200192451477051,True
coronacases_010,196,/kaggle/working/scribble-uncertainty-lung-segmentation/data/pseudo_labels/teacher_tta_labels/coronacases_010_slice_0196.npy,/kaggle/working/scribble-uncertainty-lung-segmentation/data/pseudo_labels/teacher_tta_confidence/coronacases_010_slice_0196.npy,/kaggle/working/scribble-uncertainty-lung-segmentation/outputs/predictions/teacher_tta_probabilities/coronacases_010_slice_0196.npy,0.05,0,1575,65536,74,1284,0.8814270496368408,True
coronacases_010,197,/kaggle/working/scribble-uncertainty-lung-segmentation/data/pseudo_labels/teacher_tta_labels/coronacases_010_slice_0197.npy,/kaggle/working/scribble-uncertainty-lung-segmentation/data/pseudo_labels/teacher_tta_confidence/coronacases_010_slice_0197.npy,/kaggle/working/scribble-uncertainty-lung-segmentation/outputs/predictions/teacher_tta_probabilities/coronacases_010_slice_0197.npy,0.05,0,1518,65536,58,1139,0.8392924070358276,True
coronacases_010,198,/kaggle/working/scribble-uncertainty-lung-segmentation/data/pseudo_labels/teacher_tta_labels/coronacases_010_slice_0198.npy,/kaggle/working/scribble-uncertainty-lung-segmentation/data/pseudo_labels/teacher_tta_confidence/coronacases_010_slice_0198.npy,/kaggle/working/scribble-uncertainty-lung-segmentation/outputs/predictions/teacher_tta_probabilities/coronacases_010_slice_0198.npy,0.05,0,1323,65536,53,1038,0.8335450887680054,True
coronacases_010,199,/kaggle/working/scribble-uncertainty-lung-segmentation/data/pseudo_labels/teacher_tta_labels/coronacases_010_slice_0199.npy,/kaggle/working/scribble-uncertainty-lung-segmentation/data/pseudo_labels/teacher_tta_confidence/coronacases_010_slice_0199.npy,/kaggle/working/scribble-uncertainty-lung-segmentation/outputs/predictions/teacher_tta_probabilities/coronacases_010_slice_0199.npy,0.05,0,1287,65536,46,989,0.8400703072547913,True
coronacases_010,200,/kaggle/working/scribble-uncertainty-lung-segmentation/data/pseudo_labels/teacher_tta_labels/coronacases_010_slice_0200.npy,/kaggle/working/scribble-uncertainty-lung-segmentation/data/pseudo_labels/teacher_tta_confidence/coronacases_010_slice_0200.npy,/kaggle/working/scribble-uncertainty-lung-segmentation/outputs/predictions/teacher_tta_probabilities/coronacases_010_slice_0200.npy,0.05,0,1436,65536,55,1111,0.8496270179748535,True
coronacases_010,201,/kaggle/working/scribble-uncertainty-lung-segmentation/data/pseudo_labels/teacher_tta_labels/coronacases_010_slice_0201.npy,/kaggle/working/scribble-uncertainty-lung-segmentation/data/pseudo_labels/teacher_tta_confidence/coronacases_010_slice_0201.npy,/kaggle/working/scribble-uncertainty-lung-segmentation/outputs/predictions/teacher_tta_probabilities/coronacases_010_slice_0201.npy,0.05,0,1456,65536,47,1135,0.8398301601409912,True
coronacases_010,202,/kaggle/working/scribble-uncertainty-lung-segmentation/data/pseudo_labels/teacher_tta_labels/coronacases_010_slice_0202.npy,/kaggle/working/scribble-uncertainty-lung-segmentation/data/pseudo_labels/teacher_tta_confidence/coronacases_010_slice_0202.npy,/kaggle/working/scribble-uncertainty-lung-segmentation/outputs/predictions/teacher_tta_probabilities/coronacases_010_slice_0202.npy,0.05,0,1468,65536,61,1072,0.8181102275848389,True
coronacases_010,203,/kaggle/working/scribble-uncertainty-lung-segmentation/data/pseudo_labels/teacher_tta_labels/coronacases_010_slice_0203.npy,/kaggle/working/scribble-uncertainty-lung-segmentation/data/pseudo_labels/teacher_tta_confidence/coronacases_010_slice_0203.npy,/kaggle/working/scribble-uncertainty-lung-segmentation/outputs/predictions/teacher_tta_probabilities/coronacases_010_slice_0203.npy,0.05,0,1374,65536,52,966,0.8094016909599304,True
coronacases_010,204,/kaggle/working/scribble-uncertainty-lung-segmentation/data/pseudo_labels/teacher_tta_labels/coronacases_010_slice_0204.npy,/kaggle/working/scribble-uncertainty-lung-segmentation/data/pseudo_labels/teacher_tta_confidence/coronacases_010_slice_0204.npy,/kaggle/working/scribble-uncertainty-lung-segmentation/outputs/predictions/teacher_tta_probabilities/coronacases_010_slice_0204.npy,0.05,0,1335,65536,54,961,0.8301393985748291,True
coronacases_010,205,/kaggle/working/scribble-uncertainty-lung-segmentation/data/pseudo_labels/teacher_tta_labels/coronacases_010_slice_0205.npy,/kaggle/working/scribble-uncertainty-lung-segmentation/data/pseudo_labels/teacher_tta_confidence/coronacases_010_slice_0205.npy,/kaggle/working/scribble-uncertainty-lung-segmentation/outputs/predictions/teacher_tta_probabilities/coronacases_010_slice_0205.npy,0.05,0,1343,65536,47,989,0.8379073739051819,True
coronacases_010,206,/kaggle/working/scribble-uncertainty-lung-segmentation/data/pseudo_labels/teacher_tta_labels/coronacases_010_slice_0206.npy,/kaggle/working/scribble-uncertainty-lung-segmentation/data/pseudo_labels/teacher_tta_confidence/coronacases_010_slice_0206.npy,/kaggle/working/scribble-uncertainty-lung-segmentation/outputs/predictions/teacher_tta_probabilities/coronacases_010_slice_0206.npy,0.05,0,1353,65536,64,1206,0.9019148349761963,True
coronacases_010,207,/kaggle/working/scribble-uncertainty-lung-segmentation/data/pseudo_labels/teacher_tta_labels/coronacases_010_slice_0207.npy,/kaggle/working/scribble-uncertainty-lung-segmentation/data/pseudo_labels/teacher_tta_confidence/coronacases_010_slice_0207.npy,/kaggle/working/scribble-uncertainty-lung-segmentation/outputs/predictions/teacher_tta_probabilities/coronacases_010_slice_0207.npy,0.05,0,1440,65536,46,1162,0.863950788974762,True
coronacases_010,208,/kaggle/working/scribble-uncertainty-lung-segmentation/data/pseudo_labels/teacher_tta_labels/coronacases_010_slice_0208.npy,/kaggle/working/scribble-uncertainty-lung-segmentation/data/pseudo_labels/teacher_tta_confidence/coronacases_010_slice_0208.npy,/kaggle/working/scribble-uncertainty-lung-segmentation/outputs/predictions/teacher_tta_probabilities/coronacases_010_slice_0208.npy,0.05,0,1386,65536,55,1293,0.8801791667938232,True
coronacases_010,209,/kaggle/working/scribble-uncertainty-lung-segmentation/data/pseudo_labels/teacher_tta_labels/coronacases_010_slice_0209.npy,/kaggle/working/scribble-uncertainty-lung-segmentation/data/pseudo_labels/teacher_tta_confidence/coronacases_010_slice_0209.npy,/kaggle/working/scribble-uncertainty-lung-segmentation/outputs/predictions/teacher_tta_probabilities/coronacases_010_slice_0209.npy,0.05,0,1415,65536,52,1260,0.9143925309181213,True
coronacases_010,210,/kaggle/working/scribble-uncertainty-lung-segmentation/data/pseudo_labels/teacher_tta_labels/coronacases_010_slice_0210.npy,/kaggle/working/scribble-uncertainty-lung-segmentation/data/pseudo_labels/teacher_tta_confidence/coronacases_010_slice_0210.npy,/kaggle/working/scribble-uncertainty-lung-segmentation/outputs/predictions/teacher_tta_probabilities/coronacases_010_slice_0210.npy,0.05,0,1527,65536,50,1237,0.860347330570221,True
coronacases_010,211,/kaggle/working/scribble-uncertainty-lung-segmentation/data/pseudo_labels/teacher_tta_labels/coronacases_010_slice_0211.npy,/kaggle/working/scribble-uncertainty-lung-segmentation/data/pseudo_labels/teacher_tta_confidence/coronacases_010_slice_0211.npy,/kaggle/working/scribble-uncertainty-lung-segmentation/outputs/predictions/teacher_tta_probabilities/coronacases_010_slice_0211.npy,0.05,0,1474,65536,54,1188,0.8745304346084595,True
coronacases_010,212,/kaggle/working/scribble-uncertainty-lung-segmentation/data/pseudo_labels/teacher_tta_labels/coronacases_010_slice_0212.npy,/kaggle/working/scribble-uncertainty-lung-segmentation/data/pseudo_labels/teacher_tta_confidence/coronacases_010_slice_0212.npy,/kaggle/working/scribble-uncertainty-lung-segmentation/outputs/predictions/teacher_tta_probabilities/coronacases_010_slice_0212.npy,0.05,0,1407,65536,54,1210,0.9071455597877502,True
coronacases_010,213,/kaggle/working/scribble-uncertainty-lung-segmentation/data/pseudo_labels/teacher_tta_labels/coronacases_010_slice_0213.npy,/kaggle/working/scribble-uncertainty-lung-segmentation/data/pseudo_labels/teacher_tta_confidence/coronacases_010_slice_0213.npy,/kaggle/working/scribble-uncertainty-lung-segmentation/outputs/predictions/teacher_tta_probabilities/coronacases_010_slice_0213.npy,0.05,0,1422,65536,56,1296,0.8940397500991821,True
coronacases_010,214,/kaggle/working/scribble-uncertainty-lung-segmentation/data/pseudo_labels/teacher_tta_labels/coronacases_010_slice_0214.npy,/kaggle/working/scribble-uncertainty-lung-segmentation/data/pseudo_labels/teacher_tta_confidence/coronacases_010_slice_0214.npy,/kaggle/working/scribble-uncertainty-lung-segmentation/outputs/predictions/teacher_tta_probabilities/coronacases_010_slice_0214.npy,0.05,0,1459,65536,62,1230,0.9014503359794617,True
coronacases_010,215,/kaggle/working/scribble-uncertainty-lung-segmentation/data/pseudo_labels/teacher_tta_labels/coronacases_010_slice_0215.npy,/kaggle/working/scribble-uncertainty-lung-segmentation/data/pseudo_labels/teacher_tta_confidence/coronacases_010_slice_0215.npy,/kaggle/working/scribble-uncertainty-lung-segmentation/outputs/predictions/teacher_tta_probabilities/coronacases_010_slice_0215.npy,0.05,0,1446,65536,53,1251,0.8906192183494568,True
coronacases_010,216,/kaggle/working/scribble-uncertainty-lung-segmentation/data/pseudo_labels/teacher_tta_labels/coronacases_010_slice_0216.npy,/kaggle/working/scribble-uncertainty-lung-segmentation/data/pseudo_labels/teacher_tta_confidence/coronacases_010_slice_0216.npy,/kaggle/working/scribble-uncertainty-lung-segmentation/outputs/predictions/teacher_tta_probabilities/coronacases_010_slice_0216.npy,0.05,0,1348,65536,48,1203,0.8953351378440857,True
coronacases_010,217,/kaggle/working/scribble-uncertainty-lung-segmentation/data/pseudo_labels/teacher_tta_labels/coronacases_010_slice_0217.npy,/kaggle/working/scribble-uncertainty-lung-segmentation/data/pseudo_labels/teacher_tta_confidence/coronacases_010_slice_0217.npy,/kaggle/working/scribble-uncertainty-lung-segmentation/outputs/predictions/teacher_tta_probabilities/coronacases_010_slice_0217.npy,0.05,0,1314,65536,51,1119,0.9009453058242798,True
coronacases_010,218,/kaggle/working/scribble-uncertainty-lung-segmentation/data/pseudo_labels/teacher_tta_labels/coronacases_010_slice_0218.npy,/kaggle/working/scribble-uncertainty-lung-segmentation/data/pseudo_labels/teacher_tta_confidence/coronacases_010_slice_0218.npy,/kaggle/working/scribble-uncertainty-lung-segmentation/outputs/predictions/teacher_tta_probabilities/coronacases_010_slice_0218.npy,0.05,0,1298,65536,42,985,0.8453788757324219,True
coronacases_010,219,/kaggle/working/scribble-uncertainty-lung-segmentation/data/pseudo_labels/teacher_tta_labels/coronacases_010_slice_0219.npy,/kaggle/working/scribble-uncertainty-lung-segmentation/data/pseudo_labels/teacher_tta_confidence/coronacases_010_slice_0219.npy,/kaggle/working/scribble-uncertainty-lung-segmentation/outputs/predictions/teacher_tta_probabilities/coronacases_010_slice_0219.npy,0.05,0,1230,65536,37,847,0.8088589310646057,True
coronacases_010,220,/kaggle/working/scribble-uncertainty-lung-segmentation/data/pseudo_labels/teacher_tta_labels/coronacases_010_slice_0220.npy,/kaggle/working/scribble-uncertainty-lung-segmentation/data/pseudo_labels/teacher_tta_confidence/coronacases_010_slice_0220.npy,/kaggle/working/scribble-uncertainty-lung-segmentation/outputs/predictions/teacher_tta_probabilities/coronacases_010_slice_0220.npy,0.05,0,1114,65536,50,880,0.8515546917915344,True
coronacases_010,221,/kaggle/working/scribble-uncertainty-lung-segmentation/data/pseudo_labels/teacher_tta_labels/coronacases_010_slice_0221.npy,/kaggle/working/scribble-uncertainty-lung-segmentation/data/pseudo_labels/teacher_tta_confidence/coronacases_010_slice_0221.npy,/kaggle/working/scribble-uncertainty-lung-segmentation/outputs/predictions/teacher_tta_probabilities/coronacases_010_slice_0221.npy,0.05,0,1020,65536,39,832,0.8714902997016907,True
coronacases_010,222,/kaggle/working/scribble-uncertainty-lung-segmentation/data/pseudo_labels/teacher_tta_labels/coronacases_010_slice_0222.npy,/kaggle/working/scribble-uncertainty-lung-segmentation/data/pseudo_labels/teacher_tta_confidence/coronacases_010_slice_0222.npy,/kaggle/working/scribble-uncertainty-lung-segmentation/outputs/predictions/teacher_tta_probabilities/coronacases_010_slice_0222.npy,0.05,0,1003,65536,43,828,0.8760240077972412,True
coronacases_010,223,/kaggle/working/scribble-uncertainty-lung-segmentation/data/pseudo_labels/teacher_tta_labels/coronacases_010_slice_0223.npy,/kaggle/working/scribble-uncertainty-lung-segmentation/data/pseudo_labels/teacher_tta_confidence/coronacases_010_slice_0223.npy,/kaggle/working/scribble-uncertainty-lung-segmentation/outputs/predictions/teacher_tta_probabilities/coronacases_010_slice_0223.npy,0.05,0,992,65536,36,826,0.8789879083633423,True
coronacases_010,224,/kaggle/working/scribble-uncertainty-lung-segmentation/data/pseudo_labels/teacher_tta_labels/coronacases_010_slice_0224.npy,/kaggle/working/scribble-uncertainty-lung-segmentation/data/pseudo_labels/teacher_tta_confidence/coronacases_010_slice_0224.npy,/kaggle/working/scribble-uncertainty-lung-segmentation/outputs/predictions/teacher_tta_probabilities/coronacases_010_slice_0224.npy,0.05,0,955,65536,38,811,0.8878822326660156,True
coronacases_010,225,/kaggle/working/scribble-uncertainty-lung-segmentation/data/pseudo_labels/teacher_tta_labels/coronacases_010_slice_0225.npy,/kaggle/working/scribble-uncertainty-lung-segmentation/data/pseudo_labels/teacher_tta_confidence/coronacases_010_slice_0225.npy,/kaggle/working/scribble-uncertainty-lung-segmentation/outputs/predictions/teacher_tta_probabilities/coronacases_010_slice_0225.npy,0.05,0,931,65536,40,854,0.8840336203575134,True
coronacases_010,226,/kaggle/working/scribble-uncertainty-lung-segmentation/data/pseudo_labels/teacher_tta_labels/coronacases_010_slice_0226.npy,/kaggle/working/scribble-uncertainty-lung-segmentation/data/pseudo_labels/teacher_tta_confidence/coronacases_010_slice_0226.npy,/kaggle/working/scribble-uncertainty-lung-segmentation/outputs/predictions/teacher_tta_probabilities/coronacases_010_slice_0226.npy,0.05,0,871,65536,34,759,0.8687116503715515,True
coronacases_010,227,/kaggle/working/scribble-uncertainty-lung-segmentation/data/pseudo_labels/teacher_tta_labels/coronacases_010_slice_0227.npy,/kaggle/working/scribble-uncertainty-lung-segmentation/data/pseudo_labels/teacher_tta_confidence/coronacases_010_slice_0227.npy,/kaggle/working/scribble-uncertainty-lung-segmentation/outputs/predictions/teacher_tta_probabilities/coronacases_010_slice_0227.npy,0.05,0,826,65536,35,745,0.8733291029930115,True
coronacases_010,228,/kaggle/working/scribble-uncertainty-lung-segmentation/data/pseudo_labels/teacher_tta_labels/coronacases_010_slice_0228.npy,/kaggle/working/scribble-uncertainty-lung-segmentation/data/pseudo_labels/teacher_tta_confidence/coronacases_010_slice_0228.npy,/kaggle/working/scribble-uncertainty-lung-segmentation/outputs/predictions/teacher_tta_probabilities/coronacases_010_slice_0228.npy,0.05,0,865,65536,30,628,0.8144674897193909,True
coronacases_010,229,/kaggle/working/scribble-uncertainty-lung-segmentation/data/pseudo_labels/teacher_tta_labels/coronacases_010_slice_0229.npy,/kaggle/working/scribble-uncertainty-lung-segmentation/data/pseudo_labels/teacher_tta_confidence/coronacases_010_slice_0229.npy,/kaggle/working/scribble-uncertainty-lung-segmentation/outputs/predictions/teacher_tta_probabilities/coronacases_010_slice_0229.npy,0.05,0,722,65536,29,557,0.8068803548812866,True
coronacases_010,230,/kaggle/working/scribble-uncertainty-lung-segmentation/data/pseudo_labels/teacher_tta_labels/coronacases_010_slice_0230.npy,/kaggle/working/scribble-uncertainty-lung-segmentation/data/pseudo_labels/teacher_tta_confidence/coronacases_010_slice_0230.npy,/kaggle/working/scribble-uncertainty-lung-segmentation/outputs/predictions/teacher_tta_probabilities/coronacases_010_slice_0230.npy,0.05,0,662,65536,24,485,0.8160418272018433,True
coronacases_010,231,/kaggle/working/scribble-uncertainty-lung-segmentation/data/pseudo_labels/teacher_tta_labels/coronacases_010_slice_0231.npy,/kaggle/working/scribble-uncertainty-lung-segmentation/data/pseudo_labels/teacher_tta_confidence/coronacases_010_slice_0231.npy,/kaggle/working/scribble-uncertainty-lung-segmentation/outputs/predictions/teacher_tta_probabilities/coronacases_010_slice_0231.npy,0.05,0,622,65536,24,477,0.8553230166435242,True
coronacases_010,232,/kaggle/working/scribble-uncertainty-lung-segmentation/data/pseudo_labels/teacher_tta_labels/coronacases_010_slice_0232.npy,/kaggle/working/scribble-uncertainty-lung-segmentation/data/pseudo_labels/teacher_tta_confidence/coronacases_010_slice_0232.npy,/kaggle/working/scribble-uncertainty-lung-segmentation/outputs/predictions/teacher_tta_probabilities/coronacases_010_slice_0232.npy,0.05,0,599,65536,20,432,0.8244422674179077,True
coronacases_010,233,/kaggle/working/scribble-uncertainty-lung-segmentation/data/pseudo_labels/teacher_tta_labels/coronacases_010_slice_0233.npy,/kaggle/working/scribble-uncertainty-lung-segmentation/data/pseudo_labels/teacher_tta_confidence/coronacases_010_slice_0233.npy,/kaggle/working/scribble-uncertainty-lung-segmentation/outputs/predictions/teacher_tta_probabilities/coronacases_010_slice_0233.npy,0.05,0,582,65536,19,409,0.8072654008865356,True
coronacases_010,234,/kaggle/working/scribble-uncertainty-lung-segmentation/data/pseudo_labels/teacher_tta_labels/coronacases_010_slice_0234.npy,/kaggle/working/scribble-uncertainty-lung-segmentation/data/pseudo_labels/teacher_tta_confidence/coronacases_010_slice_0234.npy,/kaggle/working/scribble-uncertainty-lung-segmentation/outputs/predictions/teacher_tta_probabilities/coronacases_010_slice_0234.npy,0.05,0,483,65536,17,378,0.8571428656578064,True
coronacases_010,235,/kaggle/working/scribble-uncertainty-lung-segmentation/data/pseudo_labels/teacher_tta_labels/coronacases_010_slice_0235.npy,/kaggle/working/scribble-uncertainty-lung-segmentation/data/pseudo_labels/teacher_tta_confidence/coronacases_010_slice_0235.npy,/kaggle/working/scribble-uncertainty-lung-segmentation/outputs/predictions/teacher_tta_probabilities/coronacases_010_slice_0235.npy,0.05,0,478,65536,14,361,0.8271751999855042,True
coronacases_010,236,/kaggle/working/scribble-uncertainty-lung-segmentation/data/pseudo_labels/teacher_tta_labels/coronacases_010_slice_0236.npy,/kaggle/working/scribble-uncertainty-lung-segmentation/data/pseudo_labels/teacher_tta_confidence/coronacases_010_slice_0236.npy,/kaggle/working/scribble-uncertainty-lung-segmentation/outputs/predictions/teacher_tta_probabilities/coronacases_010_slice_0236.npy,0.05,0,401,65536,10,281,0.7859237790107727,True
coronacases_010,237,/kaggle/working/scribble-uncertainty-lung-segmentation/data/pseudo_labels/teacher_tta_labels/coronacases_010_slice_0237.npy,/kaggle/working/scribble-uncertainty-lung-segmentation/data/pseudo_labels/teacher_tta_confidence/coronacases_010_slice_0237.npy,/kaggle/working/scribble-uncertainty-lung-segmentation/outputs/predictions/teacher_tta_probabilities/coronacases_010_slice_0237.npy,0.05,0,382,65536,12,209,0.7072758078575134,True
coronacases_010,238,/kaggle/working/scribble-uncertainty-lung-segmentation/data/pseudo_labels/teacher_tta_labels/coronacases_010_slice_0238.npy,/kaggle/working/scribble-uncertainty-lung-segmentation/data/pseudo_labels/teacher_tta_confidence/coronacases_010_slice_0238.npy,/kaggle/working/scribble-uncertainty-lung-segmentation/outputs/predictions/teacher_tta_probabilities/coronacases_010_slice_0238.npy,0.05,0,380,65536,15,201,0.6746987700462341,True
coronacases_010,239,/kaggle/working/scribble-uncertainty-lung-segmentation/data/pseudo_labels/teacher_tta_labels/coronacases_010_slice_0239.npy,/kaggle/working/scribble-uncertainty-lung-segmentation/data/pseudo_labels/teacher_tta_confidence/coronacases_010_slice_0239.npy,/kaggle/working/scribble-uncertainty-lung-segmentation/outputs/predictions/teacher_tta_probabilities/coronacases_010_slice_0239.npy,0.05,0,314,65536,14,230,0.7941176295280457,True
coronacases_010,240,/kaggle/working/scribble-uncertainty-lung-segmentation/data/pseudo_labels/teacher_tta_labels/coronacases_010_slice_0240.npy,/kaggle/working/scribble-uncertainty-lung-segmentation/data/pseudo_labels/teacher_tta_confidence/coronacases_010_slice_0240.npy,/kaggle/working/scribble-uncertainty-lung-segmentation/outputs/predictions/teacher_tta_probabilities/coronacases_010_slice_0240.npy,0.05,0,318,65536,20,251,0.7943760752677917,True
coronacases_010,241,/kaggle/working/scribble-uncertainty-lung-segmentation/data/pseudo_labels/teacher_tta_labels/coronacases_010_slice_0241.npy,/kaggle/working/scribble-uncertainty-lung-segmentation/data/pseudo_labels/teacher_tta_confidence/coronacases_010_slice_0241.npy,/kaggle/working/scribble-uncertainty-lung-segmentation/outputs/predictions/teacher_tta_probabilities/coronacases_010_slice_0241.npy,0.05,0,306,65536,14,215,0.7946256995201111,True
coronacases_010,242,/kaggle/working/scribble-uncertainty-lung-segmentation/data/pseudo_labels/teacher_tta_labels/coronacases_010_slice_0242.npy,/kaggle/working/scribble-uncertainty-lung-segmentation/data/pseudo_labels/teacher_tta_confidence/coronacases_010_slice_0242.npy,/kaggle/working/scribble-uncertainty-lung-segmentation/outputs/predictions/teacher_tta_probabilities/coronacases_010_slice_0242.npy,0.05,0,346,65536,27,305,0.8233487010002136,True
coronacases_010,243,/kaggle/working/scribble-uncertainty-lung-segmentation/data/pseudo_labels/teacher_tta_labels/coronacases_010_slice_0243.npy,/kaggle/working/scribble-uncertainty-lung-segmentation/data/pseudo_labels/teacher_tta_confidence/coronacases_010_slice_0243.npy,/kaggle/working/scribble-uncertainty-lung-segmentation/outputs/predictions/teacher_tta_probabilities/coronacases_010_slice_0243.npy,0.05,0,422,65536,24,334,0.8465608358383179,True
coronacases_010,244,/kaggle/working/scribble-uncertainty-lung-segmentation/data/pseudo_labels/teacher_tta_labels/coronacases_010_slice_0244.npy,/kaggle/working/scribble-uncertainty-lung-segmentation/data/pseudo_labels/teacher_tta_confidence/coronacases_010_slice_0244.npy,/kaggle/working/scribble-uncertainty-lung-segmentation/outputs/predictions/teacher_tta_probabilities/coronacases_010_slice_0244.npy,0.05,0,408,65536,25,348,0.8465608358383179,True
coronacases_010,245,/kaggle/working/scribble-uncertainty-lung-segmentation/data/pseudo_labels/teacher_tta_labels/coronacases_010_slice_0245.npy,/kaggle/working/scribble-uncertainty-lung-segmentation/data/pseudo_labels/teacher_tta_confidence/coronacases_010_slice_0245.npy,/kaggle/working/scribble-uncertainty-lung-segmentation/outputs/predictions/teacher_tta_probabilities/coronacases_010_slice_0245.npy,0.05,0,387,65536,18,314,0.8416547775268555,True
coronacases_010,246,/kaggle/working/scribble-uncertainty-lung-segmentation/data/pseudo_labels/teacher_tta_labels/coronacases_010_slice_0246.npy,/kaggle/working/scribble-uncertainty-lung-segmentation/data/pseudo_labels/teacher_tta_confidence/coronacases_010_slice_0246.npy,/kaggle/working/scribble-uncertainty-lung-segmentation/outputs/predictions/teacher_tta_probabilities/coronacases_010_slice_0246.npy,0.05,0,414,65536,24,337,0.8495339751243591,True
coronacases_010,247,/kaggle/working/scribble-uncertainty-lung-segmentation/data/pseudo_labels/teacher_tta_labels/coronacases_010_slice_0247.npy,/kaggle/working/scribble-uncertainty-lung-segmentation/data/pseudo_labels/teacher_tta_confidence/coronacases_010_slice_0247.npy,/kaggle/working/scribble-uncertainty-lung-segmentation/outputs/predictions/teacher_tta_probabilities/coronacases_010_slice_0247.npy,0.05,0,410,65536,19,341,0.878828227519989,True
coronacases_010,248,/kaggle/working/scribble-uncertainty-lung-segmentation/data/pseudo_labels/teacher_tta_labels/coronacases_010_slice_0248.npy,/kaggle/working/scribble-uncertainty-lung-segmentation/data/pseudo_labels/teacher_tta_confidence/coronacases_010_slice_0248.npy,/kaggle/working/scribble-uncertainty-lung-segmentation/outputs/predictions/teacher_tta_probabilities/coronacases_010_slice_0248.npy,0.05,0,424,65536,24,354,0.8766067028045654,True
coronacases_010,249,/kaggle/working/scribble-uncertainty-lung-segmentation/data/pseudo_labels/teacher_tta_labels/coronacases_010_slice_0249.npy,/kaggle/working/scribble-uncertainty-lung-segmentation/data/pseudo_labels/teacher_tta_confidence/coronacases_010_slice_0249.npy,/kaggle/working/scribble-uncertainty-lung-segmentation/outputs/predictions/teacher_tta_probabilities/coronacases_010_slice_0249.npy,0.05,0,402,65536,20,313,0.858741283416748,True
coronacases_010,250,/kaggle/working/scribble-uncertainty-lung-segmentation/data/pseudo_labels/teacher_tta_labels/coronacases_010_slice_0250.npy,/kaggle/working/scribble-uncertainty-lung-segmentation/data/pseudo_labels/teacher_tta_confidence/coronacases_010_slice_0250.npy,/kaggle/working/scribble-uncertainty-lung-segmentation/outputs/predictions/teacher_tta_probabilities/coronacases_010_slice_0250.npy,0.05,0,339,65536,20,237,0.7708333134651184,True
coronacases_010,251,/kaggle/working/scribble-uncertainty-lung-segmentation/data/pseudo_labels/teacher_tta_labels/coronacases_010_slice_0251.npy,/kaggle/working/scribble-uncertainty-lung-segmentation/data/pseudo_labels/teacher_tta_confidence/coronacases_010_slice_0251.npy,/kaggle/working/scribble-uncertainty-lung-segmentation/outputs/predictions/teacher_tta_probabilities/coronacases_010_slice_0251.npy,0.05,0,330,65536,16,309,0.8669796586036682,True
coronacases_010,252,/kaggle/working/scribble-uncertainty-lung-segmentation/data/pseudo_labels/teacher_tta_labels/coronacases_010_slice_0252.npy,/kaggle/working/scribble-uncertainty-lung-segmentation/data/pseudo_labels/teacher_tta_confidence/coronacases_010_slice_0252.npy,/kaggle/working/scribble-uncertainty-lung-segmentation/outputs/predictions/teacher_tta_probabilities/coronacases_010_slice_0252.npy,0.05,0,307,65536,12,260,0.8500881791114807,True
coronacases_010,253,/kaggle/working/scribble-uncertainty-lung-segmentation/data/pseudo_labels/teacher_tta_labels/coronacases_010_slice_0253.npy,/kaggle/working/scribble-uncertainty-lung-segmentation/data/pseudo_labels/teacher_tta_confidence/coronacases_010_slice_0253.npy,/kaggle/working/scribble-uncertainty-lung-segmentation/outputs/predictions/teacher_tta_probabilities/coronacases_010_slice_0253.npy,0.05,0,313,65536,15,290,0.8888888955116272,True
coronacases_010,254,/kaggle/working/scribble-uncertainty-lung-segmentation/data/pseudo_labels/teacher_tta_labels/coronacases_010_slice_0254.npy,/kaggle/working/scribble-uncertainty-lung-segmentation/data/pseudo_labels/teacher_tta_confidence/coronacases_010_slice_0254.npy,/kaggle/working/scribble-uncertainty-lung-segmentation/outputs/predictions/teacher_tta_probabilities/coronacases_010_slice_0254.npy,0.05,0,276,65536,12,224,0.8759999871253967,True
coronacases_010,255,/kaggle/working/scribble-uncertainty-lung-segmentation/data/pseudo_labels/teacher_tta_labels/coronacases_010_slice_0255.npy,/kaggle/working/scribble-uncertainty-lung-segmentation/data/pseudo_labels/teacher_tta_confidence/coronacases_010_slice_0255.npy,/kaggle/working/scribble-uncertainty-lung-segmentation/outputs/predictions/teacher_tta_probabilities/coronacases_010_slice_0255.npy,0.05,0,250,65536,8,202,0.8407079577445984,True
coronacases_010,256,/kaggle/working/scribble-uncertainty-lung-segmentation/data/pseudo_labels/teacher_tta_labels/coronacases_010_slice_0256.npy,/kaggle/working/scribble-uncertainty-lung-segmentation/data/pseudo_labels/teacher_tta_confidence/coronacases_010_slice_0256.npy,/kaggle/working/scribble-uncertainty-lung-segmentation/outputs/predictions/teacher_tta_probabilities/coronacases_010_slice_0256.npy,0.05,0,192,65536,6,171,0.9090909361839294,True
coronacases_010,257,/kaggle/working/scribble-uncertainty-lung-segmentation/data/pseudo_labels/teacher_tta_labels/coronacases_010_slice_0257.npy,/kaggle/working/scribble-uncertainty-lung-segmentation/data/pseudo_labels/teacher_tta_confidence/coronacases_010_slice_0257.npy,/kaggle/working/scribble-uncertainty-lung-segmentation/outputs/predictions/teacher_tta_probabilities/coronacases_010_slice_0257.npy,0.05,0,155,65536,8,134,0.9273356199264526,True
coronacases_010,258,/kaggle/working/scribble-uncertainty-lung-segmentation/data/pseudo_labels/teacher_tta_labels/coronacases_010_slice_0258.npy,/kaggle/working/scribble-uncertainty-lung-segmentation/data/pseudo_labels/teacher_tta_confidence/coronacases_010_slice_0258.npy,/kaggle/working/scribble-uncertainty-lung-segmentation/outputs/predictions/teacher_tta_probabilities/coronacases_010_slice_0258.npy,0.05,0,139,65536,4,129,0.9552238583564758,True
coronacases_010,259,/kaggle/working/scribble-uncertainty-lung-segmentation/data/pseudo_labels/teacher_tta_labels/coronacases_010_slice_0259.npy,/kaggle/working/scribble-uncertainty-lung-segmentation/data/pseudo_labels/teacher_tta_confidence/coronacases_010_slice_0259.npy,/kaggle/working/scribble-uncertainty-lung-segmentation/outputs/predictions/teacher_tta_probabilities/coronacases_010_slice_0259.npy,0.05,0,142,65536,8,137,0.9103942513465881,True
coronacases_010,260,/kaggle/working/scribble-uncertainty-lung-segmentation/data/pseudo_labels/teacher_tta_labels/coronacases_010_slice_0260.npy,/kaggle/working/scribble-uncertainty-lung-segmentation/data/pseudo_labels/teacher_tta_confidence/coronacases_010_slice_0260.npy,/kaggle/working/scribble-uncertainty-lung-segmentation/outputs/predictions/teacher_tta_probabilities/coronacases_010_slice_0260.npy,0.05,0,124,65536,8,127,0.892430305480957,True
coronacases_010,261,/kaggle/working/scribble-uncertainty-lung-segmentation/data/pseudo_labels/teacher_tta_labels/coronacases_010_slice_0261.npy,/kaggle/working/scribble-uncertainty-lung-segmentation/data/pseudo_labels/teacher_tta_confidence/coronacases_010_slice_0261.npy,/kaggle/working/scribble-uncertainty-lung-segmentation/outputs/predictions/teacher_tta_probabilities/coronacases_010_slice_0261.npy,0.05,0,106,65536,8,106,0.8773584961891174,True
coronacases_010,262,/kaggle/working/scribble-uncertainty-lung-segmentation/data/pseudo_labels/teacher_tta_labels/coronacases_010_slice_0262.npy,/kaggle/working/scribble-uncertainty-lung-segmentation/data/pseudo_labels/teacher_tta_confidence/coronacases_010_slice_0262.npy,/kaggle/working/scribble-uncertainty-lung-segmentation/outputs/predictions/teacher_tta_probabilities/coronacases_010_slice_0262.npy,0.05,0,83,65536,8,101,0.8152173757553101,True
coronacases_010,263,/kaggle/working/scribble-uncertainty-lung-segmentation/data/pseudo_labels/teacher_tta_labels/coronacases_010_slice_0263.npy,/kaggle/working/scribble-uncertainty-lung-segmentation/data/pseudo_labels/teacher_tta_confidence/coronacases_010_slice_0263.npy,/kaggle/working/scribble-uncertainty-lung-segmentation/outputs/predictions/teacher_tta_probabilities/coronacases_010_slice_0263.npy,0.05,0,55,65536,7,73,0.828125,True
coronacases_010,264,/kaggle/working/scribble-uncertainty-lung-segmentation/data/pseudo_labels/teacher_tta_labels/coronacases_010_slice_0264.npy,/kaggle/working/scribble-uncertainty-lung-segmentation/data/pseudo_labels/teacher_tta_confidence/coronacases_010_slice_0264.npy,/kaggle/working/scribble-uncertainty-lung-segmentation/outputs/predictions/teacher_tta_probabilities/coronacases_010_slice_0264.npy,0.05,0,4,65536,4,73,0.10389610379934311,True
coronacases_010,265,/kaggle/working/scribble-uncertainty-lung-segmentation/data/pseudo_labels/teacher_tta_labels/coronacases_010_slice_0265.npy,/kaggle/working/scribble-uncertainty-lung-segmentation/data/pseudo_labels/teacher_tta_confidence/coronacases_010_slice_0265.npy,/kaggle/working/scribble-uncertainty-lung-segmentation/outputs/predictions/teacher_tta_probabilities/coronacases_010_slice_0265.npy,0.05,0,3,65536,3,36,0.1538461595773697,True
coronacases_010,266,/kaggle/working/scribble-uncertainty-lung-segmentation/data/pseudo_labels/teacher_tta_labels/coronacases_010_slice_0266.npy,/kaggle/working/scribble-uncertainty-lung-segmentation/data/pseudo_labels/teacher_tta_confidence/coronacases_010_slice_0266.npy,/kaggle/working/scribble-uncertainty-lung-segmentation/outputs/predictions/teacher_tta_probabilities/coronacases_010_slice_0266.npy,0.05,0,0,65536,0,0,1.0,False
coronacases_010,267,/kaggle/working/scribble-uncertainty-lung-segmentation/data/pseudo_labels/teacher_tta_labels/coronacases_010_slice_0267.npy,/kaggle/working/scribble-uncertainty-lung-segmentation/data/pseudo_labels/teacher_tta_confidence/coronacases_010_slice_0267.npy,/kaggle/working/scribble-uncertainty-lung-segmentation/outputs/predictions/teacher_tta_probabilities/coronacases_010_slice_0267.npy,0.05,0,0,65536,0,0,1.0,False
coronacases_010,268,/kaggle/working/scribble-uncertainty-lung-segmentation/data/pseudo_labels/teacher_tta_labels/coronacases_010_slice_0268.npy,/kaggle/working/scribble-uncertainty-lung-segmentation/data/pseudo_labels/teacher_tta_confidence/coronacases_010_slice_0268.npy,/kaggle/working/scribble-uncertainty-lung-segmentation/outputs/predictions/teacher_tta_probabilities/coronacases_010_slice_0268.npy,0.05,0,7,65536,0,0,1.4285714833306429e-08,False
coronacases_010,269,/kaggle/working/scribble-uncertainty-lung-segmentation/data/pseudo_labels/teacher_tta_labels/coronacases_010_slice_0269.npy,/kaggle/working/scribble-uncertainty-lung-segmentation/data/pseudo_labels/teacher_tta_confidence/coronacases_010_slice_0269.npy,/kaggle/working/scribble-uncertainty-lung-segmentation/outputs/predictions/teacher_tta_probabilities/coronacases_010_slice_0269.npy,0.05,0,58,65536,0,0,1.724137943526216e-09,False
coronacases_010,270,/kaggle/working/scribble-uncertainty-lung-segmentation/data/pseudo_labels/teacher_tta_labels/coronacases_010_slice_0270.npy,/kaggle/working/scribble-uncertainty-lung-segmentation/data/pseudo_labels/teacher_tta_confidence/coronacases_010_slice_0270.npy,/kaggle/working/scribble-uncertainty-lung-segmentation/outputs/predictions/teacher_tta_probabilities/coronacases_010_slice_0270.npy,0.05,0,15,65536,0,0,6.66666677417993e-09,False
coronacases_010,271,/kaggle/working/scribble-uncertainty-lung-segmentation/data/pseudo_labels/teacher_tta_labels/coronacases_010_slice_0271.npy,/kaggle/working/scribble-uncertainty-lung-segmentation/data/pseudo_labels/teacher_tta_confidence/coronacases_010_slice_0271.npy,/kaggle/working/scribble-uncertainty-lung-segmentation/outputs/predictions/teacher_tta_probabilities/coronacases_010_slice_0271.npy,0.05,0,1,65536,0,0,9.999998695775503e-08,False
coronacases_010,272,/kaggle/working/scribble-uncertainty-lung-segmentation/data/pseudo_labels/teacher_tta_labels/coronacases_010_slice_0272.npy,/kaggle/working/scribble-uncertainty-lung-segmentation/data/pseudo_labels/teacher_tta_confidence/coronacases_010_slice_0272.npy,/kaggle/working/scribble-uncertainty-lung-segmentation/outputs/predictions/teacher_tta_probabilities/coronacases_010_slice_0272.npy,0.05,0,0,65536,0,0,1.0,False
coronacases_010,273,/kaggle/working/scribble-uncertainty-lung-segmentation/data/pseudo_labels/teacher_tta_labels/coronacases_010_slice_0273.npy,/kaggle/working/scribble-uncertainty-lung-segmentation/data/pseudo_labels/teacher_tta_confidence/coronacases_010_slice_0273.npy,/kaggle/working/scribble-uncertainty-lung-segmentation/outputs/predictions/teacher_tta_probabilities/coronacases_010_slice_0273.npy,0.05,0,0,65536,0,0,1.0,False
radiopaedia_10,47,/kaggle/working/scribble-uncertainty-lung-segmentation/data/pseudo_labels/teacher_tta_labels/radiopaedia_10_slice_0047.npy,/kaggle/working/scribble-uncertainty-lung-segmentation/data/pseudo_labels/teacher_tta_confidence/radiopaedia_10_slice_0047.npy,/kaggle/working/scribble-uncertainty-lung-segmentation/outputs/predictions/teacher_tta_probabilities/radiopaedia_10_slice_0047.npy,0.05,0,0,65536,0,0,1.0,False
radiopaedia_10,48,/kaggle/working/scribble-uncertainty-lung-segmentation/data/pseudo_labels/teacher_tta_labels/radiopaedia_10_slice_0048.npy,/kaggle/working/scribble-uncertainty-lung-segmentation/data/pseudo_labels/teacher_tta_confidence/radiopaedia_10_slice_0048.npy,/kaggle/working/scribble-uncertainty-lung-segmentation/outputs/predictions/teacher_tta_probabilities/radiopaedia_10_slice_0048.npy,0.05,0,0,65536,0,0,1.0,False
radiopaedia_10,49,/kaggle/working/scribble-uncertainty-lung-segmentation/data/pseudo_labels/teacher_tta_labels/radiopaedia_10_slice_0049.npy,/kaggle/working/scribble-uncertainty-lung-segmentation/data/pseudo_labels/teacher_tta_confidence/radiopaedia_10_slice_0049.npy,/kaggle/working/scribble-uncertainty-lung-segmentation/outputs/predictions/teacher_tta_probabilities/radiopaedia_10_slice_0049.npy,0.05,0,0,65536,0,0,1.0,False
radiopaedia_10,50,/kaggle/working/scribble-uncertainty-lung-segmentation/data/pseudo_labels/teacher_tta_labels/radiopaedia_10_slice_0050.npy,/kaggle/working/scribble-uncertainty-lung-segmentation/data/pseudo_labels/teacher_tta_confidence/radiopaedia_10_slice_0050.npy,/kaggle/working/scribble-uncertainty-lung-segmentation/outputs/predictions/teacher_tta_probabilities/radiopaedia_10_slice_0050.npy,0.05,0,0,65536,0,0,1.0,False
radiopaedia_10,51,/kaggle/working/scribble-uncertainty-lung-segmentation/data/pseudo_labels/teacher_tta_labels/radiopaedia_10_slice_0051.npy,/kaggle/working/scribble-uncertainty-lung-segmentation/data/pseudo_labels/teacher_tta_confidence/radiopaedia_10_slice_0051.npy,/kaggle/working/scribble-uncertainty-lung-segmentation/outputs/predictions/teacher_tta_probabilities/radiopaedia_10_slice_0051.npy,0.05,0,0,65536,0,0,1.0,False
radiopaedia_10,52,/kaggle/working/scribble-uncertainty-lung-segmentation/data/pseudo_labels/teacher_tta_labels/radiopaedia_10_slice_0052.npy,/kaggle/working/scribble-uncertainty-lung-segmentation/data/pseudo_labels/teacher_tta_confidence/radiopaedia_10_slice_0052.npy,/kaggle/working/scribble-uncertainty-lung-segmentation/outputs/predictions/teacher_tta_probabilities/radiopaedia_10_slice_0052.npy,0.05,0,0,65536,0,0,1.0,False
radiopaedia_10,53,/kaggle/working/scribble-uncertainty-lung-segmentation/data/pseudo_labels/teacher_tta_labels/radiopaedia_10_slice_0053.npy,/kaggle/working/scribble-uncertainty-lung-segmentation/data/pseudo_labels/teacher_tta_confidence/radiopaedia_10_slice_0053.npy,/kaggle/working/scribble-uncertainty-lung-segmentation/outputs/predictions/teacher_tta_probabilities/radiopaedia_10_slice_0053.npy,0.05,0,49,65536,0,0,2.0408164047580613e-09,False
radiopaedia_10,54,/kaggle/working/scribble-uncertainty-lung-segmentation/data/pseudo_labels/teacher_tta_labels/radiopaedia_10_slice_0054.npy,/kaggle/working/scribble-uncertainty-lung-segmentation/data/pseudo_labels/teacher_tta_confidence/radiopaedia_10_slice_0054.npy,/kaggle/working/scribble-uncertainty-lung-segmentation/outputs/predictions/teacher_tta_probabilities/radiopaedia_10_slice_0054.npy,0.05,0,97,65536,10,95,0.9270833134651184,True
radiopaedia_10,55,/kaggle/working/scribble-uncertainty-lung-segmentation/data/pseudo_labels/teacher_tta_labels/radiopaedia_10_slice_0055.npy,/kaggle/working/scribble-uncertainty-lung-segmentation/data/pseudo_labels/teacher_tta_confidence/radiopaedia_10_slice_0055.npy,/kaggle/working/scribble-uncertainty-lung-segmentation/outputs/predictions/teacher_tta_probabilities/radiopaedia_10_slice_0055.npy,0.05,0,134,65536,8,119,0.9090909361839294,True
radiopaedia_10,56,/kaggle/working/scribble-uncertainty-lung-segmentation/data/pseudo_labels/teacher_tta_labels/radiopaedia_10_slice_0056.npy,/kaggle/working/scribble-uncertainty-lung-segmentation/data/pseudo_labels/teacher_tta_confidence/radiopaedia_10_slice_0056.npy,/kaggle/working/scribble-uncertainty-lung-segmentation/outputs/predictions/teacher_tta_probabilities/radiopaedia_10_slice_0056.npy,0.05,0,155,65536,8,112,0.8389512896537781,True
radiopaedia_10,57,/kaggle/working/scribble-uncertainty-lung-segmentation/data/pseudo_labels/teacher_tta_labels/radiopaedia_10_slice_0057.npy,/kaggle/working/scribble-uncertainty-lung-segmentation/data/pseudo_labels/teacher_tta_confidence/radiopaedia_10_slice_0057.npy,/kaggle/working/scribble-uncertainty-lung-segmentation/outputs/predictions/teacher_tta_probabilities/radiopaedia_10_slice_0057.npy,0.05,0,165,65536,8,95,0.7307692170143127,True
radiopaedia_10,58,/kaggle/working/scribble-uncertainty-lung-segmentation/data/pseudo_labels/teacher_tta_labels/radiopaedia_10_slice_0058.npy,/kaggle/working/scribble-uncertainty-lung-segmentation/data/pseudo_labels/teacher_tta_confidence/radiopaedia_10_slice_0058.npy,/kaggle/working/scribble-uncertainty-lung-segmentation/outputs/predictions/teacher_tta_probabilities/radiopaedia_10_slice_0058.npy,0.05,0,175,65536,8,104,0.7455196976661682,True
radiopaedia_10,59,/kaggle/working/scribble-uncertainty-lung-segmentation/data/pseudo_labels/teacher_tta_labels/radiopaedia_10_slice_0059.npy,/kaggle/working/scribble-uncertainty-lung-segmentation/data/pseudo_labels/teacher_tta_confidence/radiopaedia_10_slice_0059.npy,/kaggle/working/scribble-uncertainty-lung-segmentation/outputs/predictions/teacher_tta_probabilities/radiopaedia_10_slice_0059.npy,0.05,0,203,65536,8,120,0.7430340647697449,True
radiopaedia_10,60,/kaggle/working/scribble-uncertainty-lung-segmentation/data/pseudo_labels/teacher_tta_labels/radiopaedia_10_slice_0060.npy,/kaggle/working/scribble-uncertainty-lung-segmentation/data/pseudo_labels/teacher_tta_confidence/radiopaedia_10_slice_0060.npy,/kaggle/working/scribble-uncertainty-lung-segmentation/outputs/predictions/teacher_tta_probabilities/radiopaedia_10_slice_0060.npy,0.05,0,204,65536,8,128,0.7710843086242676,True
radiopaedia_10,61,/kaggle/working/scribble-uncertainty-lung-segmentation/data/pseudo_labels/teacher_tta_labels/radiopaedia_10_slice_0061.npy,/kaggle/working/scribble-uncertainty-lung-segmentation/data/pseudo_labels/teacher_tta_confidence/radiopaedia_10_slice_0061.npy,/kaggle/working/scribble-uncertainty-lung-segmentation/outputs/predictions/teacher_tta_probabilities/radiopaedia_10_slice_0061.npy,0.05,0,194,65536,8,116,0.7483870983123779,True
radiopaedia_10,62,/kaggle/working/scribble-uncertainty-lung-segmentation/data/pseudo_labels/teacher_tta_labels/radiopaedia_10_slice_0062.npy,/kaggle/working/scribble-uncertainty-lung-segmentation/data/pseudo_labels/teacher_tta_confidence/radiopaedia_10_slice_0062.npy,/kaggle/working/scribble-uncertainty-lung-segmentation/outputs/predictions/teacher_tta_probabilities/radiopaedia_10_slice_0062.npy,0.05,0,216,65536,12,141,0.7787114977836609,True
radiopaedia_10,63,/kaggle/working/scribble-uncertainty-lung-segmentation/data/pseudo_labels/teacher_tta_labels/radiopaedia_10_slice_0063.npy,/kaggle/working/scribble-uncertainty-lung-segmentation/data/pseudo_labels/teacher_tta_confidence/radiopaedia_10_slice_0063.npy,/kaggle/working/scribble-uncertainty-lung-segmentation/outputs/predictions/teacher_tta_probabilities/radiopaedia_10_slice_0063.npy,0.05,0,239,65536,8,127,0.693989098072052,True
radiopaedia_10,64,/kaggle/working/scribble-uncertainty-lung-segmentation/data/pseudo_labels/teacher_tta_labels/radiopaedia_10_slice_0064.npy,/kaggle/working/scribble-uncertainty-lung-segmentation/data/pseudo_labels/teacher_tta_confidence/radiopaedia_10_slice_0064.npy,/kaggle/working/scribble-uncertainty-lung-segmentation/outputs/predictions/teacher_tta_probabilities/radiopaedia_10_slice_0064.npy,0.05,0,254,65536,8,125,0.6596305966377258,True
radiopaedia_10,65,/kaggle/working/scribble-uncertainty-lung-segmentation/data/pseudo_labels/teacher_tta_labels/radiopaedia_10_slice_0065.npy,/kaggle/working/scribble-uncertainty-lung-segmentation/data/pseudo_labels/teacher_tta_confidence/radiopaedia_10_slice_0065.npy,/kaggle/working/scribble-uncertainty-lung-segmentation/outputs/predictions/teacher_tta_probabilities/radiopaedia_10_slice_0065.npy,0.05,0,251,65536,8,148,0.7418546080589294,True
radiopaedia_10,66,/kaggle/working/scribble-uncertainty-lung-segmentation/data/pseudo_labels/teacher_tta_labels/radiopaedia_10_slice_0066.npy,/kaggle/working/scribble-uncertainty-lung-segmentation/data/pseudo_labels/teacher_tta_confidence/radiopaedia_10_slice_0066.npy,/kaggle/working/scribble-uncertainty-lung-segmentation/outputs/predictions/teacher_tta_probabilities/radiopaedia_10_slice_0066.npy,0.05,0,300,65536,12,183,0.7577639818191528,True
radiopaedia_10,67,/kaggle/working/scribble-uncertainty-lung-segmentation/data/pseudo_labels/teacher_tta_labels/radiopaedia_10_slice_0067.npy,/kaggle/working/scribble-uncertainty-lung-segmentation/data/pseudo_labels/teacher_tta_confidence/radiopaedia_10_slice_0067.npy,/kaggle/working/scribble-uncertainty-lung-segmentation/outputs/predictions/teacher_tta_probabilities/radiopaedia_10_slice_0067.npy,0.05,0,286,65536,8,186,0.7881355881690979,True
radiopaedia_10,68,/kaggle/working/scribble-uncertainty-lung-segmentation/data/pseudo_labels/teacher_tta_labels/radiopaedia_10_slice_0068.npy,/kaggle/working/scribble-uncertainty-lung-segmentation/data/pseudo_labels/teacher_tta_confidence/radiopaedia_10_slice_0068.npy,/kaggle/working/scribble-uncertainty-lung-segmentation/outputs/predictions/teacher_tta_probabilities/radiopaedia_10_slice_0068.npy,0.05,0,281,65536,8,209,0.8530611991882324,True
radiopaedia_10,69,/kaggle/working/scribble-uncertainty-lung-segmentation/data/pseudo_labels/teacher_tta_labels/radiopaedia_10_slice_0069.npy,/kaggle/working/scribble-uncertainty-lung-segmentation/data/pseudo_labels/teacher_tta_confidence/radiopaedia_10_slice_0069.npy,/kaggle/working/scribble-uncertainty-lung-segmentation/outputs/predictions/teacher_tta_probabilities/radiopaedia_10_slice_0069.npy,0.05,0,312,65536,14,195,0.7692307829856873,True
radiopaedia_10,70,/kaggle/working/scribble-uncertainty-lung-segmentation/data/pseudo_labels/teacher_tta_labels/radiopaedia_10_slice_0070.npy,/kaggle/working/scribble-uncertainty-lung-segmentation/data/pseudo_labels/teacher_tta_confidence/radiopaedia_10_slice_0070.npy,/kaggle/working/scribble-uncertainty-lung-segmentation/outputs/predictions/teacher_tta_probabilities/radiopaedia_10_slice_0070.npy,0.05,0,335,65536,12,197,0.7406014800071716,True
radiopaedia_10,71,/kaggle/working/scribble-uncertainty-lung-segmentation/data/pseudo_labels/teacher_tta_labels/radiopaedia_10_slice_0071.npy,/kaggle/working/scribble-uncertainty-lung-segmentation/data/pseudo_labels/teacher_tta_confidence/radiopaedia_10_slice_0071.npy,/kaggle/working/scribble-uncertainty-lung-segmentation/outputs/predictions/teacher_tta_probabilities/radiopaedia_10_slice_0071.npy,0.05,0,390,65536,16,279,0.834080696105957,True
radiopaedia_10,72,/kaggle/working/scribble-uncertainty-lung-segmentation/data/pseudo_labels/teacher_tta_labels/radiopaedia_10_slice_0072.npy,/kaggle/working/scribble-uncertainty-lung-segmentation/data/pseudo_labels/teacher_tta_confidence/radiopaedia_10_slice_0072.npy,/kaggle/working/scribble-uncertainty-lung-segmentation/outputs/predictions/teacher_tta_probabilities/radiopaedia_10_slice_0072.npy,0.05,0,383,65536,14,263,0.8142414689064026,True
radiopaedia_10,73,/kaggle/working/scribble-uncertainty-lung-segmentation/data/pseudo_labels/teacher_tta_labels/radiopaedia_10_slice_0073.npy,/kaggle/working/scribble-uncertainty-lung-segmentation/data/pseudo_labels/teacher_tta_confidence/radiopaedia_10_slice_0073.npy,/kaggle/working/scribble-uncertainty-lung-segmentation/outputs/predictions/teacher_tta_probabilities/radiopaedia_10_slice_0073.npy,0.05,0,379,65536,16,257,0.8081761002540588,True
radiopaedia_10,74,/kaggle/working/scribble-uncertainty-lung-segmentation/data/pseudo_labels/teacher_tta_labels/radiopaedia_10_slice_0074.npy,/kaggle/working/scribble-uncertainty-lung-segmentation/data/pseudo_labels/teacher_tta_confidence/radiopaedia_10_slice_0074.npy,/kaggle/working/scribble-uncertainty-lung-segmentation/outputs/predictions/teacher_tta_probabilities/radiopaedia_10_slice_0074.npy,0.05,0,392,65536,16,245,0.7692307829856873,True
radiopaedia_10,75,/kaggle/working/scribble-uncertainty-lung-segmentation/data/pseudo_labels/teacher_tta_labels/radiopaedia_10_slice_0075.npy,/kaggle/working/scribble-uncertainty-lung-segmentation/data/pseudo_labels/teacher_tta_confidence/radiopaedia_10_slice_0075.npy,/kaggle/working/scribble-uncertainty-lung-segmentation/outputs/predictions/teacher_tta_probabilities/radiopaedia_10_slice_0075.npy,0.05,0,419,65536,12,242,0.7322239279747009,True
radiopaedia_10,76,/kaggle/working/scribble-uncertainty-lung-segmentation/data/pseudo_labels/teacher_tta_labels/radiopaedia_10_slice_0076.npy,/kaggle/working/scribble-uncertainty-lung-segmentation/data/pseudo_labels/teacher_tta_confidence/radiopaedia_10_slice_0076.npy,/kaggle/working/scribble-uncertainty-lung-segmentation/outputs/predictions/teacher_tta_probabilities/radiopaedia_10_slice_0076.npy,0.05,0,395,65536,12,265,0.7909091114997864,True
radiopaedia_10,77,/kaggle/working/scribble-uncertainty-lung-segmentation/data/pseudo_labels/teacher_tta_labels/radiopaedia_10_slice_0077.npy,/kaggle/working/scribble-uncertainty-lung-segmentation/data/pseudo_labels/teacher_tta_confidence/radiopaedia_10_slice_0077.npy,/kaggle/working/scribble-uncertainty-lung-segmentation/outputs/predictions/teacher_tta_probabilities/radiopaedia_10_slice_0077.npy,0.05,0,418,65536,20,278,0.795976996421814,True
radiopaedia_10,78,/kaggle/working/scribble-uncertainty-lung-segmentation/data/pseudo_labels/teacher_tta_labels/radiopaedia_10_slice_0078.npy,/kaggle/working/scribble-uncertainty-lung-segmentation/data/pseudo_labels/teacher_tta_confidence/radiopaedia_10_slice_0078.npy,/kaggle/working/scribble-uncertainty-lung-segmentation/outputs/predictions/teacher_tta_probabilities/radiopaedia_10_slice_0078.npy,0.05,0,555,65536,12,320,0.7291428446769714,True
radiopaedia_10,79,/kaggle/working/scribble-uncertainty-lung-segmentation/data/pseudo_labels/teacher_tta_labels/radiopaedia_10_slice_0079.npy,/kaggle/working/scribble-uncertainty-lung-segmentation/data/pseudo_labels/teacher_tta_confidence/radiopaedia_10_slice_0079.npy,/kaggle/working/scribble-uncertainty-lung-segmentation/outputs/predictions/teacher_tta_probabilities/radiopaedia_10_slice_0079.npy,0.05,0,538,65536,20,292,0.7012048363685608,True
radiopaedia_10,80,/kaggle/working/scribble-uncertainty-lung-segmentation/data/pseudo_labels/teacher_tta_labels/radiopaedia_10_slice_0080.npy,/kaggle/working/scribble-uncertainty-lung-segmentation/data/pseudo_labels/teacher_tta_confidence/radiopaedia_10_slice_0080.npy,/kaggle/working/scribble-uncertainty-lung-segmentation/outputs/predictions/teacher_tta_probabilities/radiopaedia_10_slice_0080.npy,0.05,0,486,65536,18,378,0.8680555820465088,True
radiopaedia_10,81,/kaggle/working/scribble-uncertainty-lung-segmentation/data/pseudo_labels/teacher_tta_labels/radiopaedia_10_slice_0081.npy,/kaggle/working/scribble-uncertainty-lung-segmentation/data/pseudo_labels/teacher_tta_confidence/radiopaedia_10_slice_0081.npy,/kaggle/working/scribble-uncertainty-lung-segmentation/outputs/predictions/teacher_tta_probabilities/radiopaedia_10_slice_0081.npy,0.05,0,483,65536,16,367,0.818823516368866,True
radiopaedia_10,82,/kaggle/working/scribble-uncertainty-lung-segmentation/data/pseudo_labels/teacher_tta_labels/radiopaedia_10_slice_0082.npy,/kaggle/working/scribble-uncertainty-lung-segmentation/data/pseudo_labels/teacher_tta_confidence/radiopaedia_10_slice_0082.npy,/kaggle/working/scribble-uncertainty-lung-segmentation/outputs/predictions/teacher_tta_probabilities/radiopaedia_10_slice_0082.npy,0.05,0,479,65536,16,373,0.8755868673324585,True
radiopaedia_10,83,/kaggle/working/scribble-uncertainty-lung-segmentation/data/pseudo_labels/teacher_tta_labels/radiopaedia_10_slice_0083.npy,/kaggle/working/scribble-uncertainty-lung-segmentation/data/pseudo_labels/teacher_tta_confidence/radiopaedia_10_slice_0083.npy,/kaggle/working/scribble-uncertainty-lung-segmentation/outputs/predictions/teacher_tta_probabilities/radiopaedia_10_slice_0083.npy,0.05,0,499,65536,24,420,0.8900979161262512,True
radiopaedia_10,84,/kaggle/working/scribble-uncertainty-lung-segmentation/data/pseudo_labels/teacher_tta_labels/radiopaedia_10_slice_0084.npy,/kaggle/working/scribble-uncertainty-lung-segmentation/data/pseudo_labels/teacher_tta_confidence/radiopaedia_10_slice_0084.npy,/kaggle/working/scribble-uncertainty-lung-segmentation/outputs/predictions/teacher_tta_probabilities/radiopaedia_10_slice_0084.npy,0.05,0,504,65536,19,381,0.8610169291496277,True
radiopaedia_10,85,/kaggle/working/scribble-uncertainty-lung-segmentation/data/pseudo_labels/teacher_tta_labels/radiopaedia_10_slice_0085.npy,/kaggle/working/scribble-uncertainty-lung-segmentation/data/pseudo_labels/teacher_tta_confidence/radiopaedia_10_slice_0085.npy,/kaggle/working/scribble-uncertainty-lung-segmentation/outputs/predictions/teacher_tta_probabilities/radiopaedia_10_slice_0085.npy,0.05,0,494,65536,19,400,0.8926174640655518,True
radiopaedia_10,86,/kaggle/working/scribble-uncertainty-lung-segmentation/data/pseudo_labels/teacher_tta_labels/radiopaedia_10_slice_0086.npy,/kaggle/working/scribble-uncertainty-lung-segmentation/data/pseudo_labels/teacher_tta_confidence/radiopaedia_10_slice_0086.npy,/kaggle/working/scribble-uncertainty-lung-segmentation/outputs/predictions/teacher_tta_probabilities/radiopaedia_10_slice_0086.npy,0.05,0,476,65536,20,392,0.9032257795333862,True
radiopaedia_10,87,/kaggle/working/scribble-uncertainty-lung-segmentation/data/pseudo_labels/teacher_tta_labels/radiopaedia_10_slice_0087.npy,/kaggle/working/scribble-uncertainty-lung-segmentation/data/pseudo_labels/teacher_tta_confidence/radiopaedia_10_slice_0087.npy,/kaggle/working/scribble-uncertainty-lung-segmentation/outputs/predictions/teacher_tta_probabilities/radiopaedia_10_slice_0087.npy,0.05,0,489,65536,19,470,0.9384775757789612,True
radiopaedia_10,88,/kaggle/working/scribble-uncertainty-lung-segmentation/data/pseudo_labels/teacher_tta_labels/radiopaedia_10_slice_0088.npy,/kaggle/working/scribble-uncertainty-lung-segmentation/data/pseudo_labels/teacher_tta_confidence/radiopaedia_10_slice_0088.npy,/kaggle/working/scribble-uncertainty-lung-segmentation/outputs/predictions/teacher_tta_probabilities/radiopaedia_10_slice_0088.npy,0.05,0,514,65536,20,478,0.9435483813285828,True
radiopaedia_10,89,/kaggle/working/scribble-uncertainty-lung-segmentation/data/pseudo_labels/teacher_tta_labels/radiopaedia_10_slice_0089.npy,/kaggle/working/scribble-uncertainty-lung-segmentation/data/pseudo_labels/teacher_tta_confidence/radiopaedia_10_slice_0089.npy,/kaggle/working/scribble-uncertainty-lung-segmentation/outputs/predictions/teacher_tta_probabilities/radiopaedia_10_slice_0089.npy,0.05,0,532,65536,20,490,0.9452054500579834,True
radiopaedia_10,90,/kaggle/working/scribble-uncertainty-lung-segmentation/data/pseudo_labels/teacher_tta_labels/radiopaedia_10_slice_0090.npy,/kaggle/working/scribble-uncertainty-lung-segmentation/data/pseudo_labels/teacher_tta_confidence/radiopaedia_10_slice_0090.npy,/kaggle/working/scribble-uncertainty-lung-segmentation/outputs/predictions/teacher_tta_probabilities/radiopaedia_10_slice_0090.npy,0.05,0,495,65536,18,490,0.9644669890403748,True
radiopaedia_10,91,/kaggle/working/scribble-uncertainty-lung-segmentation/data/pseudo_labels/teacher_tta_labels/radiopaedia_10_slice_0091.npy,/kaggle/working/scribble-uncertainty-lung-segmentation/data/pseudo_labels/teacher_tta_confidence/radiopaedia_10_slice_0091.npy,/kaggle/working/scribble-uncertainty-lung-segmentation/outputs/predictions/teacher_tta_probabilities/radiopaedia_10_slice_0091.npy,0.05,0,505,65536,22,509,0.9526627063751221,True
radiopaedia_10,92,/kaggle/working/scribble-uncertainty-lung-segmentation/data/pseudo_labels/teacher_tta_labels/radiopaedia_10_slice_0092.npy,/kaggle/working/scribble-uncertainty-lung-segmentation/data/pseudo_labels/teacher_tta_confidence/radiopaedia_10_slice_0092.npy,/kaggle/working/scribble-uncertainty-lung-segmentation/outputs/predictions/teacher_tta_probabilities/radiopaedia_10_slice_0092.npy,0.05,0,522,65536,16,514,0.9401544332504272,True
radiopaedia_10,93,/kaggle/working/scribble-uncertainty-lung-segmentation/data/pseudo_labels/teacher_tta_labels/radiopaedia_10_slice_0093.npy,/kaggle/working/scribble-uncertainty-lung-segmentation/data/pseudo_labels/teacher_tta_confidence/radiopaedia_10_slice_0093.npy,/kaggle/working/scribble-uncertainty-lung-segmentation/outputs/predictions/teacher_tta_probabilities/radiopaedia_10_slice_0093.npy,0.05,0,521,65536,19,487,0.9523809552192688,True
radiopaedia_10,94,/kaggle/working/scribble-uncertainty-lung-segmentation/data/pseudo_labels/teacher_tta_labels/radiopaedia_10_slice_0094.npy,/kaggle/working/scribble-uncertainty-lung-segmentation/data/pseudo_labels/teacher_tta_confidence/radiopaedia_10_slice_0094.npy,/kaggle/working/scribble-uncertainty-lung-segmentation/outputs/predictions/teacher_tta_probabilities/radiopaedia_10_slice_0094.npy,0.05,0,519,65536,18,468,0.9300912022590637,True
radiopaedia_10,95,/kaggle/working/scribble-uncertainty-lung-segmentation/data/pseudo_labels/teacher_tta_labels/radiopaedia_10_slice_0095.npy,/kaggle/working/scribble-uncertainty-lung-segmentation/data/pseudo_labels/teacher_tta_confidence/radiopaedia_10_slice_0095.npy,/kaggle/working/scribble-uncertainty-lung-segmentation/outputs/predictions/teacher_tta_probabilities/radiopaedia_10_slice_0095.npy,0.05,0,522,65536,24,470,0.9294354915618896,True
radiopaedia_10,96,/kaggle/working/scribble-uncertainty-lung-segmentation/data/pseudo_labels/teacher_tta_labels/radiopaedia_10_slice_0096.npy,/kaggle/working/scribble-uncertainty-lung-segmentation/data/pseudo_labels/teacher_tta_confidence/radiopaedia_10_slice_0096.npy,/kaggle/working/scribble-uncertainty-lung-segmentation/outputs/predictions/teacher_tta_probabilities/radiopaedia_10_slice_0096.npy,0.05,0,539,65536,16,516,0.9440758228302002,True
radiopaedia_10,97,/kaggle/working/scribble-uncertainty-lung-segmentation/data/pseudo_labels/teacher_tta_labels/radiopaedia_10_slice_0097.npy,/kaggle/working/scribble-uncertainty-lung-segmentation/data/pseudo_labels/teacher_tta_confidence/radiopaedia_10_slice_0097.npy,/kaggle/working/scribble-uncertainty-lung-segmentation/outputs/predictions/teacher_tta_probabilities/radiopaedia_10_slice_0097.npy,0.05,0,550,65536,22,494,0.9291187524795532,True
radiopaedia_10,98,/kaggle/working/scribble-uncertainty-lung-segmentation/data/pseudo_labels/teacher_tta_labels/radiopaedia_10_slice_0098.npy,/kaggle/working/scribble-uncertainty-lung-segmentation/data/pseudo_labels/teacher_tta_confidence/radiopaedia_10_slice_0098.npy,/kaggle/working/scribble-uncertainty-lung-segmentation/outputs/predictions/teacher_tta_probabilities/radiopaedia_10_slice_0098.npy,0.05,0,549,65536,18,537,0.9484346508979797,True
radiopaedia_10,99,/kaggle/working/scribble-uncertainty-lung-segmentation/data/pseudo_labels/teacher_tta_labels/radiopaedia_10_slice_0099.npy,/kaggle/working/scribble-uncertainty-lung-segmentation/data/pseudo_labels/teacher_tta_confidence/radiopaedia_10_slice_0099.npy,/kaggle/working/scribble-uncertainty-lung-segmentation/outputs/predictions/teacher_tta_probabilities/radiopaedia_10_slice_0099.npy,0.05,0,549,65536,17,548,0.9644485116004944,True
radiopaedia_10,100,/kaggle/working/scribble-uncertainty-lung-segmentation/data/pseudo_labels/teacher_tta_labels/radiopaedia_10_slice_0100.npy,/kaggle/working/scribble-uncertainty-lung-segmentation/data/pseudo_labels/teacher_tta_confidence/radiopaedia_10_slice_0100.npy,/kaggle/working/scribble-uncertainty-lung-segmentation/outputs/predictions/teacher_tta_probabilities/radiopaedia_10_slice_0100.npy,0.05,0,573,65536,21,557,0.9575220942497253,True
radiopaedia_10,101,/kaggle/working/scribble-uncertainty-lung-segmentation/data/pseudo_labels/teacher_tta_labels/radiopaedia_10_slice_0101.npy,/kaggle/working/scribble-uncertainty-lung-segmentation/data/pseudo_labels/teacher_tta_confidence/radiopaedia_10_slice_0101.npy,/kaggle/working/scribble-uncertainty-lung-segmentation/outputs/predictions/teacher_tta_probabilities/radiopaedia_10_slice_0101.npy,0.05,0,578,65536,25,598,0.9608843326568604,True
radiopaedia_10,102,/kaggle/working/scribble-uncertainty-lung-segmentation/data/pseudo_labels/teacher_tta_labels/radiopaedia_10_slice_0102.npy,/kaggle/working/scribble-uncertainty-lung-segmentation/data/pseudo_labels/teacher_tta_confidence/radiopaedia_10_slice_0102.npy,/kaggle/working/scribble-uncertainty-lung-segmentation/outputs/predictions/teacher_tta_probabilities/radiopaedia_10_slice_0102.npy,0.05,0,565,65536,20,607,0.9317406415939331,True
radiopaedia_10,103,/kaggle/working/scribble-uncertainty-lung-segmentation/data/pseudo_labels/teacher_tta_labels/radiopaedia_10_slice_0103.npy,/kaggle/working/scribble-uncertainty-lung-segmentation/data/pseudo_labels/teacher_tta_confidence/radiopaedia_10_slice_0103.npy,/kaggle/working/scribble-uncertainty-lung-segmentation/outputs/predictions/teacher_tta_probabilities/radiopaedia_10_slice_0103.npy,0.05,0,567,65536,22,523,0.9596330523490906,True
radiopaedia_10,104,/kaggle/working/scribble-uncertainty-lung-segmentation/data/pseudo_labels/teacher_tta_labels/radiopaedia_10_slice_0104.npy,/kaggle/working/scribble-uncertainty-lung-segmentation/data/pseudo_labels/teacher_tta_confidence/radiopaedia_10_slice_0104.npy,/kaggle/working/scribble-uncertainty-lung-segmentation/outputs/predictions/teacher_tta_probabilities/radiopaedia_10_slice_0104.npy,0.05,0,592,65536,21,530,0.9376114010810852,True
radiopaedia_10,105,/kaggle/working/scribble-uncertainty-lung-segmentation/data/pseudo_labels/teacher_tta_labels/radiopaedia_10_slice_0105.npy,/kaggle/working/scribble-uncertainty-lung-segmentation/data/pseudo_labels/teacher_tta_confidence/radiopaedia_10_slice_0105.npy,/kaggle/working/scribble-uncertainty-lung-segmentation/outputs/predictions/teacher_tta_probabilities/radiopaedia_10_slice_0105.npy,0.05,0,591,65536,21,583,0.959114134311676,True
radiopaedia_10,106,/kaggle/working/scribble-uncertainty-lung-segmentation/data/pseudo_labels/teacher_tta_labels/radiopaedia_10_slice_0106.npy,/kaggle/working/scribble-uncertainty-lung-segmentation/data/pseudo_labels/teacher_tta_confidence/radiopaedia_10_slice_0106.npy,/kaggle/working/scribble-uncertainty-lung-segmentation/outputs/predictions/teacher_tta_probabilities/radiopaedia_10_slice_0106.npy,0.05,0,629,65536,27,631,0.9571428298950195,True
radiopaedia_10,107,/kaggle/working/scribble-uncertainty-lung-segmentation/data/pseudo_labels/teacher_tta_labels/radiopaedia_10_slice_0107.npy,/kaggle/working/scribble-uncertainty-lung-segmentation/data/pseudo_labels/teacher_tta_confidence/radiopaedia_10_slice_0107.npy,/kaggle/working/scribble-uncertainty-lung-segmentation/outputs/predictions/teacher_tta_probabilities/radiopaedia_10_slice_0107.npy,0.05,0,647,65536,27,621,0.9384858012199402,True
radiopaedia_10,108,/kaggle/working/scribble-uncertainty-lung-segmentation/data/pseudo_labels/teacher_tta_labels/radiopaedia_10_slice_0108.npy,/kaggle/working/scribble-uncertainty-lung-segmentation/data/pseudo_labels/teacher_tta_confidence/radiopaedia_10_slice_0108.npy,/kaggle/working/scribble-uncertainty-lung-segmentation/outputs/predictions/teacher_tta_probabilities/radiopaedia_10_slice_0108.npy,0.05,0,661,65536,20,650,0.970251739025116,True
radiopaedia_10,109,/kaggle/working/scribble-uncertainty-lung-segmentation/data/pseudo_labels/teacher_tta_labels/radiopaedia_10_slice_0109.npy,/kaggle/working/scribble-uncertainty-lung-segmentation/data/pseudo_labels/teacher_tta_confidence/radiopaedia_10_slice_0109.npy,/kaggle/working/scribble-uncertainty-lung-segmentation/outputs/predictions/teacher_tta_probabilities/radiopaedia_10_slice_0109.npy,0.05,0,677,65536,24,686,0.9581804871559143,True
radiopaedia_10,110,/kaggle/working/scribble-uncertainty-lung-segmentation/data/pseudo_labels/teacher_tta_labels/radiopaedia_10_slice_0110.npy,/kaggle/working/scribble-uncertainty-lung-segmentation/data/pseudo_labels/teacher_tta_confidence/radiopaedia_10_slice_0110.npy,/kaggle/working/scribble-uncertainty-lung-segmentation/outputs/predictions/teacher_tta_probabilities/radiopaedia_10_slice_0110.npy,0.05,0,723,65536,39,609,0.9144144058227539,True
radiopaedia_10,111,/kaggle/working/scribble-uncertainty-lung-segmentation/data/pseudo_labels/teacher_tta_labels/radiopaedia_10_slice_0111.npy,/kaggle/working/scribble-uncertainty-lung-segmentation/data/pseudo_labels/teacher_tta_confidence/radiopaedia_10_slice_0111.npy,/kaggle/working/scribble-uncertainty-lung-segmentation/outputs/predictions/teacher_tta_probabilities/radiopaedia_10_slice_0111.npy,0.05,0,756,65536,28,702,0.9547325372695923,True
radiopaedia_10,112,/kaggle/working/scribble-uncertainty-lung-segmentation/data/pseudo_labels/teacher_tta_labels/radiopaedia_10_slice_0112.npy,/kaggle/working/scribble-uncertainty-lung-segmentation/data/pseudo_labels/teacher_tta_confidence/radiopaedia_10_slice_0112.npy,/kaggle/working/scribble-uncertainty-lung-segmentation/outputs/predictions/teacher_tta_probabilities/radiopaedia_10_slice_0112.npy,0.05,0,775,65536,29,673,0.9267956018447876,True
radiopaedia_10,113,/kaggle/working/scribble-uncertainty-lung-segmentation/data/pseudo_labels/teacher_tta_labels/radiopaedia_10_slice_0113.npy,/kaggle/working/scribble-uncertainty-lung-segmentation/data/pseudo_labels/teacher_tta_confidence/radiopaedia_10_slice_0113.npy,/kaggle/working/scribble-uncertainty-lung-segmentation/outputs/predictions/teacher_tta_probabilities/radiopaedia_10_slice_0113.npy,0.05,0,781,65536,36,663,0.9182825684547424,True
radiopaedia_10,114,/kaggle/working/scribble-uncertainty-lung-segmentation/data/pseudo_labels/teacher_tta_labels/radiopaedia_10_slice_0114.npy,/kaggle/working/scribble-uncertainty-lung-segmentation/data/pseudo_labels/teacher_tta_confidence/radiopaedia_10_slice_0114.npy,/kaggle/working/scribble-uncertainty-lung-segmentation/outputs/predictions/teacher_tta_probabilities/radiopaedia_10_slice_0114.npy,0.05,0,798,65536,24,724,0.9434953927993774,True
radiopaedia_10,115,/kaggle/working/scribble-uncertainty-lung-segmentation/data/pseudo_labels/teacher_tta_labels/radiopaedia_10_slice_0115.npy,/kaggle/working/scribble-uncertainty-lung-segmentation/data/pseudo_labels/teacher_tta_confidence/radiopaedia_10_slice_0115.npy,/kaggle/working/scribble-uncertainty-lung-segmentation/outputs/predictions/teacher_tta_probabilities/radiopaedia_10_slice_0115.npy,0.05,0,836,65536,35,740,0.9276649951934814,True
radiopaedia_10,116,/kaggle/working/scribble-uncertainty-lung-segmentation/data/pseudo_labels/teacher_tta_labels/radiopaedia_10_slice_0116.npy,/kaggle/working/scribble-uncertainty-lung-segmentation/data/pseudo_labels/teacher_tta_confidence/radiopaedia_10_slice_0116.npy,/kaggle/working/scribble-uncertainty-lung-segmentation/outputs/predictions/teacher_tta_probabilities/radiopaedia_10_slice_0116.npy,0.05,0,856,65536,24,749,0.9283488988876343,True
radiopaedia_10,117,/kaggle/working/scribble-uncertainty-lung-segmentation/data/pseudo_labels/teacher_tta_labels/radiopaedia_10_slice_0117.npy,/kaggle/working/scribble-uncertainty-lung-segmentation/data/pseudo_labels/teacher_tta_confidence/radiopaedia_10_slice_0117.npy,/kaggle/working/scribble-uncertainty-lung-segmentation/outputs/predictions/teacher_tta_probabilities/radiopaedia_10_slice_0117.npy,0.05,0,876,65536,31,764,0.9317073225975037,True
radiopaedia_10,118,/kaggle/working/scribble-uncertainty-lung-segmentation/data/pseudo_labels/teacher_tta_labels/radiopaedia_10_slice_0118.npy,/kaggle/working/scribble-uncertainty-lung-segmentation/data/pseudo_labels/teacher_tta_confidence/radiopaedia_10_slice_0118.npy,/kaggle/working/scribble-uncertainty-lung-segmentation/outputs/predictions/teacher_tta_probabilities/radiopaedia_10_slice_0118.npy,0.05,0,890,65536,28,760,0.9139394164085388,True
radiopaedia_10,119,/kaggle/working/scribble-uncertainty-lung-segmentation/data/pseudo_labels/teacher_tta_labels/radiopaedia_10_slice_0119.npy,/kaggle/working/scribble-uncertainty-lung-segmentation/data/pseudo_labels/teacher_tta_confidence/radiopaedia_10_slice_0119.npy,/kaggle/working/scribble-uncertainty-lung-segmentation/outputs/predictions/teacher_tta_probabilities/radiopaedia_10_slice_0119.npy,0.05,0,874,65536,38,747,0.9179518818855286,True
radiopaedia_10,120,/kaggle/working/scribble-uncertainty-lung-segmentation/data/pseudo_labels/teacher_tta_labels/radiopaedia_10_slice_0120.npy,/kaggle/working/scribble-uncertainty-lung-segmentation/data/pseudo_labels/teacher_tta_confidence/radiopaedia_10_slice_0120.npy,/kaggle/working/scribble-uncertainty-lung-segmentation/outputs/predictions/teacher_tta_probabilities/radiopaedia_10_slice_0120.npy,0.05,0,869,65536,25,825,0.9622195959091187,True
radiopaedia_10,121,/kaggle/working/scribble-uncertainty-lung-segmentation/data/pseudo_labels/teacher_tta_labels/radiopaedia_10_slice_0121.npy,/kaggle/working/scribble-uncertainty-lung-segmentation/data/pseudo_labels/teacher_tta_confidence/radiopaedia_10_slice_0121.npy,/kaggle/working/scribble-uncertainty-lung-segmentation/outputs/predictions/teacher_tta_probabilities/radiopaedia_10_slice_0121.npy,0.05,0,873,65536,32,851,0.9617169499397278,True
radiopaedia_10,122,/kaggle/working/scribble-uncertainty-lung-segmentation/data/pseudo_labels/teacher_tta_labels/radiopaedia_10_slice_0122.npy,/kaggle/working/scribble-uncertainty-lung-segmentation/data/pseudo_labels/teacher_tta_confidence/radiopaedia_10_slice_0122.npy,/kaggle/working/scribble-uncertainty-lung-segmentation/outputs/predictions/teacher_tta_probabilities/radiopaedia_10_slice_0122.npy,0.05,0,888,65536,28,855,0.9604130983352661,True
radiopaedia_10,123,/kaggle/working/scribble-uncertainty-lung-segmentation/data/pseudo_labels/teacher_tta_labels/radiopaedia_10_slice_0123.npy,/kaggle/working/scribble-uncertainty-lung-segmentation/data/pseudo_labels/teacher_tta_confidence/radiopaedia_10_slice_0123.npy,/kaggle/working/scribble-uncertainty-lung-segmentation/outputs/predictions/teacher_tta_probabilities/radiopaedia_10_slice_0123.npy,0.05,0,899,65536,30,761,0.9156626462936401,True
radiopaedia_10,124,/kaggle/working/scribble-uncertainty-lung-segmentation/data/pseudo_labels/teacher_tta_labels/radiopaedia_10_slice_0124.npy,/kaggle/working/scribble-uncertainty-lung-segmentation/data/pseudo_labels/teacher_tta_confidence/radiopaedia_10_slice_0124.npy,/kaggle/working/scribble-uncertainty-lung-segmentation/outputs/predictions/teacher_tta_probabilities/radiopaedia_10_slice_0124.npy,0.05,0,911,65536,32,799,0.9309941530227661,True
radiopaedia_10,125,/kaggle/working/scribble-uncertainty-lung-segmentation/data/pseudo_labels/teacher_tta_labels/radiopaedia_10_slice_0125.npy,/kaggle/working/scribble-uncertainty-lung-segmentation/data/pseudo_labels/teacher_tta_confidence/radiopaedia_10_slice_0125.npy,/kaggle/working/scribble-uncertainty-lung-segmentation/outputs/predictions/teacher_tta_probabilities/radiopaedia_10_slice_0125.npy,0.05,0,924,65536,27,847,0.9531338214874268,True
radiopaedia_10,126,/kaggle/working/scribble-uncertainty-lung-segmentation/data/pseudo_labels/teacher_tta_labels/radiopaedia_10_slice_0126.npy,/kaggle/working/scribble-uncertainty-lung-segmentation/data/pseudo_labels/teacher_tta_confidence/radiopaedia_10_slice_0126.npy,/kaggle/working/scribble-uncertainty-lung-segmentation/outputs/predictions/teacher_tta_probabilities/radiopaedia_10_slice_0126.npy,0.05,0,937,65536,22,879,0.9636563658714294,True
radiopaedia_10,127,/kaggle/working/scribble-uncertainty-lung-segmentation/data/pseudo_labels/teacher_tta_labels/radiopaedia_10_slice_0127.npy,/kaggle/working/scribble-uncertainty-lung-segmentation/data/pseudo_labels/teacher_tta_confidence/radiopaedia_10_slice_0127.npy,/kaggle/working/scribble-uncertainty-lung-segmentation/outputs/predictions/teacher_tta_probabilities/radiopaedia_10_slice_0127.npy,0.05,0,933,65536,36,834,0.9349179267883301,True
radiopaedia_10,128,/kaggle/working/scribble-uncertainty-lung-segmentation/data/pseudo_labels/teacher_tta_labels/radiopaedia_10_slice_0128.npy,/kaggle/working/scribble-uncertainty-lung-segmentation/data/pseudo_labels/teacher_tta_confidence/radiopaedia_10_slice_0128.npy,/kaggle/working/scribble-uncertainty-lung-segmentation/outputs/predictions/teacher_tta_probabilities/radiopaedia_10_slice_0128.npy,0.05,0,959,65536,24,985,0.9639917612075806,True
radiopaedia_10,129,/kaggle/working/scribble-uncertainty-lung-segmentation/data/pseudo_labels/teacher_tta_labels/radiopaedia_10_slice_0129.npy,/kaggle/working/scribble-uncertainty-lung-segmentation/data/pseudo_labels/teacher_tta_confidence/radiopaedia_10_slice_0129.npy,/kaggle/working/scribble-uncertainty-lung-segmentation/outputs/predictions/teacher_tta_probabilities/radiopaedia_10_slice_0129.npy,0.05,0,956,65536,24,983,0.9448168873786926,True
radiopaedia_10,130,/kaggle/working/scribble-uncertainty-lung-segmentation/data/pseudo_labels/teacher_tta_labels/radiopaedia_10_slice_0130.npy,/kaggle/working/scribble-uncertainty-lung-segmentation/data/pseudo_labels/teacher_tta_confidence/radiopaedia_10_slice_0130.npy,/kaggle/working/scribble-uncertainty-lung-segmentation/outputs/predictions/teacher_tta_probabilities/radiopaedia_10_slice_0130.npy,0.05,0,991,65536,22,993,0.96875,True
radiopaedia_10,131,/kaggle/working/scribble-uncertainty-lung-segmentation/data/pseudo_labels/teacher_tta_labels/radiopaedia_10_slice_0131.npy,/kaggle/working/scribble-uncertainty-lung-segmentation/data/pseudo_labels/teacher_tta_confidence/radiopaedia_10_slice_0131.npy,/kaggle/working/scribble-uncertainty-lung-segmentation/outputs/predictions/teacher_tta_probabilities/radiopaedia_10_slice_0131.npy,0.05,0,1028,65536,24,974,0.9670329689979553,True
radiopaedia_10,132,/kaggle/working/scribble-uncertainty-lung-segmentation/data/pseudo_labels/teacher_tta_labels/radiopaedia_10_slice_0132.npy,/kaggle/working/scribble-uncertainty-lung-segmentation/data/pseudo_labels/teacher_tta_confidence/radiopaedia_10_slice_0132.npy,/kaggle/working/scribble-uncertainty-lung-segmentation/outputs/predictions/teacher_tta_probabilities/radiopaedia_10_slice_0132.npy,0.05,0,1036,65536,28,977,0.9657227993011475,True
radiopaedia_10,133,/kaggle/working/scribble-uncertainty-lung-segmentation/data/pseudo_labels/teacher_tta_labels/radiopaedia_10_slice_0133.npy,/kaggle/working/scribble-uncertainty-lung-segmentation/data/pseudo_labels/teacher_tta_confidence/radiopaedia_10_slice_0133.npy,/kaggle/working/scribble-uncertainty-lung-segmentation/outputs/predictions/teacher_tta_probabilities/radiopaedia_10_slice_0133.npy,0.05,0,1040,65536,24,954,0.95586758852005,True
radiopaedia_10,134,/kaggle/working/scribble-uncertainty-lung-segmentation/data/pseudo_labels/teacher_tta_labels/radiopaedia_10_slice_0134.npy,/kaggle/working/scribble-uncertainty-lung-segmentation/data/pseudo_labels/teacher_tta_confidence/radiopaedia_10_slice_0134.npy,/kaggle/working/scribble-uncertainty-lung-segmentation/outputs/predictions/teacher_tta_probabilities/radiopaedia_10_slice_0134.npy,0.05,0,1057,65536,26,979,0.958742618560791,True
radiopaedia_10,135,/kaggle/working/scribble-uncertainty-lung-segmentation/data/pseudo_labels/teacher_tta_labels/radiopaedia_10_slice_0135.npy,/kaggle/working/scribble-uncertainty-lung-segmentation/data/pseudo_labels/teacher_tta_confidence/radiopaedia_10_slice_0135.npy,/kaggle/working/scribble-uncertainty-lung-segmentation/outputs/predictions/teacher_tta_probabilities/radiopaedia_10_slice_0135.npy,0.05,0,1049,65536,22,931,0.9373737573623657,True
radiopaedia_10,136,/kaggle/working/scribble-uncertainty-lung-segmentation/data/pseudo_labels/teacher_tta_labels/radiopaedia_10_slice_0136.npy,/kaggle/working/scribble-uncertainty-lung-segmentation/data/pseudo_labels/teacher_tta_confidence/radiopaedia_10_slice_0136.npy,/kaggle/working/scribble-uncertainty-lung-segmentation/outputs/predictions/teacher_tta_probabilities/radiopaedia_10_slice_0136.npy,0.05,0,1076,65536,25,949,0.9313580393791199,True
radiopaedia_10,137,/kaggle/working/scribble-uncertainty-lung-segmentation/data/pseudo_labels/teacher_tta_labels/radiopaedia_10_slice_0137.npy,/kaggle/working/scribble-uncertainty-lung-segmentation/data/pseudo_labels/teacher_tta_confidence/radiopaedia_10_slice_0137.npy,/kaggle/working/scribble-uncertainty-lung-segmentation/outputs/predictions/teacher_tta_probabilities/radiopaedia_10_slice_0137.npy,0.05,0,1092,65536,23,1068,0.9435185194015503,True
radiopaedia_10,138,/kaggle/working/scribble-uncertainty-lung-segmentation/data/pseudo_labels/teacher_tta_labels/radiopaedia_10_slice_0138.npy,/kaggle/working/scribble-uncertainty-lung-segmentation/data/pseudo_labels/teacher_tta_confidence/radiopaedia_10_slice_0138.npy,/kaggle/working/scribble-uncertainty-lung-segmentation/outputs/predictions/teacher_tta_probabilities/radiopaedia_10_slice_0138.npy,0.05,0,1126,65536,36,1008,0.9175257682800293,True
radiopaedia_10,139,/kaggle/working/scribble-uncertainty-lung-segmentation/data/pseudo_labels/teacher_tta_labels/radiopaedia_10_slice_0139.npy,/kaggle/working/scribble-uncertainty-lung-segmentation/data/pseudo_labels/teacher_tta_confidence/radiopaedia_10_slice_0139.npy,/kaggle/working/scribble-uncertainty-lung-segmentation/outputs/predictions/teacher_tta_probabilities/radiopaedia_10_slice_0139.npy,0.05,0,1159,65536,22,1097,0.9335106611251831,True
radiopaedia_10,140,/kaggle/working/scribble-uncertainty-lung-segmentation/data/pseudo_labels/teacher_tta_labels/radiopaedia_10_slice_0140.npy,/kaggle/working/scribble-uncertainty-lung-segmentation/data/pseudo_labels/teacher_tta_confidence/radiopaedia_10_slice_0140.npy,/kaggle/working/scribble-uncertainty-lung-segmentation/outputs/predictions/teacher_tta_probabilities/radiopaedia_10_slice_0140.npy,0.05,0,1160,65536,33,1068,0.9362657070159912,True
radiopaedia_10,141,/kaggle/working/scribble-uncertainty-lung-segmentation/data/pseudo_labels/teacher_tta_labels/radiopaedia_10_slice_0141.npy,/kaggle/working/scribble-uncertainty-lung-segmentation/data/pseudo_labels/teacher_tta_confidence/radiopaedia_10_slice_0141.npy,/kaggle/working/scribble-uncertainty-lung-segmentation/outputs/predictions/teacher_tta_probabilities/radiopaedia_10_slice_0141.npy,0.05,0,1176,65536,26,1085,0.9482529759407043,True
radiopaedia_10,142,/kaggle/working/scribble-uncertainty-lung-segmentation/data/pseudo_labels/teacher_tta_labels/radiopaedia_10_slice_0142.npy,/kaggle/working/scribble-uncertainty-lung-segmentation/data/pseudo_labels/teacher_tta_confidence/radiopaedia_10_slice_0142.npy,/kaggle/working/scribble-uncertainty-lung-segmentation/outputs/predictions/teacher_tta_probabilities/radiopaedia_10_slice_0142.npy,0.05,0,1155,65536,24,1145,0.9460869431495667,True
radiopaedia_10,143,/kaggle/working/scribble-uncertainty-lung-segmentation/data/pseudo_labels/teacher_tta_labels/radiopaedia_10_slice_0143.npy,/kaggle/working/scribble-uncertainty-lung-segmentation/data/pseudo_labels/teacher_tta_confidence/radiopaedia_10_slice_0143.npy,/kaggle/working/scribble-uncertainty-lung-segmentation/outputs/predictions/teacher_tta_probabilities/radiopaedia_10_slice_0143.npy,0.05,0,1146,65536,36,996,0.918767511844635,True
radiopaedia_10,144,/kaggle/working/scribble-uncertainty-lung-segmentation/data/pseudo_labels/teacher_tta_labels/radiopaedia_10_slice_0144.npy,/kaggle/working/scribble-uncertainty-lung-segmentation/data/pseudo_labels/teacher_tta_confidence/radiopaedia_10_slice_0144.npy,/kaggle/working/scribble-uncertainty-lung-segmentation/outputs/predictions/teacher_tta_probabilities/radiopaedia_10_slice_0144.npy,0.05,0,1099,65536,42,970,0.9279845356941223,True
radiopaedia_10,145,/kaggle/working/scribble-uncertainty-lung-segmentation/data/pseudo_labels/teacher_tta_labels/radiopaedia_10_slice_0145.npy,/kaggle/working/scribble-uncertainty-lung-segmentation/data/pseudo_labels/teacher_tta_confidence/radiopaedia_10_slice_0145.npy,/kaggle/working/scribble-uncertainty-lung-segmentation/outputs/predictions/teacher_tta_probabilities/radiopaedia_10_slice_0145.npy,0.05,0,1089,65536,24,1001,0.9263157844543457,True
radiopaedia_10,146,/kaggle/working/scribble-uncertainty-lung-segmentation/data/pseudo_labels/teacher_tta_labels/radiopaedia_10_slice_0146.npy,/kaggle/working/scribble-uncertainty-lung-segmentation/data/pseudo_labels/teacher_tta_confidence/radiopaedia_10_slice_0146.npy,/kaggle/working/scribble-uncertainty-lung-segmentation/outputs/predictions/teacher_tta_probabilities/radiopaedia_10_slice_0146.npy,0.05,0,1083,65536,26,994,0.9369282722473145,True
radiopaedia_10,147,/kaggle/working/scribble-uncertainty-lung-segmentation/data/pseudo_labels/teacher_tta_labels/radiopaedia_10_slice_0147.npy,/kaggle/working/scribble-uncertainty-lung-segmentation/data/pseudo_labels/teacher_tta_confidence/radiopaedia_10_slice_0147.npy,/kaggle/working/scribble-uncertainty-lung-segmentation/outputs/predictions/teacher_tta_probabilities/radiopaedia_10_slice_0147.npy,0.05,0,1059,65536,41,955,0.9304866194725037,True
radiopaedia_10,148,/kaggle/working/scribble-uncertainty-lung-segmentation/data/pseudo_labels/teacher_tta_labels/radiopaedia_10_slice_0148.npy,/kaggle/working/scribble-uncertainty-lung-segmentation/data/pseudo_labels/teacher_tta_confidence/radiopaedia_10_slice_0148.npy,/kaggle/working/scribble-uncertainty-lung-segmentation/outputs/predictions/teacher_tta_probabilities/radiopaedia_10_slice_0148.npy,0.05,0,1087,65536,34,1014,0.9357448816299438,True
radiopaedia_10,149,/kaggle/working/scribble-uncertainty-lung-segmentation/data/pseudo_labels/teacher_tta_labels/radiopaedia_10_slice_0149.npy,/kaggle/working/scribble-uncertainty-lung-segmentation/data/pseudo_labels/teacher_tta_confidence/radiopaedia_10_slice_0149.npy,/kaggle/working/scribble-uncertainty-lung-segmentation/outputs/predictions/teacher_tta_probabilities/radiopaedia_10_slice_0149.npy,0.05,0,1070,65536,34,1021,0.9402199983596802,True
radiopaedia_10,150,/kaggle/working/scribble-uncertainty-lung-segmentation/data/pseudo_labels/teacher_tta_labels/radiopaedia_10_slice_0150.npy,/kaggle/working/scribble-uncertainty-lung-segmentation/data/pseudo_labels/teacher_tta_confidence/radiopaedia_10_slice_0150.npy,/kaggle/working/scribble-uncertainty-lung-segmentation/outputs/predictions/teacher_tta_probabilities/radiopaedia_10_slice_0150.npy,0.05,0,1097,65536,35,1005,0.9343482255935669,True
radiopaedia_10,151,/kaggle/working/scribble-uncertainty-lung-segmentation/data/pseudo_labels/teacher_tta_labels/radiopaedia_10_slice_0151.npy,/kaggle/working/scribble-uncertainty-lung-segmentation/data/pseudo_labels/teacher_tta_confidence/radiopaedia_10_slice_0151.npy,/kaggle/working/scribble-uncertainty-lung-segmentation/outputs/predictions/teacher_tta_probabilities/radiopaedia_10_slice_0151.npy,0.05,0,1121,65536,32,1008,0.9365899562835693,True
radiopaedia_10,152,/kaggle/working/scribble-uncertainty-lung-segmentation/data/pseudo_labels/teacher_tta_labels/radiopaedia_10_slice_0152.npy,/kaggle/working/scribble-uncertainty-lung-segmentation/data/pseudo_labels/teacher_tta_confidence/radiopaedia_10_slice_0152.npy,/kaggle/working/scribble-uncertainty-lung-segmentation/outputs/predictions/teacher_tta_probabilities/radiopaedia_10_slice_0152.npy,0.05,0,1116,65536,36,1017,0.9348335862159729,True
radiopaedia_10,153,/kaggle/working/scribble-uncertainty-lung-segmentation/data/pseudo_labels/teacher_tta_labels/radiopaedia_10_slice_0153.npy,/kaggle/working/scribble-uncertainty-lung-segmentation/data/pseudo_labels/teacher_tta_confidence/radiopaedia_10_slice_0153.npy,/kaggle/working/scribble-uncertainty-lung-segmentation/outputs/predictions/teacher_tta_probabilities/radiopaedia_10_slice_0153.npy,0.05,0,1108,65536,35,1033,0.9509574770927429,True
radiopaedia_10,154,/kaggle/working/scribble-uncertainty-lung-segmentation/data/pseudo_labels/teacher_tta_labels/radiopaedia_10_slice_0154.npy,/kaggle/working/scribble-uncertainty-lung-segmentation/data/pseudo_labels/teacher_tta_confidence/radiopaedia_10_slice_0154.npy,/kaggle/working/scribble-uncertainty-lung-segmentation/outputs/predictions/teacher_tta_probabilities/radiopaedia_10_slice_0154.npy,0.05,0,1091,65536,32,1051,0.9421101808547974,True
radiopaedia_10,155,/kaggle/working/scribble-uncertainty-lung-segmentation/data/pseudo_labels/teacher_tta_labels/radiopaedia_10_slice_0155.npy,/kaggle/working/scribble-uncertainty-lung-segmentation/data/pseudo_labels/teacher_tta_confidence/radiopaedia_10_slice_0155.npy,/kaggle/working/scribble-uncertainty-lung-segmentation/outputs/predictions/teacher_tta_probabilities/radiopaedia_10_slice_0155.npy,0.05,0,969,65536,41,1032,0.9325337409973145,True
radiopaedia_10,156,/kaggle/working/scribble-uncertainty-lung-segmentation/data/pseudo_labels/teacher_tta_labels/radiopaedia_10_slice_0156.npy,/kaggle/working/scribble-uncertainty-lung-segmentation/data/pseudo_labels/teacher_tta_confidence/radiopaedia_10_slice_0156.npy,/kaggle/working/scribble-uncertainty-lung-segmentation/outputs/predictions/teacher_tta_probabilities/radiopaedia_10_slice_0156.npy,0.05,0,957,65536,40,1044,0.9325337409973145,True
radiopaedia_10,157,/kaggle/working/scribble-uncertainty-lung-segmentation/data/pseudo_labels/teacher_tta_labels/radiopaedia_10_slice_0157.npy,/kaggle/working/scribble-uncertainty-lung-segmentation/data/pseudo_labels/teacher_tta_confidence/radiopaedia_10_slice_0157.npy,/kaggle/working/scribble-uncertainty-lung-segmentation/outputs/predictions/teacher_tta_probabilities/radiopaedia_10_slice_0157.npy,0.05,0,914,65536,45,1003,0.9285341501235962,True
radiopaedia_10,158,/kaggle/working/scribble-uncertainty-lung-segmentation/data/pseudo_labels/teacher_tta_labels/radiopaedia_10_slice_0158.npy,/kaggle/working/scribble-uncertainty-lung-segmentation/data/pseudo_labels/teacher_tta_confidence/radiopaedia_10_slice_0158.npy,/kaggle/working/scribble-uncertainty-lung-segmentation/outputs/predictions/teacher_tta_probabilities/radiopaedia_10_slice_0158.npy,0.05,0,911,65536,32,962,0.9311265349388123,True
radiopaedia_10,159,/kaggle/working/scribble-uncertainty-lung-segmentation/data/pseudo_labels/teacher_tta_labels/radiopaedia_10_slice_0159.npy,/kaggle/working/scribble-uncertainty-lung-segmentation/data/pseudo_labels/teacher_tta_confidence/radiopaedia_10_slice_0159.npy,/kaggle/working/scribble-uncertainty-lung-segmentation/outputs/predictions/teacher_tta_probabilities/radiopaedia_10_slice_0159.npy,0.05,0,937,65536,30,971,0.9129979014396667,True
radiopaedia_10,160,/kaggle/working/scribble-uncertainty-lung-segmentation/data/pseudo_labels/teacher_tta_labels/radiopaedia_10_slice_0160.npy,/kaggle/working/scribble-uncertainty-lung-segmentation/data/pseudo_labels/teacher_tta_confidence/radiopaedia_10_slice_0160.npy,/kaggle/working/scribble-uncertainty-lung-segmentation/outputs/predictions/teacher_tta_probabilities/radiopaedia_10_slice_0160.npy,0.05,0,933,65536,40,935,0.9314774870872498,True
radiopaedia_10,161,/kaggle/working/scribble-uncertainty-lung-segmentation/data/pseudo_labels/teacher_tta_labels/radiopaedia_10_slice_0161.npy,/kaggle/working/scribble-uncertainty-lung-segmentation/data/pseudo_labels/teacher_tta_confidence/radiopaedia_10_slice_0161.npy,/kaggle/working/scribble-uncertainty-lung-segmentation/outputs/predictions/teacher_tta_probabilities/radiopaedia_10_slice_0161.npy,0.05,0,961,65536,42,1022,0.925869882106781,True
radiopaedia_10,162,/kaggle/working/scribble-uncertainty-lung-segmentation/data/pseudo_labels/teacher_tta_labels/radiopaedia_10_slice_0162.npy,/kaggle/working/scribble-uncertainty-lung-segmentation/data/pseudo_labels/teacher_tta_confidence/radiopaedia_10_slice_0162.npy,/kaggle/working/scribble-uncertainty-lung-segmentation/outputs/predictions/teacher_tta_probabilities/radiopaedia_10_slice_0162.npy,0.05,0,996,65536,39,985,0.9156991243362427,True
radiopaedia_10,163,/kaggle/working/scribble-uncertainty-lung-segmentation/data/pseudo_labels/teacher_tta_labels/radiopaedia_10_slice_0163.npy,/kaggle/working/scribble-uncertainty-lung-segmentation/data/pseudo_labels/teacher_tta_confidence/radiopaedia_10_slice_0163.npy,/kaggle/working/scribble-uncertainty-lung-segmentation/outputs/predictions/teacher_tta_probabilities/radiopaedia_10_slice_0163.npy,0.05,0,993,65536,32,948,0.9376609921455383,True
radiopaedia_10,164,/kaggle/working/scribble-uncertainty-lung-segmentation/data/pseudo_labels/teacher_tta_labels/radiopaedia_10_slice_0164.npy,/kaggle/working/scribble-uncertainty-lung-segmentation/data/pseudo_labels/teacher_tta_confidence/radiopaedia_10_slice_0164.npy,/kaggle/working/scribble-uncertainty-lung-segmentation/outputs/predictions/teacher_tta_probabilities/radiopaedia_10_slice_0164.npy,0.05,0,1027,65536,41,828,0.8862533569335938,True
radiopaedia_10,165,/kaggle/working/scribble-uncertainty-lung-segmentation/data/pseudo_labels/teacher_tta_labels/radiopaedia_10_slice_0165.npy,/kaggle/working/scribble-uncertainty-lung-segmentation/data/pseudo_labels/teacher_tta_confidence/radiopaedia_10_slice_0165.npy,/kaggle/working/scribble-uncertainty-lung-segmentation/outputs/predictions/teacher_tta_probabilities/radiopaedia_10_slice_0165.npy,0.05,0,1013,65536,42,842,0.9067385196685791,True
radiopaedia_10,166,/kaggle/working/scribble-uncertainty-lung-segmentation/data/pseudo_labels/teacher_tta_labels/radiopaedia_10_slice_0166.npy,/kaggle/working/scribble-uncertainty-lung-segmentation/data/pseudo_labels/teacher_tta_confidence/radiopaedia_10_slice_0166.npy,/kaggle/working/scribble-uncertainty-lung-segmentation/outputs/predictions/teacher_tta_probabilities/radiopaedia_10_slice_0166.npy,0.05,0,1037,65536,42,866,0.8849185705184937,True
radiopaedia_10,167,/kaggle/working/scribble-uncertainty-lung-segmentation/data/pseudo_labels/teacher_tta_labels/radiopaedia_10_slice_0167.npy,/kaggle/working/scribble-uncertainty-lung-segmentation/data/pseudo_labels/teacher_tta_confidence/radiopaedia_10_slice_0167.npy,/kaggle/working/scribble-uncertainty-lung-segmentation/outputs/predictions/teacher_tta_probabilities/radiopaedia_10_slice_0167.npy,0.05,0,1026,65536,40,875,0.8995265364646912,True
radiopaedia_10,168,/kaggle/working/scribble-uncertainty-lung-segmentation/data/pseudo_labels/teacher_tta_labels/radiopaedia_10_slice_0168.npy,/kaggle/working/scribble-uncertainty-lung-segmentation/data/pseudo_labels/teacher_tta_confidence/radiopaedia_10_slice_0168.npy,/kaggle/working/scribble-uncertainty-lung-segmentation/outputs/predictions/teacher_tta_probabilities/radiopaedia_10_slice_0168.npy,0.05,0,962,65536,44,852,0.9195148944854736,True
radiopaedia_10,169,/kaggle/working/scribble-uncertainty-lung-segmentation/data/pseudo_labels/teacher_tta_labels/radiopaedia_10_slice_0169.npy,/kaggle/working/scribble-uncertainty-lung-segmentation/data/pseudo_labels/teacher_tta_confidence/radiopaedia_10_slice_0169.npy,/kaggle/working/scribble-uncertainty-lung-segmentation/outputs/predictions/teacher_tta_probabilities/radiopaedia_10_slice_0169.npy,0.05,0,950,65536,34,944,0.9704329371452332,True
radiopaedia_10,170,/kaggle/working/scribble-uncertainty-lung-segmentation/data/pseudo_labels/teacher_tta_labels/radiopaedia_10_slice_0170.npy,/kaggle/working/scribble-uncertainty-lung-segmentation/data/pseudo_labels/teacher_tta_confidence/radiopaedia_10_slice_0170.npy,/kaggle/working/scribble-uncertainty-lung-segmentation/outputs/predictions/teacher_tta_probabilities/radiopaedia_10_slice_0170.npy,0.05,0,929,65536,29,837,0.9388448596000671,True
radiopaedia_10,171,/kaggle/working/scribble-uncertainty-lung-segmentation/data/pseudo_labels/teacher_tta_labels/radiopaedia_10_slice_0171.npy,/kaggle/working/scribble-uncertainty-lung-segmentation/data/pseudo_labels/teacher_tta_confidence/radiopaedia_10_slice_0171.npy,/kaggle/working/scribble-uncertainty-lung-segmentation/outputs/predictions/teacher_tta_probabilities/radiopaedia_10_slice_0171.npy,0.05,0,929,65536,30,915,0.9707158207893372,True
radiopaedia_10,172,/kaggle/working/scribble-uncertainty-lung-segmentation/data/pseudo_labels/teacher_tta_labels/radiopaedia_10_slice_0172.npy,/kaggle/working/scribble-uncertainty-lung-segmentation/data/pseudo_labels/teacher_tta_confidence/radiopaedia_10_slice_0172.npy,/kaggle/working/scribble-uncertainty-lung-segmentation/outputs/predictions/teacher_tta_probabilities/radiopaedia_10_slice_0172.npy,0.05,0,939,65536,25,947,0.9650052785873413,True
radiopaedia_10,173,/kaggle/working/scribble-uncertainty-lung-segmentation/data/pseudo_labels/teacher_tta_labels/radiopaedia_10_slice_0173.npy,/kaggle/working/scribble-uncertainty-lung-segmentation/data/pseudo_labels/teacher_tta_confidence/radiopaedia_10_slice_0173.npy,/kaggle/working/scribble-uncertainty-lung-segmentation/outputs/predictions/teacher_tta_probabilities/radiopaedia_10_slice_0173.npy,0.05,0,943,65536,49,804,0.8975386619567871,True
radiopaedia_10,174,/kaggle/working/scribble-uncertainty-lung-segmentation/data/pseudo_labels/teacher_tta_labels/radiopaedia_10_slice_0174.npy,/kaggle/working/scribble-uncertainty-lung-segmentation/data/pseudo_labels/teacher_tta_confidence/radiopaedia_10_slice_0174.npy,/kaggle/working/scribble-uncertainty-lung-segmentation/outputs/predictions/teacher_tta_probabilities/radiopaedia_10_slice_0174.npy,0.05,0,915,65536,35,770,0.8985162973403931,True
radiopaedia_10,175,/kaggle/working/scribble-uncertainty-lung-segmentation/data/pseudo_labels/teacher_tta_labels/radiopaedia_10_slice_0175.npy,/kaggle/working/scribble-uncertainty-lung-segmentation/data/pseudo_labels/teacher_tta_confidence/radiopaedia_10_slice_0175.npy,/kaggle/working/scribble-uncertainty-lung-segmentation/outputs/predictions/teacher_tta_probabilities/radiopaedia_10_slice_0175.npy,0.05,0,891,65536,42,862,0.9549344182014465,True
radiopaedia_10,176,/kaggle/working/scribble-uncertainty-lung-segmentation/data/pseudo_labels/teacher_tta_labels/radiopaedia_10_slice_0176.npy,/kaggle/working/scribble-uncertainty-lung-segmentation/data/pseudo_labels/teacher_tta_confidence/radiopaedia_10_slice_0176.npy,/kaggle/working/scribble-uncertainty-lung-segmentation/outputs/predictions/teacher_tta_probabilities/radiopaedia_10_slice_0176.npy,0.05,0,871,65536,40,800,0.9419509172439575,True
radiopaedia_10,177,/kaggle/working/scribble-uncertainty-lung-segmentation/data/pseudo_labels/teacher_tta_labels/radiopaedia_10_slice_0177.npy,/kaggle/working/scribble-uncertainty-lung-segmentation/data/pseudo_labels/teacher_tta_confidence/radiopaedia_10_slice_0177.npy,/kaggle/working/scribble-uncertainty-lung-segmentation/outputs/predictions/teacher_tta_probabilities/radiopaedia_10_slice_0177.npy,0.05,0,856,65536,43,701,0.8876043558120728,True
radiopaedia_10,178,/kaggle/working/scribble-uncertainty-lung-segmentation/data/pseudo_labels/teacher_tta_labels/radiopaedia_10_slice_0178.npy,/kaggle/working/scribble-uncertainty-lung-segmentation/data/pseudo_labels/teacher_tta_confidence/radiopaedia_10_slice_0178.npy,/kaggle/working/scribble-uncertainty-lung-segmentation/outputs/predictions/teacher_tta_probabilities/radiopaedia_10_slice_0178.npy,0.05,0,815,65536,39,696,0.9066843390464783,True
radiopaedia_10,179,/kaggle/working/scribble-uncertainty-lung-segmentation/data/pseudo_labels/teacher_tta_labels/radiopaedia_10_slice_0179.npy,/kaggle/working/scribble-uncertainty-lung-segmentation/data/pseudo_labels/teacher_tta_confidence/radiopaedia_10_slice_0179.npy,/kaggle/working/scribble-uncertainty-lung-segmentation/outputs/predictions/teacher_tta_probabilities/radiopaedia_10_slice_0179.npy,0.05,0,777,65536,33,691,0.9277929067611694,True
radiopaedia_10,180,/kaggle/working/scribble-uncertainty-lung-segmentation/data/pseudo_labels/teacher_tta_labels/radiopaedia_10_slice_0180.npy,/kaggle/working/scribble-uncertainty-lung-segmentation/data/pseudo_labels/teacher_tta_confidence/radiopaedia_10_slice_0180.npy,/kaggle/working/scribble-uncertainty-lung-segmentation/outputs/predictions/teacher_tta_probabilities/radiopaedia_10_slice_0180.npy,0.05,0,747,65536,24,710,0.9608784914016724,True
radiopaedia_10,181,/kaggle/working/scribble-uncertainty-lung-segmentation/data/pseudo_labels/teacher_tta_labels/radiopaedia_10_slice_0181.npy,/kaggle/working/scribble-uncertainty-lung-segmentation/data/pseudo_labels/teacher_tta_confidence/radiopaedia_10_slice_0181.npy,/kaggle/working/scribble-uncertainty-lung-segmentation/outputs/predictions/teacher_tta_probabilities/radiopaedia_10_slice_0181.npy,0.05,0,748,65536,28,743,0.964453399181366,True
radiopaedia_10,182,/kaggle/working/scribble-uncertainty-lung-segmentation/data/pseudo_labels/teacher_tta_labels/radiopaedia_10_slice_0182.npy,/kaggle/working/scribble-uncertainty-lung-segmentation/data/pseudo_labels/teacher_tta_confidence/radiopaedia_10_slice_0182.npy,/kaggle/working/scribble-uncertainty-lung-segmentation/outputs/predictions/teacher_tta_probabilities/radiopaedia_10_slice_0182.npy,0.05,0,720,65536,26,694,0.9504950642585754,True
radiopaedia_10,183,/kaggle/working/scribble-uncertainty-lung-segmentation/data/pseudo_labels/teacher_tta_labels/radiopaedia_10_slice_0183.npy,/kaggle/working/scribble-uncertainty-lung-segmentation/data/pseudo_labels/teacher_tta_confidence/radiopaedia_10_slice_0183.npy,/kaggle/working/scribble-uncertainty-lung-segmentation/outputs/predictions/teacher_tta_probabilities/radiopaedia_10_slice_0183.npy,0.05,0,715,65536,27,669,0.9494219422340393,True
radiopaedia_10,184,/kaggle/working/scribble-uncertainty-lung-segmentation/data/pseudo_labels/teacher_tta_labels/radiopaedia_10_slice_0184.npy,/kaggle/working/scribble-uncertainty-lung-segmentation/data/pseudo_labels/teacher_tta_confidence/radiopaedia_10_slice_0184.npy,/kaggle/working/scribble-uncertainty-lung-segmentation/outputs/predictions/teacher_tta_probabilities/radiopaedia_10_slice_0184.npy,0.05,0,693,65536,33,545,0.8707593083381653,True
radiopaedia_10,185,/kaggle/working/scribble-uncertainty-lung-segmentation/data/pseudo_labels/teacher_tta_labels/radiopaedia_10_slice_0185.npy,/kaggle/working/scribble-uncertainty-lung-segmentation/data/pseudo_labels/teacher_tta_confidence/radiopaedia_10_slice_0185.npy,/kaggle/working/scribble-uncertainty-lung-segmentation/outputs/predictions/teacher_tta_probabilities/radiopaedia_10_slice_0185.npy,0.05,0,651,65536,24,626,0.961628794670105,True
radiopaedia_10,186,/kaggle/working/scribble-uncertainty-lung-segmentation/data/pseudo_labels/teacher_tta_labels/radiopaedia_10_slice_0186.npy,/kaggle/working/scribble-uncertainty-lung-segmentation/data/pseudo_labels/teacher_tta_confidence/radiopaedia_10_slice_0186.npy,/kaggle/working/scribble-uncertainty-lung-segmentation/outputs/predictions/teacher_tta_probabilities/radiopaedia_10_slice_0186.npy,0.05,0,658,65536,25,675,0.94223552942276,True
radiopaedia_10,187,/kaggle/working/scribble-uncertainty-lung-segmentation/data/pseudo_labels/teacher_tta_labels/radiopaedia_10_slice_0187.npy,/kaggle/working/scribble-uncertainty-lung-segmentation/data/pseudo_labels/teacher_tta_confidence/radiopaedia_10_slice_0187.npy,/kaggle/working/scribble-uncertainty-lung-segmentation/outputs/predictions/teacher_tta_probabilities/radiopaedia_10_slice_0187.npy,0.05,0,656,65536,24,703,0.9183223247528076,True
radiopaedia_10,188,/kaggle/working/scribble-uncertainty-lung-segmentation/data/pseudo_labels/teacher_tta_labels/radiopaedia_10_slice_0188.npy,/kaggle/working/scribble-uncertainty-lung-segmentation/data/pseudo_labels/teacher_tta_confidence/radiopaedia_10_slice_0188.npy,/kaggle/working/scribble-uncertainty-lung-segmentation/outputs/predictions/teacher_tta_probabilities/radiopaedia_10_slice_0188.npy,0.05,0,651,65536,23,631,0.9407176375389099,True
radiopaedia_10,189,/kaggle/working/scribble-uncertainty-lung-segmentation/data/pseudo_labels/teacher_tta_labels/radiopaedia_10_slice_0189.npy,/kaggle/working/scribble-uncertainty-lung-segmentation/data/pseudo_labels/teacher_tta_confidence/radiopaedia_10_slice_0189.npy,/kaggle/working/scribble-uncertainty-lung-segmentation/outputs/predictions/teacher_tta_probabilities/radiopaedia_10_slice_0189.npy,0.05,0,590,65536,20,519,0.917944073677063,True
radiopaedia_10,190,/kaggle/working/scribble-uncertainty-lung-segmentation/data/pseudo_labels/teacher_tta_labels/radiopaedia_10_slice_0190.npy,/kaggle/working/scribble-uncertainty-lung-segmentation/data/pseudo_labels/teacher_tta_confidence/radiopaedia_10_slice_0190.npy,/kaggle/working/scribble-uncertainty-lung-segmentation/outputs/predictions/teacher_tta_probabilities/radiopaedia_10_slice_0190.npy,0.05,0,541,65536,24,461,0.9141716361045837,True
radiopaedia_10,191,/kaggle/working/scribble-uncertainty-lung-segmentation/data/pseudo_labels/teacher_tta_labels/radiopaedia_10_slice_0191.npy,/kaggle/working/scribble-uncertainty-lung-segmentation/data/pseudo_labels/teacher_tta_confidence/radiopaedia_10_slice_0191.npy,/kaggle/working/scribble-uncertainty-lung-segmentation/outputs/predictions/teacher_tta_probabilities/radiopaedia_10_slice_0191.npy,0.05,0,497,65536,28,384,0.8649262189865112,True
radiopaedia_10,192,/kaggle/working/scribble-uncertainty-lung-segmentation/data/pseudo_labels/teacher_tta_labels/radiopaedia_10_slice_0192.npy,/kaggle/working/scribble-uncertainty-lung-segmentation/data/pseudo_labels/teacher_tta_confidence/radiopaedia_10_slice_0192.npy,/kaggle/working/scribble-uncertainty-lung-segmentation/outputs/predictions/teacher_tta_probabilities/radiopaedia_10_slice_0192.npy,0.05,0,487,65536,21,425,0.9298245906829834,True
radiopaedia_10,193,/kaggle/working/scribble-uncertainty-lung-segmentation/data/pseudo_labels/teacher_tta_labels/radiopaedia_10_slice_0193.npy,/kaggle/working/scribble-uncertainty-lung-segmentation/data/pseudo_labels/teacher_tta_confidence/radiopaedia_10_slice_0193.npy,/kaggle/working/scribble-uncertainty-lung-segmentation/outputs/predictions/teacher_tta_probabilities/radiopaedia_10_slice_0193.npy,0.05,0,454,65536,27,396,0.9129411578178406,True
radiopaedia_10,194,/kaggle/working/scribble-uncertainty-lung-segmentation/data/pseudo_labels/teacher_tta_labels/radiopaedia_10_slice_0194.npy,/kaggle/working/scribble-uncertainty-lung-segmentation/data/pseudo_labels/teacher_tta_confidence/radiopaedia_10_slice_0194.npy,/kaggle/working/scribble-uncertainty-lung-segmentation/outputs/predictions/teacher_tta_probabilities/radiopaedia_10_slice_0194.npy,0.05,0,418,65536,16,394,0.9162561297416687,True
radiopaedia_10,195,/kaggle/working/scribble-uncertainty-lung-segmentation/data/pseudo_labels/teacher_tta_labels/radiopaedia_10_slice_0195.npy,/kaggle/working/scribble-uncertainty-lung-segmentation/data/pseudo_labels/teacher_tta_confidence/radiopaedia_10_slice_0195.npy,/kaggle/working/scribble-uncertainty-lung-segmentation/outputs/predictions/teacher_tta_probabilities/radiopaedia_10_slice_0195.npy,0.05,0,388,65536,16,415,0.9439601302146912,True
radiopaedia_10,196,/kaggle/working/scribble-uncertainty-lung-segmentation/data/pseudo_labels/teacher_tta_labels/radiopaedia_10_slice_0196.npy,/kaggle/working/scribble-uncertainty-lung-segmentation/data/pseudo_labels/teacher_tta_confidence/radiopaedia_10_slice_0196.npy,/kaggle/working/scribble-uncertainty-lung-segmentation/outputs/predictions/teacher_tta_probabilities/radiopaedia_10_slice_0196.npy,0.05,0,390,65536,20,395,0.8815286755561829,True
radiopaedia_10,197,/kaggle/working/scribble-uncertainty-lung-segmentation/data/pseudo_labels/teacher_tta_labels/radiopaedia_10_slice_0197.npy,/kaggle/working/scribble-uncertainty-lung-segmentation/data/pseudo_labels/teacher_tta_confidence/radiopaedia_10_slice_0197.npy,/kaggle/working/scribble-uncertainty-lung-segmentation/outputs/predictions/teacher_tta_probabilities/radiopaedia_10_slice_0197.npy,0.05,0,338,65536,27,343,0.8575624227523804,True
radiopaedia_10,198,/kaggle/working/scribble-uncertainty-lung-segmentation/data/pseudo_labels/teacher_tta_labels/radiopaedia_10_slice_0198.npy,/kaggle/working/scribble-uncertainty-lung-segmentation/data/pseudo_labels/teacher_tta_confidence/radiopaedia_10_slice_0198.npy,/kaggle/working/scribble-uncertainty-lung-segmentation/outputs/predictions/teacher_tta_probabilities/radiopaedia_10_slice_0198.npy,0.05,0,297,65536,17,263,0.7964285612106323,True
radiopaedia_10,199,/kaggle/working/scribble-uncertainty-lung-segmentation/data/pseudo_labels/teacher_tta_labels/radiopaedia_10_slice_0199.npy,/kaggle/working/scribble-uncertainty-lung-segmentation/data/pseudo_labels/teacher_tta_confidence/radiopaedia_10_slice_0199.npy,/kaggle/working/scribble-uncertainty-lung-segmentation/outputs/predictions/teacher_tta_probabilities/radiopaedia_10_slice_0199.npy,0.05,0,145,65536,16,217,0.7403314709663391,True
radiopaedia_10,200,/kaggle/working/scribble-uncertainty-lung-segmentation/data/pseudo_labels/teacher_tta_labels/radiopaedia_10_slice_0200.npy,/kaggle/working/scribble-uncertainty-lung-segmentation/data/pseudo_labels/teacher_tta_confidence/radiopaedia_10_slice_0200.npy,/kaggle/working/scribble-uncertainty-lung-segmentation/outputs/predictions/teacher_tta_probabilities/radiopaedia_10_slice_0200.npy,0.05,0,153,65536,10,155,0.7467532753944397,True
radiopaedia_10,201,/kaggle/working/scribble-uncertainty-lung-segmentation/data/pseudo_labels/teacher_tta_labels/radiopaedia_10_slice_0201.npy,/kaggle/working/scribble-uncertainty-lung-segmentation/data/pseudo_labels/teacher_tta_confidence/radiopaedia_10_slice_0201.npy,/kaggle/working/scribble-uncertainty-lung-segmentation/outputs/predictions/teacher_tta_probabilities/radiopaedia_10_slice_0201.npy,0.05,0,42,65536,0,0,2.3809523241880015e-09,False
radiopaedia_10,202,/kaggle/working/scribble-uncertainty-lung-segmentation/data/pseudo_labels/teacher_tta_labels/radiopaedia_10_slice_0202.npy,/kaggle/working/scribble-uncertainty-lung-segmentation/data/pseudo_labels/teacher_tta_confidence/radiopaedia_10_slice_0202.npy,/kaggle/working/scribble-uncertainty-lung-segmentation/outputs/predictions/teacher_tta_probabilities/radiopaedia_10_slice_0202.npy,0.05,0,28,65536,0,0,3.571428708326607e-09,False
radiopaedia_10,203,/kaggle/working/scribble-uncertainty-lung-segmentation/data/pseudo_labels/teacher_tta_labels/radiopaedia_10_slice_0203.npy,/kaggle/working/scribble-uncertainty-lung-segmentation/data/pseudo_labels/teacher_tta_confidence/radiopaedia_10_slice_0203.npy,/kaggle/working/scribble-uncertainty-lung-segmentation/outputs/predictions/teacher_tta_probabilities/radiopaedia_10_slice_0203.npy,0.05,0,0,65536,0,0,1.0,False
radiopaedia_10,204,/kaggle/working/scribble-uncertainty-lung-segmentation/data/pseudo_labels/teacher_tta_labels/radiopaedia_10_slice_0204.npy,/kaggle/working/scribble-uncertainty-lung-segmentation/data/pseudo_labels/teacher_tta_confidence/radiopaedia_10_slice_0204.npy,/kaggle/working/scribble-uncertainty-lung-segmentation/outputs/predictions/teacher_tta_probabilities/radiopaedia_10_slice_0204.npy,0.05,0,0,65536,0,0,1.0,False
radiopaedia_10,205,/kaggle/working/scribble-uncertainty-lung-segmentation/data/pseudo_labels/teacher_tta_labels/radiopaedia_10_slice_0205.npy,/kaggle/working/scribble-uncertainty-lung-segmentation/data/pseudo_labels/teacher_tta_confidence/radiopaedia_10_slice_0205.npy,/kaggle/working/scribble-uncertainty-lung-segmentation/outputs/predictions/teacher_tta_probabilities/radiopaedia_10_slice_0205.npy,0.05,0,0,65536,0,0,1.0,False
radiopaedia_10,206,/kaggle/working/scribble-uncertainty-lung-segmentation/data/pseudo_labels/teacher_tta_labels/radiopaedia_10_slice_0206.npy,/kaggle/working/scribble-uncertainty-lung-segmentation/data/pseudo_labels/teacher_tta_confidence/radiopaedia_10_slice_0206.npy,/kaggle/working/scribble-uncertainty-lung-segmentation/outputs/predictions/teacher_tta_probabilities/radiopaedia_10_slice_0206.npy,0.05,0,0,65536,0,0,1.0,False
radiopaedia_10,207,/kaggle/working/scribble-uncertainty-lung-segmentation/data/pseudo_labels/teacher_tta_labels/radiopaedia_10_slice_0207.npy,/kaggle/working/scribble-uncertainty-lung-segmentation/data/pseudo_labels/teacher_tta_confidence/radiopaedia_10_slice_0207.npy,/kaggle/working/scribble-uncertainty-lung-segmentation/outputs/predictions/teacher_tta_probabilities/radiopaedia_10_slice_0207.npy,0.05,0,0,65536,0,0,1.0,False
radiopaedia_10,208,/kaggle/working/scribble-uncertainty-lung-segmentation/data/pseudo_labels/teacher_tta_labels/radiopaedia_10_slice_0208.npy,/kaggle/working/scribble-uncertainty-lung-segmentation/data/pseudo_labels/teacher_tta_confidence/radiopaedia_10_slice_0208.npy,/kaggle/working/scribble-uncertainty-lung-segmentation/outputs/predictions/teacher_tta_probabilities/radiopaedia_10_slice_0208.npy,0.05,0,0,65536,0,0,1.0,False
radiopaedia_10,209,/kaggle/working/scribble-uncertainty-lung-segmentation/data/pseudo_labels/teacher_tta_labels/radiopaedia_10_slice_0209.npy,/kaggle/working/scribble-uncertainty-lung-segmentation/data/pseudo_labels/teacher_tta_confidence/radiopaedia_10_slice_0209.npy,/kaggle/working/scribble-uncertainty-lung-segmentation/outputs/predictions/teacher_tta_probabilities/radiopaedia_10_slice_0209.npy,0.05,0,0,65536,0,0,1.0,False
radiopaedia_10,210,/kaggle/working/scribble-uncertainty-lung-segmentation/data/pseudo_labels/teacher_tta_labels/radiopaedia_10_slice_0210.npy,/kaggle/working/scribble-uncertainty-lung-segmentation/data/pseudo_labels/teacher_tta_confidence/radiopaedia_10_slice_0210.npy,/kaggle/working/scribble-uncertainty-lung-segmentation/outputs/predictions/teacher_tta_probabilities/radiopaedia_10_slice_0210.npy,0.05,0,0,65536,0,0,1.0,False
radiopaedia_10,211,/kaggle/working/scribble-uncertainty-lung-segmentation/data/pseudo_labels/teacher_tta_labels/radiopaedia_10_slice_0211.npy,/kaggle/working/scribble-uncertainty-lung-segmentation/data/pseudo_labels/teacher_tta_confidence/radiopaedia_10_slice_0211.npy,/kaggle/working/scribble-uncertainty-lung-segmentation/outputs/predictions/teacher_tta_probabilities/radiopaedia_10_slice_0211.npy,0.05,0,0,65536,0,0,1.0,False
radiopaedia_10,212,/kaggle/working/scribble-uncertainty-lung-segmentation/data/pseudo_labels/teacher_tta_labels/radiopaedia_10_slice_0212.npy,/kaggle/working/scribble-uncertainty-lung-segmentation/data/pseudo_labels/teacher_tta_confidence/radiopaedia_10_slice_0212.npy,/kaggle/working/scribble-uncertainty-lung-segmentation/outputs/predictions/teacher_tta_probabilities/radiopaedia_10_slice_0212.npy,0.05,0,0,65536,0,0,1.0,False
radiopaedia_10,213,/kaggle/working/scribble-uncertainty-lung-segmentation/data/pseudo_labels/teacher_tta_labels/radiopaedia_10_slice_0213.npy,/kaggle/working/scribble-uncertainty-lung-segmentation/data/pseudo_labels/teacher_tta_confidence/radiopaedia_10_slice_0213.npy,/kaggle/working/scribble-uncertainty-lung-segmentation/outputs/predictions/teacher_tta_probabilities/radiopaedia_10_slice_0213.npy,0.05,0,0,65536,0,0,1.0,False
radiopaedia_10,214,/kaggle/working/scribble-uncertainty-lung-segmentation/data/pseudo_labels/teacher_tta_labels/radiopaedia_10_slice_0214.npy,/kaggle/working/scribble-uncertainty-lung-segmentation/data/pseudo_labels/teacher_tta_confidence/radiopaedia_10_slice_0214.npy,/kaggle/working/scribble-uncertainty-lung-segmentation/outputs/predictions/teacher_tta_probabilities/radiopaedia_10_slice_0214.npy,0.05,0,0,65536,0,0,1.0,False
radiopaedia_10,215,/kaggle/working/scribble-uncertainty-lung-segmentation/data/pseudo_labels/teacher_tta_labels/radiopaedia_10_slice_0215.npy,/kaggle/working/scribble-uncertainty-lung-segmentation/data/pseudo_labels/teacher_tta_confidence/radiopaedia_10_slice_0215.npy,/kaggle/working/scribble-uncertainty-lung-segmentation/outputs/predictions/teacher_tta_probabilities/radiopaedia_10_slice_0215.npy,0.05,0,0,65536,0,0,1.0,False
radiopaedia_10,216,/kaggle/working/scribble-uncertainty-lung-segmentation/data/pseudo_labels/teacher_tta_labels/radiopaedia_10_slice_0216.npy,/kaggle/working/scribble-uncertainty-lung-segmentation/data/pseudo_labels/teacher_tta_confidence/radiopaedia_10_slice_0216.npy,/kaggle/working/scribble-uncertainty-lung-segmentation/outputs/predictions/teacher_tta_probabilities/radiopaedia_10_slice_0216.npy,0.05,0,0,65536,0,0,1.0,False
radiopaedia_10,217,/kaggle/working/scribble-uncertainty-lung-segmentation/data/pseudo_labels/teacher_tta_labels/radiopaedia_10_slice_0217.npy,/kaggle/working/scribble-uncertainty-lung-segmentation/data/pseudo_labels/teacher_tta_confidence/radiopaedia_10_slice_0217.npy,/kaggle/working/scribble-uncertainty-lung-segmentation/outputs/predictions/teacher_tta_probabilities/radiopaedia_10_slice_0217.npy,0.05,0,0,65536,0,0,1.0,False
radiopaedia_10,218,/kaggle/working/scribble-uncertainty-lung-segmentation/data/pseudo_labels/teacher_tta_labels/radiopaedia_10_slice_0218.npy,/kaggle/working/scribble-uncertainty-lung-segmentation/data/pseudo_labels/teacher_tta_confidence/radiopaedia_10_slice_0218.npy,/kaggle/working/scribble-uncertainty-lung-segmentation/outputs/predictions/teacher_tta_probabilities/radiopaedia_10_slice_0218.npy,0.05,0,0,65536,0,0,1.0,False
radiopaedia_10,219,/kaggle/working/scribble-uncertainty-lung-segmentation/data/pseudo_labels/teacher_tta_labels/radiopaedia_10_slice_0219.npy,/kaggle/working/scribble-uncertainty-lung-segmentation/data/pseudo_labels/teacher_tta_confidence/radiopaedia_10_slice_0219.npy,/kaggle/working/scribble-uncertainty-lung-segmentation/outputs/predictions/teacher_tta_probabilities/radiopaedia_10_slice_0219.npy,0.05,0,0,65536,0,0,1.0,False
radiopaedia_10,220,/kaggle/working/scribble-uncertainty-lung-segmentation/data/pseudo_labels/teacher_tta_labels/radiopaedia_10_slice_0220.npy,/kaggle/working/scribble-uncertainty-lung-segmentation/data/pseudo_labels/teacher_tta_confidence/radiopaedia_10_slice_0220.npy,/kaggle/working/scribble-uncertainty-lung-segmentation/outputs/predictions/teacher_tta_probabilities/radiopaedia_10_slice_0220.npy,0.05,0,0,65536,0,0,1.0,False
radiopaedia_10,221,/kaggle/working/scribble-uncertainty-lung-segmentation/data/pseudo_labels/teacher_tta_labels/radiopaedia_10_slice_0221.npy,/kaggle/working/scribble-uncertainty-lung-segmentation/data/pseudo_labels/teacher_tta_confidence/radiopaedia_10_slice_0221.npy,/kaggle/working/scribble-uncertainty-lung-segmentation/outputs/predictions/teacher_tta_probabilities/radiopaedia_10_slice_0221.npy,0.05,0,0,65536,0,0,1.0,False
radiopaedia_10,222,/kaggle/working/scribble-uncertainty-lung-segmentation/data/pseudo_labels/teacher_tta_labels/radiopaedia_10_slice_0222.npy,/kaggle/working/scribble-uncertainty-lung-segmentation/data/pseudo_labels/teacher_tta_confidence/radiopaedia_10_slice_0222.npy,/kaggle/working/scribble-uncertainty-lung-segmentation/outputs/predictions/teacher_tta_probabilities/radiopaedia_10_slice_0222.npy,0.05,0,0,65536,0,0,1.0,False
radiopaedia_10,223,/kaggle/working/scribble-uncertainty-lung-segmentation/data/pseudo_labels/teacher_tta_labels/radiopaedia_10_slice_0223.npy,/kaggle/working/scribble-uncertainty-lung-segmentation/data/pseudo_labels/teacher_tta_confidence/radiopaedia_10_slice_0223.npy,/kaggle/working/scribble-uncertainty-lung-segmentation/outputs/predictions/teacher_tta_probabilities/radiopaedia_10_slice_0223.npy,0.05,0,0,65536,0,0,1.0,False
radiopaedia_10,224,/kaggle/working/scribble-uncertainty-lung-segmentation/data/pseudo_labels/teacher_tta_labels/radiopaedia_10_slice_0224.npy,/kaggle/working/scribble-uncertainty-lung-segmentation/data/pseudo_labels/teacher_tta_confidence/radiopaedia_10_slice_0224.npy,/kaggle/working/scribble-uncertainty-lung-segmentation/outputs/predictions/teacher_tta_probabilities/radiopaedia_10_slice_0224.npy,0.05,0,0,65536,0,0,1.0,False
radiopaedia_10,225,/kaggle/working/scribble-uncertainty-lung-segmentation/data/pseudo_labels/teacher_tta_labels/radiopaedia_10_slice_0225.npy,/kaggle/working/scribble-uncertainty-lung-segmentation/data/pseudo_labels/teacher_tta_confidence/radiopaedia_10_slice_0225.npy,/kaggle/working/scribble-uncertainty-lung-segmentation/outputs/predictions/teacher_tta_probabilities/radiopaedia_10_slice_0225.npy,0.05,0,0,65536,0,0,1.0,False
radiopaedia_10,226,/kaggle/working/scribble-uncertainty-lung-segmentation/data/pseudo_labels/teacher_tta_labels/radiopaedia_10_slice_0226.npy,/kaggle/working/scribble-uncertainty-lung-segmentation/data/pseudo_labels/teacher_tta_confidence/radiopaedia_10_slice_0226.npy,/kaggle/working/scribble-uncertainty-lung-segmentation/outputs/predictions/teacher_tta_probabilities/radiopaedia_10_slice_0226.npy,0.05,0,0,65536,0,0,1.0,False
radiopaedia_10,227,/kaggle/working/scribble-uncertainty-lung-segmentation/data/pseudo_labels/teacher_tta_labels/radiopaedia_10_slice_0227.npy,/kaggle/working/scribble-uncertainty-lung-segmentation/data/pseudo_labels/teacher_tta_confidence/radiopaedia_10_slice_0227.npy,/kaggle/working/scribble-uncertainty-lung-segmentation/outputs/predictions/teacher_tta_probabilities/radiopaedia_10_slice_0227.npy,0.05,0,0,65536,0,0,1.0,False
radiopaedia_10,228,/kaggle/working/scribble-uncertainty-lung-segmentation/data/pseudo_labels/teacher_tta_labels/radiopaedia_10_slice_0228.npy,/kaggle/working/scribble-uncertainty-lung-segmentation/data/pseudo_labels/teacher_tta_confidence/radiopaedia_10_slice_0228.npy,/kaggle/working/scribble-uncertainty-lung-segmentation/outputs/predictions/teacher_tta_probabilities/radiopaedia_10_slice_0228.npy,0.05,0,0,65536,0,0,1.0,False
radiopaedia_10,229,/kaggle/working/scribble-uncertainty-lung-segmentation/data/pseudo_labels/teacher_tta_labels/radiopaedia_10_slice_0229.npy,/kaggle/working/scribble-uncertainty-lung-segmentation/data/pseudo_labels/teacher_tta_confidence/radiopaedia_10_slice_0229.npy,/kaggle/working/scribble-uncertainty-lung-segmentation/outputs/predictions/teacher_tta_probabilities/radiopaedia_10_slice_0229.npy,0.05,0,0,65536,0,0,1.0,False
radiopaedia_10,230,/kaggle/working/scribble-uncertainty-lung-segmentation/data/pseudo_labels/teacher_tta_labels/radiopaedia_10_slice_0230.npy,/kaggle/working/scribble-uncertainty-lung-segmentation/data/pseudo_labels/teacher_tta_confidence/radiopaedia_10_slice_0230.npy,/kaggle/working/scribble-uncertainty-lung-segmentation/outputs/predictions/teacher_tta_probabilities/radiopaedia_10_slice_0230.npy,0.05,0,0,65536,0,0,1.0,False
radiopaedia_10,231,/kaggle/working/scribble-uncertainty-lung-segmentation/data/pseudo_labels/teacher_tta_labels/radiopaedia_10_slice_0231.npy,/kaggle/working/scribble-uncertainty-lung-segmentation/data/pseudo_labels/teacher_tta_confidence/radiopaedia_10_slice_0231.npy,/kaggle/working/scribble-uncertainty-lung-segmentation/outputs/predictions/teacher_tta_probabilities/radiopaedia_10_slice_0231.npy,0.05,0,0,65536,0,0,1.0,False
radiopaedia_10,232,/kaggle/working/scribble-uncertainty-lung-segmentation/data/pseudo_labels/teacher_tta_labels/radiopaedia_10_slice_0232.npy,/kaggle/working/scribble-uncertainty-lung-segmentation/data/pseudo_labels/teacher_tta_confidence/radiopaedia_10_slice_0232.npy,/kaggle/working/scribble-uncertainty-lung-segmentation/outputs/predictions/teacher_tta_probabilities/radiopaedia_10_slice_0232.npy,0.05,0,0,65536,0,0,1.0,False
radiopaedia_10,233,/kaggle/working/scribble-uncertainty-lung-segmentation/data/pseudo_labels/teacher_tta_labels/radiopaedia_10_slice_0233.npy,/kaggle/working/scribble-uncertainty-lung-segmentation/data/pseudo_labels/teacher_tta_confidence/radiopaedia_10_slice_0233.npy,/kaggle/working/scribble-uncertainty-lung-segmentation/outputs/predictions/teacher_tta_probabilities/radiopaedia_10_slice_0233.npy,0.05,0,0,65536,0,0,1.0,False
radiopaedia_10,234,/kaggle/working/scribble-uncertainty-lung-segmentation/data/pseudo_labels/teacher_tta_labels/radiopaedia_10_slice_0234.npy,/kaggle/working/scribble-uncertainty-lung-segmentation/data/pseudo_labels/teacher_tta_confidence/radiopaedia_10_slice_0234.npy,/kaggle/working/scribble-uncertainty-lung-segmentation/outputs/predictions/teacher_tta_probabilities/radiopaedia_10_slice_0234.npy,0.05,0,0,65536,0,0,1.0,False
radiopaedia_10,235,/kaggle/working/scribble-uncertainty-lung-segmentation/data/pseudo_labels/teacher_tta_labels/radiopaedia_10_slice_0235.npy,/kaggle/working/scribble-uncertainty-lung-segmentation/data/pseudo_labels/teacher_tta_confidence/radiopaedia_10_slice_0235.npy,/kaggle/working/scribble-uncertainty-lung-segmentation/outputs/predictions/teacher_tta_probabilities/radiopaedia_10_slice_0235.npy,0.05,0,0,65536,0,0,1.0,False
radiopaedia_10,236,/kaggle/working/scribble-uncertainty-lung-segmentation/data/pseudo_labels/teacher_tta_labels/radiopaedia_10_slice_0236.npy,/kaggle/working/scribble-uncertainty-lung-segmentation/data/pseudo_labels/teacher_tta_confidence/radiopaedia_10_slice_0236.npy,/kaggle/working/scribble-uncertainty-lung-segmentation/outputs/predictions/teacher_tta_probabilities/radiopaedia_10_slice_0236.npy,0.05,0,0,65536,0,0,1.0,False
radiopaedia_10,237,/kaggle/working/scribble-uncertainty-lung-segmentation/data/pseudo_labels/teacher_tta_labels/radiopaedia_10_slice_0237.npy,/kaggle/working/scribble-uncertainty-lung-segmentation/data/pseudo_labels/teacher_tta_confidence/radiopaedia_10_slice_0237.npy,/kaggle/working/scribble-uncertainty-lung-segmentation/outputs/predictions/teacher_tta_probabilities/radiopaedia_10_slice_0237.npy,0.05,0,0,65536,0,0,1.0,False
radiopaedia_10,238,/kaggle/working/scribble-uncertainty-lung-segmentation/data/pseudo_labels/teacher_tta_labels/radiopaedia_10_slice_0238.npy,/kaggle/working/scribble-uncertainty-lung-segmentation/data/pseudo_labels/teacher_tta_confidence/radiopaedia_10_slice_0238.npy,/kaggle/working/scribble-uncertainty-lung-segmentation/outputs/predictions/teacher_tta_probabilities/radiopaedia_10_slice_0238.npy,0.05,0,0,65536,0,0,1.0,False
radiopaedia_10,239,/kaggle/working/scribble-uncertainty-lung-segmentation/data/pseudo_labels/teacher_tta_labels/radiopaedia_10_slice_0239.npy,/kaggle/working/scribble-uncertainty-lung-segmentation/data/pseudo_labels/teacher_tta_confidence/radiopaedia_10_slice_0239.npy,/kaggle/working/scribble-uncertainty-lung-segmentation/outputs/predictions/teacher_tta_probabilities/radiopaedia_10_slice_0239.npy,0.05,0,0,65536,0,0,1.0,False
radiopaedia_10,240,/kaggle/working/scribble-uncertainty-lung-segmentation/data/pseudo_labels/teacher_tta_labels/radiopaedia_10_slice_0240.npy,/kaggle/working/scribble-uncertainty-lung-segmentation/data/pseudo_labels/teacher_tta_confidence/radiopaedia_10_slice_0240.npy,/kaggle/working/scribble-uncertainty-lung-segmentation/outputs/predictions/teacher_tta_probabilities/radiopaedia_10_slice_0240.npy,0.05,0,0,65536,0,0,1.0,False
radiopaedia_10,241,/kaggle/working/scribble-uncertainty-lung-segmentation/data/pseudo_labels/teacher_tta_labels/radiopaedia_10_slice_0241.npy,/kaggle/working/scribble-uncertainty-lung-segmentation/data/pseudo_labels/teacher_tta_confidence/radiopaedia_10_slice_0241.npy,/kaggle/working/scribble-uncertainty-lung-segmentation/outputs/predictions/teacher_tta_probabilities/radiopaedia_10_slice_0241.npy,0.05,0,0,65536,0,0,1.0,False
radiopaedia_10,242,/kaggle/working/scribble-uncertainty-lung-segmentation/data/pseudo_labels/teacher_tta_labels/radiopaedia_10_slice_0242.npy,/kaggle/working/scribble-uncertainty-lung-segmentation/data/pseudo_labels/teacher_tta_confidence/radiopaedia_10_slice_0242.npy,/kaggle/working/scribble-uncertainty-lung-segmentation/outputs/predictions/teacher_tta_probabilities/radiopaedia_10_slice_0242.npy,0.05,0,0,65536,0,0,1.0,False
radiopaedia_10,243,/kaggle/working/scribble-uncertainty-lung-segmentation/data/pseudo_labels/teacher_tta_labels/radiopaedia_10_slice_0243.npy,/kaggle/working/scribble-uncertainty-lung-segmentation/data/pseudo_labels/teacher_tta_confidence/radiopaedia_10_slice_0243.npy,/kaggle/working/scribble-uncertainty-lung-segmentation/outputs/predictions/teacher_tta_probabilities/radiopaedia_10_slice_0243.npy,0.05,0,0,65536,0,0,1.0,False
radiopaedia_10,244,/kaggle/working/scribble-uncertainty-lung-segmentation/data/pseudo_labels/teacher_tta_labels/radiopaedia_10_slice_0244.npy,/kaggle/working/scribble-uncertainty-lung-segmentation/data/pseudo_labels/teacher_tta_confidence/radiopaedia_10_slice_0244.npy,/kaggle/working/scribble-uncertainty-lung-segmentation/outputs/predictions/teacher_tta_probabilities/radiopaedia_10_slice_0244.npy,0.05,0,0,65536,0,0,1.0,False
radiopaedia_10,245,/kaggle/working/scribble-uncertainty-lung-segmentation/data/pseudo_labels/teacher_tta_labels/radiopaedia_10_slice_0245.npy,/kaggle/working/scribble-uncertainty-lung-segmentation/data/pseudo_labels/teacher_tta_confidence/radiopaedia_10_slice_0245.npy,/kaggle/working/scribble-uncertainty-lung-segmentation/outputs/predictions/teacher_tta_probabilities/radiopaedia_10_slice_0245.npy,0.05,0,0,65536,0,0,1.0,False
radiopaedia_10,246,/kaggle/working/scribble-uncertainty-lung-segmentation/data/pseudo_labels/teacher_tta_labels/radiopaedia_10_slice_0246.npy,/kaggle/working/scribble-uncertainty-lung-segmentation/data/pseudo_labels/teacher_tta_confidence/radiopaedia_10_slice_0246.npy,/kaggle/working/scribble-uncertainty-lung-segmentation/outputs/predictions/teacher_tta_probabilities/radiopaedia_10_slice_0246.npy,0.05,0,0,65536,0,0,1.0,False
radiopaedia_10,247,/kaggle/working/scribble-uncertainty-lung-segmentation/data/pseudo_labels/teacher_tta_labels/radiopaedia_10_slice_0247.npy,/kaggle/working/scribble-uncertainty-lung-segmentation/data/pseudo_labels/teacher_tta_confidence/radiopaedia_10_slice_0247.npy,/kaggle/working/scribble-uncertainty-lung-segmentation/outputs/predictions/teacher_tta_probabilities/radiopaedia_10_slice_0247.npy,0.05,0,0,65536,0,0,1.0,False
radiopaedia_10,248,/kaggle/working/scribble-uncertainty-lung-segmentation/data/pseudo_labels/teacher_tta_labels/radiopaedia_10_slice_0248.npy,/kaggle/working/scribble-uncertainty-lung-segmentation/data/pseudo_labels/teacher_tta_confidence/radiopaedia_10_slice_0248.npy,/kaggle/working/scribble-uncertainty-lung-segmentation/outputs/predictions/teacher_tta_probabilities/radiopaedia_10_slice_0248.npy,0.05,0,0,65536,0,0,1.0,False
radiopaedia_10,249,/kaggle/working/scribble-uncertainty-lung-segmentation/data/pseudo_labels/teacher_tta_labels/radiopaedia_10_slice_0249.npy,/kaggle/working/scribble-uncertainty-lung-segmentation/data/pseudo_labels/teacher_tta_confidence/radiopaedia_10_slice_0249.npy,/kaggle/working/scribble-uncertainty-lung-segmentation/outputs/predictions/teacher_tta_probabilities/radiopaedia_10_slice_0249.npy,0.05,0,0,65536,0,0,1.0,False
radiopaedia_10,250,/kaggle/working/scribble-uncertainty-lung-segmentation/data/pseudo_labels/teacher_tta_labels/radiopaedia_10_slice_0250.npy,/kaggle/working/scribble-uncertainty-lung-segmentation/data/pseudo_labels/teacher_tta_confidence/radiopaedia_10_slice_0250.npy,/kaggle/working/scribble-uncertainty-lung-segmentation/outputs/predictions/teacher_tta_probabilities/radiopaedia_10_slice_0250.npy,0.05,0,0,65536,0,0,1.0,False
radiopaedia_10,251,/kaggle/working/scribble-uncertainty-lung-segmentation/data/pseudo_labels/teacher_tta_labels/radiopaedia_10_slice_0251.npy,/kaggle/working/scribble-uncertainty-lung-segmentation/data/pseudo_labels/teacher_tta_confidence/radiopaedia_10_slice_0251.npy,/kaggle/working/scribble-uncertainty-lung-segmentation/outputs/predictions/teacher_tta_probabilities/radiopaedia_10_slice_0251.npy,0.05,0,0,65536,0,0,1.0,False
radiopaedia_10,252,/kaggle/working/scribble-uncertainty-lung-segmentation/data/pseudo_labels/teacher_tta_labels/radiopaedia_10_slice_0252.npy,/kaggle/working/scribble-uncertainty-lung-segmentation/data/pseudo_labels/teacher_tta_confidence/radiopaedia_10_slice_0252.npy,/kaggle/working/scribble-uncertainty-lung-segmentation/outputs/predictions/teacher_tta_probabilities/radiopaedia_10_slice_0252.npy,0.05,0,0,65536,0,0,1.0,False
radiopaedia_10,253,/kaggle/working/scribble-uncertainty-lung-segmentation/data/pseudo_labels/teacher_tta_labels/radiopaedia_10_slice_0253.npy,/kaggle/working/scribble-uncertainty-lung-segmentation/data/pseudo_labels/teacher_tta_confidence/radiopaedia_10_slice_0253.npy,/kaggle/working/scribble-uncertainty-lung-segmentation/outputs/predictions/teacher_tta_probabilities/radiopaedia_10_slice_0253.npy,0.05,0,0,65536,0,0,1.0,False
radiopaedia_10,254,/kaggle/working/scribble-uncertainty-lung-segmentation/data/pseudo_labels/teacher_tta_labels/radiopaedia_10_slice_0254.npy,/kaggle/working/scribble-uncertainty-lung-segmentation/data/pseudo_labels/teacher_tta_confidence/radiopaedia_10_slice_0254.npy,/kaggle/working/scribble-uncertainty-lung-segmentation/outputs/predictions/teacher_tta_probabilities/radiopaedia_10_slice_0254.npy,0.05,0,0,65536,0,0,1.0,False
radiopaedia_10,255,/kaggle/working/scribble-uncertainty-lung-segmentation/data/pseudo_labels/teacher_tta_labels/radiopaedia_10_slice_0255.npy,/kaggle/working/scribble-uncertainty-lung-segmentation/data/pseudo_labels/teacher_tta_confidence/radiopaedia_10_slice_0255.npy,/kaggle/working/scribble-uncertainty-lung-segmentation/outputs/predictions/teacher_tta_probabilities/radiopaedia_10_slice_0255.npy,0.05,0,0,65536,0,0,1.0,False
radiopaedia_10,256,/kaggle/working/scribble-uncertainty-lung-segmentation/data/pseudo_labels/teacher_tta_labels/radiopaedia_10_slice_0256.npy,/kaggle/working/scribble-uncertainty-lung-segmentation/data/pseudo_labels/teacher_tta_confidence/radiopaedia_10_slice_0256.npy,/kaggle/working/scribble-uncertainty-lung-segmentation/outputs/predictions/teacher_tta_probabilities/radiopaedia_10_slice_0256.npy,0.05,0,0,65536,0,0,1.0,False
radiopaedia_10,257,/kaggle/working/scribble-uncertainty-lung-segmentation/data/pseudo_labels/teacher_tta_labels/radiopaedia_10_slice_0257.npy,/kaggle/working/scribble-uncertainty-lung-segmentation/data/pseudo_labels/teacher_tta_confidence/radiopaedia_10_slice_0257.npy,/kaggle/working/scribble-uncertainty-lung-segmentation/outputs/predictions/teacher_tta_probabilities/radiopaedia_10_slice_0257.npy,0.05,0,0,65536,0,0,1.0,False
radiopaedia_10,258,/kaggle/working/scribble-uncertainty-lung-segmentation/data/pseudo_labels/teacher_tta_labels/radiopaedia_10_slice_0258.npy,/kaggle/working/scribble-uncertainty-lung-segmentation/data/pseudo_labels/teacher_tta_confidence/radiopaedia_10_slice_0258.npy,/kaggle/working/scribble-uncertainty-lung-segmentation/outputs/predictions/teacher_tta_probabilities/radiopaedia_10_slice_0258.npy,0.05,0,0,65536,0,0,1.0,False
radiopaedia_10,259,/kaggle/working/scribble-uncertainty-lung-segmentation/data/pseudo_labels/teacher_tta_labels/radiopaedia_10_slice_0259.npy,/kaggle/working/scribble-uncertainty-lung-segmentation/data/pseudo_labels/teacher_tta_confidence/radiopaedia_10_slice_0259.npy,/kaggle/working/scribble-uncertainty-lung-segmentation/outputs/predictions/teacher_tta_probabilities/radiopaedia_10_slice_0259.npy,0.05,0,0,65536,0,0,1.0,False
radiopaedia_10,260,/kaggle/working/scribble-uncertainty-lung-segmentation/data/pseudo_labels/teacher_tta_labels/radiopaedia_10_slice_0260.npy,/kaggle/working/scribble-uncertainty-lung-segmentation/data/pseudo_labels/teacher_tta_confidence/radiopaedia_10_slice_0260.npy,/kaggle/working/scribble-uncertainty-lung-segmentation/outputs/predictions/teacher_tta_probabilities/radiopaedia_10_slice_0260.npy,0.05,0,0,65536,0,0,1.0,False
radiopaedia_10,261,/kaggle/working/scribble-uncertainty-lung-segmentation/data/pseudo_labels/teacher_tta_labels/radiopaedia_10_slice_0261.npy,/kaggle/working/scribble-uncertainty-lung-segmentation/data/pseudo_labels/teacher_tta_confidence/radiopaedia_10_slice_0261.npy,/kaggle/working/scribble-uncertainty-lung-segmentation/outputs/predictions/teacher_tta_probabilities/radiopaedia_10_slice_0261.npy,0.05,0,0,65536,0,0,1.0,False
radiopaedia_10,262,/kaggle/working/scribble-uncertainty-lung-segmentation/data/pseudo_labels/teacher_tta_labels/radiopaedia_10_slice_0262.npy,/kaggle/working/scribble-uncertainty-lung-segmentation/data/pseudo_labels/teacher_tta_confidence/radiopaedia_10_slice_0262.npy,/kaggle/working/scribble-uncertainty-lung-segmentation/outputs/predictions/teacher_tta_probabilities/radiopaedia_10_slice_0262.npy,0.05,0,0,65536,0,0,1.0,False
radiopaedia_10,263,/kaggle/working/scribble-uncertainty-lung-segmentation/data/pseudo_labels/teacher_tta_labels/radiopaedia_10_slice_0263.npy,/kaggle/working/scribble-uncertainty-lung-segmentation/data/pseudo_labels/teacher_tta_confidence/radiopaedia_10_slice_0263.npy,/kaggle/working/scribble-uncertainty-lung-segmentation/outputs/predictions/teacher_tta_probabilities/radiopaedia_10_slice_0263.npy,0.05,0,0,65536,0,0,1.0,False
radiopaedia_10,264,/kaggle/working/scribble-uncertainty-lung-segmentation/data/pseudo_labels/teacher_tta_labels/radiopaedia_10_slice_0264.npy,/kaggle/working/scribble-uncertainty-lung-segmentation/data/pseudo_labels/teacher_tta_confidence/radiopaedia_10_slice_0264.npy,/kaggle/working/scribble-uncertainty-lung-segmentation/outputs/predictions/teacher_tta_probabilities/radiopaedia_10_slice_0264.npy,0.05,0,0,65536,0,0,1.0,False
radiopaedia_10,265,/kaggle/working/scribble-uncertainty-lung-segmentation/data/pseudo_labels/teacher_tta_labels/radiopaedia_10_slice_0265.npy,/kaggle/working/scribble-uncertainty-lung-segmentation/data/pseudo_labels/teacher_tta_confidence/radiopaedia_10_slice_0265.npy,/kaggle/working/scribble-uncertainty-lung-segmentation/outputs/predictions/teacher_tta_probabilities/radiopaedia_10_slice_0265.npy,0.05,0,0,65536,0,0,1.0,False
radiopaedia_10,266,/kaggle/working/scribble-uncertainty-lung-segmentation/data/pseudo_labels/teacher_tta_labels/radiopaedia_10_slice_0266.npy,/kaggle/working/scribble-uncertainty-lung-segmentation/data/pseudo_labels/teacher_tta_confidence/radiopaedia_10_slice_0266.npy,/kaggle/working/scribble-uncertainty-lung-segmentation/outputs/predictions/teacher_tta_probabilities/radiopaedia_10_slice_0266.npy,0.05,0,0,65536,0,0,1.0,False
radiopaedia_10,267,/kaggle/working/scribble-uncertainty-lung-segmentation/data/pseudo_labels/teacher_tta_labels/radiopaedia_10_slice_0267.npy,/kaggle/working/scribble-uncertainty-lung-segmentation/data/pseudo_labels/teacher_tta_confidence/radiopaedia_10_slice_0267.npy,/kaggle/working/scribble-uncertainty-lung-segmentation/outputs/predictions/teacher_tta_probabilities/radiopaedia_10_slice_0267.npy,0.05,0,0,65536,0,0,1.0,False
radiopaedia_10,268,/kaggle/working/scribble-uncertainty-lung-segmentation/data/pseudo_labels/teacher_tta_labels/radiopaedia_10_slice_0268.npy,/kaggle/working/scribble-uncertainty-lung-segmentation/data/pseudo_labels/teacher_tta_confidence/radiopaedia_10_slice_0268.npy,/kaggle/working/scribble-uncertainty-lung-segmentation/outputs/predictions/teacher_tta_probabilities/radiopaedia_10_slice_0268.npy,0.05,0,0,65536,0,0,1.0,False
radiopaedia_10,269,/kaggle/working/scribble-uncertainty-lung-segmentation/data/pseudo_labels/teacher_tta_labels/radiopaedia_10_slice_0269.npy,/kaggle/working/scribble-uncertainty-lung-segmentation/data/pseudo_labels/teacher_tta_confidence/radiopaedia_10_slice_0269.npy,/kaggle/working/scribble-uncertainty-lung-segmentation/outputs/predictions/teacher_tta_probabilities/radiopaedia_10_slice_0269.npy,0.05,0,0,65536,0,0,1.0,False
radiopaedia_10,270,/kaggle/working/scribble-uncertainty-lung-segmentation/data/pseudo_labels/teacher_tta_labels/radiopaedia_10_slice_0270.npy,/kaggle/working/scribble-uncertainty-lung-segmentation/data/pseudo_labels/teacher_tta_confidence/radiopaedia_10_slice_0270.npy,/kaggle/working/scribble-uncertainty-lung-segmentation/outputs/predictions/teacher_tta_probabilities/radiopaedia_10_slice_0270.npy,0.05,0,0,65536,0,0,1.0,False
radiopaedia_10,271,/kaggle/working/scribble-uncertainty-lung-segmentation/data/pseudo_labels/teacher_tta_labels/radiopaedia_10_slice_0271.npy,/kaggle/working/scribble-uncertainty-lung-segmentation/data/pseudo_labels/teacher_tta_confidence/radiopaedia_10_slice_0271.npy,/kaggle/working/scribble-uncertainty-lung-segmentation/outputs/predictions/teacher_tta_probabilities/radiopaedia_10_slice_0271.npy,0.05,0,0,65536,0,0,1.0,False
radiopaedia_10,272,/kaggle/working/scribble-uncertainty-lung-segmentation/data/pseudo_labels/teacher_tta_labels/radiopaedia_10_slice_0272.npy,/kaggle/working/scribble-uncertainty-lung-segmentation/data/pseudo_labels/teacher_tta_confidence/radiopaedia_10_slice_0272.npy,/kaggle/working/scribble-uncertainty-lung-segmentation/outputs/predictions/teacher_tta_probabilities/radiopaedia_10_slice_0272.npy,0.05,0,0,65536,0,0,1.0,False
radiopaedia_10,273,/kaggle/working/scribble-uncertainty-lung-segmentation/data/pseudo_labels/teacher_tta_labels/radiopaedia_10_slice_0273.npy,/kaggle/working/scribble-uncertainty-lung-segmentation/data/pseudo_labels/teacher_tta_confidence/radiopaedia_10_slice_0273.npy,/kaggle/working/scribble-uncertainty-lung-segmentation/outputs/predictions/teacher_tta_probabilities/radiopaedia_10_slice_0273.npy,0.05,0,0,65536,0,0,1.0,False
radiopaedia_10,274,/kaggle/working/scribble-uncertainty-lung-segmentation/data/pseudo_labels/teacher_tta_labels/radiopaedia_10_slice_0274.npy,/kaggle/working/scribble-uncertainty-lung-segmentation/data/pseudo_labels/teacher_tta_confidence/radiopaedia_10_slice_0274.npy,/kaggle/working/scribble-uncertainty-lung-segmentation/outputs/predictions/teacher_tta_probabilities/radiopaedia_10_slice_0274.npy,0.05,0,0,65536,0,0,1.0,False
radiopaedia_10,275,/kaggle/working/scribble-uncertainty-lung-segmentation/data/pseudo_labels/teacher_tta_labels/radiopaedia_10_slice_0275.npy,/kaggle/working/scribble-uncertainty-lung-segmentation/data/pseudo_labels/teacher_tta_confidence/radiopaedia_10_slice_0275.npy,/kaggle/working/scribble-uncertainty-lung-segmentation/outputs/predictions/teacher_tta_probabilities/radiopaedia_10_slice_0275.npy,0.05,0,0,65536,0,0,1.0,False
radiopaedia_10,276,/kaggle/working/scribble-uncertainty-lung-segmentation/data/pseudo_labels/teacher_tta_labels/radiopaedia_10_slice_0276.npy,/kaggle/working/scribble-uncertainty-lung-segmentation/data/pseudo_labels/teacher_tta_confidence/radiopaedia_10_slice_0276.npy,/kaggle/working/scribble-uncertainty-lung-segmentation/outputs/predictions/teacher_tta_probabilities/radiopaedia_10_slice_0276.npy,0.05,0,0,65536,0,0,1.0,False
radiopaedia_10,277,/kaggle/working/scribble-uncertainty-lung-segmentation/data/pseudo_labels/teacher_tta_labels/radiopaedia_10_slice_0277.npy,/kaggle/working/scribble-uncertainty-lung-segmentation/data/pseudo_labels/teacher_tta_confidence/radiopaedia_10_slice_0277.npy,/kaggle/working/scribble-uncertainty-lung-segmentation/outputs/predictions/teacher_tta_probabilities/radiopaedia_10_slice_0277.npy,0.05,0,0,65536,0,0,1.0,False
radiopaedia_10,278,/kaggle/working/scribble-uncertainty-lung-segmentation/data/pseudo_labels/teacher_tta_labels/radiopaedia_10_slice_0278.npy,/kaggle/working/scribble-uncertainty-lung-segmentation/data/pseudo_labels/teacher_tta_confidence/radiopaedia_10_slice_0278.npy,/kaggle/working/scribble-uncertainty-lung-segmentation/outputs/predictions/teacher_tta_probabilities/radiopaedia_10_slice_0278.npy,0.05,0,0,65536,0,0,1.0,False
radiopaedia_10,279,/kaggle/working/scribble-uncertainty-lung-segmentation/data/pseudo_labels/teacher_tta_labels/radiopaedia_10_slice_0279.npy,/kaggle/working/scribble-uncertainty-lung-segmentation/data/pseudo_labels/teacher_tta_confidence/radiopaedia_10_slice_0279.npy,/kaggle/working/scribble-uncertainty-lung-segmentation/outputs/predictions/teacher_tta_probabilities/radiopaedia_10_slice_0279.npy,0.05,0,0,65536,0,0,1.0,False
radiopaedia_10,280,/kaggle/working/scribble-uncertainty-lung-segmentation/data/pseudo_labels/teacher_tta_labels/radiopaedia_10_slice_0280.npy,/kaggle/working/scribble-uncertainty-lung-segmentation/data/pseudo_labels/teacher_tta_confidence/radiopaedia_10_slice_0280.npy,/kaggle/working/scribble-uncertainty-lung-segmentation/outputs/predictions/teacher_tta_probabilities/radiopaedia_10_slice_0280.npy,0.05,0,0,65536,0,0,1.0,False
radiopaedia_10,281,/kaggle/working/scribble-uncertainty-lung-segmentation/data/pseudo_labels/teacher_tta_labels/radiopaedia_10_slice_0281.npy,/kaggle/working/scribble-uncertainty-lung-segmentation/data/pseudo_labels/teacher_tta_confidence/radiopaedia_10_slice_0281.npy,/kaggle/working/scribble-uncertainty-lung-segmentation/outputs/predictions/teacher_tta_probabilities/radiopaedia_10_slice_0281.npy,0.05,0,0,65536,0,0,1.0,False
radiopaedia_10,282,/kaggle/working/scribble-uncertainty-lung-segmentation/data/pseudo_labels/teacher_tta_labels/radiopaedia_10_slice_0282.npy,/kaggle/working/scribble-uncertainty-lung-segmentation/data/pseudo_labels/teacher_tta_confidence/radiopaedia_10_slice_0282.npy,/kaggle/working/scribble-uncertainty-lung-segmentation/outputs/predictions/teacher_tta_probabilities/radiopaedia_10_slice_0282.npy,0.05,0,0,65536,0,0,1.0,False
radiopaedia_10,283,/kaggle/working/scribble-uncertainty-lung-segmentation/data/pseudo_labels/teacher_tta_labels/radiopaedia_10_slice_0283.npy,/kaggle/working/scribble-uncertainty-lung-segmentation/data/pseudo_labels/teacher_tta_confidence/radiopaedia_10_slice_0283.npy,/kaggle/working/scribble-uncertainty-lung-segmentation/outputs/predictions/teacher_tta_probabilities/radiopaedia_10_slice_0283.npy,0.05,0,0,65536,0,0,1.0,False
radiopaedia_10,284,/kaggle/working/scribble-uncertainty-lung-segmentation/data/pseudo_labels/teacher_tta_labels/radiopaedia_10_slice_0284.npy,/kaggle/working/scribble-uncertainty-lung-segmentation/data/pseudo_labels/teacher_tta_confidence/radiopaedia_10_slice_0284.npy,/kaggle/working/scribble-uncertainty-lung-segmentation/outputs/predictions/teacher_tta_probabilities/radiopaedia_10_slice_0284.npy,0.05,0,0,65536,0,0,1.0,False
radiopaedia_10,285,/kaggle/working/scribble-uncertainty-lung-segmentation/data/pseudo_labels/teacher_tta_labels/radiopaedia_10_slice_0285.npy,/kaggle/working/scribble-uncertainty-lung-segmentation/data/pseudo_labels/teacher_tta_confidence/radiopaedia_10_slice_0285.npy,/kaggle/working/scribble-uncertainty-lung-segmentation/outputs/predictions/teacher_tta_probabilities/radiopaedia_10_slice_0285.npy,0.05,0,0,65536,0,0,1.0,False
radiopaedia_10,286,/kaggle/working/scribble-uncertainty-lung-segmentation/data/pseudo_labels/teacher_tta_labels/radiopaedia_10_slice_0286.npy,/kaggle/working/scribble-uncertainty-lung-segmentation/data/pseudo_labels/teacher_tta_confidence/radiopaedia_10_slice_0286.npy,/kaggle/working/scribble-uncertainty-lung-segmentation/outputs/predictions/teacher_tta_probabilities/radiopaedia_10_slice_0286.npy,0.05,0,0,65536,0,0,1.0,False
radiopaedia_10,287,/kaggle/working/scribble-uncertainty-lung-segmentation/data/pseudo_labels/teacher_tta_labels/radiopaedia_10_slice_0287.npy,/kaggle/working/scribble-uncertainty-lung-segmentation/data/pseudo_labels/teacher_tta_confidence/radiopaedia_10_slice_0287.npy,/kaggle/working/scribble-uncertainty-lung-segmentation/outputs/predictions/teacher_tta_probabilities/radiopaedia_10_slice_0287.npy,0.05,0,0,65536,0,0,1.0,False
radiopaedia_10,288,/kaggle/working/scribble-uncertainty-lung-segmentation/data/pseudo_labels/teacher_tta_labels/radiopaedia_10_slice_0288.npy,/kaggle/working/scribble-uncertainty-lung-segmentation/data/pseudo_labels/teacher_tta_confidence/radiopaedia_10_slice_0288.npy,/kaggle/working/scribble-uncertainty-lung-segmentation/outputs/predictions/teacher_tta_probabilities/radiopaedia_10_slice_0288.npy,0.05,0,0,65536,0,0,1.0,False
radiopaedia_10,289,/kaggle/working/scribble-uncertainty-lung-segmentation/data/pseudo_labels/teacher_tta_labels/radiopaedia_10_slice_0289.npy,/kaggle/working/scribble-uncertainty-lung-segmentation/data/pseudo_labels/teacher_tta_confidence/radiopaedia_10_slice_0289.npy,/kaggle/working/scribble-uncertainty-lung-segmentation/outputs/predictions/teacher_tta_probabilities/radiopaedia_10_slice_0289.npy,0.05,0,0,65536,0,0,1.0,False
radiopaedia_10,290,/kaggle/working/scribble-uncertainty-lung-segmentation/data/pseudo_labels/teacher_tta_labels/radiopaedia_10_slice_0290.npy,/kaggle/working/scribble-uncertainty-lung-segmentation/data/pseudo_labels/teacher_tta_confidence/radiopaedia_10_slice_0290.npy,/kaggle/working/scribble-uncertainty-lung-segmentation/outputs/predictions/teacher_tta_probabilities/radiopaedia_10_slice_0290.npy,0.05,0,0,65536,0,0,1.0,False
radiopaedia_10,291,/kaggle/working/scribble-uncertainty-lung-segmentation/data/pseudo_labels/teacher_tta_labels/radiopaedia_10_slice_0291.npy,/kaggle/working/scribble-uncertainty-lung-segmentation/data/pseudo_labels/teacher_tta_confidence/radiopaedia_10_slice_0291.npy,/kaggle/working/scribble-uncertainty-lung-segmentation/outputs/predictions/teacher_tta_probabilities/radiopaedia_10_slice_0291.npy,0.05,0,0,65536,0,0,1.0,False
radiopaedia_10,292,/kaggle/working/scribble-uncertainty-lung-segmentation/data/pseudo_labels/teacher_tta_labels/radiopaedia_10_slice_0292.npy,/kaggle/working/scribble-uncertainty-lung-segmentation/data/pseudo_labels/teacher_tta_confidence/radiopaedia_10_slice_0292.npy,/kaggle/working/scribble-uncertainty-lung-segmentation/outputs/predictions/teacher_tta_probabilities/radiopaedia_10_slice_0292.npy,0.05,0,0,65536,0,0,1.0,False
radiopaedia_10,293,/kaggle/working/scribble-uncertainty-lung-segmentation/data/pseudo_labels/teacher_tta_labels/radiopaedia_10_slice_0293.npy,/kaggle/working/scribble-uncertainty-lung-segmentation/data/pseudo_labels/teacher_tta_confidence/radiopaedia_10_slice_0293.npy,/kaggle/working/scribble-uncertainty-lung-segmentation/outputs/predictions/teacher_tta_probabilities/radiopaedia_10_slice_0293.npy,0.05,0,0,65536,0,0,1.0,False
radiopaedia_10,294,/kaggle/working/scribble-uncertainty-lung-segmentation/data/pseudo_labels/teacher_tta_labels/radiopaedia_10_slice_0294.npy,/kaggle/working/scribble-uncertainty-lung-segmentation/data/pseudo_labels/teacher_tta_confidence/radiopaedia_10_slice_0294.npy,/kaggle/working/scribble-uncertainty-lung-segmentation/outputs/predictions/teacher_tta_probabilities/radiopaedia_10_slice_0294.npy,0.05,0,0,65536,0,0,1.0,False
radiopaedia_10,295,/kaggle/working/scribble-uncertainty-lung-segmentation/data/pseudo_labels/teacher_tta_labels/radiopaedia_10_slice_0295.npy,/kaggle/working/scribble-uncertainty-lung-segmentation/data/pseudo_labels/teacher_tta_confidence/radiopaedia_10_slice_0295.npy,/kaggle/working/scribble-uncertainty-lung-segmentation/outputs/predictions/teacher_tta_probabilities/radiopaedia_10_slice_0295.npy,0.05,0,0,65536,0,0,1.0,False
radiopaedia_10,296,/kaggle/working/scribble-uncertainty-lung-segmentation/data/pseudo_labels/teacher_tta_labels/radiopaedia_10_slice_0296.npy,/kaggle/working/scribble-uncertainty-lung-segmentation/data/pseudo_labels/teacher_tta_confidence/radiopaedia_10_slice_0296.npy,/kaggle/working/scribble-uncertainty-lung-segmentation/outputs/predictions/teacher_tta_probabilities/radiopaedia_10_slice_0296.npy,0.05,0,0,65536,0,0,1.0,False
radiopaedia_10,297,/kaggle/working/scribble-uncertainty-lung-segmentation/data/pseudo_labels/teacher_tta_labels/radiopaedia_10_slice_0297.npy,/kaggle/working/scribble-uncertainty-lung-segmentation/data/pseudo_labels/teacher_tta_confidence/radiopaedia_10_slice_0297.npy,/kaggle/working/scribble-uncertainty-lung-segmentation/outputs/predictions/teacher_tta_probabilities/radiopaedia_10_slice_0297.npy,0.05,0,0,65536,0,0,1.0,False
radiopaedia_10,298,/kaggle/working/scribble-uncertainty-lung-segmentation/data/pseudo_labels/teacher_tta_labels/radiopaedia_10_slice_0298.npy,/kaggle/working/scribble-uncertainty-lung-segmentation/data/pseudo_labels/teacher_tta_confidence/radiopaedia_10_slice_0298.npy,/kaggle/working/scribble-uncertainty-lung-segmentation/outputs/predictions/teacher_tta_probabilities/radiopaedia_10_slice_0298.npy,0.05,0,0,65536,0,0,1.0,False
radiopaedia_10,299,/kaggle/working/scribble-uncertainty-lung-segmentation/data/pseudo_labels/teacher_tta_labels/radiopaedia_10_slice_0299.npy,/kaggle/working/scribble-uncertainty-lung-segmentation/data/pseudo_labels/teacher_tta_confidence/radiopaedia_10_slice_0299.npy,/kaggle/working/scribble-uncertainty-lung-segmentation/outputs/predictions/teacher_tta_probabilities/radiopaedia_10_slice_0299.npy,0.05,0,0,65536,0,0,1.0,False
radiopaedia_10,300,/kaggle/working/scribble-uncertainty-lung-segmentation/data/pseudo_labels/teacher_tta_labels/radiopaedia_10_slice_0300.npy,/kaggle/working/scribble-uncertainty-lung-segmentation/data/pseudo_labels/teacher_tta_confidence/radiopaedia_10_slice_0300.npy,/kaggle/working/scribble-uncertainty-lung-segmentation/outputs/predictions/teacher_tta_probabilities/radiopaedia_10_slice_0300.npy,0.05,0,0,65536,0,0,1.0,False
radiopaedia_10,301,/kaggle/working/scribble-uncertainty-lung-segmentation/data/pseudo_labels/teacher_tta_labels/radiopaedia_10_slice_0301.npy,/kaggle/working/scribble-uncertainty-lung-segmentation/data/pseudo_labels/teacher_tta_confidence/radiopaedia_10_slice_0301.npy,/kaggle/working/scribble-uncertainty-lung-segmentation/outputs/predictions/teacher_tta_probabilities/radiopaedia_10_slice_0301.npy,0.05,0,0,65536,0,0,1.0,False
radiopaedia_10,302,/kaggle/working/scribble-uncertainty-lung-segmentation/data/pseudo_labels/teacher_tta_labels/radiopaedia_10_slice_0302.npy,/kaggle/working/scribble-uncertainty-lung-segmentation/data/pseudo_labels/teacher_tta_confidence/radiopaedia_10_slice_0302.npy,/kaggle/working/scribble-uncertainty-lung-segmentation/outputs/predictions/teacher_tta_probabilities/radiopaedia_10_slice_0302.npy,0.05,0,0,65536,0,0,1.0,False
radiopaedia_10,303,/kaggle/working/scribble-uncertainty-lung-segmentation/data/pseudo_labels/teacher_tta_labels/radiopaedia_10_slice_0303.npy,/kaggle/working/scribble-uncertainty-lung-segmentation/data/pseudo_labels/teacher_tta_confidence/radiopaedia_10_slice_0303.npy,/kaggle/working/scribble-uncertainty-lung-segmentation/outputs/predictions/teacher_tta_probabilities/radiopaedia_10_slice_0303.npy,0.05,0,0,65536,0,0,1.0,False
radiopaedia_10,304,/kaggle/working/scribble-uncertainty-lung-segmentation/data/pseudo_labels/teacher_tta_labels/radiopaedia_10_slice_0304.npy,/kaggle/working/scribble-uncertainty-lung-segmentation/data/pseudo_labels/teacher_tta_confidence/radiopaedia_10_slice_0304.npy,/kaggle/working/scribble-uncertainty-lung-segmentation/outputs/predictions/teacher_tta_probabilities/radiopaedia_10_slice_0304.npy,0.05,0,0,65536,0,0,1.0,False
radiopaedia_10,305,/kaggle/working/scribble-uncertainty-lung-segmentation/data/pseudo_labels/teacher_tta_labels/radiopaedia_10_slice_0305.npy,/kaggle/working/scribble-uncertainty-lung-segmentation/data/pseudo_labels/teacher_tta_confidence/radiopaedia_10_slice_0305.npy,/kaggle/working/scribble-uncertainty-lung-segmentation/outputs/predictions/teacher_tta_probabilities/radiopaedia_10_slice_0305.npy,0.05,0,0,65536,0,0,1.0,False
radiopaedia_10,306,/kaggle/working/scribble-uncertainty-lung-segmentation/data/pseudo_labels/teacher_tta_labels/radiopaedia_10_slice_0306.npy,/kaggle/working/scribble-uncertainty-lung-segmentation/data/pseudo_labels/teacher_tta_confidence/radiopaedia_10_slice_0306.npy,/kaggle/working/scribble-uncertainty-lung-segmentation/outputs/predictions/teacher_tta_probabilities/radiopaedia_10_slice_0306.npy,0.05,0,0,65536,0,0,1.0,False
radiopaedia_10,307,/kaggle/working/scribble-uncertainty-lung-segmentation/data/pseudo_labels/teacher_tta_labels/radiopaedia_10_slice_0307.npy,/kaggle/working/scribble-uncertainty-lung-segmentation/data/pseudo_labels/teacher_tta_confidence/radiopaedia_10_slice_0307.npy,/kaggle/working/scribble-uncertainty-lung-segmentation/outputs/predictions/teacher_tta_probabilities/radiopaedia_10_slice_0307.npy,0.05,0,0,65536,0,0,1.0,False
radiopaedia_10,308,/kaggle/working/scribble-uncertainty-lung-segmentation/data/pseudo_labels/teacher_tta_labels/radiopaedia_10_slice_0308.npy,/kaggle/working/scribble-uncertainty-lung-segmentation/data/pseudo_labels/teacher_tta_confidence/radiopaedia_10_slice_0308.npy,/kaggle/working/scribble-uncertainty-lung-segmentation/outputs/predictions/teacher_tta_probabilities/radiopaedia_10_slice_0308.npy,0.05,0,0,65536,0,0,1.0,False
radiopaedia_10,309,/kaggle/working/scribble-uncertainty-lung-segmentation/data/pseudo_labels/teacher_tta_labels/radiopaedia_10_slice_0309.npy,/kaggle/working/scribble-uncertainty-lung-segmentation/data/pseudo_labels/teacher_tta_confidence/radiopaedia_10_slice_0309.npy,/kaggle/working/scribble-uncertainty-lung-segmentation/outputs/predictions/teacher_tta_probabilities/radiopaedia_10_slice_0309.npy,0.05,0,0,65536,0,0,1.0,False
radiopaedia_10,310,/kaggle/working/scribble-uncertainty-lung-segmentation/data/pseudo_labels/teacher_tta_labels/radiopaedia_10_slice_0310.npy,/kaggle/working/scribble-uncertainty-lung-segmentation/data/pseudo_labels/teacher_tta_confidence/radiopaedia_10_slice_0310.npy,/kaggle/working/scribble-uncertainty-lung-segmentation/outputs/predictions/teacher_tta_probabilities/radiopaedia_10_slice_0310.npy,0.05,0,0,65536,0,0,1.0,False
radiopaedia_10,311,/kaggle/working/scribble-uncertainty-lung-segmentation/data/pseudo_labels/teacher_tta_labels/radiopaedia_10_slice_0311.npy,/kaggle/working/scribble-uncertainty-lung-segmentation/data/pseudo_labels/teacher_tta_confidence/radiopaedia_10_slice_0311.npy,/kaggle/working/scribble-uncertainty-lung-segmentation/outputs/predictions/teacher_tta_probabilities/radiopaedia_10_slice_0311.npy,0.05,0,0,65536,0,0,1.0,False
radiopaedia_10,312,/kaggle/working/scribble-uncertainty-lung-segmentation/data/pseudo_labels/teacher_tta_labels/radiopaedia_10_slice_0312.npy,/kaggle/working/scribble-uncertainty-lung-segmentation/data/pseudo_labels/teacher_tta_confidence/radiopaedia_10_slice_0312.npy,/kaggle/working/scribble-uncertainty-lung-segmentation/outputs/predictions/teacher_tta_probabilities/radiopaedia_10_slice_0312.npy,0.05,0,0,65536,0,0,1.0,False
radiopaedia_10,313,/kaggle/working/scribble-uncertainty-lung-segmentation/data/pseudo_labels/teacher_tta_labels/radiopaedia_10_slice_0313.npy,/kaggle/working/scribble-uncertainty-lung-segmentation/data/pseudo_labels/teacher_tta_confidence/radiopaedia_10_slice_0313.npy,/kaggle/working/scribble-uncertainty-lung-segmentation/outputs/predictions/teacher_tta_probabilities/radiopaedia_10_slice_0313.npy,0.05,0,0,65536,0,0,1.0,False
radiopaedia_10,314,/kaggle/working/scribble-uncertainty-lung-segmentation/data/pseudo_labels/teacher_tta_labels/radiopaedia_10_slice_0314.npy,/kaggle/working/scribble-uncertainty-lung-segmentation/data/pseudo_labels/teacher_tta_confidence/radiopaedia_10_slice_0314.npy,/kaggle/working/scribble-uncertainty-lung-segmentation/outputs/predictions/teacher_tta_probabilities/radiopaedia_10_slice_0314.npy,0.05,0,0,65536,0,0,1.0,False
radiopaedia_10,315,/kaggle/working/scribble-uncertainty-lung-segmentation/data/pseudo_labels/teacher_tta_labels/radiopaedia_10_slice_0315.npy,/kaggle/working/scribble-uncertainty-lung-segmentation/data/pseudo_labels/teacher_tta_confidence/radiopaedia_10_slice_0315.npy,/kaggle/working/scribble-uncertainty-lung-segmentation/outputs/predictions/teacher_tta_probabilities/radiopaedia_10_slice_0315.npy,0.05,0,0,65536,0,0,1.0,False
radiopaedia_10,316,/kaggle/working/scribble-uncertainty-lung-segmentation/data/pseudo_labels/teacher_tta_labels/radiopaedia_10_slice_0316.npy,/kaggle/working/scribble-uncertainty-lung-segmentation/data/pseudo_labels/teacher_tta_confidence/radiopaedia_10_slice_0316.npy,/kaggle/working/scribble-uncertainty-lung-segmentation/outputs/predictions/teacher_tta_probabilities/radiopaedia_10_slice_0316.npy,0.05,0,0,65536,0,0,1.0,False
radiopaedia_10,317,/kaggle/working/scribble-uncertainty-lung-segmentation/data/pseudo_labels/teacher_tta_labels/radiopaedia_10_slice_0317.npy,/kaggle/working/scribble-uncertainty-lung-segmentation/data/pseudo_labels/teacher_tta_confidence/radiopaedia_10_slice_0317.npy,/kaggle/working/scribble-uncertainty-lung-segmentation/outputs/predictions/teacher_tta_probabilities/radiopaedia_10_slice_0317.npy,0.05,0,0,65536,0,0,1.0,False
radiopaedia_10,318,/kaggle/working/scribble-uncertainty-lung-segmentation/data/pseudo_labels/teacher_tta_labels/radiopaedia_10_slice_0318.npy,/kaggle/working/scribble-uncertainty-lung-segmentation/data/pseudo_labels/teacher_tta_confidence/radiopaedia_10_slice_0318.npy,/kaggle/working/scribble-uncertainty-lung-segmentation/outputs/predictions/teacher_tta_probabilities/radiopaedia_10_slice_0318.npy,0.05,0,0,65536,0,0,1.0,False
radiopaedia_10,319,/kaggle/working/scribble-uncertainty-lung-segmentation/data/pseudo_labels/teacher_tta_labels/radiopaedia_10_slice_0319.npy,/kaggle/working/scribble-uncertainty-lung-segmentation/data/pseudo_labels/teacher_tta_confidence/radiopaedia_10_slice_0319.npy,/kaggle/working/scribble-uncertainty-lung-segmentation/outputs/predictions/teacher_tta_probabilities/radiopaedia_10_slice_0319.npy,0.05,0,0,65536,0,0,1.0,False
radiopaedia_10,320,/kaggle/working/scribble-uncertainty-lung-segmentation/data/pseudo_labels/teacher_tta_labels/radiopaedia_10_slice_0320.npy,/kaggle/working/scribble-uncertainty-lung-segmentation/data/pseudo_labels/teacher_tta_confidence/radiopaedia_10_slice_0320.npy,/kaggle/working/scribble-uncertainty-lung-segmentation/outputs/predictions/teacher_tta_probabilities/radiopaedia_10_slice_0320.npy,0.05,0,0,65536,0,0,1.0,False
radiopaedia_10,321,/kaggle/working/scribble-uncertainty-lung-segmentation/data/pseudo_labels/teacher_tta_labels/radiopaedia_10_slice_0321.npy,/kaggle/working/scribble-uncertainty-lung-segmentation/data/pseudo_labels/teacher_tta_confidence/radiopaedia_10_slice_0321.npy,/kaggle/working/scribble-uncertainty-lung-segmentation/outputs/predictions/teacher_tta_probabilities/radiopaedia_10_slice_0321.npy,0.05,0,0,65536,0,0,1.0,False
radiopaedia_10,322,/kaggle/working/scribble-uncertainty-lung-segmentation/data/pseudo_labels/teacher_tta_labels/radiopaedia_10_slice_0322.npy,/kaggle/working/scribble-uncertainty-lung-segmentation/data/pseudo_labels/teacher_tta_confidence/radiopaedia_10_slice_0322.npy,/kaggle/working/scribble-uncertainty-lung-segmentation/outputs/predictions/teacher_tta_probabilities/radiopaedia_10_slice_0322.npy,0.05,0,0,65536,0,0,1.0,False
radiopaedia_10,323,/kaggle/working/scribble-uncertainty-lung-segmentation/data/pseudo_labels/teacher_tta_labels/radiopaedia_10_slice_0323.npy,/kaggle/working/scribble-uncertainty-lung-segmentation/data/pseudo_labels/teacher_tta_confidence/radiopaedia_10_slice_0323.npy,/kaggle/working/scribble-uncertainty-lung-segmentation/outputs/predictions/teacher_tta_probabilities/radiopaedia_10_slice_0323.npy,0.05,0,0,65536,0,0,1.0,False
radiopaedia_10,324,/kaggle/working/scribble-uncertainty-lung-segmentation/data/pseudo_labels/teacher_tta_labels/radiopaedia_10_slice_0324.npy,/kaggle/working/scribble-uncertainty-lung-segmentation/data/pseudo_labels/teacher_tta_confidence/radiopaedia_10_slice_0324.npy,/kaggle/working/scribble-uncertainty-lung-segmentation/outputs/predictions/teacher_tta_probabilities/radiopaedia_10_slice_0324.npy,0.05,0,0,65536,0,0,1.0,False
radiopaedia_10,325,/kaggle/working/scribble-uncertainty-lung-segmentation/data/pseudo_labels/teacher_tta_labels/radiopaedia_10_slice_0325.npy,/kaggle/working/scribble-uncertainty-lung-segmentation/data/pseudo_labels/teacher_tta_confidence/radiopaedia_10_slice_0325.npy,/kaggle/working/scribble-uncertainty-lung-segmentation/outputs/predictions/teacher_tta_probabilities/radiopaedia_10_slice_0325.npy,0.05,0,0,65536,0,0,1.0,False
radiopaedia_10,326,/kaggle/working/scribble-uncertainty-lung-segmentation/data/pseudo_labels/teacher_tta_labels/radiopaedia_10_slice_0326.npy,/kaggle/working/scribble-uncertainty-lung-segmentation/data/pseudo_labels/teacher_tta_confidence/radiopaedia_10_slice_0326.npy,/kaggle/working/scribble-uncertainty-lung-segmentation/outputs/predictions/teacher_tta_probabilities/radiopaedia_10_slice_0326.npy,0.05,0,0,65536,0,0,1.0,False
radiopaedia_10,327,/kaggle/working/scribble-uncertainty-lung-segmentation/data/pseudo_labels/teacher_tta_labels/radiopaedia_10_slice_0327.npy,/kaggle/working/scribble-uncertainty-lung-segmentation/data/pseudo_labels/teacher_tta_confidence/radiopaedia_10_slice_0327.npy,/kaggle/working/scribble-uncertainty-lung-segmentation/outputs/predictions/teacher_tta_probabilities/radiopaedia_10_slice_0327.npy,0.05,0,0,65536,0,0,1.0,False
radiopaedia_10,328,/kaggle/working/scribble-uncertainty-lung-segmentation/data/pseudo_labels/teacher_tta_labels/radiopaedia_10_slice_0328.npy,/kaggle/working/scribble-uncertainty-lung-segmentation/data/pseudo_labels/teacher_tta_confidence/radiopaedia_10_slice_0328.npy,/kaggle/working/scribble-uncertainty-lung-segmentation/outputs/predictions/teacher_tta_probabilities/radiopaedia_10_slice_0328.npy,0.05,0,0,65536,0,0,1.0,False
radiopaedia_10,329,/kaggle/working/scribble-uncertainty-lung-segmentation/data/pseudo_labels/teacher_tta_labels/radiopaedia_10_slice_0329.npy,/kaggle/working/scribble-uncertainty-lung-segmentation/data/pseudo_labels/teacher_tta_confidence/radiopaedia_10_slice_0329.npy,/kaggle/working/scribble-uncertainty-lung-segmentation/outputs/predictions/teacher_tta_probabilities/radiopaedia_10_slice_0329.npy,0.05,0,0,65536,0,0,1.0,False
radiopaedia_10,330,/kaggle/working/scribble-uncertainty-lung-segmentation/data/pseudo_labels/teacher_tta_labels/radiopaedia_10_slice_0330.npy,/kaggle/working/scribble-uncertainty-lung-segmentation/data/pseudo_labels/teacher_tta_confidence/radiopaedia_10_slice_0330.npy,/kaggle/working/scribble-uncertainty-lung-segmentation/outputs/predictions/teacher_tta_probabilities/radiopaedia_10_slice_0330.npy,0.05,0,0,65536,0,0,1.0,False
radiopaedia_10,331,/kaggle/working/scribble-uncertainty-lung-segmentation/data/pseudo_labels/teacher_tta_labels/radiopaedia_10_slice_0331.npy,/kaggle/working/scribble-uncertainty-lung-segmentation/data/pseudo_labels/teacher_tta_confidence/radiopaedia_10_slice_0331.npy,/kaggle/working/scribble-uncertainty-lung-segmentation/outputs/predictions/teacher_tta_probabilities/radiopaedia_10_slice_0331.npy,0.05,0,0,65536,0,0,1.0,False
radiopaedia_10,332,/kaggle/working/scribble-uncertainty-lung-segmentation/data/pseudo_labels/teacher_tta_labels/radiopaedia_10_slice_0332.npy,/kaggle/working/scribble-uncertainty-lung-segmentation/data/pseudo_labels/teacher_tta_confidence/radiopaedia_10_slice_0332.npy,/kaggle/working/scribble-uncertainty-lung-segmentation/outputs/predictions/teacher_tta_probabilities/radiopaedia_10_slice_0332.npy,0.05,0,0,65536,0,0,1.0,False
radiopaedia_10,333,/kaggle/working/scribble-uncertainty-lung-segmentation/data/pseudo_labels/teacher_tta_labels/radiopaedia_10_slice_0333.npy,/kaggle/working/scribble-uncertainty-lung-segmentation/data/pseudo_labels/teacher_tta_confidence/radiopaedia_10_slice_0333.npy,/kaggle/working/scribble-uncertainty-lung-segmentation/outputs/predictions/teacher_tta_probabilities/radiopaedia_10_slice_0333.npy,0.05,0,0,65536,0,0,1.0,False
radiopaedia_10,334,/kaggle/working/scribble-uncertainty-lung-segmentation/data/pseudo_labels/teacher_tta_labels/radiopaedia_10_slice_0334.npy,/kaggle/working/scribble-uncertainty-lung-segmentation/data/pseudo_labels/teacher_tta_confidence/radiopaedia_10_slice_0334.npy,/kaggle/working/scribble-uncertainty-lung-segmentation/outputs/predictions/teacher_tta_probabilities/radiopaedia_10_slice_0334.npy,0.05,0,0,65536,0,0,1.0,False
radiopaedia_10,335,/kaggle/working/scribble-uncertainty-lung-segmentation/data/pseudo_labels/teacher_tta_labels/radiopaedia_10_slice_0335.npy,/kaggle/working/scribble-uncertainty-lung-segmentation/data/pseudo_labels/teacher_tta_confidence/radiopaedia_10_slice_0335.npy,/kaggle/working/scribble-uncertainty-lung-segmentation/outputs/predictions/teacher_tta_probabilities/radiopaedia_10_slice_0335.npy,0.05,0,0,65536,0,0,1.0,False
radiopaedia_10,336,/kaggle/working/scribble-uncertainty-lung-segmentation/data/pseudo_labels/teacher_tta_labels/radiopaedia_10_slice_0336.npy,/kaggle/working/scribble-uncertainty-lung-segmentation/data/pseudo_labels/teacher_tta_confidence/radiopaedia_10_slice_0336.npy,/kaggle/working/scribble-uncertainty-lung-segmentation/outputs/predictions/teacher_tta_probabilities/radiopaedia_10_slice_0336.npy,0.05,0,0,65536,0,0,1.0,False
radiopaedia_10,337,/kaggle/working/scribble-uncertainty-lung-segmentation/data/pseudo_labels/teacher_tta_labels/radiopaedia_10_slice_0337.npy,/kaggle/working/scribble-uncertainty-lung-segmentation/data/pseudo_labels/teacher_tta_confidence/radiopaedia_10_slice_0337.npy,/kaggle/working/scribble-uncertainty-lung-segmentation/outputs/predictions/teacher_tta_probabilities/radiopaedia_10_slice_0337.npy,0.05,0,0,65536,0,0,1.0,False
radiopaedia_10,338,/kaggle/working/scribble-uncertainty-lung-segmentation/data/pseudo_labels/teacher_tta_labels/radiopaedia_10_slice_0338.npy,/kaggle/working/scribble-uncertainty-lung-segmentation/data/pseudo_labels/teacher_tta_confidence/radiopaedia_10_slice_0338.npy,/kaggle/working/scribble-uncertainty-lung-segmentation/outputs/predictions/teacher_tta_probabilities/radiopaedia_10_slice_0338.npy,0.05,0,0,65536,0,0,1.0,False
radiopaedia_10,339,/kaggle/working/scribble-uncertainty-lung-segmentation/data/pseudo_labels/teacher_tta_labels/radiopaedia_10_slice_0339.npy,/kaggle/working/scribble-uncertainty-lung-segmentation/data/pseudo_labels/teacher_tta_confidence/radiopaedia_10_slice_0339.npy,/kaggle/working/scribble-uncertainty-lung-segmentation/outputs/predictions/teacher_tta_probabilities/radiopaedia_10_slice_0339.npy,0.05,0,0,65536,0,0,1.0,False
radiopaedia_10,340,/kaggle/working/scribble-uncertainty-lung-segmentation/data/pseudo_labels/teacher_tta_labels/radiopaedia_10_slice_0340.npy,/kaggle/working/scribble-uncertainty-lung-segmentation/data/pseudo_labels/teacher_tta_confidence/radiopaedia_10_slice_0340.npy,/kaggle/working/scribble-uncertainty-lung-segmentation/outputs/predictions/teacher_tta_probabilities/radiopaedia_10_slice_0340.npy,0.05,0,0,65536,0,0,1.0,False
radiopaedia_10,341,/kaggle/working/scribble-uncertainty-lung-segmentation/data/pseudo_labels/teacher_tta_labels/radiopaedia_10_slice_0341.npy,/kaggle/working/scribble-uncertainty-lung-segmentation/data/pseudo_labels/teacher_tta_confidence/radiopaedia_10_slice_0341.npy,/kaggle/working/scribble-uncertainty-lung-segmentation/outputs/predictions/teacher_tta_probabilities/radiopaedia_10_slice_0341.npy,0.05,0,0,65536,0,0,1.0,False
radiopaedia_10,342,/kaggle/working/scribble-uncertainty-lung-segmentation/data/pseudo_labels/teacher_tta_labels/radiopaedia_10_slice_0342.npy,/kaggle/working/scribble-uncertainty-lung-segmentation/data/pseudo_labels/teacher_tta_confidence/radiopaedia_10_slice_0342.npy,/kaggle/working/scribble-uncertainty-lung-segmentation/outputs/predictions/teacher_tta_probabilities/radiopaedia_10_slice_0342.npy,0.05,0,0,65536,0,0,1.0,False
radiopaedia_10,343,/kaggle/working/scribble-uncertainty-lung-segmentation/data/pseudo_labels/teacher_tta_labels/radiopaedia_10_slice_0343.npy,/kaggle/working/scribble-uncertainty-lung-segmentation/data/pseudo_labels/teacher_tta_confidence/radiopaedia_10_slice_0343.npy,/kaggle/working/scribble-uncertainty-lung-segmentation/outputs/predictions/teacher_tta_probabilities/radiopaedia_10_slice_0343.npy,0.05,0,0,65536,0,0,1.0,False
radiopaedia_10,344,/kaggle/working/scribble-uncertainty-lung-segmentation/data/pseudo_labels/teacher_tta_labels/radiopaedia_10_slice_0344.npy,/kaggle/working/scribble-uncertainty-lung-segmentation/data/pseudo_labels/teacher_tta_confidence/radiopaedia_10_slice_0344.npy,/kaggle/working/scribble-uncertainty-lung-segmentation/outputs/predictions/teacher_tta_probabilities/radiopaedia_10_slice_0344.npy,0.05,0,0,65536,0,0,1.0,False
radiopaedia_10,345,/kaggle/working/scribble-uncertainty-lung-segmentation/data/pseudo_labels/teacher_tta_labels/radiopaedia_10_slice_0345.npy,/kaggle/working/scribble-uncertainty-lung-segmentation/data/pseudo_labels/teacher_tta_confidence/radiopaedia_10_slice_0345.npy,/kaggle/working/scribble-uncertainty-lung-segmentation/outputs/predictions/teacher_tta_probabilities/radiopaedia_10_slice_0345.npy,0.05,0,0,65536,0,0,1.0,False
radiopaedia_10,346,/kaggle/working/scribble-uncertainty-lung-segmentation/data/pseudo_labels/teacher_tta_labels/radiopaedia_10_slice_0346.npy,/kaggle/working/scribble-uncertainty-lung-segmentation/data/pseudo_labels/teacher_tta_confidence/radiopaedia_10_slice_0346.npy,/kaggle/working/scribble-uncertainty-lung-segmentation/outputs/predictions/teacher_tta_probabilities/radiopaedia_10_slice_0346.npy,0.05,0,0,65536,0,0,1.0,False
radiopaedia_10,347,/kaggle/working/scribble-uncertainty-lung-segmentation/data/pseudo_labels/teacher_tta_labels/radiopaedia_10_slice_0347.npy,/kaggle/working/scribble-uncertainty-lung-segmentation/data/pseudo_labels/teacher_tta_confidence/radiopaedia_10_slice_0347.npy,/kaggle/working/scribble-uncertainty-lung-segmentation/outputs/predictions/teacher_tta_probabilities/radiopaedia_10_slice_0347.npy,0.05,0,0,65536,0,0,1.0,False
radiopaedia_10,348,/kaggle/working/scribble-uncertainty-lung-segmentation/data/pseudo_labels/teacher_tta_labels/radiopaedia_10_slice_0348.npy,/kaggle/working/scribble-uncertainty-lung-segmentation/data/pseudo_labels/teacher_tta_confidence/radiopaedia_10_slice_0348.npy,/kaggle/working/scribble-uncertainty-lung-segmentation/outputs/predictions/teacher_tta_probabilities/radiopaedia_10_slice_0348.npy,0.05,0,0,65536,0,0,1.0,False
radiopaedia_10,349,/kaggle/working/scribble-uncertainty-lung-segmentation/data/pseudo_labels/teacher_tta_labels/radiopaedia_10_slice_0349.npy,/kaggle/working/scribble-uncertainty-lung-segmentation/data/pseudo_labels/teacher_tta_confidence/radiopaedia_10_slice_0349.npy,/kaggle/working/scribble-uncertainty-lung-segmentation/outputs/predictions/teacher_tta_probabilities/radiopaedia_10_slice_0349.npy,0.05,0,0,65536,0,0,1.0,False
radiopaedia_10,350,/kaggle/working/scribble-uncertainty-lung-segmentation/data/pseudo_labels/teacher_tta_labels/radiopaedia_10_slice_0350.npy,/kaggle/working/scribble-uncertainty-lung-segmentation/data/pseudo_labels/teacher_tta_confidence/radiopaedia_10_slice_0350.npy,/kaggle/working/scribble-uncertainty-lung-segmentation/outputs/predictions/teacher_tta_probabilities/radiopaedia_10_slice_0350.npy,0.05,0,0,65536,0,0,1.0,False
radiopaedia_10,351,/kaggle/working/scribble-uncertainty-lung-segmentation/data/pseudo_labels/teacher_tta_labels/radiopaedia_10_slice_0351.npy,/kaggle/working/scribble-uncertainty-lung-segmentation/data/pseudo_labels/teacher_tta_confidence/radiopaedia_10_slice_0351.npy,/kaggle/working/scribble-uncertainty-lung-segmentation/outputs/predictions/teacher_tta_probabilities/radiopaedia_10_slice_0351.npy,0.05,0,0,65536,0,0,1.0,False
radiopaedia_10,352,/kaggle/working/scribble-uncertainty-lung-segmentation/data/pseudo_labels/teacher_tta_labels/radiopaedia_10_slice_0352.npy,/kaggle/working/scribble-uncertainty-lung-segmentation/data/pseudo_labels/teacher_tta_confidence/radiopaedia_10_slice_0352.npy,/kaggle/working/scribble-uncertainty-lung-segmentation/outputs/predictions/teacher_tta_probabilities/radiopaedia_10_slice_0352.npy,0.05,0,0,65536,0,0,1.0,False
radiopaedia_10,353,/kaggle/working/scribble-uncertainty-lung-segmentation/data/pseudo_labels/teacher_tta_labels/radiopaedia_10_slice_0353.npy,/kaggle/working/scribble-uncertainty-lung-segmentation/data/pseudo_labels/teacher_tta_confidence/radiopaedia_10_slice_0353.npy,/kaggle/working/scribble-uncertainty-lung-segmentation/outputs/predictions/teacher_tta_probabilities/radiopaedia_10_slice_0353.npy,0.05,0,0,65536,0,0,1.0,False
radiopaedia_10,354,/kaggle/working/scribble-uncertainty-lung-segmentation/data/pseudo_labels/teacher_tta_labels/radiopaedia_10_slice_0354.npy,/kaggle/working/scribble-uncertainty-lung-segmentation/data/pseudo_labels/teacher_tta_confidence/radiopaedia_10_slice_0354.npy,/kaggle/working/scribble-uncertainty-lung-segmentation/outputs/predictions/teacher_tta_probabilities/radiopaedia_10_slice_0354.npy,0.05,0,0,65536,0,0,1.0,False
radiopaedia_10,355,/kaggle/working/scribble-uncertainty-lung-segmentation/data/pseudo_labels/teacher_tta_labels/radiopaedia_10_slice_0355.npy,/kaggle/working/scribble-uncertainty-lung-segmentation/data/pseudo_labels/teacher_tta_confidence/radiopaedia_10_slice_0355.npy,/kaggle/working/scribble-uncertainty-lung-segmentation/outputs/predictions/teacher_tta_probabilities/radiopaedia_10_slice_0355.npy,0.05,0,0,65536,0,0,1.0,False
radiopaedia_10,356,/kaggle/working/scribble-uncertainty-lung-segmentation/data/pseudo_labels/teacher_tta_labels/radiopaedia_10_slice_0356.npy,/kaggle/working/scribble-uncertainty-lung-segmentation/data/pseudo_labels/teacher_tta_confidence/radiopaedia_10_slice_0356.npy,/kaggle/working/scribble-uncertainty-lung-segmentation/outputs/predictions/teacher_tta_probabilities/radiopaedia_10_slice_0356.npy,0.05,0,0,65536,0,0,1.0,False
radiopaedia_10,357,/kaggle/working/scribble-uncertainty-lung-segmentation/data/pseudo_labels/teacher_tta_labels/radiopaedia_10_slice_0357.npy,/kaggle/working/scribble-uncertainty-lung-segmentation/data/pseudo_labels/teacher_tta_confidence/radiopaedia_10_slice_0357.npy,/kaggle/working/scribble-uncertainty-lung-segmentation/outputs/predictions/teacher_tta_probabilities/radiopaedia_10_slice_0357.npy,0.05,0,0,65536,0,0,1.0,False
radiopaedia_10,358,/kaggle/working/scribble-uncertainty-lung-segmentation/data/pseudo_labels/teacher_tta_labels/radiopaedia_10_slice_0358.npy,/kaggle/working/scribble-uncertainty-lung-segmentation/data/pseudo_labels/teacher_tta_confidence/radiopaedia_10_slice_0358.npy,/kaggle/working/scribble-uncertainty-lung-segmentation/outputs/predictions/teacher_tta_probabilities/radiopaedia_10_slice_0358.npy,0.05,0,0,65536,0,0,1.0,False
radiopaedia_10,359,/kaggle/working/scribble-uncertainty-lung-segmentation/data/pseudo_labels/teacher_tta_labels/radiopaedia_10_slice_0359.npy,/kaggle/working/scribble-uncertainty-lung-segmentation/data/pseudo_labels/teacher_tta_confidence/radiopaedia_10_slice_0359.npy,/kaggle/working/scribble-uncertainty-lung-segmentation/outputs/predictions/teacher_tta_probabilities/radiopaedia_10_slice_0359.npy,0.05,0,0,65536,0,0,1.0,False
radiopaedia_10,360,/kaggle/working/scribble-uncertainty-lung-segmentation/data/pseudo_labels/teacher_tta_labels/radiopaedia_10_slice_0360.npy,/kaggle/working/scribble-uncertainty-lung-segmentation/data/pseudo_labels/teacher_tta_confidence/radiopaedia_10_slice_0360.npy,/kaggle/working/scribble-uncertainty-lung-segmentation/outputs/predictions/teacher_tta_probabilities/radiopaedia_10_slice_0360.npy,0.05,0,0,65536,0,0,1.0,False
radiopaedia_10,361,/kaggle/working/scribble-uncertainty-lung-segmentation/data/pseudo_labels/teacher_tta_labels/radiopaedia_10_slice_0361.npy,/kaggle/working/scribble-uncertainty-lung-segmentation/data/pseudo_labels/teacher_tta_confidence/radiopaedia_10_slice_0361.npy,/kaggle/working/scribble-uncertainty-lung-segmentation/outputs/predictions/teacher_tta_probabilities/radiopaedia_10_slice_0361.npy,0.05,0,0,65536,0,0,1.0,False
radiopaedia_10,362,/kaggle/working/scribble-uncertainty-lung-segmentation/data/pseudo_labels/teacher_tta_labels/radiopaedia_10_slice_0362.npy,/kaggle/working/scribble-uncertainty-lung-segmentation/data/pseudo_labels/teacher_tta_confidence/radiopaedia_10_slice_0362.npy,/kaggle/working/scribble-uncertainty-lung-segmentation/outputs/predictions/teacher_tta_probabilities/radiopaedia_10_slice_0362.npy,0.05,0,0,65536,0,0,1.0,False
radiopaedia_10,363,/kaggle/working/scribble-uncertainty-lung-segmentation/data/pseudo_labels/teacher_tta_labels/radiopaedia_10_slice_0363.npy,/kaggle/working/scribble-uncertainty-lung-segmentation/data/pseudo_labels/teacher_tta_confidence/radiopaedia_10_slice_0363.npy,/kaggle/working/scribble-uncertainty-lung-segmentation/outputs/predictions/teacher_tta_probabilities/radiopaedia_10_slice_0363.npy,0.05,0,0,65536,0,0,1.0,False
radiopaedia_10,364,/kaggle/working/scribble-uncertainty-lung-segmentation/data/pseudo_labels/teacher_tta_labels/radiopaedia_10_slice_0364.npy,/kaggle/working/scribble-uncertainty-lung-segmentation/data/pseudo_labels/teacher_tta_confidence/radiopaedia_10_slice_0364.npy,/kaggle/working/scribble-uncertainty-lung-segmentation/outputs/predictions/teacher_tta_probabilities/radiopaedia_10_slice_0364.npy,0.05,0,0,65536,0,0,1.0,False
radiopaedia_10,365,/kaggle/working/scribble-uncertainty-lung-segmentation/data/pseudo_labels/teacher_tta_labels/radiopaedia_10_slice_0365.npy,/kaggle/working/scribble-uncertainty-lung-segmentation/data/pseudo_labels/teacher_tta_confidence/radiopaedia_10_slice_0365.npy,/kaggle/working/scribble-uncertainty-lung-segmentation/outputs/predictions/teacher_tta_probabilities/radiopaedia_10_slice_0365.npy,0.05,0,0,65536,0,0,1.0,False
radiopaedia_10,366,/kaggle/working/scribble-uncertainty-lung-segmentation/data/pseudo_labels/teacher_tta_labels/radiopaedia_10_slice_0366.npy,/kaggle/working/scribble-uncertainty-lung-segmentation/data/pseudo_labels/teacher_tta_confidence/radiopaedia_10_slice_0366.npy,/kaggle/working/scribble-uncertainty-lung-segmentation/outputs/predictions/teacher_tta_probabilities/radiopaedia_10_slice_0366.npy,0.05,0,0,65536,0,0,1.0,False
radiopaedia_10,367,/kaggle/working/scribble-uncertainty-lung-segmentation/data/pseudo_labels/teacher_tta_labels/radiopaedia_10_slice_0367.npy,/kaggle/working/scribble-uncertainty-lung-segmentation/data/pseudo_labels/teacher_tta_confidence/radiopaedia_10_slice_0367.npy,/kaggle/working/scribble-uncertainty-lung-segmentation/outputs/predictions/teacher_tta_probabilities/radiopaedia_10_slice_0367.npy,0.05,0,0,65536,0,0,1.0,False
radiopaedia_10,368,/kaggle/working/scribble-uncertainty-lung-segmentation/data/pseudo_labels/teacher_tta_labels/radiopaedia_10_slice_0368.npy,/kaggle/working/scribble-uncertainty-lung-segmentation/data/pseudo_labels/teacher_tta_confidence/radiopaedia_10_slice_0368.npy,/kaggle/working/scribble-uncertainty-lung-segmentation/outputs/predictions/teacher_tta_probabilities/radiopaedia_10_slice_0368.npy,0.05,0,0,65536,0,0,1.0,False
radiopaedia_10,369,/kaggle/working/scribble-uncertainty-lung-segmentation/data/pseudo_labels/teacher_tta_labels/radiopaedia_10_slice_0369.npy,/kaggle/working/scribble-uncertainty-lung-segmentation/data/pseudo_labels/teacher_tta_confidence/radiopaedia_10_slice_0369.npy,/kaggle/working/scribble-uncertainty-lung-segmentation/outputs/predictions/teacher_tta_probabilities/radiopaedia_10_slice_0369.npy,0.05,0,0,65536,0,0,1.0,False
radiopaedia_10,370,/kaggle/working/scribble-uncertainty-lung-segmentation/data/pseudo_labels/teacher_tta_labels/radiopaedia_10_slice_0370.npy,/kaggle/working/scribble-uncertainty-lung-segmentation/data/pseudo_labels/teacher_tta_confidence/radiopaedia_10_slice_0370.npy,/kaggle/working/scribble-uncertainty-lung-segmentation/outputs/predictions/teacher_tta_probabilities/radiopaedia_10_slice_0370.npy,0.05,0,0,65536,0,0,1.0,False
radiopaedia_10,371,/kaggle/working/scribble-uncertainty-lung-segmentation/data/pseudo_labels/teacher_tta_labels/radiopaedia_10_slice_0371.npy,/kaggle/working/scribble-uncertainty-lung-segmentation/data/pseudo_labels/teacher_tta_confidence/radiopaedia_10_slice_0371.npy,/kaggle/working/scribble-uncertainty-lung-segmentation/outputs/predictions/teacher_tta_probabilities/radiopaedia_10_slice_0371.npy,0.05,0,0,65536,0,0,1.0,False
radiopaedia_10,372,/kaggle/working/scribble-uncertainty-lung-segmentation/data/pseudo_labels/teacher_tta_labels/radiopaedia_10_slice_0372.npy,/kaggle/working/scribble-uncertainty-lung-segmentation/data/pseudo_labels/teacher_tta_confidence/radiopaedia_10_slice_0372.npy,/kaggle/working/scribble-uncertainty-lung-segmentation/outputs/predictions/teacher_tta_probabilities/radiopaedia_10_slice_0372.npy,0.05,0,0,65536,0,0,1.0,False
radiopaedia_10,373,/kaggle/working/scribble-uncertainty-lung-segmentation/data/pseudo_labels/teacher_tta_labels/radiopaedia_10_slice_0373.npy,/kaggle/working/scribble-uncertainty-lung-segmentation/data/pseudo_labels/teacher_tta_confidence/radiopaedia_10_slice_0373.npy,/kaggle/working/scribble-uncertainty-lung-segmentation/outputs/predictions/teacher_tta_probabilities/radiopaedia_10_slice_0373.npy,0.05,0,0,65536,0,0,1.0,False
radiopaedia_10,374,/kaggle/working/scribble-uncertainty-lung-segmentation/data/pseudo_labels/teacher_tta_labels/radiopaedia_10_slice_0374.npy,/kaggle/working/scribble-uncertainty-lung-segmentation/data/pseudo_labels/teacher_tta_confidence/radiopaedia_10_slice_0374.npy,/kaggle/working/scribble-uncertainty-lung-segmentation/outputs/predictions/teacher_tta_probabilities/radiopaedia_10_slice_0374.npy,0.05,0,0,65536,0,0,1.0,False
radiopaedia_10,375,/kaggle/working/scribble-uncertainty-lung-segmentation/data/pseudo_labels/teacher_tta_labels/radiopaedia_10_slice_0375.npy,/kaggle/working/scribble-uncertainty-lung-segmentation/data/pseudo_labels/teacher_tta_confidence/radiopaedia_10_slice_0375.npy,/kaggle/working/scribble-uncertainty-lung-segmentation/outputs/predictions/teacher_tta_probabilities/radiopaedia_10_slice_0375.npy,0.05,0,0,65536,0,0,1.0,False
radiopaedia_10,376,/kaggle/working/scribble-uncertainty-lung-segmentation/data/pseudo_labels/teacher_tta_labels/radiopaedia_10_slice_0376.npy,/kaggle/working/scribble-uncertainty-lung-segmentation/data/pseudo_labels/teacher_tta_confidence/radiopaedia_10_slice_0376.npy,/kaggle/working/scribble-uncertainty-lung-segmentation/outputs/predictions/teacher_tta_probabilities/radiopaedia_10_slice_0376.npy,0.05,0,0,65536,0,0,1.0,False
radiopaedia_10,377,/kaggle/working/scribble-uncertainty-lung-segmentation/data/pseudo_labels/teacher_tta_labels/radiopaedia_10_slice_0377.npy,/kaggle/working/scribble-uncertainty-lung-segmentation/data/pseudo_labels/teacher_tta_confidence/radiopaedia_10_slice_0377.npy,/kaggle/working/scribble-uncertainty-lung-segmentation/outputs/predictions/teacher_tta_probabilities/radiopaedia_10_slice_0377.npy,0.05,0,0,65536,0,0,1.0,False
radiopaedia_10,378,/kaggle/working/scribble-uncertainty-lung-segmentation/data/pseudo_labels/teacher_tta_labels/radiopaedia_10_slice_0378.npy,/kaggle/working/scribble-uncertainty-lung-segmentation/data/pseudo_labels/teacher_tta_confidence/radiopaedia_10_slice_0378.npy,/kaggle/working/scribble-uncertainty-lung-segmentation/outputs/predictions/teacher_tta_probabilities/radiopaedia_10_slice_0378.npy,0.05,0,0,65536,0,0,1.0,False
radiopaedia_10,379,/kaggle/working/scribble-uncertainty-lung-segmentation/data/pseudo_labels/teacher_tta_labels/radiopaedia_10_slice_0379.npy,/kaggle/working/scribble-uncertainty-lung-segmentation/data/pseudo_labels/teacher_tta_confidence/radiopaedia_10_slice_0379.npy,/kaggle/working/scribble-uncertainty-lung-segmentation/outputs/predictions/teacher_tta_probabilities/radiopaedia_10_slice_0379.npy,0.05,0,0,65536,0,0,1.0,False
radiopaedia_10,380,/kaggle/working/scribble-uncertainty-lung-segmentation/data/pseudo_labels/teacher_tta_labels/radiopaedia_10_slice_0380.npy,/kaggle/working/scribble-uncertainty-lung-segmentation/data/pseudo_labels/teacher_tta_confidence/radiopaedia_10_slice_0380.npy,/kaggle/working/scribble-uncertainty-lung-segmentation/outputs/predictions/teacher_tta_probabilities/radiopaedia_10_slice_0380.npy,0.05,0,0,65536,0,0,1.0,False
radiopaedia_10,381,/kaggle/working/scribble-uncertainty-lung-segmentation/data/pseudo_labels/teacher_tta_labels/radiopaedia_10_slice_0381.npy,/kaggle/working/scribble-uncertainty-lung-segmentation/data/pseudo_labels/teacher_tta_confidence/radiopaedia_10_slice_0381.npy,/kaggle/working/scribble-uncertainty-lung-segmentation/outputs/predictions/teacher_tta_probabilities/radiopaedia_10_slice_0381.npy,0.05,0,0,65536,0,0,1.0,False
radiopaedia_10,382,/kaggle/working/scribble-uncertainty-lung-segmentation/data/pseudo_labels/teacher_tta_labels/radiopaedia_10_slice_0382.npy,/kaggle/working/scribble-uncertainty-lung-segmentation/data/pseudo_labels/teacher_tta_confidence/radiopaedia_10_slice_0382.npy,/kaggle/working/scribble-uncertainty-lung-segmentation/outputs/predictions/teacher_tta_probabilities/radiopaedia_10_slice_0382.npy,0.05,0,0,65536,0,0,1.0,False
radiopaedia_10,383,/kaggle/working/scribble-uncertainty-lung-segmentation/data/pseudo_labels/teacher_tta_labels/radiopaedia_10_slice_0383.npy,/kaggle/working/scribble-uncertainty-lung-segmentation/data/pseudo_labels/teacher_tta_confidence/radiopaedia_10_slice_0383.npy,/kaggle/working/scribble-uncertainty-lung-segmentation/outputs/predictions/teacher_tta_probabilities/radiopaedia_10_slice_0383.npy,0.05,0,0,65536,0,0,1.0,False
radiopaedia_10,384,/kaggle/working/scribble-uncertainty-lung-segmentation/data/pseudo_labels/teacher_tta_labels/radiopaedia_10_slice_0384.npy,/kaggle/working/scribble-uncertainty-lung-segmentation/data/pseudo_labels/teacher_tta_confidence/radiopaedia_10_slice_0384.npy,/kaggle/working/scribble-uncertainty-lung-segmentation/outputs/predictions/teacher_tta_probabilities/radiopaedia_10_slice_0384.npy,0.05,0,0,65536,0,0,1.0,False
radiopaedia_10,385,/kaggle/working/scribble-uncertainty-lung-segmentation/data/pseudo_labels/teacher_tta_labels/radiopaedia_10_slice_0385.npy,/kaggle/working/scribble-uncertainty-lung-segmentation/data/pseudo_labels/teacher_tta_confidence/radiopaedia_10_slice_0385.npy,/kaggle/working/scribble-uncertainty-lung-segmentation/outputs/predictions/teacher_tta_probabilities/radiopaedia_10_slice_0385.npy,0.05,0,0,65536,0,0,1.0,False
radiopaedia_10,386,/kaggle/working/scribble-uncertainty-lung-segmentation/data/pseudo_labels/teacher_tta_labels/radiopaedia_10_slice_0386.npy,/kaggle/working/scribble-uncertainty-lung-segmentation/data/pseudo_labels/teacher_tta_confidence/radiopaedia_10_slice_0386.npy,/kaggle/working/scribble-uncertainty-lung-segmentation/outputs/predictions/teacher_tta_probabilities/radiopaedia_10_slice_0386.npy,0.05,0,0,65536,0,0,1.0,False
radiopaedia_10,387,/kaggle/working/scribble-uncertainty-lung-segmentation/data/pseudo_labels/teacher_tta_labels/radiopaedia_10_slice_0387.npy,/kaggle/working/scribble-uncertainty-lung-segmentation/data/pseudo_labels/teacher_tta_confidence/radiopaedia_10_slice_0387.npy,/kaggle/working/scribble-uncertainty-lung-segmentation/outputs/predictions/teacher_tta_probabilities/radiopaedia_10_slice_0387.npy,0.05,0,0,65536,0,0,1.0,False
radiopaedia_10,388,/kaggle/working/scribble-uncertainty-lung-segmentation/data/pseudo_labels/teacher_tta_labels/radiopaedia_10_slice_0388.npy,/kaggle/working/scribble-uncertainty-lung-segmentation/data/pseudo_labels/teacher_tta_confidence/radiopaedia_10_slice_0388.npy,/kaggle/working/scribble-uncertainty-lung-segmentation/outputs/predictions/teacher_tta_probabilities/radiopaedia_10_slice_0388.npy,0.05,0,0,65536,0,0,1.0,False
radiopaedia_10,389,/kaggle/working/scribble-uncertainty-lung-segmentation/data/pseudo_labels/teacher_tta_labels/radiopaedia_10_slice_0389.npy,/kaggle/working/scribble-uncertainty-lung-segmentation/data/pseudo_labels/teacher_tta_confidence/radiopaedia_10_slice_0389.npy,/kaggle/working/scribble-uncertainty-lung-segmentation/outputs/predictions/teacher_tta_probabilities/radiopaedia_10_slice_0389.npy,0.05,0,0,65536,0,0,1.0,False
radiopaedia_10,390,/kaggle/working/scribble-uncertainty-lung-segmentation/data/pseudo_labels/teacher_tta_labels/radiopaedia_10_slice_0390.npy,/kaggle/working/scribble-uncertainty-lung-segmentation/data/pseudo_labels/teacher_tta_confidence/radiopaedia_10_slice_0390.npy,/kaggle/working/scribble-uncertainty-lung-segmentation/outputs/predictions/teacher_tta_probabilities/radiopaedia_10_slice_0390.npy,0.05,0,0,65536,0,0,1.0,False
radiopaedia_10,391,/kaggle/working/scribble-uncertainty-lung-segmentation/data/pseudo_labels/teacher_tta_labels/radiopaedia_10_slice_0391.npy,/kaggle/working/scribble-uncertainty-lung-segmentation/data/pseudo_labels/teacher_tta_confidence/radiopaedia_10_slice_0391.npy,/kaggle/working/scribble-uncertainty-lung-segmentation/outputs/predictions/teacher_tta_probabilities/radiopaedia_10_slice_0391.npy,0.05,0,0,65536,0,0,1.0,False
radiopaedia_14,0,/kaggle/working/scribble-uncertainty-lung-segmentation/data/pseudo_labels/teacher_tta_labels/radiopaedia_14_slice_0000.npy,/kaggle/working/scribble-uncertainty-lung-segmentation/data/pseudo_labels/teacher_tta_confidence/radiopaedia_14_slice_0000.npy,/kaggle/working/scribble-uncertainty-lung-segmentation/outputs/predictions/teacher_tta_probabilities/radiopaedia_14_slice_0000.npy,0.05,0,292,65536,24,332,0.8589743375778198,True
radiopaedia_14,1,/kaggle/working/scribble-uncertainty-lung-segmentation/data/pseudo_labels/teacher_tta_labels/radiopaedia_14_slice_0001.npy,/kaggle/working/scribble-uncertainty-lung-segmentation/data/pseudo_labels/teacher_tta_confidence/radiopaedia_14_slice_0001.npy,/kaggle/working/scribble-uncertainty-lung-segmentation/outputs/predictions/teacher_tta_probabilities/radiopaedia_14_slice_0001.npy,0.05,0,420,65536,30,373,0.8575031757354736,True
radiopaedia_14,2,/kaggle/working/scribble-uncertainty-lung-segmentation/data/pseudo_labels/teacher_tta_labels/radiopaedia_14_slice_0002.npy,/kaggle/working/scribble-uncertainty-lung-segmentation/data/pseudo_labels/teacher_tta_confidence/radiopaedia_14_slice_0002.npy,/kaggle/working/scribble-uncertainty-lung-segmentation/outputs/predictions/teacher_tta_probabilities/radiopaedia_14_slice_0002.npy,0.05,0,462,65536,28,458,0.9108695387840271,True
radiopaedia_14,3,/kaggle/working/scribble-uncertainty-lung-segmentation/data/pseudo_labels/teacher_tta_labels/radiopaedia_14_slice_0003.npy,/kaggle/working/scribble-uncertainty-lung-segmentation/data/pseudo_labels/teacher_tta_confidence/radiopaedia_14_slice_0003.npy,/kaggle/working/scribble-uncertainty-lung-segmentation/outputs/predictions/teacher_tta_probabilities/radiopaedia_14_slice_0003.npy,0.05,0,556,65536,25,525,0.9121184349060059,True
radiopaedia_14,4,/kaggle/working/scribble-uncertainty-lung-segmentation/data/pseudo_labels/teacher_tta_labels/radiopaedia_14_slice_0004.npy,/kaggle/working/scribble-uncertainty-lung-segmentation/data/pseudo_labels/teacher_tta_confidence/radiopaedia_14_slice_0004.npy,/kaggle/working/scribble-uncertainty-lung-segmentation/outputs/predictions/teacher_tta_probabilities/radiopaedia_14_slice_0004.npy,0.05,0,574,65536,18,523,0.8933454751968384,True
radiopaedia_14,5,/kaggle/working/scribble-uncertainty-lung-segmentation/data/pseudo_labels/teacher_tta_labels/radiopaedia_14_slice_0005.npy,/kaggle/working/scribble-uncertainty-lung-segmentation/data/pseudo_labels/teacher_tta_confidence/radiopaedia_14_slice_0005.npy,/kaggle/working/scribble-uncertainty-lung-segmentation/outputs/predictions/teacher_tta_probabilities/radiopaedia_14_slice_0005.npy,0.05,0,708,65536,31,738,0.8921161890029907,True
radiopaedia_14,6,/kaggle/working/scribble-uncertainty-lung-segmentation/data/pseudo_labels/teacher_tta_labels/radiopaedia_14_slice_0006.npy,/kaggle/working/scribble-uncertainty-lung-segmentation/data/pseudo_labels/teacher_tta_confidence/radiopaedia_14_slice_0006.npy,/kaggle/working/scribble-uncertainty-lung-segmentation/outputs/predictions/teacher_tta_probabilities/radiopaedia_14_slice_0006.npy,0.05,0,811,65536,35,846,0.890766441822052,True
radiopaedia_14,7,/kaggle/working/scribble-uncertainty-lung-segmentation/data/pseudo_labels/teacher_tta_labels/radiopaedia_14_slice_0007.npy,/kaggle/working/scribble-uncertainty-lung-segmentation/data/pseudo_labels/teacher_tta_confidence/radiopaedia_14_slice_0007.npy,/kaggle/working/scribble-uncertainty-lung-segmentation/outputs/predictions/teacher_tta_probabilities/radiopaedia_14_slice_0007.npy,0.05,0,877,65536,36,887,0.8832199573516846,True
radiopaedia_14,8,/kaggle/working/scribble-uncertainty-lung-segmentation/data/pseudo_labels/teacher_tta_labels/radiopaedia_14_slice_0008.npy,/kaggle/working/scribble-uncertainty-lung-segmentation/data/pseudo_labels/teacher_tta_confidence/radiopaedia_14_slice_0008.npy,/kaggle/working/scribble-uncertainty-lung-segmentation/outputs/predictions/teacher_tta_probabilities/radiopaedia_14_slice_0008.npy,0.05,0,1007,65536,39,983,0.9105527400970459,True
radiopaedia_14,9,/kaggle/working/scribble-uncertainty-lung-segmentation/data/pseudo_labels/teacher_tta_labels/radiopaedia_14_slice_0009.npy,/kaggle/working/scribble-uncertainty-lung-segmentation/data/pseudo_labels/teacher_tta_confidence/radiopaedia_14_slice_0009.npy,/kaggle/working/scribble-uncertainty-lung-segmentation/outputs/predictions/teacher_tta_probabilities/radiopaedia_14_slice_0009.npy,0.05,0,982,65536,37,1059,0.9113180041313171,True
radiopaedia_14,10,/kaggle/working/scribble-uncertainty-lung-segmentation/data/pseudo_labels/teacher_tta_labels/radiopaedia_14_slice_0010.npy,/kaggle/working/scribble-uncertainty-lung-segmentation/data/pseudo_labels/teacher_tta_confidence/radiopaedia_14_slice_0010.npy,/kaggle/working/scribble-uncertainty-lung-segmentation/outputs/predictions/teacher_tta_probabilities/radiopaedia_14_slice_0010.npy,0.05,0,948,65536,36,939,0.9114997386932373,True
radiopaedia_14,11,/kaggle/working/scribble-uncertainty-lung-segmentation/data/pseudo_labels/teacher_tta_labels/radiopaedia_14_slice_0011.npy,/kaggle/working/scribble-uncertainty-lung-segmentation/data/pseudo_labels/teacher_tta_confidence/radiopaedia_14_slice_0011.npy,/kaggle/working/scribble-uncertainty-lung-segmentation/outputs/predictions/teacher_tta_probabilities/radiopaedia_14_slice_0011.npy,0.05,0,1008,65536,34,981,0.8969331383705139,True
radiopaedia_14,12,/kaggle/working/scribble-uncertainty-lung-segmentation/data/pseudo_labels/teacher_tta_labels/radiopaedia_14_slice_0012.npy,/kaggle/working/scribble-uncertainty-lung-segmentation/data/pseudo_labels/teacher_tta_confidence/radiopaedia_14_slice_0012.npy,/kaggle/working/scribble-uncertainty-lung-segmentation/outputs/predictions/teacher_tta_probabilities/radiopaedia_14_slice_0012.npy,0.05,0,972,65536,44,1100,0.9034749269485474,True
radiopaedia_14,13,/kaggle/working/scribble-uncertainty-lung-segmentation/data/pseudo_labels/teacher_tta_labels/radiopaedia_14_slice_0013.npy,/kaggle/working/scribble-uncertainty-lung-segmentation/data/pseudo_labels/teacher_tta_confidence/radiopaedia_14_slice_0013.npy,/kaggle/working/scribble-uncertainty-lung-segmentation/outputs/predictions/teacher_tta_probabilities/radiopaedia_14_slice_0013.npy,0.05,0,967,65536,33,937,0.8760504126548767,True
radiopaedia_14,14,/kaggle/working/scribble-uncertainty-lung-segmentation/data/pseudo_labels/teacher_tta_labels/radiopaedia_14_slice_0014.npy,/kaggle/working/scribble-uncertainty-lung-segmentation/data/pseudo_labels/teacher_tta_confidence/radiopaedia_14_slice_0014.npy,/kaggle/working/scribble-uncertainty-lung-segmentation/outputs/predictions/teacher_tta_probabilities/radiopaedia_14_slice_0014.npy,0.05,0,1109,65536,29,972,0.881307065486908,True
radiopaedia_14,15,/kaggle/working/scribble-uncertainty-lung-segmentation/data/pseudo_labels/teacher_tta_labels/radiopaedia_14_slice_0015.npy,/kaggle/working/scribble-uncertainty-lung-segmentation/data/pseudo_labels/teacher_tta_confidence/radiopaedia_14_slice_0015.npy,/kaggle/working/scribble-uncertainty-lung-segmentation/outputs/predictions/teacher_tta_probabilities/radiopaedia_14_slice_0015.npy,0.05,0,1158,65536,48,1142,0.9008695483207703,True
radiopaedia_14,16,/kaggle/working/scribble-uncertainty-lung-segmentation/data/pseudo_labels/teacher_tta_labels/radiopaedia_14_slice_0016.npy,/kaggle/working/scribble-uncertainty-lung-segmentation/data/pseudo_labels/teacher_tta_confidence/radiopaedia_14_slice_0016.npy,/kaggle/working/scribble-uncertainty-lung-segmentation/outputs/predictions/teacher_tta_probabilities/radiopaedia_14_slice_0016.npy,0.05,0,1667,65536,59,1309,0.8091397881507874,True
radiopaedia_14,17,/kaggle/working/scribble-uncertainty-lung-segmentation/data/pseudo_labels/teacher_tta_labels/radiopaedia_14_slice_0017.npy,/kaggle/working/scribble-uncertainty-lung-segmentation/data/pseudo_labels/teacher_tta_confidence/radiopaedia_14_slice_0017.npy,/kaggle/working/scribble-uncertainty-lung-segmentation/outputs/predictions/teacher_tta_probabilities/radiopaedia_14_slice_0017.npy,0.05,0,1615,65536,74,1191,0.7412686944007874,True
radiopaedia_14,18,/kaggle/working/scribble-uncertainty-lung-segmentation/data/pseudo_labels/teacher_tta_labels/radiopaedia_14_slice_0018.npy,/kaggle/working/scribble-uncertainty-lung-segmentation/data/pseudo_labels/teacher_tta_confidence/radiopaedia_14_slice_0018.npy,/kaggle/working/scribble-uncertainty-lung-segmentation/outputs/predictions/teacher_tta_probabilities/radiopaedia_14_slice_0018.npy,0.05,0,1605,65536,64,1055,0.7586466073989868,True
radiopaedia_14,19,/kaggle/working/scribble-uncertainty-lung-segmentation/data/pseudo_labels/teacher_tta_labels/radiopaedia_14_slice_0019.npy,/kaggle/working/scribble-uncertainty-lung-segmentation/data/pseudo_labels/teacher_tta_confidence/radiopaedia_14_slice_0019.npy,/kaggle/working/scribble-uncertainty-lung-segmentation/outputs/predictions/teacher_tta_probabilities/radiopaedia_14_slice_0019.npy,0.05,0,1377,65536,67,1243,0.8793892860412598,True
radiopaedia_14,20,/kaggle/working/scribble-uncertainty-lung-segmentation/data/pseudo_labels/teacher_tta_labels/radiopaedia_14_slice_0020.npy,/kaggle/working/scribble-uncertainty-lung-segmentation/data/pseudo_labels/teacher_tta_confidence/radiopaedia_14_slice_0020.npy,/kaggle/working/scribble-uncertainty-lung-segmentation/outputs/predictions/teacher_tta_probabilities/radiopaedia_14_slice_0020.npy,0.05,0,1410,65536,52,1192,0.8800922632217407,True
radiopaedia_14,21,/kaggle/working/scribble-uncertainty-lung-segmentation/data/pseudo_labels/teacher_tta_labels/radiopaedia_14_slice_0021.npy,/kaggle/working/scribble-uncertainty-lung-segmentation/data/pseudo_labels/teacher_tta_confidence/radiopaedia_14_slice_0021.npy,/kaggle/working/scribble-uncertainty-lung-segmentation/outputs/predictions/teacher_tta_probabilities/radiopaedia_14_slice_0021.npy,0.05,0,1652,65536,69,1490,0.8173137903213501,True
radiopaedia_14,22,/kaggle/working/scribble-uncertainty-lung-segmentation/data/pseudo_labels/teacher_tta_labels/radiopaedia_14_slice_0022.npy,/kaggle/working/scribble-uncertainty-lung-segmentation/data/pseudo_labels/teacher_tta_confidence/radiopaedia_14_slice_0022.npy,/kaggle/working/scribble-uncertainty-lung-segmentation/outputs/predictions/teacher_tta_probabilities/radiopaedia_14_slice_0022.npy,0.05,0,2243,65536,67,1738,0.8259231448173523,True
radiopaedia_14,23,/kaggle/working/scribble-uncertainty-lung-segmentation/data/pseudo_labels/teacher_tta_labels/radiopaedia_14_slice_0023.npy,/kaggle/working/scribble-uncertainty-lung-segmentation/data/pseudo_labels/teacher_tta_confidence/radiopaedia_14_slice_0023.npy,/kaggle/working/scribble-uncertainty-lung-segmentation/outputs/predictions/teacher_tta_probabilities/radiopaedia_14_slice_0023.npy,0.05,0,2467,65536,81,1916,0.7885010242462158,True
radiopaedia_14,24,/kaggle/working/scribble-uncertainty-lung-segmentation/data/pseudo_labels/teacher_tta_labels/radiopaedia_14_slice_0024.npy,/kaggle/working/scribble-uncertainty-lung-segmentation/data/pseudo_labels/teacher_tta_confidence/radiopaedia_14_slice_0024.npy,/kaggle/working/scribble-uncertainty-lung-segmentation/outputs/predictions/teacher_tta_probabilities/radiopaedia_14_slice_0024.npy,0.05,0,2591,65536,105,2480,0.8542693853378296,True
radiopaedia_14,25,/kaggle/working/scribble-uncertainty-lung-segmentation/data/pseudo_labels/teacher_tta_labels/radiopaedia_14_slice_0025.npy,/kaggle/working/scribble-uncertainty-lung-segmentation/data/pseudo_labels/teacher_tta_confidence/radiopaedia_14_slice_0025.npy,/kaggle/working/scribble-uncertainty-lung-segmentation/outputs/predictions/teacher_tta_probabilities/radiopaedia_14_slice_0025.npy,0.05,0,2922,65536,126,2931,0.8457201719284058,True
radiopaedia_14,26,/kaggle/working/scribble-uncertainty-lung-segmentation/data/pseudo_labels/teacher_tta_labels/radiopaedia_14_slice_0026.npy,/kaggle/working/scribble-uncertainty-lung-segmentation/data/pseudo_labels/teacher_tta_confidence/radiopaedia_14_slice_0026.npy,/kaggle/working/scribble-uncertainty-lung-segmentation/outputs/predictions/teacher_tta_probabilities/radiopaedia_14_slice_0026.npy,0.05,0,3568,65536,133,3404,0.8737808465957642,True
radiopaedia_14,27,/kaggle/working/scribble-uncertainty-lung-segmentation/data/pseudo_labels/teacher_tta_labels/radiopaedia_14_slice_0027.npy,/kaggle/working/scribble-uncertainty-lung-segmentation/data/pseudo_labels/teacher_tta_confidence/radiopaedia_14_slice_0027.npy,/kaggle/working/scribble-uncertainty-lung-segmentation/outputs/predictions/teacher_tta_probabilities/radiopaedia_14_slice_0027.npy,0.05,0,4174,65536,150,3600,0.8075636625289917,True
radiopaedia_14,28,/kaggle/working/scribble-uncertainty-lung-segmentation/data/pseudo_labels/teacher_tta_labels/radiopaedia_14_slice_0028.npy,/kaggle/working/scribble-uncertainty-lung-segmentation/data/pseudo_labels/teacher_tta_confidence/radiopaedia_14_slice_0028.npy,/kaggle/working/scribble-uncertainty-lung-segmentation/outputs/predictions/teacher_tta_probabilities/radiopaedia_14_slice_0028.npy,0.05,0,4351,65536,156,3955,0.8413195013999939,True
radiopaedia_14,29,/kaggle/working/scribble-uncertainty-lung-segmentation/data/pseudo_labels/teacher_tta_labels/radiopaedia_14_slice_0029.npy,/kaggle/working/scribble-uncertainty-lung-segmentation/data/pseudo_labels/teacher_tta_confidence/radiopaedia_14_slice_0029.npy,/kaggle/working/scribble-uncertainty-lung-segmentation/outputs/predictions/teacher_tta_probabilities/radiopaedia_14_slice_0029.npy,0.05,0,4481,65536,176,4254,0.8961648344993591,True
radiopaedia_14,30,/kaggle/working/scribble-uncertainty-lung-segmentation/data/pseudo_labels/teacher_tta_labels/radiopaedia_14_slice_0030.npy,/kaggle/working/scribble-uncertainty-lung-segmentation/data/pseudo_labels/teacher_tta_confidence/radiopaedia_14_slice_0030.npy,/kaggle/working/scribble-uncertainty-lung-segmentation/outputs/predictions/teacher_tta_probabilities/radiopaedia_14_slice_0030.npy,0.05,0,4261,65536,136,3914,0.8567584156990051,True
radiopaedia_14,31,/kaggle/working/scribble-uncertainty-lung-segmentation/data/pseudo_labels/teacher_tta_labels/radiopaedia_14_slice_0031.npy,/kaggle/working/scribble-uncertainty-lung-segmentation/data/pseudo_labels/teacher_tta_confidence/radiopaedia_14_slice_0031.npy,/kaggle/working/scribble-uncertainty-lung-segmentation/outputs/predictions/teacher_tta_probabilities/radiopaedia_14_slice_0031.npy,0.05,0,3947,65536,137,3695,0.8099973797798157,True
radiopaedia_14,32,/kaggle/working/scribble-uncertainty-lung-segmentation/data/pseudo_labels/teacher_tta_labels/radiopaedia_14_slice_0032.npy,/kaggle/working/scribble-uncertainty-lung-segmentation/data/pseudo_labels/teacher_tta_confidence/radiopaedia_14_slice_0032.npy,/kaggle/working/scribble-uncertainty-lung-segmentation/outputs/predictions/teacher_tta_probabilities/radiopaedia_14_slice_0032.npy,0.05,0,4226,65536,120,3075,0.8149568438529968,True
radiopaedia_14,33,/kaggle/working/scribble-uncertainty-lung-segmentation/data/pseudo_labels/teacher_tta_labels/radiopaedia_14_slice_0033.npy,/kaggle/working/scribble-uncertainty-lung-segmentation/data/pseudo_labels/teacher_tta_confidence/radiopaedia_14_slice_0033.npy,/kaggle/working/scribble-uncertainty-lung-segmentation/outputs/predictions/teacher_tta_probabilities/radiopaedia_14_slice_0033.npy,0.05,0,4509,65536,149,3964,0.8112828731536865,True
radiopaedia_14,34,/kaggle/working/scribble-uncertainty-lung-segmentation/data/pseudo_labels/teacher_tta_labels/radiopaedia_14_slice_0034.npy,/kaggle/working/scribble-uncertainty-lung-segmentation/data/pseudo_labels/teacher_tta_confidence/radiopaedia_14_slice_0034.npy,/kaggle/working/scribble-uncertainty-lung-segmentation/outputs/predictions/teacher_tta_probabilities/radiopaedia_14_slice_0034.npy,0.05,0,3923,65536,120,3281,0.8145474791526794,True
radiopaedia_14,35,/kaggle/working/scribble-uncertainty-lung-segmentation/data/pseudo_labels/teacher_tta_labels/radiopaedia_14_slice_0035.npy,/kaggle/working/scribble-uncertainty-lung-segmentation/data/pseudo_labels/teacher_tta_confidence/radiopaedia_14_slice_0035.npy,/kaggle/working/scribble-uncertainty-lung-segmentation/outputs/predictions/teacher_tta_probabilities/radiopaedia_14_slice_0035.npy,0.05,0,4597,65536,116,3319,0.7849923968315125,True
radiopaedia_14,36,/kaggle/working/scribble-uncertainty-lung-segmentation/data/pseudo_labels/teacher_tta_labels/radiopaedia_14_slice_0036.npy,/kaggle/working/scribble-uncertainty-lung-segmentation/data/pseudo_labels/teacher_tta_confidence/radiopaedia_14_slice_0036.npy,/kaggle/working/scribble-uncertainty-lung-segmentation/outputs/predictions/teacher_tta_probabilities/radiopaedia_14_slice_0036.npy,0.05,0,4714,65536,140,3698,0.855682373046875,True
radiopaedia_14,37,/kaggle/working/scribble-uncertainty-lung-segmentation/data/pseudo_labels/teacher_tta_labels/radiopaedia_14_slice_0037.npy,/kaggle/working/scribble-uncertainty-lung-segmentation/data/pseudo_labels/teacher_tta_confidence/radiopaedia_14_slice_0037.npy,/kaggle/working/scribble-uncertainty-lung-segmentation/outputs/predictions/teacher_tta_probabilities/radiopaedia_14_slice_0037.npy,0.05,0,4913,65536,125,3909,0.8360915780067444,True
radiopaedia_14,38,/kaggle/working/scribble-uncertainty-lung-segmentation/data/pseudo_labels/teacher_tta_labels/radiopaedia_14_slice_0038.npy,/kaggle/working/scribble-uncertainty-lung-segmentation/data/pseudo_labels/teacher_tta_confidence/radiopaedia_14_slice_0038.npy,/kaggle/working/scribble-uncertainty-lung-segmentation/outputs/predictions/teacher_tta_probabilities/radiopaedia_14_slice_0038.npy,0.05,0,5998,65536,233,5367,0.7832819819450378,True
radiopaedia_14,39,/kaggle/working/scribble-uncertainty-lung-segmentation/data/pseudo_labels/teacher_tta_labels/radiopaedia_14_slice_0039.npy,/kaggle/working/scribble-uncertainty-lung-segmentation/data/pseudo_labels/teacher_tta_confidence/radiopaedia_14_slice_0039.npy,/kaggle/working/scribble-uncertainty-lung-segmentation/outputs/predictions/teacher_tta_probabilities/radiopaedia_14_slice_0039.npy,0.05,0,7039,65536,261,5737,0.829993724822998,True
radiopaedia_14,40,/kaggle/working/scribble-uncertainty-lung-segmentation/data/pseudo_labels/teacher_tta_labels/radiopaedia_14_slice_0040.npy,/kaggle/working/scribble-uncertainty-lung-segmentation/data/pseudo_labels/teacher_tta_confidence/radiopaedia_14_slice_0040.npy,/kaggle/working/scribble-uncertainty-lung-segmentation/outputs/predictions/teacher_tta_probabilities/radiopaedia_14_slice_0040.npy,0.05,0,6989,65536,229,5486,0.8163527250289917,True
radiopaedia_14,41,/kaggle/working/scribble-uncertainty-lung-segmentation/data/pseudo_labels/teacher_tta_labels/radiopaedia_14_slice_0041.npy,/kaggle/working/scribble-uncertainty-lung-segmentation/data/pseudo_labels/teacher_tta_confidence/radiopaedia_14_slice_0041.npy,/kaggle/working/scribble-uncertainty-lung-segmentation/outputs/predictions/teacher_tta_probabilities/radiopaedia_14_slice_0041.npy,0.05,0,7289,65536,238,5767,0.8578431606292725,True
radiopaedia_14,42,/kaggle/working/scribble-uncertainty-lung-segmentation/data/pseudo_labels/teacher_tta_labels/radiopaedia_14_slice_0042.npy,/kaggle/working/scribble-uncertainty-lung-segmentation/data/pseudo_labels/teacher_tta_confidence/radiopaedia_14_slice_0042.npy,/kaggle/working/scribble-uncertainty-lung-segmentation/outputs/predictions/teacher_tta_probabilities/radiopaedia_14_slice_0042.npy,0.05,0,7020,65536,250,6013,0.866569459438324,True
radiopaedia_14,43,/kaggle/working/scribble-uncertainty-lung-segmentation/data/pseudo_labels/teacher_tta_labels/radiopaedia_14_slice_0043.npy,/kaggle/working/scribble-uncertainty-lung-segmentation/data/pseudo_labels/teacher_tta_confidence/radiopaedia_14_slice_0043.npy,/kaggle/working/scribble-uncertainty-lung-segmentation/outputs/predictions/teacher_tta_probabilities/radiopaedia_14_slice_0043.npy,0.05,0,6761,65536,178,6537,0.8939689993858337,True
radiopaedia_14,44,/kaggle/working/scribble-uncertainty-lung-segmentation/data/pseudo_labels/teacher_tta_labels/radiopaedia_14_slice_0044.npy,/kaggle/working/scribble-uncertainty-lung-segmentation/data/pseudo_labels/teacher_tta_confidence/radiopaedia_14_slice_0044.npy,/kaggle/working/scribble-uncertainty-lung-segmentation/outputs/predictions/teacher_tta_probabilities/radiopaedia_14_slice_0044.npy,0.05,0,6876,65536,204,6204,0.8920489549636841,True
radiopaedia_14,45,/kaggle/working/scribble-uncertainty-lung-segmentation/data/pseudo_labels/teacher_tta_labels/radiopaedia_14_slice_0045.npy,/kaggle/working/scribble-uncertainty-lung-segmentation/data/pseudo_labels/teacher_tta_confidence/radiopaedia_14_slice_0045.npy,/kaggle/working/scribble-uncertainty-lung-segmentation/outputs/predictions/teacher_tta_probabilities/radiopaedia_14_slice_0045.npy,0.05,0,6622,65536,198,6154,0.9118660092353821,True
radiopaedia_14,46,/kaggle/working/scribble-uncertainty-lung-segmentation/data/pseudo_labels/teacher_tta_labels/radiopaedia_14_slice_0046.npy,/kaggle/working/scribble-uncertainty-lung-segmentation/data/pseudo_labels/teacher_tta_confidence/radiopaedia_14_slice_0046.npy,/kaggle/working/scribble-uncertainty-lung-segmentation/outputs/predictions/teacher_tta_probabilities/radiopaedia_14_slice_0046.npy,0.05,0,6273,65536,201,5521,0.8872308135032654,True
radiopaedia_14,47,/kaggle/working/scribble-uncertainty-lung-segmentation/data/pseudo_labels/teacher_tta_labels/radiopaedia_14_slice_0047.npy,/kaggle/working/scribble-uncertainty-lung-segmentation/data/pseudo_labels/teacher_tta_confidence/radiopaedia_14_slice_0047.npy,/kaggle/working/scribble-uncertainty-lung-segmentation/outputs/predictions/teacher_tta_probabilities/radiopaedia_14_slice_0047.npy,0.05,0,6201,65536,225,5723,0.8995303511619568,True
radiopaedia_14,48,/kaggle/working/scribble-uncertainty-lung-segmentation/data/pseudo_labels/teacher_tta_labels/radiopaedia_14_slice_0048.npy,/kaggle/working/scribble-uncertainty-lung-segmentation/data/pseudo_labels/teacher_tta_confidence/radiopaedia_14_slice_0048.npy,/kaggle/working/scribble-uncertainty-lung-segmentation/outputs/predictions/teacher_tta_probabilities/radiopaedia_14_slice_0048.npy,0.05,0,6496,65536,237,5840,0.8944552540779114,True
radiopaedia_14,49,/kaggle/working/scribble-uncertainty-lung-segmentation/data/pseudo_labels/teacher_tta_labels/radiopaedia_14_slice_0049.npy,/kaggle/working/scribble-uncertainty-lung-segmentation/data/pseudo_labels/teacher_tta_confidence/radiopaedia_14_slice_0049.npy,/kaggle/working/scribble-uncertainty-lung-segmentation/outputs/predictions/teacher_tta_probabilities/radiopaedia_14_slice_0049.npy,0.05,0,5819,65536,216,5041,0.8401473164558411,True
radiopaedia_14,50,/kaggle/working/scribble-uncertainty-lung-segmentation/data/pseudo_labels/teacher_tta_labels/radiopaedia_14_slice_0050.npy,/kaggle/working/scribble-uncertainty-lung-segmentation/data/pseudo_labels/teacher_tta_confidence/radiopaedia_14_slice_0050.npy,/kaggle/working/scribble-uncertainty-lung-segmentation/outputs/predictions/teacher_tta_probabilities/radiopaedia_14_slice_0050.npy,0.05,0,5486,65536,235,4866,0.8732612133026123,True
radiopaedia_14,51,/kaggle/working/scribble-uncertainty-lung-segmentation/data/pseudo_labels/teacher_tta_labels/radiopaedia_14_slice_0051.npy,/kaggle/working/scribble-uncertainty-lung-segmentation/data/pseudo_labels/teacher_tta_confidence/radiopaedia_14_slice_0051.npy,/kaggle/working/scribble-uncertainty-lung-segmentation/outputs/predictions/teacher_tta_probabilities/radiopaedia_14_slice_0051.npy,0.05,0,4979,65536,204,4375,0.884541392326355,True
radiopaedia_14,52,/kaggle/working/scribble-uncertainty-lung-segmentation/data/pseudo_labels/teacher_tta_labels/radiopaedia_14_slice_0052.npy,/kaggle/working/scribble-uncertainty-lung-segmentation/data/pseudo_labels/teacher_tta_confidence/radiopaedia_14_slice_0052.npy,/kaggle/working/scribble-uncertainty-lung-segmentation/outputs/predictions/teacher_tta_probabilities/radiopaedia_14_slice_0052.npy,0.05,0,4604,65536,201,4252,0.8757904171943665,True
radiopaedia_14,53,/kaggle/working/scribble-uncertainty-lung-segmentation/data/pseudo_labels/teacher_tta_labels/radiopaedia_14_slice_0053.npy,/kaggle/working/scribble-uncertainty-lung-segmentation/data/pseudo_labels/teacher_tta_confidence/radiopaedia_14_slice_0053.npy,/kaggle/working/scribble-uncertainty-lung-segmentation/outputs/predictions/teacher_tta_probabilities/radiopaedia_14_slice_0053.npy,0.05,0,4730,65536,175,4049,0.8426927924156189,True
radiopaedia_14,54,/kaggle/working/scribble-uncertainty-lung-segmentation/data/pseudo_labels/teacher_tta_labels/radiopaedia_14_slice_0054.npy,/kaggle/working/scribble-uncertainty-lung-segmentation/data/pseudo_labels/teacher_tta_confidence/radiopaedia_14_slice_0054.npy,/kaggle/working/scribble-uncertainty-lung-segmentation/outputs/predictions/teacher_tta_probabilities/radiopaedia_14_slice_0054.npy,0.05,0,5056,65536,221,4492,0.8487641215324402,True
radiopaedia_14,55,/kaggle/working/scribble-uncertainty-lung-segmentation/data/pseudo_labels/teacher_tta_labels/radiopaedia_14_slice_0055.npy,/kaggle/working/scribble-uncertainty-lung-segmentation/data/pseudo_labels/teacher_tta_confidence/radiopaedia_14_slice_0055.npy,/kaggle/working/scribble-uncertainty-lung-segmentation/outputs/predictions/teacher_tta_probabilities/radiopaedia_14_slice_0055.npy,0.05,0,5308,65536,202,4119,0.7985573410987854,True
radiopaedia_14,56,/kaggle/working/scribble-uncertainty-lung-segmentation/data/pseudo_labels/teacher_tta_labels/radiopaedia_14_slice_0056.npy,/kaggle/working/scribble-uncertainty-lung-segmentation/data/pseudo_labels/teacher_tta_confidence/radiopaedia_14_slice_0056.npy,/kaggle/working/scribble-uncertainty-lung-segmentation/outputs/predictions/teacher_tta_probabilities/radiopaedia_14_slice_0056.npy,0.05,0,5260,65536,216,4213,0.7790562510490417,True
radiopaedia_14,57,/kaggle/working/scribble-uncertainty-lung-segmentation/data/pseudo_labels/teacher_tta_labels/radiopaedia_14_slice_0057.npy,/kaggle/working/scribble-uncertainty-lung-segmentation/data/pseudo_labels/teacher_tta_confidence/radiopaedia_14_slice_0057.npy,/kaggle/working/scribble-uncertainty-lung-segmentation/outputs/predictions/teacher_tta_probabilities/radiopaedia_14_slice_0057.npy,0.05,0,5922,65536,239,4311,0.7778754830360413,True
radiopaedia_14,58,/kaggle/working/scribble-uncertainty-lung-segmentation/data/pseudo_labels/teacher_tta_labels/radiopaedia_14_slice_0058.npy,/kaggle/working/scribble-uncertainty-lung-segmentation/data/pseudo_labels/teacher_tta_confidence/radiopaedia_14_slice_0058.npy,/kaggle/working/scribble-uncertainty-lung-segmentation/outputs/predictions/teacher_tta_probabilities/radiopaedia_14_slice_0058.npy,0.05,0,6610,65536,274,5781,0.8331853747367859,True
radiopaedia_14,59,/kaggle/working/scribble-uncertainty-lung-segmentation/data/pseudo_labels/teacher_tta_labels/radiopaedia_14_slice_0059.npy,/kaggle/working/scribble-uncertainty-lung-segmentation/data/pseudo_labels/teacher_tta_confidence/radiopaedia_14_slice_0059.npy,/kaggle/working/scribble-uncertainty-lung-segmentation/outputs/predictions/teacher_tta_probabilities/radiopaedia_14_slice_0059.npy,0.05,0,7064,65536,295,5513,0.8345392346382141,True
radiopaedia_14,60,/kaggle/working/scribble-uncertainty-lung-segmentation/data/pseudo_labels/teacher_tta_labels/radiopaedia_14_slice_0060.npy,/kaggle/working/scribble-uncertainty-lung-segmentation/data/pseudo_labels/teacher_tta_confidence/radiopaedia_14_slice_0060.npy,/kaggle/working/scribble-uncertainty-lung-segmentation/outputs/predictions/teacher_tta_probabilities/radiopaedia_14_slice_0060.npy,0.05,0,6723,65536,301,5932,0.8270248770713806,True
radiopaedia_14,61,/kaggle/working/scribble-uncertainty-lung-segmentation/data/pseudo_labels/teacher_tta_labels/radiopaedia_14_slice_0061.npy,/kaggle/working/scribble-uncertainty-lung-segmentation/data/pseudo_labels/teacher_tta_confidence/radiopaedia_14_slice_0061.npy,/kaggle/working/scribble-uncertainty-lung-segmentation/outputs/predictions/teacher_tta_probabilities/radiopaedia_14_slice_0061.npy,0.05,0,6781,65536,284,5919,0.818425178527832,True
radiopaedia_14,62,/kaggle/working/scribble-uncertainty-lung-segmentation/data/pseudo_labels/teacher_tta_labels/radiopaedia_14_slice_0062.npy,/kaggle/working/scribble-uncertainty-lung-segmentation/data/pseudo_labels/teacher_tta_confidence/radiopaedia_14_slice_0062.npy,/kaggle/working/scribble-uncertainty-lung-segmentation/outputs/predictions/teacher_tta_probabilities/radiopaedia_14_slice_0062.npy,0.05,0,6931,65536,260,6357,0.8314268589019775,True
radiopaedia_14,63,/kaggle/working/scribble-uncertainty-lung-segmentation/data/pseudo_labels/teacher_tta_labels/radiopaedia_14_slice_0063.npy,/kaggle/working/scribble-uncertainty-lung-segmentation/data/pseudo_labels/teacher_tta_confidence/radiopaedia_14_slice_0063.npy,/kaggle/working/scribble-uncertainty-lung-segmentation/outputs/predictions/teacher_tta_probabilities/radiopaedia_14_slice_0063.npy,0.05,0,6041,65536,228,5806,0.811007022857666,True
radiopaedia_14,64,/kaggle/working/scribble-uncertainty-lung-segmentation/data/pseudo_labels/teacher_tta_labels/radiopaedia_14_slice_0064.npy,/kaggle/working/scribble-uncertainty-lung-segmentation/data/pseudo_labels/teacher_tta_confidence/radiopaedia_14_slice_0064.npy,/kaggle/working/scribble-uncertainty-lung-segmentation/outputs/predictions/teacher_tta_probabilities/radiopaedia_14_slice_0064.npy,0.05,0,5436,65536,217,5796,0.8238959908485413,True
radiopaedia_14,65,/kaggle/working/scribble-uncertainty-lung-segmentation/data/pseudo_labels/teacher_tta_labels/radiopaedia_14_slice_0065.npy,/kaggle/working/scribble-uncertainty-lung-segmentation/data/pseudo_labels/teacher_tta_confidence/radiopaedia_14_slice_0065.npy,/kaggle/working/scribble-uncertainty-lung-segmentation/outputs/predictions/teacher_tta_probabilities/radiopaedia_14_slice_0065.npy,0.05,0,4757,65536,184,4223,0.7859688401222229,True
radiopaedia_14,66,/kaggle/working/scribble-uncertainty-lung-segmentation/data/pseudo_labels/teacher_tta_labels/radiopaedia_14_slice_0066.npy,/kaggle/working/scribble-uncertainty-lung-segmentation/data/pseudo_labels/teacher_tta_confidence/radiopaedia_14_slice_0066.npy,/kaggle/working/scribble-uncertainty-lung-segmentation/outputs/predictions/teacher_tta_probabilities/radiopaedia_14_slice_0066.npy,0.05,0,4316,65536,190,3778,0.8393871784210205,True
radiopaedia_14,67,/kaggle/working/scribble-uncertainty-lung-segmentation/data/pseudo_labels/teacher_tta_labels/radiopaedia_14_slice_0067.npy,/kaggle/working/scribble-uncertainty-lung-segmentation/data/pseudo_labels/teacher_tta_confidence/radiopaedia_14_slice_0067.npy,/kaggle/working/scribble-uncertainty-lung-segmentation/outputs/predictions/teacher_tta_probabilities/radiopaedia_14_slice_0067.npy,0.05,0,3860,65536,166,3775,0.869417130947113,True
radiopaedia_14,68,/kaggle/working/scribble-uncertainty-lung-segmentation/data/pseudo_labels/teacher_tta_labels/radiopaedia_14_slice_0068.npy,/kaggle/working/scribble-uncertainty-lung-segmentation/data/pseudo_labels/teacher_tta_confidence/radiopaedia_14_slice_0068.npy,/kaggle/working/scribble-uncertainty-lung-segmentation/outputs/predictions/teacher_tta_probabilities/radiopaedia_14_slice_0068.npy,0.05,0,3875,65536,163,3767,0.8827531933784485,True
radiopaedia_14,69,/kaggle/working/scribble-uncertainty-lung-segmentation/data/pseudo_labels/teacher_tta_labels/radiopaedia_14_slice_0069.npy,/kaggle/working/scribble-uncertainty-lung-segmentation/data/pseudo_labels/teacher_tta_confidence/radiopaedia_14_slice_0069.npy,/kaggle/working/scribble-uncertainty-lung-segmentation/outputs/predictions/teacher_tta_probabilities/radiopaedia_14_slice_0069.npy,0.05,0,3667,65536,169,4110,0.85251384973526,True
radiopaedia_14,70,/kaggle/working/scribble-uncertainty-lung-segmentation/data/pseudo_labels/teacher_tta_labels/radiopaedia_14_slice_0070.npy,/kaggle/working/scribble-uncertainty-lung-segmentation/data/pseudo_labels/teacher_tta_confidence/radiopaedia_14_slice_0070.npy,/kaggle/working/scribble-uncertainty-lung-segmentation/outputs/predictions/teacher_tta_probabilities/radiopaedia_14_slice_0070.npy,0.05,0,4165,65536,177,4076,0.888241708278656,True
radiopaedia_14,71,/kaggle/working/scribble-uncertainty-lung-segmentation/data/pseudo_labels/teacher_tta_labels/radiopaedia_14_slice_0071.npy,/kaggle/working/scribble-uncertainty-lung-segmentation/data/pseudo_labels/teacher_tta_confidence/radiopaedia_14_slice_0071.npy,/kaggle/working/scribble-uncertainty-lung-segmentation/outputs/predictions/teacher_tta_probabilities/radiopaedia_14_slice_0071.npy,0.05,0,4167,65536,188,4569,0.7651098966598511,True
radiopaedia_14,72,/kaggle/working/scribble-uncertainty-lung-segmentation/data/pseudo_labels/teacher_tta_labels/radiopaedia_14_slice_0072.npy,/kaggle/working/scribble-uncertainty-lung-segmentation/data/pseudo_labels/teacher_tta_confidence/radiopaedia_14_slice_0072.npy,/kaggle/working/scribble-uncertainty-lung-segmentation/outputs/predictions/teacher_tta_probabilities/radiopaedia_14_slice_0072.npy,0.05,0,3668,65536,151,3349,0.8148781657218933,True
radiopaedia_14,73,/kaggle/working/scribble-uncertainty-lung-segmentation/data/pseudo_labels/teacher_tta_labels/radiopaedia_14_slice_0073.npy,/kaggle/working/scribble-uncertainty-lung-segmentation/data/pseudo_labels/teacher_tta_confidence/radiopaedia_14_slice_0073.npy,/kaggle/working/scribble-uncertainty-lung-segmentation/outputs/predictions/teacher_tta_probabilities/radiopaedia_14_slice_0073.npy,0.05,0,3784,65536,175,3536,0.7923497557640076,True
radiopaedia_14,74,/kaggle/working/scribble-uncertainty-lung-segmentation/data/pseudo_labels/teacher_tta_labels/radiopaedia_14_slice_0074.npy,/kaggle/working/scribble-uncertainty-lung-segmentation/data/pseudo_labels/teacher_tta_confidence/radiopaedia_14_slice_0074.npy,/kaggle/working/scribble-uncertainty-lung-segmentation/outputs/predictions/teacher_tta_probabilities/radiopaedia_14_slice_0074.npy,0.05,0,3992,65536,141,3266,0.7944337129592896,True
radiopaedia_14,75,/kaggle/working/scribble-uncertainty-lung-segmentation/data/pseudo_labels/teacher_tta_labels/radiopaedia_14_slice_0075.npy,/kaggle/working/scribble-uncertainty-lung-segmentation/data/pseudo_labels/teacher_tta_confidence/radiopaedia_14_slice_0075.npy,/kaggle/working/scribble-uncertainty-lung-segmentation/outputs/predictions/teacher_tta_probabilities/radiopaedia_14_slice_0075.npy,0.05,0,3160,65536,130,2636,0.8512767553329468,True
radiopaedia_14,76,/kaggle/working/scribble-uncertainty-lung-segmentation/data/pseudo_labels/teacher_tta_labels/radiopaedia_14_slice_0076.npy,/kaggle/working/scribble-uncertainty-lung-segmentation/data/pseudo_labels/teacher_tta_confidence/radiopaedia_14_slice_0076.npy,/kaggle/working/scribble-uncertainty-lung-segmentation/outputs/predictions/teacher_tta_probabilities/radiopaedia_14_slice_0076.npy,0.05,0,2944,65536,116,3101,0.8244830369949341,True
radiopaedia_14,77,/kaggle/working/scribble-uncertainty-lung-segmentation/data/pseudo_labels/teacher_tta_labels/radiopaedia_14_slice_0077.npy,/kaggle/working/scribble-uncertainty-lung-segmentation/data/pseudo_labels/teacher_tta_confidence/radiopaedia_14_slice_0077.npy,/kaggle/working/scribble-uncertainty-lung-segmentation/outputs/predictions/teacher_tta_probabilities/radiopaedia_14_slice_0077.npy,0.05,0,2319,65536,109,2248,0.7703087329864502,True
radiopaedia_14,78,/kaggle/working/scribble-uncertainty-lung-segmentation/data/pseudo_labels/teacher_tta_labels/radiopaedia_14_slice_0078.npy,/kaggle/working/scribble-uncertainty-lung-segmentation/data/pseudo_labels/teacher_tta_confidence/radiopaedia_14_slice_0078.npy,/kaggle/working/scribble-uncertainty-lung-segmentation/outputs/predictions/teacher_tta_probabilities/radiopaedia_14_slice_0078.npy,0.05,0,2379,65536,134,2808,0.787738561630249,True
radiopaedia_14,79,/kaggle/working/scribble-uncertainty-lung-segmentation/data/pseudo_labels/teacher_tta_labels/radiopaedia_14_slice_0079.npy,/kaggle/working/scribble-uncertainty-lung-segmentation/data/pseudo_labels/teacher_tta_confidence/radiopaedia_14_slice_0079.npy,/kaggle/working/scribble-uncertainty-lung-segmentation/outputs/predictions/teacher_tta_probabilities/radiopaedia_14_slice_0079.npy,0.05,0,2384,65536,108,2698,0.7516725659370422,True
radiopaedia_14,80,/kaggle/working/scribble-uncertainty-lung-segmentation/data/pseudo_labels/teacher_tta_labels/radiopaedia_14_slice_0080.npy,/kaggle/working/scribble-uncertainty-lung-segmentation/data/pseudo_labels/teacher_tta_confidence/radiopaedia_14_slice_0080.npy,/kaggle/working/scribble-uncertainty-lung-segmentation/outputs/predictions/teacher_tta_probabilities/radiopaedia_14_slice_0080.npy,0.05,0,2350,65536,125,2411,0.7553035020828247,True
radiopaedia_14,81,/kaggle/working/scribble-uncertainty-lung-segmentation/data/pseudo_labels/teacher_tta_labels/radiopaedia_14_slice_0081.npy,/kaggle/working/scribble-uncertainty-lung-segmentation/data/pseudo_labels/teacher_tta_confidence/radiopaedia_14_slice_0081.npy,/kaggle/working/scribble-uncertainty-lung-segmentation/outputs/predictions/teacher_tta_probabilities/radiopaedia_14_slice_0081.npy,0.05,0,2359,65536,102,2674,0.6926286220550537,True
radiopaedia_14,82,/kaggle/working/scribble-uncertainty-lung-segmentation/data/pseudo_labels/teacher_tta_labels/radiopaedia_14_slice_0082.npy,/kaggle/working/scribble-uncertainty-lung-segmentation/data/pseudo_labels/teacher_tta_confidence/radiopaedia_14_slice_0082.npy,/kaggle/working/scribble-uncertainty-lung-segmentation/outputs/predictions/teacher_tta_probabilities/radiopaedia_14_slice_0082.npy,0.05,0,1797,65536,97,2005,0.7722251415252686,True
radiopaedia_14,83,/kaggle/working/scribble-uncertainty-lung-segmentation/data/pseudo_labels/teacher_tta_labels/radiopaedia_14_slice_0083.npy,/kaggle/working/scribble-uncertainty-lung-segmentation/data/pseudo_labels/teacher_tta_confidence/radiopaedia_14_slice_0083.npy,/kaggle/working/scribble-uncertainty-lung-segmentation/outputs/predictions/teacher_tta_probabilities/radiopaedia_14_slice_0083.npy,0.05,0,1598,65536,98,2038,0.7546754479408264,True
radiopaedia_14,84,/kaggle/working/scribble-uncertainty-lung-segmentation/data/pseudo_labels/teacher_tta_labels/radiopaedia_14_slice_0084.npy,/kaggle/working/scribble-uncertainty-lung-segmentation/data/pseudo_labels/teacher_tta_confidence/radiopaedia_14_slice_0084.npy,/kaggle/working/scribble-uncertainty-lung-segmentation/outputs/predictions/teacher_tta_probabilities/radiopaedia_14_slice_0084.npy,0.05,0,1383,65536,85,1782,0.6382306218147278,True
radiopaedia_14,85,/kaggle/working/scribble-uncertainty-lung-segmentation/data/pseudo_labels/teacher_tta_labels/radiopaedia_14_slice_0085.npy,/kaggle/working/scribble-uncertainty-lung-segmentation/data/pseudo_labels/teacher_tta_confidence/radiopaedia_14_slice_0085.npy,/kaggle/working/scribble-uncertainty-lung-segmentation/outputs/predictions/teacher_tta_probabilities/radiopaedia_14_slice_0085.npy,0.05,0,1592,65536,85,1473,0.7510603666305542,True
radiopaedia_14,86,/kaggle/working/scribble-uncertainty-lung-segmentation/data/pseudo_labels/teacher_tta_labels/radiopaedia_14_slice_0086.npy,/kaggle/working/scribble-uncertainty-lung-segmentation/data/pseudo_labels/teacher_tta_confidence/radiopaedia_14_slice_0086.npy,/kaggle/working/scribble-uncertainty-lung-segmentation/outputs/predictions/teacher_tta_probabilities/radiopaedia_14_slice_0086.npy,0.05,0,1456,65536,56,1057,0.6597691774368286,True
radiopaedia_14,87,/kaggle/working/scribble-uncertainty-lung-segmentation/data/pseudo_labels/teacher_tta_labels/radiopaedia_14_slice_0087.npy,/kaggle/working/scribble-uncertainty-lung-segmentation/data/pseudo_labels/teacher_tta_confidence/radiopaedia_14_slice_0087.npy,/kaggle/working/scribble-uncertainty-lung-segmentation/outputs/predictions/teacher_tta_probabilities/radiopaedia_14_slice_0087.npy,0.05,0,1560,65536,47,1211,0.7672320604324341,True
radiopaedia_14,88,/kaggle/working/scribble-uncertainty-lung-segmentation/data/pseudo_labels/teacher_tta_labels/radiopaedia_14_slice_0088.npy,/kaggle/working/scribble-uncertainty-lung-segmentation/data/pseudo_labels/teacher_tta_confidence/radiopaedia_14_slice_0088.npy,/kaggle/working/scribble-uncertainty-lung-segmentation/outputs/predictions/teacher_tta_probabilities/radiopaedia_14_slice_0088.npy,0.05,0,1119,65536,53,1054,0.7841693758964539,True
radiopaedia_14,89,/kaggle/working/scribble-uncertainty-lung-segmentation/data/pseudo_labels/teacher_tta_labels/radiopaedia_14_slice_0089.npy,/kaggle/working/scribble-uncertainty-lung-segmentation/data/pseudo_labels/teacher_tta_confidence/radiopaedia_14_slice_0089.npy,/kaggle/working/scribble-uncertainty-lung-segmentation/outputs/predictions/teacher_tta_probabilities/radiopaedia_14_slice_0089.npy,0.05,0,908,65536,58,860,0.7171945571899414,True
radiopaedia_14,90,/kaggle/working/scribble-uncertainty-lung-segmentation/data/pseudo_labels/teacher_tta_labels/radiopaedia_14_slice_0090.npy,/kaggle/working/scribble-uncertainty-lung-segmentation/data/pseudo_labels/teacher_tta_confidence/radiopaedia_14_slice_0090.npy,/kaggle/working/scribble-uncertainty-lung-segmentation/outputs/predictions/teacher_tta_probabilities/radiopaedia_14_slice_0090.npy,0.05,0,696,65536,41,718,0.7157001495361328,True
radiopaedia_14,91,/kaggle/working/scribble-uncertainty-lung-segmentation/data/pseudo_labels/teacher_tta_labels/radiopaedia_14_slice_0091.npy,/kaggle/working/scribble-uncertainty-lung-segmentation/data/pseudo_labels/teacher_tta_confidence/radiopaedia_14_slice_0091.npy,/kaggle/working/scribble-uncertainty-lung-segmentation/outputs/predictions/teacher_tta_probabilities/radiopaedia_14_slice_0091.npy,0.05,0,631,65536,44,825,0.7376373410224915,True
radiopaedia_14,92,/kaggle/working/scribble-uncertainty-lung-segmentation/data/pseudo_labels/teacher_tta_labels/radiopaedia_14_slice_0092.npy,/kaggle/working/scribble-uncertainty-lung-segmentation/data/pseudo_labels/teacher_tta_confidence/radiopaedia_14_slice_0092.npy,/kaggle/working/scribble-uncertainty-lung-segmentation/outputs/predictions/teacher_tta_probabilities/radiopaedia_14_slice_0092.npy,0.05,0,624,65536,49,818,0.6934812664985657,True
radiopaedia_14,93,/kaggle/working/scribble-uncertainty-lung-segmentation/data/pseudo_labels/teacher_tta_labels/radiopaedia_14_slice_0093.npy,/kaggle/working/scribble-uncertainty-lung-segmentation/data/pseudo_labels/teacher_tta_confidence/radiopaedia_14_slice_0093.npy,/kaggle/working/scribble-uncertainty-lung-segmentation/outputs/predictions/teacher_tta_probabilities/radiopaedia_14_slice_0093.npy,0.05,0,658,65536,46,835,0.673811137676239,True
radiopaedia_14,94,/kaggle/working/scribble-uncertainty-lung-segmentation/data/pseudo_labels/teacher_tta_labels/radiopaedia_14_slice_0094.npy,/kaggle/working/scribble-uncertainty-lung-segmentation/data/pseudo_labels/teacher_tta_confidence/radiopaedia_14_slice_0094.npy,/kaggle/working/scribble-uncertainty-lung-segmentation/outputs/predictions/teacher_tta_probabilities/radiopaedia_14_slice_0094.npy,0.05,0,549,65536,19,567,0.7795698642730713,True
radiopaedia_14,95,/kaggle/working/scribble-uncertainty-lung-segmentation/data/pseudo_labels/teacher_tta_labels/radiopaedia_14_slice_0095.npy,/kaggle/working/scribble-uncertainty-lung-segmentation/data/pseudo_labels/teacher_tta_confidence/radiopaedia_14_slice_0095.npy,/kaggle/working/scribble-uncertainty-lung-segmentation/outputs/predictions/teacher_tta_probabilities/radiopaedia_14_slice_0095.npy,0.05,0,260,65536,16,447,0.698727011680603,True
radiopaedia_14,96,/kaggle/working/scribble-uncertainty-lung-segmentation/data/pseudo_labels/teacher_tta_labels/radiopaedia_14_slice_0096.npy,/kaggle/working/scribble-uncertainty-lung-segmentation/data/pseudo_labels/teacher_tta_confidence/radiopaedia_14_slice_0096.npy,/kaggle/working/scribble-uncertainty-lung-segmentation/outputs/predictions/teacher_tta_probabilities/radiopaedia_14_slice_0096.npy,0.05,0,349,65536,20,370,0.6675938963890076,True
radiopaedia_14,97,/kaggle/working/scribble-uncertainty-lung-segmentation/data/pseudo_labels/teacher_tta_labels/radiopaedia_14_slice_0097.npy,/kaggle/working/scribble-uncertainty-lung-segmentation/data/pseudo_labels/teacher_tta_confidence/radiopaedia_14_slice_0097.npy,/kaggle/working/scribble-uncertainty-lung-segmentation/outputs/predictions/teacher_tta_probabilities/radiopaedia_14_slice_0097.npy,0.05,0,226,65536,24,395,0.6376811861991882,True
radiopaedia_14,98,/kaggle/working/scribble-uncertainty-lung-segmentation/data/pseudo_labels/teacher_tta_labels/radiopaedia_14_slice_0098.npy,/kaggle/working/scribble-uncertainty-lung-segmentation/data/pseudo_labels/teacher_tta_confidence/radiopaedia_14_slice_0098.npy,/kaggle/working/scribble-uncertainty-lung-segmentation/outputs/predictions/teacher_tta_probabilities/radiopaedia_14_slice_0098.npy,0.05,0,83,65536,18,305,0.39175257086753845,True
radiopaedia_14,99,/kaggle/working/scribble-uncertainty-lung-segmentation/data/pseudo_labels/teacher_tta_labels/radiopaedia_14_slice_0099.npy,/kaggle/working/scribble-uncertainty-lung-segmentation/data/pseudo_labels/teacher_tta_confidence/radiopaedia_14_slice_0099.npy,/kaggle/working/scribble-uncertainty-lung-segmentation/outputs/predictions/teacher_tta_probabilities/radiopaedia_14_slice_0099.npy,0.05,0,19,65536,19,220,0.1589958220720291,True
radiopaedia_14,100,/kaggle/working/scribble-uncertainty-lung-segmentation/data/pseudo_labels/teacher_tta_labels/radiopaedia_14_slice_0100.npy,/kaggle/working/scribble-uncertainty-lung-segmentation/data/pseudo_labels/teacher_tta_confidence/radiopaedia_14_slice_0100.npy,/kaggle/working/scribble-uncertainty-lung-segmentation/outputs/predictions/teacher_tta_probabilities/radiopaedia_14_slice_0100.npy,0.05,0,12,65536,12,127,0.17266187071800232,True
radiopaedia_14,101,/kaggle/working/scribble-uncertainty-lung-segmentation/data/pseudo_labels/teacher_tta_labels/radiopaedia_14_slice_0101.npy,/kaggle/working/scribble-uncertainty-lung-segmentation/data/pseudo_labels/teacher_tta_confidence/radiopaedia_14_slice_0101.npy,/kaggle/working/scribble-uncertainty-lung-segmentation/outputs/predictions/teacher_tta_probabilities/radiopaedia_14_slice_0101.npy,0.05,0,4,65536,4,48,0.1538461595773697,True
radiopaedia_14,102,/kaggle/working/scribble-uncertainty-lung-segmentation/data/pseudo_labels/teacher_tta_labels/radiopaedia_14_slice_0102.npy,/kaggle/working/scribble-uncertainty-lung-segmentation/data/pseudo_labels/teacher_tta_confidence/radiopaedia_14_slice_0102.npy,/kaggle/working/scribble-uncertainty-lung-segmentation/outputs/predictions/teacher_tta_probabilities/radiopaedia_14_slice_0102.npy,0.05,0,4,65536,4,53,0.14035087823867798,True
radiopaedia_14,103,/kaggle/working/scribble-uncertainty-lung-segmentation/data/pseudo_labels/teacher_tta_labels/radiopaedia_14_slice_0103.npy,/kaggle/working/scribble-uncertainty-lung-segmentation/data/pseudo_labels/teacher_tta_confidence/radiopaedia_14_slice_0103.npy,/kaggle/working/scribble-uncertainty-lung-segmentation/outputs/predictions/teacher_tta_probabilities/radiopaedia_14_slice_0103.npy,0.05,0,0,65536,0,0,1.0,False
radiopaedia_14,104,/kaggle/working/scribble-uncertainty-lung-segmentation/data/pseudo_labels/teacher_tta_labels/radiopaedia_14_slice_0104.npy,/kaggle/working/scribble-uncertainty-lung-segmentation/data/pseudo_labels/teacher_tta_confidence/radiopaedia_14_slice_0104.npy,/kaggle/working/scribble-uncertainty-lung-segmentation/outputs/predictions/teacher_tta_probabilities/radiopaedia_14_slice_0104.npy,0.05,0,0,65536,0,0,1.0,False
radiopaedia_14,105,/kaggle/working/scribble-uncertainty-lung-segmentation/data/pseudo_labels/teacher_tta_labels/radiopaedia_14_slice_0105.npy,/kaggle/working/scribble-uncertainty-lung-segmentation/data/pseudo_labels/teacher_tta_confidence/radiopaedia_14_slice_0105.npy,/kaggle/working/scribble-uncertainty-lung-segmentation/outputs/predictions/teacher_tta_probabilities/radiopaedia_14_slice_0105.npy,0.05,0,0,65536,0,0,1.0,False
radiopaedia_14,106,/kaggle/working/scribble-uncertainty-lung-segmentation/data/pseudo_labels/teacher_tta_labels/radiopaedia_14_slice_0106.npy,/kaggle/working/scribble-uncertainty-lung-segmentation/data/pseudo_labels/teacher_tta_confidence/radiopaedia_14_slice_0106.npy,/kaggle/working/scribble-uncertainty-lung-segmentation/outputs/predictions/teacher_tta_probabilities/radiopaedia_14_slice_0106.npy,0.05,0,0,65536,0,0,1.0,False
radiopaedia_14,107,/kaggle/working/scribble-uncertainty-lung-segmentation/data/pseudo_labels/teacher_tta_labels/radiopaedia_14_slice_0107.npy,/kaggle/working/scribble-uncertainty-lung-segmentation/data/pseudo_labels/teacher_tta_confidence/radiopaedia_14_slice_0107.npy,/kaggle/working/scribble-uncertainty-lung-segmentation/outputs/predictions/teacher_tta_probabilities/radiopaedia_14_slice_0107.npy,0.05,0,0,65536,0,0,1.0,False
radiopaedia_27,5,/kaggle/working/scribble-uncertainty-lung-segmentation/data/pseudo_labels/teacher_tta_labels/radiopaedia_27_slice_0005.npy,/kaggle/working/scribble-uncertainty-lung-segmentation/data/pseudo_labels/teacher_tta_confidence/radiopaedia_27_slice_0005.npy,/kaggle/working/scribble-uncertainty-lung-segmentation/outputs/predictions/teacher_tta_probabilities/radiopaedia_27_slice_0005.npy,0.05,0,0,65536,0,0,1.0,False
radiopaedia_27,6,/kaggle/working/scribble-uncertainty-lung-segmentation/data/pseudo_labels/teacher_tta_labels/radiopaedia_27_slice_0006.npy,/kaggle/working/scribble-uncertainty-lung-segmentation/data/pseudo_labels/teacher_tta_confidence/radiopaedia_27_slice_0006.npy,/kaggle/working/scribble-uncertainty-lung-segmentation/outputs/predictions/teacher_tta_probabilities/radiopaedia_27_slice_0006.npy,0.05,0,0,65536,0,0,1.0,False
radiopaedia_27,7,/kaggle/working/scribble-uncertainty-lung-segmentation/data/pseudo_labels/teacher_tta_labels/radiopaedia_27_slice_0007.npy,/kaggle/working/scribble-uncertainty-lung-segmentation/data/pseudo_labels/teacher_tta_confidence/radiopaedia_27_slice_0007.npy,/kaggle/working/scribble-uncertainty-lung-segmentation/outputs/predictions/teacher_tta_probabilities/radiopaedia_27_slice_0007.npy,0.05,0,0,65536,0,0,1.0,False
radiopaedia_27,8,/kaggle/working/scribble-uncertainty-lung-segmentation/data/pseudo_labels/teacher_tta_labels/radiopaedia_27_slice_0008.npy,/kaggle/working/scribble-uncertainty-lung-segmentation/data/pseudo_labels/teacher_tta_confidence/radiopaedia_27_slice_0008.npy,/kaggle/working/scribble-uncertainty-lung-segmentation/outputs/predictions/teacher_tta_probabilities/radiopaedia_27_slice_0008.npy,0.05,0,89,65536,4,44,0.646616518497467,True
radiopaedia_27,9,/kaggle/working/scribble-uncertainty-lung-segmentation/data/pseudo_labels/teacher_tta_labels/radiopaedia_27_slice_0009.npy,/kaggle/working/scribble-uncertainty-lung-segmentation/data/pseudo_labels/teacher_tta_confidence/radiopaedia_27_slice_0009.npy,/kaggle/working/scribble-uncertainty-lung-segmentation/outputs/predictions/teacher_tta_probabilities/radiopaedia_27_slice_0009.npy,0.05,0,249,65536,11,241,0.8122448921203613,True
radiopaedia_27,10,/kaggle/working/scribble-uncertainty-lung-segmentation/data/pseudo_labels/teacher_tta_labels/radiopaedia_27_slice_0010.npy,/kaggle/working/scribble-uncertainty-lung-segmentation/data/pseudo_labels/teacher_tta_confidence/radiopaedia_27_slice_0010.npy,/kaggle/working/scribble-uncertainty-lung-segmentation/outputs/predictions/teacher_tta_probabilities/radiopaedia_27_slice_0010.npy,0.05,0,611,65536,12,359,0.7298969030380249,True
radiopaedia_27,11,/kaggle/working/scribble-uncertainty-lung-segmentation/data/pseudo_labels/teacher_tta_labels/radiopaedia_27_slice_0011.npy,/kaggle/working/scribble-uncertainty-lung-segmentation/data/pseudo_labels/teacher_tta_confidence/radiopaedia_27_slice_0011.npy,/kaggle/working/scribble-uncertainty-lung-segmentation/outputs/predictions/teacher_tta_probabilities/radiopaedia_27_slice_0011.npy,0.05,0,1127,65536,31,647,0.6922209858894348,True
radiopaedia_27,12,/kaggle/working/scribble-uncertainty-lung-segmentation/data/pseudo_labels/teacher_tta_labels/radiopaedia_27_slice_0012.npy,/kaggle/working/scribble-uncertainty-lung-segmentation/data/pseudo_labels/teacher_tta_confidence/radiopaedia_27_slice_0012.npy,/kaggle/working/scribble-uncertainty-lung-segmentation/outputs/predictions/teacher_tta_probabilities/radiopaedia_27_slice_0012.npy,0.05,0,1463,65536,30,814,0.7149758338928223,True
radiopaedia_27,13,/kaggle/working/scribble-uncertainty-lung-segmentation/data/pseudo_labels/teacher_tta_labels/radiopaedia_27_slice_0013.npy,/kaggle/working/scribble-uncertainty-lung-segmentation/data/pseudo_labels/teacher_tta_confidence/radiopaedia_27_slice_0013.npy,/kaggle/working/scribble-uncertainty-lung-segmentation/outputs/predictions/teacher_tta_probabilities/radiopaedia_27_slice_0013.npy,0.05,0,1731,65536,52,1440,0.8571428656578064,True
radiopaedia_27,14,/kaggle/working/scribble-uncertainty-lung-segmentation/data/pseudo_labels/teacher_tta_labels/radiopaedia_27_slice_0014.npy,/kaggle/working/scribble-uncertainty-lung-segmentation/data/pseudo_labels/teacher_tta_confidence/radiopaedia_27_slice_0014.npy,/kaggle/working/scribble-uncertainty-lung-segmentation/outputs/predictions/teacher_tta_probabilities/radiopaedia_27_slice_0014.npy,0.05,0,1994,65536,48,1514,0.8523375391960144,True
radiopaedia_27,15,/kaggle/working/scribble-uncertainty-lung-segmentation/data/pseudo_labels/teacher_tta_labels/radiopaedia_27_slice_0015.npy,/kaggle/working/scribble-uncertainty-lung-segmentation/data/pseudo_labels/teacher_tta_confidence/radiopaedia_27_slice_0015.npy,/kaggle/working/scribble-uncertainty-lung-segmentation/outputs/predictions/teacher_tta_probabilities/radiopaedia_27_slice_0015.npy,0.05,0,2196,65536,47,2080,0.8526660203933716,True
radiopaedia_27,16,/kaggle/working/scribble-uncertainty-lung-segmentation/data/pseudo_labels/teacher_tta_labels/radiopaedia_27_slice_0016.npy,/kaggle/working/scribble-uncertainty-lung-segmentation/data/pseudo_labels/teacher_tta_confidence/radiopaedia_27_slice_0016.npy,/kaggle/working/scribble-uncertainty-lung-segmentation/outputs/predictions/teacher_tta_probabilities/radiopaedia_27_slice_0016.npy,0.05,0,2810,65536,76,2024,0.7538270354270935,True
radiopaedia_27,17,/kaggle/working/scribble-uncertainty-lung-segmentation/data/pseudo_labels/teacher_tta_labels/radiopaedia_27_slice_0017.npy,/kaggle/working/scribble-uncertainty-lung-segmentation/data/pseudo_labels/teacher_tta_confidence/radiopaedia_27_slice_0017.npy,/kaggle/working/scribble-uncertainty-lung-segmentation/outputs/predictions/teacher_tta_probabilities/radiopaedia_27_slice_0017.npy,0.05,0,3486,65536,73,1826,0.6649096608161926,True
radiopaedia_27,18,/kaggle/working/scribble-uncertainty-lung-segmentation/data/pseudo_labels/teacher_tta_labels/radiopaedia_27_slice_0018.npy,/kaggle/working/scribble-uncertainty-lung-segmentation/data/pseudo_labels/teacher_tta_confidence/radiopaedia_27_slice_0018.npy,/kaggle/working/scribble-uncertainty-lung-segmentation/outputs/predictions/teacher_tta_probabilities/radiopaedia_27_slice_0018.npy,0.05,0,4012,65536,69,2487,0.7376519441604614,True
radiopaedia_27,19,/kaggle/working/scribble-uncertainty-lung-segmentation/data/pseudo_labels/teacher_tta_labels/radiopaedia_27_slice_0019.npy,/kaggle/working/scribble-uncertainty-lung-segmentation/data/pseudo_labels/teacher_tta_confidence/radiopaedia_27_slice_0019.npy,/kaggle/working/scribble-uncertainty-lung-segmentation/outputs/predictions/teacher_tta_probabilities/radiopaedia_27_slice_0019.npy,0.05,0,3052,65536,109,2193,0.776358425617218,True
radiopaedia_27,20,/kaggle/working/scribble-uncertainty-lung-segmentation/data/pseudo_labels/teacher_tta_labels/radiopaedia_27_slice_0020.npy,/kaggle/working/scribble-uncertainty-lung-segmentation/data/pseudo_labels/teacher_tta_confidence/radiopaedia_27_slice_0020.npy,/kaggle/working/scribble-uncertainty-lung-segmentation/outputs/predictions/teacher_tta_probabilities/radiopaedia_27_slice_0020.npy,0.05,0,2704,65536,108,2850,0.826431393623352,True
radiopaedia_27,21,/kaggle/working/scribble-uncertainty-lung-segmentation/data/pseudo_labels/teacher_tta_labels/radiopaedia_27_slice_0021.npy,/kaggle/working/scribble-uncertainty-lung-segmentation/data/pseudo_labels/teacher_tta_confidence/radiopaedia_27_slice_0021.npy,/kaggle/working/scribble-uncertainty-lung-segmentation/outputs/predictions/teacher_tta_probabilities/radiopaedia_27_slice_0021.npy,0.05,0,2985,65536,106,2694,0.8121148347854614,True
radiopaedia_27,22,/kaggle/working/scribble-uncertainty-lung-segmentation/data/pseudo_labels/teacher_tta_labels/radiopaedia_27_slice_0022.npy,/kaggle/working/scribble-uncertainty-lung-segmentation/data/pseudo_labels/teacher_tta_confidence/radiopaedia_27_slice_0022.npy,/kaggle/working/scribble-uncertainty-lung-segmentation/outputs/predictions/teacher_tta_probabilities/radiopaedia_27_slice_0022.npy,0.05,0,2575,65536,109,2655,0.8409177660942078,True
radiopaedia_27,23,/kaggle/working/scribble-uncertainty-lung-segmentation/data/pseudo_labels/teacher_tta_labels/radiopaedia_27_slice_0023.npy,/kaggle/working/scribble-uncertainty-lung-segmentation/data/pseudo_labels/teacher_tta_confidence/radiopaedia_27_slice_0023.npy,/kaggle/working/scribble-uncertainty-lung-segmentation/outputs/predictions/teacher_tta_probabilities/radiopaedia_27_slice_0023.npy,0.05,0,2425,65536,81,2052,0.831807017326355,True
radiopaedia_27,24,/kaggle/working/scribble-uncertainty-lung-segmentation/data/pseudo_labels/teacher_tta_labels/radiopaedia_27_slice_0024.npy,/kaggle/working/scribble-uncertainty-lung-segmentation/data/pseudo_labels/teacher_tta_confidence/radiopaedia_27_slice_0024.npy,/kaggle/working/scribble-uncertainty-lung-segmentation/outputs/predictions/teacher_tta_probabilities/radiopaedia_27_slice_0024.npy,0.05,0,2379,65536,100,1859,0.7673431038856506,True
radiopaedia_27,25,/kaggle/working/scribble-uncertainty-lung-segmentation/data/pseudo_labels/teacher_tta_labels/radiopaedia_27_slice_0025.npy,/kaggle/working/scribble-uncertainty-lung-segmentation/data/pseudo_labels/teacher_tta_confidence/radiopaedia_27_slice_0025.npy,/kaggle/working/scribble-uncertainty-lung-segmentation/outputs/predictions/teacher_tta_probabilities/radiopaedia_27_slice_0025.npy,0.05,0,2344,65536,119,1913,0.789758026599884,True
radiopaedia_27,26,/kaggle/working/scribble-uncertainty-lung-segmentation/data/pseudo_labels/teacher_tta_labels/radiopaedia_27_slice_0026.npy,/kaggle/working/scribble-uncertainty-lung-segmentation/data/pseudo_labels/teacher_tta_confidence/radiopaedia_27_slice_0026.npy,/kaggle/working/scribble-uncertainty-lung-segmentation/outputs/predictions/teacher_tta_probabilities/radiopaedia_27_slice_0026.npy,0.05,0,2131,65536,98,1864,0.8355444073677063,True
radiopaedia_27,27,/kaggle/working/scribble-uncertainty-lung-segmentation/data/pseudo_labels/teacher_tta_labels/radiopaedia_27_slice_0027.npy,/kaggle/working/scribble-uncertainty-lung-segmentation/data/pseudo_labels/teacher_tta_confidence/radiopaedia_27_slice_0027.npy,/kaggle/working/scribble-uncertainty-lung-segmentation/outputs/predictions/teacher_tta_probabilities/radiopaedia_27_slice_0027.npy,0.05,0,2277,65536,98,2282,0.8484316468238831,True
radiopaedia_27,28,/kaggle/working/scribble-uncertainty-lung-segmentation/data/pseudo_labels/teacher_tta_labels/radiopaedia_27_slice_0028.npy,/kaggle/working/scribble-uncertainty-lung-segmentation/data/pseudo_labels/teacher_tta_confidence/radiopaedia_27_slice_0028.npy,/kaggle/working/scribble-uncertainty-lung-segmentation/outputs/predictions/teacher_tta_probabilities/radiopaedia_27_slice_0028.npy,0.05,0,2322,65536,91,2019,0.876756489276886,True
radiopaedia_27,29,/kaggle/working/scribble-uncertainty-lung-segmentation/data/pseudo_labels/teacher_tta_labels/radiopaedia_27_slice_0029.npy,/kaggle/working/scribble-uncertainty-lung-segmentation/data/pseudo_labels/teacher_tta_confidence/radiopaedia_27_slice_0029.npy,/kaggle/working/scribble-uncertainty-lung-segmentation/outputs/predictions/teacher_tta_probabilities/radiopaedia_27_slice_0029.npy,0.05,0,1972,65536,118,1832,0.8401682376861572,True
radiopaedia_27,30,/kaggle/working/scribble-uncertainty-lung-segmentation/data/pseudo_labels/teacher_tta_labels/radiopaedia_27_slice_0030.npy,/kaggle/working/scribble-uncertainty-lung-segmentation/data/pseudo_labels/teacher_tta_confidence/radiopaedia_27_slice_0030.npy,/kaggle/working/scribble-uncertainty-lung-segmentation/outputs/predictions/teacher_tta_probabilities/radiopaedia_27_slice_0030.npy,0.05,0,2107,65536,85,1614,0.7906476855278015,True
radiopaedia_27,31,/kaggle/working/scribble-uncertainty-lung-segmentation/data/pseudo_labels/teacher_tta_labels/radiopaedia_27_slice_0031.npy,/kaggle/working/scribble-uncertainty-lung-segmentation/data/pseudo_labels/teacher_tta_confidence/radiopaedia_27_slice_0031.npy,/kaggle/working/scribble-uncertainty-lung-segmentation/outputs/predictions/teacher_tta_probabilities/radiopaedia_27_slice_0031.npy,0.05,0,2119,65536,107,1591,0.8177897334098816,True
radiopaedia_27,32,/kaggle/working/scribble-uncertainty-lung-segmentation/data/pseudo_labels/teacher_tta_labels/radiopaedia_27_slice_0032.npy,/kaggle/working/scribble-uncertainty-lung-segmentation/data/pseudo_labels/teacher_tta_confidence/radiopaedia_27_slice_0032.npy,/kaggle/working/scribble-uncertainty-lung-segmentation/outputs/predictions/teacher_tta_probabilities/radiopaedia_27_slice_0032.npy,0.05,0,1560,65536,103,1392,0.8116531372070312,True
radiopaedia_27,33,/kaggle/working/scribble-uncertainty-lung-segmentation/data/pseudo_labels/teacher_tta_labels/radiopaedia_27_slice_0033.npy,/kaggle/working/scribble-uncertainty-lung-segmentation/data/pseudo_labels/teacher_tta_confidence/radiopaedia_27_slice_0033.npy,/kaggle/working/scribble-uncertainty-lung-segmentation/outputs/predictions/teacher_tta_probabilities/radiopaedia_27_slice_0033.npy,0.05,0,1362,65536,86,1295,0.8814452290534973,True
radiopaedia_27,34,/kaggle/working/scribble-uncertainty-lung-segmentation/data/pseudo_labels/teacher_tta_labels/radiopaedia_27_slice_0034.npy,/kaggle/working/scribble-uncertainty-lung-segmentation/data/pseudo_labels/teacher_tta_confidence/radiopaedia_27_slice_0034.npy,/kaggle/working/scribble-uncertainty-lung-segmentation/outputs/predictions/teacher_tta_probabilities/radiopaedia_27_slice_0034.npy,0.05,0,853,65536,54,804,0.890766441822052,True
radiopaedia_27,35,/kaggle/working/scribble-uncertainty-lung-segmentation/data/pseudo_labels/teacher_tta_labels/radiopaedia_27_slice_0035.npy,/kaggle/working/scribble-uncertainty-lung-segmentation/data/pseudo_labels/teacher_tta_confidence/radiopaedia_27_slice_0035.npy,/kaggle/working/scribble-uncertainty-lung-segmentation/outputs/predictions/teacher_tta_probabilities/radiopaedia_27_slice_0035.npy,0.05,0,754,65536,36,501,0.7745019793510437,True
radiopaedia_27,36,/kaggle/working/scribble-uncertainty-lung-segmentation/data/pseudo_labels/teacher_tta_labels/radiopaedia_27_slice_0036.npy,/kaggle/working/scribble-uncertainty-lung-segmentation/data/pseudo_labels/teacher_tta_confidence/radiopaedia_27_slice_0036.npy,/kaggle/working/scribble-uncertainty-lung-segmentation/outputs/predictions/teacher_tta_probabilities/radiopaedia_27_slice_0036.npy,0.05,0,567,65536,24,494,0.8972667455673218,True
radiopaedia_27,37,/kaggle/working/scribble-uncertainty-lung-segmentation/data/pseudo_labels/teacher_tta_labels/radiopaedia_27_slice_0037.npy,/kaggle/working/scribble-uncertainty-lung-segmentation/data/pseudo_labels/teacher_tta_confidence/radiopaedia_27_slice_0037.npy,/kaggle/working/scribble-uncertainty-lung-segmentation/outputs/predictions/teacher_tta_probabilities/radiopaedia_27_slice_0037.npy,0.05,0,558,65536,32,422,0.8489795923233032,True
radiopaedia_27,38,/kaggle/working/scribble-uncertainty-lung-segmentation/data/pseudo_labels/teacher_tta_labels/radiopaedia_27_slice_0038.npy,/kaggle/working/scribble-uncertainty-lung-segmentation/data/pseudo_labels/teacher_tta_confidence/radiopaedia_27_slice_0038.npy,/kaggle/working/scribble-uncertainty-lung-segmentation/outputs/predictions/teacher_tta_probabilities/radiopaedia_27_slice_0038.npy,0.05,0,496,65536,24,377,0.8613975048065186,True
radiopaedia_27,39,/kaggle/working/scribble-uncertainty-lung-segmentation/data/pseudo_labels/teacher_tta_labels/radiopaedia_27_slice_0039.npy,/kaggle/working/scribble-uncertainty-lung-segmentation/data/pseudo_labels/teacher_tta_confidence/radiopaedia_27_slice_0039.npy,/kaggle/working/scribble-uncertainty-lung-segmentation/outputs/predictions/teacher_tta_probabilities/radiopaedia_27_slice_0039.npy,0.05,0,415,65536,26,333,0.885026752948761,True
radiopaedia_27,40,/kaggle/working/scribble-uncertainty-lung-segmentation/data/pseudo_labels/teacher_tta_labels/radiopaedia_27_slice_0040.npy,/kaggle/working/scribble-uncertainty-lung-segmentation/data/pseudo_labels/teacher_tta_confidence/radiopaedia_27_slice_0040.npy,/kaggle/working/scribble-uncertainty-lung-segmentation/outputs/predictions/teacher_tta_probabilities/radiopaedia_27_slice_0040.npy,0.05,0,383,65536,28,345,0.8653846383094788,True
radiopaedia_27,41,/kaggle/working/scribble-uncertainty-lung-segmentation/data/pseudo_labels/teacher_tta_labels/radiopaedia_27_slice_0041.npy,/kaggle/working/scribble-uncertainty-lung-segmentation/data/pseudo_labels/teacher_tta_confidence/radiopaedia_27_slice_0041.npy,/kaggle/working/scribble-uncertainty-lung-segmentation/outputs/predictions/teacher_tta_probabilities/radiopaedia_27_slice_0041.npy,0.05,0,244,65536,19,224,0.867521345615387,True
radiopaedia_27,42,/kaggle/working/scribble-uncertainty-lung-segmentation/data/pseudo_labels/teacher_tta_labels/radiopaedia_27_slice_0042.npy,/kaggle/working/scribble-uncertainty-lung-segmentation/data/pseudo_labels/teacher_tta_confidence/radiopaedia_27_slice_0042.npy,/kaggle/working/scribble-uncertainty-lung-segmentation/outputs/predictions/teacher_tta_probabilities/radiopaedia_27_slice_0042.npy,0.05,0,239,65536,12,150,0.7712082266807556,True
radiopaedia_27,43,/kaggle/working/scribble-uncertainty-lung-segmentation/data/pseudo_labels/teacher_tta_labels/radiopaedia_27_slice_0043.npy,/kaggle/working/scribble-uncertainty-lung-segmentation/data/pseudo_labels/teacher_tta_confidence/radiopaedia_27_slice_0043.npy,/kaggle/working/scribble-uncertainty-lung-segmentation/outputs/predictions/teacher_tta_probabilities/radiopaedia_27_slice_0043.npy,0.05,0,218,65536,8,129,0.7377521395683289,True
radiopaedia_27,44,/kaggle/working/scribble-uncertainty-lung-segmentation/data/pseudo_labels/teacher_tta_labels/radiopaedia_27_slice_0044.npy,/kaggle/working/scribble-uncertainty-lung-segmentation/data/pseudo_labels/teacher_tta_confidence/radiopaedia_27_slice_0044.npy,/kaggle/working/scribble-uncertainty-lung-segmentation/outputs/predictions/teacher_tta_probabilities/radiopaedia_27_slice_0044.npy,0.05,0,93,65536,4,50,0.6993007063865662,True
radiopaedia_27,45,/kaggle/working/scribble-uncertainty-lung-segmentation/data/pseudo_labels/teacher_tta_labels/radiopaedia_27_slice_0045.npy,/kaggle/working/scribble-uncertainty-lung-segmentation/data/pseudo_labels/teacher_tta_confidence/radiopaedia_27_slice_0045.npy,/kaggle/working/scribble-uncertainty-lung-segmentation/outputs/predictions/teacher_tta_probabilities/radiopaedia_27_slice_0045.npy,0.05,0,0,65536,0,0,1.0,False
radiopaedia_27,46,/kaggle/working/scribble-uncertainty-lung-segmentation/data/pseudo_labels/teacher_tta_labels/radiopaedia_27_slice_0046.npy,/kaggle/working/scribble-uncertainty-lung-segmentation/data/pseudo_labels/teacher_tta_confidence/radiopaedia_27_slice_0046.npy,/kaggle/working/scribble-uncertainty-lung-segmentation/outputs/predictions/teacher_tta_probabilities/radiopaedia_27_slice_0046.npy,0.05,0,0,65536,0,0,1.0,False
radiopaedia_27,47,/kaggle/working/scribble-uncertainty-lung-segmentation/data/pseudo_labels/teacher_tta_labels/radiopaedia_27_slice_0047.npy,/kaggle/working/scribble-uncertainty-lung-segmentation/data/pseudo_labels/teacher_tta_confidence/radiopaedia_27_slice_0047.npy,/kaggle/working/scribble-uncertainty-lung-segmentation/outputs/predictions/teacher_tta_probabilities/radiopaedia_27_slice_0047.npy,0.05,0,0,65536,0,0,1.0,False
radiopaedia_27,48,/kaggle/working/scribble-uncertainty-lung-segmentation/data/pseudo_labels/teacher_tta_labels/radiopaedia_27_slice_0048.npy,/kaggle/working/scribble-uncertainty-lung-segmentation/data/pseudo_labels/teacher_tta_confidence/radiopaedia_27_slice_0048.npy,/kaggle/working/scribble-uncertainty-lung-segmentation/outputs/predictions/teacher_tta_probabilities/radiopaedia_27_slice_0048.npy,0.05,0,0,65536,0,0,1.0,False
radiopaedia_27,49,/kaggle/working/scribble-uncertainty-lung-segmentation/data/pseudo_labels/teacher_tta_labels/radiopaedia_27_slice_0049.npy,/kaggle/working/scribble-uncertainty-lung-segmentation/data/pseudo_labels/teacher_tta_confidence/radiopaedia_27_slice_0049.npy,/kaggle/working/scribble-uncertainty-lung-segmentation/outputs/predictions/teacher_tta_probabilities/radiopaedia_27_slice_0049.npy,0.05,0,0,65536,0,0,1.0,False
radiopaedia_27,50,/kaggle/working/scribble-uncertainty-lung-segmentation/data/pseudo_labels/teacher_tta_labels/radiopaedia_27_slice_0050.npy,/kaggle/working/scribble-uncertainty-lung-segmentation/data/pseudo_labels/teacher_tta_confidence/radiopaedia_27_slice_0050.npy,/kaggle/working/scribble-uncertainty-lung-segmentation/outputs/predictions/teacher_tta_probabilities/radiopaedia_27_slice_0050.npy,0.05,0,0,65536,0,0,1.0,False
radiopaedia_27,51,/kaggle/working/scribble-uncertainty-lung-segmentation/data/pseudo_labels/teacher_tta_labels/radiopaedia_27_slice_0051.npy,/kaggle/working/scribble-uncertainty-lung-segmentation/data/pseudo_labels/teacher_tta_confidence/radiopaedia_27_slice_0051.npy,/kaggle/working/scribble-uncertainty-lung-segmentation/outputs/predictions/teacher_tta_probabilities/radiopaedia_27_slice_0051.npy,0.05,0,0,65536,0,0,1.0,False
radiopaedia_27,52,/kaggle/working/scribble-uncertainty-lung-segmentation/data/pseudo_labels/teacher_tta_labels/radiopaedia_27_slice_0052.npy,/kaggle/working/scribble-uncertainty-lung-segmentation/data/pseudo_labels/teacher_tta_confidence/radiopaedia_27_slice_0052.npy,/kaggle/working/scribble-uncertainty-lung-segmentation/outputs/predictions/teacher_tta_probabilities/radiopaedia_27_slice_0052.npy,0.05,0,4,65536,4,33,0.21621622145175934,True
radiopaedia_27,53,/kaggle/working/scribble-uncertainty-lung-segmentation/data/pseudo_labels/teacher_tta_labels/radiopaedia_27_slice_0053.npy,/kaggle/working/scribble-uncertainty-lung-segmentation/data/pseudo_labels/teacher_tta_confidence/radiopaedia_27_slice_0053.npy,/kaggle/working/scribble-uncertainty-lung-segmentation/outputs/predictions/teacher_tta_probabilities/radiopaedia_27_slice_0053.npy,0.05,0,32,65536,8,111,0.3636363744735718,True
radiopaedia_27,54,/kaggle/working/scribble-uncertainty-lung-segmentation/data/pseudo_labels/teacher_tta_labels/radiopaedia_27_slice_0054.npy,/kaggle/working/scribble-uncertainty-lung-segmentation/data/pseudo_labels/teacher_tta_confidence/radiopaedia_27_slice_0054.npy,/kaggle/working/scribble-uncertainty-lung-segmentation/outputs/predictions/teacher_tta_probabilities/radiopaedia_27_slice_0054.npy,0.05,0,132,65536,12,106,0.8235294222831726,True
radiopaedia_27,55,/kaggle/working/scribble-uncertainty-lung-segmentation/data/pseudo_labels/teacher_tta_labels/radiopaedia_27_slice_0055.npy,/kaggle/working/scribble-uncertainty-lung-segmentation/data/pseudo_labels/teacher_tta_confidence/radiopaedia_27_slice_0055.npy,/kaggle/working/scribble-uncertainty-lung-segmentation/outputs/predictions/teacher_tta_probabilities/radiopaedia_27_slice_0055.npy,0.05,0,117,65536,8,116,0.8755365014076233,True
radiopaedia_27,56,/kaggle/working/scribble-uncertainty-lung-segmentation/data/pseudo_labels/teacher_tta_labels/radiopaedia_27_slice_0056.npy,/kaggle/working/scribble-uncertainty-lung-segmentation/data/pseudo_labels/teacher_tta_confidence/radiopaedia_27_slice_0056.npy,/kaggle/working/scribble-uncertainty-lung-segmentation/outputs/predictions/teacher_tta_probabilities/radiopaedia_27_slice_0056.npy,0.05,0,101,65536,4,92,0.8704662919044495,True
radiopaedia_27,57,/kaggle/working/scribble-uncertainty-lung-segmentation/data/pseudo_labels/teacher_tta_labels/radiopaedia_27_slice_0057.npy,/kaggle/working/scribble-uncertainty-lung-segmentation/data/pseudo_labels/teacher_tta_confidence/radiopaedia_27_slice_0057.npy,/kaggle/working/scribble-uncertainty-lung-segmentation/outputs/predictions/teacher_tta_probabilities/radiopaedia_27_slice_0057.npy,0.05,0,67,65536,8,134,0.6567164063453674,True
radiopaedia_27,58,/kaggle/working/scribble-uncertainty-lung-segmentation/data/pseudo_labels/teacher_tta_labels/radiopaedia_27_slice_0058.npy,/kaggle/working/scribble-uncertainty-lung-segmentation/data/pseudo_labels/teacher_tta_confidence/radiopaedia_27_slice_0058.npy,/kaggle/working/scribble-uncertainty-lung-segmentation/outputs/predictions/teacher_tta_probabilities/radiopaedia_27_slice_0058.npy,0.05,0,4,65536,4,70,0.10810811072587967,True
radiopaedia_27,59,/kaggle/working/scribble-uncertainty-lung-segmentation/data/pseudo_labels/teacher_tta_labels/radiopaedia_27_slice_0059.npy,/kaggle/working/scribble-uncertainty-lung-segmentation/data/pseudo_labels/teacher_tta_confidence/radiopaedia_27_slice_0059.npy,/kaggle/working/scribble-uncertainty-lung-segmentation/outputs/predictions/teacher_tta_probabilities/radiopaedia_27_slice_0059.npy,0.05,0,0,65536,0,0,1.0,False
radiopaedia_29,2,/kaggle/working/scribble-uncertainty-lung-segmentation/data/pseudo_labels/teacher_tta_labels/radiopaedia_29_slice_0002.npy,/kaggle/working/scribble-uncertainty-lung-segmentation/data/pseudo_labels/teacher_tta_confidence/radiopaedia_29_slice_0002.npy,/kaggle/working/scribble-uncertainty-lung-segmentation/outputs/predictions/teacher_tta_probabilities/radiopaedia_29_slice_0002.npy,0.05,0,0,65536,0,0,1.0,False
radiopaedia_29,3,/kaggle/working/scribble-uncertainty-lung-segmentation/data/pseudo_labels/teacher_tta_labels/radiopaedia_29_slice_0003.npy,/kaggle/working/scribble-uncertainty-lung-segmentation/data/pseudo_labels/teacher_tta_confidence/radiopaedia_29_slice_0003.npy,/kaggle/working/scribble-uncertainty-lung-segmentation/outputs/predictions/teacher_tta_probabilities/radiopaedia_29_slice_0003.npy,0.05,0,0,65536,0,0,1.0,False
radiopaedia_29,4,/kaggle/working/scribble-uncertainty-lung-segmentation/data/pseudo_labels/teacher_tta_labels/radiopaedia_29_slice_0004.npy,/kaggle/working/scribble-uncertainty-lung-segmentation/data/pseudo_labels/teacher_tta_confidence/radiopaedia_29_slice_0004.npy,/kaggle/working/scribble-uncertainty-lung-segmentation/outputs/predictions/teacher_tta_probabilities/radiopaedia_29_slice_0004.npy,0.05,0,0,65536,0,0,1.0,False
radiopaedia_29,5,/kaggle/working/scribble-uncertainty-lung-segmentation/data/pseudo_labels/teacher_tta_labels/radiopaedia_29_slice_0005.npy,/kaggle/working/scribble-uncertainty-lung-segmentation/data/pseudo_labels/teacher_tta_confidence/radiopaedia_29_slice_0005.npy,/kaggle/working/scribble-uncertainty-lung-segmentation/outputs/predictions/teacher_tta_probabilities/radiopaedia_29_slice_0005.npy,0.05,0,0,65536,0,0,1.0,False
radiopaedia_29,6,/kaggle/working/scribble-uncertainty-lung-segmentation/data/pseudo_labels/teacher_tta_labels/radiopaedia_29_slice_0006.npy,/kaggle/working/scribble-uncertainty-lung-segmentation/data/pseudo_labels/teacher_tta_confidence/radiopaedia_29_slice_0006.npy,/kaggle/working/scribble-uncertainty-lung-segmentation/outputs/predictions/teacher_tta_probabilities/radiopaedia_29_slice_0006.npy,0.05,0,0,65536,0,0,1.0,False
radiopaedia_29,7,/kaggle/working/scribble-uncertainty-lung-segmentation/data/pseudo_labels/teacher_tta_labels/radiopaedia_29_slice_0007.npy,/kaggle/working/scribble-uncertainty-lung-segmentation/data/pseudo_labels/teacher_tta_confidence/radiopaedia_29_slice_0007.npy,/kaggle/working/scribble-uncertainty-lung-segmentation/outputs/predictions/teacher_tta_probabilities/radiopaedia_29_slice_0007.npy,0.05,0,0,65536,0,0,1.0,False
radiopaedia_29,8,/kaggle/working/scribble-uncertainty-lung-segmentation/data/pseudo_labels/teacher_tta_labels/radiopaedia_29_slice_0008.npy,/kaggle/working/scribble-uncertainty-lung-segmentation/data/pseudo_labels/teacher_tta_confidence/radiopaedia_29_slice_0008.npy,/kaggle/working/scribble-uncertainty-lung-segmentation/outputs/predictions/teacher_tta_probabilities/radiopaedia_29_slice_0008.npy,0.05,0,0,65536,0,0,1.0,False
radiopaedia_29,9,/kaggle/working/scribble-uncertainty-lung-segmentation/data/pseudo_labels/teacher_tta_labels/radiopaedia_29_slice_0009.npy,/kaggle/working/scribble-uncertainty-lung-segmentation/data/pseudo_labels/teacher_tta_confidence/radiopaedia_29_slice_0009.npy,/kaggle/working/scribble-uncertainty-lung-segmentation/outputs/predictions/teacher_tta_probabilities/radiopaedia_29_slice_0009.npy,0.05,0,0,65536,0,0,1.0,False
radiopaedia_29,10,/kaggle/working/scribble-uncertainty-lung-segmentation/data/pseudo_labels/teacher_tta_labels/radiopaedia_29_slice_0010.npy,/kaggle/working/scribble-uncertainty-lung-segmentation/data/pseudo_labels/teacher_tta_confidence/radiopaedia_29_slice_0010.npy,/kaggle/working/scribble-uncertainty-lung-segmentation/outputs/predictions/teacher_tta_probabilities/radiopaedia_29_slice_0010.npy,0.05,0,0,65536,0,0,1.0,False
radiopaedia_29,11,/kaggle/working/scribble-uncertainty-lung-segmentation/data/pseudo_labels/teacher_tta_labels/radiopaedia_29_slice_0011.npy,/kaggle/working/scribble-uncertainty-lung-segmentation/data/pseudo_labels/teacher_tta_confidence/radiopaedia_29_slice_0011.npy,/kaggle/working/scribble-uncertainty-lung-segmentation/outputs/predictions/teacher_tta_probabilities/radiopaedia_29_slice_0011.npy,0.05,0,0,65536,0,0,1.0,False
radiopaedia_29,12,/kaggle/working/scribble-uncertainty-lung-segmentation/data/pseudo_labels/teacher_tta_labels/radiopaedia_29_slice_0012.npy,/kaggle/working/scribble-uncertainty-lung-segmentation/data/pseudo_labels/teacher_tta_confidence/radiopaedia_29_slice_0012.npy,/kaggle/working/scribble-uncertainty-lung-segmentation/outputs/predictions/teacher_tta_probabilities/radiopaedia_29_slice_0012.npy,0.05,0,0,65536,0,0,1.0,False
radiopaedia_29,13,/kaggle/working/scribble-uncertainty-lung-segmentation/data/pseudo_labels/teacher_tta_labels/radiopaedia_29_slice_0013.npy,/kaggle/working/scribble-uncertainty-lung-segmentation/data/pseudo_labels/teacher_tta_confidence/radiopaedia_29_slice_0013.npy,/kaggle/working/scribble-uncertainty-lung-segmentation/outputs/predictions/teacher_tta_probabilities/radiopaedia_29_slice_0013.npy,0.05,0,0,65536,0,0,1.0,False
radiopaedia_29,14,/kaggle/working/scribble-uncertainty-lung-segmentation/data/pseudo_labels/teacher_tta_labels/radiopaedia_29_slice_0014.npy,/kaggle/working/scribble-uncertainty-lung-segmentation/data/pseudo_labels/teacher_tta_confidence/radiopaedia_29_slice_0014.npy,/kaggle/working/scribble-uncertainty-lung-segmentation/outputs/predictions/teacher_tta_probabilities/radiopaedia_29_slice_0014.npy,0.05,0,324,65536,4,242,0.7738515734672546,True
radiopaedia_29,15,/kaggle/working/scribble-uncertainty-lung-segmentation/data/pseudo_labels/teacher_tta_labels/radiopaedia_29_slice_0015.npy,/kaggle/working/scribble-uncertainty-lung-segmentation/data/pseudo_labels/teacher_tta_confidence/radiopaedia_29_slice_0015.npy,/kaggle/working/scribble-uncertainty-lung-segmentation/outputs/predictions/teacher_tta_probabilities/radiopaedia_29_slice_0015.npy,0.05,0,385,65536,8,325,0.8676056265830994,True
radiopaedia_29,16,/kaggle/working/scribble-uncertainty-lung-segmentation/data/pseudo_labels/teacher_tta_labels/radiopaedia_29_slice_0016.npy,/kaggle/working/scribble-uncertainty-lung-segmentation/data/pseudo_labels/teacher_tta_confidence/radiopaedia_29_slice_0016.npy,/kaggle/working/scribble-uncertainty-lung-segmentation/outputs/predictions/teacher_tta_probabilities/radiopaedia_29_slice_0016.npy,0.05,0,514,65536,11,360,0.7643020749092102,True
radiopaedia_29,17,/kaggle/working/scribble-uncertainty-lung-segmentation/data/pseudo_labels/teacher_tta_labels/radiopaedia_29_slice_0017.npy,/kaggle/working/scribble-uncertainty-lung-segmentation/data/pseudo_labels/teacher_tta_confidence/radiopaedia_29_slice_0017.npy,/kaggle/working/scribble-uncertainty-lung-segmentation/outputs/predictions/teacher_tta_probabilities/radiopaedia_29_slice_0017.npy,0.05,0,369,65536,8,303,0.8571428656578064,True
radiopaedia_29,18,/kaggle/working/scribble-uncertainty-lung-segmentation/data/pseudo_labels/teacher_tta_labels/radiopaedia_29_slice_0018.npy,/kaggle/working/scribble-uncertainty-lung-segmentation/data/pseudo_labels/teacher_tta_confidence/radiopaedia_29_slice_0018.npy,/kaggle/working/scribble-uncertainty-lung-segmentation/outputs/predictions/teacher_tta_probabilities/radiopaedia_29_slice_0018.npy,0.05,0,454,65536,12,325,0.7856225967407227,True
radiopaedia_29,19,/kaggle/working/scribble-uncertainty-lung-segmentation/data/pseudo_labels/teacher_tta_labels/radiopaedia_29_slice_0019.npy,/kaggle/working/scribble-uncertainty-lung-segmentation/data/pseudo_labels/teacher_tta_confidence/radiopaedia_29_slice_0019.npy,/kaggle/working/scribble-uncertainty-lung-segmentation/outputs/predictions/teacher_tta_probabilities/radiopaedia_29_slice_0019.npy,0.05,0,592,65536,4,490,0.8946395516395569,True
radiopaedia_29,20,/kaggle/working/scribble-uncertainty-lung-segmentation/data/pseudo_labels/teacher_tta_labels/radiopaedia_29_slice_0020.npy,/kaggle/working/scribble-uncertainty-lung-segmentation/data/pseudo_labels/teacher_tta_confidence/radiopaedia_29_slice_0020.npy,/kaggle/working/scribble-uncertainty-lung-segmentation/outputs/predictions/teacher_tta_probabilities/radiopaedia_29_slice_0020.npy,0.05,0,549,65536,12,449,0.8857715725898743,True
radiopaedia_29,21,/kaggle/working/scribble-uncertainty-lung-segmentation/data/pseudo_labels/teacher_tta_labels/radiopaedia_29_slice_0021.npy,/kaggle/working/scribble-uncertainty-lung-segmentation/data/pseudo_labels/teacher_tta_confidence/radiopaedia_29_slice_0021.npy,/kaggle/working/scribble-uncertainty-lung-segmentation/outputs/predictions/teacher_tta_probabilities/radiopaedia_29_slice_0021.npy,0.05,0,505,65536,4,333,0.7923627495765686,True
radiopaedia_29,22,/kaggle/working/scribble-uncertainty-lung-segmentation/data/pseudo_labels/teacher_tta_labels/radiopaedia_29_slice_0022.npy,/kaggle/working/scribble-uncertainty-lung-segmentation/data/pseudo_labels/teacher_tta_confidence/radiopaedia_29_slice_0022.npy,/kaggle/working/scribble-uncertainty-lung-segmentation/outputs/predictions/teacher_tta_probabilities/radiopaedia_29_slice_0022.npy,0.05,0,264,65536,4,167,0.7146171927452087,True
radiopaedia_29,23,/kaggle/working/scribble-uncertainty-lung-segmentation/data/pseudo_labels/teacher_tta_labels/radiopaedia_29_slice_0023.npy,/kaggle/working/scribble-uncertainty-lung-segmentation/data/pseudo_labels/teacher_tta_confidence/radiopaedia_29_slice_0023.npy,/kaggle/working/scribble-uncertainty-lung-segmentation/outputs/predictions/teacher_tta_probabilities/radiopaedia_29_slice_0023.npy,0.05,0,0,65536,0,0,1.0,False
radiopaedia_29,24,/kaggle/working/scribble-uncertainty-lung-segmentation/data/pseudo_labels/teacher_tta_labels/radiopaedia_29_slice_0024.npy,/kaggle/working/scribble-uncertainty-lung-segmentation/data/pseudo_labels/teacher_tta_confidence/radiopaedia_29_slice_0024.npy,/kaggle/working/scribble-uncertainty-lung-segmentation/outputs/predictions/teacher_tta_probabilities/radiopaedia_29_slice_0024.npy,0.05,0,0,65536,0,0,1.0,False
radiopaedia_29,25,/kaggle/working/scribble-uncertainty-lung-segmentation/data/pseudo_labels/teacher_tta_labels/radiopaedia_29_slice_0025.npy,/kaggle/working/scribble-uncertainty-lung-segmentation/data/pseudo_labels/teacher_tta_confidence/radiopaedia_29_slice_0025.npy,/kaggle/working/scribble-uncertainty-lung-segmentation/outputs/predictions/teacher_tta_probabilities/radiopaedia_29_slice_0025.npy,0.05,0,0,65536,0,0,1.0,False
radiopaedia_29,26,/kaggle/working/scribble-uncertainty-lung-segmentation/data/pseudo_labels/teacher_tta_labels/radiopaedia_29_slice_0026.npy,/kaggle/working/scribble-uncertainty-lung-segmentation/data/pseudo_labels/teacher_tta_confidence/radiopaedia_29_slice_0026.npy,/kaggle/working/scribble-uncertainty-lung-segmentation/outputs/predictions/teacher_tta_probabilities/radiopaedia_29_slice_0026.npy,0.05,0,0,65536,0,0,1.0,False
radiopaedia_29,27,/kaggle/working/scribble-uncertainty-lung-segmentation/data/pseudo_labels/teacher_tta_labels/radiopaedia_29_slice_0027.npy,/kaggle/working/scribble-uncertainty-lung-segmentation/data/pseudo_labels/teacher_tta_confidence/radiopaedia_29_slice_0027.npy,/kaggle/working/scribble-uncertainty-lung-segmentation/outputs/predictions/teacher_tta_probabilities/radiopaedia_29_slice_0027.npy,0.05,0,0,65536,0,0,1.0,False
radiopaedia_29,28,/kaggle/working/scribble-uncertainty-lung-segmentation/data/pseudo_labels/teacher_tta_labels/radiopaedia_29_slice_0028.npy,/kaggle/working/scribble-uncertainty-lung-segmentation/data/pseudo_labels/teacher_tta_confidence/radiopaedia_29_slice_0028.npy,/kaggle/working/scribble-uncertainty-lung-segmentation/outputs/predictions/teacher_tta_probabilities/radiopaedia_29_slice_0028.npy,0.05,0,0,65536,0,0,1.0,False
radiopaedia_29,29,/kaggle/working/scribble-uncertainty-lung-segmentation/data/pseudo_labels/teacher_tta_labels/radiopaedia_29_slice_0029.npy,/kaggle/working/scribble-uncertainty-lung-segmentation/data/pseudo_labels/teacher_tta_confidence/radiopaedia_29_slice_0029.npy,/kaggle/working/scribble-uncertainty-lung-segmentation/outputs/predictions/teacher_tta_probabilities/radiopaedia_29_slice_0029.npy,0.05,0,0,65536,0,0,1.0,False
radiopaedia_29,30,/kaggle/working/scribble-uncertainty-lung-segmentation/data/pseudo_labels/teacher_tta_labels/radiopaedia_29_slice_0030.npy,/kaggle/working/scribble-uncertainty-lung-segmentation/data/pseudo_labels/teacher_tta_confidence/radiopaedia_29_slice_0030.npy,/kaggle/working/scribble-uncertainty-lung-segmentation/outputs/predictions/teacher_tta_probabilities/radiopaedia_29_slice_0030.npy,0.05,0,0,65536,0,0,1.0,False
radiopaedia_29,31,/kaggle/working/scribble-uncertainty-lung-segmentation/data/pseudo_labels/teacher_tta_labels/radiopaedia_29_slice_0031.npy,/kaggle/working/scribble-uncertainty-lung-segmentation/data/pseudo_labels/teacher_tta_confidence/radiopaedia_29_slice_0031.npy,/kaggle/working/scribble-uncertainty-lung-segmentation/outputs/predictions/teacher_tta_probabilities/radiopaedia_29_slice_0031.npy,0.05,0,0,65536,0,0,1.0,False
radiopaedia_29,32,/kaggle/working/scribble-uncertainty-lung-segmentation/data/pseudo_labels/teacher_tta_labels/radiopaedia_29_slice_0032.npy,/kaggle/working/scribble-uncertainty-lung-segmentation/data/pseudo_labels/teacher_tta_confidence/radiopaedia_29_slice_0032.npy,/kaggle/working/scribble-uncertainty-lung-segmentation/outputs/predictions/teacher_tta_probabilities/radiopaedia_29_slice_0032.npy,0.05,0,0,65536,0,0,1.0,False
radiopaedia_29,33,/kaggle/working/scribble-uncertainty-lung-segmentation/data/pseudo_labels/teacher_tta_labels/radiopaedia_29_slice_0033.npy,/kaggle/working/scribble-uncertainty-lung-segmentation/data/pseudo_labels/teacher_tta_confidence/radiopaedia_29_slice_0033.npy,/kaggle/working/scribble-uncertainty-lung-segmentation/outputs/predictions/teacher_tta_probabilities/radiopaedia_29_slice_0033.npy,0.05,0,0,65536,0,0,1.0,False
radiopaedia_29,34,/kaggle/working/scribble-uncertainty-lung-segmentation/data/pseudo_labels/teacher_tta_labels/radiopaedia_29_slice_0034.npy,/kaggle/working/scribble-uncertainty-lung-segmentation/data/pseudo_labels/teacher_tta_confidence/radiopaedia_29_slice_0034.npy,/kaggle/working/scribble-uncertainty-lung-segmentation/outputs/predictions/teacher_tta_probabilities/radiopaedia_29_slice_0034.npy,0.05,0,0,65536,0,0,1.0,False
radiopaedia_29,35,/kaggle/working/scribble-uncertainty-lung-segmentation/data/pseudo_labels/teacher_tta_labels/radiopaedia_29_slice_0035.npy,/kaggle/working/scribble-uncertainty-lung-segmentation/data/pseudo_labels/teacher_tta_confidence/radiopaedia_29_slice_0035.npy,/kaggle/working/scribble-uncertainty-lung-segmentation/outputs/predictions/teacher_tta_probabilities/radiopaedia_29_slice_0035.npy,0.05,0,0,65536,0,0,1.0,False
radiopaedia_29,36,/kaggle/working/scribble-uncertainty-lung-segmentation/data/pseudo_labels/teacher_tta_labels/radiopaedia_29_slice_0036.npy,/kaggle/working/scribble-uncertainty-lung-segmentation/data/pseudo_labels/teacher_tta_confidence/radiopaedia_29_slice_0036.npy,/kaggle/working/scribble-uncertainty-lung-segmentation/outputs/predictions/teacher_tta_probabilities/radiopaedia_29_slice_0036.npy,0.05,0,0,65536,0,0,1.0,False
radiopaedia_29,37,/kaggle/working/scribble-uncertainty-lung-segmentation/data/pseudo_labels/teacher_tta_labels/radiopaedia_29_slice_0037.npy,/kaggle/working/scribble-uncertainty-lung-segmentation/data/pseudo_labels/teacher_tta_confidence/radiopaedia_29_slice_0037.npy,/kaggle/working/scribble-uncertainty-lung-segmentation/outputs/predictions/teacher_tta_probabilities/radiopaedia_29_slice_0037.npy,0.05,0,0,65536,0,0,1.0,False
radiopaedia_29,38,/kaggle/working/scribble-uncertainty-lung-segmentation/data/pseudo_labels/teacher_tta_labels/radiopaedia_29_slice_0038.npy,/kaggle/working/scribble-uncertainty-lung-segmentation/data/pseudo_labels/teacher_tta_confidence/radiopaedia_29_slice_0038.npy,/kaggle/working/scribble-uncertainty-lung-segmentation/outputs/predictions/teacher_tta_probabilities/radiopaedia_29_slice_0038.npy,0.05,0,0,65536,0,0,1.0,False
radiopaedia_29,39,/kaggle/working/scribble-uncertainty-lung-segmentation/data/pseudo_labels/teacher_tta_labels/radiopaedia_29_slice_0039.npy,/kaggle/working/scribble-uncertainty-lung-segmentation/data/pseudo_labels/teacher_tta_confidence/radiopaedia_29_slice_0039.npy,/kaggle/working/scribble-uncertainty-lung-segmentation/outputs/predictions/teacher_tta_probabilities/radiopaedia_29_slice_0039.npy,0.05,0,0,65536,0,0,1.0,False
radiopaedia_4,4,/kaggle/working/scribble-uncertainty-lung-segmentation/data/pseudo_labels/teacher_tta_labels/radiopaedia_4_slice_0004.npy,/kaggle/working/scribble-uncertainty-lung-segmentation/data/pseudo_labels/teacher_tta_confidence/radiopaedia_4_slice_0004.npy,/kaggle/working/scribble-uncertainty-lung-segmentation/outputs/predictions/teacher_tta_probabilities/radiopaedia_4_slice_0004.npy,0.05,0,6,65536,6,78,0.1428571492433548,True
radiopaedia_4,5,/kaggle/working/scribble-uncertainty-lung-segmentation/data/pseudo_labels/teacher_tta_labels/radiopaedia_4_slice_0005.npy,/kaggle/working/scribble-uncertainty-lung-segmentation/data/pseudo_labels/teacher_tta_confidence/radiopaedia_4_slice_0005.npy,/kaggle/working/scribble-uncertainty-lung-segmentation/outputs/predictions/teacher_tta_probabilities/radiopaedia_4_slice_0005.npy,0.05,0,40,65536,40,271,0.25723472237586975,True
radiopaedia_4,6,/kaggle/working/scribble-uncertainty-lung-segmentation/data/pseudo_labels/teacher_tta_labels/radiopaedia_4_slice_0006.npy,/kaggle/working/scribble-uncertainty-lung-segmentation/data/pseudo_labels/teacher_tta_confidence/radiopaedia_4_slice_0006.npy,/kaggle/working/scribble-uncertainty-lung-segmentation/outputs/predictions/teacher_tta_probabilities/radiopaedia_4_slice_0006.npy,0.05,0,668,65536,63,812,0.816216230392456,True
radiopaedia_4,7,/kaggle/working/scribble-uncertainty-lung-segmentation/data/pseudo_labels/teacher_tta_labels/radiopaedia_4_slice_0007.npy,/kaggle/working/scribble-uncertainty-lung-segmentation/data/pseudo_labels/teacher_tta_confidence/radiopaedia_4_slice_0007.npy,/kaggle/working/scribble-uncertainty-lung-segmentation/outputs/predictions/teacher_tta_probabilities/radiopaedia_4_slice_0007.npy,0.05,0,1512,65536,97,1469,0.916471004486084,True
radiopaedia_4,8,/kaggle/working/scribble-uncertainty-lung-segmentation/data/pseudo_labels/teacher_tta_labels/radiopaedia_4_slice_0008.npy,/kaggle/working/scribble-uncertainty-lung-segmentation/data/pseudo_labels/teacher_tta_confidence/radiopaedia_4_slice_0008.npy,/kaggle/working/scribble-uncertainty-lung-segmentation/outputs/predictions/teacher_tta_probabilities/radiopaedia_4_slice_0008.npy,0.05,0,2856,65536,159,2551,0.8488996028900146,True
radiopaedia_4,9,/kaggle/working/scribble-uncertainty-lung-segmentation/data/pseudo_labels/teacher_tta_labels/radiopaedia_4_slice_0009.npy,/kaggle/working/scribble-uncertainty-lung-segmentation/data/pseudo_labels/teacher_tta_confidence/radiopaedia_4_slice_0009.npy,/kaggle/working/scribble-uncertainty-lung-segmentation/outputs/predictions/teacher_tta_probabilities/radiopaedia_4_slice_0009.npy,0.05,0,3943,65536,180,3577,0.882446825504303,True
radiopaedia_4,10,/kaggle/working/scribble-uncertainty-lung-segmentation/data/pseudo_labels/teacher_tta_labels/radiopaedia_4_slice_0010.npy,/kaggle/working/scribble-uncertainty-lung-segmentation/data/pseudo_labels/teacher_tta_confidence/radiopaedia_4_slice_0010.npy,/kaggle/working/scribble-uncertainty-lung-segmentation/outputs/predictions/teacher_tta_probabilities/radiopaedia_4_slice_0010.npy,0.05,0,5079,65536,215,4562,0.899284303188324,True
radiopaedia_4,11,/kaggle/working/scribble-uncertainty-lung-segmentation/data/pseudo_labels/teacher_tta_labels/radiopaedia_4_slice_0011.npy,/kaggle/working/scribble-uncertainty-lung-segmentation/data/pseudo_labels/teacher_tta_confidence/radiopaedia_4_slice_0011.npy,/kaggle/working/scribble-uncertainty-lung-segmentation/outputs/predictions/teacher_tta_probabilities/radiopaedia_4_slice_0011.npy,0.05,0,6252,65536,194,6029,0.9294031262397766,True
radiopaedia_4,12,/kaggle/working/scribble-uncertainty-lung-segmentation/data/pseudo_labels/teacher_tta_labels/radiopaedia_4_slice_0012.npy,/kaggle/working/scribble-uncertainty-lung-segmentation/data/pseudo_labels/teacher_tta_confidence/radiopaedia_4_slice_0012.npy,/kaggle/working/scribble-uncertainty-lung-segmentation/outputs/predictions/teacher_tta_probabilities/radiopaedia_4_slice_0012.npy,0.05,0,6281,65536,242,6120,0.902185320854187,True
radiopaedia_4,13,/kaggle/working/scribble-uncertainty-lung-segmentation/data/pseudo_labels/teacher_tta_labels/radiopaedia_4_slice_0013.npy,/kaggle/working/scribble-uncertainty-lung-segmentation/data/pseudo_labels/teacher_tta_confidence/radiopaedia_4_slice_0013.npy,/kaggle/working/scribble-uncertainty-lung-segmentation/outputs/predictions/teacher_tta_probabilities/radiopaedia_4_slice_0013.npy,0.05,0,6114,65536,309,6298,0.8327425122261047,True
radiopaedia_4,14,/kaggle/working/scribble-uncertainty-lung-segmentation/data/pseudo_labels/teacher_tta_labels/radiopaedia_4_slice_0014.npy,/kaggle/working/scribble-uncertainty-lung-segmentation/data/pseudo_labels/teacher_tta_confidence/radiopaedia_4_slice_0014.npy,/kaggle/working/scribble-uncertainty-lung-segmentation/outputs/predictions/teacher_tta_probabilities/radiopaedia_4_slice_0014.npy,0.05,0,5426,65536,259,5033,0.8719763159751892,True
radiopaedia_4,15,/kaggle/working/scribble-uncertainty-lung-segmentation/data/pseudo_labels/teacher_tta_labels/radiopaedia_4_slice_0015.npy,/kaggle/working/scribble-uncertainty-lung-segmentation/data/pseudo_labels/teacher_tta_confidence/radiopaedia_4_slice_0015.npy,/kaggle/working/scribble-uncertainty-lung-segmentation/outputs/predictions/teacher_tta_probabilities/radiopaedia_4_slice_0015.npy,0.05,0,5276,65536,221,5316,0.8887839913368225,True
radiopaedia_4,16,/kaggle/working/scribble-uncertainty-lung-segmentation/data/pseudo_labels/teacher_tta_labels/radiopaedia_4_slice_0016.npy,/kaggle/working/scribble-uncertainty-lung-segmentation/data/pseudo_labels/teacher_tta_confidence/radiopaedia_4_slice_0016.npy,/kaggle/working/scribble-uncertainty-lung-segmentation/outputs/predictions/teacher_tta_probabilities/radiopaedia_4_slice_0016.npy,0.05,0,5706,65536,230,4766,0.8495034575462341,True
radiopaedia_4,17,/kaggle/working/scribble-uncertainty-lung-segmentation/data/pseudo_labels/teacher_tta_labels/radiopaedia_4_slice_0017.npy,/kaggle/working/scribble-uncertainty-lung-segmentation/data/pseudo_labels/teacher_tta_confidence/radiopaedia_4_slice_0017.npy,/kaggle/working/scribble-uncertainty-lung-segmentation/outputs/predictions/teacher_tta_probabilities/radiopaedia_4_slice_0017.npy,0.05,0,4482,65536,185,3676,0.8060799241065979,True
radiopaedia_4,18,/kaggle/working/scribble-uncertainty-lung-segmentation/data/pseudo_labels/teacher_tta_labels/radiopaedia_4_slice_0018.npy,/kaggle/working/scribble-uncertainty-lung-segmentation/data/pseudo_labels/teacher_tta_confidence/radiopaedia_4_slice_0018.npy,/kaggle/working/scribble-uncertainty-lung-segmentation/outputs/predictions/teacher_tta_probabilities/radiopaedia_4_slice_0018.npy,0.05,0,4399,65536,196,4001,0.8747618794441223,True
radiopaedia_4,19,/kaggle/working/scribble-uncertainty-lung-segmentation/data/pseudo_labels/teacher_tta_labels/radiopaedia_4_slice_0019.npy,/kaggle/working/scribble-uncertainty-lung-segmentation/data/pseudo_labels/teacher_tta_confidence/radiopaedia_4_slice_0019.npy,/kaggle/working/scribble-uncertainty-lung-segmentation/outputs/predictions/teacher_tta_probabilities/radiopaedia_4_slice_0019.npy,0.05,0,3586,65536,145,3438,0.8351366519927979,True
radiopaedia_4,20,/kaggle/working/scribble-uncertainty-lung-segmentation/data/pseudo_labels/teacher_tta_labels/radiopaedia_4_slice_0020.npy,/kaggle/working/scribble-uncertainty-lung-segmentation/data/pseudo_labels/teacher_tta_confidence/radiopaedia_4_slice_0020.npy,/kaggle/working/scribble-uncertainty-lung-segmentation/outputs/predictions/teacher_tta_probabilities/radiopaedia_4_slice_0020.npy,0.05,0,3281,65536,111,2579,0.8177474141120911,True
radiopaedia_4,21,/kaggle/working/scribble-uncertainty-lung-segmentation/data/pseudo_labels/teacher_tta_labels/radiopaedia_4_slice_0021.npy,/kaggle/working/scribble-uncertainty-lung-segmentation/data/pseudo_labels/teacher_tta_confidence/radiopaedia_4_slice_0021.npy,/kaggle/working/scribble-uncertainty-lung-segmentation/outputs/predictions/teacher_tta_probabilities/radiopaedia_4_slice_0021.npy,0.05,0,2241,65536,86,2033,0.8722507953643799,True
radiopaedia_4,22,/kaggle/working/scribble-uncertainty-lung-segmentation/data/pseudo_labels/teacher_tta_labels/radiopaedia_4_slice_0022.npy,/kaggle/working/scribble-uncertainty-lung-segmentation/data/pseudo_labels/teacher_tta_confidence/radiopaedia_4_slice_0022.npy,/kaggle/working/scribble-uncertainty-lung-segmentation/outputs/predictions/teacher_tta_probabilities/radiopaedia_4_slice_0022.npy,0.05,0,1884,65536,86,1646,0.8543909192085266,True
radiopaedia_4,23,/kaggle/working/scribble-uncertainty-lung-segmentation/data/pseudo_labels/teacher_tta_labels/radiopaedia_4_slice_0023.npy,/kaggle/working/scribble-uncertainty-lung-segmentation/data/pseudo_labels/teacher_tta_confidence/radiopaedia_4_slice_0023.npy,/kaggle/working/scribble-uncertainty-lung-segmentation/outputs/predictions/teacher_tta_probabilities/radiopaedia_4_slice_0023.npy,0.05,0,1180,65536,68,1272,0.7969005107879639,True
radiopaedia_4,24,/kaggle/working/scribble-uncertainty-lung-segmentation/data/pseudo_labels/teacher_tta_labels/radiopaedia_4_slice_0024.npy,/kaggle/working/scribble-uncertainty-lung-segmentation/data/pseudo_labels/teacher_tta_confidence/radiopaedia_4_slice_0024.npy,/kaggle/working/scribble-uncertainty-lung-segmentation/outputs/predictions/teacher_tta_probabilities/radiopaedia_4_slice_0024.npy,0.05,0,1060,65536,46,933,0.8038133382797241,True
radiopaedia_4,25,/kaggle/working/scribble-uncertainty-lung-segmentation/data/pseudo_labels/teacher_tta_labels/radiopaedia_4_slice_0025.npy,/kaggle/working/scribble-uncertainty-lung-segmentation/data/pseudo_labels/teacher_tta_confidence/radiopaedia_4_slice_0025.npy,/kaggle/working/scribble-uncertainty-lung-segmentation/outputs/predictions/teacher_tta_probabilities/radiopaedia_4_slice_0025.npy,0.05,0,903,65536,30,843,0.9255440831184387,True
radiopaedia_4,26,/kaggle/working/scribble-uncertainty-lung-segmentation/data/pseudo_labels/teacher_tta_labels/radiopaedia_4_slice_0026.npy,/kaggle/working/scribble-uncertainty-lung-segmentation/data/pseudo_labels/teacher_tta_confidence/radiopaedia_4_slice_0026.npy,/kaggle/working/scribble-uncertainty-lung-segmentation/outputs/predictions/teacher_tta_probabilities/radiopaedia_4_slice_0026.npy,0.05,0,578,65536,16,625,0.8711554408073425,True
radiopaedia_4,27,/kaggle/working/scribble-uncertainty-lung-segmentation/data/pseudo_labels/teacher_tta_labels/radiopaedia_4_slice_0027.npy,/kaggle/working/scribble-uncertainty-lung-segmentation/data/pseudo_labels/teacher_tta_confidence/radiopaedia_4_slice_0027.npy,/kaggle/working/scribble-uncertainty-lung-segmentation/outputs/predictions/teacher_tta_probabilities/radiopaedia_4_slice_0027.npy,0.05,0,518,65536,20,551,0.7558465600013733,True
radiopaedia_4,28,/kaggle/working/scribble-uncertainty-lung-segmentation/data/pseudo_labels/teacher_tta_labels/radiopaedia_4_slice_0028.npy,/kaggle/working/scribble-uncertainty-lung-segmentation/data/pseudo_labels/teacher_tta_confidence/radiopaedia_4_slice_0028.npy,/kaggle/working/scribble-uncertainty-lung-segmentation/outputs/predictions/teacher_tta_probabilities/radiopaedia_4_slice_0028.npy,0.05,0,166,65536,4,72,0.5630252361297607,True
radiopaedia_4,29,/kaggle/working/scribble-uncertainty-lung-segmentation/data/pseudo_labels/teacher_tta_labels/radiopaedia_4_slice_0029.npy,/kaggle/working/scribble-uncertainty-lung-segmentation/data/pseudo_labels/teacher_tta_confidence/radiopaedia_4_slice_0029.npy,/kaggle/working/scribble-uncertainty-lung-segmentation/outputs/predictions/teacher_tta_probabilities/radiopaedia_4_slice_0029.npy,0.05,0,25,65536,4,76,0.4752475321292877,True
radiopaedia_4,30,/kaggle/working/scribble-uncertainty-lung-segmentation/data/pseudo_labels/teacher_tta_labels/radiopaedia_4_slice_0030.npy,/kaggle/working/scribble-uncertainty-lung-segmentation/data/pseudo_labels/teacher_tta_confidence/radiopaedia_4_slice_0030.npy,/kaggle/working/scribble-uncertainty-lung-segmentation/outputs/predictions/teacher_tta_probabilities/radiopaedia_4_slice_0030.npy,0.05,0,0,65536,0,0,1.0,False
radiopaedia_4,31,/kaggle/working/scribble-uncertainty-lung-segmentation/data/pseudo_labels/teacher_tta_labels/radiopaedia_4_slice_0031.npy,/kaggle/working/scribble-uncertainty-lung-segmentation/data/pseudo_labels/teacher_tta_confidence/radiopaedia_4_slice_0031.npy,/kaggle/working/scribble-uncertainty-lung-segmentation/outputs/predictions/teacher_tta_probabilities/radiopaedia_4_slice_0031.npy,0.05,0,0,65536,0,0,1.0,False
radiopaedia_4,32,/kaggle/working/scribble-uncertainty-lung-segmentation/data/pseudo_labels/teacher_tta_labels/radiopaedia_4_slice_0032.npy,/kaggle/working/scribble-uncertainty-lung-segmentation/data/pseudo_labels/teacher_tta_confidence/radiopaedia_4_slice_0032.npy,/kaggle/working/scribble-uncertainty-lung-segmentation/outputs/predictions/teacher_tta_probabilities/radiopaedia_4_slice_0032.npy,0.05,0,0,65536,0,0,1.0,False
radiopaedia_4,33,/kaggle/working/scribble-uncertainty-lung-segmentation/data/pseudo_labels/teacher_tta_labels/radiopaedia_4_slice_0033.npy,/kaggle/working/scribble-uncertainty-lung-segmentation/data/pseudo_labels/teacher_tta_confidence/radiopaedia_4_slice_0033.npy,/kaggle/working/scribble-uncertainty-lung-segmentation/outputs/predictions/teacher_tta_probabilities/radiopaedia_4_slice_0033.npy,0.05,0,0,65536,0,0,1.0,False
radiopaedia_4,34,/kaggle/working/scribble-uncertainty-lung-segmentation/data/pseudo_labels/teacher_tta_labels/radiopaedia_4_slice_0034.npy,/kaggle/working/scribble-uncertainty-lung-segmentation/data/pseudo_labels/teacher_tta_confidence/radiopaedia_4_slice_0034.npy,/kaggle/working/scribble-uncertainty-lung-segmentation/outputs/predictions/teacher_tta_probabilities/radiopaedia_4_slice_0034.npy,0.05,0,0,65536,0,0,1.0,False
radiopaedia_4,35,/kaggle/working/scribble-uncertainty-lung-segmentation/data/pseudo_labels/teacher_tta_labels/radiopaedia_4_slice_0035.npy,/kaggle/working/scribble-uncertainty-lung-segmentation/data/pseudo_labels/teacher_tta_confidence/radiopaedia_4_slice_0035.npy,/kaggle/working/scribble-uncertainty-lung-segmentation/outputs/predictions/teacher_tta_probabilities/radiopaedia_4_slice_0035.npy,0.05,0,0,65536,0,0,1.0,False
radiopaedia_40,9,/kaggle/working/scribble-uncertainty-lung-segmentation/data/pseudo_labels/teacher_tta_labels/radiopaedia_40_slice_0009.npy,/kaggle/working/scribble-uncertainty-lung-segmentation/data/pseudo_labels/teacher_tta_confidence/radiopaedia_40_slice_0009.npy,/kaggle/working/scribble-uncertainty-lung-segmentation/outputs/predictions/teacher_tta_probabilities/radiopaedia_40_slice_0009.npy,0.05,0,33,65536,0,0,3.030303119544442e-09,False
radiopaedia_40,10,/kaggle/working/scribble-uncertainty-lung-segmentation/data/pseudo_labels/teacher_tta_labels/radiopaedia_40_slice_0010.npy,/kaggle/working/scribble-uncertainty-lung-segmentation/data/pseudo_labels/teacher_tta_confidence/radiopaedia_40_slice_0010.npy,/kaggle/working/scribble-uncertainty-lung-segmentation/outputs/predictions/teacher_tta_probabilities/radiopaedia_40_slice_0010.npy,0.05,0,75,65536,0,0,1.3333333326315255e-09,False
radiopaedia_40,11,/kaggle/working/scribble-uncertainty-lung-segmentation/data/pseudo_labels/teacher_tta_labels/radiopaedia_40_slice_0011.npy,/kaggle/working/scribble-uncertainty-lung-segmentation/data/pseudo_labels/teacher_tta_confidence/radiopaedia_40_slice_0011.npy,/kaggle/working/scribble-uncertainty-lung-segmentation/outputs/predictions/teacher_tta_probabilities/radiopaedia_40_slice_0011.npy,0.05,0,169,65536,11,93,0.6564885377883911,True
radiopaedia_40,12,/kaggle/working/scribble-uncertainty-lung-segmentation/data/pseudo_labels/teacher_tta_labels/radiopaedia_40_slice_0012.npy,/kaggle/working/scribble-uncertainty-lung-segmentation/data/pseudo_labels/teacher_tta_confidence/radiopaedia_40_slice_0012.npy,/kaggle/working/scribble-uncertainty-lung-segmentation/outputs/predictions/teacher_tta_probabilities/radiopaedia_40_slice_0012.npy,0.05,0,282,65536,24,204,0.748971164226532,True
radiopaedia_40,13,/kaggle/working/scribble-uncertainty-lung-segmentation/data/pseudo_labels/teacher_tta_labels/radiopaedia_40_slice_0013.npy,/kaggle/working/scribble-uncertainty-lung-segmentation/data/pseudo_labels/teacher_tta_confidence/radiopaedia_40_slice_0013.npy,/kaggle/working/scribble-uncertainty-lung-segmentation/outputs/predictions/teacher_tta_probabilities/radiopaedia_40_slice_0013.npy,0.05,0,384,65536,22,257,0.7925117015838623,True
radiopaedia_40,14,/kaggle/working/scribble-uncertainty-lung-segmentation/data/pseudo_labels/teacher_tta_labels/radiopaedia_40_slice_0014.npy,/kaggle/working/scribble-uncertainty-lung-segmentation/data/pseudo_labels/teacher_tta_confidence/radiopaedia_40_slice_0014.npy,/kaggle/working/scribble-uncertainty-lung-segmentation/outputs/predictions/teacher_tta_probabilities/radiopaedia_40_slice_0014.npy,0.05,0,536,65536,40,475,0.919881284236908,True
radiopaedia_40,15,/kaggle/working/scribble-uncertainty-lung-segmentation/data/pseudo_labels/teacher_tta_labels/radiopaedia_40_slice_0015.npy,/kaggle/working/scribble-uncertainty-lung-segmentation/data/pseudo_labels/teacher_tta_confidence/radiopaedia_40_slice_0015.npy,/kaggle/working/scribble-uncertainty-lung-segmentation/outputs/predictions/teacher_tta_probabilities/radiopaedia_40_slice_0015.npy,0.05,0,686,65536,35,555,0.8847703337669373,True
radiopaedia_40,16,/kaggle/working/scribble-uncertainty-lung-segmentation/data/pseudo_labels/teacher_tta_labels/radiopaedia_40_slice_0016.npy,/kaggle/working/scribble-uncertainty-lung-segmentation/data/pseudo_labels/teacher_tta_confidence/radiopaedia_40_slice_0016.npy,/kaggle/working/scribble-uncertainty-lung-segmentation/outputs/predictions/teacher_tta_probabilities/radiopaedia_40_slice_0016.npy,0.05,0,844,65536,33,750,0.9284818172454834,True
radiopaedia_40,17,/kaggle/working/scribble-uncertainty-lung-segmentation/data/pseudo_labels/teacher_tta_labels/radiopaedia_40_slice_0017.npy,/kaggle/working/scribble-uncertainty-lung-segmentation/data/pseudo_labels/teacher_tta_confidence/radiopaedia_40_slice_0017.npy,/kaggle/working/scribble-uncertainty-lung-segmentation/outputs/predictions/teacher_tta_probabilities/radiopaedia_40_slice_0017.npy,0.05,0,1020,65536,27,815,0.8850136399269104,True
radiopaedia_40,18,/kaggle/working/scribble-uncertainty-lung-segmentation/data/pseudo_labels/teacher_tta_labels/radiopaedia_40_slice_0018.npy,/kaggle/working/scribble-uncertainty-lung-segmentation/data/pseudo_labels/teacher_tta_confidence/radiopaedia_40_slice_0018.npy,/kaggle/working/scribble-uncertainty-lung-segmentation/outputs/predictions/teacher_tta_probabilities/radiopaedia_40_slice_0018.npy,0.05,0,1153,65536,40,984,0.9012634754180908,True
radiopaedia_40,19,/kaggle/working/scribble-uncertainty-lung-segmentation/data/pseudo_labels/teacher_tta_labels/radiopaedia_40_slice_0019.npy,/kaggle/working/scribble-uncertainty-lung-segmentation/data/pseudo_labels/teacher_tta_confidence/radiopaedia_40_slice_0019.npy,/kaggle/working/scribble-uncertainty-lung-segmentation/outputs/predictions/teacher_tta_probabilities/radiopaedia_40_slice_0019.npy,0.05,0,1556,65536,63,1277,0.853512167930603,True
radiopaedia_40,20,/kaggle/working/scribble-uncertainty-lung-segmentation/data/pseudo_labels/teacher_tta_labels/radiopaedia_40_slice_0020.npy,/kaggle/working/scribble-uncertainty-lung-segmentation/data/pseudo_labels/teacher_tta_confidence/radiopaedia_40_slice_0020.npy,/kaggle/working/scribble-uncertainty-lung-segmentation/outputs/predictions/teacher_tta_probabilities/radiopaedia_40_slice_0020.npy,0.05,0,1845,65536,94,1375,0.8354037404060364,True
radiopaedia_40,21,/kaggle/working/scribble-uncertainty-lung-segmentation/data/pseudo_labels/teacher_tta_labels/radiopaedia_40_slice_0021.npy,/kaggle/working/scribble-uncertainty-lung-segmentation/data/pseudo_labels/teacher_tta_confidence/radiopaedia_40_slice_0021.npy,/kaggle/working/scribble-uncertainty-lung-segmentation/outputs/predictions/teacher_tta_probabilities/radiopaedia_40_slice_0021.npy,0.05,0,2229,65536,117,1808,0.87887042760849,True
radiopaedia_40,22,/kaggle/working/scribble-uncertainty-lung-segmentation/data/pseudo_labels/teacher_tta_labels/radiopaedia_40_slice_0022.npy,/kaggle/working/scribble-uncertainty-lung-segmentation/data/pseudo_labels/teacher_tta_confidence/radiopaedia_40_slice_0022.npy,/kaggle/working/scribble-uncertainty-lung-segmentation/outputs/predictions/teacher_tta_probabilities/radiopaedia_40_slice_0022.npy,0.05,0,2651,65536,133,2030,0.8293099999427795,True
radiopaedia_40,23,/kaggle/working/scribble-uncertainty-lung-segmentation/data/pseudo_labels/teacher_tta_labels/radiopaedia_40_slice_0023.npy,/kaggle/working/scribble-uncertainty-lung-segmentation/data/pseudo_labels/teacher_tta_confidence/radiopaedia_40_slice_0023.npy,/kaggle/working/scribble-uncertainty-lung-segmentation/outputs/predictions/teacher_tta_probabilities/radiopaedia_40_slice_0023.npy,0.05,0,3218,65536,131,2366,0.8259312510490417,True
radiopaedia_40,24,/kaggle/working/scribble-uncertainty-lung-segmentation/data/pseudo_labels/teacher_tta_labels/radiopaedia_40_slice_0024.npy,/kaggle/working/scribble-uncertainty-lung-segmentation/data/pseudo_labels/teacher_tta_confidence/radiopaedia_40_slice_0024.npy,/kaggle/working/scribble-uncertainty-lung-segmentation/outputs/predictions/teacher_tta_probabilities/radiopaedia_40_slice_0024.npy,0.05,0,3826,65536,173,2848,0.8189991116523743,True
radiopaedia_40,25,/kaggle/working/scribble-uncertainty-lung-segmentation/data/pseudo_labels/teacher_tta_labels/radiopaedia_40_slice_0025.npy,/kaggle/working/scribble-uncertainty-lung-segmentation/data/pseudo_labels/teacher_tta_confidence/radiopaedia_40_slice_0025.npy,/kaggle/working/scribble-uncertainty-lung-segmentation/outputs/predictions/teacher_tta_probabilities/radiopaedia_40_slice_0025.npy,0.05,0,4632,65536,214,3685,0.863532543182373,True
radiopaedia_40,26,/kaggle/working/scribble-uncertainty-lung-segmentation/data/pseudo_labels/teacher_tta_labels/radiopaedia_40_slice_0026.npy,/kaggle/working/scribble-uncertainty-lung-segmentation/data/pseudo_labels/teacher_tta_confidence/radiopaedia_40_slice_0026.npy,/kaggle/working/scribble-uncertainty-lung-segmentation/outputs/predictions/teacher_tta_probabilities/radiopaedia_40_slice_0026.npy,0.05,0,5509,65536,224,4407,0.8660750389099121,True
radiopaedia_40,27,/kaggle/working/scribble-uncertainty-lung-segmentation/data/pseudo_labels/teacher_tta_labels/radiopaedia_40_slice_0027.npy,/kaggle/working/scribble-uncertainty-lung-segmentation/data/pseudo_labels/teacher_tta_confidence/radiopaedia_40_slice_0027.npy,/kaggle/working/scribble-uncertainty-lung-segmentation/outputs/predictions/teacher_tta_probabilities/radiopaedia_40_slice_0027.npy,0.05,0,6478,65536,286,5351,0.8854510188102722,True
radiopaedia_40,28,/kaggle/working/scribble-uncertainty-lung-segmentation/data/pseudo_labels/teacher_tta_labels/radiopaedia_40_slice_0028.npy,/kaggle/working/scribble-uncertainty-lung-segmentation/data/pseudo_labels/teacher_tta_confidence/radiopaedia_40_slice_0028.npy,/kaggle/working/scribble-uncertainty-lung-segmentation/outputs/predictions/teacher_tta_probabilities/radiopaedia_40_slice_0028.npy,0.05,0,7298,65536,309,6168,0.8844497203826904,True
radiopaedia_40,29,/kaggle/working/scribble-uncertainty-lung-segmentation/data/pseudo_labels/teacher_tta_labels/radiopaedia_40_slice_0029.npy,/kaggle/working/scribble-uncertainty-lung-segmentation/data/pseudo_labels/teacher_tta_confidence/radiopaedia_40_slice_0029.npy,/kaggle/working/scribble-uncertainty-lung-segmentation/outputs/predictions/teacher_tta_probabilities/radiopaedia_40_slice_0029.npy,0.05,0,7145,65536,293,6330,0.8946938514709473,True
radiopaedia_40,30,/kaggle/working/scribble-uncertainty-lung-segmentation/data/pseudo_labels/teacher_tta_labels/radiopaedia_40_slice_0030.npy,/kaggle/working/scribble-uncertainty-lung-segmentation/data/pseudo_labels/teacher_tta_confidence/radiopaedia_40_slice_0030.npy,/kaggle/working/scribble-uncertainty-lung-segmentation/outputs/predictions/teacher_tta_probabilities/radiopaedia_40_slice_0030.npy,0.05,0,7268,65536,284,6267,0.9143701791763306,True
radiopaedia_40,31,/kaggle/working/scribble-uncertainty-lung-segmentation/data/pseudo_labels/teacher_tta_labels/radiopaedia_40_slice_0031.npy,/kaggle/working/scribble-uncertainty-lung-segmentation/data/pseudo_labels/teacher_tta_confidence/radiopaedia_40_slice_0031.npy,/kaggle/working/scribble-uncertainty-lung-segmentation/outputs/predictions/teacher_tta_probabilities/radiopaedia_40_slice_0031.npy,0.05,0,7163,65536,361,6280,0.9087257385253906,True
radiopaedia_40,32,/kaggle/working/scribble-uncertainty-lung-segmentation/data/pseudo_labels/teacher_tta_labels/radiopaedia_40_slice_0032.npy,/kaggle/working/scribble-uncertainty-lung-segmentation/data/pseudo_labels/teacher_tta_confidence/radiopaedia_40_slice_0032.npy,/kaggle/working/scribble-uncertainty-lung-segmentation/outputs/predictions/teacher_tta_probabilities/radiopaedia_40_slice_0032.npy,0.05,0,7389,65536,281,6552,0.9190158247947693,True
radiopaedia_40,33,/kaggle/working/scribble-uncertainty-lung-segmentation/data/pseudo_labels/teacher_tta_labels/radiopaedia_40_slice_0033.npy,/kaggle/working/scribble-uncertainty-lung-segmentation/data/pseudo_labels/teacher_tta_confidence/radiopaedia_40_slice_0033.npy,/kaggle/working/scribble-uncertainty-lung-segmentation/outputs/predictions/teacher_tta_probabilities/radiopaedia_40_slice_0033.npy,0.05,0,7322,65536,247,5889,0.8806297779083252,True
radiopaedia_40,34,/kaggle/working/scribble-uncertainty-lung-segmentation/data/pseudo_labels/teacher_tta_labels/radiopaedia_40_slice_0034.npy,/kaggle/working/scribble-uncertainty-lung-segmentation/data/pseudo_labels/teacher_tta_confidence/radiopaedia_40_slice_0034.npy,/kaggle/working/scribble-uncertainty-lung-segmentation/outputs/predictions/teacher_tta_probabilities/radiopaedia_40_slice_0034.npy,0.05,0,7109,65536,297,5830,0.891877293586731,True
radiopaedia_40,35,/kaggle/working/scribble-uncertainty-lung-segmentation/data/pseudo_labels/teacher_tta_labels/radiopaedia_40_slice_0035.npy,/kaggle/working/scribble-uncertainty-lung-segmentation/data/pseudo_labels/teacher_tta_confidence/radiopaedia_40_slice_0035.npy,/kaggle/working/scribble-uncertainty-lung-segmentation/outputs/predictions/teacher_tta_probabilities/radiopaedia_40_slice_0035.npy,0.05,0,7105,65536,221,6073,0.9086356163024902,True
radiopaedia_40,36,/kaggle/working/scribble-uncertainty-lung-segmentation/data/pseudo_labels/teacher_tta_labels/radiopaedia_40_slice_0036.npy,/kaggle/working/scribble-uncertainty-lung-segmentation/data/pseudo_labels/teacher_tta_confidence/radiopaedia_40_slice_0036.npy,/kaggle/working/scribble-uncertainty-lung-segmentation/outputs/predictions/teacher_tta_probabilities/radiopaedia_40_slice_0036.npy,0.05,0,6917,65536,235,5924,0.9042909145355225,True
radiopaedia_40,37,/kaggle/working/scribble-uncertainty-lung-segmentation/data/pseudo_labels/teacher_tta_labels/radiopaedia_40_slice_0037.npy,/kaggle/working/scribble-uncertainty-lung-segmentation/data/pseudo_labels/teacher_tta_confidence/radiopaedia_40_slice_0037.npy,/kaggle/working/scribble-uncertainty-lung-segmentation/outputs/predictions/teacher_tta_probabilities/radiopaedia_40_slice_0037.npy,0.05,0,6321,65536,237,5718,0.910374641418457,True
radiopaedia_40,38,/kaggle/working/scribble-uncertainty-lung-segmentation/data/pseudo_labels/teacher_tta_labels/radiopaedia_40_slice_0038.npy,/kaggle/working/scribble-uncertainty-lung-segmentation/data/pseudo_labels/teacher_tta_confidence/radiopaedia_40_slice_0038.npy,/kaggle/working/scribble-uncertainty-lung-segmentation/outputs/predictions/teacher_tta_probabilities/radiopaedia_40_slice_0038.npy,0.05,0,6067,65536,232,5306,0.8987953662872314,True
radiopaedia_40,39,/kaggle/working/scribble-uncertainty-lung-segmentation/data/pseudo_labels/teacher_tta_labels/radiopaedia_40_slice_0039.npy,/kaggle/working/scribble-uncertainty-lung-segmentation/data/pseudo_labels/teacher_tta_confidence/radiopaedia_40_slice_0039.npy,/kaggle/working/scribble-uncertainty-lung-segmentation/outputs/predictions/teacher_tta_probabilities/radiopaedia_40_slice_0039.npy,0.05,0,6242,65536,265,5407,0.8917503356933594,True
radiopaedia_40,40,/kaggle/working/scribble-uncertainty-lung-segmentation/data/pseudo_labels/teacher_tta_labels/radiopaedia_40_slice_0040.npy,/kaggle/working/scribble-uncertainty-lung-segmentation/data/pseudo_labels/teacher_tta_confidence/radiopaedia_40_slice_0040.npy,/kaggle/working/scribble-uncertainty-lung-segmentation/outputs/predictions/teacher_tta_probabilities/radiopaedia_40_slice_0040.npy,0.05,0,5989,65536,244,5682,0.9137177467346191,True
radiopaedia_40,41,/kaggle/working/scribble-uncertainty-lung-segmentation/data/pseudo_labels/teacher_tta_labels/radiopaedia_40_slice_0041.npy,/kaggle/working/scribble-uncertainty-lung-segmentation/data/pseudo_labels/teacher_tta_confidence/radiopaedia_40_slice_0041.npy,/kaggle/working/scribble-uncertainty-lung-segmentation/outputs/predictions/teacher_tta_probabilities/radiopaedia_40_slice_0041.npy,0.05,0,5692,65536,253,5247,0.9152573347091675,True
radiopaedia_40,42,/kaggle/working/scribble-uncertainty-lung-segmentation/data/pseudo_labels/teacher_tta_labels/radiopaedia_40_slice_0042.npy,/kaggle/working/scribble-uncertainty-lung-segmentation/data/pseudo_labels/teacher_tta_confidence/radiopaedia_40_slice_0042.npy,/kaggle/working/scribble-uncertainty-lung-segmentation/outputs/predictions/teacher_tta_probabilities/radiopaedia_40_slice_0042.npy,0.05,0,5767,65536,204,5098,0.913391649723053,True
radiopaedia_40,43,/kaggle/working/scribble-uncertainty-lung-segmentation/data/pseudo_labels/teacher_tta_labels/radiopaedia_40_slice_0043.npy,/kaggle/working/scribble-uncertainty-lung-segmentation/data/pseudo_labels/teacher_tta_confidence/radiopaedia_40_slice_0043.npy,/kaggle/working/scribble-uncertainty-lung-segmentation/outputs/predictions/teacher_tta_probabilities/radiopaedia_40_slice_0043.npy,0.05,0,5797,65536,214,5237,0.9202464818954468,True
radiopaedia_40,44,/kaggle/working/scribble-uncertainty-lung-segmentation/data/pseudo_labels/teacher_tta_labels/radiopaedia_40_slice_0044.npy,/kaggle/working/scribble-uncertainty-lung-segmentation/data/pseudo_labels/teacher_tta_confidence/radiopaedia_40_slice_0044.npy,/kaggle/working/scribble-uncertainty-lung-segmentation/outputs/predictions/teacher_tta_probabilities/radiopaedia_40_slice_0044.npy,0.05,0,5777,65536,234,5485,0.9387320280075073,True
radiopaedia_40,45,/kaggle/working/scribble-uncertainty-lung-segmentation/data/pseudo_labels/teacher_tta_labels/radiopaedia_40_slice_0045.npy,/kaggle/working/scribble-uncertainty-lung-segmentation/data/pseudo_labels/teacher_tta_confidence/radiopaedia_40_slice_0045.npy,/kaggle/working/scribble-uncertainty-lung-segmentation/outputs/predictions/teacher_tta_probabilities/radiopaedia_40_slice_0045.npy,0.05,0,5698,65536,212,5530,0.9303526878356934,True
radiopaedia_40,46,/kaggle/working/scribble-uncertainty-lung-segmentation/data/pseudo_labels/teacher_tta_labels/radiopaedia_40_slice_0046.npy,/kaggle/working/scribble-uncertainty-lung-segmentation/data/pseudo_labels/teacher_tta_confidence/radiopaedia_40_slice_0046.npy,/kaggle/working/scribble-uncertainty-lung-segmentation/outputs/predictions/teacher_tta_probabilities/radiopaedia_40_slice_0046.npy,0.05,0,5602,65536,190,5272,0.9347066283226013,True
radiopaedia_40,47,/kaggle/working/scribble-uncertainty-lung-segmentation/data/pseudo_labels/teacher_tta_labels/radiopaedia_40_slice_0047.npy,/kaggle/working/scribble-uncertainty-lung-segmentation/data/pseudo_labels/teacher_tta_confidence/radiopaedia_40_slice_0047.npy,/kaggle/working/scribble-uncertainty-lung-segmentation/outputs/predictions/teacher_tta_probabilities/radiopaedia_40_slice_0047.npy,0.05,0,5680,65536,259,5393,0.9260362982749939,True
radiopaedia_40,48,/kaggle/working/scribble-uncertainty-lung-segmentation/data/pseudo_labels/teacher_tta_labels/radiopaedia_40_slice_0048.npy,/kaggle/working/scribble-uncertainty-lung-segmentation/data/pseudo_labels/teacher_tta_confidence/radiopaedia_40_slice_0048.npy,/kaggle/working/scribble-uncertainty-lung-segmentation/outputs/predictions/teacher_tta_probabilities/radiopaedia_40_slice_0048.npy,0.05,0,6350,65536,266,5720,0.9101905822753906,True
radiopaedia_40,49,/kaggle/working/scribble-uncertainty-lung-segmentation/data/pseudo_labels/teacher_tta_labels/radiopaedia_40_slice_0049.npy,/kaggle/working/scribble-uncertainty-lung-segmentation/data/pseudo_labels/teacher_tta_confidence/radiopaedia_40_slice_0049.npy,/kaggle/working/scribble-uncertainty-lung-segmentation/outputs/predictions/teacher_tta_probabilities/radiopaedia_40_slice_0049.npy,0.05,0,5951,65536,257,5596,0.9122715592384338,True
radiopaedia_40,50,/kaggle/working/scribble-uncertainty-lung-segmentation/data/pseudo_labels/teacher_tta_labels/radiopaedia_40_slice_0050.npy,/kaggle/working/scribble-uncertainty-lung-segmentation/data/pseudo_labels/teacher_tta_confidence/radiopaedia_40_slice_0050.npy,/kaggle/working/scribble-uncertainty-lung-segmentation/outputs/predictions/teacher_tta_probabilities/radiopaedia_40_slice_0050.npy,0.05,0,5974,65536,290,5370,0.8996826410293579,True
radiopaedia_40,51,/kaggle/working/scribble-uncertainty-lung-segmentation/data/pseudo_labels/teacher_tta_labels/radiopaedia_40_slice_0051.npy,/kaggle/working/scribble-uncertainty-lung-segmentation/data/pseudo_labels/teacher_tta_confidence/radiopaedia_40_slice_0051.npy,/kaggle/working/scribble-uncertainty-lung-segmentation/outputs/predictions/teacher_tta_probabilities/radiopaedia_40_slice_0051.npy,0.05,0,5649,65536,251,5082,0.893672525882721,True
radiopaedia_40,52,/kaggle/working/scribble-uncertainty-lung-segmentation/data/pseudo_labels/teacher_tta_labels/radiopaedia_40_slice_0052.npy,/kaggle/working/scribble-uncertainty-lung-segmentation/data/pseudo_labels/teacher_tta_confidence/radiopaedia_40_slice_0052.npy,/kaggle/working/scribble-uncertainty-lung-segmentation/outputs/predictions/teacher_tta_probabilities/radiopaedia_40_slice_0052.npy,0.05,0,5555,65536,291,5143,0.8943727612495422,True
radiopaedia_40,53,/kaggle/working/scribble-uncertainty-lung-segmentation/data/pseudo_labels/teacher_tta_labels/radiopaedia_40_slice_0053.npy,/kaggle/working/scribble-uncertainty-lung-segmentation/data/pseudo_labels/teacher_tta_confidence/radiopaedia_40_slice_0053.npy,/kaggle/working/scribble-uncertainty-lung-segmentation/outputs/predictions/teacher_tta_probabilities/radiopaedia_40_slice_0053.npy,0.05,0,5440,65536,297,4877,0.8987108469009399,True
radiopaedia_40,54,/kaggle/working/scribble-uncertainty-lung-segmentation/data/pseudo_labels/teacher_tta_labels/radiopaedia_40_slice_0054.npy,/kaggle/working/scribble-uncertainty-lung-segmentation/data/pseudo_labels/teacher_tta_confidence/radiopaedia_40_slice_0054.npy,/kaggle/working/scribble-uncertainty-lung-segmentation/outputs/predictions/teacher_tta_probabilities/radiopaedia_40_slice_0054.npy,0.05,0,5332,65536,314,4944,0.8945114612579346,True
radiopaedia_40,55,/kaggle/working/scribble-uncertainty-lung-segmentation/data/pseudo_labels/teacher_tta_labels/radiopaedia_40_slice_0055.npy,/kaggle/working/scribble-uncertainty-lung-segmentation/data/pseudo_labels/teacher_tta_confidence/radiopaedia_40_slice_0055.npy,/kaggle/working/scribble-uncertainty-lung-segmentation/outputs/predictions/teacher_tta_probabilities/radiopaedia_40_slice_0055.npy,0.05,0,6120,65536,322,5045,0.8750559687614441,True
radiopaedia_40,56,/kaggle/working/scribble-uncertainty-lung-segmentation/data/pseudo_labels/teacher_tta_labels/radiopaedia_40_slice_0056.npy,/kaggle/working/scribble-uncertainty-lung-segmentation/data/pseudo_labels/teacher_tta_confidence/radiopaedia_40_slice_0056.npy,/kaggle/working/scribble-uncertainty-lung-segmentation/outputs/predictions/teacher_tta_probabilities/radiopaedia_40_slice_0056.npy,0.05,0,5780,65536,283,5116,0.9005139470100403,True
radiopaedia_40,57,/kaggle/working/scribble-uncertainty-lung-segmentation/data/pseudo_labels/teacher_tta_labels/radiopaedia_40_slice_0057.npy,/kaggle/working/scribble-uncertainty-lung-segmentation/data/pseudo_labels/teacher_tta_confidence/radiopaedia_40_slice_0057.npy,/kaggle/working/scribble-uncertainty-lung-segmentation/outputs/predictions/teacher_tta_probabilities/radiopaedia_40_slice_0057.npy,0.05,0,5741,65536,344,4948,0.8842735290527344,True
radiopaedia_40,58,/kaggle/working/scribble-uncertainty-lung-segmentation/data/pseudo_labels/teacher_tta_labels/radiopaedia_40_slice_0058.npy,/kaggle/working/scribble-uncertainty-lung-segmentation/data/pseudo_labels/teacher_tta_confidence/radiopaedia_40_slice_0058.npy,/kaggle/working/scribble-uncertainty-lung-segmentation/outputs/predictions/teacher_tta_probabilities/radiopaedia_40_slice_0058.npy,0.05,0,5300,65536,321,4663,0.862993061542511,True
radiopaedia_40,59,/kaggle/working/scribble-uncertainty-lung-segmentation/data/pseudo_labels/teacher_tta_labels/radiopaedia_40_slice_0059.npy,/kaggle/working/scribble-uncertainty-lung-segmentation/data/pseudo_labels/teacher_tta_confidence/radiopaedia_40_slice_0059.npy,/kaggle/working/scribble-uncertainty-lung-segmentation/outputs/predictions/teacher_tta_probabilities/radiopaedia_40_slice_0059.npy,0.05,0,4864,65536,315,4196,0.8591611385345459,True
radiopaedia_40,60,/kaggle/working/scribble-uncertainty-lung-segmentation/data/pseudo_labels/teacher_tta_labels/radiopaedia_40_slice_0060.npy,/kaggle/working/scribble-uncertainty-lung-segmentation/data/pseudo_labels/teacher_tta_confidence/radiopaedia_40_slice_0060.npy,/kaggle/working/scribble-uncertainty-lung-segmentation/outputs/predictions/teacher_tta_probabilities/radiopaedia_40_slice_0060.npy,0.05,0,4473,65536,289,3964,0.8678440451622009,True
radiopaedia_40,61,/kaggle/working/scribble-uncertainty-lung-segmentation/data/pseudo_labels/teacher_tta_labels/radiopaedia_40_slice_0061.npy,/kaggle/working/scribble-uncertainty-lung-segmentation/data/pseudo_labels/teacher_tta_confidence/radiopaedia_40_slice_0061.npy,/kaggle/working/scribble-uncertainty-lung-segmentation/outputs/predictions/teacher_tta_probabilities/radiopaedia_40_slice_0061.npy,0.05,0,4293,65536,245,3861,0.8928133249282837,True
radiopaedia_40,62,/kaggle/working/scribble-uncertainty-lung-segmentation/data/pseudo_labels/teacher_tta_labels/radiopaedia_40_slice_0062.npy,/kaggle/working/scribble-uncertainty-lung-segmentation/data/pseudo_labels/teacher_tta_confidence/radiopaedia_40_slice_0062.npy,/kaggle/working/scribble-uncertainty-lung-segmentation/outputs/predictions/teacher_tta_probabilities/radiopaedia_40_slice_0062.npy,0.05,0,4197,65536,221,3750,0.8903989195823669,True
radiopaedia_40,63,/kaggle/working/scribble-uncertainty-lung-segmentation/data/pseudo_labels/teacher_tta_labels/radiopaedia_40_slice_0063.npy,/kaggle/working/scribble-uncertainty-lung-segmentation/data/pseudo_labels/teacher_tta_confidence/radiopaedia_40_slice_0063.npy,/kaggle/working/scribble-uncertainty-lung-segmentation/outputs/predictions/teacher_tta_probabilities/radiopaedia_40_slice_0063.npy,0.05,0,4013,65536,212,3385,0.8672614097595215,True
radiopaedia_40,64,/kaggle/working/scribble-uncertainty-lung-segmentation/data/pseudo_labels/teacher_tta_labels/radiopaedia_40_slice_0064.npy,/kaggle/working/scribble-uncertainty-lung-segmentation/data/pseudo_labels/teacher_tta_confidence/radiopaedia_40_slice_0064.npy,/kaggle/working/scribble-uncertainty-lung-segmentation/outputs/predictions/teacher_tta_probabilities/radiopaedia_40_slice_0064.npy,0.05,0,3984,65536,222,2780,0.7876995801925659,True
radiopaedia_40,65,/kaggle/working/scribble-uncertainty-lung-segmentation/data/pseudo_labels/teacher_tta_labels/radiopaedia_40_slice_0065.npy,/kaggle/working/scribble-uncertainty-lung-segmentation/data/pseudo_labels/teacher_tta_confidence/radiopaedia_40_slice_0065.npy,/kaggle/working/scribble-uncertainty-lung-segmentation/outputs/predictions/teacher_tta_probabilities/radiopaedia_40_slice_0065.npy,0.05,0,3655,65536,219,2886,0.8209753632545471,True
radiopaedia_40,66,/kaggle/working/scribble-uncertainty-lung-segmentation/data/pseudo_labels/teacher_tta_labels/radiopaedia_40_slice_0066.npy,/kaggle/working/scribble-uncertainty-lung-segmentation/data/pseudo_labels/teacher_tta_confidence/radiopaedia_40_slice_0066.npy,/kaggle/working/scribble-uncertainty-lung-segmentation/outputs/predictions/teacher_tta_probabilities/radiopaedia_40_slice_0066.npy,0.05,0,3282,65536,187,2687,0.8262690305709839,True
radiopaedia_40,67,/kaggle/working/scribble-uncertainty-lung-segmentation/data/pseudo_labels/teacher_tta_labels/radiopaedia_40_slice_0067.npy,/kaggle/working/scribble-uncertainty-lung-segmentation/data/pseudo_labels/teacher_tta_confidence/radiopaedia_40_slice_0067.npy,/kaggle/working/scribble-uncertainty-lung-segmentation/outputs/predictions/teacher_tta_probabilities/radiopaedia_40_slice_0067.npy,0.05,0,3295,65536,210,2679,0.7991295456886292,True
radiopaedia_40,68,/kaggle/working/scribble-uncertainty-lung-segmentation/data/pseudo_labels/teacher_tta_labels/radiopaedia_40_slice_0068.npy,/kaggle/working/scribble-uncertainty-lung-segmentation/data/pseudo_labels/teacher_tta_confidence/radiopaedia_40_slice_0068.npy,/kaggle/working/scribble-uncertainty-lung-segmentation/outputs/predictions/teacher_tta_probabilities/radiopaedia_40_slice_0068.npy,0.05,0,3596,65536,220,3186,0.8448835015296936,True
radiopaedia_40,69,/kaggle/working/scribble-uncertainty-lung-segmentation/data/pseudo_labels/teacher_tta_labels/radiopaedia_40_slice_0069.npy,/kaggle/working/scribble-uncertainty-lung-segmentation/data/pseudo_labels/teacher_tta_confidence/radiopaedia_40_slice_0069.npy,/kaggle/working/scribble-uncertainty-lung-segmentation/outputs/predictions/teacher_tta_probabilities/radiopaedia_40_slice_0069.npy,0.05,0,3347,65536,197,3085,0.8560323119163513,True
radiopaedia_40,70,/kaggle/working/scribble-uncertainty-lung-segmentation/data/pseudo_labels/teacher_tta_labels/radiopaedia_40_slice_0070.npy,/kaggle/working/scribble-uncertainty-lung-segmentation/data/pseudo_labels/teacher_tta_confidence/radiopaedia_40_slice_0070.npy,/kaggle/working/scribble-uncertainty-lung-segmentation/outputs/predictions/teacher_tta_probabilities/radiopaedia_40_slice_0070.npy,0.05,0,3077,65536,177,2874,0.8818686008453369,True
radiopaedia_40,71,/kaggle/working/scribble-uncertainty-lung-segmentation/data/pseudo_labels/teacher_tta_labels/radiopaedia_40_slice_0071.npy,/kaggle/working/scribble-uncertainty-lung-segmentation/data/pseudo_labels/teacher_tta_confidence/radiopaedia_40_slice_0071.npy,/kaggle/working/scribble-uncertainty-lung-segmentation/outputs/predictions/teacher_tta_probabilities/radiopaedia_40_slice_0071.npy,0.05,0,2657,65536,138,2455,0.8732394576072693,True
radiopaedia_40,72,/kaggle/working/scribble-uncertainty-lung-segmentation/data/pseudo_labels/teacher_tta_labels/radiopaedia_40_slice_0072.npy,/kaggle/working/scribble-uncertainty-lung-segmentation/data/pseudo_labels/teacher_tta_confidence/radiopaedia_40_slice_0072.npy,/kaggle/working/scribble-uncertainty-lung-segmentation/outputs/predictions/teacher_tta_probabilities/radiopaedia_40_slice_0072.npy,0.05,0,2137,65536,116,2102,0.8643547892570496,True
radiopaedia_40,73,/kaggle/working/scribble-uncertainty-lung-segmentation/data/pseudo_labels/teacher_tta_labels/radiopaedia_40_slice_0073.npy,/kaggle/working/scribble-uncertainty-lung-segmentation/data/pseudo_labels/teacher_tta_confidence/radiopaedia_40_slice_0073.npy,/kaggle/working/scribble-uncertainty-lung-segmentation/outputs/predictions/teacher_tta_probabilities/radiopaedia_40_slice_0073.npy,0.05,0,1905,65536,121,1825,0.8890080451965332,True
radiopaedia_40,74,/kaggle/working/scribble-uncertainty-lung-segmentation/data/pseudo_labels/teacher_tta_labels/radiopaedia_40_slice_0074.npy,/kaggle/working/scribble-uncertainty-lung-segmentation/data/pseudo_labels/teacher_tta_confidence/radiopaedia_40_slice_0074.npy,/kaggle/working/scribble-uncertainty-lung-segmentation/outputs/predictions/teacher_tta_probabilities/radiopaedia_40_slice_0074.npy,0.05,0,1428,65536,87,1522,0.8962711691856384,True
radiopaedia_40,75,/kaggle/working/scribble-uncertainty-lung-segmentation/data/pseudo_labels/teacher_tta_labels/radiopaedia_40_slice_0075.npy,/kaggle/working/scribble-uncertainty-lung-segmentation/data/pseudo_labels/teacher_tta_confidence/radiopaedia_40_slice_0075.npy,/kaggle/working/scribble-uncertainty-lung-segmentation/outputs/predictions/teacher_tta_probabilities/radiopaedia_40_slice_0075.npy,0.05,0,1291,65536,83,1382,0.8963711261749268,True
radiopaedia_40,76,/kaggle/working/scribble-uncertainty-lung-segmentation/data/pseudo_labels/teacher_tta_labels/radiopaedia_40_slice_0076.npy,/kaggle/working/scribble-uncertainty-lung-segmentation/data/pseudo_labels/teacher_tta_confidence/radiopaedia_40_slice_0076.npy,/kaggle/working/scribble-uncertainty-lung-segmentation/outputs/predictions/teacher_tta_probabilities/radiopaedia_40_slice_0076.npy,0.05,0,1037,65536,44,933,0.9126903414726257,True
radiopaedia_40,77,/kaggle/working/scribble-uncertainty-lung-segmentation/data/pseudo_labels/teacher_tta_labels/radiopaedia_40_slice_0077.npy,/kaggle/working/scribble-uncertainty-lung-segmentation/data/pseudo_labels/teacher_tta_confidence/radiopaedia_40_slice_0077.npy,/kaggle/working/scribble-uncertainty-lung-segmentation/outputs/predictions/teacher_tta_probabilities/radiopaedia_40_slice_0077.npy,0.05,0,889,65536,40,880,0.92820805311203,True
radiopaedia_40,78,/kaggle/working/scribble-uncertainty-lung-segmentation/data/pseudo_labels/teacher_tta_labels/radiopaedia_40_slice_0078.npy,/kaggle/working/scribble-uncertainty-lung-segmentation/data/pseudo_labels/teacher_tta_confidence/radiopaedia_40_slice_0078.npy,/kaggle/working/scribble-uncertainty-lung-segmentation/outputs/predictions/teacher_tta_probabilities/radiopaedia_40_slice_0078.npy,0.05,0,815,65536,34,794,0.9247980117797852,True
radiopaedia_40,79,/kaggle/working/scribble-uncertainty-lung-segmentation/data/pseudo_labels/teacher_tta_labels/radiopaedia_40_slice_0079.npy,/kaggle/working/scribble-uncertainty-lung-segmentation/data/pseudo_labels/teacher_tta_confidence/radiopaedia_40_slice_0079.npy,/kaggle/working/scribble-uncertainty-lung-segmentation/outputs/predictions/teacher_tta_probabilities/radiopaedia_40_slice_0079.npy,0.05,0,710,65536,44,802,0.8809523582458496,True
radiopaedia_40,80,/kaggle/working/scribble-uncertainty-lung-segmentation/data/pseudo_labels/teacher_tta_labels/radiopaedia_40_slice_0080.npy,/kaggle/working/scribble-uncertainty-lung-segmentation/data/pseudo_labels/teacher_tta_confidence/radiopaedia_40_slice_0080.npy,/kaggle/working/scribble-uncertainty-lung-segmentation/outputs/predictions/teacher_tta_probabilities/radiopaedia_40_slice_0080.npy,0.05,0,662,65536,44,625,0.9168609380722046,True
radiopaedia_40,81,/kaggle/working/scribble-uncertainty-lung-segmentation/data/pseudo_labels/teacher_tta_labels/radiopaedia_40_slice_0081.npy,/kaggle/working/scribble-uncertainty-lung-segmentation/data/pseudo_labels/teacher_tta_confidence/radiopaedia_40_slice_0081.npy,/kaggle/working/scribble-uncertainty-lung-segmentation/outputs/predictions/teacher_tta_probabilities/radiopaedia_40_slice_0081.npy,0.05,0,546,65536,44,538,0.821033239364624,True
radiopaedia_40,82,/kaggle/working/scribble-uncertainty-lung-segmentation/data/pseudo_labels/teacher_tta_labels/radiopaedia_40_slice_0082.npy,/kaggle/working/scribble-uncertainty-lung-segmentation/data/pseudo_labels/teacher_tta_confidence/radiopaedia_40_slice_0082.npy,/kaggle/working/scribble-uncertainty-lung-segmentation/outputs/predictions/teacher_tta_probabilities/radiopaedia_40_slice_0082.npy,0.05,0,259,65536,26,379,0.6112852692604065,True
radiopaedia_40,83,/kaggle/working/scribble-uncertainty-lung-segmentation/data/pseudo_labels/teacher_tta_labels/radiopaedia_40_slice_0083.npy,/kaggle/working/scribble-uncertainty-lung-segmentation/data/pseudo_labels/teacher_tta_confidence/radiopaedia_40_slice_0083.npy,/kaggle/working/scribble-uncertainty-lung-segmentation/outputs/predictions/teacher_tta_probabilities/radiopaedia_40_slice_0083.npy,0.05,0,0,65536,0,0,1.0,False
