case_id,slice_idx,pseudo_path,confidence_path,uncertainty_path,pseudo_pixels,confidence_pixels,scribble_pixels,gt_pixels,pseudo_dice_against_gt_for_analysis_only,has_infection
coronacases_002,7,/kaggle/working/scribble-uncertainty-lung-segmentation/data/pseudo_labels/weak_bg_entropy/coronacases_002_slice_0007.npy,/kaggle/working/scribble-uncertainty-lung-segmentation/data/pseudo_labels/weak_bg_confidence/coronacases_002_slice_0007.npy,/kaggle/working/scribble-uncertainty-lung-segmentation/outputs/uncertainty_maps/weak_bg_entropy/coronacases_002_slice_0007.npy,0,65536,0,0,1.0,False
coronacases_002,8,/kaggle/working/scribble-uncertainty-lung-segmentation/data/pseudo_labels/weak_bg_entropy/coronacases_002_slice_0008.npy,/kaggle/working/scribble-uncertainty-lung-segmentation/data/pseudo_labels/weak_bg_confidence/coronacases_002_slice_0008.npy,/kaggle/working/scribble-uncertainty-lung-segmentation/outputs/uncertainty_maps/weak_bg_entropy/coronacases_002_slice_0008.npy,0,65536,0,0,1.0,False
coronacases_002,9,/kaggle/working/scribble-uncertainty-lung-segmentation/data/pseudo_labels/weak_bg_entropy/coronacases_002_slice_0009.npy,/kaggle/working/scribble-uncertainty-lung-segmentation/data/pseudo_labels/weak_bg_confidence/coronacases_002_slice_0009.npy,/kaggle/working/scribble-uncertainty-lung-segmentation/outputs/uncertainty_maps/weak_bg_entropy/coronacases_002_slice_0009.npy,0,65536,0,0,1.0,False
coronacases_002,10,/kaggle/working/scribble-uncertainty-lung-segmentation/data/pseudo_labels/weak_bg_entropy/coronacases_002_slice_0010.npy,/kaggle/working/scribble-uncertainty-lung-segmentation/data/pseudo_labels/weak_bg_confidence/coronacases_002_slice_0010.npy,/kaggle/working/scribble-uncertainty-lung-segmentation/outputs/uncertainty_maps/weak_bg_entropy/coronacases_002_slice_0010.npy,0,65536,0,0,1.0,False
coronacases_002,11,/kaggle/working/scribble-uncertainty-lung-segmentation/data/pseudo_labels/weak_bg_entropy/coronacases_002_slice_0011.npy,/kaggle/working/scribble-uncertainty-lung-segmentation/data/pseudo_labels/weak_bg_confidence/coronacases_002_slice_0011.npy,/kaggle/working/scribble-uncertainty-lung-segmentation/outputs/uncertainty_maps/weak_bg_entropy/coronacases_002_slice_0011.npy,0,65536,0,0,1.0,False
coronacases_002,12,/kaggle/working/scribble-uncertainty-lung-segmentation/data/pseudo_labels/weak_bg_entropy/coronacases_002_slice_0012.npy,/kaggle/working/scribble-uncertainty-lung-segmentation/data/pseudo_labels/weak_bg_confidence/coronacases_002_slice_0012.npy,/kaggle/working/scribble-uncertainty-lung-segmentation/outputs/uncertainty_maps/weak_bg_entropy/coronacases_002_slice_0012.npy,0,65516,0,0,1.0,False
coronacases_002,13,/kaggle/working/scribble-uncertainty-lung-segmentation/data/pseudo_labels/weak_bg_entropy/coronacases_002_slice_0013.npy,/kaggle/working/scribble-uncertainty-lung-segmentation/data/pseudo_labels/weak_bg_confidence/coronacases_002_slice_0013.npy,/kaggle/working/scribble-uncertainty-lung-segmentation/outputs/uncertainty_maps/weak_bg_entropy/coronacases_002_slice_0013.npy,0,65411,0,0,1.0,False
coronacases_002,14,/kaggle/working/scribble-uncertainty-lung-segmentation/data/pseudo_labels/weak_bg_entropy/coronacases_002_slice_0014.npy,/kaggle/working/scribble-uncertainty-lung-segmentation/data/pseudo_labels/weak_bg_confidence/coronacases_002_slice_0014.npy,/kaggle/working/scribble-uncertainty-lung-segmentation/outputs/uncertainty_maps/weak_bg_entropy/coronacases_002_slice_0014.npy,0,65162,0,0,1.0,False
coronacases_002,15,/kaggle/working/scribble-uncertainty-lung-segmentation/data/pseudo_labels/weak_bg_entropy/coronacases_002_slice_0015.npy,/kaggle/working/scribble-uncertainty-lung-segmentation/data/pseudo_labels/weak_bg_confidence/coronacases_002_slice_0015.npy,/kaggle/working/scribble-uncertainty-lung-segmentation/outputs/uncertainty_maps/weak_bg_entropy/coronacases_002_slice_0015.npy,0,65012,0,0,1.0,False
coronacases_002,16,/kaggle/working/scribble-uncertainty-lung-segmentation/data/pseudo_labels/weak_bg_entropy/coronacases_002_slice_0016.npy,/kaggle/working/scribble-uncertainty-lung-segmentation/data/pseudo_labels/weak_bg_confidence/coronacases_002_slice_0016.npy,/kaggle/working/scribble-uncertainty-lung-segmentation/outputs/uncertainty_maps/weak_bg_entropy/coronacases_002_slice_0016.npy,0,64855,0,0,1.0,False
coronacases_002,17,/kaggle/working/scribble-uncertainty-lung-segmentation/data/pseudo_labels/weak_bg_entropy/coronacases_002_slice_0017.npy,/kaggle/working/scribble-uncertainty-lung-segmentation/data/pseudo_labels/weak_bg_confidence/coronacases_002_slice_0017.npy,/kaggle/working/scribble-uncertainty-lung-segmentation/outputs/uncertainty_maps/weak_bg_entropy/coronacases_002_slice_0017.npy,0,64564,0,0,1.0,False
coronacases_002,18,/kaggle/working/scribble-uncertainty-lung-segmentation/data/pseudo_labels/weak_bg_entropy/coronacases_002_slice_0018.npy,/kaggle/working/scribble-uncertainty-lung-segmentation/data/pseudo_labels/weak_bg_confidence/coronacases_002_slice_0018.npy,/kaggle/working/scribble-uncertainty-lung-segmentation/outputs/uncertainty_maps/weak_bg_entropy/coronacases_002_slice_0018.npy,0,64399,0,0,1.0,False
coronacases_002,19,/kaggle/working/scribble-uncertainty-lung-segmentation/data/pseudo_labels/weak_bg_entropy/coronacases_002_slice_0019.npy,/kaggle/working/scribble-uncertainty-lung-segmentation/data/pseudo_labels/weak_bg_confidence/coronacases_002_slice_0019.npy,/kaggle/working/scribble-uncertainty-lung-segmentation/outputs/uncertainty_maps/weak_bg_entropy/coronacases_002_slice_0019.npy,0,64220,0,0,1.0,False
coronacases_002,20,/kaggle/working/scribble-uncertainty-lung-segmentation/data/pseudo_labels/weak_bg_entropy/coronacases_002_slice_0020.npy,/kaggle/working/scribble-uncertainty-lung-segmentation/data/pseudo_labels/weak_bg_confidence/coronacases_002_slice_0020.npy,/kaggle/working/scribble-uncertainty-lung-segmentation/outputs/uncertainty_maps/weak_bg_entropy/coronacases_002_slice_0020.npy,0,64021,0,0,1.0,False
coronacases_002,21,/kaggle/working/scribble-uncertainty-lung-segmentation/data/pseudo_labels/weak_bg_entropy/coronacases_002_slice_0021.npy,/kaggle/working/scribble-uncertainty-lung-segmentation/data/pseudo_labels/weak_bg_confidence/coronacases_002_slice_0021.npy,/kaggle/working/scribble-uncertainty-lung-segmentation/outputs/uncertainty_maps/weak_bg_entropy/coronacases_002_slice_0021.npy,58,63813,0,0,1.724137943526216e-09,False
coronacases_002,22,/kaggle/working/scribble-uncertainty-lung-segmentation/data/pseudo_labels/weak_bg_entropy/coronacases_002_slice_0022.npy,/kaggle/working/scribble-uncertainty-lung-segmentation/data/pseudo_labels/weak_bg_confidence/coronacases_002_slice_0022.npy,/kaggle/working/scribble-uncertainty-lung-segmentation/outputs/uncertainty_maps/weak_bg_entropy/coronacases_002_slice_0022.npy,123,63706,0,0,8.130081607937711e-10,False
coronacases_002,23,/kaggle/working/scribble-uncertainty-lung-segmentation/data/pseudo_labels/weak_bg_entropy/coronacases_002_slice_0023.npy,/kaggle/working/scribble-uncertainty-lung-segmentation/data/pseudo_labels/weak_bg_confidence/coronacases_002_slice_0023.npy,/kaggle/working/scribble-uncertainty-lung-segmentation/outputs/uncertainty_maps/weak_bg_entropy/coronacases_002_slice_0023.npy,125,63458,0,0,8.000000106811456e-10,False
coronacases_002,24,/kaggle/working/scribble-uncertainty-lung-segmentation/data/pseudo_labels/weak_bg_entropy/coronacases_002_slice_0024.npy,/kaggle/working/scribble-uncertainty-lung-segmentation/data/pseudo_labels/weak_bg_confidence/coronacases_002_slice_0024.npy,/kaggle/working/scribble-uncertainty-lung-segmentation/outputs/uncertainty_maps/weak_bg_entropy/coronacases_002_slice_0024.npy,46,63155,0,0,2.173913049574594e-09,False
coronacases_002,25,/kaggle/working/scribble-uncertainty-lung-segmentation/data/pseudo_labels/weak_bg_entropy/coronacases_002_slice_0025.npy,/kaggle/working/scribble-uncertainty-lung-segmentation/data/pseudo_labels/weak_bg_confidence/coronacases_002_slice_0025.npy,/kaggle/working/scribble-uncertainty-lung-segmentation/outputs/uncertainty_maps/weak_bg_entropy/coronacases_002_slice_0025.npy,120,62978,4,34,0.07792207598686218,True
coronacases_002,26,/kaggle/working/scribble-uncertainty-lung-segmentation/data/pseudo_labels/weak_bg_entropy/coronacases_002_slice_0026.npy,/kaggle/working/scribble-uncertainty-lung-segmentation/data/pseudo_labels/weak_bg_confidence/coronacases_002_slice_0026.npy,/kaggle/working/scribble-uncertainty-lung-segmentation/outputs/uncertainty_maps/weak_bg_entropy/coronacases_002_slice_0026.npy,201,62823,4,43,0.35245901346206665,True
coronacases_002,27,/kaggle/working/scribble-uncertainty-lung-segmentation/data/pseudo_labels/weak_bg_entropy/coronacases_002_slice_0027.npy,/kaggle/working/scribble-uncertainty-lung-segmentation/data/pseudo_labels/weak_bg_confidence/coronacases_002_slice_0027.npy,/kaggle/working/scribble-uncertainty-lung-segmentation/outputs/uncertainty_maps/weak_bg_entropy/coronacases_002_slice_0027.npy,154,62523,8,123,0.7292418479919434,True
coronacases_002,28,/kaggle/working/scribble-uncertainty-lung-segmentation/data/pseudo_labels/weak_bg_entropy/coronacases_002_slice_0028.npy,/kaggle/working/scribble-uncertainty-lung-segmentation/data/pseudo_labels/weak_bg_confidence/coronacases_002_slice_0028.npy,/kaggle/working/scribble-uncertainty-lung-segmentation/outputs/uncertainty_maps/weak_bg_entropy/coronacases_002_slice_0028.npy,299,62388,4,150,0.583518922328949,True
coronacases_002,29,/kaggle/working/scribble-uncertainty-lung-segmentation/data/pseudo_labels/weak_bg_entropy/coronacases_002_slice_0029.npy,/kaggle/working/scribble-uncertainty-lung-segmentation/data/pseudo_labels/weak_bg_confidence/coronacases_002_slice_0029.npy,/kaggle/working/scribble-uncertainty-lung-segmentation/outputs/uncertainty_maps/weak_bg_entropy/coronacases_002_slice_0029.npy,425,62393,4,171,0.573825478553772,True
coronacases_002,30,/kaggle/working/scribble-uncertainty-lung-segmentation/data/pseudo_labels/weak_bg_entropy/coronacases_002_slice_0030.npy,/kaggle/working/scribble-uncertainty-lung-segmentation/data/pseudo_labels/weak_bg_confidence/coronacases_002_slice_0030.npy,/kaggle/working/scribble-uncertainty-lung-segmentation/outputs/uncertainty_maps/weak_bg_entropy/coronacases_002_slice_0030.npy,386,62261,12,250,0.7075471878051758,True
coronacases_002,31,/kaggle/working/scribble-uncertainty-lung-segmentation/data/pseudo_labels/weak_bg_entropy/coronacases_002_slice_0031.npy,/kaggle/working/scribble-uncertainty-lung-segmentation/data/pseudo_labels/weak_bg_confidence/coronacases_002_slice_0031.npy,/kaggle/working/scribble-uncertainty-lung-segmentation/outputs/uncertainty_maps/weak_bg_entropy/coronacases_002_slice_0031.npy,475,62153,4,223,0.6246418356895447,True
coronacases_002,32,/kaggle/working/scribble-uncertainty-lung-segmentation/data/pseudo_labels/weak_bg_entropy/coronacases_002_slice_0032.npy,/kaggle/working/scribble-uncertainty-lung-segmentation/data/pseudo_labels/weak_bg_confidence/coronacases_002_slice_0032.npy,/kaggle/working/scribble-uncertainty-lung-segmentation/outputs/uncertainty_maps/weak_bg_entropy/coronacases_002_slice_0032.npy,711,62255,11,253,0.5062240958213806,True
coronacases_002,33,/kaggle/working/scribble-uncertainty-lung-segmentation/data/pseudo_labels/weak_bg_entropy/coronacases_002_slice_0033.npy,/kaggle/working/scribble-uncertainty-lung-segmentation/data/pseudo_labels/weak_bg_confidence/coronacases_002_slice_0033.npy,/kaggle/working/scribble-uncertainty-lung-segmentation/outputs/uncertainty_maps/weak_bg_entropy/coronacases_002_slice_0033.npy,725,62111,7,338,0.5794920325279236,True
coronacases_002,34,/kaggle/working/scribble-uncertainty-lung-segmentation/data/pseudo_labels/weak_bg_entropy/coronacases_002_slice_0034.npy,/kaggle/working/scribble-uncertainty-lung-segmentation/data/pseudo_labels/weak_bg_confidence/coronacases_002_slice_0034.npy,/kaggle/working/scribble-uncertainty-lung-segmentation/outputs/uncertainty_maps/weak_bg_entropy/coronacases_002_slice_0034.npy,592,61830,8,305,0.653288722038269,True
coronacases_002,35,/kaggle/working/scribble-uncertainty-lung-segmentation/data/pseudo_labels/weak_bg_entropy/coronacases_002_slice_0035.npy,/kaggle/working/scribble-uncertainty-lung-segmentation/data/pseudo_labels/weak_bg_confidence/coronacases_002_slice_0035.npy,/kaggle/working/scribble-uncertainty-lung-segmentation/outputs/uncertainty_maps/weak_bg_entropy/coronacases_002_slice_0035.npy,739,61855,6,295,0.5647969245910645,True
coronacases_002,36,/kaggle/working/scribble-uncertainty-lung-segmentation/data/pseudo_labels/weak_bg_entropy/coronacases_002_slice_0036.npy,/kaggle/working/scribble-uncertainty-lung-segmentation/data/pseudo_labels/weak_bg_confidence/coronacases_002_slice_0036.npy,/kaggle/working/scribble-uncertainty-lung-segmentation/outputs/uncertainty_maps/weak_bg_entropy/coronacases_002_slice_0036.npy,593,61599,4,293,0.5846500992774963,True
coronacases_002,37,/kaggle/working/scribble-uncertainty-lung-segmentation/data/pseudo_labels/weak_bg_entropy/coronacases_002_slice_0037.npy,/kaggle/working/scribble-uncertainty-lung-segmentation/data/pseudo_labels/weak_bg_confidence/coronacases_002_slice_0037.npy,/kaggle/working/scribble-uncertainty-lung-segmentation/outputs/uncertainty_maps/weak_bg_entropy/coronacases_002_slice_0037.npy,438,61300,8,307,0.6335570216178894,True
coronacases_002,38,/kaggle/working/scribble-uncertainty-lung-segmentation/data/pseudo_labels/weak_bg_entropy/coronacases_002_slice_0038.npy,/kaggle/working/scribble-uncertainty-lung-segmentation/data/pseudo_labels/weak_bg_confidence/coronacases_002_slice_0038.npy,/kaggle/working/scribble-uncertainty-lung-segmentation/outputs/uncertainty_maps/weak_bg_entropy/coronacases_002_slice_0038.npy,470,61170,7,311,0.6811779737472534,True
coronacases_002,39,/kaggle/working/scribble-uncertainty-lung-segmentation/data/pseudo_labels/weak_bg_entropy/coronacases_002_slice_0039.npy,/kaggle/working/scribble-uncertainty-lung-segmentation/data/pseudo_labels/weak_bg_confidence/coronacases_002_slice_0039.npy,/kaggle/working/scribble-uncertainty-lung-segmentation/outputs/uncertainty_maps/weak_bg_entropy/coronacases_002_slice_0039.npy,381,60915,4,304,0.800000011920929,True
coronacases_002,40,/kaggle/working/scribble-uncertainty-lung-segmentation/data/pseudo_labels/weak_bg_entropy/coronacases_002_slice_0040.npy,/kaggle/working/scribble-uncertainty-lung-segmentation/data/pseudo_labels/weak_bg_confidence/coronacases_002_slice_0040.npy,/kaggle/working/scribble-uncertainty-lung-segmentation/outputs/uncertainty_maps/weak_bg_entropy/coronacases_002_slice_0040.npy,328,60691,4,314,0.822429895401001,True
coronacases_002,41,/kaggle/working/scribble-uncertainty-lung-segmentation/data/pseudo_labels/weak_bg_entropy/coronacases_002_slice_0041.npy,/kaggle/working/scribble-uncertainty-lung-segmentation/data/pseudo_labels/weak_bg_confidence/coronacases_002_slice_0041.npy,/kaggle/working/scribble-uncertainty-lung-segmentation/outputs/uncertainty_maps/weak_bg_entropy/coronacases_002_slice_0041.npy,247,60404,12,267,0.8793774247169495,True
coronacases_002,42,/kaggle/working/scribble-uncertainty-lung-segmentation/data/pseudo_labels/weak_bg_entropy/coronacases_002_slice_0042.npy,/kaggle/working/scribble-uncertainty-lung-segmentation/data/pseudo_labels/weak_bg_confidence/coronacases_002_slice_0042.npy,/kaggle/working/scribble-uncertainty-lung-segmentation/outputs/uncertainty_maps/weak_bg_entropy/coronacases_002_slice_0042.npy,288,60111,6,261,0.8488160371780396,True
coronacases_002,43,/kaggle/working/scribble-uncertainty-lung-segmentation/data/pseudo_labels/weak_bg_entropy/coronacases_002_slice_0043.npy,/kaggle/working/scribble-uncertainty-lung-segmentation/data/pseudo_labels/weak_bg_confidence/coronacases_002_slice_0043.npy,/kaggle/working/scribble-uncertainty-lung-segmentation/outputs/uncertainty_maps/weak_bg_entropy/coronacases_002_slice_0043.npy,377,59933,12,254,0.741679847240448,True
coronacases_002,44,/kaggle/working/scribble-uncertainty-lung-segmentation/data/pseudo_labels/weak_bg_entropy/coronacases_002_slice_0044.npy,/kaggle/working/scribble-uncertainty-lung-segmentation/data/pseudo_labels/weak_bg_confidence/coronacases_002_slice_0044.npy,/kaggle/working/scribble-uncertainty-lung-segmentation/outputs/uncertainty_maps/weak_bg_entropy/coronacases_002_slice_0044.npy,447,59927,7,282,0.6941015124320984,True
coronacases_002,45,/kaggle/working/scribble-uncertainty-lung-segmentation/data/pseudo_labels/weak_bg_entropy/coronacases_002_slice_0045.npy,/kaggle/working/scribble-uncertainty-lung-segmentation/data/pseudo_labels/weak_bg_confidence/coronacases_002_slice_0045.npy,/kaggle/working/scribble-uncertainty-lung-segmentation/outputs/uncertainty_maps/weak_bg_entropy/coronacases_002_slice_0045.npy,632,60087,12,324,0.560669481754303,True
coronacases_002,46,/kaggle/working/scribble-uncertainty-lung-segmentation/data/pseudo_labels/weak_bg_entropy/coronacases_002_slice_0046.npy,/kaggle/working/scribble-uncertainty-lung-segmentation/data/pseudo_labels/weak_bg_confidence/coronacases_002_slice_0046.npy,/kaggle/working/scribble-uncertainty-lung-segmentation/outputs/uncertainty_maps/weak_bg_entropy/coronacases_002_slice_0046.npy,524,59920,8,260,0.5969387888908386,True
coronacases_002,47,/kaggle/working/scribble-uncertainty-lung-segmentation/data/pseudo_labels/weak_bg_entropy/coronacases_002_slice_0047.npy,/kaggle/working/scribble-uncertainty-lung-segmentation/data/pseudo_labels/weak_bg_confidence/coronacases_002_slice_0047.npy,/kaggle/working/scribble-uncertainty-lung-segmentation/outputs/uncertainty_maps/weak_bg_entropy/coronacases_002_slice_0047.npy,585,59752,8,272,0.5904317498207092,True
coronacases_002,48,/kaggle/working/scribble-uncertainty-lung-segmentation/data/pseudo_labels/weak_bg_entropy/coronacases_002_slice_0048.npy,/kaggle/working/scribble-uncertainty-lung-segmentation/data/pseudo_labels/weak_bg_confidence/coronacases_002_slice_0048.npy,/kaggle/working/scribble-uncertainty-lung-segmentation/outputs/uncertainty_maps/weak_bg_entropy/coronacases_002_slice_0048.npy,554,59400,12,263,0.5875152945518494,True
coronacases_002,49,/kaggle/working/scribble-uncertainty-lung-segmentation/data/pseudo_labels/weak_bg_entropy/coronacases_002_slice_0049.npy,/kaggle/working/scribble-uncertainty-lung-segmentation/data/pseudo_labels/weak_bg_confidence/coronacases_002_slice_0049.npy,/kaggle/working/scribble-uncertainty-lung-segmentation/outputs/uncertainty_maps/weak_bg_entropy/coronacases_002_slice_0049.npy,576,59124,8,276,0.5868544578552246,True
coronacases_002,50,/kaggle/working/scribble-uncertainty-lung-segmentation/data/pseudo_labels/weak_bg_entropy/coronacases_002_slice_0050.npy,/kaggle/working/scribble-uncertainty-lung-segmentation/data/pseudo_labels/weak_bg_confidence/coronacases_002_slice_0050.npy,/kaggle/working/scribble-uncertainty-lung-segmentation/outputs/uncertainty_maps/weak_bg_entropy/coronacases_002_slice_0050.npy,525,58744,15,258,0.6155810952186584,True
coronacases_002,51,/kaggle/working/scribble-uncertainty-lung-segmentation/data/pseudo_labels/weak_bg_entropy/coronacases_002_slice_0051.npy,/kaggle/working/scribble-uncertainty-lung-segmentation/data/pseudo_labels/weak_bg_confidence/coronacases_002_slice_0051.npy,/kaggle/working/scribble-uncertainty-lung-segmentation/outputs/uncertainty_maps/weak_bg_entropy/coronacases_002_slice_0051.npy,551,58690,14,269,0.6243902444839478,True
coronacases_002,52,/kaggle/working/scribble-uncertainty-lung-segmentation/data/pseudo_labels/weak_bg_entropy/coronacases_002_slice_0052.npy,/kaggle/working/scribble-uncertainty-lung-segmentation/data/pseudo_labels/weak_bg_confidence/coronacases_002_slice_0052.npy,/kaggle/working/scribble-uncertainty-lung-segmentation/outputs/uncertainty_maps/weak_bg_entropy/coronacases_002_slice_0052.npy,603,58720,12,260,0.590961754322052,True
coronacases_002,53,/kaggle/working/scribble-uncertainty-lung-segmentation/data/pseudo_labels/weak_bg_entropy/coronacases_002_slice_0053.npy,/kaggle/working/scribble-uncertainty-lung-segmentation/data/pseudo_labels/weak_bg_confidence/coronacases_002_slice_0053.npy,/kaggle/working/scribble-uncertainty-lung-segmentation/outputs/uncertainty_maps/weak_bg_entropy/coronacases_002_slice_0053.npy,478,58663,8,250,0.6703296899795532,True
coronacases_002,54,/kaggle/working/scribble-uncertainty-lung-segmentation/data/pseudo_labels/weak_bg_entropy/coronacases_002_slice_0054.npy,/kaggle/working/scribble-uncertainty-lung-segmentation/data/pseudo_labels/weak_bg_confidence/coronacases_002_slice_0054.npy,/kaggle/working/scribble-uncertainty-lung-segmentation/outputs/uncertainty_maps/weak_bg_entropy/coronacases_002_slice_0054.npy,486,58584,12,275,0.651773989200592,True
coronacases_002,55,/kaggle/working/scribble-uncertainty-lung-segmentation/data/pseudo_labels/weak_bg_entropy/coronacases_002_slice_0055.npy,/kaggle/working/scribble-uncertainty-lung-segmentation/data/pseudo_labels/weak_bg_confidence/coronacases_002_slice_0055.npy,/kaggle/working/scribble-uncertainty-lung-segmentation/outputs/uncertainty_maps/weak_bg_entropy/coronacases_002_slice_0055.npy,594,58555,8,274,0.5529953837394714,True
coronacases_002,56,/kaggle/working/scribble-uncertainty-lung-segmentation/data/pseudo_labels/weak_bg_entropy/coronacases_002_slice_0056.npy,/kaggle/working/scribble-uncertainty-lung-segmentation/data/pseudo_labels/weak_bg_confidence/coronacases_002_slice_0056.npy,/kaggle/working/scribble-uncertainty-lung-segmentation/outputs/uncertainty_maps/weak_bg_entropy/coronacases_002_slice_0056.npy,428,58171,8,250,0.6165191531181335,True
coronacases_002,57,/kaggle/working/scribble-uncertainty-lung-segmentation/data/pseudo_labels/weak_bg_entropy/coronacases_002_slice_0057.npy,/kaggle/working/scribble-uncertainty-lung-segmentation/data/pseudo_labels/weak_bg_confidence/coronacases_002_slice_0057.npy,/kaggle/working/scribble-uncertainty-lung-segmentation/outputs/uncertainty_maps/weak_bg_entropy/coronacases_002_slice_0057.npy,760,57658,16,252,0.42490118741989136,True
coronacases_002,58,/kaggle/working/scribble-uncertainty-lung-segmentation/data/pseudo_labels/weak_bg_entropy/coronacases_002_slice_0058.npy,/kaggle/working/scribble-uncertainty-lung-segmentation/data/pseudo_labels/weak_bg_confidence/coronacases_002_slice_0058.npy,/kaggle/working/scribble-uncertainty-lung-segmentation/outputs/uncertainty_maps/weak_bg_entropy/coronacases_002_slice_0058.npy,462,56158,4,220,0.589442789554596,True
coronacases_002,59,/kaggle/working/scribble-uncertainty-lung-segmentation/data/pseudo_labels/weak_bg_entropy/coronacases_002_slice_0059.npy,/kaggle/working/scribble-uncertainty-lung-segmentation/data/pseudo_labels/weak_bg_confidence/coronacases_002_slice_0059.npy,/kaggle/working/scribble-uncertainty-lung-segmentation/outputs/uncertainty_maps/weak_bg_entropy/coronacases_002_slice_0059.npy,406,55900,8,209,0.5495935082435608,True
coronacases_002,60,/kaggle/working/scribble-uncertainty-lung-segmentation/data/pseudo_labels/weak_bg_entropy/coronacases_002_slice_0060.npy,/kaggle/working/scribble-uncertainty-lung-segmentation/data/pseudo_labels/weak_bg_confidence/coronacases_002_slice_0060.npy,/kaggle/working/scribble-uncertainty-lung-segmentation/outputs/uncertainty_maps/weak_bg_entropy/coronacases_002_slice_0060.npy,336,55740,8,185,0.6142034530639648,True
coronacases_002,61,/kaggle/working/scribble-uncertainty-lung-segmentation/data/pseudo_labels/weak_bg_entropy/coronacases_002_slice_0061.npy,/kaggle/working/scribble-uncertainty-lung-segmentation/data/pseudo_labels/weak_bg_confidence/coronacases_002_slice_0061.npy,/kaggle/working/scribble-uncertainty-lung-segmentation/outputs/uncertainty_maps/weak_bg_entropy/coronacases_002_slice_0061.npy,520,55750,8,174,0.4322766661643982,True
coronacases_002,62,/kaggle/working/scribble-uncertainty-lung-segmentation/data/pseudo_labels/weak_bg_entropy/coronacases_002_slice_0062.npy,/kaggle/working/scribble-uncertainty-lung-segmentation/data/pseudo_labels/weak_bg_confidence/coronacases_002_slice_0062.npy,/kaggle/working/scribble-uncertainty-lung-segmentation/outputs/uncertainty_maps/weak_bg_entropy/coronacases_002_slice_0062.npy,785,55897,8,189,0.35318276286125183,True
coronacases_002,63,/kaggle/working/scribble-uncertainty-lung-segmentation/data/pseudo_labels/weak_bg_entropy/coronacases_002_slice_0063.npy,/kaggle/working/scribble-uncertainty-lung-segmentation/data/pseudo_labels/weak_bg_confidence/coronacases_002_slice_0063.npy,/kaggle/working/scribble-uncertainty-lung-segmentation/outputs/uncertainty_maps/weak_bg_entropy/coronacases_002_slice_0063.npy,834,55816,8,185,0.32973504066467285,True
coronacases_002,64,/kaggle/working/scribble-uncertainty-lung-segmentation/data/pseudo_labels/weak_bg_entropy/coronacases_002_slice_0064.npy,/kaggle/working/scribble-uncertainty-lung-segmentation/data/pseudo_labels/weak_bg_confidence/coronacases_002_slice_0064.npy,/kaggle/working/scribble-uncertainty-lung-segmentation/outputs/uncertainty_maps/weak_bg_entropy/coronacases_002_slice_0064.npy,759,55587,4,135,0.2214765101671219,True
coronacases_002,65,/kaggle/working/scribble-uncertainty-lung-segmentation/data/pseudo_labels/weak_bg_entropy/coronacases_002_slice_0065.npy,/kaggle/working/scribble-uncertainty-lung-segmentation/data/pseudo_labels/weak_bg_confidence/coronacases_002_slice_0065.npy,/kaggle/working/scribble-uncertainty-lung-segmentation/outputs/uncertainty_maps/weak_bg_entropy/coronacases_002_slice_0065.npy,504,55196,24,417,0.6427795886993408,True
coronacases_002,66,/kaggle/working/scribble-uncertainty-lung-segmentation/data/pseudo_labels/weak_bg_entropy/coronacases_002_slice_0066.npy,/kaggle/working/scribble-uncertainty-lung-segmentation/data/pseudo_labels/weak_bg_confidence/coronacases_002_slice_0066.npy,/kaggle/working/scribble-uncertainty-lung-segmentation/outputs/uncertainty_maps/weak_bg_entropy/coronacases_002_slice_0066.npy,516,54897,22,355,0.700344443321228,True
coronacases_002,67,/kaggle/working/scribble-uncertainty-lung-segmentation/data/pseudo_labels/weak_bg_entropy/coronacases_002_slice_0067.npy,/kaggle/working/scribble-uncertainty-lung-segmentation/data/pseudo_labels/weak_bg_confidence/coronacases_002_slice_0067.npy,/kaggle/working/scribble-uncertainty-lung-segmentation/outputs/uncertainty_maps/weak_bg_entropy/coronacases_002_slice_0067.npy,446,54660,20,290,0.7771739363670349,True
coronacases_002,68,/kaggle/working/scribble-uncertainty-lung-segmentation/data/pseudo_labels/weak_bg_entropy/coronacases_002_slice_0068.npy,/kaggle/working/scribble-uncertainty-lung-segmentation/data/pseudo_labels/weak_bg_confidence/coronacases_002_slice_0068.npy,/kaggle/working/scribble-uncertainty-lung-segmentation/outputs/uncertainty_maps/weak_bg_entropy/coronacases_002_slice_0068.npy,594,54557,12,276,0.634482741355896,True
coronacases_002,69,/kaggle/working/scribble-uncertainty-lung-segmentation/data/pseudo_labels/weak_bg_entropy/coronacases_002_slice_0069.npy,/kaggle/working/scribble-uncertainty-lung-segmentation/data/pseudo_labels/weak_bg_confidence/coronacases_002_slice_0069.npy,/kaggle/working/scribble-uncertainty-lung-segmentation/outputs/uncertainty_maps/weak_bg_entropy/coronacases_002_slice_0069.npy,550,54322,12,319,0.7318757176399231,True
coronacases_002,70,/kaggle/working/scribble-uncertainty-lung-segmentation/data/pseudo_labels/weak_bg_entropy/coronacases_002_slice_0070.npy,/kaggle/working/scribble-uncertainty-lung-segmentation/data/pseudo_labels/weak_bg_confidence/coronacases_002_slice_0070.npy,/kaggle/working/scribble-uncertainty-lung-segmentation/outputs/uncertainty_maps/weak_bg_entropy/coronacases_002_slice_0070.npy,453,54048,11,367,0.8219512104988098,True
coronacases_002,71,/kaggle/working/scribble-uncertainty-lung-segmentation/data/pseudo_labels/weak_bg_entropy/coronacases_002_slice_0071.npy,/kaggle/working/scribble-uncertainty-lung-segmentation/data/pseudo_labels/weak_bg_confidence/coronacases_002_slice_0071.npy,/kaggle/working/scribble-uncertainty-lung-segmentation/outputs/uncertainty_maps/weak_bg_entropy/coronacases_002_slice_0071.npy,446,53939,12,374,0.8658536672592163,True
coronacases_002,72,/kaggle/working/scribble-uncertainty-lung-segmentation/data/pseudo_labels/weak_bg_entropy/coronacases_002_slice_0072.npy,/kaggle/working/scribble-uncertainty-lung-segmentation/data/pseudo_labels/weak_bg_confidence/coronacases_002_slice_0072.npy,/kaggle/working/scribble-uncertainty-lung-segmentation/outputs/uncertainty_maps/weak_bg_entropy/coronacases_002_slice_0072.npy,541,53789,4,373,0.7592997550964355,True
coronacases_002,73,/kaggle/working/scribble-uncertainty-lung-segmentation/data/pseudo_labels/weak_bg_entropy/coronacases_002_slice_0073.npy,/kaggle/working/scribble-uncertainty-lung-segmentation/data/pseudo_labels/weak_bg_confidence/coronacases_002_slice_0073.npy,/kaggle/working/scribble-uncertainty-lung-segmentation/outputs/uncertainty_maps/weak_bg_entropy/coronacases_002_slice_0073.npy,658,53566,8,289,0.60823655128479,True
coronacases_002,74,/kaggle/working/scribble-uncertainty-lung-segmentation/data/pseudo_labels/weak_bg_entropy/coronacases_002_slice_0074.npy,/kaggle/working/scribble-uncertainty-lung-segmentation/data/pseudo_labels/weak_bg_confidence/coronacases_002_slice_0074.npy,/kaggle/working/scribble-uncertainty-lung-segmentation/outputs/uncertainty_maps/weak_bg_entropy/coronacases_002_slice_0074.npy,601,53185,7,245,0.5153664350509644,True
coronacases_002,75,/kaggle/working/scribble-uncertainty-lung-segmentation/data/pseudo_labels/weak_bg_entropy/coronacases_002_slice_0075.npy,/kaggle/working/scribble-uncertainty-lung-segmentation/data/pseudo_labels/weak_bg_confidence/coronacases_002_slice_0075.npy,/kaggle/working/scribble-uncertainty-lung-segmentation/outputs/uncertainty_maps/weak_bg_entropy/coronacases_002_slice_0075.npy,400,52688,8,157,0.5134649872779846,True
coronacases_002,76,/kaggle/working/scribble-uncertainty-lung-segmentation/data/pseudo_labels/weak_bg_entropy/coronacases_002_slice_0076.npy,/kaggle/working/scribble-uncertainty-lung-segmentation/data/pseudo_labels/weak_bg_confidence/coronacases_002_slice_0076.npy,/kaggle/working/scribble-uncertainty-lung-segmentation/outputs/uncertainty_maps/weak_bg_entropy/coronacases_002_slice_0076.npy,522,52526,16,171,0.4819624722003937,True
coronacases_002,77,/kaggle/working/scribble-uncertainty-lung-segmentation/data/pseudo_labels/weak_bg_entropy/coronacases_002_slice_0077.npy,/kaggle/working/scribble-uncertainty-lung-segmentation/data/pseudo_labels/weak_bg_confidence/coronacases_002_slice_0077.npy,/kaggle/working/scribble-uncertainty-lung-segmentation/outputs/uncertainty_maps/weak_bg_entropy/coronacases_002_slice_0077.npy,351,52312,4,48,0.24060150980949402,True
coronacases_002,78,/kaggle/working/scribble-uncertainty-lung-segmentation/data/pseudo_labels/weak_bg_entropy/coronacases_002_slice_0078.npy,/kaggle/working/scribble-uncertainty-lung-segmentation/data/pseudo_labels/weak_bg_confidence/coronacases_002_slice_0078.npy,/kaggle/working/scribble-uncertainty-lung-segmentation/outputs/uncertainty_maps/weak_bg_entropy/coronacases_002_slice_0078.npy,385,52222,4,51,0.23394495248794556,True
coronacases_002,79,/kaggle/working/scribble-uncertainty-lung-segmentation/data/pseudo_labels/weak_bg_entropy/coronacases_002_slice_0079.npy,/kaggle/working/scribble-uncertainty-lung-segmentation/data/pseudo_labels/weak_bg_confidence/coronacases_002_slice_0079.npy,/kaggle/working/scribble-uncertainty-lung-segmentation/outputs/uncertainty_maps/weak_bg_entropy/coronacases_002_slice_0079.npy,523,52270,4,36,0.12880143523216248,True
coronacases_002,80,/kaggle/working/scribble-uncertainty-lung-segmentation/data/pseudo_labels/weak_bg_entropy/coronacases_002_slice_0080.npy,/kaggle/working/scribble-uncertainty-lung-segmentation/data/pseudo_labels/weak_bg_confidence/coronacases_002_slice_0080.npy,/kaggle/working/scribble-uncertainty-lung-segmentation/outputs/uncertainty_maps/weak_bg_entropy/coronacases_002_slice_0080.npy,395,52181,4,43,0.19634702801704407,True
coronacases_002,81,/kaggle/working/scribble-uncertainty-lung-segmentation/data/pseudo_labels/weak_bg_entropy/coronacases_002_slice_0081.npy,/kaggle/working/scribble-uncertainty-lung-segmentation/data/pseudo_labels/weak_bg_confidence/coronacases_002_slice_0081.npy,/kaggle/working/scribble-uncertainty-lung-segmentation/outputs/uncertainty_maps/weak_bg_entropy/coronacases_002_slice_0081.npy,521,52435,4,41,0.1459074765443802,True
coronacases_002,82,/kaggle/working/scribble-uncertainty-lung-segmentation/data/pseudo_labels/weak_bg_entropy/coronacases_002_slice_0082.npy,/kaggle/working/scribble-uncertainty-lung-segmentation/data/pseudo_labels/weak_bg_confidence/coronacases_002_slice_0082.npy,/kaggle/working/scribble-uncertainty-lung-segmentation/outputs/uncertainty_maps/weak_bg_entropy/coronacases_002_slice_0082.npy,701,52810,4,38,0.10284167528152466,True
coronacases_002,83,/kaggle/working/scribble-uncertainty-lung-segmentation/data/pseudo_labels/weak_bg_entropy/coronacases_002_slice_0083.npy,/kaggle/working/scribble-uncertainty-lung-segmentation/data/pseudo_labels/weak_bg_confidence/coronacases_002_slice_0083.npy,/kaggle/working/scribble-uncertainty-lung-segmentation/outputs/uncertainty_maps/weak_bg_entropy/coronacases_002_slice_0083.npy,892,53358,4,56,0.1181434616446495,True
coronacases_002,84,/kaggle/working/scribble-uncertainty-lung-segmentation/data/pseudo_labels/weak_bg_entropy/coronacases_002_slice_0084.npy,/kaggle/working/scribble-uncertainty-lung-segmentation/data/pseudo_labels/weak_bg_confidence/coronacases_002_slice_0084.npy,/kaggle/working/scribble-uncertainty-lung-segmentation/outputs/uncertainty_maps/weak_bg_entropy/coronacases_002_slice_0084.npy,853,53534,7,248,0.4396003484725952,True
coronacases_002,85,/kaggle/working/scribble-uncertainty-lung-segmentation/data/pseudo_labels/weak_bg_entropy/coronacases_002_slice_0085.npy,/kaggle/working/scribble-uncertainty-lung-segmentation/data/pseudo_labels/weak_bg_confidence/coronacases_002_slice_0085.npy,/kaggle/working/scribble-uncertainty-lung-segmentation/outputs/uncertainty_maps/weak_bg_entropy/coronacases_002_slice_0085.npy,1159,53835,20,375,0.4328552782535553,True
coronacases_002,86,/kaggle/working/scribble-uncertainty-lung-segmentation/data/pseudo_labels/weak_bg_entropy/coronacases_002_slice_0086.npy,/kaggle/working/scribble-uncertainty-lung-segmentation/data/pseudo_labels/weak_bg_confidence/coronacases_002_slice_0086.npy,/kaggle/working/scribble-uncertainty-lung-segmentation/outputs/uncertainty_maps/weak_bg_entropy/coronacases_002_slice_0086.npy,1424,54157,42,541,0.5404580235481262,True
coronacases_002,87,/kaggle/working/scribble-uncertainty-lung-segmentation/data/pseudo_labels/weak_bg_entropy/coronacases_002_slice_0087.npy,/kaggle/working/scribble-uncertainty-lung-segmentation/data/pseudo_labels/weak_bg_confidence/coronacases_002_slice_0087.npy,/kaggle/working/scribble-uncertainty-lung-segmentation/outputs/uncertainty_maps/weak_bg_entropy/coronacases_002_slice_0087.npy,1576,54364,36,623,0.5356980562210083,True
coronacases_002,88,/kaggle/working/scribble-uncertainty-lung-segmentation/data/pseudo_labels/weak_bg_entropy/coronacases_002_slice_0088.npy,/kaggle/working/scribble-uncertainty-lung-segmentation/data/pseudo_labels/weak_bg_confidence/coronacases_002_slice_0088.npy,/kaggle/working/scribble-uncertainty-lung-segmentation/outputs/uncertainty_maps/weak_bg_entropy/coronacases_002_slice_0088.npy,1602,54483,36,669,0.5891677737236023,True
coronacases_002,89,/kaggle/working/scribble-uncertainty-lung-segmentation/data/pseudo_labels/weak_bg_entropy/coronacases_002_slice_0089.npy,/kaggle/working/scribble-uncertainty-lung-segmentation/data/pseudo_labels/weak_bg_confidence/coronacases_002_slice_0089.npy,/kaggle/working/scribble-uncertainty-lung-segmentation/outputs/uncertainty_maps/weak_bg_entropy/coronacases_002_slice_0089.npy,1744,54757,47,832,0.6335403919219971,True
coronacases_002,90,/kaggle/working/scribble-uncertainty-lung-segmentation/data/pseudo_labels/weak_bg_entropy/coronacases_002_slice_0090.npy,/kaggle/working/scribble-uncertainty-lung-segmentation/data/pseudo_labels/weak_bg_confidence/coronacases_002_slice_0090.npy,/kaggle/working/scribble-uncertainty-lung-segmentation/outputs/uncertainty_maps/weak_bg_entropy/coronacases_002_slice_0090.npy,1825,54731,38,852,0.6141203045845032,True
coronacases_002,91,/kaggle/working/scribble-uncertainty-lung-segmentation/data/pseudo_labels/weak_bg_entropy/coronacases_002_slice_0091.npy,/kaggle/working/scribble-uncertainty-lung-segmentation/data/pseudo_labels/weak_bg_confidence/coronacases_002_slice_0091.npy,/kaggle/working/scribble-uncertainty-lung-segmentation/outputs/uncertainty_maps/weak_bg_entropy/coronacases_002_slice_0091.npy,1784,54447,34,940,0.6475771069526672,True
coronacases_002,92,/kaggle/working/scribble-uncertainty-lung-segmentation/data/pseudo_labels/weak_bg_entropy/coronacases_002_slice_0092.npy,/kaggle/working/scribble-uncertainty-lung-segmentation/data/pseudo_labels/weak_bg_confidence/coronacases_002_slice_0092.npy,/kaggle/working/scribble-uncertainty-lung-segmentation/outputs/uncertainty_maps/weak_bg_entropy/coronacases_002_slice_0092.npy,1857,54256,58,1100,0.6675685048103333,True
coronacases_002,93,/kaggle/working/scribble-uncertainty-lung-segmentation/data/pseudo_labels/weak_bg_entropy/coronacases_002_slice_0093.npy,/kaggle/working/scribble-uncertainty-lung-segmentation/data/pseudo_labels/weak_bg_confidence/coronacases_002_slice_0093.npy,/kaggle/working/scribble-uncertainty-lung-segmentation/outputs/uncertainty_maps/weak_bg_entropy/coronacases_002_slice_0093.npy,1933,54497,54,1244,0.7050676941871643,True
coronacases_002,94,/kaggle/working/scribble-uncertainty-lung-segmentation/data/pseudo_labels/weak_bg_entropy/coronacases_002_slice_0094.npy,/kaggle/working/scribble-uncertainty-lung-segmentation/data/pseudo_labels/weak_bg_confidence/coronacases_002_slice_0094.npy,/kaggle/working/scribble-uncertainty-lung-segmentation/outputs/uncertainty_maps/weak_bg_entropy/coronacases_002_slice_0094.npy,1915,54540,54,1170,0.6709886789321899,True
coronacases_002,95,/kaggle/working/scribble-uncertainty-lung-segmentation/data/pseudo_labels/weak_bg_entropy/coronacases_002_slice_0095.npy,/kaggle/working/scribble-uncertainty-lung-segmentation/data/pseudo_labels/weak_bg_confidence/coronacases_002_slice_0095.npy,/kaggle/working/scribble-uncertainty-lung-segmentation/outputs/uncertainty_maps/weak_bg_entropy/coronacases_002_slice_0095.npy,1889,54551,38,1167,0.6871727705001831,True
coronacases_002,96,/kaggle/working/scribble-uncertainty-lung-segmentation/data/pseudo_labels/weak_bg_entropy/coronacases_002_slice_0096.npy,/kaggle/working/scribble-uncertainty-lung-segmentation/data/pseudo_labels/weak_bg_confidence/coronacases_002_slice_0096.npy,/kaggle/working/scribble-uncertainty-lung-segmentation/outputs/uncertainty_maps/weak_bg_entropy/coronacases_002_slice_0096.npy,1969,54679,35,1089,0.628515362739563,True
coronacases_002,97,/kaggle/working/scribble-uncertainty-lung-segmentation/data/pseudo_labels/weak_bg_entropy/coronacases_002_slice_0097.npy,/kaggle/working/scribble-uncertainty-lung-segmentation/data/pseudo_labels/weak_bg_confidence/coronacases_002_slice_0097.npy,/kaggle/working/scribble-uncertainty-lung-segmentation/outputs/uncertainty_maps/weak_bg_entropy/coronacases_002_slice_0097.npy,1955,54747,33,1066,0.6421714425086975,True
coronacases_002,98,/kaggle/working/scribble-uncertainty-lung-segmentation/data/pseudo_labels/weak_bg_entropy/coronacases_002_slice_0098.npy,/kaggle/working/scribble-uncertainty-lung-segmentation/data/pseudo_labels/weak_bg_confidence/coronacases_002_slice_0098.npy,/kaggle/working/scribble-uncertainty-lung-segmentation/outputs/uncertainty_maps/weak_bg_entropy/coronacases_002_slice_0098.npy,1935,54877,38,1059,0.6606546640396118,True
coronacases_002,99,/kaggle/working/scribble-uncertainty-lung-segmentation/data/pseudo_labels/weak_bg_entropy/coronacases_002_slice_0099.npy,/kaggle/working/scribble-uncertainty-lung-segmentation/data/pseudo_labels/weak_bg_confidence/coronacases_002_slice_0099.npy,/kaggle/working/scribble-uncertainty-lung-segmentation/outputs/uncertainty_maps/weak_bg_entropy/coronacases_002_slice_0099.npy,1847,54905,42,979,0.6390658020973206,True
coronacases_002,100,/kaggle/working/scribble-uncertainty-lung-segmentation/data/pseudo_labels/weak_bg_entropy/coronacases_002_slice_0100.npy,/kaggle/working/scribble-uncertainty-lung-segmentation/data/pseudo_labels/weak_bg_confidence/coronacases_002_slice_0100.npy,/kaggle/working/scribble-uncertainty-lung-segmentation/outputs/uncertainty_maps/weak_bg_entropy/coronacases_002_slice_0100.npy,1783,54786,40,932,0.6489871144294739,True
coronacases_002,101,/kaggle/working/scribble-uncertainty-lung-segmentation/data/pseudo_labels/weak_bg_entropy/coronacases_002_slice_0101.npy,/kaggle/working/scribble-uncertainty-lung-segmentation/data/pseudo_labels/weak_bg_confidence/coronacases_002_slice_0101.npy,/kaggle/working/scribble-uncertainty-lung-segmentation/outputs/uncertainty_maps/weak_bg_entropy/coronacases_002_slice_0101.npy,1545,54581,39,879,0.6625412702560425,True
coronacases_002,102,/kaggle/working/scribble-uncertainty-lung-segmentation/data/pseudo_labels/weak_bg_entropy/coronacases_002_slice_0102.npy,/kaggle/working/scribble-uncertainty-lung-segmentation/data/pseudo_labels/weak_bg_confidence/coronacases_002_slice_0102.npy,/kaggle/working/scribble-uncertainty-lung-segmentation/outputs/uncertainty_maps/weak_bg_entropy/coronacases_002_slice_0102.npy,1425,54699,29,752,0.6587046384811401,True
coronacases_002,103,/kaggle/working/scribble-uncertainty-lung-segmentation/data/pseudo_labels/weak_bg_entropy/coronacases_002_slice_0103.npy,/kaggle/working/scribble-uncertainty-lung-segmentation/data/pseudo_labels/weak_bg_confidence/coronacases_002_slice_0103.npy,/kaggle/working/scribble-uncertainty-lung-segmentation/outputs/uncertainty_maps/weak_bg_entropy/coronacases_002_slice_0103.npy,1081,54378,20,721,0.7258601784706116,True
coronacases_002,104,/kaggle/working/scribble-uncertainty-lung-segmentation/data/pseudo_labels/weak_bg_entropy/coronacases_002_slice_0104.npy,/kaggle/working/scribble-uncertainty-lung-segmentation/data/pseudo_labels/weak_bg_confidence/coronacases_002_slice_0104.npy,/kaggle/working/scribble-uncertainty-lung-segmentation/outputs/uncertainty_maps/weak_bg_entropy/coronacases_002_slice_0104.npy,966,54081,24,628,0.7277289628982544,True
coronacases_002,105,/kaggle/working/scribble-uncertainty-lung-segmentation/data/pseudo_labels/weak_bg_entropy/coronacases_002_slice_0105.npy,/kaggle/working/scribble-uncertainty-lung-segmentation/data/pseudo_labels/weak_bg_confidence/coronacases_002_slice_0105.npy,/kaggle/working/scribble-uncertainty-lung-segmentation/outputs/uncertainty_maps/weak_bg_entropy/coronacases_002_slice_0105.npy,918,54057,19,554,0.6834239363670349,True
coronacases_002,106,/kaggle/working/scribble-uncertainty-lung-segmentation/data/pseudo_labels/weak_bg_entropy/coronacases_002_slice_0106.npy,/kaggle/working/scribble-uncertainty-lung-segmentation/data/pseudo_labels/weak_bg_confidence/coronacases_002_slice_0106.npy,/kaggle/working/scribble-uncertainty-lung-segmentation/outputs/uncertainty_maps/weak_bg_entropy/coronacases_002_slice_0106.npy,1040,54421,24,577,0.649350643157959,True
coronacases_002,107,/kaggle/working/scribble-uncertainty-lung-segmentation/data/pseudo_labels/weak_bg_entropy/coronacases_002_slice_0107.npy,/kaggle/working/scribble-uncertainty-lung-segmentation/data/pseudo_labels/weak_bg_confidence/coronacases_002_slice_0107.npy,/kaggle/working/scribble-uncertainty-lung-segmentation/outputs/uncertainty_maps/weak_bg_entropy/coronacases_002_slice_0107.npy,887,54731,16,527,0.7171145677566528,True
coronacases_002,108,/kaggle/working/scribble-uncertainty-lung-segmentation/data/pseudo_labels/weak_bg_entropy/coronacases_002_slice_0108.npy,/kaggle/working/scribble-uncertainty-lung-segmentation/data/pseudo_labels/weak_bg_confidence/coronacases_002_slice_0108.npy,/kaggle/working/scribble-uncertainty-lung-segmentation/outputs/uncertainty_maps/weak_bg_entropy/coronacases_002_slice_0108.npy,958,54547,20,595,0.6799742579460144,True
coronacases_002,109,/kaggle/working/scribble-uncertainty-lung-segmentation/data/pseudo_labels/weak_bg_entropy/coronacases_002_slice_0109.npy,/kaggle/working/scribble-uncertainty-lung-segmentation/data/pseudo_labels/weak_bg_confidence/coronacases_002_slice_0109.npy,/kaggle/working/scribble-uncertainty-lung-segmentation/outputs/uncertainty_maps/weak_bg_entropy/coronacases_002_slice_0109.npy,1077,54431,16,587,0.6346153616905212,True
coronacases_002,110,/kaggle/working/scribble-uncertainty-lung-segmentation/data/pseudo_labels/weak_bg_entropy/coronacases_002_slice_0110.npy,/kaggle/working/scribble-uncertainty-lung-segmentation/data/pseudo_labels/weak_bg_confidence/coronacases_002_slice_0110.npy,/kaggle/working/scribble-uncertainty-lung-segmentation/outputs/uncertainty_maps/weak_bg_entropy/coronacases_002_slice_0110.npy,1116,54704,28,509,0.5772307515144348,True
coronacases_002,111,/kaggle/working/scribble-uncertainty-lung-segmentation/data/pseudo_labels/weak_bg_entropy/coronacases_002_slice_0111.npy,/kaggle/working/scribble-uncertainty-lung-segmentation/data/pseudo_labels/weak_bg_confidence/coronacases_002_slice_0111.npy,/kaggle/working/scribble-uncertainty-lung-segmentation/outputs/uncertainty_maps/weak_bg_entropy/coronacases_002_slice_0111.npy,1036,54169,28,408,0.5318559408187866,True
coronacases_002,112,/kaggle/working/scribble-uncertainty-lung-segmentation/data/pseudo_labels/weak_bg_entropy/coronacases_002_slice_0112.npy,/kaggle/working/scribble-uncertainty-lung-segmentation/data/pseudo_labels/weak_bg_confidence/coronacases_002_slice_0112.npy,/kaggle/working/scribble-uncertainty-lung-segmentation/outputs/uncertainty_maps/weak_bg_entropy/coronacases_002_slice_0112.npy,1022,53988,22,347,0.4616508483886719,True
coronacases_002,113,/kaggle/working/scribble-uncertainty-lung-segmentation/data/pseudo_labels/weak_bg_entropy/coronacases_002_slice_0113.npy,/kaggle/working/scribble-uncertainty-lung-segmentation/data/pseudo_labels/weak_bg_confidence/coronacases_002_slice_0113.npy,/kaggle/working/scribble-uncertainty-lung-segmentation/outputs/uncertainty_maps/weak_bg_entropy/coronacases_002_slice_0113.npy,974,53898,24,363,0.4727000892162323,True
coronacases_002,114,/kaggle/working/scribble-uncertainty-lung-segmentation/data/pseudo_labels/weak_bg_entropy/coronacases_002_slice_0114.npy,/kaggle/working/scribble-uncertainty-lung-segmentation/data/pseudo_labels/weak_bg_confidence/coronacases_002_slice_0114.npy,/kaggle/working/scribble-uncertainty-lung-segmentation/outputs/uncertainty_maps/weak_bg_entropy/coronacases_002_slice_0114.npy,792,53594,16,248,0.41923075914382935,True
coronacases_002,115,/kaggle/working/scribble-uncertainty-lung-segmentation/data/pseudo_labels/weak_bg_entropy/coronacases_002_slice_0115.npy,/kaggle/working/scribble-uncertainty-lung-segmentation/data/pseudo_labels/weak_bg_confidence/coronacases_002_slice_0115.npy,/kaggle/working/scribble-uncertainty-lung-segmentation/outputs/uncertainty_maps/weak_bg_entropy/coronacases_002_slice_0115.npy,637,53432,18,254,0.4848484992980957,True
coronacases_002,116,/kaggle/working/scribble-uncertainty-lung-segmentation/data/pseudo_labels/weak_bg_entropy/coronacases_002_slice_0116.npy,/kaggle/working/scribble-uncertainty-lung-segmentation/data/pseudo_labels/weak_bg_confidence/coronacases_002_slice_0116.npy,/kaggle/working/scribble-uncertainty-lung-segmentation/outputs/uncertainty_maps/weak_bg_entropy/coronacases_002_slice_0116.npy,543,53485,8,216,0.4163372814655304,True
coronacases_002,117,/kaggle/working/scribble-uncertainty-lung-segmentation/data/pseudo_labels/weak_bg_entropy/coronacases_002_slice_0117.npy,/kaggle/working/scribble-uncertainty-lung-segmentation/data/pseudo_labels/weak_bg_confidence/coronacases_002_slice_0117.npy,/kaggle/working/scribble-uncertainty-lung-segmentation/outputs/uncertainty_maps/weak_bg_entropy/coronacases_002_slice_0117.npy,598,53650,16,320,0.5599128603935242,True
coronacases_002,118,/kaggle/working/scribble-uncertainty-lung-segmentation/data/pseudo_labels/weak_bg_entropy/coronacases_002_slice_0118.npy,/kaggle/working/scribble-uncertainty-lung-segmentation/data/pseudo_labels/weak_bg_confidence/coronacases_002_slice_0118.npy,/kaggle/working/scribble-uncertainty-lung-segmentation/outputs/uncertainty_maps/weak_bg_entropy/coronacases_002_slice_0118.npy,729,53858,19,319,0.4828244149684906,True
coronacases_002,119,/kaggle/working/scribble-uncertainty-lung-segmentation/data/pseudo_labels/weak_bg_entropy/coronacases_002_slice_0119.npy,/kaggle/working/scribble-uncertainty-lung-segmentation/data/pseudo_labels/weak_bg_confidence/coronacases_002_slice_0119.npy,/kaggle/working/scribble-uncertainty-lung-segmentation/outputs/uncertainty_maps/weak_bg_entropy/coronacases_002_slice_0119.npy,904,53995,23,422,0.5716440677642822,True
coronacases_002,120,/kaggle/working/scribble-uncertainty-lung-segmentation/data/pseudo_labels/weak_bg_entropy/coronacases_002_slice_0120.npy,/kaggle/working/scribble-uncertainty-lung-segmentation/data/pseudo_labels/weak_bg_confidence/coronacases_002_slice_0120.npy,/kaggle/working/scribble-uncertainty-lung-segmentation/outputs/uncertainty_maps/weak_bg_entropy/coronacases_002_slice_0120.npy,1184,54080,30,520,0.5223004817962646,True
coronacases_002,121,/kaggle/working/scribble-uncertainty-lung-segmentation/data/pseudo_labels/weak_bg_entropy/coronacases_002_slice_0121.npy,/kaggle/working/scribble-uncertainty-lung-segmentation/data/pseudo_labels/weak_bg_confidence/coronacases_002_slice_0121.npy,/kaggle/working/scribble-uncertainty-lung-segmentation/outputs/uncertainty_maps/weak_bg_entropy/coronacases_002_slice_0121.npy,1486,54460,39,762,0.5551601648330688,True
coronacases_002,122,/kaggle/working/scribble-uncertainty-lung-segmentation/data/pseudo_labels/weak_bg_entropy/coronacases_002_slice_0122.npy,/kaggle/working/scribble-uncertainty-lung-segmentation/data/pseudo_labels/weak_bg_confidence/coronacases_002_slice_0122.npy,/kaggle/working/scribble-uncertainty-lung-segmentation/outputs/uncertainty_maps/weak_bg_entropy/coronacases_002_slice_0122.npy,1660,54732,44,805,0.592292070388794,True
coronacases_002,123,/kaggle/working/scribble-uncertainty-lung-segmentation/data/pseudo_labels/weak_bg_entropy/coronacases_002_slice_0123.npy,/kaggle/working/scribble-uncertainty-lung-segmentation/data/pseudo_labels/weak_bg_confidence/coronacases_002_slice_0123.npy,/kaggle/working/scribble-uncertainty-lung-segmentation/outputs/uncertainty_maps/weak_bg_entropy/coronacases_002_slice_0123.npy,1748,54799,47,841,0.5809192657470703,True
coronacases_002,124,/kaggle/working/scribble-uncertainty-lung-segmentation/data/pseudo_labels/weak_bg_entropy/coronacases_002_slice_0124.npy,/kaggle/working/scribble-uncertainty-lung-segmentation/data/pseudo_labels/weak_bg_confidence/coronacases_002_slice_0124.npy,/kaggle/working/scribble-uncertainty-lung-segmentation/outputs/uncertainty_maps/weak_bg_entropy/coronacases_002_slice_0124.npy,1745,54770,52,856,0.5997692942619324,True
coronacases_002,125,/kaggle/working/scribble-uncertainty-lung-segmentation/data/pseudo_labels/weak_bg_entropy/coronacases_002_slice_0125.npy,/kaggle/working/scribble-uncertainty-lung-segmentation/data/pseudo_labels/weak_bg_confidence/coronacases_002_slice_0125.npy,/kaggle/working/scribble-uncertainty-lung-segmentation/outputs/uncertainty_maps/weak_bg_entropy/coronacases_002_slice_0125.npy,1453,54428,32,714,0.6294416189193726,True
coronacases_002,126,/kaggle/working/scribble-uncertainty-lung-segmentation/data/pseudo_labels/weak_bg_entropy/coronacases_002_slice_0126.npy,/kaggle/working/scribble-uncertainty-lung-segmentation/data/pseudo_labels/weak_bg_confidence/coronacases_002_slice_0126.npy,/kaggle/working/scribble-uncertainty-lung-segmentation/outputs/uncertainty_maps/weak_bg_entropy/coronacases_002_slice_0126.npy,1285,54567,22,750,0.637837827205658,True
coronacases_002,127,/kaggle/working/scribble-uncertainty-lung-segmentation/data/pseudo_labels/weak_bg_entropy/coronacases_002_slice_0127.npy,/kaggle/working/scribble-uncertainty-lung-segmentation/data/pseudo_labels/weak_bg_confidence/coronacases_002_slice_0127.npy,/kaggle/working/scribble-uncertainty-lung-segmentation/outputs/uncertainty_maps/weak_bg_entropy/coronacases_002_slice_0127.npy,1132,54664,16,704,0.6830065250396729,True
coronacases_002,128,/kaggle/working/scribble-uncertainty-lung-segmentation/data/pseudo_labels/weak_bg_entropy/coronacases_002_slice_0128.npy,/kaggle/working/scribble-uncertainty-lung-segmentation/data/pseudo_labels/weak_bg_confidence/coronacases_002_slice_0128.npy,/kaggle/working/scribble-uncertainty-lung-segmentation/outputs/uncertainty_maps/weak_bg_entropy/coronacases_002_slice_0128.npy,1115,54620,23,714,0.7184253931045532,True
coronacases_002,129,/kaggle/working/scribble-uncertainty-lung-segmentation/data/pseudo_labels/weak_bg_entropy/coronacases_002_slice_0129.npy,/kaggle/working/scribble-uncertainty-lung-segmentation/data/pseudo_labels/weak_bg_confidence/coronacases_002_slice_0129.npy,/kaggle/working/scribble-uncertainty-lung-segmentation/outputs/uncertainty_maps/weak_bg_entropy/coronacases_002_slice_0129.npy,1085,54701,28,806,0.7223691344261169,True
coronacases_002,130,/kaggle/working/scribble-uncertainty-lung-segmentation/data/pseudo_labels/weak_bg_entropy/coronacases_002_slice_0130.npy,/kaggle/working/scribble-uncertainty-lung-segmentation/data/pseudo_labels/weak_bg_confidence/coronacases_002_slice_0130.npy,/kaggle/working/scribble-uncertainty-lung-segmentation/outputs/uncertainty_maps/weak_bg_entropy/coronacases_002_slice_0130.npy,1251,55034,31,779,0.6778324842453003,True
coronacases_002,131,/kaggle/working/scribble-uncertainty-lung-segmentation/data/pseudo_labels/weak_bg_entropy/coronacases_002_slice_0131.npy,/kaggle/working/scribble-uncertainty-lung-segmentation/data/pseudo_labels/weak_bg_confidence/coronacases_002_slice_0131.npy,/kaggle/working/scribble-uncertainty-lung-segmentation/outputs/uncertainty_maps/weak_bg_entropy/coronacases_002_slice_0131.npy,1345,55282,38,819,0.692236602306366,True
coronacases_002,132,/kaggle/working/scribble-uncertainty-lung-segmentation/data/pseudo_labels/weak_bg_entropy/coronacases_002_slice_0132.npy,/kaggle/working/scribble-uncertainty-lung-segmentation/data/pseudo_labels/weak_bg_confidence/coronacases_002_slice_0132.npy,/kaggle/working/scribble-uncertainty-lung-segmentation/outputs/uncertainty_maps/weak_bg_entropy/coronacases_002_slice_0132.npy,1422,55241,46,872,0.6957280039787292,True
coronacases_002,133,/kaggle/working/scribble-uncertainty-lung-segmentation/data/pseudo_labels/weak_bg_entropy/coronacases_002_slice_0133.npy,/kaggle/working/scribble-uncertainty-lung-segmentation/data/pseudo_labels/weak_bg_confidence/coronacases_002_slice_0133.npy,/kaggle/working/scribble-uncertainty-lung-segmentation/outputs/uncertainty_maps/weak_bg_entropy/coronacases_002_slice_0133.npy,1183,54958,37,815,0.6886886954307556,True
coronacases_002,134,/kaggle/working/scribble-uncertainty-lung-segmentation/data/pseudo_labels/weak_bg_entropy/coronacases_002_slice_0134.npy,/kaggle/working/scribble-uncertainty-lung-segmentation/data/pseudo_labels/weak_bg_confidence/coronacases_002_slice_0134.npy,/kaggle/working/scribble-uncertainty-lung-segmentation/outputs/uncertainty_maps/weak_bg_entropy/coronacases_002_slice_0134.npy,1180,54908,34,822,0.6943057179450989,True
coronacases_002,135,/kaggle/working/scribble-uncertainty-lung-segmentation/data/pseudo_labels/weak_bg_entropy/coronacases_002_slice_0135.npy,/kaggle/working/scribble-uncertainty-lung-segmentation/data/pseudo_labels/weak_bg_confidence/coronacases_002_slice_0135.npy,/kaggle/working/scribble-uncertainty-lung-segmentation/outputs/uncertainty_maps/weak_bg_entropy/coronacases_002_slice_0135.npy,1357,55079,41,840,0.6317706108093262,True
coronacases_002,136,/kaggle/working/scribble-uncertainty-lung-segmentation/data/pseudo_labels/weak_bg_entropy/coronacases_002_slice_0136.npy,/kaggle/working/scribble-uncertainty-lung-segmentation/data/pseudo_labels/weak_bg_confidence/coronacases_002_slice_0136.npy,/kaggle/working/scribble-uncertainty-lung-segmentation/outputs/uncertainty_maps/weak_bg_entropy/coronacases_002_slice_0136.npy,1443,55268,30,888,0.7147147059440613,True
coronacases_002,137,/kaggle/working/scribble-uncertainty-lung-segmentation/data/pseudo_labels/weak_bg_entropy/coronacases_002_slice_0137.npy,/kaggle/working/scribble-uncertainty-lung-segmentation/data/pseudo_labels/weak_bg_confidence/coronacases_002_slice_0137.npy,/kaggle/working/scribble-uncertainty-lung-segmentation/outputs/uncertainty_maps/weak_bg_entropy/coronacases_002_slice_0137.npy,1483,55537,36,978,0.7533522844314575,True
coronacases_002,138,/kaggle/working/scribble-uncertainty-lung-segmentation/data/pseudo_labels/weak_bg_entropy/coronacases_002_slice_0138.npy,/kaggle/working/scribble-uncertainty-lung-segmentation/data/pseudo_labels/weak_bg_confidence/coronacases_002_slice_0138.npy,/kaggle/working/scribble-uncertainty-lung-segmentation/outputs/uncertainty_maps/weak_bg_entropy/coronacases_002_slice_0138.npy,1489,55646,44,947,0.697044312953949,True
coronacases_002,139,/kaggle/working/scribble-uncertainty-lung-segmentation/data/pseudo_labels/weak_bg_entropy/coronacases_002_slice_0139.npy,/kaggle/working/scribble-uncertainty-lung-segmentation/data/pseudo_labels/weak_bg_confidence/coronacases_002_slice_0139.npy,/kaggle/working/scribble-uncertainty-lung-segmentation/outputs/uncertainty_maps/weak_bg_entropy/coronacases_002_slice_0139.npy,1356,55817,38,825,0.700596034526825,True
coronacases_002,140,/kaggle/working/scribble-uncertainty-lung-segmentation/data/pseudo_labels/weak_bg_entropy/coronacases_002_slice_0140.npy,/kaggle/working/scribble-uncertainty-lung-segmentation/data/pseudo_labels/weak_bg_confidence/coronacases_002_slice_0140.npy,/kaggle/working/scribble-uncertainty-lung-segmentation/outputs/uncertainty_maps/weak_bg_entropy/coronacases_002_slice_0140.npy,1280,55691,48,941,0.7609184980392456,True
coronacases_002,141,/kaggle/working/scribble-uncertainty-lung-segmentation/data/pseudo_labels/weak_bg_entropy/coronacases_002_slice_0141.npy,/kaggle/working/scribble-uncertainty-lung-segmentation/data/pseudo_labels/weak_bg_confidence/coronacases_002_slice_0141.npy,/kaggle/working/scribble-uncertainty-lung-segmentation/outputs/uncertainty_maps/weak_bg_entropy/coronacases_002_slice_0141.npy,1264,55835,40,882,0.7418453097343445,True
coronacases_002,142,/kaggle/working/scribble-uncertainty-lung-segmentation/data/pseudo_labels/weak_bg_entropy/coronacases_002_slice_0142.npy,/kaggle/working/scribble-uncertainty-lung-segmentation/data/pseudo_labels/weak_bg_confidence/coronacases_002_slice_0142.npy,/kaggle/working/scribble-uncertainty-lung-segmentation/outputs/uncertainty_maps/weak_bg_entropy/coronacases_002_slice_0142.npy,1156,55864,35,813,0.7343829274177551,True
coronacases_002,143,/kaggle/working/scribble-uncertainty-lung-segmentation/data/pseudo_labels/weak_bg_entropy/coronacases_002_slice_0143.npy,/kaggle/working/scribble-uncertainty-lung-segmentation/data/pseudo_labels/weak_bg_confidence/coronacases_002_slice_0143.npy,/kaggle/working/scribble-uncertainty-lung-segmentation/outputs/uncertainty_maps/weak_bg_entropy/coronacases_002_slice_0143.npy,977,56051,23,840,0.8244358897209167,True
coronacases_002,144,/kaggle/working/scribble-uncertainty-lung-segmentation/data/pseudo_labels/weak_bg_entropy/coronacases_002_slice_0144.npy,/kaggle/working/scribble-uncertainty-lung-segmentation/data/pseudo_labels/weak_bg_confidence/coronacases_002_slice_0144.npy,/kaggle/working/scribble-uncertainty-lung-segmentation/outputs/uncertainty_maps/weak_bg_entropy/coronacases_002_slice_0144.npy,1125,56334,50,876,0.7756121754646301,True
coronacases_002,145,/kaggle/working/scribble-uncertainty-lung-segmentation/data/pseudo_labels/weak_bg_entropy/coronacases_002_slice_0145.npy,/kaggle/working/scribble-uncertainty-lung-segmentation/data/pseudo_labels/weak_bg_confidence/coronacases_002_slice_0145.npy,/kaggle/working/scribble-uncertainty-lung-segmentation/outputs/uncertainty_maps/weak_bg_entropy/coronacases_002_slice_0145.npy,1197,56612,43,890,0.7388595938682556,True
coronacases_002,146,/kaggle/working/scribble-uncertainty-lung-segmentation/data/pseudo_labels/weak_bg_entropy/coronacases_002_slice_0146.npy,/kaggle/working/scribble-uncertainty-lung-segmentation/data/pseudo_labels/weak_bg_confidence/coronacases_002_slice_0146.npy,/kaggle/working/scribble-uncertainty-lung-segmentation/outputs/uncertainty_maps/weak_bg_entropy/coronacases_002_slice_0146.npy,1440,57140,37,869,0.6617583632469177,True
coronacases_002,147,/kaggle/working/scribble-uncertainty-lung-segmentation/data/pseudo_labels/weak_bg_entropy/coronacases_002_slice_0147.npy,/kaggle/working/scribble-uncertainty-lung-segmentation/data/pseudo_labels/weak_bg_confidence/coronacases_002_slice_0147.npy,/kaggle/working/scribble-uncertainty-lung-segmentation/outputs/uncertainty_maps/weak_bg_entropy/coronacases_002_slice_0147.npy,1438,57451,43,934,0.7225969433784485,True
coronacases_002,148,/kaggle/working/scribble-uncertainty-lung-segmentation/data/pseudo_labels/weak_bg_entropy/coronacases_002_slice_0148.npy,/kaggle/working/scribble-uncertainty-lung-segmentation/data/pseudo_labels/weak_bg_confidence/coronacases_002_slice_0148.npy,/kaggle/working/scribble-uncertainty-lung-segmentation/outputs/uncertainty_maps/weak_bg_entropy/coronacases_002_slice_0148.npy,1463,57745,54,898,0.695468008518219,True
coronacases_002,149,/kaggle/working/scribble-uncertainty-lung-segmentation/data/pseudo_labels/weak_bg_entropy/coronacases_002_slice_0149.npy,/kaggle/working/scribble-uncertainty-lung-segmentation/data/pseudo_labels/weak_bg_confidence/coronacases_002_slice_0149.npy,/kaggle/working/scribble-uncertainty-lung-segmentation/outputs/uncertainty_maps/weak_bg_entropy/coronacases_002_slice_0149.npy,1530,58136,56,914,0.6669394373893738,True
coronacases_002,150,/kaggle/working/scribble-uncertainty-lung-segmentation/data/pseudo_labels/weak_bg_entropy/coronacases_002_slice_0150.npy,/kaggle/working/scribble-uncertainty-lung-segmentation/data/pseudo_labels/weak_bg_confidence/coronacases_002_slice_0150.npy,/kaggle/working/scribble-uncertainty-lung-segmentation/outputs/uncertainty_maps/weak_bg_entropy/coronacases_002_slice_0150.npy,1494,58401,58,867,0.6776789426803589,True
coronacases_002,151,/kaggle/working/scribble-uncertainty-lung-segmentation/data/pseudo_labels/weak_bg_entropy/coronacases_002_slice_0151.npy,/kaggle/working/scribble-uncertainty-lung-segmentation/data/pseudo_labels/weak_bg_confidence/coronacases_002_slice_0151.npy,/kaggle/working/scribble-uncertainty-lung-segmentation/outputs/uncertainty_maps/weak_bg_entropy/coronacases_002_slice_0151.npy,1465,58637,52,760,0.6292135119438171,True
coronacases_002,152,/kaggle/working/scribble-uncertainty-lung-segmentation/data/pseudo_labels/weak_bg_entropy/coronacases_002_slice_0152.npy,/kaggle/working/scribble-uncertainty-lung-segmentation/data/pseudo_labels/weak_bg_confidence/coronacases_002_slice_0152.npy,/kaggle/working/scribble-uncertainty-lung-segmentation/outputs/uncertainty_maps/weak_bg_entropy/coronacases_002_slice_0152.npy,1491,58978,39,774,0.617218554019928,True
coronacases_002,153,/kaggle/working/scribble-uncertainty-lung-segmentation/data/pseudo_labels/weak_bg_entropy/coronacases_002_slice_0153.npy,/kaggle/working/scribble-uncertainty-lung-segmentation/data/pseudo_labels/weak_bg_confidence/coronacases_002_slice_0153.npy,/kaggle/working/scribble-uncertainty-lung-segmentation/outputs/uncertainty_maps/weak_bg_entropy/coronacases_002_slice_0153.npy,1302,59188,28,632,0.6059979200363159,True
coronacases_002,154,/kaggle/working/scribble-uncertainty-lung-segmentation/data/pseudo_labels/weak_bg_entropy/coronacases_002_slice_0154.npy,/kaggle/working/scribble-uncertainty-lung-segmentation/data/pseudo_labels/weak_bg_confidence/coronacases_002_slice_0154.npy,/kaggle/working/scribble-uncertainty-lung-segmentation/outputs/uncertainty_maps/weak_bg_entropy/coronacases_002_slice_0154.npy,1237,59369,25,530,0.5761176943778992,True
coronacases_002,155,/kaggle/working/scribble-uncertainty-lung-segmentation/data/pseudo_labels/weak_bg_entropy/coronacases_002_slice_0155.npy,/kaggle/working/scribble-uncertainty-lung-segmentation/data/pseudo_labels/weak_bg_confidence/coronacases_002_slice_0155.npy,/kaggle/working/scribble-uncertainty-lung-segmentation/outputs/uncertainty_maps/weak_bg_entropy/coronacases_002_slice_0155.npy,1245,59671,28,473,0.5436553955078125,True
coronacases_002,156,/kaggle/working/scribble-uncertainty-lung-segmentation/data/pseudo_labels/weak_bg_entropy/coronacases_002_slice_0156.npy,/kaggle/working/scribble-uncertainty-lung-segmentation/data/pseudo_labels/weak_bg_confidence/coronacases_002_slice_0156.npy,/kaggle/working/scribble-uncertainty-lung-segmentation/outputs/uncertainty_maps/weak_bg_entropy/coronacases_002_slice_0156.npy,996,59706,22,373,0.5171658396720886,True
coronacases_002,157,/kaggle/working/scribble-uncertainty-lung-segmentation/data/pseudo_labels/weak_bg_entropy/coronacases_002_slice_0157.npy,/kaggle/working/scribble-uncertainty-lung-segmentation/data/pseudo_labels/weak_bg_confidence/coronacases_002_slice_0157.npy,/kaggle/working/scribble-uncertainty-lung-segmentation/outputs/uncertainty_maps/weak_bg_entropy/coronacases_002_slice_0157.npy,814,59795,16,293,0.49864497780799866,True
coronacases_002,158,/kaggle/working/scribble-uncertainty-lung-segmentation/data/pseudo_labels/weak_bg_entropy/coronacases_002_slice_0158.npy,/kaggle/working/scribble-uncertainty-lung-segmentation/data/pseudo_labels/weak_bg_confidence/coronacases_002_slice_0158.npy,/kaggle/working/scribble-uncertainty-lung-segmentation/outputs/uncertainty_maps/weak_bg_entropy/coronacases_002_slice_0158.npy,791,60001,8,292,0.511542022228241,True
coronacases_002,159,/kaggle/working/scribble-uncertainty-lung-segmentation/data/pseudo_labels/weak_bg_entropy/coronacases_002_slice_0159.npy,/kaggle/working/scribble-uncertainty-lung-segmentation/data/pseudo_labels/weak_bg_confidence/coronacases_002_slice_0159.npy,/kaggle/working/scribble-uncertainty-lung-segmentation/outputs/uncertainty_maps/weak_bg_entropy/coronacases_002_slice_0159.npy,564,60178,14,225,0.552598237991333,True
coronacases_002,160,/kaggle/working/scribble-uncertainty-lung-segmentation/data/pseudo_labels/weak_bg_entropy/coronacases_002_slice_0160.npy,/kaggle/working/scribble-uncertainty-lung-segmentation/data/pseudo_labels/weak_bg_confidence/coronacases_002_slice_0160.npy,/kaggle/working/scribble-uncertainty-lung-segmentation/outputs/uncertainty_maps/weak_bg_entropy/coronacases_002_slice_0160.npy,533,60497,10,194,0.48418158292770386,True
coronacases_002,161,/kaggle/working/scribble-uncertainty-lung-segmentation/data/pseudo_labels/weak_bg_entropy/coronacases_002_slice_0161.npy,/kaggle/working/scribble-uncertainty-lung-segmentation/data/pseudo_labels/weak_bg_confidence/coronacases_002_slice_0161.npy,/kaggle/working/scribble-uncertainty-lung-segmentation/outputs/uncertainty_maps/weak_bg_entropy/coronacases_002_slice_0161.npy,398,60653,4,77,0.2947368323802948,True
coronacases_002,162,/kaggle/working/scribble-uncertainty-lung-segmentation/data/pseudo_labels/weak_bg_entropy/coronacases_002_slice_0162.npy,/kaggle/working/scribble-uncertainty-lung-segmentation/data/pseudo_labels/weak_bg_confidence/coronacases_002_slice_0162.npy,/kaggle/working/scribble-uncertainty-lung-segmentation/outputs/uncertainty_maps/weak_bg_entropy/coronacases_002_slice_0162.npy,241,60810,7,89,0.4484848380088806,True
coronacases_002,163,/kaggle/working/scribble-uncertainty-lung-segmentation/data/pseudo_labels/weak_bg_entropy/coronacases_002_slice_0163.npy,/kaggle/working/scribble-uncertainty-lung-segmentation/data/pseudo_labels/weak_bg_confidence/coronacases_002_slice_0163.npy,/kaggle/working/scribble-uncertainty-lung-segmentation/outputs/uncertainty_maps/weak_bg_entropy/coronacases_002_slice_0163.npy,96,60978,8,92,0.6914893388748169,True
coronacases_002,164,/kaggle/working/scribble-uncertainty-lung-segmentation/data/pseudo_labels/weak_bg_entropy/coronacases_002_slice_0164.npy,/kaggle/working/scribble-uncertainty-lung-segmentation/data/pseudo_labels/weak_bg_confidence/coronacases_002_slice_0164.npy,/kaggle/working/scribble-uncertainty-lung-segmentation/outputs/uncertainty_maps/weak_bg_entropy/coronacases_002_slice_0164.npy,186,61322,4,76,0.3435114622116089,True
coronacases_002,165,/kaggle/working/scribble-uncertainty-lung-segmentation/data/pseudo_labels/weak_bg_entropy/coronacases_002_slice_0165.npy,/kaggle/working/scribble-uncertainty-lung-segmentation/data/pseudo_labels/weak_bg_confidence/coronacases_002_slice_0165.npy,/kaggle/working/scribble-uncertainty-lung-segmentation/outputs/uncertainty_maps/weak_bg_entropy/coronacases_002_slice_0165.npy,116,61582,8,75,0.481675386428833,True
coronacases_002,166,/kaggle/working/scribble-uncertainty-lung-segmentation/data/pseudo_labels/weak_bg_entropy/coronacases_002_slice_0166.npy,/kaggle/working/scribble-uncertainty-lung-segmentation/data/pseudo_labels/weak_bg_confidence/coronacases_002_slice_0166.npy,/kaggle/working/scribble-uncertainty-lung-segmentation/outputs/uncertainty_maps/weak_bg_entropy/coronacases_002_slice_0166.npy,129,61864,4,46,0.37714284658432007,True
coronacases_002,167,/kaggle/working/scribble-uncertainty-lung-segmentation/data/pseudo_labels/weak_bg_entropy/coronacases_002_slice_0167.npy,/kaggle/working/scribble-uncertainty-lung-segmentation/data/pseudo_labels/weak_bg_confidence/coronacases_002_slice_0167.npy,/kaggle/working/scribble-uncertainty-lung-segmentation/outputs/uncertainty_maps/weak_bg_entropy/coronacases_002_slice_0167.npy,50,62127,4,32,0.24390244483947754,True
coronacases_002,168,/kaggle/working/scribble-uncertainty-lung-segmentation/data/pseudo_labels/weak_bg_entropy/coronacases_002_slice_0168.npy,/kaggle/working/scribble-uncertainty-lung-segmentation/data/pseudo_labels/weak_bg_confidence/coronacases_002_slice_0168.npy,/kaggle/working/scribble-uncertainty-lung-segmentation/outputs/uncertainty_maps/weak_bg_entropy/coronacases_002_slice_0168.npy,10,62389,0,0,9.99999993922529e-09,False
coronacases_002,169,/kaggle/working/scribble-uncertainty-lung-segmentation/data/pseudo_labels/weak_bg_entropy/coronacases_002_slice_0169.npy,/kaggle/working/scribble-uncertainty-lung-segmentation/data/pseudo_labels/weak_bg_confidence/coronacases_002_slice_0169.npy,/kaggle/working/scribble-uncertainty-lung-segmentation/outputs/uncertainty_maps/weak_bg_entropy/coronacases_002_slice_0169.npy,73,62636,0,0,1.369863000810767e-09,False
coronacases_002,170,/kaggle/working/scribble-uncertainty-lung-segmentation/data/pseudo_labels/weak_bg_entropy/coronacases_002_slice_0170.npy,/kaggle/working/scribble-uncertainty-lung-segmentation/data/pseudo_labels/weak_bg_confidence/coronacases_002_slice_0170.npy,/kaggle/working/scribble-uncertainty-lung-segmentation/outputs/uncertainty_maps/weak_bg_entropy/coronacases_002_slice_0170.npy,88,62916,0,0,1.1363636698291657e-09,False
coronacases_002,171,/kaggle/working/scribble-uncertainty-lung-segmentation/data/pseudo_labels/weak_bg_entropy/coronacases_002_slice_0171.npy,/kaggle/working/scribble-uncertainty-lung-segmentation/data/pseudo_labels/weak_bg_confidence/coronacases_002_slice_0171.npy,/kaggle/working/scribble-uncertainty-lung-segmentation/outputs/uncertainty_maps/weak_bg_entropy/coronacases_002_slice_0171.npy,68,63164,0,0,1.4705882067644893e-09,False
coronacases_002,172,/kaggle/working/scribble-uncertainty-lung-segmentation/data/pseudo_labels/weak_bg_entropy/coronacases_002_slice_0172.npy,/kaggle/working/scribble-uncertainty-lung-segmentation/data/pseudo_labels/weak_bg_confidence/coronacases_002_slice_0172.npy,/kaggle/working/scribble-uncertainty-lung-segmentation/outputs/uncertainty_maps/weak_bg_entropy/coronacases_002_slice_0172.npy,87,63395,0,0,1.1494253326915782e-09,False
coronacases_002,173,/kaggle/working/scribble-uncertainty-lung-segmentation/data/pseudo_labels/weak_bg_entropy/coronacases_002_slice_0173.npy,/kaggle/working/scribble-uncertainty-lung-segmentation/data/pseudo_labels/weak_bg_confidence/coronacases_002_slice_0173.npy,/kaggle/working/scribble-uncertainty-lung-segmentation/outputs/uncertainty_maps/weak_bg_entropy/coronacases_002_slice_0173.npy,76,63660,0,0,1.3157894773740964e-09,False
coronacases_002,174,/kaggle/working/scribble-uncertainty-lung-segmentation/data/pseudo_labels/weak_bg_entropy/coronacases_002_slice_0174.npy,/kaggle/working/scribble-uncertainty-lung-segmentation/data/pseudo_labels/weak_bg_confidence/coronacases_002_slice_0174.npy,/kaggle/working/scribble-uncertainty-lung-segmentation/outputs/uncertainty_maps/weak_bg_entropy/coronacases_002_slice_0174.npy,11,63776,0,0,9.090909358633326e-09,False
coronacases_002,175,/kaggle/working/scribble-uncertainty-lung-segmentation/data/pseudo_labels/weak_bg_entropy/coronacases_002_slice_0175.npy,/kaggle/working/scribble-uncertainty-lung-segmentation/data/pseudo_labels/weak_bg_confidence/coronacases_002_slice_0175.npy,/kaggle/working/scribble-uncertainty-lung-segmentation/outputs/uncertainty_maps/weak_bg_entropy/coronacases_002_slice_0175.npy,22,64060,0,0,4.545454679316663e-09,False
coronacases_002,176,/kaggle/working/scribble-uncertainty-lung-segmentation/data/pseudo_labels/weak_bg_entropy/coronacases_002_slice_0176.npy,/kaggle/working/scribble-uncertainty-lung-segmentation/data/pseudo_labels/weak_bg_confidence/coronacases_002_slice_0176.npy,/kaggle/working/scribble-uncertainty-lung-segmentation/outputs/uncertainty_maps/weak_bg_entropy/coronacases_002_slice_0176.npy,0,64339,0,0,1.0,False
coronacases_002,177,/kaggle/working/scribble-uncertainty-lung-segmentation/data/pseudo_labels/weak_bg_entropy/coronacases_002_slice_0177.npy,/kaggle/working/scribble-uncertainty-lung-segmentation/data/pseudo_labels/weak_bg_confidence/coronacases_002_slice_0177.npy,/kaggle/working/scribble-uncertainty-lung-segmentation/outputs/uncertainty_maps/weak_bg_entropy/coronacases_002_slice_0177.npy,0,64567,0,0,1.0,False
coronacases_002,178,/kaggle/working/scribble-uncertainty-lung-segmentation/data/pseudo_labels/weak_bg_entropy/coronacases_002_slice_0178.npy,/kaggle/working/scribble-uncertainty-lung-segmentation/data/pseudo_labels/weak_bg_confidence/coronacases_002_slice_0178.npy,/kaggle/working/scribble-uncertainty-lung-segmentation/outputs/uncertainty_maps/weak_bg_entropy/coronacases_002_slice_0178.npy,0,64871,0,0,1.0,False
coronacases_002,179,/kaggle/working/scribble-uncertainty-lung-segmentation/data/pseudo_labels/weak_bg_entropy/coronacases_002_slice_0179.npy,/kaggle/working/scribble-uncertainty-lung-segmentation/data/pseudo_labels/weak_bg_confidence/coronacases_002_slice_0179.npy,/kaggle/working/scribble-uncertainty-lung-segmentation/outputs/uncertainty_maps/weak_bg_entropy/coronacases_002_slice_0179.npy,0,65070,0,0,1.0,False
coronacases_002,180,/kaggle/working/scribble-uncertainty-lung-segmentation/data/pseudo_labels/weak_bg_entropy/coronacases_002_slice_0180.npy,/kaggle/working/scribble-uncertainty-lung-segmentation/data/pseudo_labels/weak_bg_confidence/coronacases_002_slice_0180.npy,/kaggle/working/scribble-uncertainty-lung-segmentation/outputs/uncertainty_maps/weak_bg_entropy/coronacases_002_slice_0180.npy,0,65269,0,0,1.0,False
coronacases_002,181,/kaggle/working/scribble-uncertainty-lung-segmentation/data/pseudo_labels/weak_bg_entropy/coronacases_002_slice_0181.npy,/kaggle/working/scribble-uncertainty-lung-segmentation/data/pseudo_labels/weak_bg_confidence/coronacases_002_slice_0181.npy,/kaggle/working/scribble-uncertainty-lung-segmentation/outputs/uncertainty_maps/weak_bg_entropy/coronacases_002_slice_0181.npy,0,65446,0,0,1.0,False
coronacases_002,182,/kaggle/working/scribble-uncertainty-lung-segmentation/data/pseudo_labels/weak_bg_entropy/coronacases_002_slice_0182.npy,/kaggle/working/scribble-uncertainty-lung-segmentation/data/pseudo_labels/weak_bg_confidence/coronacases_002_slice_0182.npy,/kaggle/working/scribble-uncertainty-lung-segmentation/outputs/uncertainty_maps/weak_bg_entropy/coronacases_002_slice_0182.npy,0,65477,0,0,1.0,False
coronacases_005,15,/kaggle/working/scribble-uncertainty-lung-segmentation/data/pseudo_labels/weak_bg_entropy/coronacases_005_slice_0015.npy,/kaggle/working/scribble-uncertainty-lung-segmentation/data/pseudo_labels/weak_bg_confidence/coronacases_005_slice_0015.npy,/kaggle/working/scribble-uncertainty-lung-segmentation/outputs/uncertainty_maps/weak_bg_entropy/coronacases_005_slice_0015.npy,0,65536,0,0,1.0,False
coronacases_005,16,/kaggle/working/scribble-uncertainty-lung-segmentation/data/pseudo_labels/weak_bg_entropy/coronacases_005_slice_0016.npy,/kaggle/working/scribble-uncertainty-lung-segmentation/data/pseudo_labels/weak_bg_confidence/coronacases_005_slice_0016.npy,/kaggle/working/scribble-uncertainty-lung-segmentation/outputs/uncertainty_maps/weak_bg_entropy/coronacases_005_slice_0016.npy,0,65536,0,0,1.0,False
coronacases_005,17,/kaggle/working/scribble-uncertainty-lung-segmentation/data/pseudo_labels/weak_bg_entropy/coronacases_005_slice_0017.npy,/kaggle/working/scribble-uncertainty-lung-segmentation/data/pseudo_labels/weak_bg_confidence/coronacases_005_slice_0017.npy,/kaggle/working/scribble-uncertainty-lung-segmentation/outputs/uncertainty_maps/weak_bg_entropy/coronacases_005_slice_0017.npy,0,65536,0,0,1.0,False
coronacases_005,18,/kaggle/working/scribble-uncertainty-lung-segmentation/data/pseudo_labels/weak_bg_entropy/coronacases_005_slice_0018.npy,/kaggle/working/scribble-uncertainty-lung-segmentation/data/pseudo_labels/weak_bg_confidence/coronacases_005_slice_0018.npy,/kaggle/working/scribble-uncertainty-lung-segmentation/outputs/uncertainty_maps/weak_bg_entropy/coronacases_005_slice_0018.npy,0,65523,0,0,1.0,False
coronacases_005,19,/kaggle/working/scribble-uncertainty-lung-segmentation/data/pseudo_labels/weak_bg_entropy/coronacases_005_slice_0019.npy,/kaggle/working/scribble-uncertainty-lung-segmentation/data/pseudo_labels/weak_bg_confidence/coronacases_005_slice_0019.npy,/kaggle/working/scribble-uncertainty-lung-segmentation/outputs/uncertainty_maps/weak_bg_entropy/coronacases_005_slice_0019.npy,0,65500,0,0,1.0,False
coronacases_005,20,/kaggle/working/scribble-uncertainty-lung-segmentation/data/pseudo_labels/weak_bg_entropy/coronacases_005_slice_0020.npy,/kaggle/working/scribble-uncertainty-lung-segmentation/data/pseudo_labels/weak_bg_confidence/coronacases_005_slice_0020.npy,/kaggle/working/scribble-uncertainty-lung-segmentation/outputs/uncertainty_maps/weak_bg_entropy/coronacases_005_slice_0020.npy,0,65473,0,0,1.0,False
coronacases_005,21,/kaggle/working/scribble-uncertainty-lung-segmentation/data/pseudo_labels/weak_bg_entropy/coronacases_005_slice_0021.npy,/kaggle/working/scribble-uncertainty-lung-segmentation/data/pseudo_labels/weak_bg_confidence/coronacases_005_slice_0021.npy,/kaggle/working/scribble-uncertainty-lung-segmentation/outputs/uncertainty_maps/weak_bg_entropy/coronacases_005_slice_0021.npy,0,65409,0,0,1.0,False
coronacases_005,22,/kaggle/working/scribble-uncertainty-lung-segmentation/data/pseudo_labels/weak_bg_entropy/coronacases_005_slice_0022.npy,/kaggle/working/scribble-uncertainty-lung-segmentation/data/pseudo_labels/weak_bg_confidence/coronacases_005_slice_0022.npy,/kaggle/working/scribble-uncertainty-lung-segmentation/outputs/uncertainty_maps/weak_bg_entropy/coronacases_005_slice_0022.npy,0,65366,0,0,1.0,False
coronacases_005,23,/kaggle/working/scribble-uncertainty-lung-segmentation/data/pseudo_labels/weak_bg_entropy/coronacases_005_slice_0023.npy,/kaggle/working/scribble-uncertainty-lung-segmentation/data/pseudo_labels/weak_bg_confidence/coronacases_005_slice_0023.npy,/kaggle/working/scribble-uncertainty-lung-segmentation/outputs/uncertainty_maps/weak_bg_entropy/coronacases_005_slice_0023.npy,0,65249,0,0,1.0,False
coronacases_005,24,/kaggle/working/scribble-uncertainty-lung-segmentation/data/pseudo_labels/weak_bg_entropy/coronacases_005_slice_0024.npy,/kaggle/working/scribble-uncertainty-lung-segmentation/data/pseudo_labels/weak_bg_confidence/coronacases_005_slice_0024.npy,/kaggle/working/scribble-uncertainty-lung-segmentation/outputs/uncertainty_maps/weak_bg_entropy/coronacases_005_slice_0024.npy,0,65126,0,0,1.0,False
coronacases_005,25,/kaggle/working/scribble-uncertainty-lung-segmentation/data/pseudo_labels/weak_bg_entropy/coronacases_005_slice_0025.npy,/kaggle/working/scribble-uncertainty-lung-segmentation/data/pseudo_labels/weak_bg_confidence/coronacases_005_slice_0025.npy,/kaggle/working/scribble-uncertainty-lung-segmentation/outputs/uncertainty_maps/weak_bg_entropy/coronacases_005_slice_0025.npy,18,64998,0,0,5.5555555711350735e-09,False
coronacases_005,26,/kaggle/working/scribble-uncertainty-lung-segmentation/data/pseudo_labels/weak_bg_entropy/coronacases_005_slice_0026.npy,/kaggle/working/scribble-uncertainty-lung-segmentation/data/pseudo_labels/weak_bg_confidence/coronacases_005_slice_0026.npy,/kaggle/working/scribble-uncertainty-lung-segmentation/outputs/uncertainty_maps/weak_bg_entropy/coronacases_005_slice_0026.npy,28,64827,0,0,3.571428708326607e-09,False
coronacases_005,27,/kaggle/working/scribble-uncertainty-lung-segmentation/data/pseudo_labels/weak_bg_entropy/coronacases_005_slice_0027.npy,/kaggle/working/scribble-uncertainty-lung-segmentation/data/pseudo_labels/weak_bg_confidence/coronacases_005_slice_0027.npy,/kaggle/working/scribble-uncertainty-lung-segmentation/outputs/uncertainty_maps/weak_bg_entropy/coronacases_005_slice_0027.npy,45,64727,0,0,2.2222221840451084e-09,False
coronacases_005,28,/kaggle/working/scribble-uncertainty-lung-segmentation/data/pseudo_labels/weak_bg_entropy/coronacases_005_slice_0028.npy,/kaggle/working/scribble-uncertainty-lung-segmentation/data/pseudo_labels/weak_bg_confidence/coronacases_005_slice_0028.npy,/kaggle/working/scribble-uncertainty-lung-segmentation/outputs/uncertainty_maps/weak_bg_entropy/coronacases_005_slice_0028.npy,51,64592,0,0,1.9607844237157224e-09,False
coronacases_005,29,/kaggle/working/scribble-uncertainty-lung-segmentation/data/pseudo_labels/weak_bg_entropy/coronacases_005_slice_0029.npy,/kaggle/working/scribble-uncertainty-lung-segmentation/data/pseudo_labels/weak_bg_confidence/coronacases_005_slice_0029.npy,/kaggle/working/scribble-uncertainty-lung-segmentation/outputs/uncertainty_maps/weak_bg_entropy/coronacases_005_slice_0029.npy,95,64492,0,0,1.052631537490356e-09,False
coronacases_005,30,/kaggle/working/scribble-uncertainty-lung-segmentation/data/pseudo_labels/weak_bg_entropy/coronacases_005_slice_0030.npy,/kaggle/working/scribble-uncertainty-lung-segmentation/data/pseudo_labels/weak_bg_confidence/coronacases_005_slice_0030.npy,/kaggle/working/scribble-uncertainty-lung-segmentation/outputs/uncertainty_maps/weak_bg_entropy/coronacases_005_slice_0030.npy,113,64384,0,0,8.849557753265458e-10,False
coronacases_005,31,/kaggle/working/scribble-uncertainty-lung-segmentation/data/pseudo_labels/weak_bg_entropy/coronacases_005_slice_0031.npy,/kaggle/working/scribble-uncertainty-lung-segmentation/data/pseudo_labels/weak_bg_confidence/coronacases_005_slice_0031.npy,/kaggle/working/scribble-uncertainty-lung-segmentation/outputs/uncertainty_maps/weak_bg_entropy/coronacases_005_slice_0031.npy,177,64295,0,0,5.649717360611817e-10,False
coronacases_005,32,/kaggle/working/scribble-uncertainty-lung-segmentation/data/pseudo_labels/weak_bg_entropy/coronacases_005_slice_0032.npy,/kaggle/working/scribble-uncertainty-lung-segmentation/data/pseudo_labels/weak_bg_confidence/coronacases_005_slice_0032.npy,/kaggle/working/scribble-uncertainty-lung-segmentation/outputs/uncertainty_maps/weak_bg_entropy/coronacases_005_slice_0032.npy,173,64117,0,0,5.780346756800725e-10,False
coronacases_005,33,/kaggle/working/scribble-uncertainty-lung-segmentation/data/pseudo_labels/weak_bg_entropy/coronacases_005_slice_0033.npy,/kaggle/working/scribble-uncertainty-lung-segmentation/data/pseudo_labels/weak_bg_confidence/coronacases_005_slice_0033.npy,/kaggle/working/scribble-uncertainty-lung-segmentation/outputs/uncertainty_maps/weak_bg_entropy/coronacases_005_slice_0033.npy,208,63955,0,0,4.807692577379896e-10,False
coronacases_005,34,/kaggle/working/scribble-uncertainty-lung-segmentation/data/pseudo_labels/weak_bg_entropy/coronacases_005_slice_0034.npy,/kaggle/working/scribble-uncertainty-lung-segmentation/data/pseudo_labels/weak_bg_confidence/coronacases_005_slice_0034.npy,/kaggle/working/scribble-uncertainty-lung-segmentation/outputs/uncertainty_maps/weak_bg_entropy/coronacases_005_slice_0034.npy,297,63807,0,0,3.367003342802377e-10,False
coronacases_005,35,/kaggle/working/scribble-uncertainty-lung-segmentation/data/pseudo_labels/weak_bg_entropy/coronacases_005_slice_0035.npy,/kaggle/working/scribble-uncertainty-lung-segmentation/data/pseudo_labels/weak_bg_confidence/coronacases_005_slice_0035.npy,/kaggle/working/scribble-uncertainty-lung-segmentation/outputs/uncertainty_maps/weak_bg_entropy/coronacases_005_slice_0035.npy,299,63582,0,0,3.3444816360805874e-10,False
coronacases_005,36,/kaggle/working/scribble-uncertainty-lung-segmentation/data/pseudo_labels/weak_bg_entropy/coronacases_005_slice_0036.npy,/kaggle/working/scribble-uncertainty-lung-segmentation/data/pseudo_labels/weak_bg_confidence/coronacases_005_slice_0036.npy,/kaggle/working/scribble-uncertainty-lung-segmentation/outputs/uncertainty_maps/weak_bg_entropy/coronacases_005_slice_0036.npy,413,63444,0,0,2.4213075988654964e-10,False
coronacases_005,37,/kaggle/working/scribble-uncertainty-lung-segmentation/data/pseudo_labels/weak_bg_entropy/coronacases_005_slice_0037.npy,/kaggle/working/scribble-uncertainty-lung-segmentation/data/pseudo_labels/weak_bg_confidence/coronacases_005_slice_0037.npy,/kaggle/working/scribble-uncertainty-lung-segmentation/outputs/uncertainty_maps/weak_bg_entropy/coronacases_005_slice_0037.npy,349,63146,0,0,2.865329640222569e-10,False
coronacases_005,38,/kaggle/working/scribble-uncertainty-lung-segmentation/data/pseudo_labels/weak_bg_entropy/coronacases_005_slice_0038.npy,/kaggle/working/scribble-uncertainty-lung-segmentation/data/pseudo_labels/weak_bg_confidence/coronacases_005_slice_0038.npy,/kaggle/working/scribble-uncertainty-lung-segmentation/outputs/uncertainty_maps/weak_bg_entropy/coronacases_005_slice_0038.npy,324,62913,0,0,3.086419730902179e-10,False
coronacases_005,39,/kaggle/working/scribble-uncertainty-lung-segmentation/data/pseudo_labels/weak_bg_entropy/coronacases_005_slice_0039.npy,/kaggle/working/scribble-uncertainty-lung-segmentation/data/pseudo_labels/weak_bg_confidence/coronacases_005_slice_0039.npy,/kaggle/working/scribble-uncertainty-lung-segmentation/outputs/uncertainty_maps/weak_bg_entropy/coronacases_005_slice_0039.npy,409,62798,0,0,2.4449878233134825e-10,False
coronacases_005,40,/kaggle/working/scribble-uncertainty-lung-segmentation/data/pseudo_labels/weak_bg_entropy/coronacases_005_slice_0040.npy,/kaggle/working/scribble-uncertainty-lung-segmentation/data/pseudo_labels/weak_bg_confidence/coronacases_005_slice_0040.npy,/kaggle/working/scribble-uncertainty-lung-segmentation/outputs/uncertainty_maps/weak_bg_entropy/coronacases_005_slice_0040.npy,243,62364,0,0,4.115226492906743e-10,False
coronacases_005,41,/kaggle/working/scribble-uncertainty-lung-segmentation/data/pseudo_labels/weak_bg_entropy/coronacases_005_slice_0041.npy,/kaggle/working/scribble-uncertainty-lung-segmentation/data/pseudo_labels/weak_bg_confidence/coronacases_005_slice_0041.npy,/kaggle/working/scribble-uncertainty-lung-segmentation/outputs/uncertainty_maps/weak_bg_entropy/coronacases_005_slice_0041.npy,282,62131,0,0,3.5460992475755404e-10,False
coronacases_005,42,/kaggle/working/scribble-uncertainty-lung-segmentation/data/pseudo_labels/weak_bg_entropy/coronacases_005_slice_0042.npy,/kaggle/working/scribble-uncertainty-lung-segmentation/data/pseudo_labels/weak_bg_confidence/coronacases_005_slice_0042.npy,/kaggle/working/scribble-uncertainty-lung-segmentation/outputs/uncertainty_maps/weak_bg_entropy/coronacases_005_slice_0042.npy,320,61924,0,0,3.124999981007903e-10,False
coronacases_005,43,/kaggle/working/scribble-uncertainty-lung-segmentation/data/pseudo_labels/weak_bg_entropy/coronacases_005_slice_0043.npy,/kaggle/working/scribble-uncertainty-lung-segmentation/data/pseudo_labels/weak_bg_confidence/coronacases_005_slice_0043.npy,/kaggle/working/scribble-uncertainty-lung-segmentation/outputs/uncertainty_maps/weak_bg_entropy/coronacases_005_slice_0043.npy,270,61599,0,0,3.703703732593766e-10,False
coronacases_005,44,/kaggle/working/scribble-uncertainty-lung-segmentation/data/pseudo_labels/weak_bg_entropy/coronacases_005_slice_0044.npy,/kaggle/working/scribble-uncertainty-lung-segmentation/data/pseudo_labels/weak_bg_confidence/coronacases_005_slice_0044.npy,/kaggle/working/scribble-uncertainty-lung-segmentation/outputs/uncertainty_maps/weak_bg_entropy/coronacases_005_slice_0044.npy,245,61273,0,0,4.0816328095161225e-10,False
coronacases_005,45,/kaggle/working/scribble-uncertainty-lung-segmentation/data/pseudo_labels/weak_bg_entropy/coronacases_005_slice_0045.npy,/kaggle/working/scribble-uncertainty-lung-segmentation/data/pseudo_labels/weak_bg_confidence/coronacases_005_slice_0045.npy,/kaggle/working/scribble-uncertainty-lung-segmentation/outputs/uncertainty_maps/weak_bg_entropy/coronacases_005_slice_0045.npy,251,60978,0,0,3.9840639121102583e-10,False
coronacases_005,46,/kaggle/working/scribble-uncertainty-lung-segmentation/data/pseudo_labels/weak_bg_entropy/coronacases_005_slice_0046.npy,/kaggle/working/scribble-uncertainty-lung-segmentation/data/pseudo_labels/weak_bg_confidence/coronacases_005_slice_0046.npy,/kaggle/working/scribble-uncertainty-lung-segmentation/outputs/uncertainty_maps/weak_bg_entropy/coronacases_005_slice_0046.npy,204,60724,0,0,4.901961059289306e-10,False
coronacases_005,47,/kaggle/working/scribble-uncertainty-lung-segmentation/data/pseudo_labels/weak_bg_entropy/coronacases_005_slice_0047.npy,/kaggle/working/scribble-uncertainty-lung-segmentation/data/pseudo_labels/weak_bg_confidence/coronacases_005_slice_0047.npy,/kaggle/working/scribble-uncertainty-lung-segmentation/outputs/uncertainty_maps/weak_bg_entropy/coronacases_005_slice_0047.npy,281,60530,0,0,3.5587188751406984e-10,False
coronacases_005,48,/kaggle/working/scribble-uncertainty-lung-segmentation/data/pseudo_labels/weak_bg_entropy/coronacases_005_slice_0048.npy,/kaggle/working/scribble-uncertainty-lung-segmentation/data/pseudo_labels/weak_bg_confidence/coronacases_005_slice_0048.npy,/kaggle/working/scribble-uncertainty-lung-segmentation/outputs/uncertainty_maps/weak_bg_entropy/coronacases_005_slice_0048.npy,248,60246,0,0,4.032258138497724e-10,False
coronacases_005,49,/kaggle/working/scribble-uncertainty-lung-segmentation/data/pseudo_labels/weak_bg_entropy/coronacases_005_slice_0049.npy,/kaggle/working/scribble-uncertainty-lung-segmentation/data/pseudo_labels/weak_bg_confidence/coronacases_005_slice_0049.npy,/kaggle/working/scribble-uncertainty-lung-segmentation/outputs/uncertainty_maps/weak_bg_entropy/coronacases_005_slice_0049.npy,215,59962,0,0,4.6511627882495077e-10,False
coronacases_005,50,/kaggle/working/scribble-uncertainty-lung-segmentation/data/pseudo_labels/weak_bg_entropy/coronacases_005_slice_0050.npy,/kaggle/working/scribble-uncertainty-lung-segmentation/data/pseudo_labels/weak_bg_confidence/coronacases_005_slice_0050.npy,/kaggle/working/scribble-uncertainty-lung-segmentation/outputs/uncertainty_maps/weak_bg_entropy/coronacases_005_slice_0050.npy,146,59674,0,0,6.849315004053835e-10,False
coronacases_005,51,/kaggle/working/scribble-uncertainty-lung-segmentation/data/pseudo_labels/weak_bg_entropy/coronacases_005_slice_0051.npy,/kaggle/working/scribble-uncertainty-lung-segmentation/data/pseudo_labels/weak_bg_confidence/coronacases_005_slice_0051.npy,/kaggle/working/scribble-uncertainty-lung-segmentation/outputs/uncertainty_maps/weak_bg_entropy/coronacases_005_slice_0051.npy,212,59459,0,0,4.716981250041385e-10,False
coronacases_005,52,/kaggle/working/scribble-uncertainty-lung-segmentation/data/pseudo_labels/weak_bg_entropy/coronacases_005_slice_0052.npy,/kaggle/working/scribble-uncertainty-lung-segmentation/data/pseudo_labels/weak_bg_confidence/coronacases_005_slice_0052.npy,/kaggle/working/scribble-uncertainty-lung-segmentation/outputs/uncertainty_maps/weak_bg_entropy/coronacases_005_slice_0052.npy,227,59225,0,0,4.405286413433629e-10,False
coronacases_005,53,/kaggle/working/scribble-uncertainty-lung-segmentation/data/pseudo_labels/weak_bg_entropy/coronacases_005_slice_0053.npy,/kaggle/working/scribble-uncertainty-lung-segmentation/data/pseudo_labels/weak_bg_confidence/coronacases_005_slice_0053.npy,/kaggle/working/scribble-uncertainty-lung-segmentation/outputs/uncertainty_maps/weak_bg_entropy/coronacases_005_slice_0053.npy,253,58966,0,0,3.952569105347692e-10,False
coronacases_005,54,/kaggle/working/scribble-uncertainty-lung-segmentation/data/pseudo_labels/weak_bg_entropy/coronacases_005_slice_0054.npy,/kaggle/working/scribble-uncertainty-lung-segmentation/data/pseudo_labels/weak_bg_confidence/coronacases_005_slice_0054.npy,/kaggle/working/scribble-uncertainty-lung-segmentation/outputs/uncertainty_maps/weak_bg_entropy/coronacases_005_slice_0054.npy,288,58727,0,0,3.472222231959421e-10,False
coronacases_005,55,/kaggle/working/scribble-uncertainty-lung-segmentation/data/pseudo_labels/weak_bg_entropy/coronacases_005_slice_0055.npy,/kaggle/working/scribble-uncertainty-lung-segmentation/data/pseudo_labels/weak_bg_confidence/coronacases_005_slice_0055.npy,/kaggle/working/scribble-uncertainty-lung-segmentation/outputs/uncertainty_maps/weak_bg_entropy/coronacases_005_slice_0055.npy,153,58341,0,0,6.535947894015237e-10,False
coronacases_005,56,/kaggle/working/scribble-uncertainty-lung-segmentation/data/pseudo_labels/weak_bg_entropy/coronacases_005_slice_0056.npy,/kaggle/working/scribble-uncertainty-lung-segmentation/data/pseudo_labels/weak_bg_confidence/coronacases_005_slice_0056.npy,/kaggle/working/scribble-uncertainty-lung-segmentation/outputs/uncertainty_maps/weak_bg_entropy/coronacases_005_slice_0056.npy,166,58164,0,0,6.024096221857178e-10,False
coronacases_005,57,/kaggle/working/scribble-uncertainty-lung-segmentation/data/pseudo_labels/weak_bg_entropy/coronacases_005_slice_0057.npy,/kaggle/working/scribble-uncertainty-lung-segmentation/data/pseudo_labels/weak_bg_confidence/coronacases_005_slice_0057.npy,/kaggle/working/scribble-uncertainty-lung-segmentation/outputs/uncertainty_maps/weak_bg_entropy/coronacases_005_slice_0057.npy,245,58070,0,0,4.0816328095161225e-10,False
coronacases_005,58,/kaggle/working/scribble-uncertainty-lung-segmentation/data/pseudo_labels/weak_bg_entropy/coronacases_005_slice_0058.npy,/kaggle/working/scribble-uncertainty-lung-segmentation/data/pseudo_labels/weak_bg_confidence/coronacases_005_slice_0058.npy,/kaggle/working/scribble-uncertainty-lung-segmentation/outputs/uncertainty_maps/weak_bg_entropy/coronacases_005_slice_0058.npy,257,57825,0,0,3.8910505373301874e-10,False
coronacases_005,59,/kaggle/working/scribble-uncertainty-lung-segmentation/data/pseudo_labels/weak_bg_entropy/coronacases_005_slice_0059.npy,/kaggle/working/scribble-uncertainty-lung-segmentation/data/pseudo_labels/weak_bg_confidence/coronacases_005_slice_0059.npy,/kaggle/working/scribble-uncertainty-lung-segmentation/outputs/uncertainty_maps/weak_bg_entropy/coronacases_005_slice_0059.npy,299,57465,4,41,0.24117647111415863,True
coronacases_005,60,/kaggle/working/scribble-uncertainty-lung-segmentation/data/pseudo_labels/weak_bg_entropy/coronacases_005_slice_0060.npy,/kaggle/working/scribble-uncertainty-lung-segmentation/data/pseudo_labels/weak_bg_confidence/coronacases_005_slice_0060.npy,/kaggle/working/scribble-uncertainty-lung-segmentation/outputs/uncertainty_maps/weak_bg_entropy/coronacases_005_slice_0060.npy,312,57204,4,99,0.4720194637775421,True
coronacases_005,61,/kaggle/working/scribble-uncertainty-lung-segmentation/data/pseudo_labels/weak_bg_entropy/coronacases_005_slice_0061.npy,/kaggle/working/scribble-uncertainty-lung-segmentation/data/pseudo_labels/weak_bg_confidence/coronacases_005_slice_0061.npy,/kaggle/working/scribble-uncertainty-lung-segmentation/outputs/uncertainty_maps/weak_bg_entropy/coronacases_005_slice_0061.npy,342,56786,4,134,0.5252100825309753,True
coronacases_005,62,/kaggle/working/scribble-uncertainty-lung-segmentation/data/pseudo_labels/weak_bg_entropy/coronacases_005_slice_0062.npy,/kaggle/working/scribble-uncertainty-lung-segmentation/data/pseudo_labels/weak_bg_confidence/coronacases_005_slice_0062.npy,/kaggle/working/scribble-uncertainty-lung-segmentation/outputs/uncertainty_maps/weak_bg_entropy/coronacases_005_slice_0062.npy,434,56669,4,117,0.42105263471603394,True
coronacases_005,63,/kaggle/working/scribble-uncertainty-lung-segmentation/data/pseudo_labels/weak_bg_entropy/coronacases_005_slice_0063.npy,/kaggle/working/scribble-uncertainty-lung-segmentation/data/pseudo_labels/weak_bg_confidence/coronacases_005_slice_0063.npy,/kaggle/working/scribble-uncertainty-lung-segmentation/outputs/uncertainty_maps/weak_bg_entropy/coronacases_005_slice_0063.npy,424,56193,4,123,0.4131627082824707,True
coronacases_005,64,/kaggle/working/scribble-uncertainty-lung-segmentation/data/pseudo_labels/weak_bg_entropy/coronacases_005_slice_0064.npy,/kaggle/working/scribble-uncertainty-lung-segmentation/data/pseudo_labels/weak_bg_confidence/coronacases_005_slice_0064.npy,/kaggle/working/scribble-uncertainty-lung-segmentation/outputs/uncertainty_maps/weak_bg_entropy/coronacases_005_slice_0064.npy,410,55593,4,183,0.5733557939529419,True
coronacases_005,65,/kaggle/working/scribble-uncertainty-lung-segmentation/data/pseudo_labels/weak_bg_entropy/coronacases_005_slice_0065.npy,/kaggle/working/scribble-uncertainty-lung-segmentation/data/pseudo_labels/weak_bg_confidence/coronacases_005_slice_0065.npy,/kaggle/working/scribble-uncertainty-lung-segmentation/outputs/uncertainty_maps/weak_bg_entropy/coronacases_005_slice_0065.npy,432,54881,8,211,0.5567651391029358,True
coronacases_005,66,/kaggle/working/scribble-uncertainty-lung-segmentation/data/pseudo_labels/weak_bg_entropy/coronacases_005_slice_0066.npy,/kaggle/working/scribble-uncertainty-lung-segmentation/data/pseudo_labels/weak_bg_confidence/coronacases_005_slice_0066.npy,/kaggle/working/scribble-uncertainty-lung-segmentation/outputs/uncertainty_maps/weak_bg_entropy/coronacases_005_slice_0066.npy,366,54649,4,194,0.5857142806053162,True
coronacases_005,67,/kaggle/working/scribble-uncertainty-lung-segmentation/data/pseudo_labels/weak_bg_entropy/coronacases_005_slice_0067.npy,/kaggle/working/scribble-uncertainty-lung-segmentation/data/pseudo_labels/weak_bg_confidence/coronacases_005_slice_0067.npy,/kaggle/working/scribble-uncertainty-lung-segmentation/outputs/uncertainty_maps/weak_bg_entropy/coronacases_005_slice_0067.npy,295,54749,4,245,0.7333333492279053,True
coronacases_005,68,/kaggle/working/scribble-uncertainty-lung-segmentation/data/pseudo_labels/weak_bg_entropy/coronacases_005_slice_0068.npy,/kaggle/working/scribble-uncertainty-lung-segmentation/data/pseudo_labels/weak_bg_confidence/coronacases_005_slice_0068.npy,/kaggle/working/scribble-uncertainty-lung-segmentation/outputs/uncertainty_maps/weak_bg_entropy/coronacases_005_slice_0068.npy,352,54864,8,258,0.7081966996192932,True
coronacases_005,69,/kaggle/working/scribble-uncertainty-lung-segmentation/data/pseudo_labels/weak_bg_entropy/coronacases_005_slice_0069.npy,/kaggle/working/scribble-uncertainty-lung-segmentation/data/pseudo_labels/weak_bg_confidence/coronacases_005_slice_0069.npy,/kaggle/working/scribble-uncertainty-lung-segmentation/outputs/uncertainty_maps/weak_bg_entropy/coronacases_005_slice_0069.npy,531,54789,8,226,0.5521796345710754,True
coronacases_005,70,/kaggle/working/scribble-uncertainty-lung-segmentation/data/pseudo_labels/weak_bg_entropy/coronacases_005_slice_0070.npy,/kaggle/working/scribble-uncertainty-lung-segmentation/data/pseudo_labels/weak_bg_confidence/coronacases_005_slice_0070.npy,/kaggle/working/scribble-uncertainty-lung-segmentation/outputs/uncertainty_maps/weak_bg_entropy/coronacases_005_slice_0070.npy,465,54292,8,244,0.603667140007019,True
coronacases_005,71,/kaggle/working/scribble-uncertainty-lung-segmentation/data/pseudo_labels/weak_bg_entropy/coronacases_005_slice_0071.npy,/kaggle/working/scribble-uncertainty-lung-segmentation/data/pseudo_labels/weak_bg_confidence/coronacases_005_slice_0071.npy,/kaggle/working/scribble-uncertainty-lung-segmentation/outputs/uncertainty_maps/weak_bg_entropy/coronacases_005_slice_0071.npy,566,54593,13,297,0.593279242515564,True
coronacases_005,72,/kaggle/working/scribble-uncertainty-lung-segmentation/data/pseudo_labels/weak_bg_entropy/coronacases_005_slice_0072.npy,/kaggle/working/scribble-uncertainty-lung-segmentation/data/pseudo_labels/weak_bg_confidence/coronacases_005_slice_0072.npy,/kaggle/working/scribble-uncertainty-lung-segmentation/outputs/uncertainty_maps/weak_bg_entropy/coronacases_005_slice_0072.npy,458,54842,16,333,0.7155499458312988,True
coronacases_005,73,/kaggle/working/scribble-uncertainty-lung-segmentation/data/pseudo_labels/weak_bg_entropy/coronacases_005_slice_0073.npy,/kaggle/working/scribble-uncertainty-lung-segmentation/data/pseudo_labels/weak_bg_confidence/coronacases_005_slice_0073.npy,/kaggle/working/scribble-uncertainty-lung-segmentation/outputs/uncertainty_maps/weak_bg_entropy/coronacases_005_slice_0073.npy,438,55045,8,403,0.7586206793785095,True
coronacases_005,74,/kaggle/working/scribble-uncertainty-lung-segmentation/data/pseudo_labels/weak_bg_entropy/coronacases_005_slice_0074.npy,/kaggle/working/scribble-uncertainty-lung-segmentation/data/pseudo_labels/weak_bg_confidence/coronacases_005_slice_0074.npy,/kaggle/working/scribble-uncertainty-lung-segmentation/outputs/uncertainty_maps/weak_bg_entropy/coronacases_005_slice_0074.npy,414,55362,11,427,0.7609987854957581,True
coronacases_005,75,/kaggle/working/scribble-uncertainty-lung-segmentation/data/pseudo_labels/weak_bg_entropy/coronacases_005_slice_0075.npy,/kaggle/working/scribble-uncertainty-lung-segmentation/data/pseudo_labels/weak_bg_confidence/coronacases_005_slice_0075.npy,/kaggle/working/scribble-uncertainty-lung-segmentation/outputs/uncertainty_maps/weak_bg_entropy/coronacases_005_slice_0075.npy,407,54611,11,441,0.7783018946647644,True
coronacases_005,76,/kaggle/working/scribble-uncertainty-lung-segmentation/data/pseudo_labels/weak_bg_entropy/coronacases_005_slice_0076.npy,/kaggle/working/scribble-uncertainty-lung-segmentation/data/pseudo_labels/weak_bg_confidence/coronacases_005_slice_0076.npy,/kaggle/working/scribble-uncertainty-lung-segmentation/outputs/uncertainty_maps/weak_bg_entropy/coronacases_005_slice_0076.npy,479,53959,12,437,0.8056768774986267,True
coronacases_005,77,/kaggle/working/scribble-uncertainty-lung-segmentation/data/pseudo_labels/weak_bg_entropy/coronacases_005_slice_0077.npy,/kaggle/working/scribble-uncertainty-lung-segmentation/data/pseudo_labels/weak_bg_confidence/coronacases_005_slice_0077.npy,/kaggle/working/scribble-uncertainty-lung-segmentation/outputs/uncertainty_maps/weak_bg_entropy/coronacases_005_slice_0077.npy,564,53985,16,463,0.7828627228736877,True
coronacases_005,78,/kaggle/working/scribble-uncertainty-lung-segmentation/data/pseudo_labels/weak_bg_entropy/coronacases_005_slice_0078.npy,/kaggle/working/scribble-uncertainty-lung-segmentation/data/pseudo_labels/weak_bg_confidence/coronacases_005_slice_0078.npy,/kaggle/working/scribble-uncertainty-lung-segmentation/outputs/uncertainty_maps/weak_bg_entropy/coronacases_005_slice_0078.npy,540,53673,19,443,0.8036622405052185,True
coronacases_005,79,/kaggle/working/scribble-uncertainty-lung-segmentation/data/pseudo_labels/weak_bg_entropy/coronacases_005_slice_0079.npy,/kaggle/working/scribble-uncertainty-lung-segmentation/data/pseudo_labels/weak_bg_confidence/coronacases_005_slice_0079.npy,/kaggle/working/scribble-uncertainty-lung-segmentation/outputs/uncertainty_maps/weak_bg_entropy/coronacases_005_slice_0079.npy,720,53658,12,471,0.732157826423645,True
coronacases_005,80,/kaggle/working/scribble-uncertainty-lung-segmentation/data/pseudo_labels/weak_bg_entropy/coronacases_005_slice_0080.npy,/kaggle/working/scribble-uncertainty-lung-segmentation/data/pseudo_labels/weak_bg_confidence/coronacases_005_slice_0080.npy,/kaggle/working/scribble-uncertainty-lung-segmentation/outputs/uncertainty_maps/weak_bg_entropy/coronacases_005_slice_0080.npy,726,53460,12,453,0.6802374720573425,True
coronacases_005,81,/kaggle/working/scribble-uncertainty-lung-segmentation/data/pseudo_labels/weak_bg_entropy/coronacases_005_slice_0081.npy,/kaggle/working/scribble-uncertainty-lung-segmentation/data/pseudo_labels/weak_bg_confidence/coronacases_005_slice_0081.npy,/kaggle/working/scribble-uncertainty-lung-segmentation/outputs/uncertainty_maps/weak_bg_entropy/coronacases_005_slice_0081.npy,667,53221,12,472,0.7603160738945007,True
coronacases_005,82,/kaggle/working/scribble-uncertainty-lung-segmentation/data/pseudo_labels/weak_bg_entropy/coronacases_005_slice_0082.npy,/kaggle/working/scribble-uncertainty-lung-segmentation/data/pseudo_labels/weak_bg_confidence/coronacases_005_slice_0082.npy,/kaggle/working/scribble-uncertainty-lung-segmentation/outputs/uncertainty_maps/weak_bg_entropy/coronacases_005_slice_0082.npy,604,53128,12,497,0.8065395355224609,True
coronacases_005,83,/kaggle/working/scribble-uncertainty-lung-segmentation/data/pseudo_labels/weak_bg_entropy/coronacases_005_slice_0083.npy,/kaggle/working/scribble-uncertainty-lung-segmentation/data/pseudo_labels/weak_bg_confidence/coronacases_005_slice_0083.npy,/kaggle/working/scribble-uncertainty-lung-segmentation/outputs/uncertainty_maps/weak_bg_entropy/coronacases_005_slice_0083.npy,638,53204,16,493,0.7656940817832947,True
coronacases_005,84,/kaggle/working/scribble-uncertainty-lung-segmentation/data/pseudo_labels/weak_bg_entropy/coronacases_005_slice_0084.npy,/kaggle/working/scribble-uncertainty-lung-segmentation/data/pseudo_labels/weak_bg_confidence/coronacases_005_slice_0084.npy,/kaggle/working/scribble-uncertainty-lung-segmentation/outputs/uncertainty_maps/weak_bg_entropy/coronacases_005_slice_0084.npy,638,53182,12,463,0.7538601160049438,True
coronacases_005,85,/kaggle/working/scribble-uncertainty-lung-segmentation/data/pseudo_labels/weak_bg_entropy/coronacases_005_slice_0085.npy,/kaggle/working/scribble-uncertainty-lung-segmentation/data/pseudo_labels/weak_bg_confidence/coronacases_005_slice_0085.npy,/kaggle/working/scribble-uncertainty-lung-segmentation/outputs/uncertainty_maps/weak_bg_entropy/coronacases_005_slice_0085.npy,677,53189,6,513,0.7058823704719543,True
coronacases_005,86,/kaggle/working/scribble-uncertainty-lung-segmentation/data/pseudo_labels/weak_bg_entropy/coronacases_005_slice_0086.npy,/kaggle/working/scribble-uncertainty-lung-segmentation/data/pseudo_labels/weak_bg_confidence/coronacases_005_slice_0086.npy,/kaggle/working/scribble-uncertainty-lung-segmentation/outputs/uncertainty_maps/weak_bg_entropy/coronacases_005_slice_0086.npy,642,53144,12,480,0.7023172974586487,True
coronacases_005,87,/kaggle/working/scribble-uncertainty-lung-segmentation/data/pseudo_labels/weak_bg_entropy/coronacases_005_slice_0087.npy,/kaggle/working/scribble-uncertainty-lung-segmentation/data/pseudo_labels/weak_bg_confidence/coronacases_005_slice_0087.npy,/kaggle/working/scribble-uncertainty-lung-segmentation/outputs/uncertainty_maps/weak_bg_entropy/coronacases_005_slice_0087.npy,651,53263,4,500,0.7315378189086914,True
coronacases_005,88,/kaggle/working/scribble-uncertainty-lung-segmentation/data/pseudo_labels/weak_bg_entropy/coronacases_005_slice_0088.npy,/kaggle/working/scribble-uncertainty-lung-segmentation/data/pseudo_labels/weak_bg_confidence/coronacases_005_slice_0088.npy,/kaggle/working/scribble-uncertainty-lung-segmentation/outputs/uncertainty_maps/weak_bg_entropy/coronacases_005_slice_0088.npy,563,53209,13,537,0.7763636112213135,True
coronacases_005,89,/kaggle/working/scribble-uncertainty-lung-segmentation/data/pseudo_labels/weak_bg_entropy/coronacases_005_slice_0089.npy,/kaggle/working/scribble-uncertainty-lung-segmentation/data/pseudo_labels/weak_bg_confidence/coronacases_005_slice_0089.npy,/kaggle/working/scribble-uncertainty-lung-segmentation/outputs/uncertainty_maps/weak_bg_entropy/coronacases_005_slice_0089.npy,576,53149,16,514,0.7724770903587341,True
coronacases_005,90,/kaggle/working/scribble-uncertainty-lung-segmentation/data/pseudo_labels/weak_bg_entropy/coronacases_005_slice_0090.npy,/kaggle/working/scribble-uncertainty-lung-segmentation/data/pseudo_labels/weak_bg_confidence/coronacases_005_slice_0090.npy,/kaggle/working/scribble-uncertainty-lung-segmentation/outputs/uncertainty_maps/weak_bg_entropy/coronacases_005_slice_0090.npy,624,53138,4,534,0.7651122808456421,True
coronacases_005,91,/kaggle/working/scribble-uncertainty-lung-segmentation/data/pseudo_labels/weak_bg_entropy/coronacases_005_slice_0091.npy,/kaggle/working/scribble-uncertainty-lung-segmentation/data/pseudo_labels/weak_bg_confidence/coronacases_005_slice_0091.npy,/kaggle/working/scribble-uncertainty-lung-segmentation/outputs/uncertainty_maps/weak_bg_entropy/coronacases_005_slice_0091.npy,660,53205,8,532,0.7533556818962097,True
coronacases_005,92,/kaggle/working/scribble-uncertainty-lung-segmentation/data/pseudo_labels/weak_bg_entropy/coronacases_005_slice_0092.npy,/kaggle/working/scribble-uncertainty-lung-segmentation/data/pseudo_labels/weak_bg_confidence/coronacases_005_slice_0092.npy,/kaggle/working/scribble-uncertainty-lung-segmentation/outputs/uncertainty_maps/weak_bg_entropy/coronacases_005_slice_0092.npy,693,53264,12,521,0.7298187613487244,True
coronacases_005,93,/kaggle/working/scribble-uncertainty-lung-segmentation/data/pseudo_labels/weak_bg_entropy/coronacases_005_slice_0093.npy,/kaggle/working/scribble-uncertainty-lung-segmentation/data/pseudo_labels/weak_bg_confidence/coronacases_005_slice_0093.npy,/kaggle/working/scribble-uncertainty-lung-segmentation/outputs/uncertainty_maps/weak_bg_entropy/coronacases_005_slice_0093.npy,709,53248,16,516,0.690612256526947,True
coronacases_005,94,/kaggle/working/scribble-uncertainty-lung-segmentation/data/pseudo_labels/weak_bg_entropy/coronacases_005_slice_0094.npy,/kaggle/working/scribble-uncertainty-lung-segmentation/data/pseudo_labels/weak_bg_confidence/coronacases_005_slice_0094.npy,/kaggle/working/scribble-uncertainty-lung-segmentation/outputs/uncertainty_maps/weak_bg_entropy/coronacases_005_slice_0094.npy,662,53121,15,543,0.6970954537391663,True
coronacases_005,95,/kaggle/working/scribble-uncertainty-lung-segmentation/data/pseudo_labels/weak_bg_entropy/coronacases_005_slice_0095.npy,/kaggle/working/scribble-uncertainty-lung-segmentation/data/pseudo_labels/weak_bg_confidence/coronacases_005_slice_0095.npy,/kaggle/working/scribble-uncertainty-lung-segmentation/outputs/uncertainty_maps/weak_bg_entropy/coronacases_005_slice_0095.npy,587,53089,23,552,0.7708516120910645,True
coronacases_005,96,/kaggle/working/scribble-uncertainty-lung-segmentation/data/pseudo_labels/weak_bg_entropy/coronacases_005_slice_0096.npy,/kaggle/working/scribble-uncertainty-lung-segmentation/data/pseudo_labels/weak_bg_confidence/coronacases_005_slice_0096.npy,/kaggle/working/scribble-uncertainty-lung-segmentation/outputs/uncertainty_maps/weak_bg_entropy/coronacases_005_slice_0096.npy,605,53098,12,573,0.7589133977890015,True
coronacases_005,97,/kaggle/working/scribble-uncertainty-lung-segmentation/data/pseudo_labels/weak_bg_entropy/coronacases_005_slice_0097.npy,/kaggle/working/scribble-uncertainty-lung-segmentation/data/pseudo_labels/weak_bg_confidence/coronacases_005_slice_0097.npy,/kaggle/working/scribble-uncertainty-lung-segmentation/outputs/uncertainty_maps/weak_bg_entropy/coronacases_005_slice_0097.npy,653,53147,12,551,0.7491694092750549,True
coronacases_005,98,/kaggle/working/scribble-uncertainty-lung-segmentation/data/pseudo_labels/weak_bg_entropy/coronacases_005_slice_0098.npy,/kaggle/working/scribble-uncertainty-lung-segmentation/data/pseudo_labels/weak_bg_confidence/coronacases_005_slice_0098.npy,/kaggle/working/scribble-uncertainty-lung-segmentation/outputs/uncertainty_maps/weak_bg_entropy/coronacases_005_slice_0098.npy,540,53138,14,554,0.7659963369369507,True
coronacases_005,99,/kaggle/working/scribble-uncertainty-lung-segmentation/data/pseudo_labels/weak_bg_entropy/coronacases_005_slice_0099.npy,/kaggle/working/scribble-uncertainty-lung-segmentation/data/pseudo_labels/weak_bg_confidence/coronacases_005_slice_0099.npy,/kaggle/working/scribble-uncertainty-lung-segmentation/outputs/uncertainty_maps/weak_bg_entropy/coronacases_005_slice_0099.npy,545,53278,12,484,0.7521865963935852,True
coronacases_005,100,/kaggle/working/scribble-uncertainty-lung-segmentation/data/pseudo_labels/weak_bg_entropy/coronacases_005_slice_0100.npy,/kaggle/working/scribble-uncertainty-lung-segmentation/data/pseudo_labels/weak_bg_confidence/coronacases_005_slice_0100.npy,/kaggle/working/scribble-uncertainty-lung-segmentation/outputs/uncertainty_maps/weak_bg_entropy/coronacases_005_slice_0100.npy,588,53314,16,544,0.7190812826156616,True
coronacases_005,101,/kaggle/working/scribble-uncertainty-lung-segmentation/data/pseudo_labels/weak_bg_entropy/coronacases_005_slice_0101.npy,/kaggle/working/scribble-uncertainty-lung-segmentation/data/pseudo_labels/weak_bg_confidence/coronacases_005_slice_0101.npy,/kaggle/working/scribble-uncertainty-lung-segmentation/outputs/uncertainty_maps/weak_bg_entropy/coronacases_005_slice_0101.npy,575,53185,22,599,0.7376490831375122,True
coronacases_005,102,/kaggle/working/scribble-uncertainty-lung-segmentation/data/pseudo_labels/weak_bg_entropy/coronacases_005_slice_0102.npy,/kaggle/working/scribble-uncertainty-lung-segmentation/data/pseudo_labels/weak_bg_confidence/coronacases_005_slice_0102.npy,/kaggle/working/scribble-uncertainty-lung-segmentation/outputs/uncertainty_maps/weak_bg_entropy/coronacases_005_slice_0102.npy,556,53200,24,536,0.7857142686843872,True
coronacases_005,103,/kaggle/working/scribble-uncertainty-lung-segmentation/data/pseudo_labels/weak_bg_entropy/coronacases_005_slice_0103.npy,/kaggle/working/scribble-uncertainty-lung-segmentation/data/pseudo_labels/weak_bg_confidence/coronacases_005_slice_0103.npy,/kaggle/working/scribble-uncertainty-lung-segmentation/outputs/uncertainty_maps/weak_bg_entropy/coronacases_005_slice_0103.npy,577,53150,18,550,0.8021295666694641,True
coronacases_005,104,/kaggle/working/scribble-uncertainty-lung-segmentation/data/pseudo_labels/weak_bg_entropy/coronacases_005_slice_0104.npy,/kaggle/working/scribble-uncertainty-lung-segmentation/data/pseudo_labels/weak_bg_confidence/coronacases_005_slice_0104.npy,/kaggle/working/scribble-uncertainty-lung-segmentation/outputs/uncertainty_maps/weak_bg_entropy/coronacases_005_slice_0104.npy,756,53410,19,626,0.6989869475364685,True
coronacases_005,105,/kaggle/working/scribble-uncertainty-lung-segmentation/data/pseudo_labels/weak_bg_entropy/coronacases_005_slice_0105.npy,/kaggle/working/scribble-uncertainty-lung-segmentation/data/pseudo_labels/weak_bg_confidence/coronacases_005_slice_0105.npy,/kaggle/working/scribble-uncertainty-lung-segmentation/outputs/uncertainty_maps/weak_bg_entropy/coronacases_005_slice_0105.npy,871,53718,26,655,0.6775884628295898,True
coronacases_005,106,/kaggle/working/scribble-uncertainty-lung-segmentation/data/pseudo_labels/weak_bg_entropy/coronacases_005_slice_0106.npy,/kaggle/working/scribble-uncertainty-lung-segmentation/data/pseudo_labels/weak_bg_confidence/coronacases_005_slice_0106.npy,/kaggle/working/scribble-uncertainty-lung-segmentation/outputs/uncertainty_maps/weak_bg_entropy/coronacases_005_slice_0106.npy,806,53656,28,713,0.7254772782325745,True
coronacases_005,107,/kaggle/working/scribble-uncertainty-lung-segmentation/data/pseudo_labels/weak_bg_entropy/coronacases_005_slice_0107.npy,/kaggle/working/scribble-uncertainty-lung-segmentation/data/pseudo_labels/weak_bg_confidence/coronacases_005_slice_0107.npy,/kaggle/working/scribble-uncertainty-lung-segmentation/outputs/uncertainty_maps/weak_bg_entropy/coronacases_005_slice_0107.npy,653,53791,27,655,0.8027523159980774,True
coronacases_005,108,/kaggle/working/scribble-uncertainty-lung-segmentation/data/pseudo_labels/weak_bg_entropy/coronacases_005_slice_0108.npy,/kaggle/working/scribble-uncertainty-lung-segmentation/data/pseudo_labels/weak_bg_confidence/coronacases_005_slice_0108.npy,/kaggle/working/scribble-uncertainty-lung-segmentation/outputs/uncertainty_maps/weak_bg_entropy/coronacases_005_slice_0108.npy,654,53799,22,691,0.7687732577323914,True
coronacases_005,109,/kaggle/working/scribble-uncertainty-lung-segmentation/data/pseudo_labels/weak_bg_entropy/coronacases_005_slice_0109.npy,/kaggle/working/scribble-uncertainty-lung-segmentation/data/pseudo_labels/weak_bg_confidence/coronacases_005_slice_0109.npy,/kaggle/working/scribble-uncertainty-lung-segmentation/outputs/uncertainty_maps/weak_bg_entropy/coronacases_005_slice_0109.npy,725,53913,26,729,0.7262723445892334,True
coronacases_005,110,/kaggle/working/scribble-uncertainty-lung-segmentation/data/pseudo_labels/weak_bg_entropy/coronacases_005_slice_0110.npy,/kaggle/working/scribble-uncertainty-lung-segmentation/data/pseudo_labels/weak_bg_confidence/coronacases_005_slice_0110.npy,/kaggle/working/scribble-uncertainty-lung-segmentation/outputs/uncertainty_maps/weak_bg_entropy/coronacases_005_slice_0110.npy,572,53753,27,732,0.7561349868774414,True
coronacases_005,111,/kaggle/working/scribble-uncertainty-lung-segmentation/data/pseudo_labels/weak_bg_entropy/coronacases_005_slice_0111.npy,/kaggle/working/scribble-uncertainty-lung-segmentation/data/pseudo_labels/weak_bg_confidence/coronacases_005_slice_0111.npy,/kaggle/working/scribble-uncertainty-lung-segmentation/outputs/uncertainty_maps/weak_bg_entropy/coronacases_005_slice_0111.npy,644,53979,24,680,0.7900302410125732,True
coronacases_005,112,/kaggle/working/scribble-uncertainty-lung-segmentation/data/pseudo_labels/weak_bg_entropy/coronacases_005_slice_0112.npy,/kaggle/working/scribble-uncertainty-lung-segmentation/data/pseudo_labels/weak_bg_confidence/coronacases_005_slice_0112.npy,/kaggle/working/scribble-uncertainty-lung-segmentation/outputs/uncertainty_maps/weak_bg_entropy/coronacases_005_slice_0112.npy,683,53945,24,564,0.7987169027328491,True
coronacases_005,113,/kaggle/working/scribble-uncertainty-lung-segmentation/data/pseudo_labels/weak_bg_entropy/coronacases_005_slice_0113.npy,/kaggle/working/scribble-uncertainty-lung-segmentation/data/pseudo_labels/weak_bg_confidence/coronacases_005_slice_0113.npy,/kaggle/working/scribble-uncertainty-lung-segmentation/outputs/uncertainty_maps/weak_bg_entropy/coronacases_005_slice_0113.npy,637,54079,25,574,0.8521882891654968,True
coronacases_005,114,/kaggle/working/scribble-uncertainty-lung-segmentation/data/pseudo_labels/weak_bg_entropy/coronacases_005_slice_0114.npy,/kaggle/working/scribble-uncertainty-lung-segmentation/data/pseudo_labels/weak_bg_confidence/coronacases_005_slice_0114.npy,/kaggle/working/scribble-uncertainty-lung-segmentation/outputs/uncertainty_maps/weak_bg_entropy/coronacases_005_slice_0114.npy,704,54174,24,569,0.8106834292411804,True
coronacases_005,115,/kaggle/working/scribble-uncertainty-lung-segmentation/data/pseudo_labels/weak_bg_entropy/coronacases_005_slice_0115.npy,/kaggle/working/scribble-uncertainty-lung-segmentation/data/pseudo_labels/weak_bg_confidence/coronacases_005_slice_0115.npy,/kaggle/working/scribble-uncertainty-lung-segmentation/outputs/uncertainty_maps/weak_bg_entropy/coronacases_005_slice_0115.npy,866,54386,28,585,0.713990330696106,True
coronacases_005,116,/kaggle/working/scribble-uncertainty-lung-segmentation/data/pseudo_labels/weak_bg_entropy/coronacases_005_slice_0116.npy,/kaggle/working/scribble-uncertainty-lung-segmentation/data/pseudo_labels/weak_bg_confidence/coronacases_005_slice_0116.npy,/kaggle/working/scribble-uncertainty-lung-segmentation/outputs/uncertainty_maps/weak_bg_entropy/coronacases_005_slice_0116.npy,838,54348,26,567,0.7003558874130249,True
coronacases_005,117,/kaggle/working/scribble-uncertainty-lung-segmentation/data/pseudo_labels/weak_bg_entropy/coronacases_005_slice_0117.npy,/kaggle/working/scribble-uncertainty-lung-segmentation/data/pseudo_labels/weak_bg_confidence/coronacases_005_slice_0117.npy,/kaggle/working/scribble-uncertainty-lung-segmentation/outputs/uncertainty_maps/weak_bg_entropy/coronacases_005_slice_0117.npy,881,54423,22,506,0.647440493106842,True
coronacases_005,118,/kaggle/working/scribble-uncertainty-lung-segmentation/data/pseudo_labels/weak_bg_entropy/coronacases_005_slice_0118.npy,/kaggle/working/scribble-uncertainty-lung-segmentation/data/pseudo_labels/weak_bg_confidence/coronacases_005_slice_0118.npy,/kaggle/working/scribble-uncertainty-lung-segmentation/outputs/uncertainty_maps/weak_bg_entropy/coronacases_005_slice_0118.npy,946,54438,32,598,0.6515544056892395,True
coronacases_005,119,/kaggle/working/scribble-uncertainty-lung-segmentation/data/pseudo_labels/weak_bg_entropy/coronacases_005_slice_0119.npy,/kaggle/working/scribble-uncertainty-lung-segmentation/data/pseudo_labels/weak_bg_confidence/coronacases_005_slice_0119.npy,/kaggle/working/scribble-uncertainty-lung-segmentation/outputs/uncertainty_maps/weak_bg_entropy/coronacases_005_slice_0119.npy,932,54381,27,549,0.6657663583755493,True
coronacases_005,120,/kaggle/working/scribble-uncertainty-lung-segmentation/data/pseudo_labels/weak_bg_entropy/coronacases_005_slice_0120.npy,/kaggle/working/scribble-uncertainty-lung-segmentation/data/pseudo_labels/weak_bg_confidence/coronacases_005_slice_0120.npy,/kaggle/working/scribble-uncertainty-lung-segmentation/outputs/uncertainty_maps/weak_bg_entropy/coronacases_005_slice_0120.npy,794,54192,26,499,0.6945089101791382,True
coronacases_005,121,/kaggle/working/scribble-uncertainty-lung-segmentation/data/pseudo_labels/weak_bg_entropy/coronacases_005_slice_0121.npy,/kaggle/working/scribble-uncertainty-lung-segmentation/data/pseudo_labels/weak_bg_confidence/coronacases_005_slice_0121.npy,/kaggle/working/scribble-uncertainty-lung-segmentation/outputs/uncertainty_maps/weak_bg_entropy/coronacases_005_slice_0121.npy,797,54191,25,568,0.7223443388938904,True
coronacases_005,122,/kaggle/working/scribble-uncertainty-lung-segmentation/data/pseudo_labels/weak_bg_entropy/coronacases_005_slice_0122.npy,/kaggle/working/scribble-uncertainty-lung-segmentation/data/pseudo_labels/weak_bg_confidence/coronacases_005_slice_0122.npy,/kaggle/working/scribble-uncertainty-lung-segmentation/outputs/uncertainty_maps/weak_bg_entropy/coronacases_005_slice_0122.npy,844,54152,24,560,0.6894586682319641,True
coronacases_005,123,/kaggle/working/scribble-uncertainty-lung-segmentation/data/pseudo_labels/weak_bg_entropy/coronacases_005_slice_0123.npy,/kaggle/working/scribble-uncertainty-lung-segmentation/data/pseudo_labels/weak_bg_confidence/coronacases_005_slice_0123.npy,/kaggle/working/scribble-uncertainty-lung-segmentation/outputs/uncertainty_maps/weak_bg_entropy/coronacases_005_slice_0123.npy,817,54143,29,602,0.6976743936538696,True
coronacases_005,124,/kaggle/working/scribble-uncertainty-lung-segmentation/data/pseudo_labels/weak_bg_entropy/coronacases_005_slice_0124.npy,/kaggle/working/scribble-uncertainty-lung-segmentation/data/pseudo_labels/weak_bg_confidence/coronacases_005_slice_0124.npy,/kaggle/working/scribble-uncertainty-lung-segmentation/outputs/uncertainty_maps/weak_bg_entropy/coronacases_005_slice_0124.npy,745,54113,28,546,0.7637490034103394,True
coronacases_005,125,/kaggle/working/scribble-uncertainty-lung-segmentation/data/pseudo_labels/weak_bg_entropy/coronacases_005_slice_0125.npy,/kaggle/working/scribble-uncertainty-lung-segmentation/data/pseudo_labels/weak_bg_confidence/coronacases_005_slice_0125.npy,/kaggle/working/scribble-uncertainty-lung-segmentation/outputs/uncertainty_maps/weak_bg_entropy/coronacases_005_slice_0125.npy,859,54066,24,540,0.7005003690719604,True
coronacases_005,126,/kaggle/working/scribble-uncertainty-lung-segmentation/data/pseudo_labels/weak_bg_entropy/coronacases_005_slice_0126.npy,/kaggle/working/scribble-uncertainty-lung-segmentation/data/pseudo_labels/weak_bg_confidence/coronacases_005_slice_0126.npy,/kaggle/working/scribble-uncertainty-lung-segmentation/outputs/uncertainty_maps/weak_bg_entropy/coronacases_005_slice_0126.npy,847,54061,28,570,0.7254763841629028,True
coronacases_005,127,/kaggle/working/scribble-uncertainty-lung-segmentation/data/pseudo_labels/weak_bg_entropy/coronacases_005_slice_0127.npy,/kaggle/working/scribble-uncertainty-lung-segmentation/data/pseudo_labels/weak_bg_confidence/coronacases_005_slice_0127.npy,/kaggle/working/scribble-uncertainty-lung-segmentation/outputs/uncertainty_maps/weak_bg_entropy/coronacases_005_slice_0127.npy,760,54109,28,432,0.6375839114189148,True
coronacases_005,128,/kaggle/working/scribble-uncertainty-lung-segmentation/data/pseudo_labels/weak_bg_entropy/coronacases_005_slice_0128.npy,/kaggle/working/scribble-uncertainty-lung-segmentation/data/pseudo_labels/weak_bg_confidence/coronacases_005_slice_0128.npy,/kaggle/working/scribble-uncertainty-lung-segmentation/outputs/uncertainty_maps/weak_bg_entropy/coronacases_005_slice_0128.npy,657,54058,28,406,0.6246472001075745,True
coronacases_005,129,/kaggle/working/scribble-uncertainty-lung-segmentation/data/pseudo_labels/weak_bg_entropy/coronacases_005_slice_0129.npy,/kaggle/working/scribble-uncertainty-lung-segmentation/data/pseudo_labels/weak_bg_confidence/coronacases_005_slice_0129.npy,/kaggle/working/scribble-uncertainty-lung-segmentation/outputs/uncertainty_maps/weak_bg_entropy/coronacases_005_slice_0129.npy,589,53981,23,393,0.6619144678115845,True
coronacases_005,130,/kaggle/working/scribble-uncertainty-lung-segmentation/data/pseudo_labels/weak_bg_entropy/coronacases_005_slice_0130.npy,/kaggle/working/scribble-uncertainty-lung-segmentation/data/pseudo_labels/weak_bg_confidence/coronacases_005_slice_0130.npy,/kaggle/working/scribble-uncertainty-lung-segmentation/outputs/uncertainty_maps/weak_bg_entropy/coronacases_005_slice_0130.npy,652,54058,21,334,0.5963488817214966,True
coronacases_005,131,/kaggle/working/scribble-uncertainty-lung-segmentation/data/pseudo_labels/weak_bg_entropy/coronacases_005_slice_0131.npy,/kaggle/working/scribble-uncertainty-lung-segmentation/data/pseudo_labels/weak_bg_confidence/coronacases_005_slice_0131.npy,/kaggle/working/scribble-uncertainty-lung-segmentation/outputs/uncertainty_maps/weak_bg_entropy/coronacases_005_slice_0131.npy,570,54086,22,309,0.6507394909858704,True
coronacases_005,132,/kaggle/working/scribble-uncertainty-lung-segmentation/data/pseudo_labels/weak_bg_entropy/coronacases_005_slice_0132.npy,/kaggle/working/scribble-uncertainty-lung-segmentation/data/pseudo_labels/weak_bg_confidence/coronacases_005_slice_0132.npy,/kaggle/working/scribble-uncertainty-lung-segmentation/outputs/uncertainty_maps/weak_bg_entropy/coronacases_005_slice_0132.npy,745,54301,19,327,0.5858209133148193,True
coronacases_005,133,/kaggle/working/scribble-uncertainty-lung-segmentation/data/pseudo_labels/weak_bg_entropy/coronacases_005_slice_0133.npy,/kaggle/working/scribble-uncertainty-lung-segmentation/data/pseudo_labels/weak_bg_confidence/coronacases_005_slice_0133.npy,/kaggle/working/scribble-uncertainty-lung-segmentation/outputs/uncertainty_maps/weak_bg_entropy/coronacases_005_slice_0133.npy,632,54145,23,320,0.6491596698760986,True
coronacases_005,134,/kaggle/working/scribble-uncertainty-lung-segmentation/data/pseudo_labels/weak_bg_entropy/coronacases_005_slice_0134.npy,/kaggle/working/scribble-uncertainty-lung-segmentation/data/pseudo_labels/weak_bg_confidence/coronacases_005_slice_0134.npy,/kaggle/working/scribble-uncertainty-lung-segmentation/outputs/uncertainty_maps/weak_bg_entropy/coronacases_005_slice_0134.npy,599,54324,14,373,0.7160493731498718,True
coronacases_005,135,/kaggle/working/scribble-uncertainty-lung-segmentation/data/pseudo_labels/weak_bg_entropy/coronacases_005_slice_0135.npy,/kaggle/working/scribble-uncertainty-lung-segmentation/data/pseudo_labels/weak_bg_confidence/coronacases_005_slice_0135.npy,/kaggle/working/scribble-uncertainty-lung-segmentation/outputs/uncertainty_maps/weak_bg_entropy/coronacases_005_slice_0135.npy,618,54465,18,356,0.7002053260803223,True
coronacases_005,136,/kaggle/working/scribble-uncertainty-lung-segmentation/data/pseudo_labels/weak_bg_entropy/coronacases_005_slice_0136.npy,/kaggle/working/scribble-uncertainty-lung-segmentation/data/pseudo_labels/weak_bg_confidence/coronacases_005_slice_0136.npy,/kaggle/working/scribble-uncertainty-lung-segmentation/outputs/uncertainty_maps/weak_bg_entropy/coronacases_005_slice_0136.npy,596,54238,25,347,0.6808059215545654,True
coronacases_005,137,/kaggle/working/scribble-uncertainty-lung-segmentation/data/pseudo_labels/weak_bg_entropy/coronacases_005_slice_0137.npy,/kaggle/working/scribble-uncertainty-lung-segmentation/data/pseudo_labels/weak_bg_confidence/coronacases_005_slice_0137.npy,/kaggle/working/scribble-uncertainty-lung-segmentation/outputs/uncertainty_maps/weak_bg_entropy/coronacases_005_slice_0137.npy,579,54422,31,421,0.6980000138282776,True
coronacases_005,138,/kaggle/working/scribble-uncertainty-lung-segmentation/data/pseudo_labels/weak_bg_entropy/coronacases_005_slice_0138.npy,/kaggle/working/scribble-uncertainty-lung-segmentation/data/pseudo_labels/weak_bg_confidence/coronacases_005_slice_0138.npy,/kaggle/working/scribble-uncertainty-lung-segmentation/outputs/uncertainty_maps/weak_bg_entropy/coronacases_005_slice_0138.npy,559,54386,19,379,0.7420042753219604,True
coronacases_005,139,/kaggle/working/scribble-uncertainty-lung-segmentation/data/pseudo_labels/weak_bg_entropy/coronacases_005_slice_0139.npy,/kaggle/working/scribble-uncertainty-lung-segmentation/data/pseudo_labels/weak_bg_confidence/coronacases_005_slice_0139.npy,/kaggle/working/scribble-uncertainty-lung-segmentation/outputs/uncertainty_maps/weak_bg_entropy/coronacases_005_slice_0139.npy,536,54080,18,387,0.7908992171287537,True
coronacases_005,140,/kaggle/working/scribble-uncertainty-lung-segmentation/data/pseudo_labels/weak_bg_entropy/coronacases_005_slice_0140.npy,/kaggle/working/scribble-uncertainty-lung-segmentation/data/pseudo_labels/weak_bg_confidence/coronacases_005_slice_0140.npy,/kaggle/working/scribble-uncertainty-lung-segmentation/outputs/uncertainty_maps/weak_bg_entropy/coronacases_005_slice_0140.npy,559,53777,24,365,0.7489177584648132,True
coronacases_005,141,/kaggle/working/scribble-uncertainty-lung-segmentation/data/pseudo_labels/weak_bg_entropy/coronacases_005_slice_0141.npy,/kaggle/working/scribble-uncertainty-lung-segmentation/data/pseudo_labels/weak_bg_confidence/coronacases_005_slice_0141.npy,/kaggle/working/scribble-uncertainty-lung-segmentation/outputs/uncertainty_maps/weak_bg_entropy/coronacases_005_slice_0141.npy,555,53870,14,360,0.6994535326957703,True
coronacases_005,142,/kaggle/working/scribble-uncertainty-lung-segmentation/data/pseudo_labels/weak_bg_entropy/coronacases_005_slice_0142.npy,/kaggle/working/scribble-uncertainty-lung-segmentation/data/pseudo_labels/weak_bg_confidence/coronacases_005_slice_0142.npy,/kaggle/working/scribble-uncertainty-lung-segmentation/outputs/uncertainty_maps/weak_bg_entropy/coronacases_005_slice_0142.npy,572,53939,15,384,0.6987447738647461,True
coronacases_005,143,/kaggle/working/scribble-uncertainty-lung-segmentation/data/pseudo_labels/weak_bg_entropy/coronacases_005_slice_0143.npy,/kaggle/working/scribble-uncertainty-lung-segmentation/data/pseudo_labels/weak_bg_confidence/coronacases_005_slice_0143.npy,/kaggle/working/scribble-uncertainty-lung-segmentation/outputs/uncertainty_maps/weak_bg_entropy/coronacases_005_slice_0143.npy,552,54014,18,375,0.6882416605949402,True
coronacases_005,144,/kaggle/working/scribble-uncertainty-lung-segmentation/data/pseudo_labels/weak_bg_entropy/coronacases_005_slice_0144.npy,/kaggle/working/scribble-uncertainty-lung-segmentation/data/pseudo_labels/weak_bg_confidence/coronacases_005_slice_0144.npy,/kaggle/working/scribble-uncertainty-lung-segmentation/outputs/uncertainty_maps/weak_bg_entropy/coronacases_005_slice_0144.npy,549,54137,15,381,0.726881742477417,True
coronacases_005,145,/kaggle/working/scribble-uncertainty-lung-segmentation/data/pseudo_labels/weak_bg_entropy/coronacases_005_slice_0145.npy,/kaggle/working/scribble-uncertainty-lung-segmentation/data/pseudo_labels/weak_bg_confidence/coronacases_005_slice_0145.npy,/kaggle/working/scribble-uncertainty-lung-segmentation/outputs/uncertainty_maps/weak_bg_entropy/coronacases_005_slice_0145.npy,523,54233,16,378,0.683684766292572,True
coronacases_005,146,/kaggle/working/scribble-uncertainty-lung-segmentation/data/pseudo_labels/weak_bg_entropy/coronacases_005_slice_0146.npy,/kaggle/working/scribble-uncertainty-lung-segmentation/data/pseudo_labels/weak_bg_confidence/coronacases_005_slice_0146.npy,/kaggle/working/scribble-uncertainty-lung-segmentation/outputs/uncertainty_maps/weak_bg_entropy/coronacases_005_slice_0146.npy,505,54283,16,368,0.7399770617485046,True
coronacases_005,147,/kaggle/working/scribble-uncertainty-lung-segmentation/data/pseudo_labels/weak_bg_entropy/coronacases_005_slice_0147.npy,/kaggle/working/scribble-uncertainty-lung-segmentation/data/pseudo_labels/weak_bg_confidence/coronacases_005_slice_0147.npy,/kaggle/working/scribble-uncertainty-lung-segmentation/outputs/uncertainty_maps/weak_bg_entropy/coronacases_005_slice_0147.npy,463,54313,14,377,0.7285714149475098,True
coronacases_005,148,/kaggle/working/scribble-uncertainty-lung-segmentation/data/pseudo_labels/weak_bg_entropy/coronacases_005_slice_0148.npy,/kaggle/working/scribble-uncertainty-lung-segmentation/data/pseudo_labels/weak_bg_confidence/coronacases_005_slice_0148.npy,/kaggle/working/scribble-uncertainty-lung-segmentation/outputs/uncertainty_maps/weak_bg_entropy/coronacases_005_slice_0148.npy,472,54289,11,410,0.8072562217712402,True
coronacases_005,149,/kaggle/working/scribble-uncertainty-lung-segmentation/data/pseudo_labels/weak_bg_entropy/coronacases_005_slice_0149.npy,/kaggle/working/scribble-uncertainty-lung-segmentation/data/pseudo_labels/weak_bg_confidence/coronacases_005_slice_0149.npy,/kaggle/working/scribble-uncertainty-lung-segmentation/outputs/uncertainty_maps/weak_bg_entropy/coronacases_005_slice_0149.npy,538,54288,20,390,0.7693965435028076,True
coronacases_005,150,/kaggle/working/scribble-uncertainty-lung-segmentation/data/pseudo_labels/weak_bg_entropy/coronacases_005_slice_0150.npy,/kaggle/working/scribble-uncertainty-lung-segmentation/data/pseudo_labels/weak_bg_confidence/coronacases_005_slice_0150.npy,/kaggle/working/scribble-uncertainty-lung-segmentation/outputs/uncertainty_maps/weak_bg_entropy/coronacases_005_slice_0150.npy,531,54188,14,334,0.7468208074569702,True
coronacases_005,151,/kaggle/working/scribble-uncertainty-lung-segmentation/data/pseudo_labels/weak_bg_entropy/coronacases_005_slice_0151.npy,/kaggle/working/scribble-uncertainty-lung-segmentation/data/pseudo_labels/weak_bg_confidence/coronacases_005_slice_0151.npy,/kaggle/working/scribble-uncertainty-lung-segmentation/outputs/uncertainty_maps/weak_bg_entropy/coronacases_005_slice_0151.npy,483,54286,12,274,0.6605019569396973,True
coronacases_005,152,/kaggle/working/scribble-uncertainty-lung-segmentation/data/pseudo_labels/weak_bg_entropy/coronacases_005_slice_0152.npy,/kaggle/working/scribble-uncertainty-lung-segmentation/data/pseudo_labels/weak_bg_confidence/coronacases_005_slice_0152.npy,/kaggle/working/scribble-uncertainty-lung-segmentation/outputs/uncertainty_maps/weak_bg_entropy/coronacases_005_slice_0152.npy,535,54319,15,289,0.6868932247161865,True
coronacases_005,153,/kaggle/working/scribble-uncertainty-lung-segmentation/data/pseudo_labels/weak_bg_entropy/coronacases_005_slice_0153.npy,/kaggle/working/scribble-uncertainty-lung-segmentation/data/pseudo_labels/weak_bg_confidence/coronacases_005_slice_0153.npy,/kaggle/working/scribble-uncertainty-lung-segmentation/outputs/uncertainty_maps/weak_bg_entropy/coronacases_005_slice_0153.npy,571,54495,20,303,0.6201372742652893,True
coronacases_005,154,/kaggle/working/scribble-uncertainty-lung-segmentation/data/pseudo_labels/weak_bg_entropy/coronacases_005_slice_0154.npy,/kaggle/working/scribble-uncertainty-lung-segmentation/data/pseudo_labels/weak_bg_confidence/coronacases_005_slice_0154.npy,/kaggle/working/scribble-uncertainty-lung-segmentation/outputs/uncertainty_maps/weak_bg_entropy/coronacases_005_slice_0154.npy,472,54396,16,222,0.6138328313827515,True
coronacases_005,155,/kaggle/working/scribble-uncertainty-lung-segmentation/data/pseudo_labels/weak_bg_entropy/coronacases_005_slice_0155.npy,/kaggle/working/scribble-uncertainty-lung-segmentation/data/pseudo_labels/weak_bg_confidence/coronacases_005_slice_0155.npy,/kaggle/working/scribble-uncertainty-lung-segmentation/outputs/uncertainty_maps/weak_bg_entropy/coronacases_005_slice_0155.npy,506,54507,8,206,0.5589887499809265,True
coronacases_005,156,/kaggle/working/scribble-uncertainty-lung-segmentation/data/pseudo_labels/weak_bg_entropy/coronacases_005_slice_0156.npy,/kaggle/working/scribble-uncertainty-lung-segmentation/data/pseudo_labels/weak_bg_confidence/coronacases_005_slice_0156.npy,/kaggle/working/scribble-uncertainty-lung-segmentation/outputs/uncertainty_maps/weak_bg_entropy/coronacases_005_slice_0156.npy,528,54454,12,212,0.5513513684272766,True
coronacases_005,157,/kaggle/working/scribble-uncertainty-lung-segmentation/data/pseudo_labels/weak_bg_entropy/coronacases_005_slice_0157.npy,/kaggle/working/scribble-uncertainty-lung-segmentation/data/pseudo_labels/weak_bg_confidence/coronacases_005_slice_0157.npy,/kaggle/working/scribble-uncertainty-lung-segmentation/outputs/uncertainty_maps/weak_bg_entropy/coronacases_005_slice_0157.npy,445,54537,12,205,0.6246153712272644,True
coronacases_005,158,/kaggle/working/scribble-uncertainty-lung-segmentation/data/pseudo_labels/weak_bg_entropy/coronacases_005_slice_0158.npy,/kaggle/working/scribble-uncertainty-lung-segmentation/data/pseudo_labels/weak_bg_confidence/coronacases_005_slice_0158.npy,/kaggle/working/scribble-uncertainty-lung-segmentation/outputs/uncertainty_maps/weak_bg_entropy/coronacases_005_slice_0158.npy,371,54442,8,167,0.6059479713439941,True
coronacases_005,159,/kaggle/working/scribble-uncertainty-lung-segmentation/data/pseudo_labels/weak_bg_entropy/coronacases_005_slice_0159.npy,/kaggle/working/scribble-uncertainty-lung-segmentation/data/pseudo_labels/weak_bg_confidence/coronacases_005_slice_0159.npy,/kaggle/working/scribble-uncertainty-lung-segmentation/outputs/uncertainty_maps/weak_bg_entropy/coronacases_005_slice_0159.npy,354,54308,12,150,0.5714285969734192,True
coronacases_005,160,/kaggle/working/scribble-uncertainty-lung-segmentation/data/pseudo_labels/weak_bg_entropy/coronacases_005_slice_0160.npy,/kaggle/working/scribble-uncertainty-lung-segmentation/data/pseudo_labels/weak_bg_confidence/coronacases_005_slice_0160.npy,/kaggle/working/scribble-uncertainty-lung-segmentation/outputs/uncertainty_maps/weak_bg_entropy/coronacases_005_slice_0160.npy,425,54243,12,125,0.4254545569419861,True
coronacases_005,161,/kaggle/working/scribble-uncertainty-lung-segmentation/data/pseudo_labels/weak_bg_entropy/coronacases_005_slice_0161.npy,/kaggle/working/scribble-uncertainty-lung-segmentation/data/pseudo_labels/weak_bg_confidence/coronacases_005_slice_0161.npy,/kaggle/working/scribble-uncertainty-lung-segmentation/outputs/uncertainty_maps/weak_bg_entropy/coronacases_005_slice_0161.npy,453,54339,12,108,0.3529411852359772,True
coronacases_005,162,/kaggle/working/scribble-uncertainty-lung-segmentation/data/pseudo_labels/weak_bg_entropy/coronacases_005_slice_0162.npy,/kaggle/working/scribble-uncertainty-lung-segmentation/data/pseudo_labels/weak_bg_confidence/coronacases_005_slice_0162.npy,/kaggle/working/scribble-uncertainty-lung-segmentation/outputs/uncertainty_maps/weak_bg_entropy/coronacases_005_slice_0162.npy,369,54296,8,108,0.4360587000846863,True
coronacases_005,163,/kaggle/working/scribble-uncertainty-lung-segmentation/data/pseudo_labels/weak_bg_entropy/coronacases_005_slice_0163.npy,/kaggle/working/scribble-uncertainty-lung-segmentation/data/pseudo_labels/weak_bg_confidence/coronacases_005_slice_0163.npy,/kaggle/working/scribble-uncertainty-lung-segmentation/outputs/uncertainty_maps/weak_bg_entropy/coronacases_005_slice_0163.npy,314,54426,8,99,0.46973365545272827,True
coronacases_005,164,/kaggle/working/scribble-uncertainty-lung-segmentation/data/pseudo_labels/weak_bg_entropy/coronacases_005_slice_0164.npy,/kaggle/working/scribble-uncertainty-lung-segmentation/data/pseudo_labels/weak_bg_confidence/coronacases_005_slice_0164.npy,/kaggle/working/scribble-uncertainty-lung-segmentation/outputs/uncertainty_maps/weak_bg_entropy/coronacases_005_slice_0164.npy,310,54540,8,95,0.4493827223777771,True
coronacases_005,165,/kaggle/working/scribble-uncertainty-lung-segmentation/data/pseudo_labels/weak_bg_entropy/coronacases_005_slice_0165.npy,/kaggle/working/scribble-uncertainty-lung-segmentation/data/pseudo_labels/weak_bg_confidence/coronacases_005_slice_0165.npy,/kaggle/working/scribble-uncertainty-lung-segmentation/outputs/uncertainty_maps/weak_bg_entropy/coronacases_005_slice_0165.npy,310,54694,4,83,0.4223918616771698,True
coronacases_005,166,/kaggle/working/scribble-uncertainty-lung-segmentation/data/pseudo_labels/weak_bg_entropy/coronacases_005_slice_0166.npy,/kaggle/working/scribble-uncertainty-lung-segmentation/data/pseudo_labels/weak_bg_confidence/coronacases_005_slice_0166.npy,/kaggle/working/scribble-uncertainty-lung-segmentation/outputs/uncertainty_maps/weak_bg_entropy/coronacases_005_slice_0166.npy,295,54929,4,64,0.3509749174118042,True
coronacases_005,167,/kaggle/working/scribble-uncertainty-lung-segmentation/data/pseudo_labels/weak_bg_entropy/coronacases_005_slice_0167.npy,/kaggle/working/scribble-uncertainty-lung-segmentation/data/pseudo_labels/weak_bg_confidence/coronacases_005_slice_0167.npy,/kaggle/working/scribble-uncertainty-lung-segmentation/outputs/uncertainty_maps/weak_bg_entropy/coronacases_005_slice_0167.npy,311,54346,4,73,0.3541666567325592,True
coronacases_005,168,/kaggle/working/scribble-uncertainty-lung-segmentation/data/pseudo_labels/weak_bg_entropy/coronacases_005_slice_0168.npy,/kaggle/working/scribble-uncertainty-lung-segmentation/data/pseudo_labels/weak_bg_confidence/coronacases_005_slice_0168.npy,/kaggle/working/scribble-uncertainty-lung-segmentation/outputs/uncertainty_maps/weak_bg_entropy/coronacases_005_slice_0168.npy,243,54292,4,48,0.3298968970775604,True
coronacases_005,169,/kaggle/working/scribble-uncertainty-lung-segmentation/data/pseudo_labels/weak_bg_entropy/coronacases_005_slice_0169.npy,/kaggle/working/scribble-uncertainty-lung-segmentation/data/pseudo_labels/weak_bg_confidence/coronacases_005_slice_0169.npy,/kaggle/working/scribble-uncertainty-lung-segmentation/outputs/uncertainty_maps/weak_bg_entropy/coronacases_005_slice_0169.npy,257,54342,4,34,0.2336769700050354,True
coronacases_005,170,/kaggle/working/scribble-uncertainty-lung-segmentation/data/pseudo_labels/weak_bg_entropy/coronacases_005_slice_0170.npy,/kaggle/working/scribble-uncertainty-lung-segmentation/data/pseudo_labels/weak_bg_confidence/coronacases_005_slice_0170.npy,/kaggle/working/scribble-uncertainty-lung-segmentation/outputs/uncertainty_maps/weak_bg_entropy/coronacases_005_slice_0170.npy,264,54296,0,0,3.7878788994305523e-10,False
coronacases_005,171,/kaggle/working/scribble-uncertainty-lung-segmentation/data/pseudo_labels/weak_bg_entropy/coronacases_005_slice_0171.npy,/kaggle/working/scribble-uncertainty-lung-segmentation/data/pseudo_labels/weak_bg_confidence/coronacases_005_slice_0171.npy,/kaggle/working/scribble-uncertainty-lung-segmentation/outputs/uncertainty_maps/weak_bg_entropy/coronacases_005_slice_0171.npy,232,54352,0,0,4.31034485881554e-10,False
coronacases_005,172,/kaggle/working/scribble-uncertainty-lung-segmentation/data/pseudo_labels/weak_bg_entropy/coronacases_005_slice_0172.npy,/kaggle/working/scribble-uncertainty-lung-segmentation/data/pseudo_labels/weak_bg_confidence/coronacases_005_slice_0172.npy,/kaggle/working/scribble-uncertainty-lung-segmentation/outputs/uncertainty_maps/weak_bg_entropy/coronacases_005_slice_0172.npy,194,54367,0,0,5.154639493021307e-10,False
coronacases_005,173,/kaggle/working/scribble-uncertainty-lung-segmentation/data/pseudo_labels/weak_bg_entropy/coronacases_005_slice_0173.npy,/kaggle/working/scribble-uncertainty-lung-segmentation/data/pseudo_labels/weak_bg_confidence/coronacases_005_slice_0173.npy,/kaggle/working/scribble-uncertainty-lung-segmentation/outputs/uncertainty_maps/weak_bg_entropy/coronacases_005_slice_0173.npy,206,54574,0,0,4.854369128892699e-10,False
coronacases_005,174,/kaggle/working/scribble-uncertainty-lung-segmentation/data/pseudo_labels/weak_bg_entropy/coronacases_005_slice_0174.npy,/kaggle/working/scribble-uncertainty-lung-segmentation/data/pseudo_labels/weak_bg_confidence/coronacases_005_slice_0174.npy,/kaggle/working/scribble-uncertainty-lung-segmentation/outputs/uncertainty_maps/weak_bg_entropy/coronacases_005_slice_0174.npy,233,54761,0,0,4.2918454901119674e-10,False
coronacases_005,175,/kaggle/working/scribble-uncertainty-lung-segmentation/data/pseudo_labels/weak_bg_entropy/coronacases_005_slice_0175.npy,/kaggle/working/scribble-uncertainty-lung-segmentation/data/pseudo_labels/weak_bg_confidence/coronacases_005_slice_0175.npy,/kaggle/working/scribble-uncertainty-lung-segmentation/outputs/uncertainty_maps/weak_bg_entropy/coronacases_005_slice_0175.npy,222,54757,4,31,0.14229248464107513,True
coronacases_005,176,/kaggle/working/scribble-uncertainty-lung-segmentation/data/pseudo_labels/weak_bg_entropy/coronacases_005_slice_0176.npy,/kaggle/working/scribble-uncertainty-lung-segmentation/data/pseudo_labels/weak_bg_confidence/coronacases_005_slice_0176.npy,/kaggle/working/scribble-uncertainty-lung-segmentation/outputs/uncertainty_maps/weak_bg_entropy/coronacases_005_slice_0176.npy,238,54826,4,30,0.1268656700849533,True
coronacases_005,177,/kaggle/working/scribble-uncertainty-lung-segmentation/data/pseudo_labels/weak_bg_entropy/coronacases_005_slice_0177.npy,/kaggle/working/scribble-uncertainty-lung-segmentation/data/pseudo_labels/weak_bg_confidence/coronacases_005_slice_0177.npy,/kaggle/working/scribble-uncertainty-lung-segmentation/outputs/uncertainty_maps/weak_bg_entropy/coronacases_005_slice_0177.npy,171,54780,4,18,0.1269841343164444,True
coronacases_005,178,/kaggle/working/scribble-uncertainty-lung-segmentation/data/pseudo_labels/weak_bg_entropy/coronacases_005_slice_0178.npy,/kaggle/working/scribble-uncertainty-lung-segmentation/data/pseudo_labels/weak_bg_confidence/coronacases_005_slice_0178.npy,/kaggle/working/scribble-uncertainty-lung-segmentation/outputs/uncertainty_maps/weak_bg_entropy/coronacases_005_slice_0178.npy,172,54768,4,19,0.13612565398216248,True
coronacases_005,179,/kaggle/working/scribble-uncertainty-lung-segmentation/data/pseudo_labels/weak_bg_entropy/coronacases_005_slice_0179.npy,/kaggle/working/scribble-uncertainty-lung-segmentation/data/pseudo_labels/weak_bg_confidence/coronacases_005_slice_0179.npy,/kaggle/working/scribble-uncertainty-lung-segmentation/outputs/uncertainty_maps/weak_bg_entropy/coronacases_005_slice_0179.npy,187,54838,4,13,4.999999858590343e-10,True
coronacases_005,180,/kaggle/working/scribble-uncertainty-lung-segmentation/data/pseudo_labels/weak_bg_entropy/coronacases_005_slice_0180.npy,/kaggle/working/scribble-uncertainty-lung-segmentation/data/pseudo_labels/weak_bg_confidence/coronacases_005_slice_0180.npy,/kaggle/working/scribble-uncertainty-lung-segmentation/outputs/uncertainty_maps/weak_bg_entropy/coronacases_005_slice_0180.npy,153,55022,0,0,6.535947894015237e-10,False
coronacases_005,181,/kaggle/working/scribble-uncertainty-lung-segmentation/data/pseudo_labels/weak_bg_entropy/coronacases_005_slice_0181.npy,/kaggle/working/scribble-uncertainty-lung-segmentation/data/pseudo_labels/weak_bg_confidence/coronacases_005_slice_0181.npy,/kaggle/working/scribble-uncertainty-lung-segmentation/outputs/uncertainty_maps/weak_bg_entropy/coronacases_005_slice_0181.npy,90,54809,0,0,1.1111110920225542e-09,False
coronacases_005,182,/kaggle/working/scribble-uncertainty-lung-segmentation/data/pseudo_labels/weak_bg_entropy/coronacases_005_slice_0182.npy,/kaggle/working/scribble-uncertainty-lung-segmentation/data/pseudo_labels/weak_bg_confidence/coronacases_005_slice_0182.npy,/kaggle/working/scribble-uncertainty-lung-segmentation/outputs/uncertainty_maps/weak_bg_entropy/coronacases_005_slice_0182.npy,76,54801,0,0,1.3157894773740964e-09,False
coronacases_005,183,/kaggle/working/scribble-uncertainty-lung-segmentation/data/pseudo_labels/weak_bg_entropy/coronacases_005_slice_0183.npy,/kaggle/working/scribble-uncertainty-lung-segmentation/data/pseudo_labels/weak_bg_confidence/coronacases_005_slice_0183.npy,/kaggle/working/scribble-uncertainty-lung-segmentation/outputs/uncertainty_maps/weak_bg_entropy/coronacases_005_slice_0183.npy,36,54945,0,0,2.7777777855675367e-09,False
coronacases_005,184,/kaggle/working/scribble-uncertainty-lung-segmentation/data/pseudo_labels/weak_bg_entropy/coronacases_005_slice_0184.npy,/kaggle/working/scribble-uncertainty-lung-segmentation/data/pseudo_labels/weak_bg_confidence/coronacases_005_slice_0184.npy,/kaggle/working/scribble-uncertainty-lung-segmentation/outputs/uncertainty_maps/weak_bg_entropy/coronacases_005_slice_0184.npy,54,55034,0,0,1.8518518940524586e-09,False
coronacases_005,185,/kaggle/working/scribble-uncertainty-lung-segmentation/data/pseudo_labels/weak_bg_entropy/coronacases_005_slice_0185.npy,/kaggle/working/scribble-uncertainty-lung-segmentation/data/pseudo_labels/weak_bg_confidence/coronacases_005_slice_0185.npy,/kaggle/working/scribble-uncertainty-lung-segmentation/outputs/uncertainty_maps/weak_bg_entropy/coronacases_005_slice_0185.npy,66,55055,0,0,1.515151559772221e-09,False
coronacases_005,186,/kaggle/working/scribble-uncertainty-lung-segmentation/data/pseudo_labels/weak_bg_entropy/coronacases_005_slice_0186.npy,/kaggle/working/scribble-uncertainty-lung-segmentation/data/pseudo_labels/weak_bg_confidence/coronacases_005_slice_0186.npy,/kaggle/working/scribble-uncertainty-lung-segmentation/outputs/uncertainty_maps/weak_bg_entropy/coronacases_005_slice_0186.npy,37,55121,0,0,2.7027027282855443e-09,False
coronacases_005,187,/kaggle/working/scribble-uncertainty-lung-segmentation/data/pseudo_labels/weak_bg_entropy/coronacases_005_slice_0187.npy,/kaggle/working/scribble-uncertainty-lung-segmentation/data/pseudo_labels/weak_bg_confidence/coronacases_005_slice_0187.npy,/kaggle/working/scribble-uncertainty-lung-segmentation/outputs/uncertainty_maps/weak_bg_entropy/coronacases_005_slice_0187.npy,34,55263,0,0,2.9411764135289786e-09,False
coronacases_005,188,/kaggle/working/scribble-uncertainty-lung-segmentation/data/pseudo_labels/weak_bg_entropy/coronacases_005_slice_0188.npy,/kaggle/working/scribble-uncertainty-lung-segmentation/data/pseudo_labels/weak_bg_confidence/coronacases_005_slice_0188.npy,/kaggle/working/scribble-uncertainty-lung-segmentation/outputs/uncertainty_maps/weak_bg_entropy/coronacases_005_slice_0188.npy,77,55441,0,0,1.2987013686682758e-09,False
coronacases_005,189,/kaggle/working/scribble-uncertainty-lung-segmentation/data/pseudo_labels/weak_bg_entropy/coronacases_005_slice_0189.npy,/kaggle/working/scribble-uncertainty-lung-segmentation/data/pseudo_labels/weak_bg_confidence/coronacases_005_slice_0189.npy,/kaggle/working/scribble-uncertainty-lung-segmentation/outputs/uncertainty_maps/weak_bg_entropy/coronacases_005_slice_0189.npy,78,55418,0,0,1.2820512429456699e-09,False
coronacases_005,190,/kaggle/working/scribble-uncertainty-lung-segmentation/data/pseudo_labels/weak_bg_entropy/coronacases_005_slice_0190.npy,/kaggle/working/scribble-uncertainty-lung-segmentation/data/pseudo_labels/weak_bg_confidence/coronacases_005_slice_0190.npy,/kaggle/working/scribble-uncertainty-lung-segmentation/outputs/uncertainty_maps/weak_bg_entropy/coronacases_005_slice_0190.npy,108,55412,0,0,9.259259470262293e-10,False
coronacases_005,191,/kaggle/working/scribble-uncertainty-lung-segmentation/data/pseudo_labels/weak_bg_entropy/coronacases_005_slice_0191.npy,/kaggle/working/scribble-uncertainty-lung-segmentation/data/pseudo_labels/weak_bg_confidence/coronacases_005_slice_0191.npy,/kaggle/working/scribble-uncertainty-lung-segmentation/outputs/uncertainty_maps/weak_bg_entropy/coronacases_005_slice_0191.npy,61,55121,0,0,1.6393443269535624e-09,False
coronacases_005,192,/kaggle/working/scribble-uncertainty-lung-segmentation/data/pseudo_labels/weak_bg_entropy/coronacases_005_slice_0192.npy,/kaggle/working/scribble-uncertainty-lung-segmentation/data/pseudo_labels/weak_bg_confidence/coronacases_005_slice_0192.npy,/kaggle/working/scribble-uncertainty-lung-segmentation/outputs/uncertainty_maps/weak_bg_entropy/coronacases_005_slice_0192.npy,59,55089,0,0,1.6949153192058475e-09,False
coronacases_005,193,/kaggle/working/scribble-uncertainty-lung-segmentation/data/pseudo_labels/weak_bg_entropy/coronacases_005_slice_0193.npy,/kaggle/working/scribble-uncertainty-lung-segmentation/data/pseudo_labels/weak_bg_confidence/coronacases_005_slice_0193.npy,/kaggle/working/scribble-uncertainty-lung-segmentation/outputs/uncertainty_maps/weak_bg_entropy/coronacases_005_slice_0193.npy,26,55280,0,0,3.846154061903917e-09,False
coronacases_005,194,/kaggle/working/scribble-uncertainty-lung-segmentation/data/pseudo_labels/weak_bg_entropy/coronacases_005_slice_0194.npy,/kaggle/working/scribble-uncertainty-lung-segmentation/data/pseudo_labels/weak_bg_confidence/coronacases_005_slice_0194.npy,/kaggle/working/scribble-uncertainty-lung-segmentation/outputs/uncertainty_maps/weak_bg_entropy/coronacases_005_slice_0194.npy,72,55489,0,0,1.3888888927837684e-09,False
coronacases_005,195,/kaggle/working/scribble-uncertainty-lung-segmentation/data/pseudo_labels/weak_bg_entropy/coronacases_005_slice_0195.npy,/kaggle/working/scribble-uncertainty-lung-segmentation/data/pseudo_labels/weak_bg_confidence/coronacases_005_slice_0195.npy,/kaggle/working/scribble-uncertainty-lung-segmentation/outputs/uncertainty_maps/weak_bg_entropy/coronacases_005_slice_0195.npy,34,55523,0,0,2.9411764135289786e-09,False
coronacases_005,196,/kaggle/working/scribble-uncertainty-lung-segmentation/data/pseudo_labels/weak_bg_entropy/coronacases_005_slice_0196.npy,/kaggle/working/scribble-uncertainty-lung-segmentation/data/pseudo_labels/weak_bg_confidence/coronacases_005_slice_0196.npy,/kaggle/working/scribble-uncertainty-lung-segmentation/outputs/uncertainty_maps/weak_bg_entropy/coronacases_005_slice_0196.npy,9,55360,0,0,1.1111111142270147e-08,False
coronacases_005,197,/kaggle/working/scribble-uncertainty-lung-segmentation/data/pseudo_labels/weak_bg_entropy/coronacases_005_slice_0197.npy,/kaggle/working/scribble-uncertainty-lung-segmentation/data/pseudo_labels/weak_bg_confidence/coronacases_005_slice_0197.npy,/kaggle/working/scribble-uncertainty-lung-segmentation/outputs/uncertainty_maps/weak_bg_entropy/coronacases_005_slice_0197.npy,13,55427,0,0,7.692308123807834e-09,False
coronacases_005,198,/kaggle/working/scribble-uncertainty-lung-segmentation/data/pseudo_labels/weak_bg_entropy/coronacases_005_slice_0198.npy,/kaggle/working/scribble-uncertainty-lung-segmentation/data/pseudo_labels/weak_bg_confidence/coronacases_005_slice_0198.npy,/kaggle/working/scribble-uncertainty-lung-segmentation/outputs/uncertainty_maps/weak_bg_entropy/coronacases_005_slice_0198.npy,11,55450,0,0,9.090909358633326e-09,False
coronacases_005,199,/kaggle/working/scribble-uncertainty-lung-segmentation/data/pseudo_labels/weak_bg_entropy/coronacases_005_slice_0199.npy,/kaggle/working/scribble-uncertainty-lung-segmentation/data/pseudo_labels/weak_bg_confidence/coronacases_005_slice_0199.npy,/kaggle/working/scribble-uncertainty-lung-segmentation/outputs/uncertainty_maps/weak_bg_entropy/coronacases_005_slice_0199.npy,24,55550,0,0,4.166666567329003e-09,False
coronacases_005,200,/kaggle/working/scribble-uncertainty-lung-segmentation/data/pseudo_labels/weak_bg_entropy/coronacases_005_slice_0200.npy,/kaggle/working/scribble-uncertainty-lung-segmentation/data/pseudo_labels/weak_bg_confidence/coronacases_005_slice_0200.npy,/kaggle/working/scribble-uncertainty-lung-segmentation/outputs/uncertainty_maps/weak_bg_entropy/coronacases_005_slice_0200.npy,34,55483,0,0,2.9411764135289786e-09,False
coronacases_005,201,/kaggle/working/scribble-uncertainty-lung-segmentation/data/pseudo_labels/weak_bg_entropy/coronacases_005_slice_0201.npy,/kaggle/working/scribble-uncertainty-lung-segmentation/data/pseudo_labels/weak_bg_confidence/coronacases_005_slice_0201.npy,/kaggle/working/scribble-uncertainty-lung-segmentation/outputs/uncertainty_maps/weak_bg_entropy/coronacases_005_slice_0201.npy,59,55646,0,0,1.6949153192058475e-09,False
coronacases_005,202,/kaggle/working/scribble-uncertainty-lung-segmentation/data/pseudo_labels/weak_bg_entropy/coronacases_005_slice_0202.npy,/kaggle/working/scribble-uncertainty-lung-segmentation/data/pseudo_labels/weak_bg_confidence/coronacases_005_slice_0202.npy,/kaggle/working/scribble-uncertainty-lung-segmentation/outputs/uncertainty_maps/weak_bg_entropy/coronacases_005_slice_0202.npy,47,55765,0,0,2.1276596040564755e-09,False
coronacases_005,203,/kaggle/working/scribble-uncertainty-lung-segmentation/data/pseudo_labels/weak_bg_entropy/coronacases_005_slice_0203.npy,/kaggle/working/scribble-uncertainty-lung-segmentation/data/pseudo_labels/weak_bg_confidence/coronacases_005_slice_0203.npy,/kaggle/working/scribble-uncertainty-lung-segmentation/outputs/uncertainty_maps/weak_bg_entropy/coronacases_005_slice_0203.npy,27,55708,0,0,3.7037037881049173e-09,False
coronacases_005,204,/kaggle/working/scribble-uncertainty-lung-segmentation/data/pseudo_labels/weak_bg_entropy/coronacases_005_slice_0204.npy,/kaggle/working/scribble-uncertainty-lung-segmentation/data/pseudo_labels/weak_bg_confidence/coronacases_005_slice_0204.npy,/kaggle/working/scribble-uncertainty-lung-segmentation/outputs/uncertainty_maps/weak_bg_entropy/coronacases_005_slice_0204.npy,22,55691,0,0,4.545454679316663e-09,False
coronacases_005,205,/kaggle/working/scribble-uncertainty-lung-segmentation/data/pseudo_labels/weak_bg_entropy/coronacases_005_slice_0205.npy,/kaggle/working/scribble-uncertainty-lung-segmentation/data/pseudo_labels/weak_bg_confidence/coronacases_005_slice_0205.npy,/kaggle/working/scribble-uncertainty-lung-segmentation/outputs/uncertainty_maps/weak_bg_entropy/coronacases_005_slice_0205.npy,47,55714,0,0,2.1276596040564755e-09,False
coronacases_005,206,/kaggle/working/scribble-uncertainty-lung-segmentation/data/pseudo_labels/weak_bg_entropy/coronacases_005_slice_0206.npy,/kaggle/working/scribble-uncertainty-lung-segmentation/data/pseudo_labels/weak_bg_confidence/coronacases_005_slice_0206.npy,/kaggle/working/scribble-uncertainty-lung-segmentation/outputs/uncertainty_maps/weak_bg_entropy/coronacases_005_slice_0206.npy,40,55799,0,0,2.4999999848063226e-09,False
coronacases_005,207,/kaggle/working/scribble-uncertainty-lung-segmentation/data/pseudo_labels/weak_bg_entropy/coronacases_005_slice_0207.npy,/kaggle/working/scribble-uncertainty-lung-segmentation/data/pseudo_labels/weak_bg_confidence/coronacases_005_slice_0207.npy,/kaggle/working/scribble-uncertainty-lung-segmentation/outputs/uncertainty_maps/weak_bg_entropy/coronacases_005_slice_0207.npy,38,55967,0,0,2.6315789547481927e-09,False
coronacases_005,208,/kaggle/working/scribble-uncertainty-lung-segmentation/data/pseudo_labels/weak_bg_entropy/coronacases_005_slice_0208.npy,/kaggle/working/scribble-uncertainty-lung-segmentation/data/pseudo_labels/weak_bg_confidence/coronacases_005_slice_0208.npy,/kaggle/working/scribble-uncertainty-lung-segmentation/outputs/uncertainty_maps/weak_bg_entropy/coronacases_005_slice_0208.npy,28,56089,0,0,3.571428708326607e-09,False
coronacases_005,209,/kaggle/working/scribble-uncertainty-lung-segmentation/data/pseudo_labels/weak_bg_entropy/coronacases_005_slice_0209.npy,/kaggle/working/scribble-uncertainty-lung-segmentation/data/pseudo_labels/weak_bg_confidence/coronacases_005_slice_0209.npy,/kaggle/working/scribble-uncertainty-lung-segmentation/outputs/uncertainty_maps/weak_bg_entropy/coronacases_005_slice_0209.npy,0,56125,0,0,1.0,False
coronacases_005,210,/kaggle/working/scribble-uncertainty-lung-segmentation/data/pseudo_labels/weak_bg_entropy/coronacases_005_slice_0210.npy,/kaggle/working/scribble-uncertainty-lung-segmentation/data/pseudo_labels/weak_bg_confidence/coronacases_005_slice_0210.npy,/kaggle/working/scribble-uncertainty-lung-segmentation/outputs/uncertainty_maps/weak_bg_entropy/coronacases_005_slice_0210.npy,5,56268,0,0,1.999999987845058e-08,False
coronacases_005,211,/kaggle/working/scribble-uncertainty-lung-segmentation/data/pseudo_labels/weak_bg_entropy/coronacases_005_slice_0211.npy,/kaggle/working/scribble-uncertainty-lung-segmentation/data/pseudo_labels/weak_bg_confidence/coronacases_005_slice_0211.npy,/kaggle/working/scribble-uncertainty-lung-segmentation/outputs/uncertainty_maps/weak_bg_entropy/coronacases_005_slice_0211.npy,0,56424,0,0,1.0,False
coronacases_005,212,/kaggle/working/scribble-uncertainty-lung-segmentation/data/pseudo_labels/weak_bg_entropy/coronacases_005_slice_0212.npy,/kaggle/working/scribble-uncertainty-lung-segmentation/data/pseudo_labels/weak_bg_confidence/coronacases_005_slice_0212.npy,/kaggle/working/scribble-uncertainty-lung-segmentation/outputs/uncertainty_maps/weak_bg_entropy/coronacases_005_slice_0212.npy,0,56483,0,0,1.0,False
coronacases_005,213,/kaggle/working/scribble-uncertainty-lung-segmentation/data/pseudo_labels/weak_bg_entropy/coronacases_005_slice_0213.npy,/kaggle/working/scribble-uncertainty-lung-segmentation/data/pseudo_labels/weak_bg_confidence/coronacases_005_slice_0213.npy,/kaggle/working/scribble-uncertainty-lung-segmentation/outputs/uncertainty_maps/weak_bg_entropy/coronacases_005_slice_0213.npy,0,56596,0,0,1.0,False
coronacases_005,214,/kaggle/working/scribble-uncertainty-lung-segmentation/data/pseudo_labels/weak_bg_entropy/coronacases_005_slice_0214.npy,/kaggle/working/scribble-uncertainty-lung-segmentation/data/pseudo_labels/weak_bg_confidence/coronacases_005_slice_0214.npy,/kaggle/working/scribble-uncertainty-lung-segmentation/outputs/uncertainty_maps/weak_bg_entropy/coronacases_005_slice_0214.npy,30,56732,0,0,3.333333387089965e-09,False
coronacases_005,215,/kaggle/working/scribble-uncertainty-lung-segmentation/data/pseudo_labels/weak_bg_entropy/coronacases_005_slice_0215.npy,/kaggle/working/scribble-uncertainty-lung-segmentation/data/pseudo_labels/weak_bg_confidence/coronacases_005_slice_0215.npy,/kaggle/working/scribble-uncertainty-lung-segmentation/outputs/uncertainty_maps/weak_bg_entropy/coronacases_005_slice_0215.npy,5,56870,0,0,1.999999987845058e-08,False
coronacases_005,216,/kaggle/working/scribble-uncertainty-lung-segmentation/data/pseudo_labels/weak_bg_entropy/coronacases_005_slice_0216.npy,/kaggle/working/scribble-uncertainty-lung-segmentation/data/pseudo_labels/weak_bg_confidence/coronacases_005_slice_0216.npy,/kaggle/working/scribble-uncertainty-lung-segmentation/outputs/uncertainty_maps/weak_bg_entropy/coronacases_005_slice_0216.npy,12,57015,0,0,8.333333134658005e-09,False
coronacases_005,217,/kaggle/working/scribble-uncertainty-lung-segmentation/data/pseudo_labels/weak_bg_entropy/coronacases_005_slice_0217.npy,/kaggle/working/scribble-uncertainty-lung-segmentation/data/pseudo_labels/weak_bg_confidence/coronacases_005_slice_0217.npy,/kaggle/working/scribble-uncertainty-lung-segmentation/outputs/uncertainty_maps/weak_bg_entropy/coronacases_005_slice_0217.npy,30,57200,0,0,3.333333387089965e-09,False
coronacases_005,218,/kaggle/working/scribble-uncertainty-lung-segmentation/data/pseudo_labels/weak_bg_entropy/coronacases_005_slice_0218.npy,/kaggle/working/scribble-uncertainty-lung-segmentation/data/pseudo_labels/weak_bg_confidence/coronacases_005_slice_0218.npy,/kaggle/working/scribble-uncertainty-lung-segmentation/outputs/uncertainty_maps/weak_bg_entropy/coronacases_005_slice_0218.npy,0,57353,0,0,1.0,False
coronacases_005,219,/kaggle/working/scribble-uncertainty-lung-segmentation/data/pseudo_labels/weak_bg_entropy/coronacases_005_slice_0219.npy,/kaggle/working/scribble-uncertainty-lung-segmentation/data/pseudo_labels/weak_bg_confidence/coronacases_005_slice_0219.npy,/kaggle/working/scribble-uncertainty-lung-segmentation/outputs/uncertainty_maps/weak_bg_entropy/coronacases_005_slice_0219.npy,62,57464,0,0,1.6129032553990896e-09,False
coronacases_005,220,/kaggle/working/scribble-uncertainty-lung-segmentation/data/pseudo_labels/weak_bg_entropy/coronacases_005_slice_0220.npy,/kaggle/working/scribble-uncertainty-lung-segmentation/data/pseudo_labels/weak_bg_confidence/coronacases_005_slice_0220.npy,/kaggle/working/scribble-uncertainty-lung-segmentation/outputs/uncertainty_maps/weak_bg_entropy/coronacases_005_slice_0220.npy,60,57547,0,0,1.6666666935449825e-09,False
coronacases_005,221,/kaggle/working/scribble-uncertainty-lung-segmentation/data/pseudo_labels/weak_bg_entropy/coronacases_005_slice_0221.npy,/kaggle/working/scribble-uncertainty-lung-segmentation/data/pseudo_labels/weak_bg_confidence/coronacases_005_slice_0221.npy,/kaggle/working/scribble-uncertainty-lung-segmentation/outputs/uncertainty_maps/weak_bg_entropy/coronacases_005_slice_0221.npy,12,57717,0,0,8.333333134658005e-09,False
coronacases_005,222,/kaggle/working/scribble-uncertainty-lung-segmentation/data/pseudo_labels/weak_bg_entropy/coronacases_005_slice_0222.npy,/kaggle/working/scribble-uncertainty-lung-segmentation/data/pseudo_labels/weak_bg_confidence/coronacases_005_slice_0222.npy,/kaggle/working/scribble-uncertainty-lung-segmentation/outputs/uncertainty_maps/weak_bg_entropy/coronacases_005_slice_0222.npy,19,57839,0,0,5.263157909496385e-09,False
coronacases_005,223,/kaggle/working/scribble-uncertainty-lung-segmentation/data/pseudo_labels/weak_bg_entropy/coronacases_005_slice_0223.npy,/kaggle/working/scribble-uncertainty-lung-segmentation/data/pseudo_labels/weak_bg_confidence/coronacases_005_slice_0223.npy,/kaggle/working/scribble-uncertainty-lung-segmentation/outputs/uncertainty_maps/weak_bg_entropy/coronacases_005_slice_0223.npy,16,57890,0,0,6.250000073038109e-09,False
coronacases_005,224,/kaggle/working/scribble-uncertainty-lung-segmentation/data/pseudo_labels/weak_bg_entropy/coronacases_005_slice_0224.npy,/kaggle/working/scribble-uncertainty-lung-segmentation/data/pseudo_labels/weak_bg_confidence/coronacases_005_slice_0224.npy,/kaggle/working/scribble-uncertainty-lung-segmentation/outputs/uncertainty_maps/weak_bg_entropy/coronacases_005_slice_0224.npy,11,58031,0,0,9.090909358633326e-09,False
coronacases_005,225,/kaggle/working/scribble-uncertainty-lung-segmentation/data/pseudo_labels/weak_bg_entropy/coronacases_005_slice_0225.npy,/kaggle/working/scribble-uncertainty-lung-segmentation/data/pseudo_labels/weak_bg_confidence/coronacases_005_slice_0225.npy,/kaggle/working/scribble-uncertainty-lung-segmentation/outputs/uncertainty_maps/weak_bg_entropy/coronacases_005_slice_0225.npy,24,58161,0,0,4.166666567329003e-09,False
coronacases_005,226,/kaggle/working/scribble-uncertainty-lung-segmentation/data/pseudo_labels/weak_bg_entropy/coronacases_005_slice_0226.npy,/kaggle/working/scribble-uncertainty-lung-segmentation/data/pseudo_labels/weak_bg_confidence/coronacases_005_slice_0226.npy,/kaggle/working/scribble-uncertainty-lung-segmentation/outputs/uncertainty_maps/weak_bg_entropy/coronacases_005_slice_0226.npy,0,58270,0,0,1.0,False
coronacases_005,227,/kaggle/working/scribble-uncertainty-lung-segmentation/data/pseudo_labels/weak_bg_entropy/coronacases_005_slice_0227.npy,/kaggle/working/scribble-uncertainty-lung-segmentation/data/pseudo_labels/weak_bg_confidence/coronacases_005_slice_0227.npy,/kaggle/working/scribble-uncertainty-lung-segmentation/outputs/uncertainty_maps/weak_bg_entropy/coronacases_005_slice_0227.npy,0,58437,0,0,1.0,False
coronacases_005,228,/kaggle/working/scribble-uncertainty-lung-segmentation/data/pseudo_labels/weak_bg_entropy/coronacases_005_slice_0228.npy,/kaggle/working/scribble-uncertainty-lung-segmentation/data/pseudo_labels/weak_bg_confidence/coronacases_005_slice_0228.npy,/kaggle/working/scribble-uncertainty-lung-segmentation/outputs/uncertainty_maps/weak_bg_entropy/coronacases_005_slice_0228.npy,22,58586,0,0,4.545454679316663e-09,False
coronacases_005,229,/kaggle/working/scribble-uncertainty-lung-segmentation/data/pseudo_labels/weak_bg_entropy/coronacases_005_slice_0229.npy,/kaggle/working/scribble-uncertainty-lung-segmentation/data/pseudo_labels/weak_bg_confidence/coronacases_005_slice_0229.npy,/kaggle/working/scribble-uncertainty-lung-segmentation/outputs/uncertainty_maps/weak_bg_entropy/coronacases_005_slice_0229.npy,73,58798,0,0,1.369863000810767e-09,False
coronacases_005,230,/kaggle/working/scribble-uncertainty-lung-segmentation/data/pseudo_labels/weak_bg_entropy/coronacases_005_slice_0230.npy,/kaggle/working/scribble-uncertainty-lung-segmentation/data/pseudo_labels/weak_bg_confidence/coronacases_005_slice_0230.npy,/kaggle/working/scribble-uncertainty-lung-segmentation/outputs/uncertainty_maps/weak_bg_entropy/coronacases_005_slice_0230.npy,13,58925,0,0,7.692308123807834e-09,False
coronacases_005,231,/kaggle/working/scribble-uncertainty-lung-segmentation/data/pseudo_labels/weak_bg_entropy/coronacases_005_slice_0231.npy,/kaggle/working/scribble-uncertainty-lung-segmentation/data/pseudo_labels/weak_bg_confidence/coronacases_005_slice_0231.npy,/kaggle/working/scribble-uncertainty-lung-segmentation/outputs/uncertainty_maps/weak_bg_entropy/coronacases_005_slice_0231.npy,19,59123,0,0,5.263157909496385e-09,False
coronacases_005,232,/kaggle/working/scribble-uncertainty-lung-segmentation/data/pseudo_labels/weak_bg_entropy/coronacases_005_slice_0232.npy,/kaggle/working/scribble-uncertainty-lung-segmentation/data/pseudo_labels/weak_bg_confidence/coronacases_005_slice_0232.npy,/kaggle/working/scribble-uncertainty-lung-segmentation/outputs/uncertainty_maps/weak_bg_entropy/coronacases_005_slice_0232.npy,29,59292,0,0,3.448275887052432e-09,False
coronacases_005,233,/kaggle/working/scribble-uncertainty-lung-segmentation/data/pseudo_labels/weak_bg_entropy/coronacases_005_slice_0233.npy,/kaggle/working/scribble-uncertainty-lung-segmentation/data/pseudo_labels/weak_bg_confidence/coronacases_005_slice_0233.npy,/kaggle/working/scribble-uncertainty-lung-segmentation/outputs/uncertainty_maps/weak_bg_entropy/coronacases_005_slice_0233.npy,95,59505,0,0,1.052631537490356e-09,False
coronacases_005,234,/kaggle/working/scribble-uncertainty-lung-segmentation/data/pseudo_labels/weak_bg_entropy/coronacases_005_slice_0234.npy,/kaggle/working/scribble-uncertainty-lung-segmentation/data/pseudo_labels/weak_bg_confidence/coronacases_005_slice_0234.npy,/kaggle/working/scribble-uncertainty-lung-segmentation/outputs/uncertainty_maps/weak_bg_entropy/coronacases_005_slice_0234.npy,99,59693,0,0,1.0101010028407131e-09,False
coronacases_005,235,/kaggle/working/scribble-uncertainty-lung-segmentation/data/pseudo_labels/weak_bg_entropy/coronacases_005_slice_0235.npy,/kaggle/working/scribble-uncertainty-lung-segmentation/data/pseudo_labels/weak_bg_confidence/coronacases_005_slice_0235.npy,/kaggle/working/scribble-uncertainty-lung-segmentation/outputs/uncertainty_maps/weak_bg_entropy/coronacases_005_slice_0235.npy,71,59770,0,0,1.4084506894107562e-09,False
coronacases_005,236,/kaggle/working/scribble-uncertainty-lung-segmentation/data/pseudo_labels/weak_bg_entropy/coronacases_005_slice_0236.npy,/kaggle/working/scribble-uncertainty-lung-segmentation/data/pseudo_labels/weak_bg_confidence/coronacases_005_slice_0236.npy,/kaggle/working/scribble-uncertainty-lung-segmentation/outputs/uncertainty_maps/weak_bg_entropy/coronacases_005_slice_0236.npy,27,59911,0,0,3.7037037881049173e-09,False
coronacases_005,237,/kaggle/working/scribble-uncertainty-lung-segmentation/data/pseudo_labels/weak_bg_entropy/coronacases_005_slice_0237.npy,/kaggle/working/scribble-uncertainty-lung-segmentation/data/pseudo_labels/weak_bg_confidence/coronacases_005_slice_0237.npy,/kaggle/working/scribble-uncertainty-lung-segmentation/outputs/uncertainty_maps/weak_bg_entropy/coronacases_005_slice_0237.npy,23,60027,0,0,4.347826099149188e-09,False
coronacases_005,238,/kaggle/working/scribble-uncertainty-lung-segmentation/data/pseudo_labels/weak_bg_entropy/coronacases_005_slice_0238.npy,/kaggle/working/scribble-uncertainty-lung-segmentation/data/pseudo_labels/weak_bg_confidence/coronacases_005_slice_0238.npy,/kaggle/working/scribble-uncertainty-lung-segmentation/outputs/uncertainty_maps/weak_bg_entropy/coronacases_005_slice_0238.npy,77,60194,0,0,1.2987013686682758e-09,False
coronacases_005,239,/kaggle/working/scribble-uncertainty-lung-segmentation/data/pseudo_labels/weak_bg_entropy/coronacases_005_slice_0239.npy,/kaggle/working/scribble-uncertainty-lung-segmentation/data/pseudo_labels/weak_bg_confidence/coronacases_005_slice_0239.npy,/kaggle/working/scribble-uncertainty-lung-segmentation/outputs/uncertainty_maps/weak_bg_entropy/coronacases_005_slice_0239.npy,114,60354,0,0,8.771929849160642e-10,False
coronacases_005,240,/kaggle/working/scribble-uncertainty-lung-segmentation/data/pseudo_labels/weak_bg_entropy/coronacases_005_slice_0240.npy,/kaggle/working/scribble-uncertainty-lung-segmentation/data/pseudo_labels/weak_bg_confidence/coronacases_005_slice_0240.npy,/kaggle/working/scribble-uncertainty-lung-segmentation/outputs/uncertainty_maps/weak_bg_entropy/coronacases_005_slice_0240.npy,95,60463,0,0,1.052631537490356e-09,False
coronacases_005,241,/kaggle/working/scribble-uncertainty-lung-segmentation/data/pseudo_labels/weak_bg_entropy/coronacases_005_slice_0241.npy,/kaggle/working/scribble-uncertainty-lung-segmentation/data/pseudo_labels/weak_bg_confidence/coronacases_005_slice_0241.npy,/kaggle/working/scribble-uncertainty-lung-segmentation/outputs/uncertainty_maps/weak_bg_entropy/coronacases_005_slice_0241.npy,54,60601,0,0,1.8518518940524586e-09,False
coronacases_005,242,/kaggle/working/scribble-uncertainty-lung-segmentation/data/pseudo_labels/weak_bg_entropy/coronacases_005_slice_0242.npy,/kaggle/working/scribble-uncertainty-lung-segmentation/data/pseudo_labels/weak_bg_confidence/coronacases_005_slice_0242.npy,/kaggle/working/scribble-uncertainty-lung-segmentation/outputs/uncertainty_maps/weak_bg_entropy/coronacases_005_slice_0242.npy,6,60707,0,0,1.666666626931601e-08,False
coronacases_005,243,/kaggle/working/scribble-uncertainty-lung-segmentation/data/pseudo_labels/weak_bg_entropy/coronacases_005_slice_0243.npy,/kaggle/working/scribble-uncertainty-lung-segmentation/data/pseudo_labels/weak_bg_confidence/coronacases_005_slice_0243.npy,/kaggle/working/scribble-uncertainty-lung-segmentation/outputs/uncertainty_maps/weak_bg_entropy/coronacases_005_slice_0243.npy,0,60866,0,0,1.0,False
coronacases_005,244,/kaggle/working/scribble-uncertainty-lung-segmentation/data/pseudo_labels/weak_bg_entropy/coronacases_005_slice_0244.npy,/kaggle/working/scribble-uncertainty-lung-segmentation/data/pseudo_labels/weak_bg_confidence/coronacases_005_slice_0244.npy,/kaggle/working/scribble-uncertainty-lung-segmentation/outputs/uncertainty_maps/weak_bg_entropy/coronacases_005_slice_0244.npy,9,61060,0,0,1.1111111142270147e-08,False
coronacases_005,245,/kaggle/working/scribble-uncertainty-lung-segmentation/data/pseudo_labels/weak_bg_entropy/coronacases_005_slice_0245.npy,/kaggle/working/scribble-uncertainty-lung-segmentation/data/pseudo_labels/weak_bg_confidence/coronacases_005_slice_0245.npy,/kaggle/working/scribble-uncertainty-lung-segmentation/outputs/uncertainty_maps/weak_bg_entropy/coronacases_005_slice_0245.npy,37,61171,0,0,2.7027027282855443e-09,False
coronacases_005,246,/kaggle/working/scribble-uncertainty-lung-segmentation/data/pseudo_labels/weak_bg_entropy/coronacases_005_slice_0246.npy,/kaggle/working/scribble-uncertainty-lung-segmentation/data/pseudo_labels/weak_bg_confidence/coronacases_005_slice_0246.npy,/kaggle/working/scribble-uncertainty-lung-segmentation/outputs/uncertainty_maps/weak_bg_entropy/coronacases_005_slice_0246.npy,29,61304,0,0,3.448275887052432e-09,False
coronacases_005,247,/kaggle/working/scribble-uncertainty-lung-segmentation/data/pseudo_labels/weak_bg_entropy/coronacases_005_slice_0247.npy,/kaggle/working/scribble-uncertainty-lung-segmentation/data/pseudo_labels/weak_bg_confidence/coronacases_005_slice_0247.npy,/kaggle/working/scribble-uncertainty-lung-segmentation/outputs/uncertainty_maps/weak_bg_entropy/coronacases_005_slice_0247.npy,5,61439,0,0,1.999999987845058e-08,False
coronacases_005,248,/kaggle/working/scribble-uncertainty-lung-segmentation/data/pseudo_labels/weak_bg_entropy/coronacases_005_slice_0248.npy,/kaggle/working/scribble-uncertainty-lung-segmentation/data/pseudo_labels/weak_bg_confidence/coronacases_005_slice_0248.npy,/kaggle/working/scribble-uncertainty-lung-segmentation/outputs/uncertainty_maps/weak_bg_entropy/coronacases_005_slice_0248.npy,0,61590,0,0,1.0,False
coronacases_005,249,/kaggle/working/scribble-uncertainty-lung-segmentation/data/pseudo_labels/weak_bg_entropy/coronacases_005_slice_0249.npy,/kaggle/working/scribble-uncertainty-lung-segmentation/data/pseudo_labels/weak_bg_confidence/coronacases_005_slice_0249.npy,/kaggle/working/scribble-uncertainty-lung-segmentation/outputs/uncertainty_maps/weak_bg_entropy/coronacases_005_slice_0249.npy,0,61669,0,0,1.0,False
coronacases_005,250,/kaggle/working/scribble-uncertainty-lung-segmentation/data/pseudo_labels/weak_bg_entropy/coronacases_005_slice_0250.npy,/kaggle/working/scribble-uncertainty-lung-segmentation/data/pseudo_labels/weak_bg_confidence/coronacases_005_slice_0250.npy,/kaggle/working/scribble-uncertainty-lung-segmentation/outputs/uncertainty_maps/weak_bg_entropy/coronacases_005_slice_0250.npy,11,61789,0,0,9.090909358633326e-09,False
coronacases_005,251,/kaggle/working/scribble-uncertainty-lung-segmentation/data/pseudo_labels/weak_bg_entropy/coronacases_005_slice_0251.npy,/kaggle/working/scribble-uncertainty-lung-segmentation/data/pseudo_labels/weak_bg_confidence/coronacases_005_slice_0251.npy,/kaggle/working/scribble-uncertainty-lung-segmentation/outputs/uncertainty_maps/weak_bg_entropy/coronacases_005_slice_0251.npy,18,61920,0,0,5.5555555711350735e-09,False
coronacases_005,252,/kaggle/working/scribble-uncertainty-lung-segmentation/data/pseudo_labels/weak_bg_entropy/coronacases_005_slice_0252.npy,/kaggle/working/scribble-uncertainty-lung-segmentation/data/pseudo_labels/weak_bg_confidence/coronacases_005_slice_0252.npy,/kaggle/working/scribble-uncertainty-lung-segmentation/outputs/uncertainty_maps/weak_bg_entropy/coronacases_005_slice_0252.npy,11,62042,0,0,9.090909358633326e-09,False
coronacases_005,253,/kaggle/working/scribble-uncertainty-lung-segmentation/data/pseudo_labels/weak_bg_entropy/coronacases_005_slice_0253.npy,/kaggle/working/scribble-uncertainty-lung-segmentation/data/pseudo_labels/weak_bg_confidence/coronacases_005_slice_0253.npy,/kaggle/working/scribble-uncertainty-lung-segmentation/outputs/uncertainty_maps/weak_bg_entropy/coronacases_005_slice_0253.npy,39,62190,0,0,2.5641024858913397e-09,False
coronacases_005,254,/kaggle/working/scribble-uncertainty-lung-segmentation/data/pseudo_labels/weak_bg_entropy/coronacases_005_slice_0254.npy,/kaggle/working/scribble-uncertainty-lung-segmentation/data/pseudo_labels/weak_bg_confidence/coronacases_005_slice_0254.npy,/kaggle/working/scribble-uncertainty-lung-segmentation/outputs/uncertainty_maps/weak_bg_entropy/coronacases_005_slice_0254.npy,33,62321,0,0,3.030303119544442e-09,False
coronacases_005,255,/kaggle/working/scribble-uncertainty-lung-segmentation/data/pseudo_labels/weak_bg_entropy/coronacases_005_slice_0255.npy,/kaggle/working/scribble-uncertainty-lung-segmentation/data/pseudo_labels/weak_bg_confidence/coronacases_005_slice_0255.npy,/kaggle/working/scribble-uncertainty-lung-segmentation/outputs/uncertainty_maps/weak_bg_entropy/coronacases_005_slice_0255.npy,50,62488,0,0,1.999999943436137e-09,False
coronacases_005,256,/kaggle/working/scribble-uncertainty-lung-segmentation/data/pseudo_labels/weak_bg_entropy/coronacases_005_slice_0256.npy,/kaggle/working/scribble-uncertainty-lung-segmentation/data/pseudo_labels/weak_bg_confidence/coronacases_005_slice_0256.npy,/kaggle/working/scribble-uncertainty-lung-segmentation/outputs/uncertainty_maps/weak_bg_entropy/coronacases_005_slice_0256.npy,41,62603,0,0,2.4390243158478597e-09,False
coronacases_005,257,/kaggle/working/scribble-uncertainty-lung-segmentation/data/pseudo_labels/weak_bg_entropy/coronacases_005_slice_0257.npy,/kaggle/working/scribble-uncertainty-lung-segmentation/data/pseudo_labels/weak_bg_confidence/coronacases_005_slice_0257.npy,/kaggle/working/scribble-uncertainty-lung-segmentation/outputs/uncertainty_maps/weak_bg_entropy/coronacases_005_slice_0257.npy,35,62749,0,0,2.8571429666612858e-09,False
coronacases_005,258,/kaggle/working/scribble-uncertainty-lung-segmentation/data/pseudo_labels/weak_bg_entropy/coronacases_005_slice_0258.npy,/kaggle/working/scribble-uncertainty-lung-segmentation/data/pseudo_labels/weak_bg_confidence/coronacases_005_slice_0258.npy,/kaggle/working/scribble-uncertainty-lung-segmentation/outputs/uncertainty_maps/weak_bg_entropy/coronacases_005_slice_0258.npy,27,62871,0,0,3.7037037881049173e-09,False
coronacases_005,259,/kaggle/working/scribble-uncertainty-lung-segmentation/data/pseudo_labels/weak_bg_entropy/coronacases_005_slice_0259.npy,/kaggle/working/scribble-uncertainty-lung-segmentation/data/pseudo_labels/weak_bg_confidence/coronacases_005_slice_0259.npy,/kaggle/working/scribble-uncertainty-lung-segmentation/outputs/uncertainty_maps/weak_bg_entropy/coronacases_005_slice_0259.npy,0,62979,0,0,1.0,False
coronacases_005,260,/kaggle/working/scribble-uncertainty-lung-segmentation/data/pseudo_labels/weak_bg_entropy/coronacases_005_slice_0260.npy,/kaggle/working/scribble-uncertainty-lung-segmentation/data/pseudo_labels/weak_bg_confidence/coronacases_005_slice_0260.npy,/kaggle/working/scribble-uncertainty-lung-segmentation/outputs/uncertainty_maps/weak_bg_entropy/coronacases_005_slice_0260.npy,20,63117,0,0,4.999999969612645e-09,False
coronacases_005,261,/kaggle/working/scribble-uncertainty-lung-segmentation/data/pseudo_labels/weak_bg_entropy/coronacases_005_slice_0261.npy,/kaggle/working/scribble-uncertainty-lung-segmentation/data/pseudo_labels/weak_bg_confidence/coronacases_005_slice_0261.npy,/kaggle/working/scribble-uncertainty-lung-segmentation/outputs/uncertainty_maps/weak_bg_entropy/coronacases_005_slice_0261.npy,32,63293,0,0,3.1250000365190544e-09,False
coronacases_005,262,/kaggle/working/scribble-uncertainty-lung-segmentation/data/pseudo_labels/weak_bg_entropy/coronacases_005_slice_0262.npy,/kaggle/working/scribble-uncertainty-lung-segmentation/data/pseudo_labels/weak_bg_confidence/coronacases_005_slice_0262.npy,/kaggle/working/scribble-uncertainty-lung-segmentation/outputs/uncertainty_maps/weak_bg_entropy/coronacases_005_slice_0262.npy,16,63410,0,0,6.250000073038109e-09,False
coronacases_005,263,/kaggle/working/scribble-uncertainty-lung-segmentation/data/pseudo_labels/weak_bg_entropy/coronacases_005_slice_0263.npy,/kaggle/working/scribble-uncertainty-lung-segmentation/data/pseudo_labels/weak_bg_confidence/coronacases_005_slice_0263.npy,/kaggle/working/scribble-uncertainty-lung-segmentation/outputs/uncertainty_maps/weak_bg_entropy/coronacases_005_slice_0263.npy,0,63522,0,0,1.0,False
coronacases_005,264,/kaggle/working/scribble-uncertainty-lung-segmentation/data/pseudo_labels/weak_bg_entropy/coronacases_005_slice_0264.npy,/kaggle/working/scribble-uncertainty-lung-segmentation/data/pseudo_labels/weak_bg_confidence/coronacases_005_slice_0264.npy,/kaggle/working/scribble-uncertainty-lung-segmentation/outputs/uncertainty_maps/weak_bg_entropy/coronacases_005_slice_0264.npy,0,63662,0,0,1.0,False
coronacases_005,265,/kaggle/working/scribble-uncertainty-lung-segmentation/data/pseudo_labels/weak_bg_entropy/coronacases_005_slice_0265.npy,/kaggle/working/scribble-uncertainty-lung-segmentation/data/pseudo_labels/weak_bg_confidence/coronacases_005_slice_0265.npy,/kaggle/working/scribble-uncertainty-lung-segmentation/outputs/uncertainty_maps/weak_bg_entropy/coronacases_005_slice_0265.npy,9,63803,0,0,1.1111111142270147e-08,False
coronacases_005,266,/kaggle/working/scribble-uncertainty-lung-segmentation/data/pseudo_labels/weak_bg_entropy/coronacases_005_slice_0266.npy,/kaggle/working/scribble-uncertainty-lung-segmentation/data/pseudo_labels/weak_bg_confidence/coronacases_005_slice_0266.npy,/kaggle/working/scribble-uncertainty-lung-segmentation/outputs/uncertainty_maps/weak_bg_entropy/coronacases_005_slice_0266.npy,20,63925,0,0,4.999999969612645e-09,False
coronacases_005,267,/kaggle/working/scribble-uncertainty-lung-segmentation/data/pseudo_labels/weak_bg_entropy/coronacases_005_slice_0267.npy,/kaggle/working/scribble-uncertainty-lung-segmentation/data/pseudo_labels/weak_bg_confidence/coronacases_005_slice_0267.npy,/kaggle/working/scribble-uncertainty-lung-segmentation/outputs/uncertainty_maps/weak_bg_entropy/coronacases_005_slice_0267.npy,5,64032,0,0,1.999999987845058e-08,False
coronacases_005,268,/kaggle/working/scribble-uncertainty-lung-segmentation/data/pseudo_labels/weak_bg_entropy/coronacases_005_slice_0268.npy,/kaggle/working/scribble-uncertainty-lung-segmentation/data/pseudo_labels/weak_bg_confidence/coronacases_005_slice_0268.npy,/kaggle/working/scribble-uncertainty-lung-segmentation/outputs/uncertainty_maps/weak_bg_entropy/coronacases_005_slice_0268.npy,0,64126,0,0,1.0,False
coronacases_005,269,/kaggle/working/scribble-uncertainty-lung-segmentation/data/pseudo_labels/weak_bg_entropy/coronacases_005_slice_0269.npy,/kaggle/working/scribble-uncertainty-lung-segmentation/data/pseudo_labels/weak_bg_confidence/coronacases_005_slice_0269.npy,/kaggle/working/scribble-uncertainty-lung-segmentation/outputs/uncertainty_maps/weak_bg_entropy/coronacases_005_slice_0269.npy,12,64232,0,0,8.333333134658005e-09,False
coronacases_005,270,/kaggle/working/scribble-uncertainty-lung-segmentation/data/pseudo_labels/weak_bg_entropy/coronacases_005_slice_0270.npy,/kaggle/working/scribble-uncertainty-lung-segmentation/data/pseudo_labels/weak_bg_confidence/coronacases_005_slice_0270.npy,/kaggle/working/scribble-uncertainty-lung-segmentation/outputs/uncertainty_maps/weak_bg_entropy/coronacases_005_slice_0270.npy,0,64332,0,0,1.0,False
coronacases_005,271,/kaggle/working/scribble-uncertainty-lung-segmentation/data/pseudo_labels/weak_bg_entropy/coronacases_005_slice_0271.npy,/kaggle/working/scribble-uncertainty-lung-segmentation/data/pseudo_labels/weak_bg_confidence/coronacases_005_slice_0271.npy,/kaggle/working/scribble-uncertainty-lung-segmentation/outputs/uncertainty_maps/weak_bg_entropy/coronacases_005_slice_0271.npy,0,64491,0,0,1.0,False
coronacases_005,272,/kaggle/working/scribble-uncertainty-lung-segmentation/data/pseudo_labels/weak_bg_entropy/coronacases_005_slice_0272.npy,/kaggle/working/scribble-uncertainty-lung-segmentation/data/pseudo_labels/weak_bg_confidence/coronacases_005_slice_0272.npy,/kaggle/working/scribble-uncertainty-lung-segmentation/outputs/uncertainty_maps/weak_bg_entropy/coronacases_005_slice_0272.npy,0,64590,0,0,1.0,False
coronacases_005,273,/kaggle/working/scribble-uncertainty-lung-segmentation/data/pseudo_labels/weak_bg_entropy/coronacases_005_slice_0273.npy,/kaggle/working/scribble-uncertainty-lung-segmentation/data/pseudo_labels/weak_bg_confidence/coronacases_005_slice_0273.npy,/kaggle/working/scribble-uncertainty-lung-segmentation/outputs/uncertainty_maps/weak_bg_entropy/coronacases_005_slice_0273.npy,0,64714,0,0,1.0,False
coronacases_005,274,/kaggle/working/scribble-uncertainty-lung-segmentation/data/pseudo_labels/weak_bg_entropy/coronacases_005_slice_0274.npy,/kaggle/working/scribble-uncertainty-lung-segmentation/data/pseudo_labels/weak_bg_confidence/coronacases_005_slice_0274.npy,/kaggle/working/scribble-uncertainty-lung-segmentation/outputs/uncertainty_maps/weak_bg_entropy/coronacases_005_slice_0274.npy,0,64893,0,0,1.0,False
coronacases_005,275,/kaggle/working/scribble-uncertainty-lung-segmentation/data/pseudo_labels/weak_bg_entropy/coronacases_005_slice_0275.npy,/kaggle/working/scribble-uncertainty-lung-segmentation/data/pseudo_labels/weak_bg_confidence/coronacases_005_slice_0275.npy,/kaggle/working/scribble-uncertainty-lung-segmentation/outputs/uncertainty_maps/weak_bg_entropy/coronacases_005_slice_0275.npy,0,65050,0,0,1.0,False
coronacases_005,276,/kaggle/working/scribble-uncertainty-lung-segmentation/data/pseudo_labels/weak_bg_entropy/coronacases_005_slice_0276.npy,/kaggle/working/scribble-uncertainty-lung-segmentation/data/pseudo_labels/weak_bg_confidence/coronacases_005_slice_0276.npy,/kaggle/working/scribble-uncertainty-lung-segmentation/outputs/uncertainty_maps/weak_bg_entropy/coronacases_005_slice_0276.npy,0,65303,0,0,1.0,False
coronacases_005,277,/kaggle/working/scribble-uncertainty-lung-segmentation/data/pseudo_labels/weak_bg_entropy/coronacases_005_slice_0277.npy,/kaggle/working/scribble-uncertainty-lung-segmentation/data/pseudo_labels/weak_bg_confidence/coronacases_005_slice_0277.npy,/kaggle/working/scribble-uncertainty-lung-segmentation/outputs/uncertainty_maps/weak_bg_entropy/coronacases_005_slice_0277.npy,0,65432,0,0,1.0,False
coronacases_005,278,/kaggle/working/scribble-uncertainty-lung-segmentation/data/pseudo_labels/weak_bg_entropy/coronacases_005_slice_0278.npy,/kaggle/working/scribble-uncertainty-lung-segmentation/data/pseudo_labels/weak_bg_confidence/coronacases_005_slice_0278.npy,/kaggle/working/scribble-uncertainty-lung-segmentation/outputs/uncertainty_maps/weak_bg_entropy/coronacases_005_slice_0278.npy,0,65500,0,0,1.0,False
coronacases_006,19,/kaggle/working/scribble-uncertainty-lung-segmentation/data/pseudo_labels/weak_bg_entropy/coronacases_006_slice_0019.npy,/kaggle/working/scribble-uncertainty-lung-segmentation/data/pseudo_labels/weak_bg_confidence/coronacases_006_slice_0019.npy,/kaggle/working/scribble-uncertainty-lung-segmentation/outputs/uncertainty_maps/weak_bg_entropy/coronacases_006_slice_0019.npy,0,65536,0,0,1.0,False
coronacases_006,20,/kaggle/working/scribble-uncertainty-lung-segmentation/data/pseudo_labels/weak_bg_entropy/coronacases_006_slice_0020.npy,/kaggle/working/scribble-uncertainty-lung-segmentation/data/pseudo_labels/weak_bg_confidence/coronacases_006_slice_0020.npy,/kaggle/working/scribble-uncertainty-lung-segmentation/outputs/uncertainty_maps/weak_bg_entropy/coronacases_006_slice_0020.npy,0,65536,0,0,1.0,False
coronacases_006,21,/kaggle/working/scribble-uncertainty-lung-segmentation/data/pseudo_labels/weak_bg_entropy/coronacases_006_slice_0021.npy,/kaggle/working/scribble-uncertainty-lung-segmentation/data/pseudo_labels/weak_bg_confidence/coronacases_006_slice_0021.npy,/kaggle/working/scribble-uncertainty-lung-segmentation/outputs/uncertainty_maps/weak_bg_entropy/coronacases_006_slice_0021.npy,0,65536,0,0,1.0,False
coronacases_006,22,/kaggle/working/scribble-uncertainty-lung-segmentation/data/pseudo_labels/weak_bg_entropy/coronacases_006_slice_0022.npy,/kaggle/working/scribble-uncertainty-lung-segmentation/data/pseudo_labels/weak_bg_confidence/coronacases_006_slice_0022.npy,/kaggle/working/scribble-uncertainty-lung-segmentation/outputs/uncertainty_maps/weak_bg_entropy/coronacases_006_slice_0022.npy,0,65536,0,0,1.0,False
coronacases_006,23,/kaggle/working/scribble-uncertainty-lung-segmentation/data/pseudo_labels/weak_bg_entropy/coronacases_006_slice_0023.npy,/kaggle/working/scribble-uncertainty-lung-segmentation/data/pseudo_labels/weak_bg_confidence/coronacases_006_slice_0023.npy,/kaggle/working/scribble-uncertainty-lung-segmentation/outputs/uncertainty_maps/weak_bg_entropy/coronacases_006_slice_0023.npy,0,65536,0,0,1.0,False
coronacases_006,24,/kaggle/working/scribble-uncertainty-lung-segmentation/data/pseudo_labels/weak_bg_entropy/coronacases_006_slice_0024.npy,/kaggle/working/scribble-uncertainty-lung-segmentation/data/pseudo_labels/weak_bg_confidence/coronacases_006_slice_0024.npy,/kaggle/working/scribble-uncertainty-lung-segmentation/outputs/uncertainty_maps/weak_bg_entropy/coronacases_006_slice_0024.npy,0,65536,0,0,1.0,False
coronacases_006,25,/kaggle/working/scribble-uncertainty-lung-segmentation/data/pseudo_labels/weak_bg_entropy/coronacases_006_slice_0025.npy,/kaggle/working/scribble-uncertainty-lung-segmentation/data/pseudo_labels/weak_bg_confidence/coronacases_006_slice_0025.npy,/kaggle/working/scribble-uncertainty-lung-segmentation/outputs/uncertainty_maps/weak_bg_entropy/coronacases_006_slice_0025.npy,0,65536,0,0,1.0,False
coronacases_006,26,/kaggle/working/scribble-uncertainty-lung-segmentation/data/pseudo_labels/weak_bg_entropy/coronacases_006_slice_0026.npy,/kaggle/working/scribble-uncertainty-lung-segmentation/data/pseudo_labels/weak_bg_confidence/coronacases_006_slice_0026.npy,/kaggle/working/scribble-uncertainty-lung-segmentation/outputs/uncertainty_maps/weak_bg_entropy/coronacases_006_slice_0026.npy,0,65536,0,0,1.0,False
coronacases_006,27,/kaggle/working/scribble-uncertainty-lung-segmentation/data/pseudo_labels/weak_bg_entropy/coronacases_006_slice_0027.npy,/kaggle/working/scribble-uncertainty-lung-segmentation/data/pseudo_labels/weak_bg_confidence/coronacases_006_slice_0027.npy,/kaggle/working/scribble-uncertainty-lung-segmentation/outputs/uncertainty_maps/weak_bg_entropy/coronacases_006_slice_0027.npy,0,65536,0,0,1.0,False
coronacases_006,28,/kaggle/working/scribble-uncertainty-lung-segmentation/data/pseudo_labels/weak_bg_entropy/coronacases_006_slice_0028.npy,/kaggle/working/scribble-uncertainty-lung-segmentation/data/pseudo_labels/weak_bg_confidence/coronacases_006_slice_0028.npy,/kaggle/working/scribble-uncertainty-lung-segmentation/outputs/uncertainty_maps/weak_bg_entropy/coronacases_006_slice_0028.npy,0,65426,0,0,1.0,False
coronacases_006,29,/kaggle/working/scribble-uncertainty-lung-segmentation/data/pseudo_labels/weak_bg_entropy/coronacases_006_slice_0029.npy,/kaggle/working/scribble-uncertainty-lung-segmentation/data/pseudo_labels/weak_bg_confidence/coronacases_006_slice_0029.npy,/kaggle/working/scribble-uncertainty-lung-segmentation/outputs/uncertainty_maps/weak_bg_entropy/coronacases_006_slice_0029.npy,0,65326,0,0,1.0,False
coronacases_006,30,/kaggle/working/scribble-uncertainty-lung-segmentation/data/pseudo_labels/weak_bg_entropy/coronacases_006_slice_0030.npy,/kaggle/working/scribble-uncertainty-lung-segmentation/data/pseudo_labels/weak_bg_confidence/coronacases_006_slice_0030.npy,/kaggle/working/scribble-uncertainty-lung-segmentation/outputs/uncertainty_maps/weak_bg_entropy/coronacases_006_slice_0030.npy,0,65313,0,0,1.0,False
coronacases_006,31,/kaggle/working/scribble-uncertainty-lung-segmentation/data/pseudo_labels/weak_bg_entropy/coronacases_006_slice_0031.npy,/kaggle/working/scribble-uncertainty-lung-segmentation/data/pseudo_labels/weak_bg_confidence/coronacases_006_slice_0031.npy,/kaggle/working/scribble-uncertainty-lung-segmentation/outputs/uncertainty_maps/weak_bg_entropy/coronacases_006_slice_0031.npy,0,65176,0,0,1.0,False
coronacases_006,32,/kaggle/working/scribble-uncertainty-lung-segmentation/data/pseudo_labels/weak_bg_entropy/coronacases_006_slice_0032.npy,/kaggle/working/scribble-uncertainty-lung-segmentation/data/pseudo_labels/weak_bg_confidence/coronacases_006_slice_0032.npy,/kaggle/working/scribble-uncertainty-lung-segmentation/outputs/uncertainty_maps/weak_bg_entropy/coronacases_006_slice_0032.npy,0,65102,0,0,1.0,False
coronacases_006,33,/kaggle/working/scribble-uncertainty-lung-segmentation/data/pseudo_labels/weak_bg_entropy/coronacases_006_slice_0033.npy,/kaggle/working/scribble-uncertainty-lung-segmentation/data/pseudo_labels/weak_bg_confidence/coronacases_006_slice_0033.npy,/kaggle/working/scribble-uncertainty-lung-segmentation/outputs/uncertainty_maps/weak_bg_entropy/coronacases_006_slice_0033.npy,15,65025,0,0,6.66666677417993e-09,False
coronacases_006,34,/kaggle/working/scribble-uncertainty-lung-segmentation/data/pseudo_labels/weak_bg_entropy/coronacases_006_slice_0034.npy,/kaggle/working/scribble-uncertainty-lung-segmentation/data/pseudo_labels/weak_bg_confidence/coronacases_006_slice_0034.npy,/kaggle/working/scribble-uncertainty-lung-segmentation/outputs/uncertainty_maps/weak_bg_entropy/coronacases_006_slice_0034.npy,0,64916,0,0,1.0,False
coronacases_006,35,/kaggle/working/scribble-uncertainty-lung-segmentation/data/pseudo_labels/weak_bg_entropy/coronacases_006_slice_0035.npy,/kaggle/working/scribble-uncertainty-lung-segmentation/data/pseudo_labels/weak_bg_confidence/coronacases_006_slice_0035.npy,/kaggle/working/scribble-uncertainty-lung-segmentation/outputs/uncertainty_maps/weak_bg_entropy/coronacases_006_slice_0035.npy,6,64725,0,0,1.666666626931601e-08,False
coronacases_006,36,/kaggle/working/scribble-uncertainty-lung-segmentation/data/pseudo_labels/weak_bg_entropy/coronacases_006_slice_0036.npy,/kaggle/working/scribble-uncertainty-lung-segmentation/data/pseudo_labels/weak_bg_confidence/coronacases_006_slice_0036.npy,/kaggle/working/scribble-uncertainty-lung-segmentation/outputs/uncertainty_maps/weak_bg_entropy/coronacases_006_slice_0036.npy,32,64605,0,0,3.1250000365190544e-09,False
coronacases_006,37,/kaggle/working/scribble-uncertainty-lung-segmentation/data/pseudo_labels/weak_bg_entropy/coronacases_006_slice_0037.npy,/kaggle/working/scribble-uncertainty-lung-segmentation/data/pseudo_labels/weak_bg_confidence/coronacases_006_slice_0037.npy,/kaggle/working/scribble-uncertainty-lung-segmentation/outputs/uncertainty_maps/weak_bg_entropy/coronacases_006_slice_0037.npy,74,64536,0,0,1.3513513641427721e-09,False
coronacases_006,38,/kaggle/working/scribble-uncertainty-lung-segmentation/data/pseudo_labels/weak_bg_entropy/coronacases_006_slice_0038.npy,/kaggle/working/scribble-uncertainty-lung-segmentation/data/pseudo_labels/weak_bg_confidence/coronacases_006_slice_0038.npy,/kaggle/working/scribble-uncertainty-lung-segmentation/outputs/uncertainty_maps/weak_bg_entropy/coronacases_006_slice_0038.npy,52,64424,0,0,1.9230770309519585e-09,False
coronacases_006,39,/kaggle/working/scribble-uncertainty-lung-segmentation/data/pseudo_labels/weak_bg_entropy/coronacases_006_slice_0039.npy,/kaggle/working/scribble-uncertainty-lung-segmentation/data/pseudo_labels/weak_bg_confidence/coronacases_006_slice_0039.npy,/kaggle/working/scribble-uncertainty-lung-segmentation/outputs/uncertainty_maps/weak_bg_entropy/coronacases_006_slice_0039.npy,27,64266,0,0,3.7037037881049173e-09,False
coronacases_006,40,/kaggle/working/scribble-uncertainty-lung-segmentation/data/pseudo_labels/weak_bg_entropy/coronacases_006_slice_0040.npy,/kaggle/working/scribble-uncertainty-lung-segmentation/data/pseudo_labels/weak_bg_confidence/coronacases_006_slice_0040.npy,/kaggle/working/scribble-uncertainty-lung-segmentation/outputs/uncertainty_maps/weak_bg_entropy/coronacases_006_slice_0040.npy,109,64246,0,0,9.174311865756124e-10,False
coronacases_006,41,/kaggle/working/scribble-uncertainty-lung-segmentation/data/pseudo_labels/weak_bg_entropy/coronacases_006_slice_0041.npy,/kaggle/working/scribble-uncertainty-lung-segmentation/data/pseudo_labels/weak_bg_confidence/coronacases_006_slice_0041.npy,/kaggle/working/scribble-uncertainty-lung-segmentation/outputs/uncertainty_maps/weak_bg_entropy/coronacases_006_slice_0041.npy,50,64080,0,0,1.999999943436137e-09,False
coronacases_006,42,/kaggle/working/scribble-uncertainty-lung-segmentation/data/pseudo_labels/weak_bg_entropy/coronacases_006_slice_0042.npy,/kaggle/working/scribble-uncertainty-lung-segmentation/data/pseudo_labels/weak_bg_confidence/coronacases_006_slice_0042.npy,/kaggle/working/scribble-uncertainty-lung-segmentation/outputs/uncertainty_maps/weak_bg_entropy/coronacases_006_slice_0042.npy,75,63971,0,0,1.3333333326315255e-09,False
coronacases_006,43,/kaggle/working/scribble-uncertainty-lung-segmentation/data/pseudo_labels/weak_bg_entropy/coronacases_006_slice_0043.npy,/kaggle/working/scribble-uncertainty-lung-segmentation/data/pseudo_labels/weak_bg_confidence/coronacases_006_slice_0043.npy,/kaggle/working/scribble-uncertainty-lung-segmentation/outputs/uncertainty_maps/weak_bg_entropy/coronacases_006_slice_0043.npy,65,63816,0,0,1.5384615803526458e-09,False
coronacases_006,44,/kaggle/working/scribble-uncertainty-lung-segmentation/data/pseudo_labels/weak_bg_entropy/coronacases_006_slice_0044.npy,/kaggle/working/scribble-uncertainty-lung-segmentation/data/pseudo_labels/weak_bg_confidence/coronacases_006_slice_0044.npy,/kaggle/working/scribble-uncertainty-lung-segmentation/outputs/uncertainty_maps/weak_bg_entropy/coronacases_006_slice_0044.npy,93,63657,0,0,1.0752688739401606e-09,False
coronacases_006,45,/kaggle/working/scribble-uncertainty-lung-segmentation/data/pseudo_labels/weak_bg_entropy/coronacases_006_slice_0045.npy,/kaggle/working/scribble-uncertainty-lung-segmentation/data/pseudo_labels/weak_bg_confidence/coronacases_006_slice_0045.npy,/kaggle/working/scribble-uncertainty-lung-segmentation/outputs/uncertainty_maps/weak_bg_entropy/coronacases_006_slice_0045.npy,63,63502,3,11,0.0810810774564743,True
coronacases_006,46,/kaggle/working/scribble-uncertainty-lung-segmentation/data/pseudo_labels/weak_bg_entropy/coronacases_006_slice_0046.npy,/kaggle/working/scribble-uncertainty-lung-segmentation/data/pseudo_labels/weak_bg_confidence/coronacases_006_slice_0046.npy,/kaggle/working/scribble-uncertainty-lung-segmentation/outputs/uncertainty_maps/weak_bg_entropy/coronacases_006_slice_0046.npy,150,63473,3,20,0.0941176488995552,True
coronacases_006,47,/kaggle/working/scribble-uncertainty-lung-segmentation/data/pseudo_labels/weak_bg_entropy/coronacases_006_slice_0047.npy,/kaggle/working/scribble-uncertainty-lung-segmentation/data/pseudo_labels/weak_bg_confidence/coronacases_006_slice_0047.npy,/kaggle/working/scribble-uncertainty-lung-segmentation/outputs/uncertainty_maps/weak_bg_entropy/coronacases_006_slice_0047.npy,211,63381,4,30,0.09958506375551224,True
coronacases_006,48,/kaggle/working/scribble-uncertainty-lung-segmentation/data/pseudo_labels/weak_bg_entropy/coronacases_006_slice_0048.npy,/kaggle/working/scribble-uncertainty-lung-segmentation/data/pseudo_labels/weak_bg_confidence/coronacases_006_slice_0048.npy,/kaggle/working/scribble-uncertainty-lung-segmentation/outputs/uncertainty_maps/weak_bg_entropy/coronacases_006_slice_0048.npy,268,63260,4,35,0.10561056435108185,True
coronacases_006,49,/kaggle/working/scribble-uncertainty-lung-segmentation/data/pseudo_labels/weak_bg_entropy/coronacases_006_slice_0049.npy,/kaggle/working/scribble-uncertainty-lung-segmentation/data/pseudo_labels/weak_bg_confidence/coronacases_006_slice_0049.npy,/kaggle/working/scribble-uncertainty-lung-segmentation/outputs/uncertainty_maps/weak_bg_entropy/coronacases_006_slice_0049.npy,211,63036,4,47,0.1860465109348297,True
coronacases_006,50,/kaggle/working/scribble-uncertainty-lung-segmentation/data/pseudo_labels/weak_bg_entropy/coronacases_006_slice_0050.npy,/kaggle/working/scribble-uncertainty-lung-segmentation/data/pseudo_labels/weak_bg_confidence/coronacases_006_slice_0050.npy,/kaggle/working/scribble-uncertainty-lung-segmentation/outputs/uncertainty_maps/weak_bg_entropy/coronacases_006_slice_0050.npy,283,62847,8,92,0.31466665863990784,True
coronacases_006,51,/kaggle/working/scribble-uncertainty-lung-segmentation/data/pseudo_labels/weak_bg_entropy/coronacases_006_slice_0051.npy,/kaggle/working/scribble-uncertainty-lung-segmentation/data/pseudo_labels/weak_bg_confidence/coronacases_006_slice_0051.npy,/kaggle/working/scribble-uncertainty-lung-segmentation/outputs/uncertainty_maps/weak_bg_entropy/coronacases_006_slice_0051.npy,369,62701,12,147,0.3217054307460785,True
coronacases_006,52,/kaggle/working/scribble-uncertainty-lung-segmentation/data/pseudo_labels/weak_bg_entropy/coronacases_006_slice_0052.npy,/kaggle/working/scribble-uncertainty-lung-segmentation/data/pseudo_labels/weak_bg_confidence/coronacases_006_slice_0052.npy,/kaggle/working/scribble-uncertainty-lung-segmentation/outputs/uncertainty_maps/weak_bg_entropy/coronacases_006_slice_0052.npy,357,62447,11,102,0.2396514117717743,True
coronacases_006,53,/kaggle/working/scribble-uncertainty-lung-segmentation/data/pseudo_labels/weak_bg_entropy/coronacases_006_slice_0053.npy,/kaggle/working/scribble-uncertainty-lung-segmentation/data/pseudo_labels/weak_bg_confidence/coronacases_006_slice_0053.npy,/kaggle/working/scribble-uncertainty-lung-segmentation/outputs/uncertainty_maps/weak_bg_entropy/coronacases_006_slice_0053.npy,466,62298,8,88,0.22382672131061554,True
coronacases_006,54,/kaggle/working/scribble-uncertainty-lung-segmentation/data/pseudo_labels/weak_bg_entropy/coronacases_006_slice_0054.npy,/kaggle/working/scribble-uncertainty-lung-segmentation/data/pseudo_labels/weak_bg_confidence/coronacases_006_slice_0054.npy,/kaggle/working/scribble-uncertainty-lung-segmentation/outputs/uncertainty_maps/weak_bg_entropy/coronacases_006_slice_0054.npy,448,62053,12,106,0.2527075707912445,True
coronacases_006,55,/kaggle/working/scribble-uncertainty-lung-segmentation/data/pseudo_labels/weak_bg_entropy/coronacases_006_slice_0055.npy,/kaggle/working/scribble-uncertainty-lung-segmentation/data/pseudo_labels/weak_bg_confidence/coronacases_006_slice_0055.npy,/kaggle/working/scribble-uncertainty-lung-segmentation/outputs/uncertainty_maps/weak_bg_entropy/coronacases_006_slice_0055.npy,488,61846,11,95,0.22641509771347046,True
coronacases_006,56,/kaggle/working/scribble-uncertainty-lung-segmentation/data/pseudo_labels/weak_bg_entropy/coronacases_006_slice_0056.npy,/kaggle/working/scribble-uncertainty-lung-segmentation/data/pseudo_labels/weak_bg_confidence/coronacases_006_slice_0056.npy,/kaggle/working/scribble-uncertainty-lung-segmentation/outputs/uncertainty_maps/weak_bg_entropy/coronacases_006_slice_0056.npy,458,61615,20,173,0.35182249546051025,True
coronacases_006,57,/kaggle/working/scribble-uncertainty-lung-segmentation/data/pseudo_labels/weak_bg_entropy/coronacases_006_slice_0057.npy,/kaggle/working/scribble-uncertainty-lung-segmentation/data/pseudo_labels/weak_bg_confidence/coronacases_006_slice_0057.npy,/kaggle/working/scribble-uncertainty-lung-segmentation/outputs/uncertainty_maps/weak_bg_entropy/coronacases_006_slice_0057.npy,528,61421,16,177,0.3432624042034149,True
coronacases_006,58,/kaggle/working/scribble-uncertainty-lung-segmentation/data/pseudo_labels/weak_bg_entropy/coronacases_006_slice_0058.npy,/kaggle/working/scribble-uncertainty-lung-segmentation/data/pseudo_labels/weak_bg_confidence/coronacases_006_slice_0058.npy,/kaggle/working/scribble-uncertainty-lung-segmentation/outputs/uncertainty_maps/weak_bg_entropy/coronacases_006_slice_0058.npy,567,61264,23,175,0.25876009464263916,True
coronacases_006,59,/kaggle/working/scribble-uncertainty-lung-segmentation/data/pseudo_labels/weak_bg_entropy/coronacases_006_slice_0059.npy,/kaggle/working/scribble-uncertainty-lung-segmentation/data/pseudo_labels/weak_bg_confidence/coronacases_006_slice_0059.npy,/kaggle/working/scribble-uncertainty-lung-segmentation/outputs/uncertainty_maps/weak_bg_entropy/coronacases_006_slice_0059.npy,568,61000,20,176,0.27419355511665344,True
coronacases_006,60,/kaggle/working/scribble-uncertainty-lung-segmentation/data/pseudo_labels/weak_bg_entropy/coronacases_006_slice_0060.npy,/kaggle/working/scribble-uncertainty-lung-segmentation/data/pseudo_labels/weak_bg_confidence/coronacases_006_slice_0060.npy,/kaggle/working/scribble-uncertainty-lung-segmentation/outputs/uncertainty_maps/weak_bg_entropy/coronacases_006_slice_0060.npy,611,60760,31,294,0.3535911738872528,True
coronacases_006,61,/kaggle/working/scribble-uncertainty-lung-segmentation/data/pseudo_labels/weak_bg_entropy/coronacases_006_slice_0061.npy,/kaggle/working/scribble-uncertainty-lung-segmentation/data/pseudo_labels/weak_bg_confidence/coronacases_006_slice_0061.npy,/kaggle/working/scribble-uncertainty-lung-segmentation/outputs/uncertainty_maps/weak_bg_entropy/coronacases_006_slice_0061.npy,712,60501,34,437,0.5604873895645142,True
coronacases_006,62,/kaggle/working/scribble-uncertainty-lung-segmentation/data/pseudo_labels/weak_bg_entropy/coronacases_006_slice_0062.npy,/kaggle/working/scribble-uncertainty-lung-segmentation/data/pseudo_labels/weak_bg_confidence/coronacases_006_slice_0062.npy,/kaggle/working/scribble-uncertainty-lung-segmentation/outputs/uncertainty_maps/weak_bg_entropy/coronacases_006_slice_0062.npy,765,60814,32,551,0.6474164128303528,True
coronacases_006,63,/kaggle/working/scribble-uncertainty-lung-segmentation/data/pseudo_labels/weak_bg_entropy/coronacases_006_slice_0063.npy,/kaggle/working/scribble-uncertainty-lung-segmentation/data/pseudo_labels/weak_bg_confidence/coronacases_006_slice_0063.npy,/kaggle/working/scribble-uncertainty-lung-segmentation/outputs/uncertainty_maps/weak_bg_entropy/coronacases_006_slice_0063.npy,825,60430,36,527,0.6094674468040466,True
coronacases_006,64,/kaggle/working/scribble-uncertainty-lung-segmentation/data/pseudo_labels/weak_bg_entropy/coronacases_006_slice_0064.npy,/kaggle/working/scribble-uncertainty-lung-segmentation/data/pseudo_labels/weak_bg_confidence/coronacases_006_slice_0064.npy,/kaggle/working/scribble-uncertainty-lung-segmentation/outputs/uncertainty_maps/weak_bg_entropy/coronacases_006_slice_0064.npy,824,60404,43,585,0.6586231589317322,True
coronacases_006,65,/kaggle/working/scribble-uncertainty-lung-segmentation/data/pseudo_labels/weak_bg_entropy/coronacases_006_slice_0065.npy,/kaggle/working/scribble-uncertainty-lung-segmentation/data/pseudo_labels/weak_bg_confidence/coronacases_006_slice_0065.npy,/kaggle/working/scribble-uncertainty-lung-segmentation/outputs/uncertainty_maps/weak_bg_entropy/coronacases_006_slice_0065.npy,855,59866,26,729,0.7209596037864685,True
coronacases_006,66,/kaggle/working/scribble-uncertainty-lung-segmentation/data/pseudo_labels/weak_bg_entropy/coronacases_006_slice_0066.npy,/kaggle/working/scribble-uncertainty-lung-segmentation/data/pseudo_labels/weak_bg_confidence/coronacases_006_slice_0066.npy,/kaggle/working/scribble-uncertainty-lung-segmentation/outputs/uncertainty_maps/weak_bg_entropy/coronacases_006_slice_0066.npy,900,59483,28,735,0.7217125296592712,True
coronacases_006,67,/kaggle/working/scribble-uncertainty-lung-segmentation/data/pseudo_labels/weak_bg_entropy/coronacases_006_slice_0067.npy,/kaggle/working/scribble-uncertainty-lung-segmentation/data/pseudo_labels/weak_bg_confidence/coronacases_006_slice_0067.npy,/kaggle/working/scribble-uncertainty-lung-segmentation/outputs/uncertainty_maps/weak_bg_entropy/coronacases_006_slice_0067.npy,983,59279,44,837,0.7307692170143127,True
coronacases_006,68,/kaggle/working/scribble-uncertainty-lung-segmentation/data/pseudo_labels/weak_bg_entropy/coronacases_006_slice_0068.npy,/kaggle/working/scribble-uncertainty-lung-segmentation/data/pseudo_labels/weak_bg_confidence/coronacases_006_slice_0068.npy,/kaggle/working/scribble-uncertainty-lung-segmentation/outputs/uncertainty_maps/weak_bg_entropy/coronacases_006_slice_0068.npy,1065,59195,34,920,0.7415617108345032,True
coronacases_006,69,/kaggle/working/scribble-uncertainty-lung-segmentation/data/pseudo_labels/weak_bg_entropy/coronacases_006_slice_0069.npy,/kaggle/working/scribble-uncertainty-lung-segmentation/data/pseudo_labels/weak_bg_confidence/coronacases_006_slice_0069.npy,/kaggle/working/scribble-uncertainty-lung-segmentation/outputs/uncertainty_maps/weak_bg_entropy/coronacases_006_slice_0069.npy,1043,59056,48,877,0.699999988079071,True
coronacases_006,70,/kaggle/working/scribble-uncertainty-lung-segmentation/data/pseudo_labels/weak_bg_entropy/coronacases_006_slice_0070.npy,/kaggle/working/scribble-uncertainty-lung-segmentation/data/pseudo_labels/weak_bg_confidence/coronacases_006_slice_0070.npy,/kaggle/working/scribble-uncertainty-lung-segmentation/outputs/uncertainty_maps/weak_bg_entropy/coronacases_006_slice_0070.npy,1125,59015,44,982,0.7546274065971375,True
coronacases_006,71,/kaggle/working/scribble-uncertainty-lung-segmentation/data/pseudo_labels/weak_bg_entropy/coronacases_006_slice_0071.npy,/kaggle/working/scribble-uncertainty-lung-segmentation/data/pseudo_labels/weak_bg_confidence/coronacases_006_slice_0071.npy,/kaggle/working/scribble-uncertainty-lung-segmentation/outputs/uncertainty_maps/weak_bg_entropy/coronacases_006_slice_0071.npy,1125,58765,44,1129,0.7772848010063171,True
coronacases_006,72,/kaggle/working/scribble-uncertainty-lung-segmentation/data/pseudo_labels/weak_bg_entropy/coronacases_006_slice_0072.npy,/kaggle/working/scribble-uncertainty-lung-segmentation/data/pseudo_labels/weak_bg_confidence/coronacases_006_slice_0072.npy,/kaggle/working/scribble-uncertainty-lung-segmentation/outputs/uncertainty_maps/weak_bg_entropy/coronacases_006_slice_0072.npy,1288,58683,36,992,0.7350876927375793,True
coronacases_006,73,/kaggle/working/scribble-uncertainty-lung-segmentation/data/pseudo_labels/weak_bg_entropy/coronacases_006_slice_0073.npy,/kaggle/working/scribble-uncertainty-lung-segmentation/data/pseudo_labels/weak_bg_confidence/coronacases_006_slice_0073.npy,/kaggle/working/scribble-uncertainty-lung-segmentation/outputs/uncertainty_maps/weak_bg_entropy/coronacases_006_slice_0073.npy,1141,58347,24,927,0.7814313173294067,True
coronacases_006,74,/kaggle/working/scribble-uncertainty-lung-segmentation/data/pseudo_labels/weak_bg_entropy/coronacases_006_slice_0074.npy,/kaggle/working/scribble-uncertainty-lung-segmentation/data/pseudo_labels/weak_bg_confidence/coronacases_006_slice_0074.npy,/kaggle/working/scribble-uncertainty-lung-segmentation/outputs/uncertainty_maps/weak_bg_entropy/coronacases_006_slice_0074.npy,1226,58261,24,942,0.76752769947052,True
coronacases_006,75,/kaggle/working/scribble-uncertainty-lung-segmentation/data/pseudo_labels/weak_bg_entropy/coronacases_006_slice_0075.npy,/kaggle/working/scribble-uncertainty-lung-segmentation/data/pseudo_labels/weak_bg_confidence/coronacases_006_slice_0075.npy,/kaggle/working/scribble-uncertainty-lung-segmentation/outputs/uncertainty_maps/weak_bg_entropy/coronacases_006_slice_0075.npy,1153,58049,24,937,0.7894737124443054,True
coronacases_006,76,/kaggle/working/scribble-uncertainty-lung-segmentation/data/pseudo_labels/weak_bg_entropy/coronacases_006_slice_0076.npy,/kaggle/working/scribble-uncertainty-lung-segmentation/data/pseudo_labels/weak_bg_confidence/coronacases_006_slice_0076.npy,/kaggle/working/scribble-uncertainty-lung-segmentation/outputs/uncertainty_maps/weak_bg_entropy/coronacases_006_slice_0076.npy,1135,57849,23,951,0.7785235047340393,True
coronacases_006,77,/kaggle/working/scribble-uncertainty-lung-segmentation/data/pseudo_labels/weak_bg_entropy/coronacases_006_slice_0077.npy,/kaggle/working/scribble-uncertainty-lung-segmentation/data/pseudo_labels/weak_bg_confidence/coronacases_006_slice_0077.npy,/kaggle/working/scribble-uncertainty-lung-segmentation/outputs/uncertainty_maps/weak_bg_entropy/coronacases_006_slice_0077.npy,1219,57754,27,991,0.7891402840614319,True
coronacases_006,78,/kaggle/working/scribble-uncertainty-lung-segmentation/data/pseudo_labels/weak_bg_entropy/coronacases_006_slice_0078.npy,/kaggle/working/scribble-uncertainty-lung-segmentation/data/pseudo_labels/weak_bg_confidence/coronacases_006_slice_0078.npy,/kaggle/working/scribble-uncertainty-lung-segmentation/outputs/uncertainty_maps/weak_bg_entropy/coronacases_006_slice_0078.npy,1343,57626,32,978,0.7496768832206726,True
coronacases_006,79,/kaggle/working/scribble-uncertainty-lung-segmentation/data/pseudo_labels/weak_bg_entropy/coronacases_006_slice_0079.npy,/kaggle/working/scribble-uncertainty-lung-segmentation/data/pseudo_labels/weak_bg_confidence/coronacases_006_slice_0079.npy,/kaggle/working/scribble-uncertainty-lung-segmentation/outputs/uncertainty_maps/weak_bg_entropy/coronacases_006_slice_0079.npy,1414,57440,30,1003,0.7223831415176392,True
coronacases_006,80,/kaggle/working/scribble-uncertainty-lung-segmentation/data/pseudo_labels/weak_bg_entropy/coronacases_006_slice_0080.npy,/kaggle/working/scribble-uncertainty-lung-segmentation/data/pseudo_labels/weak_bg_confidence/coronacases_006_slice_0080.npy,/kaggle/working/scribble-uncertainty-lung-segmentation/outputs/uncertainty_maps/weak_bg_entropy/coronacases_006_slice_0080.npy,1317,57243,30,1029,0.7433930039405823,True
coronacases_006,81,/kaggle/working/scribble-uncertainty-lung-segmentation/data/pseudo_labels/weak_bg_entropy/coronacases_006_slice_0081.npy,/kaggle/working/scribble-uncertainty-lung-segmentation/data/pseudo_labels/weak_bg_confidence/coronacases_006_slice_0081.npy,/kaggle/working/scribble-uncertainty-lung-segmentation/outputs/uncertainty_maps/weak_bg_entropy/coronacases_006_slice_0081.npy,1339,57079,22,972,0.7087841033935547,True
coronacases_006,82,/kaggle/working/scribble-uncertainty-lung-segmentation/data/pseudo_labels/weak_bg_entropy/coronacases_006_slice_0082.npy,/kaggle/working/scribble-uncertainty-lung-segmentation/data/pseudo_labels/weak_bg_confidence/coronacases_006_slice_0082.npy,/kaggle/working/scribble-uncertainty-lung-segmentation/outputs/uncertainty_maps/weak_bg_entropy/coronacases_006_slice_0082.npy,1418,56865,28,932,0.6714893579483032,True
coronacases_006,83,/kaggle/working/scribble-uncertainty-lung-segmentation/data/pseudo_labels/weak_bg_entropy/coronacases_006_slice_0083.npy,/kaggle/working/scribble-uncertainty-lung-segmentation/data/pseudo_labels/weak_bg_confidence/coronacases_006_slice_0083.npy,/kaggle/working/scribble-uncertainty-lung-segmentation/outputs/uncertainty_maps/weak_bg_entropy/coronacases_006_slice_0083.npy,1332,56616,30,921,0.7003994584083557,True
coronacases_006,84,/kaggle/working/scribble-uncertainty-lung-segmentation/data/pseudo_labels/weak_bg_entropy/coronacases_006_slice_0084.npy,/kaggle/working/scribble-uncertainty-lung-segmentation/data/pseudo_labels/weak_bg_confidence/coronacases_006_slice_0084.npy,/kaggle/working/scribble-uncertainty-lung-segmentation/outputs/uncertainty_maps/weak_bg_entropy/coronacases_006_slice_0084.npy,1161,56282,43,935,0.7290076613426208,True
coronacases_006,85,/kaggle/working/scribble-uncertainty-lung-segmentation/data/pseudo_labels/weak_bg_entropy/coronacases_006_slice_0085.npy,/kaggle/working/scribble-uncertainty-lung-segmentation/data/pseudo_labels/weak_bg_confidence/coronacases_006_slice_0085.npy,/kaggle/working/scribble-uncertainty-lung-segmentation/outputs/uncertainty_maps/weak_bg_entropy/coronacases_006_slice_0085.npy,1168,55803,16,910,0.7353224158287048,True
coronacases_006,86,/kaggle/working/scribble-uncertainty-lung-segmentation/data/pseudo_labels/weak_bg_entropy/coronacases_006_slice_0086.npy,/kaggle/working/scribble-uncertainty-lung-segmentation/data/pseudo_labels/weak_bg_confidence/coronacases_006_slice_0086.npy,/kaggle/working/scribble-uncertainty-lung-segmentation/outputs/uncertainty_maps/weak_bg_entropy/coronacases_006_slice_0086.npy,1099,55705,28,953,0.7865496873855591,True
coronacases_006,87,/kaggle/working/scribble-uncertainty-lung-segmentation/data/pseudo_labels/weak_bg_entropy/coronacases_006_slice_0087.npy,/kaggle/working/scribble-uncertainty-lung-segmentation/data/pseudo_labels/weak_bg_confidence/coronacases_006_slice_0087.npy,/kaggle/working/scribble-uncertainty-lung-segmentation/outputs/uncertainty_maps/weak_bg_entropy/coronacases_006_slice_0087.npy,1097,55826,28,894,0.7353088855743408,True
coronacases_006,88,/kaggle/working/scribble-uncertainty-lung-segmentation/data/pseudo_labels/weak_bg_entropy/coronacases_006_slice_0088.npy,/kaggle/working/scribble-uncertainty-lung-segmentation/data/pseudo_labels/weak_bg_confidence/coronacases_006_slice_0088.npy,/kaggle/working/scribble-uncertainty-lung-segmentation/outputs/uncertainty_maps/weak_bg_entropy/coronacases_006_slice_0088.npy,1121,56159,24,907,0.7514792680740356,True
coronacases_006,89,/kaggle/working/scribble-uncertainty-lung-segmentation/data/pseudo_labels/weak_bg_entropy/coronacases_006_slice_0089.npy,/kaggle/working/scribble-uncertainty-lung-segmentation/data/pseudo_labels/weak_bg_confidence/coronacases_006_slice_0089.npy,/kaggle/working/scribble-uncertainty-lung-segmentation/outputs/uncertainty_maps/weak_bg_entropy/coronacases_006_slice_0089.npy,1113,55943,24,848,0.7302396893501282,True
coronacases_006,90,/kaggle/working/scribble-uncertainty-lung-segmentation/data/pseudo_labels/weak_bg_entropy/coronacases_006_slice_0090.npy,/kaggle/working/scribble-uncertainty-lung-segmentation/data/pseudo_labels/weak_bg_confidence/coronacases_006_slice_0090.npy,/kaggle/working/scribble-uncertainty-lung-segmentation/outputs/uncertainty_maps/weak_bg_entropy/coronacases_006_slice_0090.npy,1354,56227,32,847,0.6388005614280701,True
coronacases_006,91,/kaggle/working/scribble-uncertainty-lung-segmentation/data/pseudo_labels/weak_bg_entropy/coronacases_006_slice_0091.npy,/kaggle/working/scribble-uncertainty-lung-segmentation/data/pseudo_labels/weak_bg_confidence/coronacases_006_slice_0091.npy,/kaggle/working/scribble-uncertainty-lung-segmentation/outputs/uncertainty_maps/weak_bg_entropy/coronacases_006_slice_0091.npy,1175,56182,30,803,0.648129403591156,True
coronacases_006,92,/kaggle/working/scribble-uncertainty-lung-segmentation/data/pseudo_labels/weak_bg_entropy/coronacases_006_slice_0092.npy,/kaggle/working/scribble-uncertainty-lung-segmentation/data/pseudo_labels/weak_bg_confidence/coronacases_006_slice_0092.npy,/kaggle/working/scribble-uncertainty-lung-segmentation/outputs/uncertainty_maps/weak_bg_entropy/coronacases_006_slice_0092.npy,935,56000,34,763,0.7561837434768677,True
coronacases_006,93,/kaggle/working/scribble-uncertainty-lung-segmentation/data/pseudo_labels/weak_bg_entropy/coronacases_006_slice_0093.npy,/kaggle/working/scribble-uncertainty-lung-segmentation/data/pseudo_labels/weak_bg_confidence/coronacases_006_slice_0093.npy,/kaggle/working/scribble-uncertainty-lung-segmentation/outputs/uncertainty_maps/weak_bg_entropy/coronacases_006_slice_0093.npy,943,56091,32,718,0.7332931756973267,True
coronacases_006,94,/kaggle/working/scribble-uncertainty-lung-segmentation/data/pseudo_labels/weak_bg_entropy/coronacases_006_slice_0094.npy,/kaggle/working/scribble-uncertainty-lung-segmentation/data/pseudo_labels/weak_bg_confidence/coronacases_006_slice_0094.npy,/kaggle/working/scribble-uncertainty-lung-segmentation/outputs/uncertainty_maps/weak_bg_entropy/coronacases_006_slice_0094.npy,871,56015,31,537,0.6306818127632141,True
coronacases_006,95,/kaggle/working/scribble-uncertainty-lung-segmentation/data/pseudo_labels/weak_bg_entropy/coronacases_006_slice_0095.npy,/kaggle/working/scribble-uncertainty-lung-segmentation/data/pseudo_labels/weak_bg_confidence/coronacases_006_slice_0095.npy,/kaggle/working/scribble-uncertainty-lung-segmentation/outputs/uncertainty_maps/weak_bg_entropy/coronacases_006_slice_0095.npy,811,55895,39,510,0.5950037837028503,True
coronacases_006,96,/kaggle/working/scribble-uncertainty-lung-segmentation/data/pseudo_labels/weak_bg_entropy/coronacases_006_slice_0096.npy,/kaggle/working/scribble-uncertainty-lung-segmentation/data/pseudo_labels/weak_bg_confidence/coronacases_006_slice_0096.npy,/kaggle/working/scribble-uncertainty-lung-segmentation/outputs/uncertainty_maps/weak_bg_entropy/coronacases_006_slice_0096.npy,835,56044,28,411,0.4911717474460602,True
coronacases_006,97,/kaggle/working/scribble-uncertainty-lung-segmentation/data/pseudo_labels/weak_bg_entropy/coronacases_006_slice_0097.npy,/kaggle/working/scribble-uncertainty-lung-segmentation/data/pseudo_labels/weak_bg_confidence/coronacases_006_slice_0097.npy,/kaggle/working/scribble-uncertainty-lung-segmentation/outputs/uncertainty_maps/weak_bg_entropy/coronacases_006_slice_0097.npy,832,56083,27,427,0.5464654564857483,True
coronacases_006,98,/kaggle/working/scribble-uncertainty-lung-segmentation/data/pseudo_labels/weak_bg_entropy/coronacases_006_slice_0098.npy,/kaggle/working/scribble-uncertainty-lung-segmentation/data/pseudo_labels/weak_bg_confidence/coronacases_006_slice_0098.npy,/kaggle/working/scribble-uncertainty-lung-segmentation/outputs/uncertainty_maps/weak_bg_entropy/coronacases_006_slice_0098.npy,892,56144,36,440,0.5210210084915161,True
coronacases_006,99,/kaggle/working/scribble-uncertainty-lung-segmentation/data/pseudo_labels/weak_bg_entropy/coronacases_006_slice_0099.npy,/kaggle/working/scribble-uncertainty-lung-segmentation/data/pseudo_labels/weak_bg_confidence/coronacases_006_slice_0099.npy,/kaggle/working/scribble-uncertainty-lung-segmentation/outputs/uncertainty_maps/weak_bg_entropy/coronacases_006_slice_0099.npy,800,56179,20,451,0.5483613014221191,True
coronacases_006,100,/kaggle/working/scribble-uncertainty-lung-segmentation/data/pseudo_labels/weak_bg_entropy/coronacases_006_slice_0100.npy,/kaggle/working/scribble-uncertainty-lung-segmentation/data/pseudo_labels/weak_bg_confidence/coronacases_006_slice_0100.npy,/kaggle/working/scribble-uncertainty-lung-segmentation/outputs/uncertainty_maps/weak_bg_entropy/coronacases_006_slice_0100.npy,877,56379,19,427,0.5153374075889587,True
coronacases_006,101,/kaggle/working/scribble-uncertainty-lung-segmentation/data/pseudo_labels/weak_bg_entropy/coronacases_006_slice_0101.npy,/kaggle/working/scribble-uncertainty-lung-segmentation/data/pseudo_labels/weak_bg_confidence/coronacases_006_slice_0101.npy,/kaggle/working/scribble-uncertainty-lung-segmentation/outputs/uncertainty_maps/weak_bg_entropy/coronacases_006_slice_0101.npy,944,56413,20,378,0.43570348620414734,True
coronacases_006,102,/kaggle/working/scribble-uncertainty-lung-segmentation/data/pseudo_labels/weak_bg_entropy/coronacases_006_slice_0102.npy,/kaggle/working/scribble-uncertainty-lung-segmentation/data/pseudo_labels/weak_bg_confidence/coronacases_006_slice_0102.npy,/kaggle/working/scribble-uncertainty-lung-segmentation/outputs/uncertainty_maps/weak_bg_entropy/coronacases_006_slice_0102.npy,805,56476,20,369,0.4940374791622162,True
coronacases_006,103,/kaggle/working/scribble-uncertainty-lung-segmentation/data/pseudo_labels/weak_bg_entropy/coronacases_006_slice_0103.npy,/kaggle/working/scribble-uncertainty-lung-segmentation/data/pseudo_labels/weak_bg_confidence/coronacases_006_slice_0103.npy,/kaggle/working/scribble-uncertainty-lung-segmentation/outputs/uncertainty_maps/weak_bg_entropy/coronacases_006_slice_0103.npy,704,56482,12,347,0.521408200263977,True
coronacases_006,104,/kaggle/working/scribble-uncertainty-lung-segmentation/data/pseudo_labels/weak_bg_entropy/coronacases_006_slice_0104.npy,/kaggle/working/scribble-uncertainty-lung-segmentation/data/pseudo_labels/weak_bg_confidence/coronacases_006_slice_0104.npy,/kaggle/working/scribble-uncertainty-lung-segmentation/outputs/uncertainty_maps/weak_bg_entropy/coronacases_006_slice_0104.npy,632,56490,16,362,0.5895372033119202,True
coronacases_006,105,/kaggle/working/scribble-uncertainty-lung-segmentation/data/pseudo_labels/weak_bg_entropy/coronacases_006_slice_0105.npy,/kaggle/working/scribble-uncertainty-lung-segmentation/data/pseudo_labels/weak_bg_confidence/coronacases_006_slice_0105.npy,/kaggle/working/scribble-uncertainty-lung-segmentation/outputs/uncertainty_maps/weak_bg_entropy/coronacases_006_slice_0105.npy,759,56843,12,355,0.5296229720115662,True
coronacases_006,106,/kaggle/working/scribble-uncertainty-lung-segmentation/data/pseudo_labels/weak_bg_entropy/coronacases_006_slice_0106.npy,/kaggle/working/scribble-uncertainty-lung-segmentation/data/pseudo_labels/weak_bg_confidence/coronacases_006_slice_0106.npy,/kaggle/working/scribble-uncertainty-lung-segmentation/outputs/uncertainty_maps/weak_bg_entropy/coronacases_006_slice_0106.npy,708,56804,14,367,0.5172092914581299,True
coronacases_006,107,/kaggle/working/scribble-uncertainty-lung-segmentation/data/pseudo_labels/weak_bg_entropy/coronacases_006_slice_0107.npy,/kaggle/working/scribble-uncertainty-lung-segmentation/data/pseudo_labels/weak_bg_confidence/coronacases_006_slice_0107.npy,/kaggle/working/scribble-uncertainty-lung-segmentation/outputs/uncertainty_maps/weak_bg_entropy/coronacases_006_slice_0107.npy,559,56654,16,380,0.6283280253410339,True
coronacases_006,108,/kaggle/working/scribble-uncertainty-lung-segmentation/data/pseudo_labels/weak_bg_entropy/coronacases_006_slice_0108.npy,/kaggle/working/scribble-uncertainty-lung-segmentation/data/pseudo_labels/weak_bg_confidence/coronacases_006_slice_0108.npy,/kaggle/working/scribble-uncertainty-lung-segmentation/outputs/uncertainty_maps/weak_bg_entropy/coronacases_006_slice_0108.npy,571,56759,14,360,0.5929108262062073,True
coronacases_006,109,/kaggle/working/scribble-uncertainty-lung-segmentation/data/pseudo_labels/weak_bg_entropy/coronacases_006_slice_0109.npy,/kaggle/working/scribble-uncertainty-lung-segmentation/data/pseudo_labels/weak_bg_confidence/coronacases_006_slice_0109.npy,/kaggle/working/scribble-uncertainty-lung-segmentation/outputs/uncertainty_maps/weak_bg_entropy/coronacases_006_slice_0109.npy,571,56648,12,291,0.5707656741142273,True
coronacases_006,110,/kaggle/working/scribble-uncertainty-lung-segmentation/data/pseudo_labels/weak_bg_entropy/coronacases_006_slice_0110.npy,/kaggle/working/scribble-uncertainty-lung-segmentation/data/pseudo_labels/weak_bg_confidence/coronacases_006_slice_0110.npy,/kaggle/working/scribble-uncertainty-lung-segmentation/outputs/uncertainty_maps/weak_bg_entropy/coronacases_006_slice_0110.npy,432,56578,4,246,0.6017699241638184,True
coronacases_006,111,/kaggle/working/scribble-uncertainty-lung-segmentation/data/pseudo_labels/weak_bg_entropy/coronacases_006_slice_0111.npy,/kaggle/working/scribble-uncertainty-lung-segmentation/data/pseudo_labels/weak_bg_confidence/coronacases_006_slice_0111.npy,/kaggle/working/scribble-uncertainty-lung-segmentation/outputs/uncertainty_maps/weak_bg_entropy/coronacases_006_slice_0111.npy,355,56664,4,192,0.5447897911071777,True
coronacases_006,112,/kaggle/working/scribble-uncertainty-lung-segmentation/data/pseudo_labels/weak_bg_entropy/coronacases_006_slice_0112.npy,/kaggle/working/scribble-uncertainty-lung-segmentation/data/pseudo_labels/weak_bg_confidence/coronacases_006_slice_0112.npy,/kaggle/working/scribble-uncertainty-lung-segmentation/outputs/uncertainty_maps/weak_bg_entropy/coronacases_006_slice_0112.npy,279,56429,8,149,0.5841121673583984,True
coronacases_006,113,/kaggle/working/scribble-uncertainty-lung-segmentation/data/pseudo_labels/weak_bg_entropy/coronacases_006_slice_0113.npy,/kaggle/working/scribble-uncertainty-lung-segmentation/data/pseudo_labels/weak_bg_confidence/coronacases_006_slice_0113.npy,/kaggle/working/scribble-uncertainty-lung-segmentation/outputs/uncertainty_maps/weak_bg_entropy/coronacases_006_slice_0113.npy,201,56259,4,88,0.5051903128623962,True
coronacases_006,114,/kaggle/working/scribble-uncertainty-lung-segmentation/data/pseudo_labels/weak_bg_entropy/coronacases_006_slice_0114.npy,/kaggle/working/scribble-uncertainty-lung-segmentation/data/pseudo_labels/weak_bg_confidence/coronacases_006_slice_0114.npy,/kaggle/working/scribble-uncertainty-lung-segmentation/outputs/uncertainty_maps/weak_bg_entropy/coronacases_006_slice_0114.npy,134,56003,4,62,0.43877550959587097,True
coronacases_006,115,/kaggle/working/scribble-uncertainty-lung-segmentation/data/pseudo_labels/weak_bg_entropy/coronacases_006_slice_0115.npy,/kaggle/working/scribble-uncertainty-lung-segmentation/data/pseudo_labels/weak_bg_confidence/coronacases_006_slice_0115.npy,/kaggle/working/scribble-uncertainty-lung-segmentation/outputs/uncertainty_maps/weak_bg_entropy/coronacases_006_slice_0115.npy,42,55850,0,0,2.3809523241880015e-09,False
coronacases_006,116,/kaggle/working/scribble-uncertainty-lung-segmentation/data/pseudo_labels/weak_bg_entropy/coronacases_006_slice_0116.npy,/kaggle/working/scribble-uncertainty-lung-segmentation/data/pseudo_labels/weak_bg_confidence/coronacases_006_slice_0116.npy,/kaggle/working/scribble-uncertainty-lung-segmentation/outputs/uncertainty_maps/weak_bg_entropy/coronacases_006_slice_0116.npy,73,55977,0,0,1.369863000810767e-09,False
coronacases_006,117,/kaggle/working/scribble-uncertainty-lung-segmentation/data/pseudo_labels/weak_bg_entropy/coronacases_006_slice_0117.npy,/kaggle/working/scribble-uncertainty-lung-segmentation/data/pseudo_labels/weak_bg_confidence/coronacases_006_slice_0117.npy,/kaggle/working/scribble-uncertainty-lung-segmentation/outputs/uncertainty_maps/weak_bg_entropy/coronacases_006_slice_0117.npy,23,56076,0,0,4.347826099149188e-09,False
coronacases_006,118,/kaggle/working/scribble-uncertainty-lung-segmentation/data/pseudo_labels/weak_bg_entropy/coronacases_006_slice_0118.npy,/kaggle/working/scribble-uncertainty-lung-segmentation/data/pseudo_labels/weak_bg_confidence/coronacases_006_slice_0118.npy,/kaggle/working/scribble-uncertainty-lung-segmentation/outputs/uncertainty_maps/weak_bg_entropy/coronacases_006_slice_0118.npy,44,56126,0,0,2.2727273396583314e-09,False
coronacases_006,119,/kaggle/working/scribble-uncertainty-lung-segmentation/data/pseudo_labels/weak_bg_entropy/coronacases_006_slice_0119.npy,/kaggle/working/scribble-uncertainty-lung-segmentation/data/pseudo_labels/weak_bg_confidence/coronacases_006_slice_0119.npy,/kaggle/working/scribble-uncertainty-lung-segmentation/outputs/uncertainty_maps/weak_bg_entropy/coronacases_006_slice_0119.npy,0,56106,0,0,1.0,False
coronacases_006,120,/kaggle/working/scribble-uncertainty-lung-segmentation/data/pseudo_labels/weak_bg_entropy/coronacases_006_slice_0120.npy,/kaggle/working/scribble-uncertainty-lung-segmentation/data/pseudo_labels/weak_bg_confidence/coronacases_006_slice_0120.npy,/kaggle/working/scribble-uncertainty-lung-segmentation/outputs/uncertainty_maps/weak_bg_entropy/coronacases_006_slice_0120.npy,73,56125,0,0,1.369863000810767e-09,False
coronacases_006,121,/kaggle/working/scribble-uncertainty-lung-segmentation/data/pseudo_labels/weak_bg_entropy/coronacases_006_slice_0121.npy,/kaggle/working/scribble-uncertainty-lung-segmentation/data/pseudo_labels/weak_bg_confidence/coronacases_006_slice_0121.npy,/kaggle/working/scribble-uncertainty-lung-segmentation/outputs/uncertainty_maps/weak_bg_entropy/coronacases_006_slice_0121.npy,14,55885,0,0,7.142857416653214e-09,False
coronacases_006,122,/kaggle/working/scribble-uncertainty-lung-segmentation/data/pseudo_labels/weak_bg_entropy/coronacases_006_slice_0122.npy,/kaggle/working/scribble-uncertainty-lung-segmentation/data/pseudo_labels/weak_bg_confidence/coronacases_006_slice_0122.npy,/kaggle/working/scribble-uncertainty-lung-segmentation/outputs/uncertainty_maps/weak_bg_entropy/coronacases_006_slice_0122.npy,85,56210,0,0,1.176470587616052e-09,False
coronacases_006,123,/kaggle/working/scribble-uncertainty-lung-segmentation/data/pseudo_labels/weak_bg_entropy/coronacases_006_slice_0123.npy,/kaggle/working/scribble-uncertainty-lung-segmentation/data/pseudo_labels/weak_bg_confidence/coronacases_006_slice_0123.npy,/kaggle/working/scribble-uncertainty-lung-segmentation/outputs/uncertainty_maps/weak_bg_entropy/coronacases_006_slice_0123.npy,47,56251,0,0,2.1276596040564755e-09,False
coronacases_006,124,/kaggle/working/scribble-uncertainty-lung-segmentation/data/pseudo_labels/weak_bg_entropy/coronacases_006_slice_0124.npy,/kaggle/working/scribble-uncertainty-lung-segmentation/data/pseudo_labels/weak_bg_confidence/coronacases_006_slice_0124.npy,/kaggle/working/scribble-uncertainty-lung-segmentation/outputs/uncertainty_maps/weak_bg_entropy/coronacases_006_slice_0124.npy,43,56300,0,0,2.3255815051470563e-09,False
coronacases_006,125,/kaggle/working/scribble-uncertainty-lung-segmentation/data/pseudo_labels/weak_bg_entropy/coronacases_006_slice_0125.npy,/kaggle/working/scribble-uncertainty-lung-segmentation/data/pseudo_labels/weak_bg_confidence/coronacases_006_slice_0125.npy,/kaggle/working/scribble-uncertainty-lung-segmentation/outputs/uncertainty_maps/weak_bg_entropy/coronacases_006_slice_0125.npy,99,56232,0,0,1.0101010028407131e-09,False
coronacases_006,126,/kaggle/working/scribble-uncertainty-lung-segmentation/data/pseudo_labels/weak_bg_entropy/coronacases_006_slice_0126.npy,/kaggle/working/scribble-uncertainty-lung-segmentation/data/pseudo_labels/weak_bg_confidence/coronacases_006_slice_0126.npy,/kaggle/working/scribble-uncertainty-lung-segmentation/outputs/uncertainty_maps/weak_bg_entropy/coronacases_006_slice_0126.npy,51,56068,0,0,1.9607844237157224e-09,False
coronacases_006,127,/kaggle/working/scribble-uncertainty-lung-segmentation/data/pseudo_labels/weak_bg_entropy/coronacases_006_slice_0127.npy,/kaggle/working/scribble-uncertainty-lung-segmentation/data/pseudo_labels/weak_bg_confidence/coronacases_006_slice_0127.npy,/kaggle/working/scribble-uncertainty-lung-segmentation/outputs/uncertainty_maps/weak_bg_entropy/coronacases_006_slice_0127.npy,144,56171,0,0,6.944444463918842e-10,False
coronacases_006,128,/kaggle/working/scribble-uncertainty-lung-segmentation/data/pseudo_labels/weak_bg_entropy/coronacases_006_slice_0128.npy,/kaggle/working/scribble-uncertainty-lung-segmentation/data/pseudo_labels/weak_bg_confidence/coronacases_006_slice_0128.npy,/kaggle/working/scribble-uncertainty-lung-segmentation/outputs/uncertainty_maps/weak_bg_entropy/coronacases_006_slice_0128.npy,141,56204,0,0,7.092198495151081e-10,False
coronacases_006,129,/kaggle/working/scribble-uncertainty-lung-segmentation/data/pseudo_labels/weak_bg_entropy/coronacases_006_slice_0129.npy,/kaggle/working/scribble-uncertainty-lung-segmentation/data/pseudo_labels/weak_bg_confidence/coronacases_006_slice_0129.npy,/kaggle/working/scribble-uncertainty-lung-segmentation/outputs/uncertainty_maps/weak_bg_entropy/coronacases_006_slice_0129.npy,62,56154,0,0,1.6129032553990896e-09,False
coronacases_006,130,/kaggle/working/scribble-uncertainty-lung-segmentation/data/pseudo_labels/weak_bg_entropy/coronacases_006_slice_0130.npy,/kaggle/working/scribble-uncertainty-lung-segmentation/data/pseudo_labels/weak_bg_confidence/coronacases_006_slice_0130.npy,/kaggle/working/scribble-uncertainty-lung-segmentation/outputs/uncertainty_maps/weak_bg_entropy/coronacases_006_slice_0130.npy,23,56263,0,0,4.347826099149188e-09,False
coronacases_006,131,/kaggle/working/scribble-uncertainty-lung-segmentation/data/pseudo_labels/weak_bg_entropy/coronacases_006_slice_0131.npy,/kaggle/working/scribble-uncertainty-lung-segmentation/data/pseudo_labels/weak_bg_confidence/coronacases_006_slice_0131.npy,/kaggle/working/scribble-uncertainty-lung-segmentation/outputs/uncertainty_maps/weak_bg_entropy/coronacases_006_slice_0131.npy,81,56589,0,0,1.2345678923608716e-09,False
coronacases_006,132,/kaggle/working/scribble-uncertainty-lung-segmentation/data/pseudo_labels/weak_bg_entropy/coronacases_006_slice_0132.npy,/kaggle/working/scribble-uncertainty-lung-segmentation/data/pseudo_labels/weak_bg_confidence/coronacases_006_slice_0132.npy,/kaggle/working/scribble-uncertainty-lung-segmentation/outputs/uncertainty_maps/weak_bg_entropy/coronacases_006_slice_0132.npy,122,56411,0,0,8.196721634767812e-10,False
coronacases_006,133,/kaggle/working/scribble-uncertainty-lung-segmentation/data/pseudo_labels/weak_bg_entropy/coronacases_006_slice_0133.npy,/kaggle/working/scribble-uncertainty-lung-segmentation/data/pseudo_labels/weak_bg_confidence/coronacases_006_slice_0133.npy,/kaggle/working/scribble-uncertainty-lung-segmentation/outputs/uncertainty_maps/weak_bg_entropy/coronacases_006_slice_0133.npy,56,56366,0,0,1.7857143541633036e-09,False
coronacases_006,134,/kaggle/working/scribble-uncertainty-lung-segmentation/data/pseudo_labels/weak_bg_entropy/coronacases_006_slice_0134.npy,/kaggle/working/scribble-uncertainty-lung-segmentation/data/pseudo_labels/weak_bg_confidence/coronacases_006_slice_0134.npy,/kaggle/working/scribble-uncertainty-lung-segmentation/outputs/uncertainty_maps/weak_bg_entropy/coronacases_006_slice_0134.npy,55,56403,0,0,1.8181818273177441e-09,False
coronacases_006,135,/kaggle/working/scribble-uncertainty-lung-segmentation/data/pseudo_labels/weak_bg_entropy/coronacases_006_slice_0135.npy,/kaggle/working/scribble-uncertainty-lung-segmentation/data/pseudo_labels/weak_bg_confidence/coronacases_006_slice_0135.npy,/kaggle/working/scribble-uncertainty-lung-segmentation/outputs/uncertainty_maps/weak_bg_entropy/coronacases_006_slice_0135.npy,82,56407,0,0,1.2195121579239299e-09,False
coronacases_006,136,/kaggle/working/scribble-uncertainty-lung-segmentation/data/pseudo_labels/weak_bg_entropy/coronacases_006_slice_0136.npy,/kaggle/working/scribble-uncertainty-lung-segmentation/data/pseudo_labels/weak_bg_confidence/coronacases_006_slice_0136.npy,/kaggle/working/scribble-uncertainty-lung-segmentation/outputs/uncertainty_maps/weak_bg_entropy/coronacases_006_slice_0136.npy,106,56492,0,0,9.43396250008277e-10,False
coronacases_006,137,/kaggle/working/scribble-uncertainty-lung-segmentation/data/pseudo_labels/weak_bg_entropy/coronacases_006_slice_0137.npy,/kaggle/working/scribble-uncertainty-lung-segmentation/data/pseudo_labels/weak_bg_confidence/coronacases_006_slice_0137.npy,/kaggle/working/scribble-uncertainty-lung-segmentation/outputs/uncertainty_maps/weak_bg_entropy/coronacases_006_slice_0137.npy,42,56421,0,0,2.3809523241880015e-09,False
coronacases_006,138,/kaggle/working/scribble-uncertainty-lung-segmentation/data/pseudo_labels/weak_bg_entropy/coronacases_006_slice_0138.npy,/kaggle/working/scribble-uncertainty-lung-segmentation/data/pseudo_labels/weak_bg_confidence/coronacases_006_slice_0138.npy,/kaggle/working/scribble-uncertainty-lung-segmentation/outputs/uncertainty_maps/weak_bg_entropy/coronacases_006_slice_0138.npy,19,56750,0,0,5.263157909496385e-09,False
coronacases_006,139,/kaggle/working/scribble-uncertainty-lung-segmentation/data/pseudo_labels/weak_bg_entropy/coronacases_006_slice_0139.npy,/kaggle/working/scribble-uncertainty-lung-segmentation/data/pseudo_labels/weak_bg_confidence/coronacases_006_slice_0139.npy,/kaggle/working/scribble-uncertainty-lung-segmentation/outputs/uncertainty_maps/weak_bg_entropy/coronacases_006_slice_0139.npy,79,57020,0,0,1.2658227799278166e-09,False
coronacases_006,140,/kaggle/working/scribble-uncertainty-lung-segmentation/data/pseudo_labels/weak_bg_entropy/coronacases_006_slice_0140.npy,/kaggle/working/scribble-uncertainty-lung-segmentation/data/pseudo_labels/weak_bg_confidence/coronacases_006_slice_0140.npy,/kaggle/working/scribble-uncertainty-lung-segmentation/outputs/uncertainty_maps/weak_bg_entropy/coronacases_006_slice_0140.npy,24,57022,0,0,4.166666567329003e-09,False
coronacases_006,141,/kaggle/working/scribble-uncertainty-lung-segmentation/data/pseudo_labels/weak_bg_entropy/coronacases_006_slice_0141.npy,/kaggle/working/scribble-uncertainty-lung-segmentation/data/pseudo_labels/weak_bg_confidence/coronacases_006_slice_0141.npy,/kaggle/working/scribble-uncertainty-lung-segmentation/outputs/uncertainty_maps/weak_bg_entropy/coronacases_006_slice_0141.npy,83,56857,0,0,1.2048192443714356e-09,False
coronacases_006,142,/kaggle/working/scribble-uncertainty-lung-segmentation/data/pseudo_labels/weak_bg_entropy/coronacases_006_slice_0142.npy,/kaggle/working/scribble-uncertainty-lung-segmentation/data/pseudo_labels/weak_bg_confidence/coronacases_006_slice_0142.npy,/kaggle/working/scribble-uncertainty-lung-segmentation/outputs/uncertainty_maps/weak_bg_entropy/coronacases_006_slice_0142.npy,6,56587,0,0,1.666666626931601e-08,False
coronacases_006,143,/kaggle/working/scribble-uncertainty-lung-segmentation/data/pseudo_labels/weak_bg_entropy/coronacases_006_slice_0143.npy,/kaggle/working/scribble-uncertainty-lung-segmentation/data/pseudo_labels/weak_bg_confidence/coronacases_006_slice_0143.npy,/kaggle/working/scribble-uncertainty-lung-segmentation/outputs/uncertainty_maps/weak_bg_entropy/coronacases_006_slice_0143.npy,5,56686,0,0,1.999999987845058e-08,False
coronacases_006,144,/kaggle/working/scribble-uncertainty-lung-segmentation/data/pseudo_labels/weak_bg_entropy/coronacases_006_slice_0144.npy,/kaggle/working/scribble-uncertainty-lung-segmentation/data/pseudo_labels/weak_bg_confidence/coronacases_006_slice_0144.npy,/kaggle/working/scribble-uncertainty-lung-segmentation/outputs/uncertainty_maps/weak_bg_entropy/coronacases_006_slice_0144.npy,110,56840,0,0,9.090909136588721e-10,False
coronacases_006,145,/kaggle/working/scribble-uncertainty-lung-segmentation/data/pseudo_labels/weak_bg_entropy/coronacases_006_slice_0145.npy,/kaggle/working/scribble-uncertainty-lung-segmentation/data/pseudo_labels/weak_bg_confidence/coronacases_006_slice_0145.npy,/kaggle/working/scribble-uncertainty-lung-segmentation/outputs/uncertainty_maps/weak_bg_entropy/coronacases_006_slice_0145.npy,0,56832,0,0,1.0,False
coronacases_006,146,/kaggle/working/scribble-uncertainty-lung-segmentation/data/pseudo_labels/weak_bg_entropy/coronacases_006_slice_0146.npy,/kaggle/working/scribble-uncertainty-lung-segmentation/data/pseudo_labels/weak_bg_confidence/coronacases_006_slice_0146.npy,/kaggle/working/scribble-uncertainty-lung-segmentation/outputs/uncertainty_maps/weak_bg_entropy/coronacases_006_slice_0146.npy,0,56810,0,0,1.0,False
coronacases_006,147,/kaggle/working/scribble-uncertainty-lung-segmentation/data/pseudo_labels/weak_bg_entropy/coronacases_006_slice_0147.npy,/kaggle/working/scribble-uncertainty-lung-segmentation/data/pseudo_labels/weak_bg_confidence/coronacases_006_slice_0147.npy,/kaggle/working/scribble-uncertainty-lung-segmentation/outputs/uncertainty_maps/weak_bg_entropy/coronacases_006_slice_0147.npy,0,56988,0,0,1.0,False
coronacases_006,148,/kaggle/working/scribble-uncertainty-lung-segmentation/data/pseudo_labels/weak_bg_entropy/coronacases_006_slice_0148.npy,/kaggle/working/scribble-uncertainty-lung-segmentation/data/pseudo_labels/weak_bg_confidence/coronacases_006_slice_0148.npy,/kaggle/working/scribble-uncertainty-lung-segmentation/outputs/uncertainty_maps/weak_bg_entropy/coronacases_006_slice_0148.npy,98,56999,0,0,1.0204082023790306e-09,False
coronacases_006,149,/kaggle/working/scribble-uncertainty-lung-segmentation/data/pseudo_labels/weak_bg_entropy/coronacases_006_slice_0149.npy,/kaggle/working/scribble-uncertainty-lung-segmentation/data/pseudo_labels/weak_bg_confidence/coronacases_006_slice_0149.npy,/kaggle/working/scribble-uncertainty-lung-segmentation/outputs/uncertainty_maps/weak_bg_entropy/coronacases_006_slice_0149.npy,72,56854,0,0,1.3888888927837684e-09,False
coronacases_006,150,/kaggle/working/scribble-uncertainty-lung-segmentation/data/pseudo_labels/weak_bg_entropy/coronacases_006_slice_0150.npy,/kaggle/working/scribble-uncertainty-lung-segmentation/data/pseudo_labels/weak_bg_confidence/coronacases_006_slice_0150.npy,/kaggle/working/scribble-uncertainty-lung-segmentation/outputs/uncertainty_maps/weak_bg_entropy/coronacases_006_slice_0150.npy,23,56913,0,0,4.347826099149188e-09,False
coronacases_006,151,/kaggle/working/scribble-uncertainty-lung-segmentation/data/pseudo_labels/weak_bg_entropy/coronacases_006_slice_0151.npy,/kaggle/working/scribble-uncertainty-lung-segmentation/data/pseudo_labels/weak_bg_confidence/coronacases_006_slice_0151.npy,/kaggle/working/scribble-uncertainty-lung-segmentation/outputs/uncertainty_maps/weak_bg_entropy/coronacases_006_slice_0151.npy,0,57031,0,0,1.0,False
coronacases_006,152,/kaggle/working/scribble-uncertainty-lung-segmentation/data/pseudo_labels/weak_bg_entropy/coronacases_006_slice_0152.npy,/kaggle/working/scribble-uncertainty-lung-segmentation/data/pseudo_labels/weak_bg_confidence/coronacases_006_slice_0152.npy,/kaggle/working/scribble-uncertainty-lung-segmentation/outputs/uncertainty_maps/weak_bg_entropy/coronacases_006_slice_0152.npy,0,57159,0,0,1.0,False
coronacases_006,153,/kaggle/working/scribble-uncertainty-lung-segmentation/data/pseudo_labels/weak_bg_entropy/coronacases_006_slice_0153.npy,/kaggle/working/scribble-uncertainty-lung-segmentation/data/pseudo_labels/weak_bg_confidence/coronacases_006_slice_0153.npy,/kaggle/working/scribble-uncertainty-lung-segmentation/outputs/uncertainty_maps/weak_bg_entropy/coronacases_006_slice_0153.npy,35,57368,0,0,2.8571429666612858e-09,False
coronacases_006,154,/kaggle/working/scribble-uncertainty-lung-segmentation/data/pseudo_labels/weak_bg_entropy/coronacases_006_slice_0154.npy,/kaggle/working/scribble-uncertainty-lung-segmentation/data/pseudo_labels/weak_bg_confidence/coronacases_006_slice_0154.npy,/kaggle/working/scribble-uncertainty-lung-segmentation/outputs/uncertainty_maps/weak_bg_entropy/coronacases_006_slice_0154.npy,82,57562,0,0,1.2195121579239299e-09,False
coronacases_006,155,/kaggle/working/scribble-uncertainty-lung-segmentation/data/pseudo_labels/weak_bg_entropy/coronacases_006_slice_0155.npy,/kaggle/working/scribble-uncertainty-lung-segmentation/data/pseudo_labels/weak_bg_confidence/coronacases_006_slice_0155.npy,/kaggle/working/scribble-uncertainty-lung-segmentation/outputs/uncertainty_maps/weak_bg_entropy/coronacases_006_slice_0155.npy,91,57590,0,0,1.0989010812423317e-09,False
coronacases_006,156,/kaggle/working/scribble-uncertainty-lung-segmentation/data/pseudo_labels/weak_bg_entropy/coronacases_006_slice_0156.npy,/kaggle/working/scribble-uncertainty-lung-segmentation/data/pseudo_labels/weak_bg_confidence/coronacases_006_slice_0156.npy,/kaggle/working/scribble-uncertainty-lung-segmentation/outputs/uncertainty_maps/weak_bg_entropy/coronacases_006_slice_0156.npy,51,57681,0,0,1.9607844237157224e-09,False
coronacases_006,157,/kaggle/working/scribble-uncertainty-lung-segmentation/data/pseudo_labels/weak_bg_entropy/coronacases_006_slice_0157.npy,/kaggle/working/scribble-uncertainty-lung-segmentation/data/pseudo_labels/weak_bg_confidence/coronacases_006_slice_0157.npy,/kaggle/working/scribble-uncertainty-lung-segmentation/outputs/uncertainty_maps/weak_bg_entropy/coronacases_006_slice_0157.npy,0,57886,0,0,1.0,False
coronacases_006,158,/kaggle/working/scribble-uncertainty-lung-segmentation/data/pseudo_labels/weak_bg_entropy/coronacases_006_slice_0158.npy,/kaggle/working/scribble-uncertainty-lung-segmentation/data/pseudo_labels/weak_bg_confidence/coronacases_006_slice_0158.npy,/kaggle/working/scribble-uncertainty-lung-segmentation/outputs/uncertainty_maps/weak_bg_entropy/coronacases_006_slice_0158.npy,0,57858,0,0,1.0,False
coronacases_006,159,/kaggle/working/scribble-uncertainty-lung-segmentation/data/pseudo_labels/weak_bg_entropy/coronacases_006_slice_0159.npy,/kaggle/working/scribble-uncertainty-lung-segmentation/data/pseudo_labels/weak_bg_confidence/coronacases_006_slice_0159.npy,/kaggle/working/scribble-uncertainty-lung-segmentation/outputs/uncertainty_maps/weak_bg_entropy/coronacases_006_slice_0159.npy,0,58043,0,0,1.0,False
coronacases_006,160,/kaggle/working/scribble-uncertainty-lung-segmentation/data/pseudo_labels/weak_bg_entropy/coronacases_006_slice_0160.npy,/kaggle/working/scribble-uncertainty-lung-segmentation/data/pseudo_labels/weak_bg_confidence/coronacases_006_slice_0160.npy,/kaggle/working/scribble-uncertainty-lung-segmentation/outputs/uncertainty_maps/weak_bg_entropy/coronacases_006_slice_0160.npy,0,58168,0,0,1.0,False
coronacases_006,161,/kaggle/working/scribble-uncertainty-lung-segmentation/data/pseudo_labels/weak_bg_entropy/coronacases_006_slice_0161.npy,/kaggle/working/scribble-uncertainty-lung-segmentation/data/pseudo_labels/weak_bg_confidence/coronacases_006_slice_0161.npy,/kaggle/working/scribble-uncertainty-lung-segmentation/outputs/uncertainty_maps/weak_bg_entropy/coronacases_006_slice_0161.npy,0,58366,0,0,1.0,False
coronacases_006,162,/kaggle/working/scribble-uncertainty-lung-segmentation/data/pseudo_labels/weak_bg_entropy/coronacases_006_slice_0162.npy,/kaggle/working/scribble-uncertainty-lung-segmentation/data/pseudo_labels/weak_bg_confidence/coronacases_006_slice_0162.npy,/kaggle/working/scribble-uncertainty-lung-segmentation/outputs/uncertainty_maps/weak_bg_entropy/coronacases_006_slice_0162.npy,0,58558,0,0,1.0,False
coronacases_006,163,/kaggle/working/scribble-uncertainty-lung-segmentation/data/pseudo_labels/weak_bg_entropy/coronacases_006_slice_0163.npy,/kaggle/working/scribble-uncertainty-lung-segmentation/data/pseudo_labels/weak_bg_confidence/coronacases_006_slice_0163.npy,/kaggle/working/scribble-uncertainty-lung-segmentation/outputs/uncertainty_maps/weak_bg_entropy/coronacases_006_slice_0163.npy,0,58701,0,0,1.0,False
coronacases_006,164,/kaggle/working/scribble-uncertainty-lung-segmentation/data/pseudo_labels/weak_bg_entropy/coronacases_006_slice_0164.npy,/kaggle/working/scribble-uncertainty-lung-segmentation/data/pseudo_labels/weak_bg_confidence/coronacases_006_slice_0164.npy,/kaggle/working/scribble-uncertainty-lung-segmentation/outputs/uncertainty_maps/weak_bg_entropy/coronacases_006_slice_0164.npy,0,58878,0,0,1.0,False
coronacases_006,165,/kaggle/working/scribble-uncertainty-lung-segmentation/data/pseudo_labels/weak_bg_entropy/coronacases_006_slice_0165.npy,/kaggle/working/scribble-uncertainty-lung-segmentation/data/pseudo_labels/weak_bg_confidence/coronacases_006_slice_0165.npy,/kaggle/working/scribble-uncertainty-lung-segmentation/outputs/uncertainty_maps/weak_bg_entropy/coronacases_006_slice_0165.npy,0,59086,0,0,1.0,False
coronacases_006,166,/kaggle/working/scribble-uncertainty-lung-segmentation/data/pseudo_labels/weak_bg_entropy/coronacases_006_slice_0166.npy,/kaggle/working/scribble-uncertainty-lung-segmentation/data/pseudo_labels/weak_bg_confidence/coronacases_006_slice_0166.npy,/kaggle/working/scribble-uncertainty-lung-segmentation/outputs/uncertainty_maps/weak_bg_entropy/coronacases_006_slice_0166.npy,0,59257,0,0,1.0,False
coronacases_006,167,/kaggle/working/scribble-uncertainty-lung-segmentation/data/pseudo_labels/weak_bg_entropy/coronacases_006_slice_0167.npy,/kaggle/working/scribble-uncertainty-lung-segmentation/data/pseudo_labels/weak_bg_confidence/coronacases_006_slice_0167.npy,/kaggle/working/scribble-uncertainty-lung-segmentation/outputs/uncertainty_maps/weak_bg_entropy/coronacases_006_slice_0167.npy,17,59443,0,0,5.882352827057957e-09,False
coronacases_006,168,/kaggle/working/scribble-uncertainty-lung-segmentation/data/pseudo_labels/weak_bg_entropy/coronacases_006_slice_0168.npy,/kaggle/working/scribble-uncertainty-lung-segmentation/data/pseudo_labels/weak_bg_confidence/coronacases_006_slice_0168.npy,/kaggle/working/scribble-uncertainty-lung-segmentation/outputs/uncertainty_maps/weak_bg_entropy/coronacases_006_slice_0168.npy,41,59625,0,0,2.4390243158478597e-09,False
coronacases_006,169,/kaggle/working/scribble-uncertainty-lung-segmentation/data/pseudo_labels/weak_bg_entropy/coronacases_006_slice_0169.npy,/kaggle/working/scribble-uncertainty-lung-segmentation/data/pseudo_labels/weak_bg_confidence/coronacases_006_slice_0169.npy,/kaggle/working/scribble-uncertainty-lung-segmentation/outputs/uncertainty_maps/weak_bg_entropy/coronacases_006_slice_0169.npy,22,59816,0,0,4.545454679316663e-09,False
coronacases_006,170,/kaggle/working/scribble-uncertainty-lung-segmentation/data/pseudo_labels/weak_bg_entropy/coronacases_006_slice_0170.npy,/kaggle/working/scribble-uncertainty-lung-segmentation/data/pseudo_labels/weak_bg_confidence/coronacases_006_slice_0170.npy,/kaggle/working/scribble-uncertainty-lung-segmentation/outputs/uncertainty_maps/weak_bg_entropy/coronacases_006_slice_0170.npy,12,60005,0,0,8.333333134658005e-09,False
coronacases_006,171,/kaggle/working/scribble-uncertainty-lung-segmentation/data/pseudo_labels/weak_bg_entropy/coronacases_006_slice_0171.npy,/kaggle/working/scribble-uncertainty-lung-segmentation/data/pseudo_labels/weak_bg_confidence/coronacases_006_slice_0171.npy,/kaggle/working/scribble-uncertainty-lung-segmentation/outputs/uncertainty_maps/weak_bg_entropy/coronacases_006_slice_0171.npy,0,60232,0,0,1.0,False
coronacases_006,172,/kaggle/working/scribble-uncertainty-lung-segmentation/data/pseudo_labels/weak_bg_entropy/coronacases_006_slice_0172.npy,/kaggle/working/scribble-uncertainty-lung-segmentation/data/pseudo_labels/weak_bg_confidence/coronacases_006_slice_0172.npy,/kaggle/working/scribble-uncertainty-lung-segmentation/outputs/uncertainty_maps/weak_bg_entropy/coronacases_006_slice_0172.npy,0,60490,0,0,1.0,False
coronacases_006,173,/kaggle/working/scribble-uncertainty-lung-segmentation/data/pseudo_labels/weak_bg_entropy/coronacases_006_slice_0173.npy,/kaggle/working/scribble-uncertainty-lung-segmentation/data/pseudo_labels/weak_bg_confidence/coronacases_006_slice_0173.npy,/kaggle/working/scribble-uncertainty-lung-segmentation/outputs/uncertainty_maps/weak_bg_entropy/coronacases_006_slice_0173.npy,0,60717,0,0,1.0,False
coronacases_006,174,/kaggle/working/scribble-uncertainty-lung-segmentation/data/pseudo_labels/weak_bg_entropy/coronacases_006_slice_0174.npy,/kaggle/working/scribble-uncertainty-lung-segmentation/data/pseudo_labels/weak_bg_confidence/coronacases_006_slice_0174.npy,/kaggle/working/scribble-uncertainty-lung-segmentation/outputs/uncertainty_maps/weak_bg_entropy/coronacases_006_slice_0174.npy,0,61026,0,0,1.0,False
coronacases_006,175,/kaggle/working/scribble-uncertainty-lung-segmentation/data/pseudo_labels/weak_bg_entropy/coronacases_006_slice_0175.npy,/kaggle/working/scribble-uncertainty-lung-segmentation/data/pseudo_labels/weak_bg_confidence/coronacases_006_slice_0175.npy,/kaggle/working/scribble-uncertainty-lung-segmentation/outputs/uncertainty_maps/weak_bg_entropy/coronacases_006_slice_0175.npy,9,61312,0,0,1.1111111142270147e-08,False
coronacases_006,176,/kaggle/working/scribble-uncertainty-lung-segmentation/data/pseudo_labels/weak_bg_entropy/coronacases_006_slice_0176.npy,/kaggle/working/scribble-uncertainty-lung-segmentation/data/pseudo_labels/weak_bg_confidence/coronacases_006_slice_0176.npy,/kaggle/working/scribble-uncertainty-lung-segmentation/outputs/uncertainty_maps/weak_bg_entropy/coronacases_006_slice_0176.npy,25,61686,0,0,3.999999886872274e-09,False
coronacases_006,177,/kaggle/working/scribble-uncertainty-lung-segmentation/data/pseudo_labels/weak_bg_entropy/coronacases_006_slice_0177.npy,/kaggle/working/scribble-uncertainty-lung-segmentation/data/pseudo_labels/weak_bg_confidence/coronacases_006_slice_0177.npy,/kaggle/working/scribble-uncertainty-lung-segmentation/outputs/uncertainty_maps/weak_bg_entropy/coronacases_006_slice_0177.npy,0,61974,0,0,1.0,False
coronacases_006,178,/kaggle/working/scribble-uncertainty-lung-segmentation/data/pseudo_labels/weak_bg_entropy/coronacases_006_slice_0178.npy,/kaggle/working/scribble-uncertainty-lung-segmentation/data/pseudo_labels/weak_bg_confidence/coronacases_006_slice_0178.npy,/kaggle/working/scribble-uncertainty-lung-segmentation/outputs/uncertainty_maps/weak_bg_entropy/coronacases_006_slice_0178.npy,27,62303,0,0,3.7037037881049173e-09,False
coronacases_006,179,/kaggle/working/scribble-uncertainty-lung-segmentation/data/pseudo_labels/weak_bg_entropy/coronacases_006_slice_0179.npy,/kaggle/working/scribble-uncertainty-lung-segmentation/data/pseudo_labels/weak_bg_confidence/coronacases_006_slice_0179.npy,/kaggle/working/scribble-uncertainty-lung-segmentation/outputs/uncertainty_maps/weak_bg_entropy/coronacases_006_slice_0179.npy,31,62563,0,0,3.2258065107981793e-09,False
coronacases_006,180,/kaggle/working/scribble-uncertainty-lung-segmentation/data/pseudo_labels/weak_bg_entropy/coronacases_006_slice_0180.npy,/kaggle/working/scribble-uncertainty-lung-segmentation/data/pseudo_labels/weak_bg_confidence/coronacases_006_slice_0180.npy,/kaggle/working/scribble-uncertainty-lung-segmentation/outputs/uncertainty_maps/weak_bg_entropy/coronacases_006_slice_0180.npy,27,62837,0,0,3.7037037881049173e-09,False
coronacases_006,181,/kaggle/working/scribble-uncertainty-lung-segmentation/data/pseudo_labels/weak_bg_entropy/coronacases_006_slice_0181.npy,/kaggle/working/scribble-uncertainty-lung-segmentation/data/pseudo_labels/weak_bg_confidence/coronacases_006_slice_0181.npy,/kaggle/working/scribble-uncertainty-lung-segmentation/outputs/uncertainty_maps/weak_bg_entropy/coronacases_006_slice_0181.npy,5,63079,0,0,1.999999987845058e-08,False
coronacases_006,182,/kaggle/working/scribble-uncertainty-lung-segmentation/data/pseudo_labels/weak_bg_entropy/coronacases_006_slice_0182.npy,/kaggle/working/scribble-uncertainty-lung-segmentation/data/pseudo_labels/weak_bg_confidence/coronacases_006_slice_0182.npy,/kaggle/working/scribble-uncertainty-lung-segmentation/outputs/uncertainty_maps/weak_bg_entropy/coronacases_006_slice_0182.npy,8,63343,0,0,1.2500000146076218e-08,False
coronacases_006,183,/kaggle/working/scribble-uncertainty-lung-segmentation/data/pseudo_labels/weak_bg_entropy/coronacases_006_slice_0183.npy,/kaggle/working/scribble-uncertainty-lung-segmentation/data/pseudo_labels/weak_bg_confidence/coronacases_006_slice_0183.npy,/kaggle/working/scribble-uncertainty-lung-segmentation/outputs/uncertainty_maps/weak_bg_entropy/coronacases_006_slice_0183.npy,0,63550,0,0,1.0,False
coronacases_006,184,/kaggle/working/scribble-uncertainty-lung-segmentation/data/pseudo_labels/weak_bg_entropy/coronacases_006_slice_0184.npy,/kaggle/working/scribble-uncertainty-lung-segmentation/data/pseudo_labels/weak_bg_confidence/coronacases_006_slice_0184.npy,/kaggle/working/scribble-uncertainty-lung-segmentation/outputs/uncertainty_maps/weak_bg_entropy/coronacases_006_slice_0184.npy,0,63752,0,0,1.0,False
coronacases_006,185,/kaggle/working/scribble-uncertainty-lung-segmentation/data/pseudo_labels/weak_bg_entropy/coronacases_006_slice_0185.npy,/kaggle/working/scribble-uncertainty-lung-segmentation/data/pseudo_labels/weak_bg_confidence/coronacases_006_slice_0185.npy,/kaggle/working/scribble-uncertainty-lung-segmentation/outputs/uncertainty_maps/weak_bg_entropy/coronacases_006_slice_0185.npy,0,63935,0,0,1.0,False
coronacases_006,186,/kaggle/working/scribble-uncertainty-lung-segmentation/data/pseudo_labels/weak_bg_entropy/coronacases_006_slice_0186.npy,/kaggle/working/scribble-uncertainty-lung-segmentation/data/pseudo_labels/weak_bg_confidence/coronacases_006_slice_0186.npy,/kaggle/working/scribble-uncertainty-lung-segmentation/outputs/uncertainty_maps/weak_bg_entropy/coronacases_006_slice_0186.npy,15,64147,0,0,6.66666677417993e-09,False
coronacases_006,187,/kaggle/working/scribble-uncertainty-lung-segmentation/data/pseudo_labels/weak_bg_entropy/coronacases_006_slice_0187.npy,/kaggle/working/scribble-uncertainty-lung-segmentation/data/pseudo_labels/weak_bg_confidence/coronacases_006_slice_0187.npy,/kaggle/working/scribble-uncertainty-lung-segmentation/outputs/uncertainty_maps/weak_bg_entropy/coronacases_006_slice_0187.npy,0,64348,0,0,1.0,False
coronacases_006,188,/kaggle/working/scribble-uncertainty-lung-segmentation/data/pseudo_labels/weak_bg_entropy/coronacases_006_slice_0188.npy,/kaggle/working/scribble-uncertainty-lung-segmentation/data/pseudo_labels/weak_bg_confidence/coronacases_006_slice_0188.npy,/kaggle/working/scribble-uncertainty-lung-segmentation/outputs/uncertainty_maps/weak_bg_entropy/coronacases_006_slice_0188.npy,0,64533,0,0,1.0,False
coronacases_006,189,/kaggle/working/scribble-uncertainty-lung-segmentation/data/pseudo_labels/weak_bg_entropy/coronacases_006_slice_0189.npy,/kaggle/working/scribble-uncertainty-lung-segmentation/data/pseudo_labels/weak_bg_confidence/coronacases_006_slice_0189.npy,/kaggle/working/scribble-uncertainty-lung-segmentation/outputs/uncertainty_maps/weak_bg_entropy/coronacases_006_slice_0189.npy,0,64728,0,0,1.0,False
coronacases_006,190,/kaggle/working/scribble-uncertainty-lung-segmentation/data/pseudo_labels/weak_bg_entropy/coronacases_006_slice_0190.npy,/kaggle/working/scribble-uncertainty-lung-segmentation/data/pseudo_labels/weak_bg_confidence/coronacases_006_slice_0190.npy,/kaggle/working/scribble-uncertainty-lung-segmentation/outputs/uncertainty_maps/weak_bg_entropy/coronacases_006_slice_0190.npy,0,65096,0,0,1.0,False
coronacases_006,191,/kaggle/working/scribble-uncertainty-lung-segmentation/data/pseudo_labels/weak_bg_entropy/coronacases_006_slice_0191.npy,/kaggle/working/scribble-uncertainty-lung-segmentation/data/pseudo_labels/weak_bg_confidence/coronacases_006_slice_0191.npy,/kaggle/working/scribble-uncertainty-lung-segmentation/outputs/uncertainty_maps/weak_bg_entropy/coronacases_006_slice_0191.npy,0,65187,0,0,1.0,False
coronacases_006,192,/kaggle/working/scribble-uncertainty-lung-segmentation/data/pseudo_labels/weak_bg_entropy/coronacases_006_slice_0192.npy,/kaggle/working/scribble-uncertainty-lung-segmentation/data/pseudo_labels/weak_bg_confidence/coronacases_006_slice_0192.npy,/kaggle/working/scribble-uncertainty-lung-segmentation/outputs/uncertainty_maps/weak_bg_entropy/coronacases_006_slice_0192.npy,0,65255,0,0,1.0,False
coronacases_006,193,/kaggle/working/scribble-uncertainty-lung-segmentation/data/pseudo_labels/weak_bg_entropy/coronacases_006_slice_0193.npy,/kaggle/working/scribble-uncertainty-lung-segmentation/data/pseudo_labels/weak_bg_confidence/coronacases_006_slice_0193.npy,/kaggle/working/scribble-uncertainty-lung-segmentation/outputs/uncertainty_maps/weak_bg_entropy/coronacases_006_slice_0193.npy,0,65327,0,0,1.0,False
coronacases_006,194,/kaggle/working/scribble-uncertainty-lung-segmentation/data/pseudo_labels/weak_bg_entropy/coronacases_006_slice_0194.npy,/kaggle/working/scribble-uncertainty-lung-segmentation/data/pseudo_labels/weak_bg_confidence/coronacases_006_slice_0194.npy,/kaggle/working/scribble-uncertainty-lung-segmentation/outputs/uncertainty_maps/weak_bg_entropy/coronacases_006_slice_0194.npy,0,65536,0,0,1.0,False
coronacases_006,195,/kaggle/working/scribble-uncertainty-lung-segmentation/data/pseudo_labels/weak_bg_entropy/coronacases_006_slice_0195.npy,/kaggle/working/scribble-uncertainty-lung-segmentation/data/pseudo_labels/weak_bg_confidence/coronacases_006_slice_0195.npy,/kaggle/working/scribble-uncertainty-lung-segmentation/outputs/uncertainty_maps/weak_bg_entropy/coronacases_006_slice_0195.npy,0,65536,0,0,1.0,False
coronacases_007,11,/kaggle/working/scribble-uncertainty-lung-segmentation/data/pseudo_labels/weak_bg_entropy/coronacases_007_slice_0011.npy,/kaggle/working/scribble-uncertainty-lung-segmentation/data/pseudo_labels/weak_bg_confidence/coronacases_007_slice_0011.npy,/kaggle/working/scribble-uncertainty-lung-segmentation/outputs/uncertainty_maps/weak_bg_entropy/coronacases_007_slice_0011.npy,0,65536,0,0,1.0,False
coronacases_007,12,/kaggle/working/scribble-uncertainty-lung-segmentation/data/pseudo_labels/weak_bg_entropy/coronacases_007_slice_0012.npy,/kaggle/working/scribble-uncertainty-lung-segmentation/data/pseudo_labels/weak_bg_confidence/coronacases_007_slice_0012.npy,/kaggle/working/scribble-uncertainty-lung-segmentation/outputs/uncertainty_maps/weak_bg_entropy/coronacases_007_slice_0012.npy,0,65536,0,0,1.0,False
coronacases_007,13,/kaggle/working/scribble-uncertainty-lung-segmentation/data/pseudo_labels/weak_bg_entropy/coronacases_007_slice_0013.npy,/kaggle/working/scribble-uncertainty-lung-segmentation/data/pseudo_labels/weak_bg_confidence/coronacases_007_slice_0013.npy,/kaggle/working/scribble-uncertainty-lung-segmentation/outputs/uncertainty_maps/weak_bg_entropy/coronacases_007_slice_0013.npy,0,65536,0,0,1.0,False
coronacases_007,14,/kaggle/working/scribble-uncertainty-lung-segmentation/data/pseudo_labels/weak_bg_entropy/coronacases_007_slice_0014.npy,/kaggle/working/scribble-uncertainty-lung-segmentation/data/pseudo_labels/weak_bg_confidence/coronacases_007_slice_0014.npy,/kaggle/working/scribble-uncertainty-lung-segmentation/outputs/uncertainty_maps/weak_bg_entropy/coronacases_007_slice_0014.npy,0,65536,0,0,1.0,False
coronacases_007,15,/kaggle/working/scribble-uncertainty-lung-segmentation/data/pseudo_labels/weak_bg_entropy/coronacases_007_slice_0015.npy,/kaggle/working/scribble-uncertainty-lung-segmentation/data/pseudo_labels/weak_bg_confidence/coronacases_007_slice_0015.npy,/kaggle/working/scribble-uncertainty-lung-segmentation/outputs/uncertainty_maps/weak_bg_entropy/coronacases_007_slice_0015.npy,0,65536,0,0,1.0,False
coronacases_007,16,/kaggle/working/scribble-uncertainty-lung-segmentation/data/pseudo_labels/weak_bg_entropy/coronacases_007_slice_0016.npy,/kaggle/working/scribble-uncertainty-lung-segmentation/data/pseudo_labels/weak_bg_confidence/coronacases_007_slice_0016.npy,/kaggle/working/scribble-uncertainty-lung-segmentation/outputs/uncertainty_maps/weak_bg_entropy/coronacases_007_slice_0016.npy,0,65536,0,0,1.0,False
coronacases_007,17,/kaggle/working/scribble-uncertainty-lung-segmentation/data/pseudo_labels/weak_bg_entropy/coronacases_007_slice_0017.npy,/kaggle/working/scribble-uncertainty-lung-segmentation/data/pseudo_labels/weak_bg_confidence/coronacases_007_slice_0017.npy,/kaggle/working/scribble-uncertainty-lung-segmentation/outputs/uncertainty_maps/weak_bg_entropy/coronacases_007_slice_0017.npy,0,65536,0,0,1.0,False
coronacases_007,18,/kaggle/working/scribble-uncertainty-lung-segmentation/data/pseudo_labels/weak_bg_entropy/coronacases_007_slice_0018.npy,/kaggle/working/scribble-uncertainty-lung-segmentation/data/pseudo_labels/weak_bg_confidence/coronacases_007_slice_0018.npy,/kaggle/working/scribble-uncertainty-lung-segmentation/outputs/uncertainty_maps/weak_bg_entropy/coronacases_007_slice_0018.npy,0,65530,0,0,1.0,False
coronacases_007,19,/kaggle/working/scribble-uncertainty-lung-segmentation/data/pseudo_labels/weak_bg_entropy/coronacases_007_slice_0019.npy,/kaggle/working/scribble-uncertainty-lung-segmentation/data/pseudo_labels/weak_bg_confidence/coronacases_007_slice_0019.npy,/kaggle/working/scribble-uncertainty-lung-segmentation/outputs/uncertainty_maps/weak_bg_entropy/coronacases_007_slice_0019.npy,0,65500,0,0,1.0,False
coronacases_007,20,/kaggle/working/scribble-uncertainty-lung-segmentation/data/pseudo_labels/weak_bg_entropy/coronacases_007_slice_0020.npy,/kaggle/working/scribble-uncertainty-lung-segmentation/data/pseudo_labels/weak_bg_confidence/coronacases_007_slice_0020.npy,/kaggle/working/scribble-uncertainty-lung-segmentation/outputs/uncertainty_maps/weak_bg_entropy/coronacases_007_slice_0020.npy,0,65448,0,0,1.0,False
coronacases_007,21,/kaggle/working/scribble-uncertainty-lung-segmentation/data/pseudo_labels/weak_bg_entropy/coronacases_007_slice_0021.npy,/kaggle/working/scribble-uncertainty-lung-segmentation/data/pseudo_labels/weak_bg_confidence/coronacases_007_slice_0021.npy,/kaggle/working/scribble-uncertainty-lung-segmentation/outputs/uncertainty_maps/weak_bg_entropy/coronacases_007_slice_0021.npy,0,65348,0,0,1.0,False
coronacases_007,22,/kaggle/working/scribble-uncertainty-lung-segmentation/data/pseudo_labels/weak_bg_entropy/coronacases_007_slice_0022.npy,/kaggle/working/scribble-uncertainty-lung-segmentation/data/pseudo_labels/weak_bg_confidence/coronacases_007_slice_0022.npy,/kaggle/working/scribble-uncertainty-lung-segmentation/outputs/uncertainty_maps/weak_bg_entropy/coronacases_007_slice_0022.npy,0,65237,0,0,1.0,False
coronacases_007,23,/kaggle/working/scribble-uncertainty-lung-segmentation/data/pseudo_labels/weak_bg_entropy/coronacases_007_slice_0023.npy,/kaggle/working/scribble-uncertainty-lung-segmentation/data/pseudo_labels/weak_bg_confidence/coronacases_007_slice_0023.npy,/kaggle/working/scribble-uncertainty-lung-segmentation/outputs/uncertainty_maps/weak_bg_entropy/coronacases_007_slice_0023.npy,0,65181,0,0,1.0,False
coronacases_007,24,/kaggle/working/scribble-uncertainty-lung-segmentation/data/pseudo_labels/weak_bg_entropy/coronacases_007_slice_0024.npy,/kaggle/working/scribble-uncertainty-lung-segmentation/data/pseudo_labels/weak_bg_confidence/coronacases_007_slice_0024.npy,/kaggle/working/scribble-uncertainty-lung-segmentation/outputs/uncertainty_maps/weak_bg_entropy/coronacases_007_slice_0024.npy,0,65114,0,0,1.0,False
coronacases_007,25,/kaggle/working/scribble-uncertainty-lung-segmentation/data/pseudo_labels/weak_bg_entropy/coronacases_007_slice_0025.npy,/kaggle/working/scribble-uncertainty-lung-segmentation/data/pseudo_labels/weak_bg_confidence/coronacases_007_slice_0025.npy,/kaggle/working/scribble-uncertainty-lung-segmentation/outputs/uncertainty_maps/weak_bg_entropy/coronacases_007_slice_0025.npy,0,65070,0,0,1.0,False
coronacases_007,26,/kaggle/working/scribble-uncertainty-lung-segmentation/data/pseudo_labels/weak_bg_entropy/coronacases_007_slice_0026.npy,/kaggle/working/scribble-uncertainty-lung-segmentation/data/pseudo_labels/weak_bg_confidence/coronacases_007_slice_0026.npy,/kaggle/working/scribble-uncertainty-lung-segmentation/outputs/uncertainty_maps/weak_bg_entropy/coronacases_007_slice_0026.npy,0,64945,0,0,1.0,False
coronacases_007,27,/kaggle/working/scribble-uncertainty-lung-segmentation/data/pseudo_labels/weak_bg_entropy/coronacases_007_slice_0027.npy,/kaggle/working/scribble-uncertainty-lung-segmentation/data/pseudo_labels/weak_bg_confidence/coronacases_007_slice_0027.npy,/kaggle/working/scribble-uncertainty-lung-segmentation/outputs/uncertainty_maps/weak_bg_entropy/coronacases_007_slice_0027.npy,16,64811,0,0,6.250000073038109e-09,False
coronacases_007,28,/kaggle/working/scribble-uncertainty-lung-segmentation/data/pseudo_labels/weak_bg_entropy/coronacases_007_slice_0028.npy,/kaggle/working/scribble-uncertainty-lung-segmentation/data/pseudo_labels/weak_bg_confidence/coronacases_007_slice_0028.npy,/kaggle/working/scribble-uncertainty-lung-segmentation/outputs/uncertainty_maps/weak_bg_entropy/coronacases_007_slice_0028.npy,0,64732,0,0,1.0,False
coronacases_007,29,/kaggle/working/scribble-uncertainty-lung-segmentation/data/pseudo_labels/weak_bg_entropy/coronacases_007_slice_0029.npy,/kaggle/working/scribble-uncertainty-lung-segmentation/data/pseudo_labels/weak_bg_confidence/coronacases_007_slice_0029.npy,/kaggle/working/scribble-uncertainty-lung-segmentation/outputs/uncertainty_maps/weak_bg_entropy/coronacases_007_slice_0029.npy,23,64648,0,0,4.347826099149188e-09,False
coronacases_007,30,/kaggle/working/scribble-uncertainty-lung-segmentation/data/pseudo_labels/weak_bg_entropy/coronacases_007_slice_0030.npy,/kaggle/working/scribble-uncertainty-lung-segmentation/data/pseudo_labels/weak_bg_confidence/coronacases_007_slice_0030.npy,/kaggle/working/scribble-uncertainty-lung-segmentation/outputs/uncertainty_maps/weak_bg_entropy/coronacases_007_slice_0030.npy,146,64679,0,0,6.849315004053835e-10,False
coronacases_007,31,/kaggle/working/scribble-uncertainty-lung-segmentation/data/pseudo_labels/weak_bg_entropy/coronacases_007_slice_0031.npy,/kaggle/working/scribble-uncertainty-lung-segmentation/data/pseudo_labels/weak_bg_confidence/coronacases_007_slice_0031.npy,/kaggle/working/scribble-uncertainty-lung-segmentation/outputs/uncertainty_maps/weak_bg_entropy/coronacases_007_slice_0031.npy,220,64659,0,0,4.5454545682943603e-10,False
coronacases_007,32,/kaggle/working/scribble-uncertainty-lung-segmentation/data/pseudo_labels/weak_bg_entropy/coronacases_007_slice_0032.npy,/kaggle/working/scribble-uncertainty-lung-segmentation/data/pseudo_labels/weak_bg_confidence/coronacases_007_slice_0032.npy,/kaggle/working/scribble-uncertainty-lung-segmentation/outputs/uncertainty_maps/weak_bg_entropy/coronacases_007_slice_0032.npy,140,64481,0,0,7.142857416653214e-10,False
coronacases_007,33,/kaggle/working/scribble-uncertainty-lung-segmentation/data/pseudo_labels/weak_bg_entropy/coronacases_007_slice_0033.npy,/kaggle/working/scribble-uncertainty-lung-segmentation/data/pseudo_labels/weak_bg_confidence/coronacases_007_slice_0033.npy,/kaggle/working/scribble-uncertainty-lung-segmentation/outputs/uncertainty_maps/weak_bg_entropy/coronacases_007_slice_0033.npy,206,64449,0,0,4.854369128892699e-10,False
coronacases_007,34,/kaggle/working/scribble-uncertainty-lung-segmentation/data/pseudo_labels/weak_bg_entropy/coronacases_007_slice_0034.npy,/kaggle/working/scribble-uncertainty-lung-segmentation/data/pseudo_labels/weak_bg_confidence/coronacases_007_slice_0034.npy,/kaggle/working/scribble-uncertainty-lung-segmentation/outputs/uncertainty_maps/weak_bg_entropy/coronacases_007_slice_0034.npy,200,64303,0,0,4.999999858590343e-10,False
coronacases_007,35,/kaggle/working/scribble-uncertainty-lung-segmentation/data/pseudo_labels/weak_bg_entropy/coronacases_007_slice_0035.npy,/kaggle/working/scribble-uncertainty-lung-segmentation/data/pseudo_labels/weak_bg_confidence/coronacases_007_slice_0035.npy,/kaggle/working/scribble-uncertainty-lung-segmentation/outputs/uncertainty_maps/weak_bg_entropy/coronacases_007_slice_0035.npy,202,64209,0,0,4.950495013922307e-10,False
coronacases_007,36,/kaggle/working/scribble-uncertainty-lung-segmentation/data/pseudo_labels/weak_bg_entropy/coronacases_007_slice_0036.npy,/kaggle/working/scribble-uncertainty-lung-segmentation/data/pseudo_labels/weak_bg_confidence/coronacases_007_slice_0036.npy,/kaggle/working/scribble-uncertainty-lung-segmentation/outputs/uncertainty_maps/weak_bg_entropy/coronacases_007_slice_0036.npy,219,64140,0,0,4.5662101877397276e-10,False
coronacases_007,37,/kaggle/working/scribble-uncertainty-lung-segmentation/data/pseudo_labels/weak_bg_entropy/coronacases_007_slice_0037.npy,/kaggle/working/scribble-uncertainty-lung-segmentation/data/pseudo_labels/weak_bg_confidence/coronacases_007_slice_0037.npy,/kaggle/working/scribble-uncertainty-lung-segmentation/outputs/uncertainty_maps/weak_bg_entropy/coronacases_007_slice_0037.npy,293,64071,0,0,3.41296935157942e-10,False
coronacases_007,38,/kaggle/working/scribble-uncertainty-lung-segmentation/data/pseudo_labels/weak_bg_entropy/coronacases_007_slice_0038.npy,/kaggle/working/scribble-uncertainty-lung-segmentation/data/pseudo_labels/weak_bg_confidence/coronacases_007_slice_0038.npy,/kaggle/working/scribble-uncertainty-lung-segmentation/outputs/uncertainty_maps/weak_bg_entropy/coronacases_007_slice_0038.npy,285,63937,0,0,3.5087718841531057e-10,False
coronacases_007,39,/kaggle/working/scribble-uncertainty-lung-segmentation/data/pseudo_labels/weak_bg_entropy/coronacases_007_slice_0039.npy,/kaggle/working/scribble-uncertainty-lung-segmentation/data/pseudo_labels/weak_bg_confidence/coronacases_007_slice_0039.npy,/kaggle/working/scribble-uncertainty-lung-segmentation/outputs/uncertainty_maps/weak_bg_entropy/coronacases_007_slice_0039.npy,415,63940,0,0,2.4096385997651737e-10,False
coronacases_007,40,/kaggle/working/scribble-uncertainty-lung-segmentation/data/pseudo_labels/weak_bg_entropy/coronacases_007_slice_0040.npy,/kaggle/working/scribble-uncertainty-lung-segmentation/data/pseudo_labels/weak_bg_confidence/coronacases_007_slice_0040.npy,/kaggle/working/scribble-uncertainty-lung-segmentation/outputs/uncertainty_maps/weak_bg_entropy/coronacases_007_slice_0040.npy,476,63877,0,0,2.1008403350286642e-10,False
coronacases_007,41,/kaggle/working/scribble-uncertainty-lung-segmentation/data/pseudo_labels/weak_bg_entropy/coronacases_007_slice_0041.npy,/kaggle/working/scribble-uncertainty-lung-segmentation/data/pseudo_labels/weak_bg_confidence/coronacases_007_slice_0041.npy,/kaggle/working/scribble-uncertainty-lung-segmentation/outputs/uncertainty_maps/weak_bg_entropy/coronacases_007_slice_0041.npy,358,63633,0,0,2.79329614993884e-10,False
coronacases_007,42,/kaggle/working/scribble-uncertainty-lung-segmentation/data/pseudo_labels/weak_bg_entropy/coronacases_007_slice_0042.npy,/kaggle/working/scribble-uncertainty-lung-segmentation/data/pseudo_labels/weak_bg_confidence/coronacases_007_slice_0042.npy,/kaggle/working/scribble-uncertainty-lung-segmentation/outputs/uncertainty_maps/weak_bg_entropy/coronacases_007_slice_0042.npy,409,63555,0,0,2.4449878233134825e-10,False
coronacases_007,43,/kaggle/working/scribble-uncertainty-lung-segmentation/data/pseudo_labels/weak_bg_entropy/coronacases_007_slice_0043.npy,/kaggle/working/scribble-uncertainty-lung-segmentation/data/pseudo_labels/weak_bg_confidence/coronacases_007_slice_0043.npy,/kaggle/working/scribble-uncertainty-lung-segmentation/outputs/uncertainty_maps/weak_bg_entropy/coronacases_007_slice_0043.npy,557,63561,0,0,1.7953322162256313e-10,False
coronacases_007,44,/kaggle/working/scribble-uncertainty-lung-segmentation/data/pseudo_labels/weak_bg_entropy/coronacases_007_slice_0044.npy,/kaggle/working/scribble-uncertainty-lung-segmentation/data/pseudo_labels/weak_bg_confidence/coronacases_007_slice_0044.npy,/kaggle/working/scribble-uncertainty-lung-segmentation/outputs/uncertainty_maps/weak_bg_entropy/coronacases_007_slice_0044.npy,491,63385,0,0,2.0366598685317427e-10,False
coronacases_007,45,/kaggle/working/scribble-uncertainty-lung-segmentation/data/pseudo_labels/weak_bg_entropy/coronacases_007_slice_0045.npy,/kaggle/working/scribble-uncertainty-lung-segmentation/data/pseudo_labels/weak_bg_confidence/coronacases_007_slice_0045.npy,/kaggle/working/scribble-uncertainty-lung-segmentation/outputs/uncertainty_maps/weak_bg_entropy/coronacases_007_slice_0045.npy,424,63245,0,0,2.3584906250206927e-10,False
coronacases_007,46,/kaggle/working/scribble-uncertainty-lung-segmentation/data/pseudo_labels/weak_bg_entropy/coronacases_007_slice_0046.npy,/kaggle/working/scribble-uncertainty-lung-segmentation/data/pseudo_labels/weak_bg_confidence/coronacases_007_slice_0046.npy,/kaggle/working/scribble-uncertainty-lung-segmentation/outputs/uncertainty_maps/weak_bg_entropy/coronacases_007_slice_0046.npy,418,63090,0,0,2.3923446557105876e-10,False
coronacases_007,47,/kaggle/working/scribble-uncertainty-lung-segmentation/data/pseudo_labels/weak_bg_entropy/coronacases_007_slice_0047.npy,/kaggle/working/scribble-uncertainty-lung-segmentation/data/pseudo_labels/weak_bg_confidence/coronacases_007_slice_0047.npy,/kaggle/working/scribble-uncertainty-lung-segmentation/outputs/uncertainty_maps/weak_bg_entropy/coronacases_007_slice_0047.npy,361,62888,0,0,2.7700830518284647e-10,False
coronacases_007,48,/kaggle/working/scribble-uncertainty-lung-segmentation/data/pseudo_labels/weak_bg_entropy/coronacases_007_slice_0048.npy,/kaggle/working/scribble-uncertainty-lung-segmentation/data/pseudo_labels/weak_bg_confidence/coronacases_007_slice_0048.npy,/kaggle/working/scribble-uncertainty-lung-segmentation/outputs/uncertainty_maps/weak_bg_entropy/coronacases_007_slice_0048.npy,317,62742,0,0,3.154574101937868e-10,False
coronacases_007,49,/kaggle/working/scribble-uncertainty-lung-segmentation/data/pseudo_labels/weak_bg_entropy/coronacases_007_slice_0049.npy,/kaggle/working/scribble-uncertainty-lung-segmentation/data/pseudo_labels/weak_bg_confidence/coronacases_007_slice_0049.npy,/kaggle/working/scribble-uncertainty-lung-segmentation/outputs/uncertainty_maps/weak_bg_entropy/coronacases_007_slice_0049.npy,387,62610,0,0,2.5839794193238674e-10,False
coronacases_007,50,/kaggle/working/scribble-uncertainty-lung-segmentation/data/pseudo_labels/weak_bg_entropy/coronacases_007_slice_0050.npy,/kaggle/working/scribble-uncertainty-lung-segmentation/data/pseudo_labels/weak_bg_confidence/coronacases_007_slice_0050.npy,/kaggle/working/scribble-uncertainty-lung-segmentation/outputs/uncertainty_maps/weak_bg_entropy/coronacases_007_slice_0050.npy,372,62466,0,0,2.6881721848504014e-10,False
coronacases_007,51,/kaggle/working/scribble-uncertainty-lung-segmentation/data/pseudo_labels/weak_bg_entropy/coronacases_007_slice_0051.npy,/kaggle/working/scribble-uncertainty-lung-segmentation/data/pseudo_labels/weak_bg_confidence/coronacases_007_slice_0051.npy,/kaggle/working/scribble-uncertainty-lung-segmentation/outputs/uncertainty_maps/weak_bg_entropy/coronacases_007_slice_0051.npy,478,62385,0,0,2.0920502830090726e-10,False
coronacases_007,52,/kaggle/working/scribble-uncertainty-lung-segmentation/data/pseudo_labels/weak_bg_entropy/coronacases_007_slice_0052.npy,/kaggle/working/scribble-uncertainty-lung-segmentation/data/pseudo_labels/weak_bg_confidence/coronacases_007_slice_0052.npy,/kaggle/working/scribble-uncertainty-lung-segmentation/outputs/uncertainty_maps/weak_bg_entropy/coronacases_007_slice_0052.npy,594,62401,0,0,1.6835016714011886e-10,False
coronacases_007,53,/kaggle/working/scribble-uncertainty-lung-segmentation/data/pseudo_labels/weak_bg_entropy/coronacases_007_slice_0053.npy,/kaggle/working/scribble-uncertainty-lung-segmentation/data/pseudo_labels/weak_bg_confidence/coronacases_007_slice_0053.npy,/kaggle/working/scribble-uncertainty-lung-segmentation/outputs/uncertainty_maps/weak_bg_entropy/coronacases_007_slice_0053.npy,361,62115,0,0,2.7700830518284647e-10,False
coronacases_007,54,/kaggle/working/scribble-uncertainty-lung-segmentation/data/pseudo_labels/weak_bg_entropy/coronacases_007_slice_0054.npy,/kaggle/working/scribble-uncertainty-lung-segmentation/data/pseudo_labels/weak_bg_confidence/coronacases_007_slice_0054.npy,/kaggle/working/scribble-uncertainty-lung-segmentation/outputs/uncertainty_maps/weak_bg_entropy/coronacases_007_slice_0054.npy,328,62028,0,0,3.0487803948098247e-10,False
coronacases_007,55,/kaggle/working/scribble-uncertainty-lung-segmentation/data/pseudo_labels/weak_bg_entropy/coronacases_007_slice_0055.npy,/kaggle/working/scribble-uncertainty-lung-segmentation/data/pseudo_labels/weak_bg_confidence/coronacases_007_slice_0055.npy,/kaggle/working/scribble-uncertainty-lung-segmentation/outputs/uncertainty_maps/weak_bg_entropy/coronacases_007_slice_0055.npy,369,61721,0,0,2.710027202645904e-10,False
coronacases_007,56,/kaggle/working/scribble-uncertainty-lung-segmentation/data/pseudo_labels/weak_bg_entropy/coronacases_007_slice_0056.npy,/kaggle/working/scribble-uncertainty-lung-segmentation/data/pseudo_labels/weak_bg_confidence/coronacases_007_slice_0056.npy,/kaggle/working/scribble-uncertainty-lung-segmentation/outputs/uncertainty_maps/weak_bg_entropy/coronacases_007_slice_0056.npy,423,61540,0,0,2.3640661650503603e-10,False
coronacases_007,57,/kaggle/working/scribble-uncertainty-lung-segmentation/data/pseudo_labels/weak_bg_entropy/coronacases_007_slice_0057.npy,/kaggle/working/scribble-uncertainty-lung-segmentation/data/pseudo_labels/weak_bg_confidence/coronacases_007_slice_0057.npy,/kaggle/working/scribble-uncertainty-lung-segmentation/outputs/uncertainty_maps/weak_bg_entropy/coronacases_007_slice_0057.npy,535,61500,0,0,1.8691588554720084e-10,False
coronacases_007,58,/kaggle/working/scribble-uncertainty-lung-segmentation/data/pseudo_labels/weak_bg_entropy/coronacases_007_slice_0058.npy,/kaggle/working/scribble-uncertainty-lung-segmentation/data/pseudo_labels/weak_bg_confidence/coronacases_007_slice_0058.npy,/kaggle/working/scribble-uncertainty-lung-segmentation/outputs/uncertainty_maps/weak_bg_entropy/coronacases_007_slice_0058.npy,460,61238,4,19,2.0876826656301972e-10,True
coronacases_007,59,/kaggle/working/scribble-uncertainty-lung-segmentation/data/pseudo_labels/weak_bg_entropy/coronacases_007_slice_0059.npy,/kaggle/working/scribble-uncertainty-lung-segmentation/data/pseudo_labels/weak_bg_confidence/coronacases_007_slice_0059.npy,/kaggle/working/scribble-uncertainty-lung-segmentation/outputs/uncertainty_maps/weak_bg_entropy/coronacases_007_slice_0059.npy,331,60963,4,20,2.849002977978188e-10,True
coronacases_007,60,/kaggle/working/scribble-uncertainty-lung-segmentation/data/pseudo_labels/weak_bg_entropy/coronacases_007_slice_0060.npy,/kaggle/working/scribble-uncertainty-lung-segmentation/data/pseudo_labels/weak_bg_confidence/coronacases_007_slice_0060.npy,/kaggle/working/scribble-uncertainty-lung-segmentation/outputs/uncertainty_maps/weak_bg_entropy/coronacases_007_slice_0060.npy,377,61165,4,16,2.5445293094783494e-10,True
coronacases_007,61,/kaggle/working/scribble-uncertainty-lung-segmentation/data/pseudo_labels/weak_bg_entropy/coronacases_007_slice_0061.npy,/kaggle/working/scribble-uncertainty-lung-segmentation/data/pseudo_labels/weak_bg_confidence/coronacases_007_slice_0061.npy,/kaggle/working/scribble-uncertainty-lung-segmentation/outputs/uncertainty_maps/weak_bg_entropy/coronacases_007_slice_0061.npy,482,60869,4,19,1.996007942262068e-10,True
coronacases_007,62,/kaggle/working/scribble-uncertainty-lung-segmentation/data/pseudo_labels/weak_bg_entropy/coronacases_007_slice_0062.npy,/kaggle/working/scribble-uncertainty-lung-segmentation/data/pseudo_labels/weak_bg_confidence/coronacases_007_slice_0062.npy,/kaggle/working/scribble-uncertainty-lung-segmentation/outputs/uncertainty_maps/weak_bg_entropy/coronacases_007_slice_0062.npy,594,60821,4,19,1.6313213280216843e-10,True
coronacases_007,63,/kaggle/working/scribble-uncertainty-lung-segmentation/data/pseudo_labels/weak_bg_entropy/coronacases_007_slice_0063.npy,/kaggle/working/scribble-uncertainty-lung-segmentation/data/pseudo_labels/weak_bg_confidence/coronacases_007_slice_0063.npy,/kaggle/working/scribble-uncertainty-lung-segmentation/outputs/uncertainty_maps/weak_bg_entropy/coronacases_007_slice_0063.npy,421,60462,4,13,2.3041474284113406e-10,True
coronacases_007,64,/kaggle/working/scribble-uncertainty-lung-segmentation/data/pseudo_labels/weak_bg_entropy/coronacases_007_slice_0064.npy,/kaggle/working/scribble-uncertainty-lung-segmentation/data/pseudo_labels/weak_bg_confidence/coronacases_007_slice_0064.npy,/kaggle/working/scribble-uncertainty-lung-segmentation/outputs/uncertainty_maps/weak_bg_entropy/coronacases_007_slice_0064.npy,547,60091,0,0,1.8281536007247468e-10,False
coronacases_007,65,/kaggle/working/scribble-uncertainty-lung-segmentation/data/pseudo_labels/weak_bg_entropy/coronacases_007_slice_0065.npy,/kaggle/working/scribble-uncertainty-lung-segmentation/data/pseudo_labels/weak_bg_confidence/coronacases_007_slice_0065.npy,/kaggle/working/scribble-uncertainty-lung-segmentation/outputs/uncertainty_maps/weak_bg_entropy/coronacases_007_slice_0065.npy,504,59948,0,0,1.98412702934192e-10,False
coronacases_007,66,/kaggle/working/scribble-uncertainty-lung-segmentation/data/pseudo_labels/weak_bg_entropy/coronacases_007_slice_0066.npy,/kaggle/working/scribble-uncertainty-lung-segmentation/data/pseudo_labels/weak_bg_confidence/coronacases_007_slice_0066.npy,/kaggle/working/scribble-uncertainty-lung-segmentation/outputs/uncertainty_maps/weak_bg_entropy/coronacases_007_slice_0066.npy,379,59507,0,0,2.638522456077652e-10,False
coronacases_007,67,/kaggle/working/scribble-uncertainty-lung-segmentation/data/pseudo_labels/weak_bg_entropy/coronacases_007_slice_0067.npy,/kaggle/working/scribble-uncertainty-lung-segmentation/data/pseudo_labels/weak_bg_confidence/coronacases_007_slice_0067.npy,/kaggle/working/scribble-uncertainty-lung-segmentation/outputs/uncertainty_maps/weak_bg_entropy/coronacases_007_slice_0067.npy,465,59121,0,0,2.1505376646135943e-10,False
coronacases_007,68,/kaggle/working/scribble-uncertainty-lung-segmentation/data/pseudo_labels/weak_bg_entropy/coronacases_007_slice_0068.npy,/kaggle/working/scribble-uncertainty-lung-segmentation/data/pseudo_labels/weak_bg_confidence/coronacases_007_slice_0068.npy,/kaggle/working/scribble-uncertainty-lung-segmentation/outputs/uncertainty_maps/weak_bg_entropy/coronacases_007_slice_0068.npy,436,58930,0,0,2.293577966439031e-10,False
coronacases_007,69,/kaggle/working/scribble-uncertainty-lung-segmentation/data/pseudo_labels/weak_bg_entropy/coronacases_007_slice_0069.npy,/kaggle/working/scribble-uncertainty-lung-segmentation/data/pseudo_labels/weak_bg_confidence/coronacases_007_slice_0069.npy,/kaggle/working/scribble-uncertainty-lung-segmentation/outputs/uncertainty_maps/weak_bg_entropy/coronacases_007_slice_0069.npy,614,58928,0,0,1.6286645643237563e-10,False
coronacases_007,70,/kaggle/working/scribble-uncertainty-lung-segmentation/data/pseudo_labels/weak_bg_entropy/coronacases_007_slice_0070.npy,/kaggle/working/scribble-uncertainty-lung-segmentation/data/pseudo_labels/weak_bg_confidence/coronacases_007_slice_0070.npy,/kaggle/working/scribble-uncertainty-lung-segmentation/outputs/uncertainty_maps/weak_bg_entropy/coronacases_007_slice_0070.npy,578,58737,0,0,1.7301038379713418e-10,False
coronacases_007,71,/kaggle/working/scribble-uncertainty-lung-segmentation/data/pseudo_labels/weak_bg_entropy/coronacases_007_slice_0071.npy,/kaggle/working/scribble-uncertainty-lung-segmentation/data/pseudo_labels/weak_bg_confidence/coronacases_007_slice_0071.npy,/kaggle/working/scribble-uncertainty-lung-segmentation/outputs/uncertainty_maps/weak_bg_entropy/coronacases_007_slice_0071.npy,705,58578,0,0,1.4184396712746405e-10,False
coronacases_007,72,/kaggle/working/scribble-uncertainty-lung-segmentation/data/pseudo_labels/weak_bg_entropy/coronacases_007_slice_0072.npy,/kaggle/working/scribble-uncertainty-lung-segmentation/data/pseudo_labels/weak_bg_confidence/coronacases_007_slice_0072.npy,/kaggle/working/scribble-uncertainty-lung-segmentation/outputs/uncertainty_maps/weak_bg_entropy/coronacases_007_slice_0072.npy,1003,58769,0,0,9.970090031341527e-11,False
coronacases_007,73,/kaggle/working/scribble-uncertainty-lung-segmentation/data/pseudo_labels/weak_bg_entropy/coronacases_007_slice_0073.npy,/kaggle/working/scribble-uncertainty-lung-segmentation/data/pseudo_labels/weak_bg_confidence/coronacases_007_slice_0073.npy,/kaggle/working/scribble-uncertainty-lung-segmentation/outputs/uncertainty_maps/weak_bg_entropy/coronacases_007_slice_0073.npy,1034,58812,0,0,9.671179829195964e-11,False
coronacases_007,74,/kaggle/working/scribble-uncertainty-lung-segmentation/data/pseudo_labels/weak_bg_entropy/coronacases_007_slice_0074.npy,/kaggle/working/scribble-uncertainty-lung-segmentation/data/pseudo_labels/weak_bg_confidence/coronacases_007_slice_0074.npy,/kaggle/working/scribble-uncertainty-lung-segmentation/outputs/uncertainty_maps/weak_bg_entropy/coronacases_007_slice_0074.npy,846,58602,4,7,1.172332925181152e-10,True
coronacases_007,75,/kaggle/working/scribble-uncertainty-lung-segmentation/data/pseudo_labels/weak_bg_entropy/coronacases_007_slice_0075.npy,/kaggle/working/scribble-uncertainty-lung-segmentation/data/pseudo_labels/weak_bg_confidence/coronacases_007_slice_0075.npy,/kaggle/working/scribble-uncertainty-lung-segmentation/outputs/uncertainty_maps/weak_bg_entropy/coronacases_007_slice_0075.npy,715,58384,3,16,0.04377565160393715,True
coronacases_007,76,/kaggle/working/scribble-uncertainty-lung-segmentation/data/pseudo_labels/weak_bg_entropy/coronacases_007_slice_0076.npy,/kaggle/working/scribble-uncertainty-lung-segmentation/data/pseudo_labels/weak_bg_confidence/coronacases_007_slice_0076.npy,/kaggle/working/scribble-uncertainty-lung-segmentation/outputs/uncertainty_maps/weak_bg_entropy/coronacases_007_slice_0076.npy,785,58342,4,58,0.06168445944786072,True
coronacases_007,77,/kaggle/working/scribble-uncertainty-lung-segmentation/data/pseudo_labels/weak_bg_entropy/coronacases_007_slice_0077.npy,/kaggle/working/scribble-uncertainty-lung-segmentation/data/pseudo_labels/weak_bg_confidence/coronacases_007_slice_0077.npy,/kaggle/working/scribble-uncertainty-lung-segmentation/outputs/uncertainty_maps/weak_bg_entropy/coronacases_007_slice_0077.npy,905,58404,4,57,0.04573804512619972,True
coronacases_007,78,/kaggle/working/scribble-uncertainty-lung-segmentation/data/pseudo_labels/weak_bg_entropy/coronacases_007_slice_0078.npy,/kaggle/working/scribble-uncertainty-lung-segmentation/data/pseudo_labels/weak_bg_confidence/coronacases_007_slice_0078.npy,/kaggle/working/scribble-uncertainty-lung-segmentation/outputs/uncertainty_maps/weak_bg_entropy/coronacases_007_slice_0078.npy,716,58107,4,76,0.10606060922145844,True
coronacases_007,79,/kaggle/working/scribble-uncertainty-lung-segmentation/data/pseudo_labels/weak_bg_entropy/coronacases_007_slice_0079.npy,/kaggle/working/scribble-uncertainty-lung-segmentation/data/pseudo_labels/weak_bg_confidence/coronacases_007_slice_0079.npy,/kaggle/working/scribble-uncertainty-lung-segmentation/outputs/uncertainty_maps/weak_bg_entropy/coronacases_007_slice_0079.npy,771,58014,4,63,0.08872901648283005,True
coronacases_007,80,/kaggle/working/scribble-uncertainty-lung-segmentation/data/pseudo_labels/weak_bg_entropy/coronacases_007_slice_0080.npy,/kaggle/working/scribble-uncertainty-lung-segmentation/data/pseudo_labels/weak_bg_confidence/coronacases_007_slice_0080.npy,/kaggle/working/scribble-uncertainty-lung-segmentation/outputs/uncertainty_maps/weak_bg_entropy/coronacases_007_slice_0080.npy,647,57812,4,61,0.06779661029577255,True
coronacases_007,81,/kaggle/working/scribble-uncertainty-lung-segmentation/data/pseudo_labels/weak_bg_entropy/coronacases_007_slice_0081.npy,/kaggle/working/scribble-uncertainty-lung-segmentation/data/pseudo_labels/weak_bg_confidence/coronacases_007_slice_0081.npy,/kaggle/working/scribble-uncertainty-lung-segmentation/outputs/uncertainty_maps/weak_bg_entropy/coronacases_007_slice_0081.npy,680,57823,4,82,0.057742781937122345,True
coronacases_007,82,/kaggle/working/scribble-uncertainty-lung-segmentation/data/pseudo_labels/weak_bg_entropy/coronacases_007_slice_0082.npy,/kaggle/working/scribble-uncertainty-lung-segmentation/data/pseudo_labels/weak_bg_confidence/coronacases_007_slice_0082.npy,/kaggle/working/scribble-uncertainty-lung-segmentation/outputs/uncertainty_maps/weak_bg_entropy/coronacases_007_slice_0082.npy,941,57989,4,97,0.07899807393550873,True
coronacases_007,83,/kaggle/working/scribble-uncertainty-lung-segmentation/data/pseudo_labels/weak_bg_entropy/coronacases_007_slice_0083.npy,/kaggle/working/scribble-uncertainty-lung-segmentation/data/pseudo_labels/weak_bg_confidence/coronacases_007_slice_0083.npy,/kaggle/working/scribble-uncertainty-lung-segmentation/outputs/uncertainty_maps/weak_bg_entropy/coronacases_007_slice_0083.npy,981,58057,4,91,0.020522387698292732,True
coronacases_007,84,/kaggle/working/scribble-uncertainty-lung-segmentation/data/pseudo_labels/weak_bg_entropy/coronacases_007_slice_0084.npy,/kaggle/working/scribble-uncertainty-lung-segmentation/data/pseudo_labels/weak_bg_confidence/coronacases_007_slice_0084.npy,/kaggle/working/scribble-uncertainty-lung-segmentation/outputs/uncertainty_maps/weak_bg_entropy/coronacases_007_slice_0084.npy,1021,58009,4,86,0.10298103094100952,True
coronacases_007,85,/kaggle/working/scribble-uncertainty-lung-segmentation/data/pseudo_labels/weak_bg_entropy/coronacases_007_slice_0085.npy,/kaggle/working/scribble-uncertainty-lung-segmentation/data/pseudo_labels/weak_bg_confidence/coronacases_007_slice_0085.npy,/kaggle/working/scribble-uncertainty-lung-segmentation/outputs/uncertainty_maps/weak_bg_entropy/coronacases_007_slice_0085.npy,1094,58076,4,102,0.1538461595773697,True
coronacases_007,86,/kaggle/working/scribble-uncertainty-lung-segmentation/data/pseudo_labels/weak_bg_entropy/coronacases_007_slice_0086.npy,/kaggle/working/scribble-uncertainty-lung-segmentation/data/pseudo_labels/weak_bg_confidence/coronacases_007_slice_0086.npy,/kaggle/working/scribble-uncertainty-lung-segmentation/outputs/uncertainty_maps/weak_bg_entropy/coronacases_007_slice_0086.npy,1086,58028,8,216,0.26420891284942627,True
coronacases_007,87,/kaggle/working/scribble-uncertainty-lung-segmentation/data/pseudo_labels/weak_bg_entropy/coronacases_007_slice_0087.npy,/kaggle/working/scribble-uncertainty-lung-segmentation/data/pseudo_labels/weak_bg_confidence/coronacases_007_slice_0087.npy,/kaggle/working/scribble-uncertainty-lung-segmentation/outputs/uncertainty_maps/weak_bg_entropy/coronacases_007_slice_0087.npy,1134,57755,12,312,0.305670827627182,True
coronacases_007,88,/kaggle/working/scribble-uncertainty-lung-segmentation/data/pseudo_labels/weak_bg_entropy/coronacases_007_slice_0088.npy,/kaggle/working/scribble-uncertainty-lung-segmentation/data/pseudo_labels/weak_bg_confidence/coronacases_007_slice_0088.npy,/kaggle/working/scribble-uncertainty-lung-segmentation/outputs/uncertainty_maps/weak_bg_entropy/coronacases_007_slice_0088.npy,1178,57414,15,280,0.32373112440109253,True
coronacases_007,89,/kaggle/working/scribble-uncertainty-lung-segmentation/data/pseudo_labels/weak_bg_entropy/coronacases_007_slice_0089.npy,/kaggle/working/scribble-uncertainty-lung-segmentation/data/pseudo_labels/weak_bg_confidence/coronacases_007_slice_0089.npy,/kaggle/working/scribble-uncertainty-lung-segmentation/outputs/uncertainty_maps/weak_bg_entropy/coronacases_007_slice_0089.npy,1138,57413,23,467,0.40872272849082947,True
coronacases_007,90,/kaggle/working/scribble-uncertainty-lung-segmentation/data/pseudo_labels/weak_bg_entropy/coronacases_007_slice_0090.npy,/kaggle/working/scribble-uncertainty-lung-segmentation/data/pseudo_labels/weak_bg_confidence/coronacases_007_slice_0090.npy,/kaggle/working/scribble-uncertainty-lung-segmentation/outputs/uncertainty_maps/weak_bg_entropy/coronacases_007_slice_0090.npy,1269,57622,16,398,0.3431313633918762,True
coronacases_007,91,/kaggle/working/scribble-uncertainty-lung-segmentation/data/pseudo_labels/weak_bg_entropy/coronacases_007_slice_0091.npy,/kaggle/working/scribble-uncertainty-lung-segmentation/data/pseudo_labels/weak_bg_confidence/coronacases_007_slice_0091.npy,/kaggle/working/scribble-uncertainty-lung-segmentation/outputs/uncertainty_maps/weak_bg_entropy/coronacases_007_slice_0091.npy,1092,57535,20,425,0.4047462046146393,True
coronacases_007,92,/kaggle/working/scribble-uncertainty-lung-segmentation/data/pseudo_labels/weak_bg_entropy/coronacases_007_slice_0092.npy,/kaggle/working/scribble-uncertainty-lung-segmentation/data/pseudo_labels/weak_bg_confidence/coronacases_007_slice_0092.npy,/kaggle/working/scribble-uncertainty-lung-segmentation/outputs/uncertainty_maps/weak_bg_entropy/coronacases_007_slice_0092.npy,985,57480,27,609,0.49560853838920593,True
coronacases_007,93,/kaggle/working/scribble-uncertainty-lung-segmentation/data/pseudo_labels/weak_bg_entropy/coronacases_007_slice_0093.npy,/kaggle/working/scribble-uncertainty-lung-segmentation/data/pseudo_labels/weak_bg_confidence/coronacases_007_slice_0093.npy,/kaggle/working/scribble-uncertainty-lung-segmentation/outputs/uncertainty_maps/weak_bg_entropy/coronacases_007_slice_0093.npy,934,57439,24,624,0.5391527414321899,True
coronacases_007,94,/kaggle/working/scribble-uncertainty-lung-segmentation/data/pseudo_labels/weak_bg_entropy/coronacases_007_slice_0094.npy,/kaggle/working/scribble-uncertainty-lung-segmentation/data/pseudo_labels/weak_bg_confidence/coronacases_007_slice_0094.npy,/kaggle/working/scribble-uncertainty-lung-segmentation/outputs/uncertainty_maps/weak_bg_entropy/coronacases_007_slice_0094.npy,1033,57541,24,609,0.5749086737632751,True
coronacases_007,95,/kaggle/working/scribble-uncertainty-lung-segmentation/data/pseudo_labels/weak_bg_entropy/coronacases_007_slice_0095.npy,/kaggle/working/scribble-uncertainty-lung-segmentation/data/pseudo_labels/weak_bg_confidence/coronacases_007_slice_0095.npy,/kaggle/working/scribble-uncertainty-lung-segmentation/outputs/uncertainty_maps/weak_bg_entropy/coronacases_007_slice_0095.npy,1126,57676,22,637,0.54112309217453,True
coronacases_007,96,/kaggle/working/scribble-uncertainty-lung-segmentation/data/pseudo_labels/weak_bg_entropy/coronacases_007_slice_0096.npy,/kaggle/working/scribble-uncertainty-lung-segmentation/data/pseudo_labels/weak_bg_confidence/coronacases_007_slice_0096.npy,/kaggle/working/scribble-uncertainty-lung-segmentation/outputs/uncertainty_maps/weak_bg_entropy/coronacases_007_slice_0096.npy,1150,57710,28,602,0.5445205569267273,True
coronacases_007,97,/kaggle/working/scribble-uncertainty-lung-segmentation/data/pseudo_labels/weak_bg_entropy/coronacases_007_slice_0097.npy,/kaggle/working/scribble-uncertainty-lung-segmentation/data/pseudo_labels/weak_bg_confidence/coronacases_007_slice_0097.npy,/kaggle/working/scribble-uncertainty-lung-segmentation/outputs/uncertainty_maps/weak_bg_entropy/coronacases_007_slice_0097.npy,1327,57879,27,713,0.522549033164978,True
coronacases_007,98,/kaggle/working/scribble-uncertainty-lung-segmentation/data/pseudo_labels/weak_bg_entropy/coronacases_007_slice_0098.npy,/kaggle/working/scribble-uncertainty-lung-segmentation/data/pseudo_labels/weak_bg_confidence/coronacases_007_slice_0098.npy,/kaggle/working/scribble-uncertainty-lung-segmentation/outputs/uncertainty_maps/weak_bg_entropy/coronacases_007_slice_0098.npy,1217,57831,28,624,0.517110288143158,True
coronacases_007,99,/kaggle/working/scribble-uncertainty-lung-segmentation/data/pseudo_labels/weak_bg_entropy/coronacases_007_slice_0099.npy,/kaggle/working/scribble-uncertainty-lung-segmentation/data/pseudo_labels/weak_bg_confidence/coronacases_007_slice_0099.npy,/kaggle/working/scribble-uncertainty-lung-segmentation/outputs/uncertainty_maps/weak_bg_entropy/coronacases_007_slice_0099.npy,1156,57761,25,674,0.5617486238479614,True
coronacases_007,100,/kaggle/working/scribble-uncertainty-lung-segmentation/data/pseudo_labels/weak_bg_entropy/coronacases_007_slice_0100.npy,/kaggle/working/scribble-uncertainty-lung-segmentation/data/pseudo_labels/weak_bg_confidence/coronacases_007_slice_0100.npy,/kaggle/working/scribble-uncertainty-lung-segmentation/outputs/uncertainty_maps/weak_bg_entropy/coronacases_007_slice_0100.npy,1024,57688,18,538,0.5672215223312378,True
coronacases_007,101,/kaggle/working/scribble-uncertainty-lung-segmentation/data/pseudo_labels/weak_bg_entropy/coronacases_007_slice_0101.npy,/kaggle/working/scribble-uncertainty-lung-segmentation/data/pseudo_labels/weak_bg_confidence/coronacases_007_slice_0101.npy,/kaggle/working/scribble-uncertainty-lung-segmentation/outputs/uncertainty_maps/weak_bg_entropy/coronacases_007_slice_0101.npy,1119,57751,20,539,0.5367913246154785,True
coronacases_007,102,/kaggle/working/scribble-uncertainty-lung-segmentation/data/pseudo_labels/weak_bg_entropy/coronacases_007_slice_0102.npy,/kaggle/working/scribble-uncertainty-lung-segmentation/data/pseudo_labels/weak_bg_confidence/coronacases_007_slice_0102.npy,/kaggle/working/scribble-uncertainty-lung-segmentation/outputs/uncertainty_maps/weak_bg_entropy/coronacases_007_slice_0102.npy,1153,57804,27,561,0.5402567386627197,True
coronacases_007,103,/kaggle/working/scribble-uncertainty-lung-segmentation/data/pseudo_labels/weak_bg_entropy/coronacases_007_slice_0103.npy,/kaggle/working/scribble-uncertainty-lung-segmentation/data/pseudo_labels/weak_bg_confidence/coronacases_007_slice_0103.npy,/kaggle/working/scribble-uncertainty-lung-segmentation/outputs/uncertainty_maps/weak_bg_entropy/coronacases_007_slice_0103.npy,1226,57888,27,605,0.5286728739738464,True
coronacases_007,104,/kaggle/working/scribble-uncertainty-lung-segmentation/data/pseudo_labels/weak_bg_entropy/coronacases_007_slice_0104.npy,/kaggle/working/scribble-uncertainty-lung-segmentation/data/pseudo_labels/weak_bg_confidence/coronacases_007_slice_0104.npy,/kaggle/working/scribble-uncertainty-lung-segmentation/outputs/uncertainty_maps/weak_bg_entropy/coronacases_007_slice_0104.npy,1149,57835,23,632,0.5513756275177002,True
coronacases_007,105,/kaggle/working/scribble-uncertainty-lung-segmentation/data/pseudo_labels/weak_bg_entropy/coronacases_007_slice_0105.npy,/kaggle/working/scribble-uncertainty-lung-segmentation/data/pseudo_labels/weak_bg_confidence/coronacases_007_slice_0105.npy,/kaggle/working/scribble-uncertainty-lung-segmentation/outputs/uncertainty_maps/weak_bg_entropy/coronacases_007_slice_0105.npy,1291,58023,36,634,0.5527272820472717,True
coronacases_007,106,/kaggle/working/scribble-uncertainty-lung-segmentation/data/pseudo_labels/weak_bg_entropy/coronacases_007_slice_0106.npy,/kaggle/working/scribble-uncertainty-lung-segmentation/data/pseudo_labels/weak_bg_confidence/coronacases_007_slice_0106.npy,/kaggle/working/scribble-uncertainty-lung-segmentation/outputs/uncertainty_maps/weak_bg_entropy/coronacases_007_slice_0106.npy,1349,58115,35,604,0.5212493538856506,True
coronacases_007,107,/kaggle/working/scribble-uncertainty-lung-segmentation/data/pseudo_labels/weak_bg_entropy/coronacases_007_slice_0107.npy,/kaggle/working/scribble-uncertainty-lung-segmentation/data/pseudo_labels/weak_bg_confidence/coronacases_007_slice_0107.npy,/kaggle/working/scribble-uncertainty-lung-segmentation/outputs/uncertainty_maps/weak_bg_entropy/coronacases_007_slice_0107.npy,1327,58130,28,587,0.5088819265365601,True
coronacases_007,108,/kaggle/working/scribble-uncertainty-lung-segmentation/data/pseudo_labels/weak_bg_entropy/coronacases_007_slice_0108.npy,/kaggle/working/scribble-uncertainty-lung-segmentation/data/pseudo_labels/weak_bg_confidence/coronacases_007_slice_0108.npy,/kaggle/working/scribble-uncertainty-lung-segmentation/outputs/uncertainty_maps/weak_bg_entropy/coronacases_007_slice_0108.npy,1071,58003,22,632,0.5977686643600464,True
coronacases_007,109,/kaggle/working/scribble-uncertainty-lung-segmentation/data/pseudo_labels/weak_bg_entropy/coronacases_007_slice_0109.npy,/kaggle/working/scribble-uncertainty-lung-segmentation/data/pseudo_labels/weak_bg_confidence/coronacases_007_slice_0109.npy,/kaggle/working/scribble-uncertainty-lung-segmentation/outputs/uncertainty_maps/weak_bg_entropy/coronacases_007_slice_0109.npy,1038,58016,28,609,0.5986642241477966,True
coronacases_007,110,/kaggle/working/scribble-uncertainty-lung-segmentation/data/pseudo_labels/weak_bg_entropy/coronacases_007_slice_0110.npy,/kaggle/working/scribble-uncertainty-lung-segmentation/data/pseudo_labels/weak_bg_confidence/coronacases_007_slice_0110.npy,/kaggle/working/scribble-uncertainty-lung-segmentation/outputs/uncertainty_maps/weak_bg_entropy/coronacases_007_slice_0110.npy,1070,58302,18,578,0.5606796145439148,True
coronacases_007,111,/kaggle/working/scribble-uncertainty-lung-segmentation/data/pseudo_labels/weak_bg_entropy/coronacases_007_slice_0111.npy,/kaggle/working/scribble-uncertainty-lung-segmentation/data/pseudo_labels/weak_bg_confidence/coronacases_007_slice_0111.npy,/kaggle/working/scribble-uncertainty-lung-segmentation/outputs/uncertainty_maps/weak_bg_entropy/coronacases_007_slice_0111.npy,1183,58587,20,539,0.5180023312568665,True
coronacases_007,112,/kaggle/working/scribble-uncertainty-lung-segmentation/data/pseudo_labels/weak_bg_entropy/coronacases_007_slice_0112.npy,/kaggle/working/scribble-uncertainty-lung-segmentation/data/pseudo_labels/weak_bg_confidence/coronacases_007_slice_0112.npy,/kaggle/working/scribble-uncertainty-lung-segmentation/outputs/uncertainty_maps/weak_bg_entropy/coronacases_007_slice_0112.npy,1110,58525,24,587,0.5892751812934875,True
coronacases_007,113,/kaggle/working/scribble-uncertainty-lung-segmentation/data/pseudo_labels/weak_bg_entropy/coronacases_007_slice_0113.npy,/kaggle/working/scribble-uncertainty-lung-segmentation/data/pseudo_labels/weak_bg_confidence/coronacases_007_slice_0113.npy,/kaggle/working/scribble-uncertainty-lung-segmentation/outputs/uncertainty_maps/weak_bg_entropy/coronacases_007_slice_0113.npy,1013,58531,23,500,0.5313946008682251,True
coronacases_007,114,/kaggle/working/scribble-uncertainty-lung-segmentation/data/pseudo_labels/weak_bg_entropy/coronacases_007_slice_0114.npy,/kaggle/working/scribble-uncertainty-lung-segmentation/data/pseudo_labels/weak_bg_confidence/coronacases_007_slice_0114.npy,/kaggle/working/scribble-uncertainty-lung-segmentation/outputs/uncertainty_maps/weak_bg_entropy/coronacases_007_slice_0114.npy,1111,58607,23,618,0.5506072640419006,True
coronacases_007,115,/kaggle/working/scribble-uncertainty-lung-segmentation/data/pseudo_labels/weak_bg_entropy/coronacases_007_slice_0115.npy,/kaggle/working/scribble-uncertainty-lung-segmentation/data/pseudo_labels/weak_bg_confidence/coronacases_007_slice_0115.npy,/kaggle/working/scribble-uncertainty-lung-segmentation/outputs/uncertainty_maps/weak_bg_entropy/coronacases_007_slice_0115.npy,1075,58478,30,697,0.568848729133606,True
coronacases_007,116,/kaggle/working/scribble-uncertainty-lung-segmentation/data/pseudo_labels/weak_bg_entropy/coronacases_007_slice_0116.npy,/kaggle/working/scribble-uncertainty-lung-segmentation/data/pseudo_labels/weak_bg_confidence/coronacases_007_slice_0116.npy,/kaggle/working/scribble-uncertainty-lung-segmentation/outputs/uncertainty_maps/weak_bg_entropy/coronacases_007_slice_0116.npy,1267,58557,30,699,0.534079372882843,True
coronacases_007,117,/kaggle/working/scribble-uncertainty-lung-segmentation/data/pseudo_labels/weak_bg_entropy/coronacases_007_slice_0117.npy,/kaggle/working/scribble-uncertainty-lung-segmentation/data/pseudo_labels/weak_bg_confidence/coronacases_007_slice_0117.npy,/kaggle/working/scribble-uncertainty-lung-segmentation/outputs/uncertainty_maps/weak_bg_entropy/coronacases_007_slice_0117.npy,1207,58283,25,700,0.544310450553894,True
coronacases_007,118,/kaggle/working/scribble-uncertainty-lung-segmentation/data/pseudo_labels/weak_bg_entropy/coronacases_007_slice_0118.npy,/kaggle/working/scribble-uncertainty-lung-segmentation/data/pseudo_labels/weak_bg_confidence/coronacases_007_slice_0118.npy,/kaggle/working/scribble-uncertainty-lung-segmentation/outputs/uncertainty_maps/weak_bg_entropy/coronacases_007_slice_0118.npy,1311,58541,30,749,0.537864089012146,True
coronacases_007,119,/kaggle/working/scribble-uncertainty-lung-segmentation/data/pseudo_labels/weak_bg_entropy/coronacases_007_slice_0119.npy,/kaggle/working/scribble-uncertainty-lung-segmentation/data/pseudo_labels/weak_bg_confidence/coronacases_007_slice_0119.npy,/kaggle/working/scribble-uncertainty-lung-segmentation/outputs/uncertainty_maps/weak_bg_entropy/coronacases_007_slice_0119.npy,1195,58240,36,720,0.5347258448600769,True
coronacases_007,120,/kaggle/working/scribble-uncertainty-lung-segmentation/data/pseudo_labels/weak_bg_entropy/coronacases_007_slice_0120.npy,/kaggle/working/scribble-uncertainty-lung-segmentation/data/pseudo_labels/weak_bg_confidence/coronacases_007_slice_0120.npy,/kaggle/working/scribble-uncertainty-lung-segmentation/outputs/uncertainty_maps/weak_bg_entropy/coronacases_007_slice_0120.npy,1167,58295,36,729,0.549578070640564,True
coronacases_007,121,/kaggle/working/scribble-uncertainty-lung-segmentation/data/pseudo_labels/weak_bg_entropy/coronacases_007_slice_0121.npy,/kaggle/working/scribble-uncertainty-lung-segmentation/data/pseudo_labels/weak_bg_confidence/coronacases_007_slice_0121.npy,/kaggle/working/scribble-uncertainty-lung-segmentation/outputs/uncertainty_maps/weak_bg_entropy/coronacases_007_slice_0121.npy,1282,58382,31,728,0.5621890425682068,True
coronacases_007,122,/kaggle/working/scribble-uncertainty-lung-segmentation/data/pseudo_labels/weak_bg_entropy/coronacases_007_slice_0122.npy,/kaggle/working/scribble-uncertainty-lung-segmentation/data/pseudo_labels/weak_bg_confidence/coronacases_007_slice_0122.npy,/kaggle/working/scribble-uncertainty-lung-segmentation/outputs/uncertainty_maps/weak_bg_entropy/coronacases_007_slice_0122.npy,1215,58402,33,707,0.5671175718307495,True
coronacases_007,123,/kaggle/working/scribble-uncertainty-lung-segmentation/data/pseudo_labels/weak_bg_entropy/coronacases_007_slice_0123.npy,/kaggle/working/scribble-uncertainty-lung-segmentation/data/pseudo_labels/weak_bg_confidence/coronacases_007_slice_0123.npy,/kaggle/working/scribble-uncertainty-lung-segmentation/outputs/uncertainty_maps/weak_bg_entropy/coronacases_007_slice_0123.npy,1272,58428,28,650,0.5483871102333069,True
coronacases_007,124,/kaggle/working/scribble-uncertainty-lung-segmentation/data/pseudo_labels/weak_bg_entropy/coronacases_007_slice_0124.npy,/kaggle/working/scribble-uncertainty-lung-segmentation/data/pseudo_labels/weak_bg_confidence/coronacases_007_slice_0124.npy,/kaggle/working/scribble-uncertainty-lung-segmentation/outputs/uncertainty_maps/weak_bg_entropy/coronacases_007_slice_0124.npy,1309,58477,31,720,0.580581545829773,True
coronacases_007,125,/kaggle/working/scribble-uncertainty-lung-segmentation/data/pseudo_labels/weak_bg_entropy/coronacases_007_slice_0125.npy,/kaggle/working/scribble-uncertainty-lung-segmentation/data/pseudo_labels/weak_bg_confidence/coronacases_007_slice_0125.npy,/kaggle/working/scribble-uncertainty-lung-segmentation/outputs/uncertainty_maps/weak_bg_entropy/coronacases_007_slice_0125.npy,1320,58496,37,713,0.602065920829773,True
coronacases_007,126,/kaggle/working/scribble-uncertainty-lung-segmentation/data/pseudo_labels/weak_bg_entropy/coronacases_007_slice_0126.npy,/kaggle/working/scribble-uncertainty-lung-segmentation/data/pseudo_labels/weak_bg_confidence/coronacases_007_slice_0126.npy,/kaggle/working/scribble-uncertainty-lung-segmentation/outputs/uncertainty_maps/weak_bg_entropy/coronacases_007_slice_0126.npy,1217,58274,39,673,0.5661375522613525,True
coronacases_007,127,/kaggle/working/scribble-uncertainty-lung-segmentation/data/pseudo_labels/weak_bg_entropy/coronacases_007_slice_0127.npy,/kaggle/working/scribble-uncertainty-lung-segmentation/data/pseudo_labels/weak_bg_confidence/coronacases_007_slice_0127.npy,/kaggle/working/scribble-uncertainty-lung-segmentation/outputs/uncertainty_maps/weak_bg_entropy/coronacases_007_slice_0127.npy,1321,58447,41,770,0.6006695628166199,True
coronacases_007,128,/kaggle/working/scribble-uncertainty-lung-segmentation/data/pseudo_labels/weak_bg_entropy/coronacases_007_slice_0128.npy,/kaggle/working/scribble-uncertainty-lung-segmentation/data/pseudo_labels/weak_bg_confidence/coronacases_007_slice_0128.npy,/kaggle/working/scribble-uncertainty-lung-segmentation/outputs/uncertainty_maps/weak_bg_entropy/coronacases_007_slice_0128.npy,1379,58593,42,857,0.6216458082199097,True
coronacases_007,129,/kaggle/working/scribble-uncertainty-lung-segmentation/data/pseudo_labels/weak_bg_entropy/coronacases_007_slice_0129.npy,/kaggle/working/scribble-uncertainty-lung-segmentation/data/pseudo_labels/weak_bg_confidence/coronacases_007_slice_0129.npy,/kaggle/working/scribble-uncertainty-lung-segmentation/outputs/uncertainty_maps/weak_bg_entropy/coronacases_007_slice_0129.npy,1298,58424,47,824,0.602262020111084,True
coronacases_007,130,/kaggle/working/scribble-uncertainty-lung-segmentation/data/pseudo_labels/weak_bg_entropy/coronacases_007_slice_0130.npy,/kaggle/working/scribble-uncertainty-lung-segmentation/data/pseudo_labels/weak_bg_confidence/coronacases_007_slice_0130.npy,/kaggle/working/scribble-uncertainty-lung-segmentation/outputs/uncertainty_maps/weak_bg_entropy/coronacases_007_slice_0130.npy,1175,58213,36,845,0.60792076587677,True
coronacases_007,131,/kaggle/working/scribble-uncertainty-lung-segmentation/data/pseudo_labels/weak_bg_entropy/coronacases_007_slice_0131.npy,/kaggle/working/scribble-uncertainty-lung-segmentation/data/pseudo_labels/weak_bg_confidence/coronacases_007_slice_0131.npy,/kaggle/working/scribble-uncertainty-lung-segmentation/outputs/uncertainty_maps/weak_bg_entropy/coronacases_007_slice_0131.npy,1250,58237,36,788,0.5917566418647766,True
coronacases_007,132,/kaggle/working/scribble-uncertainty-lung-segmentation/data/pseudo_labels/weak_bg_entropy/coronacases_007_slice_0132.npy,/kaggle/working/scribble-uncertainty-lung-segmentation/data/pseudo_labels/weak_bg_confidence/coronacases_007_slice_0132.npy,/kaggle/working/scribble-uncertainty-lung-segmentation/outputs/uncertainty_maps/weak_bg_entropy/coronacases_007_slice_0132.npy,1379,58411,36,749,0.5535714030265808,True
coronacases_007,133,/kaggle/working/scribble-uncertainty-lung-segmentation/data/pseudo_labels/weak_bg_entropy/coronacases_007_slice_0133.npy,/kaggle/working/scribble-uncertainty-lung-segmentation/data/pseudo_labels/weak_bg_confidence/coronacases_007_slice_0133.npy,/kaggle/working/scribble-uncertainty-lung-segmentation/outputs/uncertainty_maps/weak_bg_entropy/coronacases_007_slice_0133.npy,1239,58363,25,741,0.5979797840118408,True
coronacases_007,134,/kaggle/working/scribble-uncertainty-lung-segmentation/data/pseudo_labels/weak_bg_entropy/coronacases_007_slice_0134.npy,/kaggle/working/scribble-uncertainty-lung-segmentation/data/pseudo_labels/weak_bg_confidence/coronacases_007_slice_0134.npy,/kaggle/working/scribble-uncertainty-lung-segmentation/outputs/uncertainty_maps/weak_bg_entropy/coronacases_007_slice_0134.npy,1220,58587,36,738,0.6077630519866943,True
coronacases_007,135,/kaggle/working/scribble-uncertainty-lung-segmentation/data/pseudo_labels/weak_bg_entropy/coronacases_007_slice_0135.npy,/kaggle/working/scribble-uncertainty-lung-segmentation/data/pseudo_labels/weak_bg_confidence/coronacases_007_slice_0135.npy,/kaggle/working/scribble-uncertainty-lung-segmentation/outputs/uncertainty_maps/weak_bg_entropy/coronacases_007_slice_0135.npy,1144,58606,27,703,0.6172171235084534,True
coronacases_007,136,/kaggle/working/scribble-uncertainty-lung-segmentation/data/pseudo_labels/weak_bg_entropy/coronacases_007_slice_0136.npy,/kaggle/working/scribble-uncertainty-lung-segmentation/data/pseudo_labels/weak_bg_confidence/coronacases_007_slice_0136.npy,/kaggle/working/scribble-uncertainty-lung-segmentation/outputs/uncertainty_maps/weak_bg_entropy/coronacases_007_slice_0136.npy,1086,58542,27,702,0.6140939593315125,True
coronacases_007,137,/kaggle/working/scribble-uncertainty-lung-segmentation/data/pseudo_labels/weak_bg_entropy/coronacases_007_slice_0137.npy,/kaggle/working/scribble-uncertainty-lung-segmentation/data/pseudo_labels/weak_bg_confidence/coronacases_007_slice_0137.npy,/kaggle/working/scribble-uncertainty-lung-segmentation/outputs/uncertainty_maps/weak_bg_entropy/coronacases_007_slice_0137.npy,1077,58387,32,789,0.6248660087585449,True
coronacases_007,138,/kaggle/working/scribble-uncertainty-lung-segmentation/data/pseudo_labels/weak_bg_entropy/coronacases_007_slice_0138.npy,/kaggle/working/scribble-uncertainty-lung-segmentation/data/pseudo_labels/weak_bg_confidence/coronacases_007_slice_0138.npy,/kaggle/working/scribble-uncertainty-lung-segmentation/outputs/uncertainty_maps/weak_bg_entropy/coronacases_007_slice_0138.npy,1133,58424,31,812,0.5799486041069031,True
coronacases_007,139,/kaggle/working/scribble-uncertainty-lung-segmentation/data/pseudo_labels/weak_bg_entropy/coronacases_007_slice_0139.npy,/kaggle/working/scribble-uncertainty-lung-segmentation/data/pseudo_labels/weak_bg_confidence/coronacases_007_slice_0139.npy,/kaggle/working/scribble-uncertainty-lung-segmentation/outputs/uncertainty_maps/weak_bg_entropy/coronacases_007_slice_0139.npy,1140,58398,36,716,0.545258641242981,True
coronacases_007,140,/kaggle/working/scribble-uncertainty-lung-segmentation/data/pseudo_labels/weak_bg_entropy/coronacases_007_slice_0140.npy,/kaggle/working/scribble-uncertainty-lung-segmentation/data/pseudo_labels/weak_bg_confidence/coronacases_007_slice_0140.npy,/kaggle/working/scribble-uncertainty-lung-segmentation/outputs/uncertainty_maps/weak_bg_entropy/coronacases_007_slice_0140.npy,1178,58422,42,751,0.5857957601547241,True
coronacases_007,141,/kaggle/working/scribble-uncertainty-lung-segmentation/data/pseudo_labels/weak_bg_entropy/coronacases_007_slice_0141.npy,/kaggle/working/scribble-uncertainty-lung-segmentation/data/pseudo_labels/weak_bg_confidence/coronacases_007_slice_0141.npy,/kaggle/working/scribble-uncertainty-lung-segmentation/outputs/uncertainty_maps/weak_bg_entropy/coronacases_007_slice_0141.npy,1080,58454,34,786,0.640943169593811,True
coronacases_007,142,/kaggle/working/scribble-uncertainty-lung-segmentation/data/pseudo_labels/weak_bg_entropy/coronacases_007_slice_0142.npy,/kaggle/working/scribble-uncertainty-lung-segmentation/data/pseudo_labels/weak_bg_confidence/coronacases_007_slice_0142.npy,/kaggle/working/scribble-uncertainty-lung-segmentation/outputs/uncertainty_maps/weak_bg_entropy/coronacases_007_slice_0142.npy,1068,58431,32,712,0.6370786428451538,True
coronacases_007,143,/kaggle/working/scribble-uncertainty-lung-segmentation/data/pseudo_labels/weak_bg_entropy/coronacases_007_slice_0143.npy,/kaggle/working/scribble-uncertainty-lung-segmentation/data/pseudo_labels/weak_bg_confidence/coronacases_007_slice_0143.npy,/kaggle/working/scribble-uncertainty-lung-segmentation/outputs/uncertainty_maps/weak_bg_entropy/coronacases_007_slice_0143.npy,1033,58447,36,710,0.6448651552200317,True
coronacases_007,144,/kaggle/working/scribble-uncertainty-lung-segmentation/data/pseudo_labels/weak_bg_entropy/coronacases_007_slice_0144.npy,/kaggle/working/scribble-uncertainty-lung-segmentation/data/pseudo_labels/weak_bg_confidence/coronacases_007_slice_0144.npy,/kaggle/working/scribble-uncertainty-lung-segmentation/outputs/uncertainty_maps/weak_bg_entropy/coronacases_007_slice_0144.npy,1067,58480,39,641,0.5854800939559937,True
coronacases_007,145,/kaggle/working/scribble-uncertainty-lung-segmentation/data/pseudo_labels/weak_bg_entropy/coronacases_007_slice_0145.npy,/kaggle/working/scribble-uncertainty-lung-segmentation/data/pseudo_labels/weak_bg_confidence/coronacases_007_slice_0145.npy,/kaggle/working/scribble-uncertainty-lung-segmentation/outputs/uncertainty_maps/weak_bg_entropy/coronacases_007_slice_0145.npy,1080,58611,34,521,0.529668927192688,True
coronacases_007,146,/kaggle/working/scribble-uncertainty-lung-segmentation/data/pseudo_labels/weak_bg_entropy/coronacases_007_slice_0146.npy,/kaggle/working/scribble-uncertainty-lung-segmentation/data/pseudo_labels/weak_bg_confidence/coronacases_007_slice_0146.npy,/kaggle/working/scribble-uncertainty-lung-segmentation/outputs/uncertainty_maps/weak_bg_entropy/coronacases_007_slice_0146.npy,1085,58682,32,505,0.5270439982414246,True
coronacases_007,147,/kaggle/working/scribble-uncertainty-lung-segmentation/data/pseudo_labels/weak_bg_entropy/coronacases_007_slice_0147.npy,/kaggle/working/scribble-uncertainty-lung-segmentation/data/pseudo_labels/weak_bg_confidence/coronacases_007_slice_0147.npy,/kaggle/working/scribble-uncertainty-lung-segmentation/outputs/uncertainty_maps/weak_bg_entropy/coronacases_007_slice_0147.npy,1029,58529,27,452,0.5374746918678284,True
coronacases_007,148,/kaggle/working/scribble-uncertainty-lung-segmentation/data/pseudo_labels/weak_bg_entropy/coronacases_007_slice_0148.npy,/kaggle/working/scribble-uncertainty-lung-segmentation/data/pseudo_labels/weak_bg_confidence/coronacases_007_slice_0148.npy,/kaggle/working/scribble-uncertainty-lung-segmentation/outputs/uncertainty_maps/weak_bg_entropy/coronacases_007_slice_0148.npy,997,58548,22,445,0.5353675484657288,True
coronacases_007,149,/kaggle/working/scribble-uncertainty-lung-segmentation/data/pseudo_labels/weak_bg_entropy/coronacases_007_slice_0149.npy,/kaggle/working/scribble-uncertainty-lung-segmentation/data/pseudo_labels/weak_bg_confidence/coronacases_007_slice_0149.npy,/kaggle/working/scribble-uncertainty-lung-segmentation/outputs/uncertainty_maps/weak_bg_entropy/coronacases_007_slice_0149.npy,929,58704,23,421,0.5348148345947266,True
coronacases_007,150,/kaggle/working/scribble-uncertainty-lung-segmentation/data/pseudo_labels/weak_bg_entropy/coronacases_007_slice_0150.npy,/kaggle/working/scribble-uncertainty-lung-segmentation/data/pseudo_labels/weak_bg_confidence/coronacases_007_slice_0150.npy,/kaggle/working/scribble-uncertainty-lung-segmentation/outputs/uncertainty_maps/weak_bg_entropy/coronacases_007_slice_0150.npy,864,58842,24,466,0.6195488572120667,True
coronacases_007,151,/kaggle/working/scribble-uncertainty-lung-segmentation/data/pseudo_labels/weak_bg_entropy/coronacases_007_slice_0151.npy,/kaggle/working/scribble-uncertainty-lung-segmentation/data/pseudo_labels/weak_bg_confidence/coronacases_007_slice_0151.npy,/kaggle/working/scribble-uncertainty-lung-segmentation/outputs/uncertainty_maps/weak_bg_entropy/coronacases_007_slice_0151.npy,875,59190,18,485,0.6191176176071167,True
coronacases_007,152,/kaggle/working/scribble-uncertainty-lung-segmentation/data/pseudo_labels/weak_bg_entropy/coronacases_007_slice_0152.npy,/kaggle/working/scribble-uncertainty-lung-segmentation/data/pseudo_labels/weak_bg_confidence/coronacases_007_slice_0152.npy,/kaggle/working/scribble-uncertainty-lung-segmentation/outputs/uncertainty_maps/weak_bg_entropy/coronacases_007_slice_0152.npy,966,58973,14,600,0.6526181101799011,True
coronacases_007,153,/kaggle/working/scribble-uncertainty-lung-segmentation/data/pseudo_labels/weak_bg_entropy/coronacases_007_slice_0153.npy,/kaggle/working/scribble-uncertainty-lung-segmentation/data/pseudo_labels/weak_bg_confidence/coronacases_007_slice_0153.npy,/kaggle/working/scribble-uncertainty-lung-segmentation/outputs/uncertainty_maps/weak_bg_entropy/coronacases_007_slice_0153.npy,899,58700,27,503,0.6048502326011658,True
coronacases_007,154,/kaggle/working/scribble-uncertainty-lung-segmentation/data/pseudo_labels/weak_bg_entropy/coronacases_007_slice_0154.npy,/kaggle/working/scribble-uncertainty-lung-segmentation/data/pseudo_labels/weak_bg_confidence/coronacases_007_slice_0154.npy,/kaggle/working/scribble-uncertainty-lung-segmentation/outputs/uncertainty_maps/weak_bg_entropy/coronacases_007_slice_0154.npy,799,58716,16,497,0.625,True
coronacases_007,155,/kaggle/working/scribble-uncertainty-lung-segmentation/data/pseudo_labels/weak_bg_entropy/coronacases_007_slice_0155.npy,/kaggle/working/scribble-uncertainty-lung-segmentation/data/pseudo_labels/weak_bg_confidence/coronacases_007_slice_0155.npy,/kaggle/working/scribble-uncertainty-lung-segmentation/outputs/uncertainty_maps/weak_bg_entropy/coronacases_007_slice_0155.npy,652,58514,15,382,0.6073501110076904,True
coronacases_007,156,/kaggle/working/scribble-uncertainty-lung-segmentation/data/pseudo_labels/weak_bg_entropy/coronacases_007_slice_0156.npy,/kaggle/working/scribble-uncertainty-lung-segmentation/data/pseudo_labels/weak_bg_confidence/coronacases_007_slice_0156.npy,/kaggle/working/scribble-uncertainty-lung-segmentation/outputs/uncertainty_maps/weak_bg_entropy/coronacases_007_slice_0156.npy,582,58560,16,333,0.548633873462677,True
coronacases_007,157,/kaggle/working/scribble-uncertainty-lung-segmentation/data/pseudo_labels/weak_bg_entropy/coronacases_007_slice_0157.npy,/kaggle/working/scribble-uncertainty-lung-segmentation/data/pseudo_labels/weak_bg_confidence/coronacases_007_slice_0157.npy,/kaggle/working/scribble-uncertainty-lung-segmentation/outputs/uncertainty_maps/weak_bg_entropy/coronacases_007_slice_0157.npy,436,58360,14,202,0.4545454680919647,True
coronacases_007,158,/kaggle/working/scribble-uncertainty-lung-segmentation/data/pseudo_labels/weak_bg_entropy/coronacases_007_slice_0158.npy,/kaggle/working/scribble-uncertainty-lung-segmentation/data/pseudo_labels/weak_bg_confidence/coronacases_007_slice_0158.npy,/kaggle/working/scribble-uncertainty-lung-segmentation/outputs/uncertainty_maps/weak_bg_entropy/coronacases_007_slice_0158.npy,354,58445,16,225,0.4559585452079773,True
coronacases_007,159,/kaggle/working/scribble-uncertainty-lung-segmentation/data/pseudo_labels/weak_bg_entropy/coronacases_007_slice_0159.npy,/kaggle/working/scribble-uncertainty-lung-segmentation/data/pseudo_labels/weak_bg_confidence/coronacases_007_slice_0159.npy,/kaggle/working/scribble-uncertainty-lung-segmentation/outputs/uncertainty_maps/weak_bg_entropy/coronacases_007_slice_0159.npy,408,58364,4,76,0.22314049303531647,True
coronacases_007,160,/kaggle/working/scribble-uncertainty-lung-segmentation/data/pseudo_labels/weak_bg_entropy/coronacases_007_slice_0160.npy,/kaggle/working/scribble-uncertainty-lung-segmentation/data/pseudo_labels/weak_bg_confidence/coronacases_007_slice_0160.npy,/kaggle/working/scribble-uncertainty-lung-segmentation/outputs/uncertainty_maps/weak_bg_entropy/coronacases_007_slice_0160.npy,188,58146,0,0,5.319149010141189e-10,False
coronacases_007,161,/kaggle/working/scribble-uncertainty-lung-segmentation/data/pseudo_labels/weak_bg_entropy/coronacases_007_slice_0161.npy,/kaggle/working/scribble-uncertainty-lung-segmentation/data/pseudo_labels/weak_bg_confidence/coronacases_007_slice_0161.npy,/kaggle/working/scribble-uncertainty-lung-segmentation/outputs/uncertainty_maps/weak_bg_entropy/coronacases_007_slice_0161.npy,141,57979,4,88,0.2620087265968323,True
coronacases_007,162,/kaggle/working/scribble-uncertainty-lung-segmentation/data/pseudo_labels/weak_bg_entropy/coronacases_007_slice_0162.npy,/kaggle/working/scribble-uncertainty-lung-segmentation/data/pseudo_labels/weak_bg_confidence/coronacases_007_slice_0162.npy,/kaggle/working/scribble-uncertainty-lung-segmentation/outputs/uncertainty_maps/weak_bg_entropy/coronacases_007_slice_0162.npy,87,58060,0,0,1.1494253326915782e-09,False
coronacases_007,163,/kaggle/working/scribble-uncertainty-lung-segmentation/data/pseudo_labels/weak_bg_entropy/coronacases_007_slice_0163.npy,/kaggle/working/scribble-uncertainty-lung-segmentation/data/pseudo_labels/weak_bg_confidence/coronacases_007_slice_0163.npy,/kaggle/working/scribble-uncertainty-lung-segmentation/outputs/uncertainty_maps/weak_bg_entropy/coronacases_007_slice_0163.npy,78,58178,0,0,1.2820512429456699e-09,False
coronacases_007,164,/kaggle/working/scribble-uncertainty-lung-segmentation/data/pseudo_labels/weak_bg_entropy/coronacases_007_slice_0164.npy,/kaggle/working/scribble-uncertainty-lung-segmentation/data/pseudo_labels/weak_bg_confidence/coronacases_007_slice_0164.npy,/kaggle/working/scribble-uncertainty-lung-segmentation/outputs/uncertainty_maps/weak_bg_entropy/coronacases_007_slice_0164.npy,26,58265,0,0,3.846154061903917e-09,False
coronacases_007,165,/kaggle/working/scribble-uncertainty-lung-segmentation/data/pseudo_labels/weak_bg_entropy/coronacases_007_slice_0165.npy,/kaggle/working/scribble-uncertainty-lung-segmentation/data/pseudo_labels/weak_bg_confidence/coronacases_007_slice_0165.npy,/kaggle/working/scribble-uncertainty-lung-segmentation/outputs/uncertainty_maps/weak_bg_entropy/coronacases_007_slice_0165.npy,36,58449,0,0,2.7777777855675367e-09,False
coronacases_007,166,/kaggle/working/scribble-uncertainty-lung-segmentation/data/pseudo_labels/weak_bg_entropy/coronacases_007_slice_0166.npy,/kaggle/working/scribble-uncertainty-lung-segmentation/data/pseudo_labels/weak_bg_confidence/coronacases_007_slice_0166.npy,/kaggle/working/scribble-uncertainty-lung-segmentation/outputs/uncertainty_maps/weak_bg_entropy/coronacases_007_slice_0166.npy,27,58871,0,0,3.7037037881049173e-09,False
coronacases_007,167,/kaggle/working/scribble-uncertainty-lung-segmentation/data/pseudo_labels/weak_bg_entropy/coronacases_007_slice_0167.npy,/kaggle/working/scribble-uncertainty-lung-segmentation/data/pseudo_labels/weak_bg_confidence/coronacases_007_slice_0167.npy,/kaggle/working/scribble-uncertainty-lung-segmentation/outputs/uncertainty_maps/weak_bg_entropy/coronacases_007_slice_0167.npy,42,59062,0,0,2.3809523241880015e-09,False
coronacases_007,168,/kaggle/working/scribble-uncertainty-lung-segmentation/data/pseudo_labels/weak_bg_entropy/coronacases_007_slice_0168.npy,/kaggle/working/scribble-uncertainty-lung-segmentation/data/pseudo_labels/weak_bg_confidence/coronacases_007_slice_0168.npy,/kaggle/working/scribble-uncertainty-lung-segmentation/outputs/uncertainty_maps/weak_bg_entropy/coronacases_007_slice_0168.npy,48,58086,0,0,2.0833332836645013e-09,False
coronacases_007,169,/kaggle/working/scribble-uncertainty-lung-segmentation/data/pseudo_labels/weak_bg_entropy/coronacases_007_slice_0169.npy,/kaggle/working/scribble-uncertainty-lung-segmentation/data/pseudo_labels/weak_bg_confidence/coronacases_007_slice_0169.npy,/kaggle/working/scribble-uncertainty-lung-segmentation/outputs/uncertainty_maps/weak_bg_entropy/coronacases_007_slice_0169.npy,12,58335,0,0,8.333333134658005e-09,False
coronacases_007,170,/kaggle/working/scribble-uncertainty-lung-segmentation/data/pseudo_labels/weak_bg_entropy/coronacases_007_slice_0170.npy,/kaggle/working/scribble-uncertainty-lung-segmentation/data/pseudo_labels/weak_bg_confidence/coronacases_007_slice_0170.npy,/kaggle/working/scribble-uncertainty-lung-segmentation/outputs/uncertainty_maps/weak_bg_entropy/coronacases_007_slice_0170.npy,0,58381,0,0,1.0,False
coronacases_007,171,/kaggle/working/scribble-uncertainty-lung-segmentation/data/pseudo_labels/weak_bg_entropy/coronacases_007_slice_0171.npy,/kaggle/working/scribble-uncertainty-lung-segmentation/data/pseudo_labels/weak_bg_confidence/coronacases_007_slice_0171.npy,/kaggle/working/scribble-uncertainty-lung-segmentation/outputs/uncertainty_maps/weak_bg_entropy/coronacases_007_slice_0171.npy,0,58466,0,0,1.0,False
coronacases_007,172,/kaggle/working/scribble-uncertainty-lung-segmentation/data/pseudo_labels/weak_bg_entropy/coronacases_007_slice_0172.npy,/kaggle/working/scribble-uncertainty-lung-segmentation/data/pseudo_labels/weak_bg_confidence/coronacases_007_slice_0172.npy,/kaggle/working/scribble-uncertainty-lung-segmentation/outputs/uncertainty_maps/weak_bg_entropy/coronacases_007_slice_0172.npy,16,58407,0,0,6.250000073038109e-09,False
coronacases_007,173,/kaggle/working/scribble-uncertainty-lung-segmentation/data/pseudo_labels/weak_bg_entropy/coronacases_007_slice_0173.npy,/kaggle/working/scribble-uncertainty-lung-segmentation/data/pseudo_labels/weak_bg_confidence/coronacases_007_slice_0173.npy,/kaggle/working/scribble-uncertainty-lung-segmentation/outputs/uncertainty_maps/weak_bg_entropy/coronacases_007_slice_0173.npy,25,58692,0,0,3.999999886872274e-09,False
coronacases_007,174,/kaggle/working/scribble-uncertainty-lung-segmentation/data/pseudo_labels/weak_bg_entropy/coronacases_007_slice_0174.npy,/kaggle/working/scribble-uncertainty-lung-segmentation/data/pseudo_labels/weak_bg_confidence/coronacases_007_slice_0174.npy,/kaggle/working/scribble-uncertainty-lung-segmentation/outputs/uncertainty_maps/weak_bg_entropy/coronacases_007_slice_0174.npy,0,58808,0,0,1.0,False
coronacases_007,175,/kaggle/working/scribble-uncertainty-lung-segmentation/data/pseudo_labels/weak_bg_entropy/coronacases_007_slice_0175.npy,/kaggle/working/scribble-uncertainty-lung-segmentation/data/pseudo_labels/weak_bg_confidence/coronacases_007_slice_0175.npy,/kaggle/working/scribble-uncertainty-lung-segmentation/outputs/uncertainty_maps/weak_bg_entropy/coronacases_007_slice_0175.npy,0,58645,0,0,1.0,False
coronacases_007,176,/kaggle/working/scribble-uncertainty-lung-segmentation/data/pseudo_labels/weak_bg_entropy/coronacases_007_slice_0176.npy,/kaggle/working/scribble-uncertainty-lung-segmentation/data/pseudo_labels/weak_bg_confidence/coronacases_007_slice_0176.npy,/kaggle/working/scribble-uncertainty-lung-segmentation/outputs/uncertainty_maps/weak_bg_entropy/coronacases_007_slice_0176.npy,75,58692,0,0,1.3333333326315255e-09,False
coronacases_007,177,/kaggle/working/scribble-uncertainty-lung-segmentation/data/pseudo_labels/weak_bg_entropy/coronacases_007_slice_0177.npy,/kaggle/working/scribble-uncertainty-lung-segmentation/data/pseudo_labels/weak_bg_confidence/coronacases_007_slice_0177.npy,/kaggle/working/scribble-uncertainty-lung-segmentation/outputs/uncertainty_maps/weak_bg_entropy/coronacases_007_slice_0177.npy,9,58885,0,0,1.1111111142270147e-08,False
coronacases_007,178,/kaggle/working/scribble-uncertainty-lung-segmentation/data/pseudo_labels/weak_bg_entropy/coronacases_007_slice_0178.npy,/kaggle/working/scribble-uncertainty-lung-segmentation/data/pseudo_labels/weak_bg_confidence/coronacases_007_slice_0178.npy,/kaggle/working/scribble-uncertainty-lung-segmentation/outputs/uncertainty_maps/weak_bg_entropy/coronacases_007_slice_0178.npy,0,58964,0,0,1.0,False
coronacases_007,179,/kaggle/working/scribble-uncertainty-lung-segmentation/data/pseudo_labels/weak_bg_entropy/coronacases_007_slice_0179.npy,/kaggle/working/scribble-uncertainty-lung-segmentation/data/pseudo_labels/weak_bg_confidence/coronacases_007_slice_0179.npy,/kaggle/working/scribble-uncertainty-lung-segmentation/outputs/uncertainty_maps/weak_bg_entropy/coronacases_007_slice_0179.npy,0,59058,0,0,1.0,False
coronacases_007,180,/kaggle/working/scribble-uncertainty-lung-segmentation/data/pseudo_labels/weak_bg_entropy/coronacases_007_slice_0180.npy,/kaggle/working/scribble-uncertainty-lung-segmentation/data/pseudo_labels/weak_bg_confidence/coronacases_007_slice_0180.npy,/kaggle/working/scribble-uncertainty-lung-segmentation/outputs/uncertainty_maps/weak_bg_entropy/coronacases_007_slice_0180.npy,0,59003,0,0,1.0,False
coronacases_007,181,/kaggle/working/scribble-uncertainty-lung-segmentation/data/pseudo_labels/weak_bg_entropy/coronacases_007_slice_0181.npy,/kaggle/working/scribble-uncertainty-lung-segmentation/data/pseudo_labels/weak_bg_confidence/coronacases_007_slice_0181.npy,/kaggle/working/scribble-uncertainty-lung-segmentation/outputs/uncertainty_maps/weak_bg_entropy/coronacases_007_slice_0181.npy,0,59065,0,0,1.0,False
coronacases_007,182,/kaggle/working/scribble-uncertainty-lung-segmentation/data/pseudo_labels/weak_bg_entropy/coronacases_007_slice_0182.npy,/kaggle/working/scribble-uncertainty-lung-segmentation/data/pseudo_labels/weak_bg_confidence/coronacases_007_slice_0182.npy,/kaggle/working/scribble-uncertainty-lung-segmentation/outputs/uncertainty_maps/weak_bg_entropy/coronacases_007_slice_0182.npy,0,59182,0,0,1.0,False
coronacases_007,183,/kaggle/working/scribble-uncertainty-lung-segmentation/data/pseudo_labels/weak_bg_entropy/coronacases_007_slice_0183.npy,/kaggle/working/scribble-uncertainty-lung-segmentation/data/pseudo_labels/weak_bg_confidence/coronacases_007_slice_0183.npy,/kaggle/working/scribble-uncertainty-lung-segmentation/outputs/uncertainty_maps/weak_bg_entropy/coronacases_007_slice_0183.npy,0,59326,0,0,1.0,False
coronacases_007,184,/kaggle/working/scribble-uncertainty-lung-segmentation/data/pseudo_labels/weak_bg_entropy/coronacases_007_slice_0184.npy,/kaggle/working/scribble-uncertainty-lung-segmentation/data/pseudo_labels/weak_bg_confidence/coronacases_007_slice_0184.npy,/kaggle/working/scribble-uncertainty-lung-segmentation/outputs/uncertainty_maps/weak_bg_entropy/coronacases_007_slice_0184.npy,6,59423,0,0,1.666666626931601e-08,False
coronacases_007,185,/kaggle/working/scribble-uncertainty-lung-segmentation/data/pseudo_labels/weak_bg_entropy/coronacases_007_slice_0185.npy,/kaggle/working/scribble-uncertainty-lung-segmentation/data/pseudo_labels/weak_bg_confidence/coronacases_007_slice_0185.npy,/kaggle/working/scribble-uncertainty-lung-segmentation/outputs/uncertainty_maps/weak_bg_entropy/coronacases_007_slice_0185.npy,0,59675,0,0,1.0,False
coronacases_007,186,/kaggle/working/scribble-uncertainty-lung-segmentation/data/pseudo_labels/weak_bg_entropy/coronacases_007_slice_0186.npy,/kaggle/working/scribble-uncertainty-lung-segmentation/data/pseudo_labels/weak_bg_confidence/coronacases_007_slice_0186.npy,/kaggle/working/scribble-uncertainty-lung-segmentation/outputs/uncertainty_maps/weak_bg_entropy/coronacases_007_slice_0186.npy,0,59552,0,0,1.0,False
coronacases_007,187,/kaggle/working/scribble-uncertainty-lung-segmentation/data/pseudo_labels/weak_bg_entropy/coronacases_007_slice_0187.npy,/kaggle/working/scribble-uncertainty-lung-segmentation/data/pseudo_labels/weak_bg_confidence/coronacases_007_slice_0187.npy,/kaggle/working/scribble-uncertainty-lung-segmentation/outputs/uncertainty_maps/weak_bg_entropy/coronacases_007_slice_0187.npy,0,59524,0,0,1.0,False
coronacases_007,188,/kaggle/working/scribble-uncertainty-lung-segmentation/data/pseudo_labels/weak_bg_entropy/coronacases_007_slice_0188.npy,/kaggle/working/scribble-uncertainty-lung-segmentation/data/pseudo_labels/weak_bg_confidence/coronacases_007_slice_0188.npy,/kaggle/working/scribble-uncertainty-lung-segmentation/outputs/uncertainty_maps/weak_bg_entropy/coronacases_007_slice_0188.npy,0,59655,0,0,1.0,False
coronacases_007,189,/kaggle/working/scribble-uncertainty-lung-segmentation/data/pseudo_labels/weak_bg_entropy/coronacases_007_slice_0189.npy,/kaggle/working/scribble-uncertainty-lung-segmentation/data/pseudo_labels/weak_bg_confidence/coronacases_007_slice_0189.npy,/kaggle/working/scribble-uncertainty-lung-segmentation/outputs/uncertainty_maps/weak_bg_entropy/coronacases_007_slice_0189.npy,7,59642,0,0,1.4285714833306429e-08,False
coronacases_007,190,/kaggle/working/scribble-uncertainty-lung-segmentation/data/pseudo_labels/weak_bg_entropy/coronacases_007_slice_0190.npy,/kaggle/working/scribble-uncertainty-lung-segmentation/data/pseudo_labels/weak_bg_confidence/coronacases_007_slice_0190.npy,/kaggle/working/scribble-uncertainty-lung-segmentation/outputs/uncertainty_maps/weak_bg_entropy/coronacases_007_slice_0190.npy,0,59760,0,0,1.0,False
coronacases_007,191,/kaggle/working/scribble-uncertainty-lung-segmentation/data/pseudo_labels/weak_bg_entropy/coronacases_007_slice_0191.npy,/kaggle/working/scribble-uncertainty-lung-segmentation/data/pseudo_labels/weak_bg_confidence/coronacases_007_slice_0191.npy,/kaggle/working/scribble-uncertainty-lung-segmentation/outputs/uncertainty_maps/weak_bg_entropy/coronacases_007_slice_0191.npy,0,59814,0,0,1.0,False
coronacases_007,192,/kaggle/working/scribble-uncertainty-lung-segmentation/data/pseudo_labels/weak_bg_entropy/coronacases_007_slice_0192.npy,/kaggle/working/scribble-uncertainty-lung-segmentation/data/pseudo_labels/weak_bg_confidence/coronacases_007_slice_0192.npy,/kaggle/working/scribble-uncertainty-lung-segmentation/outputs/uncertainty_maps/weak_bg_entropy/coronacases_007_slice_0192.npy,0,59965,0,0,1.0,False
coronacases_007,193,/kaggle/working/scribble-uncertainty-lung-segmentation/data/pseudo_labels/weak_bg_entropy/coronacases_007_slice_0193.npy,/kaggle/working/scribble-uncertainty-lung-segmentation/data/pseudo_labels/weak_bg_confidence/coronacases_007_slice_0193.npy,/kaggle/working/scribble-uncertainty-lung-segmentation/outputs/uncertainty_maps/weak_bg_entropy/coronacases_007_slice_0193.npy,0,60321,0,0,1.0,False
coronacases_007,194,/kaggle/working/scribble-uncertainty-lung-segmentation/data/pseudo_labels/weak_bg_entropy/coronacases_007_slice_0194.npy,/kaggle/working/scribble-uncertainty-lung-segmentation/data/pseudo_labels/weak_bg_confidence/coronacases_007_slice_0194.npy,/kaggle/working/scribble-uncertainty-lung-segmentation/outputs/uncertainty_maps/weak_bg_entropy/coronacases_007_slice_0194.npy,0,60367,0,0,1.0,False
coronacases_007,195,/kaggle/working/scribble-uncertainty-lung-segmentation/data/pseudo_labels/weak_bg_entropy/coronacases_007_slice_0195.npy,/kaggle/working/scribble-uncertainty-lung-segmentation/data/pseudo_labels/weak_bg_confidence/coronacases_007_slice_0195.npy,/kaggle/working/scribble-uncertainty-lung-segmentation/outputs/uncertainty_maps/weak_bg_entropy/coronacases_007_slice_0195.npy,0,60471,0,0,1.0,False
coronacases_007,196,/kaggle/working/scribble-uncertainty-lung-segmentation/data/pseudo_labels/weak_bg_entropy/coronacases_007_slice_0196.npy,/kaggle/working/scribble-uncertainty-lung-segmentation/data/pseudo_labels/weak_bg_confidence/coronacases_007_slice_0196.npy,/kaggle/working/scribble-uncertainty-lung-segmentation/outputs/uncertainty_maps/weak_bg_entropy/coronacases_007_slice_0196.npy,0,60710,0,0,1.0,False
coronacases_007,197,/kaggle/working/scribble-uncertainty-lung-segmentation/data/pseudo_labels/weak_bg_entropy/coronacases_007_slice_0197.npy,/kaggle/working/scribble-uncertainty-lung-segmentation/data/pseudo_labels/weak_bg_confidence/coronacases_007_slice_0197.npy,/kaggle/working/scribble-uncertainty-lung-segmentation/outputs/uncertainty_maps/weak_bg_entropy/coronacases_007_slice_0197.npy,0,60884,0,0,1.0,False
coronacases_007,198,/kaggle/working/scribble-uncertainty-lung-segmentation/data/pseudo_labels/weak_bg_entropy/coronacases_007_slice_0198.npy,/kaggle/working/scribble-uncertainty-lung-segmentation/data/pseudo_labels/weak_bg_confidence/coronacases_007_slice_0198.npy,/kaggle/working/scribble-uncertainty-lung-segmentation/outputs/uncertainty_maps/weak_bg_entropy/coronacases_007_slice_0198.npy,0,61100,0,0,1.0,False
coronacases_007,199,/kaggle/working/scribble-uncertainty-lung-segmentation/data/pseudo_labels/weak_bg_entropy/coronacases_007_slice_0199.npy,/kaggle/working/scribble-uncertainty-lung-segmentation/data/pseudo_labels/weak_bg_confidence/coronacases_007_slice_0199.npy,/kaggle/working/scribble-uncertainty-lung-segmentation/outputs/uncertainty_maps/weak_bg_entropy/coronacases_007_slice_0199.npy,0,61321,0,0,1.0,False
coronacases_007,200,/kaggle/working/scribble-uncertainty-lung-segmentation/data/pseudo_labels/weak_bg_entropy/coronacases_007_slice_0200.npy,/kaggle/working/scribble-uncertainty-lung-segmentation/data/pseudo_labels/weak_bg_confidence/coronacases_007_slice_0200.npy,/kaggle/working/scribble-uncertainty-lung-segmentation/outputs/uncertainty_maps/weak_bg_entropy/coronacases_007_slice_0200.npy,0,61548,0,0,1.0,False
coronacases_007,201,/kaggle/working/scribble-uncertainty-lung-segmentation/data/pseudo_labels/weak_bg_entropy/coronacases_007_slice_0201.npy,/kaggle/working/scribble-uncertainty-lung-segmentation/data/pseudo_labels/weak_bg_confidence/coronacases_007_slice_0201.npy,/kaggle/working/scribble-uncertainty-lung-segmentation/outputs/uncertainty_maps/weak_bg_entropy/coronacases_007_slice_0201.npy,0,61751,0,0,1.0,False
coronacases_007,202,/kaggle/working/scribble-uncertainty-lung-segmentation/data/pseudo_labels/weak_bg_entropy/coronacases_007_slice_0202.npy,/kaggle/working/scribble-uncertainty-lung-segmentation/data/pseudo_labels/weak_bg_confidence/coronacases_007_slice_0202.npy,/kaggle/working/scribble-uncertainty-lung-segmentation/outputs/uncertainty_maps/weak_bg_entropy/coronacases_007_slice_0202.npy,0,61968,0,0,1.0,False
coronacases_007,203,/kaggle/working/scribble-uncertainty-lung-segmentation/data/pseudo_labels/weak_bg_entropy/coronacases_007_slice_0203.npy,/kaggle/working/scribble-uncertainty-lung-segmentation/data/pseudo_labels/weak_bg_confidence/coronacases_007_slice_0203.npy,/kaggle/working/scribble-uncertainty-lung-segmentation/outputs/uncertainty_maps/weak_bg_entropy/coronacases_007_slice_0203.npy,0,62205,0,0,1.0,False
coronacases_007,204,/kaggle/working/scribble-uncertainty-lung-segmentation/data/pseudo_labels/weak_bg_entropy/coronacases_007_slice_0204.npy,/kaggle/working/scribble-uncertainty-lung-segmentation/data/pseudo_labels/weak_bg_confidence/coronacases_007_slice_0204.npy,/kaggle/working/scribble-uncertainty-lung-segmentation/outputs/uncertainty_maps/weak_bg_entropy/coronacases_007_slice_0204.npy,11,62456,0,0,9.090909358633326e-09,False
coronacases_007,205,/kaggle/working/scribble-uncertainty-lung-segmentation/data/pseudo_labels/weak_bg_entropy/coronacases_007_slice_0205.npy,/kaggle/working/scribble-uncertainty-lung-segmentation/data/pseudo_labels/weak_bg_confidence/coronacases_007_slice_0205.npy,/kaggle/working/scribble-uncertainty-lung-segmentation/outputs/uncertainty_maps/weak_bg_entropy/coronacases_007_slice_0205.npy,0,62657,0,0,1.0,False
coronacases_007,206,/kaggle/working/scribble-uncertainty-lung-segmentation/data/pseudo_labels/weak_bg_entropy/coronacases_007_slice_0206.npy,/kaggle/working/scribble-uncertainty-lung-segmentation/data/pseudo_labels/weak_bg_confidence/coronacases_007_slice_0206.npy,/kaggle/working/scribble-uncertainty-lung-segmentation/outputs/uncertainty_maps/weak_bg_entropy/coronacases_007_slice_0206.npy,0,62813,0,0,1.0,False
coronacases_007,207,/kaggle/working/scribble-uncertainty-lung-segmentation/data/pseudo_labels/weak_bg_entropy/coronacases_007_slice_0207.npy,/kaggle/working/scribble-uncertainty-lung-segmentation/data/pseudo_labels/weak_bg_confidence/coronacases_007_slice_0207.npy,/kaggle/working/scribble-uncertainty-lung-segmentation/outputs/uncertainty_maps/weak_bg_entropy/coronacases_007_slice_0207.npy,0,62905,0,0,1.0,False
coronacases_007,208,/kaggle/working/scribble-uncertainty-lung-segmentation/data/pseudo_labels/weak_bg_entropy/coronacases_007_slice_0208.npy,/kaggle/working/scribble-uncertainty-lung-segmentation/data/pseudo_labels/weak_bg_confidence/coronacases_007_slice_0208.npy,/kaggle/working/scribble-uncertainty-lung-segmentation/outputs/uncertainty_maps/weak_bg_entropy/coronacases_007_slice_0208.npy,0,63098,0,0,1.0,False
coronacases_007,209,/kaggle/working/scribble-uncertainty-lung-segmentation/data/pseudo_labels/weak_bg_entropy/coronacases_007_slice_0209.npy,/kaggle/working/scribble-uncertainty-lung-segmentation/data/pseudo_labels/weak_bg_confidence/coronacases_007_slice_0209.npy,/kaggle/working/scribble-uncertainty-lung-segmentation/outputs/uncertainty_maps/weak_bg_entropy/coronacases_007_slice_0209.npy,0,63253,0,0,1.0,False
coronacases_007,210,/kaggle/working/scribble-uncertainty-lung-segmentation/data/pseudo_labels/weak_bg_entropy/coronacases_007_slice_0210.npy,/kaggle/working/scribble-uncertainty-lung-segmentation/data/pseudo_labels/weak_bg_confidence/coronacases_007_slice_0210.npy,/kaggle/working/scribble-uncertainty-lung-segmentation/outputs/uncertainty_maps/weak_bg_entropy/coronacases_007_slice_0210.npy,0,63399,0,0,1.0,False
coronacases_007,211,/kaggle/working/scribble-uncertainty-lung-segmentation/data/pseudo_labels/weak_bg_entropy/coronacases_007_slice_0211.npy,/kaggle/working/scribble-uncertainty-lung-segmentation/data/pseudo_labels/weak_bg_confidence/coronacases_007_slice_0211.npy,/kaggle/working/scribble-uncertainty-lung-segmentation/outputs/uncertainty_maps/weak_bg_entropy/coronacases_007_slice_0211.npy,0,63525,0,0,1.0,False
coronacases_007,212,/kaggle/working/scribble-uncertainty-lung-segmentation/data/pseudo_labels/weak_bg_entropy/coronacases_007_slice_0212.npy,/kaggle/working/scribble-uncertainty-lung-segmentation/data/pseudo_labels/weak_bg_confidence/coronacases_007_slice_0212.npy,/kaggle/working/scribble-uncertainty-lung-segmentation/outputs/uncertainty_maps/weak_bg_entropy/coronacases_007_slice_0212.npy,0,63685,0,0,1.0,False
coronacases_007,213,/kaggle/working/scribble-uncertainty-lung-segmentation/data/pseudo_labels/weak_bg_entropy/coronacases_007_slice_0213.npy,/kaggle/working/scribble-uncertainty-lung-segmentation/data/pseudo_labels/weak_bg_confidence/coronacases_007_slice_0213.npy,/kaggle/working/scribble-uncertainty-lung-segmentation/outputs/uncertainty_maps/weak_bg_entropy/coronacases_007_slice_0213.npy,0,63823,0,0,1.0,False
coronacases_007,214,/kaggle/working/scribble-uncertainty-lung-segmentation/data/pseudo_labels/weak_bg_entropy/coronacases_007_slice_0214.npy,/kaggle/working/scribble-uncertainty-lung-segmentation/data/pseudo_labels/weak_bg_confidence/coronacases_007_slice_0214.npy,/kaggle/working/scribble-uncertainty-lung-segmentation/outputs/uncertainty_maps/weak_bg_entropy/coronacases_007_slice_0214.npy,22,64004,0,0,4.545454679316663e-09,False
coronacases_007,215,/kaggle/working/scribble-uncertainty-lung-segmentation/data/pseudo_labels/weak_bg_entropy/coronacases_007_slice_0215.npy,/kaggle/working/scribble-uncertainty-lung-segmentation/data/pseudo_labels/weak_bg_confidence/coronacases_007_slice_0215.npy,/kaggle/working/scribble-uncertainty-lung-segmentation/outputs/uncertainty_maps/weak_bg_entropy/coronacases_007_slice_0215.npy,12,64149,0,0,8.333333134658005e-09,False
coronacases_007,216,/kaggle/working/scribble-uncertainty-lung-segmentation/data/pseudo_labels/weak_bg_entropy/coronacases_007_slice_0216.npy,/kaggle/working/scribble-uncertainty-lung-segmentation/data/pseudo_labels/weak_bg_confidence/coronacases_007_slice_0216.npy,/kaggle/working/scribble-uncertainty-lung-segmentation/outputs/uncertainty_maps/weak_bg_entropy/coronacases_007_slice_0216.npy,0,64245,0,0,1.0,False
coronacases_007,217,/kaggle/working/scribble-uncertainty-lung-segmentation/data/pseudo_labels/weak_bg_entropy/coronacases_007_slice_0217.npy,/kaggle/working/scribble-uncertainty-lung-segmentation/data/pseudo_labels/weak_bg_confidence/coronacases_007_slice_0217.npy,/kaggle/working/scribble-uncertainty-lung-segmentation/outputs/uncertainty_maps/weak_bg_entropy/coronacases_007_slice_0217.npy,0,64385,0,0,1.0,False
coronacases_007,218,/kaggle/working/scribble-uncertainty-lung-segmentation/data/pseudo_labels/weak_bg_entropy/coronacases_007_slice_0218.npy,/kaggle/working/scribble-uncertainty-lung-segmentation/data/pseudo_labels/weak_bg_confidence/coronacases_007_slice_0218.npy,/kaggle/working/scribble-uncertainty-lung-segmentation/outputs/uncertainty_maps/weak_bg_entropy/coronacases_007_slice_0218.npy,0,64499,0,0,1.0,False
coronacases_007,219,/kaggle/working/scribble-uncertainty-lung-segmentation/data/pseudo_labels/weak_bg_entropy/coronacases_007_slice_0219.npy,/kaggle/working/scribble-uncertainty-lung-segmentation/data/pseudo_labels/weak_bg_confidence/coronacases_007_slice_0219.npy,/kaggle/working/scribble-uncertainty-lung-segmentation/outputs/uncertainty_maps/weak_bg_entropy/coronacases_007_slice_0219.npy,0,64564,0,0,1.0,False
coronacases_007,220,/kaggle/working/scribble-uncertainty-lung-segmentation/data/pseudo_labels/weak_bg_entropy/coronacases_007_slice_0220.npy,/kaggle/working/scribble-uncertainty-lung-segmentation/data/pseudo_labels/weak_bg_confidence/coronacases_007_slice_0220.npy,/kaggle/working/scribble-uncertainty-lung-segmentation/outputs/uncertainty_maps/weak_bg_entropy/coronacases_007_slice_0220.npy,0,64685,0,0,1.0,False
coronacases_007,221,/kaggle/working/scribble-uncertainty-lung-segmentation/data/pseudo_labels/weak_bg_entropy/coronacases_007_slice_0221.npy,/kaggle/working/scribble-uncertainty-lung-segmentation/data/pseudo_labels/weak_bg_confidence/coronacases_007_slice_0221.npy,/kaggle/working/scribble-uncertainty-lung-segmentation/outputs/uncertainty_maps/weak_bg_entropy/coronacases_007_slice_0221.npy,0,64862,0,0,1.0,False
coronacases_007,222,/kaggle/working/scribble-uncertainty-lung-segmentation/data/pseudo_labels/weak_bg_entropy/coronacases_007_slice_0222.npy,/kaggle/working/scribble-uncertainty-lung-segmentation/data/pseudo_labels/weak_bg_confidence/coronacases_007_slice_0222.npy,/kaggle/working/scribble-uncertainty-lung-segmentation/outputs/uncertainty_maps/weak_bg_entropy/coronacases_007_slice_0222.npy,0,65025,0,0,1.0,False
coronacases_007,223,/kaggle/working/scribble-uncertainty-lung-segmentation/data/pseudo_labels/weak_bg_entropy/coronacases_007_slice_0223.npy,/kaggle/working/scribble-uncertainty-lung-segmentation/data/pseudo_labels/weak_bg_confidence/coronacases_007_slice_0223.npy,/kaggle/working/scribble-uncertainty-lung-segmentation/outputs/uncertainty_maps/weak_bg_entropy/coronacases_007_slice_0223.npy,0,65170,0,0,1.0,False
coronacases_007,224,/kaggle/working/scribble-uncertainty-lung-segmentation/data/pseudo_labels/weak_bg_entropy/coronacases_007_slice_0224.npy,/kaggle/working/scribble-uncertainty-lung-segmentation/data/pseudo_labels/weak_bg_confidence/coronacases_007_slice_0224.npy,/kaggle/working/scribble-uncertainty-lung-segmentation/outputs/uncertainty_maps/weak_bg_entropy/coronacases_007_slice_0224.npy,0,65311,0,0,1.0,False
coronacases_007,225,/kaggle/working/scribble-uncertainty-lung-segmentation/data/pseudo_labels/weak_bg_entropy/coronacases_007_slice_0225.npy,/kaggle/working/scribble-uncertainty-lung-segmentation/data/pseudo_labels/weak_bg_confidence/coronacases_007_slice_0225.npy,/kaggle/working/scribble-uncertainty-lung-segmentation/outputs/uncertainty_maps/weak_bg_entropy/coronacases_007_slice_0225.npy,0,65388,0,0,1.0,False
coronacases_007,226,/kaggle/working/scribble-uncertainty-lung-segmentation/data/pseudo_labels/weak_bg_entropy/coronacases_007_slice_0226.npy,/kaggle/working/scribble-uncertainty-lung-segmentation/data/pseudo_labels/weak_bg_confidence/coronacases_007_slice_0226.npy,/kaggle/working/scribble-uncertainty-lung-segmentation/outputs/uncertainty_maps/weak_bg_entropy/coronacases_007_slice_0226.npy,0,65536,0,0,1.0,False
coronacases_007,227,/kaggle/working/scribble-uncertainty-lung-segmentation/data/pseudo_labels/weak_bg_entropy/coronacases_007_slice_0227.npy,/kaggle/working/scribble-uncertainty-lung-segmentation/data/pseudo_labels/weak_bg_confidence/coronacases_007_slice_0227.npy,/kaggle/working/scribble-uncertainty-lung-segmentation/outputs/uncertainty_maps/weak_bg_entropy/coronacases_007_slice_0227.npy,0,65536,0,0,1.0,False
coronacases_007,228,/kaggle/working/scribble-uncertainty-lung-segmentation/data/pseudo_labels/weak_bg_entropy/coronacases_007_slice_0228.npy,/kaggle/working/scribble-uncertainty-lung-segmentation/data/pseudo_labels/weak_bg_confidence/coronacases_007_slice_0228.npy,/kaggle/working/scribble-uncertainty-lung-segmentation/outputs/uncertainty_maps/weak_bg_entropy/coronacases_007_slice_0228.npy,0,65536,0,0,1.0,False
coronacases_008,28,/kaggle/working/scribble-uncertainty-lung-segmentation/data/pseudo_labels/weak_bg_entropy/coronacases_008_slice_0028.npy,/kaggle/working/scribble-uncertainty-lung-segmentation/data/pseudo_labels/weak_bg_confidence/coronacases_008_slice_0028.npy,/kaggle/working/scribble-uncertainty-lung-segmentation/outputs/uncertainty_maps/weak_bg_entropy/coronacases_008_slice_0028.npy,0,65536,0,0,1.0,False
coronacases_008,29,/kaggle/working/scribble-uncertainty-lung-segmentation/data/pseudo_labels/weak_bg_entropy/coronacases_008_slice_0029.npy,/kaggle/working/scribble-uncertainty-lung-segmentation/data/pseudo_labels/weak_bg_confidence/coronacases_008_slice_0029.npy,/kaggle/working/scribble-uncertainty-lung-segmentation/outputs/uncertainty_maps/weak_bg_entropy/coronacases_008_slice_0029.npy,0,65536,0,0,1.0,False
coronacases_008,30,/kaggle/working/scribble-uncertainty-lung-segmentation/data/pseudo_labels/weak_bg_entropy/coronacases_008_slice_0030.npy,/kaggle/working/scribble-uncertainty-lung-segmentation/data/pseudo_labels/weak_bg_confidence/coronacases_008_slice_0030.npy,/kaggle/working/scribble-uncertainty-lung-segmentation/outputs/uncertainty_maps/weak_bg_entropy/coronacases_008_slice_0030.npy,0,65536,0,0,1.0,False
coronacases_008,31,/kaggle/working/scribble-uncertainty-lung-segmentation/data/pseudo_labels/weak_bg_entropy/coronacases_008_slice_0031.npy,/kaggle/working/scribble-uncertainty-lung-segmentation/data/pseudo_labels/weak_bg_confidence/coronacases_008_slice_0031.npy,/kaggle/working/scribble-uncertainty-lung-segmentation/outputs/uncertainty_maps/weak_bg_entropy/coronacases_008_slice_0031.npy,0,65536,0,0,1.0,False
coronacases_008,32,/kaggle/working/scribble-uncertainty-lung-segmentation/data/pseudo_labels/weak_bg_entropy/coronacases_008_slice_0032.npy,/kaggle/working/scribble-uncertainty-lung-segmentation/data/pseudo_labels/weak_bg_confidence/coronacases_008_slice_0032.npy,/kaggle/working/scribble-uncertainty-lung-segmentation/outputs/uncertainty_maps/weak_bg_entropy/coronacases_008_slice_0032.npy,0,65536,0,0,1.0,False
coronacases_008,33,/kaggle/working/scribble-uncertainty-lung-segmentation/data/pseudo_labels/weak_bg_entropy/coronacases_008_slice_0033.npy,/kaggle/working/scribble-uncertainty-lung-segmentation/data/pseudo_labels/weak_bg_confidence/coronacases_008_slice_0033.npy,/kaggle/working/scribble-uncertainty-lung-segmentation/outputs/uncertainty_maps/weak_bg_entropy/coronacases_008_slice_0033.npy,0,65536,0,0,1.0,False
coronacases_008,34,/kaggle/working/scribble-uncertainty-lung-segmentation/data/pseudo_labels/weak_bg_entropy/coronacases_008_slice_0034.npy,/kaggle/working/scribble-uncertainty-lung-segmentation/data/pseudo_labels/weak_bg_confidence/coronacases_008_slice_0034.npy,/kaggle/working/scribble-uncertainty-lung-segmentation/outputs/uncertainty_maps/weak_bg_entropy/coronacases_008_slice_0034.npy,0,65536,0,0,1.0,False
coronacases_008,35,/kaggle/working/scribble-uncertainty-lung-segmentation/data/pseudo_labels/weak_bg_entropy/coronacases_008_slice_0035.npy,/kaggle/working/scribble-uncertainty-lung-segmentation/data/pseudo_labels/weak_bg_confidence/coronacases_008_slice_0035.npy,/kaggle/working/scribble-uncertainty-lung-segmentation/outputs/uncertainty_maps/weak_bg_entropy/coronacases_008_slice_0035.npy,0,65494,0,0,1.0,False
coronacases_008,36,/kaggle/working/scribble-uncertainty-lung-segmentation/data/pseudo_labels/weak_bg_entropy/coronacases_008_slice_0036.npy,/kaggle/working/scribble-uncertainty-lung-segmentation/data/pseudo_labels/weak_bg_confidence/coronacases_008_slice_0036.npy,/kaggle/working/scribble-uncertainty-lung-segmentation/outputs/uncertainty_maps/weak_bg_entropy/coronacases_008_slice_0036.npy,0,65457,0,0,1.0,False
coronacases_008,37,/kaggle/working/scribble-uncertainty-lung-segmentation/data/pseudo_labels/weak_bg_entropy/coronacases_008_slice_0037.npy,/kaggle/working/scribble-uncertainty-lung-segmentation/data/pseudo_labels/weak_bg_confidence/coronacases_008_slice_0037.npy,/kaggle/working/scribble-uncertainty-lung-segmentation/outputs/uncertainty_maps/weak_bg_entropy/coronacases_008_slice_0037.npy,0,65434,0,0,1.0,False
coronacases_008,38,/kaggle/working/scribble-uncertainty-lung-segmentation/data/pseudo_labels/weak_bg_entropy/coronacases_008_slice_0038.npy,/kaggle/working/scribble-uncertainty-lung-segmentation/data/pseudo_labels/weak_bg_confidence/coronacases_008_slice_0038.npy,/kaggle/working/scribble-uncertainty-lung-segmentation/outputs/uncertainty_maps/weak_bg_entropy/coronacases_008_slice_0038.npy,0,65338,0,0,1.0,False
coronacases_008,39,/kaggle/working/scribble-uncertainty-lung-segmentation/data/pseudo_labels/weak_bg_entropy/coronacases_008_slice_0039.npy,/kaggle/working/scribble-uncertainty-lung-segmentation/data/pseudo_labels/weak_bg_confidence/coronacases_008_slice_0039.npy,/kaggle/working/scribble-uncertainty-lung-segmentation/outputs/uncertainty_maps/weak_bg_entropy/coronacases_008_slice_0039.npy,0,65248,0,0,1.0,False
coronacases_008,40,/kaggle/working/scribble-uncertainty-lung-segmentation/data/pseudo_labels/weak_bg_entropy/coronacases_008_slice_0040.npy,/kaggle/working/scribble-uncertainty-lung-segmentation/data/pseudo_labels/weak_bg_confidence/coronacases_008_slice_0040.npy,/kaggle/working/scribble-uncertainty-lung-segmentation/outputs/uncertainty_maps/weak_bg_entropy/coronacases_008_slice_0040.npy,0,65118,0,0,1.0,False
coronacases_008,41,/kaggle/working/scribble-uncertainty-lung-segmentation/data/pseudo_labels/weak_bg_entropy/coronacases_008_slice_0041.npy,/kaggle/working/scribble-uncertainty-lung-segmentation/data/pseudo_labels/weak_bg_confidence/coronacases_008_slice_0041.npy,/kaggle/working/scribble-uncertainty-lung-segmentation/outputs/uncertainty_maps/weak_bg_entropy/coronacases_008_slice_0041.npy,0,64986,0,0,1.0,False
coronacases_008,42,/kaggle/working/scribble-uncertainty-lung-segmentation/data/pseudo_labels/weak_bg_entropy/coronacases_008_slice_0042.npy,/kaggle/working/scribble-uncertainty-lung-segmentation/data/pseudo_labels/weak_bg_confidence/coronacases_008_slice_0042.npy,/kaggle/working/scribble-uncertainty-lung-segmentation/outputs/uncertainty_maps/weak_bg_entropy/coronacases_008_slice_0042.npy,0,64854,0,0,1.0,False
coronacases_008,43,/kaggle/working/scribble-uncertainty-lung-segmentation/data/pseudo_labels/weak_bg_entropy/coronacases_008_slice_0043.npy,/kaggle/working/scribble-uncertainty-lung-segmentation/data/pseudo_labels/weak_bg_confidence/coronacases_008_slice_0043.npy,/kaggle/working/scribble-uncertainty-lung-segmentation/outputs/uncertainty_maps/weak_bg_entropy/coronacases_008_slice_0043.npy,0,64765,0,0,1.0,False
coronacases_008,44,/kaggle/working/scribble-uncertainty-lung-segmentation/data/pseudo_labels/weak_bg_entropy/coronacases_008_slice_0044.npy,/kaggle/working/scribble-uncertainty-lung-segmentation/data/pseudo_labels/weak_bg_confidence/coronacases_008_slice_0044.npy,/kaggle/working/scribble-uncertainty-lung-segmentation/outputs/uncertainty_maps/weak_bg_entropy/coronacases_008_slice_0044.npy,0,64752,0,0,1.0,False
coronacases_008,45,/kaggle/working/scribble-uncertainty-lung-segmentation/data/pseudo_labels/weak_bg_entropy/coronacases_008_slice_0045.npy,/kaggle/working/scribble-uncertainty-lung-segmentation/data/pseudo_labels/weak_bg_confidence/coronacases_008_slice_0045.npy,/kaggle/working/scribble-uncertainty-lung-segmentation/outputs/uncertainty_maps/weak_bg_entropy/coronacases_008_slice_0045.npy,0,64696,0,0,1.0,False
coronacases_008,46,/kaggle/working/scribble-uncertainty-lung-segmentation/data/pseudo_labels/weak_bg_entropy/coronacases_008_slice_0046.npy,/kaggle/working/scribble-uncertainty-lung-segmentation/data/pseudo_labels/weak_bg_confidence/coronacases_008_slice_0046.npy,/kaggle/working/scribble-uncertainty-lung-segmentation/outputs/uncertainty_maps/weak_bg_entropy/coronacases_008_slice_0046.npy,13,64632,0,0,7.692308123807834e-09,False
coronacases_008,47,/kaggle/working/scribble-uncertainty-lung-segmentation/data/pseudo_labels/weak_bg_entropy/coronacases_008_slice_0047.npy,/kaggle/working/scribble-uncertainty-lung-segmentation/data/pseudo_labels/weak_bg_confidence/coronacases_008_slice_0047.npy,/kaggle/working/scribble-uncertainty-lung-segmentation/outputs/uncertainty_maps/weak_bg_entropy/coronacases_008_slice_0047.npy,26,64596,0,0,3.846154061903917e-09,False
coronacases_008,48,/kaggle/working/scribble-uncertainty-lung-segmentation/data/pseudo_labels/weak_bg_entropy/coronacases_008_slice_0048.npy,/kaggle/working/scribble-uncertainty-lung-segmentation/data/pseudo_labels/weak_bg_confidence/coronacases_008_slice_0048.npy,/kaggle/working/scribble-uncertainty-lung-segmentation/outputs/uncertainty_maps/weak_bg_entropy/coronacases_008_slice_0048.npy,25,64569,4,16,2.4390243158478597e-09,True
coronacases_008,49,/kaggle/working/scribble-uncertainty-lung-segmentation/data/pseudo_labels/weak_bg_entropy/coronacases_008_slice_0049.npy,/kaggle/working/scribble-uncertainty-lung-segmentation/data/pseudo_labels/weak_bg_confidence/coronacases_008_slice_0049.npy,/kaggle/working/scribble-uncertainty-lung-segmentation/outputs/uncertainty_maps/weak_bg_entropy/coronacases_008_slice_0049.npy,9,64502,4,24,3.030303119544442e-09,True
coronacases_008,50,/kaggle/working/scribble-uncertainty-lung-segmentation/data/pseudo_labels/weak_bg_entropy/coronacases_008_slice_0050.npy,/kaggle/working/scribble-uncertainty-lung-segmentation/data/pseudo_labels/weak_bg_confidence/coronacases_008_slice_0050.npy,/kaggle/working/scribble-uncertainty-lung-segmentation/outputs/uncertainty_maps/weak_bg_entropy/coronacases_008_slice_0050.npy,8,64443,4,31,2.5641024858913397e-09,True
coronacases_008,51,/kaggle/working/scribble-uncertainty-lung-segmentation/data/pseudo_labels/weak_bg_entropy/coronacases_008_slice_0051.npy,/kaggle/working/scribble-uncertainty-lung-segmentation/data/pseudo_labels/weak_bg_confidence/coronacases_008_slice_0051.npy,/kaggle/working/scribble-uncertainty-lung-segmentation/outputs/uncertainty_maps/weak_bg_entropy/coronacases_008_slice_0051.npy,32,64428,4,32,0.34375,True
coronacases_008,52,/kaggle/working/scribble-uncertainty-lung-segmentation/data/pseudo_labels/weak_bg_entropy/coronacases_008_slice_0052.npy,/kaggle/working/scribble-uncertainty-lung-segmentation/data/pseudo_labels/weak_bg_confidence/coronacases_008_slice_0052.npy,/kaggle/working/scribble-uncertainty-lung-segmentation/outputs/uncertainty_maps/weak_bg_entropy/coronacases_008_slice_0052.npy,42,64368,4,29,0.4225352108478546,True
coronacases_008,53,/kaggle/working/scribble-uncertainty-lung-segmentation/data/pseudo_labels/weak_bg_entropy/coronacases_008_slice_0053.npy,/kaggle/working/scribble-uncertainty-lung-segmentation/data/pseudo_labels/weak_bg_confidence/coronacases_008_slice_0053.npy,/kaggle/working/scribble-uncertainty-lung-segmentation/outputs/uncertainty_maps/weak_bg_entropy/coronacases_008_slice_0053.npy,77,64308,4,40,0.1538461595773697,True
coronacases_008,54,/kaggle/working/scribble-uncertainty-lung-segmentation/data/pseudo_labels/weak_bg_entropy/coronacases_008_slice_0054.npy,/kaggle/working/scribble-uncertainty-lung-segmentation/data/pseudo_labels/weak_bg_confidence/coronacases_008_slice_0054.npy,/kaggle/working/scribble-uncertainty-lung-segmentation/outputs/uncertainty_maps/weak_bg_entropy/coronacases_008_slice_0054.npy,131,64312,4,35,0.2409638613462448,True
coronacases_008,55,/kaggle/working/scribble-uncertainty-lung-segmentation/data/pseudo_labels/weak_bg_entropy/coronacases_008_slice_0055.npy,/kaggle/working/scribble-uncertainty-lung-segmentation/data/pseudo_labels/weak_bg_confidence/coronacases_008_slice_0055.npy,/kaggle/working/scribble-uncertainty-lung-segmentation/outputs/uncertainty_maps/weak_bg_entropy/coronacases_008_slice_0055.npy,172,64295,8,82,0.4960629940032959,True
coronacases_008,56,/kaggle/working/scribble-uncertainty-lung-segmentation/data/pseudo_labels/weak_bg_entropy/coronacases_008_slice_0056.npy,/kaggle/working/scribble-uncertainty-lung-segmentation/data/pseudo_labels/weak_bg_confidence/coronacases_008_slice_0056.npy,/kaggle/working/scribble-uncertainty-lung-segmentation/outputs/uncertainty_maps/weak_bg_entropy/coronacases_008_slice_0056.npy,276,64316,8,161,0.46224257349967957,True
coronacases_008,57,/kaggle/working/scribble-uncertainty-lung-segmentation/data/pseudo_labels/weak_bg_entropy/coronacases_008_slice_0057.npy,/kaggle/working/scribble-uncertainty-lung-segmentation/data/pseudo_labels/weak_bg_confidence/coronacases_008_slice_0057.npy,/kaggle/working/scribble-uncertainty-lung-segmentation/outputs/uncertainty_maps/weak_bg_entropy/coronacases_008_slice_0057.npy,287,64217,8,216,0.544731616973877,True
coronacases_008,58,/kaggle/working/scribble-uncertainty-lung-segmentation/data/pseudo_labels/weak_bg_entropy/coronacases_008_slice_0058.npy,/kaggle/working/scribble-uncertainty-lung-segmentation/data/pseudo_labels/weak_bg_confidence/coronacases_008_slice_0058.npy,/kaggle/working/scribble-uncertainty-lung-segmentation/outputs/uncertainty_maps/weak_bg_entropy/coronacases_008_slice_0058.npy,301,64183,10,237,0.5576208233833313,True
coronacases_008,59,/kaggle/working/scribble-uncertainty-lung-segmentation/data/pseudo_labels/weak_bg_entropy/coronacases_008_slice_0059.npy,/kaggle/working/scribble-uncertainty-lung-segmentation/data/pseudo_labels/weak_bg_confidence/coronacases_008_slice_0059.npy,/kaggle/working/scribble-uncertainty-lung-segmentation/outputs/uncertainty_maps/weak_bg_entropy/coronacases_008_slice_0059.npy,395,64174,12,219,0.4397394061088562,True
coronacases_008,60,/kaggle/working/scribble-uncertainty-lung-segmentation/data/pseudo_labels/weak_bg_entropy/coronacases_008_slice_0060.npy,/kaggle/working/scribble-uncertainty-lung-segmentation/data/pseudo_labels/weak_bg_confidence/coronacases_008_slice_0060.npy,/kaggle/working/scribble-uncertainty-lung-segmentation/outputs/uncertainty_maps/weak_bg_entropy/coronacases_008_slice_0060.npy,501,64165,15,194,0.3741007149219513,True
coronacases_008,61,/kaggle/working/scribble-uncertainty-lung-segmentation/data/pseudo_labels/weak_bg_entropy/coronacases_008_slice_0061.npy,/kaggle/working/scribble-uncertainty-lung-segmentation/data/pseudo_labels/weak_bg_confidence/coronacases_008_slice_0061.npy,/kaggle/working/scribble-uncertainty-lung-segmentation/outputs/uncertainty_maps/weak_bg_entropy/coronacases_008_slice_0061.npy,481,64092,16,243,0.4751381278038025,True
coronacases_008,62,/kaggle/working/scribble-uncertainty-lung-segmentation/data/pseudo_labels/weak_bg_entropy/coronacases_008_slice_0062.npy,/kaggle/working/scribble-uncertainty-lung-segmentation/data/pseudo_labels/weak_bg_confidence/coronacases_008_slice_0062.npy,/kaggle/working/scribble-uncertainty-lung-segmentation/outputs/uncertainty_maps/weak_bg_entropy/coronacases_008_slice_0062.npy,562,64073,20,294,0.45093458890914917,True
coronacases_008,63,/kaggle/working/scribble-uncertainty-lung-segmentation/data/pseudo_labels/weak_bg_entropy/coronacases_008_slice_0063.npy,/kaggle/working/scribble-uncertainty-lung-segmentation/data/pseudo_labels/weak_bg_confidence/coronacases_008_slice_0063.npy,/kaggle/working/scribble-uncertainty-lung-segmentation/outputs/uncertainty_maps/weak_bg_entropy/coronacases_008_slice_0063.npy,567,64001,28,315,0.43310657143592834,True
coronacases_008,64,/kaggle/working/scribble-uncertainty-lung-segmentation/data/pseudo_labels/weak_bg_entropy/coronacases_008_slice_0064.npy,/kaggle/working/scribble-uncertainty-lung-segmentation/data/pseudo_labels/weak_bg_confidence/coronacases_008_slice_0064.npy,/kaggle/working/scribble-uncertainty-lung-segmentation/outputs/uncertainty_maps/weak_bg_entropy/coronacases_008_slice_0064.npy,762,64090,28,424,0.5244519114494324,True
coronacases_008,65,/kaggle/working/scribble-uncertainty-lung-segmentation/data/pseudo_labels/weak_bg_entropy/coronacases_008_slice_0065.npy,/kaggle/working/scribble-uncertainty-lung-segmentation/data/pseudo_labels/weak_bg_confidence/coronacases_008_slice_0065.npy,/kaggle/working/scribble-uncertainty-lung-segmentation/outputs/uncertainty_maps/weak_bg_entropy/coronacases_008_slice_0065.npy,790,64021,32,409,0.5454545617103577,True
coronacases_008,66,/kaggle/working/scribble-uncertainty-lung-segmentation/data/pseudo_labels/weak_bg_entropy/coronacases_008_slice_0066.npy,/kaggle/working/scribble-uncertainty-lung-segmentation/data/pseudo_labels/weak_bg_confidence/coronacases_008_slice_0066.npy,/kaggle/working/scribble-uncertainty-lung-segmentation/outputs/uncertainty_maps/weak_bg_entropy/coronacases_008_slice_0066.npy,731,63868,26,405,0.5968309640884399,True
coronacases_008,67,/kaggle/working/scribble-uncertainty-lung-segmentation/data/pseudo_labels/weak_bg_entropy/coronacases_008_slice_0067.npy,/kaggle/working/scribble-uncertainty-lung-segmentation/data/pseudo_labels/weak_bg_confidence/coronacases_008_slice_0067.npy,/kaggle/working/scribble-uncertainty-lung-segmentation/outputs/uncertainty_maps/weak_bg_entropy/coronacases_008_slice_0067.npy,770,63796,34,369,0.5618963837623596,True
coronacases_008,68,/kaggle/working/scribble-uncertainty-lung-segmentation/data/pseudo_labels/weak_bg_entropy/coronacases_008_slice_0068.npy,/kaggle/working/scribble-uncertainty-lung-segmentation/data/pseudo_labels/weak_bg_confidence/coronacases_008_slice_0068.npy,/kaggle/working/scribble-uncertainty-lung-segmentation/outputs/uncertainty_maps/weak_bg_entropy/coronacases_008_slice_0068.npy,842,63748,35,449,0.5917893052101135,True
coronacases_008,69,/kaggle/working/scribble-uncertainty-lung-segmentation/data/pseudo_labels/weak_bg_entropy/coronacases_008_slice_0069.npy,/kaggle/working/scribble-uncertainty-lung-segmentation/data/pseudo_labels/weak_bg_confidence/coronacases_008_slice_0069.npy,/kaggle/working/scribble-uncertainty-lung-segmentation/outputs/uncertainty_maps/weak_bg_entropy/coronacases_008_slice_0069.npy,946,63730,36,502,0.6187845468521118,True
coronacases_008,70,/kaggle/working/scribble-uncertainty-lung-segmentation/data/pseudo_labels/weak_bg_entropy/coronacases_008_slice_0070.npy,/kaggle/working/scribble-uncertainty-lung-segmentation/data/pseudo_labels/weak_bg_confidence/coronacases_008_slice_0070.npy,/kaggle/working/scribble-uncertainty-lung-segmentation/outputs/uncertainty_maps/weak_bg_entropy/coronacases_008_slice_0070.npy,865,63549,38,618,0.705327033996582,True
coronacases_008,71,/kaggle/working/scribble-uncertainty-lung-segmentation/data/pseudo_labels/weak_bg_entropy/coronacases_008_slice_0071.npy,/kaggle/working/scribble-uncertainty-lung-segmentation/data/pseudo_labels/weak_bg_confidence/coronacases_008_slice_0071.npy,/kaggle/working/scribble-uncertainty-lung-segmentation/outputs/uncertainty_maps/weak_bg_entropy/coronacases_008_slice_0071.npy,914,63465,37,624,0.6866059899330139,True
coronacases_008,72,/kaggle/working/scribble-uncertainty-lung-segmentation/data/pseudo_labels/weak_bg_entropy/coronacases_008_slice_0072.npy,/kaggle/working/scribble-uncertainty-lung-segmentation/data/pseudo_labels/weak_bg_confidence/coronacases_008_slice_0072.npy,/kaggle/working/scribble-uncertainty-lung-segmentation/outputs/uncertainty_maps/weak_bg_entropy/coronacases_008_slice_0072.npy,970,63367,37,640,0.6931676864624023,True
coronacases_008,73,/kaggle/working/scribble-uncertainty-lung-segmentation/data/pseudo_labels/weak_bg_entropy/coronacases_008_slice_0073.npy,/kaggle/working/scribble-uncertainty-lung-segmentation/data/pseudo_labels/weak_bg_confidence/coronacases_008_slice_0073.npy,/kaggle/working/scribble-uncertainty-lung-segmentation/outputs/uncertainty_maps/weak_bg_entropy/coronacases_008_slice_0073.npy,1017,63211,43,789,0.6910299062728882,True
coronacases_008,74,/kaggle/working/scribble-uncertainty-lung-segmentation/data/pseudo_labels/weak_bg_entropy/coronacases_008_slice_0074.npy,/kaggle/working/scribble-uncertainty-lung-segmentation/data/pseudo_labels/weak_bg_confidence/coronacases_008_slice_0074.npy,/kaggle/working/scribble-uncertainty-lung-segmentation/outputs/uncertainty_maps/weak_bg_entropy/coronacases_008_slice_0074.npy,1108,63139,33,790,0.6902002096176147,True
coronacases_008,75,/kaggle/working/scribble-uncertainty-lung-segmentation/data/pseudo_labels/weak_bg_entropy/coronacases_008_slice_0075.npy,/kaggle/working/scribble-uncertainty-lung-segmentation/data/pseudo_labels/weak_bg_confidence/coronacases_008_slice_0075.npy,/kaggle/working/scribble-uncertainty-lung-segmentation/outputs/uncertainty_maps/weak_bg_entropy/coronacases_008_slice_0075.npy,1223,63090,45,721,0.6399176716804504,True
coronacases_008,76,/kaggle/working/scribble-uncertainty-lung-segmentation/data/pseudo_labels/weak_bg_entropy/coronacases_008_slice_0076.npy,/kaggle/working/scribble-uncertainty-lung-segmentation/data/pseudo_labels/weak_bg_confidence/coronacases_008_slice_0076.npy,/kaggle/working/scribble-uncertainty-lung-segmentation/outputs/uncertainty_maps/weak_bg_entropy/coronacases_008_slice_0076.npy,1213,62863,31,773,0.7019134163856506,True
coronacases_008,77,/kaggle/working/scribble-uncertainty-lung-segmentation/data/pseudo_labels/weak_bg_entropy/coronacases_008_slice_0077.npy,/kaggle/working/scribble-uncertainty-lung-segmentation/data/pseudo_labels/weak_bg_confidence/coronacases_008_slice_0077.npy,/kaggle/working/scribble-uncertainty-lung-segmentation/outputs/uncertainty_maps/weak_bg_entropy/coronacases_008_slice_0077.npy,1387,62670,44,790,0.6632981300354004,True
coronacases_008,78,/kaggle/working/scribble-uncertainty-lung-segmentation/data/pseudo_labels/weak_bg_entropy/coronacases_008_slice_0078.npy,/kaggle/working/scribble-uncertainty-lung-segmentation/data/pseudo_labels/weak_bg_confidence/coronacases_008_slice_0078.npy,/kaggle/working/scribble-uncertainty-lung-segmentation/outputs/uncertainty_maps/weak_bg_entropy/coronacases_008_slice_0078.npy,1378,62341,54,839,0.677492082118988,True
coronacases_008,79,/kaggle/working/scribble-uncertainty-lung-segmentation/data/pseudo_labels/weak_bg_entropy/coronacases_008_slice_0079.npy,/kaggle/working/scribble-uncertainty-lung-segmentation/data/pseudo_labels/weak_bg_confidence/coronacases_008_slice_0079.npy,/kaggle/working/scribble-uncertainty-lung-segmentation/outputs/uncertainty_maps/weak_bg_entropy/coronacases_008_slice_0079.npy,1497,62194,44,812,0.6539627313613892,True
coronacases_008,80,/kaggle/working/scribble-uncertainty-lung-segmentation/data/pseudo_labels/weak_bg_entropy/coronacases_008_slice_0080.npy,/kaggle/working/scribble-uncertainty-lung-segmentation/data/pseudo_labels/weak_bg_confidence/coronacases_008_slice_0080.npy,/kaggle/working/scribble-uncertainty-lung-segmentation/outputs/uncertainty_maps/weak_bg_entropy/coronacases_008_slice_0080.npy,1583,61994,47,813,0.6168614625930786,True
coronacases_008,81,/kaggle/working/scribble-uncertainty-lung-segmentation/data/pseudo_labels/weak_bg_entropy/coronacases_008_slice_0081.npy,/kaggle/working/scribble-uncertainty-lung-segmentation/data/pseudo_labels/weak_bg_confidence/coronacases_008_slice_0081.npy,/kaggle/working/scribble-uncertainty-lung-segmentation/outputs/uncertainty_maps/weak_bg_entropy/coronacases_008_slice_0081.npy,1580,61745,49,776,0.6018675565719604,True
coronacases_008,82,/kaggle/working/scribble-uncertainty-lung-segmentation/data/pseudo_labels/weak_bg_entropy/coronacases_008_slice_0082.npy,/kaggle/working/scribble-uncertainty-lung-segmentation/data/pseudo_labels/weak_bg_confidence/coronacases_008_slice_0082.npy,/kaggle/working/scribble-uncertainty-lung-segmentation/outputs/uncertainty_maps/weak_bg_entropy/coronacases_008_slice_0082.npy,1379,61341,50,766,0.6396270394325256,True
coronacases_008,83,/kaggle/working/scribble-uncertainty-lung-segmentation/data/pseudo_labels/weak_bg_entropy/coronacases_008_slice_0083.npy,/kaggle/working/scribble-uncertainty-lung-segmentation/data/pseudo_labels/weak_bg_confidence/coronacases_008_slice_0083.npy,/kaggle/working/scribble-uncertainty-lung-segmentation/outputs/uncertainty_maps/weak_bg_entropy/coronacases_008_slice_0083.npy,1304,61008,50,775,0.6445406675338745,True
coronacases_008,84,/kaggle/working/scribble-uncertainty-lung-segmentation/data/pseudo_labels/weak_bg_entropy/coronacases_008_slice_0084.npy,/kaggle/working/scribble-uncertainty-lung-segmentation/data/pseudo_labels/weak_bg_confidence/coronacases_008_slice_0084.npy,/kaggle/working/scribble-uncertainty-lung-segmentation/outputs/uncertainty_maps/weak_bg_entropy/coronacases_008_slice_0084.npy,1399,60814,39,807,0.6663644313812256,True
coronacases_008,85,/kaggle/working/scribble-uncertainty-lung-segmentation/data/pseudo_labels/weak_bg_entropy/coronacases_008_slice_0085.npy,/kaggle/working/scribble-uncertainty-lung-segmentation/data/pseudo_labels/weak_bg_confidence/coronacases_008_slice_0085.npy,/kaggle/working/scribble-uncertainty-lung-segmentation/outputs/uncertainty_maps/weak_bg_entropy/coronacases_008_slice_0085.npy,1366,60580,40,739,0.6422802805900574,True
coronacases_008,86,/kaggle/working/scribble-uncertainty-lung-segmentation/data/pseudo_labels/weak_bg_entropy/coronacases_008_slice_0086.npy,/kaggle/working/scribble-uncertainty-lung-segmentation/data/pseudo_labels/weak_bg_confidence/coronacases_008_slice_0086.npy,/kaggle/working/scribble-uncertainty-lung-segmentation/outputs/uncertainty_maps/weak_bg_entropy/coronacases_008_slice_0086.npy,1166,60203,31,703,0.6623862981796265,True
coronacases_008,87,/kaggle/working/scribble-uncertainty-lung-segmentation/data/pseudo_labels/weak_bg_entropy/coronacases_008_slice_0087.npy,/kaggle/working/scribble-uncertainty-lung-segmentation/data/pseudo_labels/weak_bg_confidence/coronacases_008_slice_0087.npy,/kaggle/working/scribble-uncertainty-lung-segmentation/outputs/uncertainty_maps/weak_bg_entropy/coronacases_008_slice_0087.npy,1291,60091,41,878,0.6519133448600769,True
coronacases_008,88,/kaggle/working/scribble-uncertainty-lung-segmentation/data/pseudo_labels/weak_bg_entropy/coronacases_008_slice_0088.npy,/kaggle/working/scribble-uncertainty-lung-segmentation/data/pseudo_labels/weak_bg_confidence/coronacases_008_slice_0088.npy,/kaggle/working/scribble-uncertainty-lung-segmentation/outputs/uncertainty_maps/weak_bg_entropy/coronacases_008_slice_0088.npy,1210,59789,38,881,0.7221425175666809,True
coronacases_008,89,/kaggle/working/scribble-uncertainty-lung-segmentation/data/pseudo_labels/weak_bg_entropy/coronacases_008_slice_0089.npy,/kaggle/working/scribble-uncertainty-lung-segmentation/data/pseudo_labels/weak_bg_confidence/coronacases_008_slice_0089.npy,/kaggle/working/scribble-uncertainty-lung-segmentation/outputs/uncertainty_maps/weak_bg_entropy/coronacases_008_slice_0089.npy,1295,59491,39,924,0.69220370054245,True
coronacases_008,90,/kaggle/working/scribble-uncertainty-lung-segmentation/data/pseudo_labels/weak_bg_entropy/coronacases_008_slice_0090.npy,/kaggle/working/scribble-uncertainty-lung-segmentation/data/pseudo_labels/weak_bg_confidence/coronacases_008_slice_0090.npy,/kaggle/working/scribble-uncertainty-lung-segmentation/outputs/uncertainty_maps/weak_bg_entropy/coronacases_008_slice_0090.npy,1471,59352,45,1017,0.6824758648872375,True
coronacases_008,91,/kaggle/working/scribble-uncertainty-lung-segmentation/data/pseudo_labels/weak_bg_entropy/coronacases_008_slice_0091.npy,/kaggle/working/scribble-uncertainty-lung-segmentation/data/pseudo_labels/weak_bg_confidence/coronacases_008_slice_0091.npy,/kaggle/working/scribble-uncertainty-lung-segmentation/outputs/uncertainty_maps/weak_bg_entropy/coronacases_008_slice_0091.npy,1699,59003,46,935,0.6119969487190247,True
coronacases_008,92,/kaggle/working/scribble-uncertainty-lung-segmentation/data/pseudo_labels/weak_bg_entropy/coronacases_008_slice_0092.npy,/kaggle/working/scribble-uncertainty-lung-segmentation/data/pseudo_labels/weak_bg_confidence/coronacases_008_slice_0092.npy,/kaggle/working/scribble-uncertainty-lung-segmentation/outputs/uncertainty_maps/weak_bg_entropy/coronacases_008_slice_0092.npy,1752,58769,51,1098,0.6898245811462402,True
coronacases_008,93,/kaggle/working/scribble-uncertainty-lung-segmentation/data/pseudo_labels/weak_bg_entropy/coronacases_008_slice_0093.npy,/kaggle/working/scribble-uncertainty-lung-segmentation/data/pseudo_labels/weak_bg_confidence/coronacases_008_slice_0093.npy,/kaggle/working/scribble-uncertainty-lung-segmentation/outputs/uncertainty_maps/weak_bg_entropy/coronacases_008_slice_0093.npy,1806,58516,49,1106,0.6909340620040894,True
coronacases_008,94,/kaggle/working/scribble-uncertainty-lung-segmentation/data/pseudo_labels/weak_bg_entropy/coronacases_008_slice_0094.npy,/kaggle/working/scribble-uncertainty-lung-segmentation/data/pseudo_labels/weak_bg_confidence/coronacases_008_slice_0094.npy,/kaggle/working/scribble-uncertainty-lung-segmentation/outputs/uncertainty_maps/weak_bg_entropy/coronacases_008_slice_0094.npy,1834,58092,46,1108,0.6696125268936157,True
coronacases_008,95,/kaggle/working/scribble-uncertainty-lung-segmentation/data/pseudo_labels/weak_bg_entropy/coronacases_008_slice_0095.npy,/kaggle/working/scribble-uncertainty-lung-segmentation/data/pseudo_labels/weak_bg_confidence/coronacases_008_slice_0095.npy,/kaggle/working/scribble-uncertainty-lung-segmentation/outputs/uncertainty_maps/weak_bg_entropy/coronacases_008_slice_0095.npy,1798,57503,50,1099,0.6627545952796936,True
coronacases_008,96,/kaggle/working/scribble-uncertainty-lung-segmentation/data/pseudo_labels/weak_bg_entropy/coronacases_008_slice_0096.npy,/kaggle/working/scribble-uncertainty-lung-segmentation/data/pseudo_labels/weak_bg_confidence/coronacases_008_slice_0096.npy,/kaggle/working/scribble-uncertainty-lung-segmentation/outputs/uncertainty_maps/weak_bg_entropy/coronacases_008_slice_0096.npy,2004,56999,58,1215,0.6834420561790466,True
coronacases_008,97,/kaggle/working/scribble-uncertainty-lung-segmentation/data/pseudo_labels/weak_bg_entropy/coronacases_008_slice_0097.npy,/kaggle/working/scribble-uncertainty-lung-segmentation/data/pseudo_labels/weak_bg_confidence/coronacases_008_slice_0097.npy,/kaggle/working/scribble-uncertainty-lung-segmentation/outputs/uncertainty_maps/weak_bg_entropy/coronacases_008_slice_0097.npy,2001,57012,66,1211,0.6849315166473389,True
coronacases_008,98,/kaggle/working/scribble-uncertainty-lung-segmentation/data/pseudo_labels/weak_bg_entropy/coronacases_008_slice_0098.npy,/kaggle/working/scribble-uncertainty-lung-segmentation/data/pseudo_labels/weak_bg_confidence/coronacases_008_slice_0098.npy,/kaggle/working/scribble-uncertainty-lung-segmentation/outputs/uncertainty_maps/weak_bg_entropy/coronacases_008_slice_0098.npy,2007,57004,53,1289,0.6875,True
coronacases_008,99,/kaggle/working/scribble-uncertainty-lung-segmentation/data/pseudo_labels/weak_bg_entropy/coronacases_008_slice_0099.npy,/kaggle/working/scribble-uncertainty-lung-segmentation/data/pseudo_labels/weak_bg_confidence/coronacases_008_slice_0099.npy,/kaggle/working/scribble-uncertainty-lung-segmentation/outputs/uncertainty_maps/weak_bg_entropy/coronacases_008_slice_0099.npy,1862,56872,61,1309,0.7391989827156067,True
coronacases_008,100,/kaggle/working/scribble-uncertainty-lung-segmentation/data/pseudo_labels/weak_bg_entropy/coronacases_008_slice_0100.npy,/kaggle/working/scribble-uncertainty-lung-segmentation/data/pseudo_labels/weak_bg_confidence/coronacases_008_slice_0100.npy,/kaggle/working/scribble-uncertainty-lung-segmentation/outputs/uncertainty_maps/weak_bg_entropy/coronacases_008_slice_0100.npy,1864,56870,71,1206,0.6977198719978333,True
coronacases_008,101,/kaggle/working/scribble-uncertainty-lung-segmentation/data/pseudo_labels/weak_bg_entropy/coronacases_008_slice_0101.npy,/kaggle/working/scribble-uncertainty-lung-segmentation/data/pseudo_labels/weak_bg_confidence/coronacases_008_slice_0101.npy,/kaggle/working/scribble-uncertainty-lung-segmentation/outputs/uncertainty_maps/weak_bg_entropy/coronacases_008_slice_0101.npy,1976,57003,63,1350,0.7245941162109375,True
coronacases_008,102,/kaggle/working/scribble-uncertainty-lung-segmentation/data/pseudo_labels/weak_bg_entropy/coronacases_008_slice_0102.npy,/kaggle/working/scribble-uncertainty-lung-segmentation/data/pseudo_labels/weak_bg_confidence/coronacases_008_slice_0102.npy,/kaggle/working/scribble-uncertainty-lung-segmentation/outputs/uncertainty_maps/weak_bg_entropy/coronacases_008_slice_0102.npy,2147,57165,58,1333,0.6942528486251831,True
coronacases_008,103,/kaggle/working/scribble-uncertainty-lung-segmentation/data/pseudo_labels/weak_bg_entropy/coronacases_008_slice_0103.npy,/kaggle/working/scribble-uncertainty-lung-segmentation/data/pseudo_labels/weak_bg_confidence/coronacases_008_slice_0103.npy,/kaggle/working/scribble-uncertainty-lung-segmentation/outputs/uncertainty_maps/weak_bg_entropy/coronacases_008_slice_0103.npy,2134,57194,65,1613,0.7771550416946411,True
coronacases_008,104,/kaggle/working/scribble-uncertainty-lung-segmentation/data/pseudo_labels/weak_bg_entropy/coronacases_008_slice_0104.npy,/kaggle/working/scribble-uncertainty-lung-segmentation/data/pseudo_labels/weak_bg_confidence/coronacases_008_slice_0104.npy,/kaggle/working/scribble-uncertainty-lung-segmentation/outputs/uncertainty_maps/weak_bg_entropy/coronacases_008_slice_0104.npy,2254,57338,51,1463,0.7253161072731018,True
coronacases_008,105,/kaggle/working/scribble-uncertainty-lung-segmentation/data/pseudo_labels/weak_bg_entropy/coronacases_008_slice_0105.npy,/kaggle/working/scribble-uncertainty-lung-segmentation/data/pseudo_labels/weak_bg_confidence/coronacases_008_slice_0105.npy,/kaggle/working/scribble-uncertainty-lung-segmentation/outputs/uncertainty_maps/weak_bg_entropy/coronacases_008_slice_0105.npy,2225,57348,77,1604,0.7453643083572388,True
coronacases_008,106,/kaggle/working/scribble-uncertainty-lung-segmentation/data/pseudo_labels/weak_bg_entropy/coronacases_008_slice_0106.npy,/kaggle/working/scribble-uncertainty-lung-segmentation/data/pseudo_labels/weak_bg_confidence/coronacases_008_slice_0106.npy,/kaggle/working/scribble-uncertainty-lung-segmentation/outputs/uncertainty_maps/weak_bg_entropy/coronacases_008_slice_0106.npy,2293,57478,87,1568,0.7267547249794006,True
coronacases_008,107,/kaggle/working/scribble-uncertainty-lung-segmentation/data/pseudo_labels/weak_bg_entropy/coronacases_008_slice_0107.npy,/kaggle/working/scribble-uncertainty-lung-segmentation/data/pseudo_labels/weak_bg_confidence/coronacases_008_slice_0107.npy,/kaggle/working/scribble-uncertainty-lung-segmentation/outputs/uncertainty_maps/weak_bg_entropy/coronacases_008_slice_0107.npy,2231,57438,74,1617,0.7577962875366211,True
coronacases_008,108,/kaggle/working/scribble-uncertainty-lung-segmentation/data/pseudo_labels/weak_bg_entropy/coronacases_008_slice_0108.npy,/kaggle/working/scribble-uncertainty-lung-segmentation/data/pseudo_labels/weak_bg_confidence/coronacases_008_slice_0108.npy,/kaggle/working/scribble-uncertainty-lung-segmentation/outputs/uncertainty_maps/weak_bg_entropy/coronacases_008_slice_0108.npy,2312,57510,90,1757,0.7667731642723083,True
coronacases_008,109,/kaggle/working/scribble-uncertainty-lung-segmentation/data/pseudo_labels/weak_bg_entropy/coronacases_008_slice_0109.npy,/kaggle/working/scribble-uncertainty-lung-segmentation/data/pseudo_labels/weak_bg_confidence/coronacases_008_slice_0109.npy,/kaggle/working/scribble-uncertainty-lung-segmentation/outputs/uncertainty_maps/weak_bg_entropy/coronacases_008_slice_0109.npy,2395,57626,66,2096,0.7998218536376953,True
coronacases_008,110,/kaggle/working/scribble-uncertainty-lung-segmentation/data/pseudo_labels/weak_bg_entropy/coronacases_008_slice_0110.npy,/kaggle/working/scribble-uncertainty-lung-segmentation/data/pseudo_labels/weak_bg_confidence/coronacases_008_slice_0110.npy,/kaggle/working/scribble-uncertainty-lung-segmentation/outputs/uncertainty_maps/weak_bg_entropy/coronacases_008_slice_0110.npy,2354,57642,61,1986,0.7792626619338989,True
coronacases_008,111,/kaggle/working/scribble-uncertainty-lung-segmentation/data/pseudo_labels/weak_bg_entropy/coronacases_008_slice_0111.npy,/kaggle/working/scribble-uncertainty-lung-segmentation/data/pseudo_labels/weak_bg_confidence/coronacases_008_slice_0111.npy,/kaggle/working/scribble-uncertainty-lung-segmentation/outputs/uncertainty_maps/weak_bg_entropy/coronacases_008_slice_0111.npy,2289,57620,83,1797,0.781204104423523,True
coronacases_008,112,/kaggle/working/scribble-uncertainty-lung-segmentation/data/pseudo_labels/weak_bg_entropy/coronacases_008_slice_0112.npy,/kaggle/working/scribble-uncertainty-lung-segmentation/data/pseudo_labels/weak_bg_confidence/coronacases_008_slice_0112.npy,/kaggle/working/scribble-uncertainty-lung-segmentation/outputs/uncertainty_maps/weak_bg_entropy/coronacases_008_slice_0112.npy,2174,57549,75,1915,0.7728050947189331,True
coronacases_008,113,/kaggle/working/scribble-uncertainty-lung-segmentation/data/pseudo_labels/weak_bg_entropy/coronacases_008_slice_0113.npy,/kaggle/working/scribble-uncertainty-lung-segmentation/data/pseudo_labels/weak_bg_confidence/coronacases_008_slice_0113.npy,/kaggle/working/scribble-uncertainty-lung-segmentation/outputs/uncertainty_maps/weak_bg_entropy/coronacases_008_slice_0113.npy,2044,57457,66,1982,0.815697968006134,True
coronacases_008,114,/kaggle/working/scribble-uncertainty-lung-segmentation/data/pseudo_labels/weak_bg_entropy/coronacases_008_slice_0114.npy,/kaggle/working/scribble-uncertainty-lung-segmentation/data/pseudo_labels/weak_bg_confidence/coronacases_008_slice_0114.npy,/kaggle/working/scribble-uncertainty-lung-segmentation/outputs/uncertainty_maps/weak_bg_entropy/coronacases_008_slice_0114.npy,2032,57457,81,1848,0.8128865957260132,True
coronacases_008,115,/kaggle/working/scribble-uncertainty-lung-segmentation/data/pseudo_labels/weak_bg_entropy/coronacases_008_slice_0115.npy,/kaggle/working/scribble-uncertainty-lung-segmentation/data/pseudo_labels/weak_bg_confidence/coronacases_008_slice_0115.npy,/kaggle/working/scribble-uncertainty-lung-segmentation/outputs/uncertainty_maps/weak_bg_entropy/coronacases_008_slice_0115.npy,1966,57405,81,1660,0.7589630484580994,True
coronacases_008,116,/kaggle/working/scribble-uncertainty-lung-segmentation/data/pseudo_labels/weak_bg_entropy/coronacases_008_slice_0116.npy,/kaggle/working/scribble-uncertainty-lung-segmentation/data/pseudo_labels/weak_bg_confidence/coronacases_008_slice_0116.npy,/kaggle/working/scribble-uncertainty-lung-segmentation/outputs/uncertainty_maps/weak_bg_entropy/coronacases_008_slice_0116.npy,1909,57383,84,1451,0.7482143044471741,True
coronacases_008,117,/kaggle/working/scribble-uncertainty-lung-segmentation/data/pseudo_labels/weak_bg_entropy/coronacases_008_slice_0117.npy,/kaggle/working/scribble-uncertainty-lung-segmentation/data/pseudo_labels/weak_bg_confidence/coronacases_008_slice_0117.npy,/kaggle/working/scribble-uncertainty-lung-segmentation/outputs/uncertainty_maps/weak_bg_entropy/coronacases_008_slice_0117.npy,1716,57224,59,1259,0.729411780834198,True
coronacases_008,118,/kaggle/working/scribble-uncertainty-lung-segmentation/data/pseudo_labels/weak_bg_entropy/coronacases_008_slice_0118.npy,/kaggle/working/scribble-uncertainty-lung-segmentation/data/pseudo_labels/weak_bg_confidence/coronacases_008_slice_0118.npy,/kaggle/working/scribble-uncertainty-lung-segmentation/outputs/uncertainty_maps/weak_bg_entropy/coronacases_008_slice_0118.npy,1838,57282,77,1288,0.68458092212677,True
coronacases_008,119,/kaggle/working/scribble-uncertainty-lung-segmentation/data/pseudo_labels/weak_bg_entropy/coronacases_008_slice_0119.npy,/kaggle/working/scribble-uncertainty-lung-segmentation/data/pseudo_labels/weak_bg_confidence/coronacases_008_slice_0119.npy,/kaggle/working/scribble-uncertainty-lung-segmentation/outputs/uncertainty_maps/weak_bg_entropy/coronacases_008_slice_0119.npy,1884,57319,65,1301,0.6788069009780884,True
coronacases_008,120,/kaggle/working/scribble-uncertainty-lung-segmentation/data/pseudo_labels/weak_bg_entropy/coronacases_008_slice_0120.npy,/kaggle/working/scribble-uncertainty-lung-segmentation/data/pseudo_labels/weak_bg_confidence/coronacases_008_slice_0120.npy,/kaggle/working/scribble-uncertainty-lung-segmentation/outputs/uncertainty_maps/weak_bg_entropy/coronacases_008_slice_0120.npy,1723,57195,78,1257,0.6852349042892456,True
coronacases_008,121,/kaggle/working/scribble-uncertainty-lung-segmentation/data/pseudo_labels/weak_bg_entropy/coronacases_008_slice_0121.npy,/kaggle/working/scribble-uncertainty-lung-segmentation/data/pseudo_labels/weak_bg_confidence/coronacases_008_slice_0121.npy,/kaggle/working/scribble-uncertainty-lung-segmentation/outputs/uncertainty_maps/weak_bg_entropy/coronacases_008_slice_0121.npy,1676,57252,73,1300,0.7204301357269287,True
coronacases_008,122,/kaggle/working/scribble-uncertainty-lung-segmentation/data/pseudo_labels/weak_bg_entropy/coronacases_008_slice_0122.npy,/kaggle/working/scribble-uncertainty-lung-segmentation/data/pseudo_labels/weak_bg_confidence/coronacases_008_slice_0122.npy,/kaggle/working/scribble-uncertainty-lung-segmentation/outputs/uncertainty_maps/weak_bg_entropy/coronacases_008_slice_0122.npy,1765,57394,73,1506,0.6799144148826599,True
coronacases_008,123,/kaggle/working/scribble-uncertainty-lung-segmentation/data/pseudo_labels/weak_bg_entropy/coronacases_008_slice_0123.npy,/kaggle/working/scribble-uncertainty-lung-segmentation/data/pseudo_labels/weak_bg_confidence/coronacases_008_slice_0123.npy,/kaggle/working/scribble-uncertainty-lung-segmentation/outputs/uncertainty_maps/weak_bg_entropy/coronacases_008_slice_0123.npy,1705,57356,68,1400,0.6840579509735107,True
coronacases_008,124,/kaggle/working/scribble-uncertainty-lung-segmentation/data/pseudo_labels/weak_bg_entropy/coronacases_008_slice_0124.npy,/kaggle/working/scribble-uncertainty-lung-segmentation/data/pseudo_labels/weak_bg_confidence/coronacases_008_slice_0124.npy,/kaggle/working/scribble-uncertainty-lung-segmentation/outputs/uncertainty_maps/weak_bg_entropy/coronacases_008_slice_0124.npy,1699,57325,67,1342,0.7148964405059814,True
coronacases_008,125,/kaggle/working/scribble-uncertainty-lung-segmentation/data/pseudo_labels/weak_bg_entropy/coronacases_008_slice_0125.npy,/kaggle/working/scribble-uncertainty-lung-segmentation/data/pseudo_labels/weak_bg_confidence/coronacases_008_slice_0125.npy,/kaggle/working/scribble-uncertainty-lung-segmentation/outputs/uncertainty_maps/weak_bg_entropy/coronacases_008_slice_0125.npy,1709,57382,74,1562,0.7447263598442078,True
coronacases_008,126,/kaggle/working/scribble-uncertainty-lung-segmentation/data/pseudo_labels/weak_bg_entropy/coronacases_008_slice_0126.npy,/kaggle/working/scribble-uncertainty-lung-segmentation/data/pseudo_labels/weak_bg_confidence/coronacases_008_slice_0126.npy,/kaggle/working/scribble-uncertainty-lung-segmentation/outputs/uncertainty_maps/weak_bg_entropy/coronacases_008_slice_0126.npy,1743,57354,88,1568,0.7139837145805359,True
coronacases_008,127,/kaggle/working/scribble-uncertainty-lung-segmentation/data/pseudo_labels/weak_bg_entropy/coronacases_008_slice_0127.npy,/kaggle/working/scribble-uncertainty-lung-segmentation/data/pseudo_labels/weak_bg_confidence/coronacases_008_slice_0127.npy,/kaggle/working/scribble-uncertainty-lung-segmentation/outputs/uncertainty_maps/weak_bg_entropy/coronacases_008_slice_0127.npy,1909,57512,74,1516,0.7275912165641785,True
coronacases_008,128,/kaggle/working/scribble-uncertainty-lung-segmentation/data/pseudo_labels/weak_bg_entropy/coronacases_008_slice_0128.npy,/kaggle/working/scribble-uncertainty-lung-segmentation/data/pseudo_labels/weak_bg_confidence/coronacases_008_slice_0128.npy,/kaggle/working/scribble-uncertainty-lung-segmentation/outputs/uncertainty_maps/weak_bg_entropy/coronacases_008_slice_0128.npy,1917,57576,84,1434,0.6857654452323914,True
coronacases_008,129,/kaggle/working/scribble-uncertainty-lung-segmentation/data/pseudo_labels/weak_bg_entropy/coronacases_008_slice_0129.npy,/kaggle/working/scribble-uncertainty-lung-segmentation/data/pseudo_labels/weak_bg_confidence/coronacases_008_slice_0129.npy,/kaggle/working/scribble-uncertainty-lung-segmentation/outputs/uncertainty_maps/weak_bg_entropy/coronacases_008_slice_0129.npy,1778,57440,84,1464,0.7569401860237122,True
coronacases_008,130,/kaggle/working/scribble-uncertainty-lung-segmentation/data/pseudo_labels/weak_bg_entropy/coronacases_008_slice_0130.npy,/kaggle/working/scribble-uncertainty-lung-segmentation/data/pseudo_labels/weak_bg_confidence/coronacases_008_slice_0130.npy,/kaggle/working/scribble-uncertainty-lung-segmentation/outputs/uncertainty_maps/weak_bg_entropy/coronacases_008_slice_0130.npy,1802,57376,88,1505,0.76201993227005,True
coronacases_008,131,/kaggle/working/scribble-uncertainty-lung-segmentation/data/pseudo_labels/weak_bg_entropy/coronacases_008_slice_0131.npy,/kaggle/working/scribble-uncertainty-lung-segmentation/data/pseudo_labels/weak_bg_confidence/coronacases_008_slice_0131.npy,/kaggle/working/scribble-uncertainty-lung-segmentation/outputs/uncertainty_maps/weak_bg_entropy/coronacases_008_slice_0131.npy,1879,57396,84,1496,0.746666669845581,True
coronacases_008,132,/kaggle/working/scribble-uncertainty-lung-segmentation/data/pseudo_labels/weak_bg_entropy/coronacases_008_slice_0132.npy,/kaggle/working/scribble-uncertainty-lung-segmentation/data/pseudo_labels/weak_bg_confidence/coronacases_008_slice_0132.npy,/kaggle/working/scribble-uncertainty-lung-segmentation/outputs/uncertainty_maps/weak_bg_entropy/coronacases_008_slice_0132.npy,1765,57387,77,1444,0.7478965520858765,True
coronacases_008,133,/kaggle/working/scribble-uncertainty-lung-segmentation/data/pseudo_labels/weak_bg_entropy/coronacases_008_slice_0133.npy,/kaggle/working/scribble-uncertainty-lung-segmentation/data/pseudo_labels/weak_bg_confidence/coronacases_008_slice_0133.npy,/kaggle/working/scribble-uncertainty-lung-segmentation/outputs/uncertainty_maps/weak_bg_entropy/coronacases_008_slice_0133.npy,1762,57458,91,1544,0.7549909353256226,True
coronacases_008,134,/kaggle/working/scribble-uncertainty-lung-segmentation/data/pseudo_labels/weak_bg_entropy/coronacases_008_slice_0134.npy,/kaggle/working/scribble-uncertainty-lung-segmentation/data/pseudo_labels/weak_bg_confidence/coronacases_008_slice_0134.npy,/kaggle/working/scribble-uncertainty-lung-segmentation/outputs/uncertainty_maps/weak_bg_entropy/coronacases_008_slice_0134.npy,1730,57434,97,1556,0.7413268685340881,True
coronacases_008,135,/kaggle/working/scribble-uncertainty-lung-segmentation/data/pseudo_labels/weak_bg_entropy/coronacases_008_slice_0135.npy,/kaggle/working/scribble-uncertainty-lung-segmentation/data/pseudo_labels/weak_bg_confidence/coronacases_008_slice_0135.npy,/kaggle/working/scribble-uncertainty-lung-segmentation/outputs/uncertainty_maps/weak_bg_entropy/coronacases_008_slice_0135.npy,1598,57372,58,1345,0.7454977631568909,True
coronacases_008,136,/kaggle/working/scribble-uncertainty-lung-segmentation/data/pseudo_labels/weak_bg_entropy/coronacases_008_slice_0136.npy,/kaggle/working/scribble-uncertainty-lung-segmentation/data/pseudo_labels/weak_bg_confidence/coronacases_008_slice_0136.npy,/kaggle/working/scribble-uncertainty-lung-segmentation/outputs/uncertainty_maps/weak_bg_entropy/coronacases_008_slice_0136.npy,1611,57476,65,1249,0.7454545497894287,True
coronacases_008,137,/kaggle/working/scribble-uncertainty-lung-segmentation/data/pseudo_labels/weak_bg_entropy/coronacases_008_slice_0137.npy,/kaggle/working/scribble-uncertainty-lung-segmentation/data/pseudo_labels/weak_bg_confidence/coronacases_008_slice_0137.npy,/kaggle/working/scribble-uncertainty-lung-segmentation/outputs/uncertainty_maps/weak_bg_entropy/coronacases_008_slice_0137.npy,1700,57682,54,1275,0.7415125966072083,True
coronacases_008,138,/kaggle/working/scribble-uncertainty-lung-segmentation/data/pseudo_labels/weak_bg_entropy/coronacases_008_slice_0138.npy,/kaggle/working/scribble-uncertainty-lung-segmentation/data/pseudo_labels/weak_bg_confidence/coronacases_008_slice_0138.npy,/kaggle/working/scribble-uncertainty-lung-segmentation/outputs/uncertainty_maps/weak_bg_entropy/coronacases_008_slice_0138.npy,1617,57830,55,1261,0.6845031380653381,True
coronacases_008,139,/kaggle/working/scribble-uncertainty-lung-segmentation/data/pseudo_labels/weak_bg_entropy/coronacases_008_slice_0139.npy,/kaggle/working/scribble-uncertainty-lung-segmentation/data/pseudo_labels/weak_bg_confidence/coronacases_008_slice_0139.npy,/kaggle/working/scribble-uncertainty-lung-segmentation/outputs/uncertainty_maps/weak_bg_entropy/coronacases_008_slice_0139.npy,1575,57831,51,1203,0.6990640759468079,True
coronacases_008,140,/kaggle/working/scribble-uncertainty-lung-segmentation/data/pseudo_labels/weak_bg_entropy/coronacases_008_slice_0140.npy,/kaggle/working/scribble-uncertainty-lung-segmentation/data/pseudo_labels/weak_bg_confidence/coronacases_008_slice_0140.npy,/kaggle/working/scribble-uncertainty-lung-segmentation/outputs/uncertainty_maps/weak_bg_entropy/coronacases_008_slice_0140.npy,1628,57808,57,1264,0.6486860513687134,True
coronacases_008,141,/kaggle/working/scribble-uncertainty-lung-segmentation/data/pseudo_labels/weak_bg_entropy/coronacases_008_slice_0141.npy,/kaggle/working/scribble-uncertainty-lung-segmentation/data/pseudo_labels/weak_bg_confidence/coronacases_008_slice_0141.npy,/kaggle/working/scribble-uncertainty-lung-segmentation/outputs/uncertainty_maps/weak_bg_entropy/coronacases_008_slice_0141.npy,1647,57757,61,1333,0.6275168061256409,True
coronacases_008,142,/kaggle/working/scribble-uncertainty-lung-segmentation/data/pseudo_labels/weak_bg_entropy/coronacases_008_slice_0142.npy,/kaggle/working/scribble-uncertainty-lung-segmentation/data/pseudo_labels/weak_bg_confidence/coronacases_008_slice_0142.npy,/kaggle/working/scribble-uncertainty-lung-segmentation/outputs/uncertainty_maps/weak_bg_entropy/coronacases_008_slice_0142.npy,1571,57610,60,1481,0.6749672293663025,True
coronacases_008,143,/kaggle/working/scribble-uncertainty-lung-segmentation/data/pseudo_labels/weak_bg_entropy/coronacases_008_slice_0143.npy,/kaggle/working/scribble-uncertainty-lung-segmentation/data/pseudo_labels/weak_bg_confidence/coronacases_008_slice_0143.npy,/kaggle/working/scribble-uncertainty-lung-segmentation/outputs/uncertainty_maps/weak_bg_entropy/coronacases_008_slice_0143.npy,1502,57504,70,1460,0.7137069702148438,True
coronacases_008,144,/kaggle/working/scribble-uncertainty-lung-segmentation/data/pseudo_labels/weak_bg_entropy/coronacases_008_slice_0144.npy,/kaggle/working/scribble-uncertainty-lung-segmentation/data/pseudo_labels/weak_bg_confidence/coronacases_008_slice_0144.npy,/kaggle/working/scribble-uncertainty-lung-segmentation/outputs/uncertainty_maps/weak_bg_entropy/coronacases_008_slice_0144.npy,1699,57733,67,1490,0.749451220035553,True
coronacases_008,145,/kaggle/working/scribble-uncertainty-lung-segmentation/data/pseudo_labels/weak_bg_entropy/coronacases_008_slice_0145.npy,/kaggle/working/scribble-uncertainty-lung-segmentation/data/pseudo_labels/weak_bg_confidence/coronacases_008_slice_0145.npy,/kaggle/working/scribble-uncertainty-lung-segmentation/outputs/uncertainty_maps/weak_bg_entropy/coronacases_008_slice_0145.npy,1693,57783,81,1443,0.7174744606018066,True
coronacases_008,146,/kaggle/working/scribble-uncertainty-lung-segmentation/data/pseudo_labels/weak_bg_entropy/coronacases_008_slice_0146.npy,/kaggle/working/scribble-uncertainty-lung-segmentation/data/pseudo_labels/weak_bg_confidence/coronacases_008_slice_0146.npy,/kaggle/working/scribble-uncertainty-lung-segmentation/outputs/uncertainty_maps/weak_bg_entropy/coronacases_008_slice_0146.npy,1635,57766,63,1369,0.7243674993515015,True
coronacases_008,147,/kaggle/working/scribble-uncertainty-lung-segmentation/data/pseudo_labels/weak_bg_entropy/coronacases_008_slice_0147.npy,/kaggle/working/scribble-uncertainty-lung-segmentation/data/pseudo_labels/weak_bg_confidence/coronacases_008_slice_0147.npy,/kaggle/working/scribble-uncertainty-lung-segmentation/outputs/uncertainty_maps/weak_bg_entropy/coronacases_008_slice_0147.npy,1598,57657,71,1293,0.7180906534194946,True
coronacases_008,148,/kaggle/working/scribble-uncertainty-lung-segmentation/data/pseudo_labels/weak_bg_entropy/coronacases_008_slice_0148.npy,/kaggle/working/scribble-uncertainty-lung-segmentation/data/pseudo_labels/weak_bg_confidence/coronacases_008_slice_0148.npy,/kaggle/working/scribble-uncertainty-lung-segmentation/outputs/uncertainty_maps/weak_bg_entropy/coronacases_008_slice_0148.npy,1733,57713,68,1396,0.6673058271408081,True
coronacases_008,149,/kaggle/working/scribble-uncertainty-lung-segmentation/data/pseudo_labels/weak_bg_entropy/coronacases_008_slice_0149.npy,/kaggle/working/scribble-uncertainty-lung-segmentation/data/pseudo_labels/weak_bg_confidence/coronacases_008_slice_0149.npy,/kaggle/working/scribble-uncertainty-lung-segmentation/outputs/uncertainty_maps/weak_bg_entropy/coronacases_008_slice_0149.npy,1495,57436,69,1371,0.695743203163147,True
coronacases_008,150,/kaggle/working/scribble-uncertainty-lung-segmentation/data/pseudo_labels/weak_bg_entropy/coronacases_008_slice_0150.npy,/kaggle/working/scribble-uncertainty-lung-segmentation/data/pseudo_labels/weak_bg_confidence/coronacases_008_slice_0150.npy,/kaggle/working/scribble-uncertainty-lung-segmentation/outputs/uncertainty_maps/weak_bg_entropy/coronacases_008_slice_0150.npy,1352,57184,65,1371,0.7271391749382019,True
coronacases_008,151,/kaggle/working/scribble-uncertainty-lung-segmentation/data/pseudo_labels/weak_bg_entropy/coronacases_008_slice_0151.npy,/kaggle/working/scribble-uncertainty-lung-segmentation/data/pseudo_labels/weak_bg_confidence/coronacases_008_slice_0151.npy,/kaggle/working/scribble-uncertainty-lung-segmentation/outputs/uncertainty_maps/weak_bg_entropy/coronacases_008_slice_0151.npy,1391,57140,69,1357,0.727802038192749,True
coronacases_008,152,/kaggle/working/scribble-uncertainty-lung-segmentation/data/pseudo_labels/weak_bg_entropy/coronacases_008_slice_0152.npy,/kaggle/working/scribble-uncertainty-lung-segmentation/data/pseudo_labels/weak_bg_confidence/coronacases_008_slice_0152.npy,/kaggle/working/scribble-uncertainty-lung-segmentation/outputs/uncertainty_maps/weak_bg_entropy/coronacases_008_slice_0152.npy,1307,57096,63,1261,0.7406542301177979,True
coronacases_008,153,/kaggle/working/scribble-uncertainty-lung-segmentation/data/pseudo_labels/weak_bg_entropy/coronacases_008_slice_0153.npy,/kaggle/working/scribble-uncertainty-lung-segmentation/data/pseudo_labels/weak_bg_confidence/coronacases_008_slice_0153.npy,/kaggle/working/scribble-uncertainty-lung-segmentation/outputs/uncertainty_maps/weak_bg_entropy/coronacases_008_slice_0153.npy,1359,57139,54,1199,0.7912431359291077,True
coronacases_008,154,/kaggle/working/scribble-uncertainty-lung-segmentation/data/pseudo_labels/weak_bg_entropy/coronacases_008_slice_0154.npy,/kaggle/working/scribble-uncertainty-lung-segmentation/data/pseudo_labels/weak_bg_confidence/coronacases_008_slice_0154.npy,/kaggle/working/scribble-uncertainty-lung-segmentation/outputs/uncertainty_maps/weak_bg_entropy/coronacases_008_slice_0154.npy,1289,57024,62,1183,0.8139158487319946,True
coronacases_008,155,/kaggle/working/scribble-uncertainty-lung-segmentation/data/pseudo_labels/weak_bg_entropy/coronacases_008_slice_0155.npy,/kaggle/working/scribble-uncertainty-lung-segmentation/data/pseudo_labels/weak_bg_confidence/coronacases_008_slice_0155.npy,/kaggle/working/scribble-uncertainty-lung-segmentation/outputs/uncertainty_maps/weak_bg_entropy/coronacases_008_slice_0155.npy,1241,57030,61,1112,0.8057798743247986,True
coronacases_008,156,/kaggle/working/scribble-uncertainty-lung-segmentation/data/pseudo_labels/weak_bg_entropy/coronacases_008_slice_0156.npy,/kaggle/working/scribble-uncertainty-lung-segmentation/data/pseudo_labels/weak_bg_confidence/coronacases_008_slice_0156.npy,/kaggle/working/scribble-uncertainty-lung-segmentation/outputs/uncertainty_maps/weak_bg_entropy/coronacases_008_slice_0156.npy,1304,57171,56,1107,0.7557030320167542,True
coronacases_008,157,/kaggle/working/scribble-uncertainty-lung-segmentation/data/pseudo_labels/weak_bg_entropy/coronacases_008_slice_0157.npy,/kaggle/working/scribble-uncertainty-lung-segmentation/data/pseudo_labels/weak_bg_confidence/coronacases_008_slice_0157.npy,/kaggle/working/scribble-uncertainty-lung-segmentation/outputs/uncertainty_maps/weak_bg_entropy/coronacases_008_slice_0157.npy,1286,57314,51,939,0.7128089666366577,True
coronacases_008,158,/kaggle/working/scribble-uncertainty-lung-segmentation/data/pseudo_labels/weak_bg_entropy/coronacases_008_slice_0158.npy,/kaggle/working/scribble-uncertainty-lung-segmentation/data/pseudo_labels/weak_bg_confidence/coronacases_008_slice_0158.npy,/kaggle/working/scribble-uncertainty-lung-segmentation/outputs/uncertainty_maps/weak_bg_entropy/coronacases_008_slice_0158.npy,1088,57277,46,963,0.7684056758880615,True
coronacases_008,159,/kaggle/working/scribble-uncertainty-lung-segmentation/data/pseudo_labels/weak_bg_entropy/coronacases_008_slice_0159.npy,/kaggle/working/scribble-uncertainty-lung-segmentation/data/pseudo_labels/weak_bg_confidence/coronacases_008_slice_0159.npy,/kaggle/working/scribble-uncertainty-lung-segmentation/outputs/uncertainty_maps/weak_bg_entropy/coronacases_008_slice_0159.npy,1092,57224,44,824,0.7505218982696533,True
coronacases_008,160,/kaggle/working/scribble-uncertainty-lung-segmentation/data/pseudo_labels/weak_bg_entropy/coronacases_008_slice_0160.npy,/kaggle/working/scribble-uncertainty-lung-segmentation/data/pseudo_labels/weak_bg_confidence/coronacases_008_slice_0160.npy,/kaggle/working/scribble-uncertainty-lung-segmentation/outputs/uncertainty_maps/weak_bg_entropy/coronacases_008_slice_0160.npy,1032,57142,36,748,0.7202247381210327,True
coronacases_008,161,/kaggle/working/scribble-uncertainty-lung-segmentation/data/pseudo_labels/weak_bg_entropy/coronacases_008_slice_0161.npy,/kaggle/working/scribble-uncertainty-lung-segmentation/data/pseudo_labels/weak_bg_confidence/coronacases_008_slice_0161.npy,/kaggle/working/scribble-uncertainty-lung-segmentation/outputs/uncertainty_maps/weak_bg_entropy/coronacases_008_slice_0161.npy,936,56982,31,577,0.6781229376792908,True
coronacases_008,162,/kaggle/working/scribble-uncertainty-lung-segmentation/data/pseudo_labels/weak_bg_entropy/coronacases_008_slice_0162.npy,/kaggle/working/scribble-uncertainty-lung-segmentation/data/pseudo_labels/weak_bg_confidence/coronacases_008_slice_0162.npy,/kaggle/working/scribble-uncertainty-lung-segmentation/outputs/uncertainty_maps/weak_bg_entropy/coronacases_008_slice_0162.npy,988,56935,22,504,0.5643431544303894,True
coronacases_008,163,/kaggle/working/scribble-uncertainty-lung-segmentation/data/pseudo_labels/weak_bg_entropy/coronacases_008_slice_0163.npy,/kaggle/working/scribble-uncertainty-lung-segmentation/data/pseudo_labels/weak_bg_confidence/coronacases_008_slice_0163.npy,/kaggle/working/scribble-uncertainty-lung-segmentation/outputs/uncertainty_maps/weak_bg_entropy/coronacases_008_slice_0163.npy,923,56764,12,410,0.519129753112793,True
coronacases_008,164,/kaggle/working/scribble-uncertainty-lung-segmentation/data/pseudo_labels/weak_bg_entropy/coronacases_008_slice_0164.npy,/kaggle/working/scribble-uncertainty-lung-segmentation/data/pseudo_labels/weak_bg_confidence/coronacases_008_slice_0164.npy,/kaggle/working/scribble-uncertainty-lung-segmentation/outputs/uncertainty_maps/weak_bg_entropy/coronacases_008_slice_0164.npy,831,56690,23,344,0.5004255175590515,True
coronacases_008,165,/kaggle/working/scribble-uncertainty-lung-segmentation/data/pseudo_labels/weak_bg_entropy/coronacases_008_slice_0165.npy,/kaggle/working/scribble-uncertainty-lung-segmentation/data/pseudo_labels/weak_bg_confidence/coronacases_008_slice_0165.npy,/kaggle/working/scribble-uncertainty-lung-segmentation/outputs/uncertainty_maps/weak_bg_entropy/coronacases_008_slice_0165.npy,693,56633,15,328,0.5504407286643982,True
coronacases_008,166,/kaggle/working/scribble-uncertainty-lung-segmentation/data/pseudo_labels/weak_bg_entropy/coronacases_008_slice_0166.npy,/kaggle/working/scribble-uncertainty-lung-segmentation/data/pseudo_labels/weak_bg_confidence/coronacases_008_slice_0166.npy,/kaggle/working/scribble-uncertainty-lung-segmentation/outputs/uncertainty_maps/weak_bg_entropy/coronacases_008_slice_0166.npy,726,56649,16,261,0.47213777899742126,True
coronacases_008,167,/kaggle/working/scribble-uncertainty-lung-segmentation/data/pseudo_labels/weak_bg_entropy/coronacases_008_slice_0167.npy,/kaggle/working/scribble-uncertainty-lung-segmentation/data/pseudo_labels/weak_bg_confidence/coronacases_008_slice_0167.npy,/kaggle/working/scribble-uncertainty-lung-segmentation/outputs/uncertainty_maps/weak_bg_entropy/coronacases_008_slice_0167.npy,724,56747,16,236,0.4416666626930237,True
coronacases_008,168,/kaggle/working/scribble-uncertainty-lung-segmentation/data/pseudo_labels/weak_bg_entropy/coronacases_008_slice_0168.npy,/kaggle/working/scribble-uncertainty-lung-segmentation/data/pseudo_labels/weak_bg_confidence/coronacases_008_slice_0168.npy,/kaggle/working/scribble-uncertainty-lung-segmentation/outputs/uncertainty_maps/weak_bg_entropy/coronacases_008_slice_0168.npy,684,56743,10,286,0.5443298816680908,True
coronacases_008,169,/kaggle/working/scribble-uncertainty-lung-segmentation/data/pseudo_labels/weak_bg_entropy/coronacases_008_slice_0169.npy,/kaggle/working/scribble-uncertainty-lung-segmentation/data/pseudo_labels/weak_bg_confidence/coronacases_008_slice_0169.npy,/kaggle/working/scribble-uncertainty-lung-segmentation/outputs/uncertainty_maps/weak_bg_entropy/coronacases_008_slice_0169.npy,708,56826,16,312,0.5313725471496582,True
coronacases_008,170,/kaggle/working/scribble-uncertainty-lung-segmentation/data/pseudo_labels/weak_bg_entropy/coronacases_008_slice_0170.npy,/kaggle/working/scribble-uncertainty-lung-segmentation/data/pseudo_labels/weak_bg_confidence/coronacases_008_slice_0170.npy,/kaggle/working/scribble-uncertainty-lung-segmentation/outputs/uncertainty_maps/weak_bg_entropy/coronacases_008_slice_0170.npy,687,56750,16,328,0.5339901447296143,True
coronacases_008,171,/kaggle/working/scribble-uncertainty-lung-segmentation/data/pseudo_labels/weak_bg_entropy/coronacases_008_slice_0171.npy,/kaggle/working/scribble-uncertainty-lung-segmentation/data/pseudo_labels/weak_bg_confidence/coronacases_008_slice_0171.npy,/kaggle/working/scribble-uncertainty-lung-segmentation/outputs/uncertainty_maps/weak_bg_entropy/coronacases_008_slice_0171.npy,633,56666,19,229,0.4988399147987366,True
coronacases_008,172,/kaggle/working/scribble-uncertainty-lung-segmentation/data/pseudo_labels/weak_bg_entropy/coronacases_008_slice_0172.npy,/kaggle/working/scribble-uncertainty-lung-segmentation/data/pseudo_labels/weak_bg_confidence/coronacases_008_slice_0172.npy,/kaggle/working/scribble-uncertainty-lung-segmentation/outputs/uncertainty_maps/weak_bg_entropy/coronacases_008_slice_0172.npy,624,56717,14,316,0.6170212626457214,True
coronacases_008,173,/kaggle/working/scribble-uncertainty-lung-segmentation/data/pseudo_labels/weak_bg_entropy/coronacases_008_slice_0173.npy,/kaggle/working/scribble-uncertainty-lung-segmentation/data/pseudo_labels/weak_bg_confidence/coronacases_008_slice_0173.npy,/kaggle/working/scribble-uncertainty-lung-segmentation/outputs/uncertainty_maps/weak_bg_entropy/coronacases_008_slice_0173.npy,676,56813,20,294,0.5628865957260132,True
coronacases_008,174,/kaggle/working/scribble-uncertainty-lung-segmentation/data/pseudo_labels/weak_bg_entropy/coronacases_008_slice_0174.npy,/kaggle/working/scribble-uncertainty-lung-segmentation/data/pseudo_labels/weak_bg_confidence/coronacases_008_slice_0174.npy,/kaggle/working/scribble-uncertainty-lung-segmentation/outputs/uncertainty_maps/weak_bg_entropy/coronacases_008_slice_0174.npy,571,56741,16,326,0.5730211734771729,True
coronacases_008,175,/kaggle/working/scribble-uncertainty-lung-segmentation/data/pseudo_labels/weak_bg_entropy/coronacases_008_slice_0175.npy,/kaggle/working/scribble-uncertainty-lung-segmentation/data/pseudo_labels/weak_bg_confidence/coronacases_008_slice_0175.npy,/kaggle/working/scribble-uncertainty-lung-segmentation/outputs/uncertainty_maps/weak_bg_entropy/coronacases_008_slice_0175.npy,503,56797,18,276,0.5827984809875488,True
coronacases_008,176,/kaggle/working/scribble-uncertainty-lung-segmentation/data/pseudo_labels/weak_bg_entropy/coronacases_008_slice_0176.npy,/kaggle/working/scribble-uncertainty-lung-segmentation/data/pseudo_labels/weak_bg_confidence/coronacases_008_slice_0176.npy,/kaggle/working/scribble-uncertainty-lung-segmentation/outputs/uncertainty_maps/weak_bg_entropy/coronacases_008_slice_0176.npy,471,56651,16,289,0.6236842274665833,True
coronacases_008,177,/kaggle/working/scribble-uncertainty-lung-segmentation/data/pseudo_labels/weak_bg_entropy/coronacases_008_slice_0177.npy,/kaggle/working/scribble-uncertainty-lung-segmentation/data/pseudo_labels/weak_bg_confidence/coronacases_008_slice_0177.npy,/kaggle/working/scribble-uncertainty-lung-segmentation/outputs/uncertainty_maps/weak_bg_entropy/coronacases_008_slice_0177.npy,340,56453,10,279,0.7689822316169739,True
coronacases_008,178,/kaggle/working/scribble-uncertainty-lung-segmentation/data/pseudo_labels/weak_bg_entropy/coronacases_008_slice_0178.npy,/kaggle/working/scribble-uncertainty-lung-segmentation/data/pseudo_labels/weak_bg_confidence/coronacases_008_slice_0178.npy,/kaggle/working/scribble-uncertainty-lung-segmentation/outputs/uncertainty_maps/weak_bg_entropy/coronacases_008_slice_0178.npy,240,56511,14,255,0.808080792427063,True
coronacases_008,179,/kaggle/working/scribble-uncertainty-lung-segmentation/data/pseudo_labels/weak_bg_entropy/coronacases_008_slice_0179.npy,/kaggle/working/scribble-uncertainty-lung-segmentation/data/pseudo_labels/weak_bg_confidence/coronacases_008_slice_0179.npy,/kaggle/working/scribble-uncertainty-lung-segmentation/outputs/uncertainty_maps/weak_bg_entropy/coronacases_008_slice_0179.npy,289,56656,10,248,0.7225325703620911,True
coronacases_008,180,/kaggle/working/scribble-uncertainty-lung-segmentation/data/pseudo_labels/weak_bg_entropy/coronacases_008_slice_0180.npy,/kaggle/working/scribble-uncertainty-lung-segmentation/data/pseudo_labels/weak_bg_confidence/coronacases_008_slice_0180.npy,/kaggle/working/scribble-uncertainty-lung-segmentation/outputs/uncertainty_maps/weak_bg_entropy/coronacases_008_slice_0180.npy,394,56797,16,208,0.5747508406639099,True
coronacases_008,181,/kaggle/working/scribble-uncertainty-lung-segmentation/data/pseudo_labels/weak_bg_entropy/coronacases_008_slice_0181.npy,/kaggle/working/scribble-uncertainty-lung-segmentation/data/pseudo_labels/weak_bg_confidence/coronacases_008_slice_0181.npy,/kaggle/working/scribble-uncertainty-lung-segmentation/outputs/uncertainty_maps/weak_bg_entropy/coronacases_008_slice_0181.npy,404,56601,10,210,0.5570032596588135,True
coronacases_008,182,/kaggle/working/scribble-uncertainty-lung-segmentation/data/pseudo_labels/weak_bg_entropy/coronacases_008_slice_0182.npy,/kaggle/working/scribble-uncertainty-lung-segmentation/data/pseudo_labels/weak_bg_confidence/coronacases_008_slice_0182.npy,/kaggle/working/scribble-uncertainty-lung-segmentation/outputs/uncertainty_maps/weak_bg_entropy/coronacases_008_slice_0182.npy,338,56601,12,230,0.6056337952613831,True
coronacases_008,183,/kaggle/working/scribble-uncertainty-lung-segmentation/data/pseudo_labels/weak_bg_entropy/coronacases_008_slice_0183.npy,/kaggle/working/scribble-uncertainty-lung-segmentation/data/pseudo_labels/weak_bg_confidence/coronacases_008_slice_0183.npy,/kaggle/working/scribble-uncertainty-lung-segmentation/outputs/uncertainty_maps/weak_bg_entropy/coronacases_008_slice_0183.npy,311,56670,12,250,0.7379679083824158,True
coronacases_008,184,/kaggle/working/scribble-uncertainty-lung-segmentation/data/pseudo_labels/weak_bg_entropy/coronacases_008_slice_0184.npy,/kaggle/working/scribble-uncertainty-lung-segmentation/data/pseudo_labels/weak_bg_confidence/coronacases_008_slice_0184.npy,/kaggle/working/scribble-uncertainty-lung-segmentation/outputs/uncertainty_maps/weak_bg_entropy/coronacases_008_slice_0184.npy,318,56744,8,223,0.780036985874176,True
coronacases_008,185,/kaggle/working/scribble-uncertainty-lung-segmentation/data/pseudo_labels/weak_bg_entropy/coronacases_008_slice_0185.npy,/kaggle/working/scribble-uncertainty-lung-segmentation/data/pseudo_labels/weak_bg_confidence/coronacases_008_slice_0185.npy,/kaggle/working/scribble-uncertainty-lung-segmentation/outputs/uncertainty_maps/weak_bg_entropy/coronacases_008_slice_0185.npy,311,56716,8,247,0.8028674125671387,True
coronacases_008,186,/kaggle/working/scribble-uncertainty-lung-segmentation/data/pseudo_labels/weak_bg_entropy/coronacases_008_slice_0186.npy,/kaggle/working/scribble-uncertainty-lung-segmentation/data/pseudo_labels/weak_bg_confidence/coronacases_008_slice_0186.npy,/kaggle/working/scribble-uncertainty-lung-segmentation/outputs/uncertainty_maps/weak_bg_entropy/coronacases_008_slice_0186.npy,365,56676,12,256,0.6795490980148315,True
coronacases_008,187,/kaggle/working/scribble-uncertainty-lung-segmentation/data/pseudo_labels/weak_bg_entropy/coronacases_008_slice_0187.npy,/kaggle/working/scribble-uncertainty-lung-segmentation/data/pseudo_labels/weak_bg_confidence/coronacases_008_slice_0187.npy,/kaggle/working/scribble-uncertainty-lung-segmentation/outputs/uncertainty_maps/weak_bg_entropy/coronacases_008_slice_0187.npy,297,56678,12,226,0.7227533459663391,True
coronacases_008,188,/kaggle/working/scribble-uncertainty-lung-segmentation/data/pseudo_labels/weak_bg_entropy/coronacases_008_slice_0188.npy,/kaggle/working/scribble-uncertainty-lung-segmentation/data/pseudo_labels/weak_bg_confidence/coronacases_008_slice_0188.npy,/kaggle/working/scribble-uncertainty-lung-segmentation/outputs/uncertainty_maps/weak_bg_entropy/coronacases_008_slice_0188.npy,269,56724,8,179,0.7142857313156128,True
coronacases_008,189,/kaggle/working/scribble-uncertainty-lung-segmentation/data/pseudo_labels/weak_bg_entropy/coronacases_008_slice_0189.npy,/kaggle/working/scribble-uncertainty-lung-segmentation/data/pseudo_labels/weak_bg_confidence/coronacases_008_slice_0189.npy,/kaggle/working/scribble-uncertainty-lung-segmentation/outputs/uncertainty_maps/weak_bg_entropy/coronacases_008_slice_0189.npy,316,57231,8,203,0.6050096154212952,True
coronacases_008,190,/kaggle/working/scribble-uncertainty-lung-segmentation/data/pseudo_labels/weak_bg_entropy/coronacases_008_slice_0190.npy,/kaggle/working/scribble-uncertainty-lung-segmentation/data/pseudo_labels/weak_bg_confidence/coronacases_008_slice_0190.npy,/kaggle/working/scribble-uncertainty-lung-segmentation/outputs/uncertainty_maps/weak_bg_entropy/coronacases_008_slice_0190.npy,322,57238,4,205,0.774193525314331,True
coronacases_008,191,/kaggle/working/scribble-uncertainty-lung-segmentation/data/pseudo_labels/weak_bg_entropy/coronacases_008_slice_0191.npy,/kaggle/working/scribble-uncertainty-lung-segmentation/data/pseudo_labels/weak_bg_confidence/coronacases_008_slice_0191.npy,/kaggle/working/scribble-uncertainty-lung-segmentation/outputs/uncertainty_maps/weak_bg_entropy/coronacases_008_slice_0191.npy,305,56672,12,225,0.7283018827438354,True
coronacases_008,192,/kaggle/working/scribble-uncertainty-lung-segmentation/data/pseudo_labels/weak_bg_entropy/coronacases_008_slice_0192.npy,/kaggle/working/scribble-uncertainty-lung-segmentation/data/pseudo_labels/weak_bg_confidence/coronacases_008_slice_0192.npy,/kaggle/working/scribble-uncertainty-lung-segmentation/outputs/uncertainty_maps/weak_bg_entropy/coronacases_008_slice_0192.npy,342,56769,11,230,0.5804196000099182,True
coronacases_008,193,/kaggle/working/scribble-uncertainty-lung-segmentation/data/pseudo_labels/weak_bg_entropy/coronacases_008_slice_0193.npy,/kaggle/working/scribble-uncertainty-lung-segmentation/data/pseudo_labels/weak_bg_confidence/coronacases_008_slice_0193.npy,/kaggle/working/scribble-uncertainty-lung-segmentation/outputs/uncertainty_maps/weak_bg_entropy/coronacases_008_slice_0193.npy,394,56646,12,195,0.5263158082962036,True
coronacases_008,194,/kaggle/working/scribble-uncertainty-lung-segmentation/data/pseudo_labels/weak_bg_entropy/coronacases_008_slice_0194.npy,/kaggle/working/scribble-uncertainty-lung-segmentation/data/pseudo_labels/weak_bg_confidence/coronacases_008_slice_0194.npy,/kaggle/working/scribble-uncertainty-lung-segmentation/outputs/uncertainty_maps/weak_bg_entropy/coronacases_008_slice_0194.npy,421,56702,14,220,0.5429016947746277,True
coronacases_008,195,/kaggle/working/scribble-uncertainty-lung-segmentation/data/pseudo_labels/weak_bg_entropy/coronacases_008_slice_0195.npy,/kaggle/working/scribble-uncertainty-lung-segmentation/data/pseudo_labels/weak_bg_confidence/coronacases_008_slice_0195.npy,/kaggle/working/scribble-uncertainty-lung-segmentation/outputs/uncertainty_maps/weak_bg_entropy/coronacases_008_slice_0195.npy,336,56690,12,216,0.5,True
coronacases_008,196,/kaggle/working/scribble-uncertainty-lung-segmentation/data/pseudo_labels/weak_bg_entropy/coronacases_008_slice_0196.npy,/kaggle/working/scribble-uncertainty-lung-segmentation/data/pseudo_labels/weak_bg_confidence/coronacases_008_slice_0196.npy,/kaggle/working/scribble-uncertainty-lung-segmentation/outputs/uncertainty_maps/weak_bg_entropy/coronacases_008_slice_0196.npy,421,56772,11,190,0.5008183121681213,True
coronacases_008,197,/kaggle/working/scribble-uncertainty-lung-segmentation/data/pseudo_labels/weak_bg_entropy/coronacases_008_slice_0197.npy,/kaggle/working/scribble-uncertainty-lung-segmentation/data/pseudo_labels/weak_bg_confidence/coronacases_008_slice_0197.npy,/kaggle/working/scribble-uncertainty-lung-segmentation/outputs/uncertainty_maps/weak_bg_entropy/coronacases_008_slice_0197.npy,399,56827,14,236,0.5322834849357605,True
coronacases_008,198,/kaggle/working/scribble-uncertainty-lung-segmentation/data/pseudo_labels/weak_bg_entropy/coronacases_008_slice_0198.npy,/kaggle/working/scribble-uncertainty-lung-segmentation/data/pseudo_labels/weak_bg_confidence/coronacases_008_slice_0198.npy,/kaggle/working/scribble-uncertainty-lung-segmentation/outputs/uncertainty_maps/weak_bg_entropy/coronacases_008_slice_0198.npy,205,56706,19,216,0.3325415551662445,True
coronacases_008,199,/kaggle/working/scribble-uncertainty-lung-segmentation/data/pseudo_labels/weak_bg_entropy/coronacases_008_slice_0199.npy,/kaggle/working/scribble-uncertainty-lung-segmentation/data/pseudo_labels/weak_bg_confidence/coronacases_008_slice_0199.npy,/kaggle/working/scribble-uncertainty-lung-segmentation/outputs/uncertainty_maps/weak_bg_entropy/coronacases_008_slice_0199.npy,350,56807,20,216,0.42756184935569763,True
coronacases_008,200,/kaggle/working/scribble-uncertainty-lung-segmentation/data/pseudo_labels/weak_bg_entropy/coronacases_008_slice_0200.npy,/kaggle/working/scribble-uncertainty-lung-segmentation/data/pseudo_labels/weak_bg_confidence/coronacases_008_slice_0200.npy,/kaggle/working/scribble-uncertainty-lung-segmentation/outputs/uncertainty_maps/weak_bg_entropy/coronacases_008_slice_0200.npy,345,56901,15,221,0.4664310812950134,True
coronacases_008,201,/kaggle/working/scribble-uncertainty-lung-segmentation/data/pseudo_labels/weak_bg_entropy/coronacases_008_slice_0201.npy,/kaggle/working/scribble-uncertainty-lung-segmentation/data/pseudo_labels/weak_bg_confidence/coronacases_008_slice_0201.npy,/kaggle/working/scribble-uncertainty-lung-segmentation/outputs/uncertainty_maps/weak_bg_entropy/coronacases_008_slice_0201.npy,338,56827,16,193,0.4971751272678375,True
coronacases_008,202,/kaggle/working/scribble-uncertainty-lung-segmentation/data/pseudo_labels/weak_bg_entropy/coronacases_008_slice_0202.npy,/kaggle/working/scribble-uncertainty-lung-segmentation/data/pseudo_labels/weak_bg_confidence/coronacases_008_slice_0202.npy,/kaggle/working/scribble-uncertainty-lung-segmentation/outputs/uncertainty_maps/weak_bg_entropy/coronacases_008_slice_0202.npy,371,56883,10,186,0.5457809567451477,True
coronacases_008,203,/kaggle/working/scribble-uncertainty-lung-segmentation/data/pseudo_labels/weak_bg_entropy/coronacases_008_slice_0203.npy,/kaggle/working/scribble-uncertainty-lung-segmentation/data/pseudo_labels/weak_bg_confidence/coronacases_008_slice_0203.npy,/kaggle/working/scribble-uncertainty-lung-segmentation/outputs/uncertainty_maps/weak_bg_entropy/coronacases_008_slice_0203.npy,249,57231,12,153,0.5273631811141968,True
coronacases_008,204,/kaggle/working/scribble-uncertainty-lung-segmentation/data/pseudo_labels/weak_bg_entropy/coronacases_008_slice_0204.npy,/kaggle/working/scribble-uncertainty-lung-segmentation/data/pseudo_labels/weak_bg_confidence/coronacases_008_slice_0204.npy,/kaggle/working/scribble-uncertainty-lung-segmentation/outputs/uncertainty_maps/weak_bg_entropy/coronacases_008_slice_0204.npy,198,57284,16,157,0.5577464699745178,True
coronacases_008,205,/kaggle/working/scribble-uncertainty-lung-segmentation/data/pseudo_labels/weak_bg_entropy/coronacases_008_slice_0205.npy,/kaggle/working/scribble-uncertainty-lung-segmentation/data/pseudo_labels/weak_bg_confidence/coronacases_008_slice_0205.npy,/kaggle/working/scribble-uncertainty-lung-segmentation/outputs/uncertainty_maps/weak_bg_entropy/coronacases_008_slice_0205.npy,187,57172,6,113,0.4933333396911621,True
coronacases_008,206,/kaggle/working/scribble-uncertainty-lung-segmentation/data/pseudo_labels/weak_bg_entropy/coronacases_008_slice_0206.npy,/kaggle/working/scribble-uncertainty-lung-segmentation/data/pseudo_labels/weak_bg_confidence/coronacases_008_slice_0206.npy,/kaggle/working/scribble-uncertainty-lung-segmentation/outputs/uncertainty_maps/weak_bg_entropy/coronacases_008_slice_0206.npy,311,57221,11,135,0.5022421479225159,True
coronacases_008,207,/kaggle/working/scribble-uncertainty-lung-segmentation/data/pseudo_labels/weak_bg_entropy/coronacases_008_slice_0207.npy,/kaggle/working/scribble-uncertainty-lung-segmentation/data/pseudo_labels/weak_bg_confidence/coronacases_008_slice_0207.npy,/kaggle/working/scribble-uncertainty-lung-segmentation/outputs/uncertainty_maps/weak_bg_entropy/coronacases_008_slice_0207.npy,367,57282,10,162,0.48771265149116516,True
coronacases_008,208,/kaggle/working/scribble-uncertainty-lung-segmentation/data/pseudo_labels/weak_bg_entropy/coronacases_008_slice_0208.npy,/kaggle/working/scribble-uncertainty-lung-segmentation/data/pseudo_labels/weak_bg_confidence/coronacases_008_slice_0208.npy,/kaggle/working/scribble-uncertainty-lung-segmentation/outputs/uncertainty_maps/weak_bg_entropy/coronacases_008_slice_0208.npy,380,57379,13,205,0.5094017386436462,True
coronacases_008,209,/kaggle/working/scribble-uncertainty-lung-segmentation/data/pseudo_labels/weak_bg_entropy/coronacases_008_slice_0209.npy,/kaggle/working/scribble-uncertainty-lung-segmentation/data/pseudo_labels/weak_bg_confidence/coronacases_008_slice_0209.npy,/kaggle/working/scribble-uncertainty-lung-segmentation/outputs/uncertainty_maps/weak_bg_entropy/coronacases_008_slice_0209.npy,458,57571,12,174,0.43987342715263367,True
coronacases_008,210,/kaggle/working/scribble-uncertainty-lung-segmentation/data/pseudo_labels/weak_bg_entropy/coronacases_008_slice_0210.npy,/kaggle/working/scribble-uncertainty-lung-segmentation/data/pseudo_labels/weak_bg_confidence/coronacases_008_slice_0210.npy,/kaggle/working/scribble-uncertainty-lung-segmentation/outputs/uncertainty_maps/weak_bg_entropy/coronacases_008_slice_0210.npy,408,57699,12,187,0.5512605309486389,True
coronacases_008,211,/kaggle/working/scribble-uncertainty-lung-segmentation/data/pseudo_labels/weak_bg_entropy/coronacases_008_slice_0211.npy,/kaggle/working/scribble-uncertainty-lung-segmentation/data/pseudo_labels/weak_bg_confidence/coronacases_008_slice_0211.npy,/kaggle/working/scribble-uncertainty-lung-segmentation/outputs/uncertainty_maps/weak_bg_entropy/coronacases_008_slice_0211.npy,427,57597,16,175,0.5481727719306946,True
coronacases_008,212,/kaggle/working/scribble-uncertainty-lung-segmentation/data/pseudo_labels/weak_bg_entropy/coronacases_008_slice_0212.npy,/kaggle/working/scribble-uncertainty-lung-segmentation/data/pseudo_labels/weak_bg_confidence/coronacases_008_slice_0212.npy,/kaggle/working/scribble-uncertainty-lung-segmentation/outputs/uncertainty_maps/weak_bg_entropy/coronacases_008_slice_0212.npy,448,57739,15,229,0.5967503786087036,True
coronacases_008,213,/kaggle/working/scribble-uncertainty-lung-segmentation/data/pseudo_labels/weak_bg_entropy/coronacases_008_slice_0213.npy,/kaggle/working/scribble-uncertainty-lung-segmentation/data/pseudo_labels/weak_bg_confidence/coronacases_008_slice_0213.npy,/kaggle/working/scribble-uncertainty-lung-segmentation/outputs/uncertainty_maps/weak_bg_entropy/coronacases_008_slice_0213.npy,402,57689,18,243,0.617054283618927,True
coronacases_008,214,/kaggle/working/scribble-uncertainty-lung-segmentation/data/pseudo_labels/weak_bg_entropy/coronacases_008_slice_0214.npy,/kaggle/working/scribble-uncertainty-lung-segmentation/data/pseudo_labels/weak_bg_confidence/coronacases_008_slice_0214.npy,/kaggle/working/scribble-uncertainty-lung-segmentation/outputs/uncertainty_maps/weak_bg_entropy/coronacases_008_slice_0214.npy,395,57690,20,274,0.6367713212966919,True
coronacases_008,215,/kaggle/working/scribble-uncertainty-lung-segmentation/data/pseudo_labels/weak_bg_entropy/coronacases_008_slice_0215.npy,/kaggle/working/scribble-uncertainty-lung-segmentation/data/pseudo_labels/weak_bg_confidence/coronacases_008_slice_0215.npy,/kaggle/working/scribble-uncertainty-lung-segmentation/outputs/uncertainty_maps/weak_bg_entropy/coronacases_008_slice_0215.npy,408,57659,16,261,0.6158445477485657,True
coronacases_008,216,/kaggle/working/scribble-uncertainty-lung-segmentation/data/pseudo_labels/weak_bg_entropy/coronacases_008_slice_0216.npy,/kaggle/working/scribble-uncertainty-lung-segmentation/data/pseudo_labels/weak_bg_confidence/coronacases_008_slice_0216.npy,/kaggle/working/scribble-uncertainty-lung-segmentation/outputs/uncertainty_maps/weak_bg_entropy/coronacases_008_slice_0216.npy,420,57799,16,270,0.6173912882804871,True
coronacases_008,217,/kaggle/working/scribble-uncertainty-lung-segmentation/data/pseudo_labels/weak_bg_entropy/coronacases_008_slice_0217.npy,/kaggle/working/scribble-uncertainty-lung-segmentation/data/pseudo_labels/weak_bg_confidence/coronacases_008_slice_0217.npy,/kaggle/working/scribble-uncertainty-lung-segmentation/outputs/uncertainty_maps/weak_bg_entropy/coronacases_008_slice_0217.npy,452,57896,16,273,0.6317241191864014,True
coronacases_008,218,/kaggle/working/scribble-uncertainty-lung-segmentation/data/pseudo_labels/weak_bg_entropy/coronacases_008_slice_0218.npy,/kaggle/working/scribble-uncertainty-lung-segmentation/data/pseudo_labels/weak_bg_confidence/coronacases_008_slice_0218.npy,/kaggle/working/scribble-uncertainty-lung-segmentation/outputs/uncertainty_maps/weak_bg_entropy/coronacases_008_slice_0218.npy,491,57942,15,339,0.6313253045082092,True
coronacases_008,219,/kaggle/working/scribble-uncertainty-lung-segmentation/data/pseudo_labels/weak_bg_entropy/coronacases_008_slice_0219.npy,/kaggle/working/scribble-uncertainty-lung-segmentation/data/pseudo_labels/weak_bg_confidence/coronacases_008_slice_0219.npy,/kaggle/working/scribble-uncertainty-lung-segmentation/outputs/uncertainty_maps/weak_bg_entropy/coronacases_008_slice_0219.npy,455,58000,20,349,0.6542288661003113,True
coronacases_008,220,/kaggle/working/scribble-uncertainty-lung-segmentation/data/pseudo_labels/weak_bg_entropy/coronacases_008_slice_0220.npy,/kaggle/working/scribble-uncertainty-lung-segmentation/data/pseudo_labels/weak_bg_confidence/coronacases_008_slice_0220.npy,/kaggle/working/scribble-uncertainty-lung-segmentation/outputs/uncertainty_maps/weak_bg_entropy/coronacases_008_slice_0220.npy,458,58102,16,337,0.7220125794410706,True
coronacases_008,221,/kaggle/working/scribble-uncertainty-lung-segmentation/data/pseudo_labels/weak_bg_entropy/coronacases_008_slice_0221.npy,/kaggle/working/scribble-uncertainty-lung-segmentation/data/pseudo_labels/weak_bg_confidence/coronacases_008_slice_0221.npy,/kaggle/working/scribble-uncertainty-lung-segmentation/outputs/uncertainty_maps/weak_bg_entropy/coronacases_008_slice_0221.npy,399,58169,18,331,0.734246551990509,True
coronacases_008,222,/kaggle/working/scribble-uncertainty-lung-segmentation/data/pseudo_labels/weak_bg_entropy/coronacases_008_slice_0222.npy,/kaggle/working/scribble-uncertainty-lung-segmentation/data/pseudo_labels/weak_bg_confidence/coronacases_008_slice_0222.npy,/kaggle/working/scribble-uncertainty-lung-segmentation/outputs/uncertainty_maps/weak_bg_entropy/coronacases_008_slice_0222.npy,390,58275,21,321,0.7116736769676208,True
coronacases_008,223,/kaggle/working/scribble-uncertainty-lung-segmentation/data/pseudo_labels/weak_bg_entropy/coronacases_008_slice_0223.npy,/kaggle/working/scribble-uncertainty-lung-segmentation/data/pseudo_labels/weak_bg_confidence/coronacases_008_slice_0223.npy,/kaggle/working/scribble-uncertainty-lung-segmentation/outputs/uncertainty_maps/weak_bg_entropy/coronacases_008_slice_0223.npy,474,58464,22,333,0.6517967581748962,True
coronacases_008,224,/kaggle/working/scribble-uncertainty-lung-segmentation/data/pseudo_labels/weak_bg_entropy/coronacases_008_slice_0224.npy,/kaggle/working/scribble-uncertainty-lung-segmentation/data/pseudo_labels/weak_bg_confidence/coronacases_008_slice_0224.npy,/kaggle/working/scribble-uncertainty-lung-segmentation/outputs/uncertainty_maps/weak_bg_entropy/coronacases_008_slice_0224.npy,429,58582,22,286,0.6153846383094788,True
coronacases_008,225,/kaggle/working/scribble-uncertainty-lung-segmentation/data/pseudo_labels/weak_bg_entropy/coronacases_008_slice_0225.npy,/kaggle/working/scribble-uncertainty-lung-segmentation/data/pseudo_labels/weak_bg_confidence/coronacases_008_slice_0225.npy,/kaggle/working/scribble-uncertainty-lung-segmentation/outputs/uncertainty_maps/weak_bg_entropy/coronacases_008_slice_0225.npy,369,58678,20,266,0.6708661317825317,True
coronacases_008,226,/kaggle/working/scribble-uncertainty-lung-segmentation/data/pseudo_labels/weak_bg_entropy/coronacases_008_slice_0226.npy,/kaggle/working/scribble-uncertainty-lung-segmentation/data/pseudo_labels/weak_bg_confidence/coronacases_008_slice_0226.npy,/kaggle/working/scribble-uncertainty-lung-segmentation/outputs/uncertainty_maps/weak_bg_entropy/coronacases_008_slice_0226.npy,299,58808,23,292,0.6666666865348816,True
coronacases_008,227,/kaggle/working/scribble-uncertainty-lung-segmentation/data/pseudo_labels/weak_bg_entropy/coronacases_008_slice_0227.npy,/kaggle/working/scribble-uncertainty-lung-segmentation/data/pseudo_labels/weak_bg_confidence/coronacases_008_slice_0227.npy,/kaggle/working/scribble-uncertainty-lung-segmentation/outputs/uncertainty_maps/weak_bg_entropy/coronacases_008_slice_0227.npy,267,58981,10,242,0.7583497166633606,True
coronacases_008,228,/kaggle/working/scribble-uncertainty-lung-segmentation/data/pseudo_labels/weak_bg_entropy/coronacases_008_slice_0228.npy,/kaggle/working/scribble-uncertainty-lung-segmentation/data/pseudo_labels/weak_bg_confidence/coronacases_008_slice_0228.npy,/kaggle/working/scribble-uncertainty-lung-segmentation/outputs/uncertainty_maps/weak_bg_entropy/coronacases_008_slice_0228.npy,290,59218,12,286,0.7534722089767456,True
coronacases_008,229,/kaggle/working/scribble-uncertainty-lung-segmentation/data/pseudo_labels/weak_bg_entropy/coronacases_008_slice_0229.npy,/kaggle/working/scribble-uncertainty-lung-segmentation/data/pseudo_labels/weak_bg_confidence/coronacases_008_slice_0229.npy,/kaggle/working/scribble-uncertainty-lung-segmentation/outputs/uncertainty_maps/weak_bg_entropy/coronacases_008_slice_0229.npy,287,59335,16,273,0.7607142925262451,True
coronacases_008,230,/kaggle/working/scribble-uncertainty-lung-segmentation/data/pseudo_labels/weak_bg_entropy/coronacases_008_slice_0230.npy,/kaggle/working/scribble-uncertainty-lung-segmentation/data/pseudo_labels/weak_bg_confidence/coronacases_008_slice_0230.npy,/kaggle/working/scribble-uncertainty-lung-segmentation/outputs/uncertainty_maps/weak_bg_entropy/coronacases_008_slice_0230.npy,316,59556,8,210,0.6463878154754639,True
coronacases_008,231,/kaggle/working/scribble-uncertainty-lung-segmentation/data/pseudo_labels/weak_bg_entropy/coronacases_008_slice_0231.npy,/kaggle/working/scribble-uncertainty-lung-segmentation/data/pseudo_labels/weak_bg_confidence/coronacases_008_slice_0231.npy,/kaggle/working/scribble-uncertainty-lung-segmentation/outputs/uncertainty_maps/weak_bg_entropy/coronacases_008_slice_0231.npy,284,59742,10,199,0.6418219208717346,True
coronacases_008,232,/kaggle/working/scribble-uncertainty-lung-segmentation/data/pseudo_labels/weak_bg_entropy/coronacases_008_slice_0232.npy,/kaggle/working/scribble-uncertainty-lung-segmentation/data/pseudo_labels/weak_bg_confidence/coronacases_008_slice_0232.npy,/kaggle/working/scribble-uncertainty-lung-segmentation/outputs/uncertainty_maps/weak_bg_entropy/coronacases_008_slice_0232.npy,223,59837,10,177,0.6850000023841858,True
coronacases_008,233,/kaggle/working/scribble-uncertainty-lung-segmentation/data/pseudo_labels/weak_bg_entropy/coronacases_008_slice_0233.npy,/kaggle/working/scribble-uncertainty-lung-segmentation/data/pseudo_labels/weak_bg_confidence/coronacases_008_slice_0233.npy,/kaggle/working/scribble-uncertainty-lung-segmentation/outputs/uncertainty_maps/weak_bg_entropy/coronacases_008_slice_0233.npy,170,60057,4,142,0.6410256624221802,True
coronacases_008,234,/kaggle/working/scribble-uncertainty-lung-segmentation/data/pseudo_labels/weak_bg_entropy/coronacases_008_slice_0234.npy,/kaggle/working/scribble-uncertainty-lung-segmentation/data/pseudo_labels/weak_bg_confidence/coronacases_008_slice_0234.npy,/kaggle/working/scribble-uncertainty-lung-segmentation/outputs/uncertainty_maps/weak_bg_entropy/coronacases_008_slice_0234.npy,150,60233,4,99,0.6104417443275452,True
coronacases_008,235,/kaggle/working/scribble-uncertainty-lung-segmentation/data/pseudo_labels/weak_bg_entropy/coronacases_008_slice_0235.npy,/kaggle/working/scribble-uncertainty-lung-segmentation/data/pseudo_labels/weak_bg_confidence/coronacases_008_slice_0235.npy,/kaggle/working/scribble-uncertainty-lung-segmentation/outputs/uncertainty_maps/weak_bg_entropy/coronacases_008_slice_0235.npy,131,60423,4,49,0.5444444417953491,True
coronacases_008,236,/kaggle/working/scribble-uncertainty-lung-segmentation/data/pseudo_labels/weak_bg_entropy/coronacases_008_slice_0236.npy,/kaggle/working/scribble-uncertainty-lung-segmentation/data/pseudo_labels/weak_bg_confidence/coronacases_008_slice_0236.npy,/kaggle/working/scribble-uncertainty-lung-segmentation/outputs/uncertainty_maps/weak_bg_entropy/coronacases_008_slice_0236.npy,136,60507,4,68,0.29411765933036804,True
coronacases_008,237,/kaggle/working/scribble-uncertainty-lung-segmentation/data/pseudo_labels/weak_bg_entropy/coronacases_008_slice_0237.npy,/kaggle/working/scribble-uncertainty-lung-segmentation/data/pseudo_labels/weak_bg_confidence/coronacases_008_slice_0237.npy,/kaggle/working/scribble-uncertainty-lung-segmentation/outputs/uncertainty_maps/weak_bg_entropy/coronacases_008_slice_0237.npy,141,60646,4,52,0.35233160853385925,True
coronacases_008,238,/kaggle/working/scribble-uncertainty-lung-segmentation/data/pseudo_labels/weak_bg_entropy/coronacases_008_slice_0238.npy,/kaggle/working/scribble-uncertainty-lung-segmentation/data/pseudo_labels/weak_bg_confidence/coronacases_008_slice_0238.npy,/kaggle/working/scribble-uncertainty-lung-segmentation/outputs/uncertainty_maps/weak_bg_entropy/coronacases_008_slice_0238.npy,120,60788,3,46,0.3855421543121338,True
coronacases_008,239,/kaggle/working/scribble-uncertainty-lung-segmentation/data/pseudo_labels/weak_bg_entropy/coronacases_008_slice_0239.npy,/kaggle/working/scribble-uncertainty-lung-segmentation/data/pseudo_labels/weak_bg_confidence/coronacases_008_slice_0239.npy,/kaggle/working/scribble-uncertainty-lung-segmentation/outputs/uncertainty_maps/weak_bg_entropy/coronacases_008_slice_0239.npy,139,60987,4,36,0.38857144117355347,True
coronacases_008,240,/kaggle/working/scribble-uncertainty-lung-segmentation/data/pseudo_labels/weak_bg_entropy/coronacases_008_slice_0240.npy,/kaggle/working/scribble-uncertainty-lung-segmentation/data/pseudo_labels/weak_bg_confidence/coronacases_008_slice_0240.npy,/kaggle/working/scribble-uncertainty-lung-segmentation/outputs/uncertainty_maps/weak_bg_entropy/coronacases_008_slice_0240.npy,119,61164,3,54,0.39306357502937317,True
coronacases_008,241,/kaggle/working/scribble-uncertainty-lung-segmentation/data/pseudo_labels/weak_bg_entropy/coronacases_008_slice_0241.npy,/kaggle/working/scribble-uncertainty-lung-segmentation/data/pseudo_labels/weak_bg_confidence/coronacases_008_slice_0241.npy,/kaggle/working/scribble-uncertainty-lung-segmentation/outputs/uncertainty_maps/weak_bg_entropy/coronacases_008_slice_0241.npy,118,61328,4,50,0.5476190447807312,True
coronacases_008,242,/kaggle/working/scribble-uncertainty-lung-segmentation/data/pseudo_labels/weak_bg_entropy/coronacases_008_slice_0242.npy,/kaggle/working/scribble-uncertainty-lung-segmentation/data/pseudo_labels/weak_bg_confidence/coronacases_008_slice_0242.npy,/kaggle/working/scribble-uncertainty-lung-segmentation/outputs/uncertainty_maps/weak_bg_entropy/coronacases_008_slice_0242.npy,205,61576,4,64,0.460966557264328,True
coronacases_008,243,/kaggle/working/scribble-uncertainty-lung-segmentation/data/pseudo_labels/weak_bg_entropy/coronacases_008_slice_0243.npy,/kaggle/working/scribble-uncertainty-lung-segmentation/data/pseudo_labels/weak_bg_confidence/coronacases_008_slice_0243.npy,/kaggle/working/scribble-uncertainty-lung-segmentation/outputs/uncertainty_maps/weak_bg_entropy/coronacases_008_slice_0243.npy,207,61774,4,68,0.47999998927116394,True
coronacases_008,244,/kaggle/working/scribble-uncertainty-lung-segmentation/data/pseudo_labels/weak_bg_entropy/coronacases_008_slice_0244.npy,/kaggle/working/scribble-uncertainty-lung-segmentation/data/pseudo_labels/weak_bg_confidence/coronacases_008_slice_0244.npy,/kaggle/working/scribble-uncertainty-lung-segmentation/outputs/uncertainty_maps/weak_bg_entropy/coronacases_008_slice_0244.npy,159,61921,4,93,0.5079365372657776,True
coronacases_008,245,/kaggle/working/scribble-uncertainty-lung-segmentation/data/pseudo_labels/weak_bg_entropy/coronacases_008_slice_0245.npy,/kaggle/working/scribble-uncertainty-lung-segmentation/data/pseudo_labels/weak_bg_confidence/coronacases_008_slice_0245.npy,/kaggle/working/scribble-uncertainty-lung-segmentation/outputs/uncertainty_maps/weak_bg_entropy/coronacases_008_slice_0245.npy,143,62071,4,88,0.4675324559211731,True
coronacases_008,246,/kaggle/working/scribble-uncertainty-lung-segmentation/data/pseudo_labels/weak_bg_entropy/coronacases_008_slice_0246.npy,/kaggle/working/scribble-uncertainty-lung-segmentation/data/pseudo_labels/weak_bg_confidence/coronacases_008_slice_0246.npy,/kaggle/working/scribble-uncertainty-lung-segmentation/outputs/uncertainty_maps/weak_bg_entropy/coronacases_008_slice_0246.npy,97,62167,8,111,0.5769230723381042,True
coronacases_008,247,/kaggle/working/scribble-uncertainty-lung-segmentation/data/pseudo_labels/weak_bg_entropy/coronacases_008_slice_0247.npy,/kaggle/working/scribble-uncertainty-lung-segmentation/data/pseudo_labels/weak_bg_confidence/coronacases_008_slice_0247.npy,/kaggle/working/scribble-uncertainty-lung-segmentation/outputs/uncertainty_maps/weak_bg_entropy/coronacases_008_slice_0247.npy,63,62290,4,86,0.42953020334243774,True
coronacases_008,248,/kaggle/working/scribble-uncertainty-lung-segmentation/data/pseudo_labels/weak_bg_entropy/coronacases_008_slice_0248.npy,/kaggle/working/scribble-uncertainty-lung-segmentation/data/pseudo_labels/weak_bg_confidence/coronacases_008_slice_0248.npy,/kaggle/working/scribble-uncertainty-lung-segmentation/outputs/uncertainty_maps/weak_bg_entropy/coronacases_008_slice_0248.npy,71,62444,4,78,0.38926175236701965,True
coronacases_008,249,/kaggle/working/scribble-uncertainty-lung-segmentation/data/pseudo_labels/weak_bg_entropy/coronacases_008_slice_0249.npy,/kaggle/working/scribble-uncertainty-lung-segmentation/data/pseudo_labels/weak_bg_confidence/coronacases_008_slice_0249.npy,/kaggle/working/scribble-uncertainty-lung-segmentation/outputs/uncertainty_maps/weak_bg_entropy/coronacases_008_slice_0249.npy,0,62518,4,55,1.8181818273177441e-09,True
coronacases_008,250,/kaggle/working/scribble-uncertainty-lung-segmentation/data/pseudo_labels/weak_bg_entropy/coronacases_008_slice_0250.npy,/kaggle/working/scribble-uncertainty-lung-segmentation/data/pseudo_labels/weak_bg_confidence/coronacases_008_slice_0250.npy,/kaggle/working/scribble-uncertainty-lung-segmentation/outputs/uncertainty_maps/weak_bg_entropy/coronacases_008_slice_0250.npy,0,62636,4,44,2.2727273396583314e-09,True
coronacases_008,251,/kaggle/working/scribble-uncertainty-lung-segmentation/data/pseudo_labels/weak_bg_entropy/coronacases_008_slice_0251.npy,/kaggle/working/scribble-uncertainty-lung-segmentation/data/pseudo_labels/weak_bg_confidence/coronacases_008_slice_0251.npy,/kaggle/working/scribble-uncertainty-lung-segmentation/outputs/uncertainty_maps/weak_bg_entropy/coronacases_008_slice_0251.npy,0,62796,4,42,2.3809523241880015e-09,True
coronacases_008,252,/kaggle/working/scribble-uncertainty-lung-segmentation/data/pseudo_labels/weak_bg_entropy/coronacases_008_slice_0252.npy,/kaggle/working/scribble-uncertainty-lung-segmentation/data/pseudo_labels/weak_bg_confidence/coronacases_008_slice_0252.npy,/kaggle/working/scribble-uncertainty-lung-segmentation/outputs/uncertainty_maps/weak_bg_entropy/coronacases_008_slice_0252.npy,5,62948,4,19,4.166666567329003e-09,True
coronacases_008,253,/kaggle/working/scribble-uncertainty-lung-segmentation/data/pseudo_labels/weak_bg_entropy/coronacases_008_slice_0253.npy,/kaggle/working/scribble-uncertainty-lung-segmentation/data/pseudo_labels/weak_bg_confidence/coronacases_008_slice_0253.npy,/kaggle/working/scribble-uncertainty-lung-segmentation/outputs/uncertainty_maps/weak_bg_entropy/coronacases_008_slice_0253.npy,0,63075,4,25,3.999999886872274e-09,True
coronacases_008,254,/kaggle/working/scribble-uncertainty-lung-segmentation/data/pseudo_labels/weak_bg_entropy/coronacases_008_slice_0254.npy,/kaggle/working/scribble-uncertainty-lung-segmentation/data/pseudo_labels/weak_bg_confidence/coronacases_008_slice_0254.npy,/kaggle/working/scribble-uncertainty-lung-segmentation/outputs/uncertainty_maps/weak_bg_entropy/coronacases_008_slice_0254.npy,18,63221,4,17,2.8571429666612858e-09,True
coronacases_008,255,/kaggle/working/scribble-uncertainty-lung-segmentation/data/pseudo_labels/weak_bg_entropy/coronacases_008_slice_0255.npy,/kaggle/working/scribble-uncertainty-lung-segmentation/data/pseudo_labels/weak_bg_confidence/coronacases_008_slice_0255.npy,/kaggle/working/scribble-uncertainty-lung-segmentation/outputs/uncertainty_maps/weak_bg_entropy/coronacases_008_slice_0255.npy,0,63341,0,0,1.0,False
coronacases_008,256,/kaggle/working/scribble-uncertainty-lung-segmentation/data/pseudo_labels/weak_bg_entropy/coronacases_008_slice_0256.npy,/kaggle/working/scribble-uncertainty-lung-segmentation/data/pseudo_labels/weak_bg_confidence/coronacases_008_slice_0256.npy,/kaggle/working/scribble-uncertainty-lung-segmentation/outputs/uncertainty_maps/weak_bg_entropy/coronacases_008_slice_0256.npy,0,63477,0,0,1.0,False
coronacases_008,257,/kaggle/working/scribble-uncertainty-lung-segmentation/data/pseudo_labels/weak_bg_entropy/coronacases_008_slice_0257.npy,/kaggle/working/scribble-uncertainty-lung-segmentation/data/pseudo_labels/weak_bg_confidence/coronacases_008_slice_0257.npy,/kaggle/working/scribble-uncertainty-lung-segmentation/outputs/uncertainty_maps/weak_bg_entropy/coronacases_008_slice_0257.npy,0,63609,0,0,1.0,False
coronacases_008,258,/kaggle/working/scribble-uncertainty-lung-segmentation/data/pseudo_labels/weak_bg_entropy/coronacases_008_slice_0258.npy,/kaggle/working/scribble-uncertainty-lung-segmentation/data/pseudo_labels/weak_bg_confidence/coronacases_008_slice_0258.npy,/kaggle/working/scribble-uncertainty-lung-segmentation/outputs/uncertainty_maps/weak_bg_entropy/coronacases_008_slice_0258.npy,0,63748,0,0,1.0,False
coronacases_008,259,/kaggle/working/scribble-uncertainty-lung-segmentation/data/pseudo_labels/weak_bg_entropy/coronacases_008_slice_0259.npy,/kaggle/working/scribble-uncertainty-lung-segmentation/data/pseudo_labels/weak_bg_confidence/coronacases_008_slice_0259.npy,/kaggle/working/scribble-uncertainty-lung-segmentation/outputs/uncertainty_maps/weak_bg_entropy/coronacases_008_slice_0259.npy,0,63886,0,0,1.0,False
coronacases_008,260,/kaggle/working/scribble-uncertainty-lung-segmentation/data/pseudo_labels/weak_bg_entropy/coronacases_008_slice_0260.npy,/kaggle/working/scribble-uncertainty-lung-segmentation/data/pseudo_labels/weak_bg_confidence/coronacases_008_slice_0260.npy,/kaggle/working/scribble-uncertainty-lung-segmentation/outputs/uncertainty_maps/weak_bg_entropy/coronacases_008_slice_0260.npy,50,64078,4,49,0.868686854839325,True
coronacases_008,261,/kaggle/working/scribble-uncertainty-lung-segmentation/data/pseudo_labels/weak_bg_entropy/coronacases_008_slice_0261.npy,/kaggle/working/scribble-uncertainty-lung-segmentation/data/pseudo_labels/weak_bg_confidence/coronacases_008_slice_0261.npy,/kaggle/working/scribble-uncertainty-lung-segmentation/outputs/uncertainty_maps/weak_bg_entropy/coronacases_008_slice_0261.npy,60,64245,4,47,0.7663551568984985,True
coronacases_008,262,/kaggle/working/scribble-uncertainty-lung-segmentation/data/pseudo_labels/weak_bg_entropy/coronacases_008_slice_0262.npy,/kaggle/working/scribble-uncertainty-lung-segmentation/data/pseudo_labels/weak_bg_confidence/coronacases_008_slice_0262.npy,/kaggle/working/scribble-uncertainty-lung-segmentation/outputs/uncertainty_maps/weak_bg_entropy/coronacases_008_slice_0262.npy,46,64351,4,54,0.800000011920929,True
coronacases_008,263,/kaggle/working/scribble-uncertainty-lung-segmentation/data/pseudo_labels/weak_bg_entropy/coronacases_008_slice_0263.npy,/kaggle/working/scribble-uncertainty-lung-segmentation/data/pseudo_labels/weak_bg_confidence/coronacases_008_slice_0263.npy,/kaggle/working/scribble-uncertainty-lung-segmentation/outputs/uncertainty_maps/weak_bg_entropy/coronacases_008_slice_0263.npy,35,64417,4,70,0.6476190686225891,True
coronacases_008,264,/kaggle/working/scribble-uncertainty-lung-segmentation/data/pseudo_labels/weak_bg_entropy/coronacases_008_slice_0264.npy,/kaggle/working/scribble-uncertainty-lung-segmentation/data/pseudo_labels/weak_bg_confidence/coronacases_008_slice_0264.npy,/kaggle/working/scribble-uncertainty-lung-segmentation/outputs/uncertainty_maps/weak_bg_entropy/coronacases_008_slice_0264.npy,12,64536,1,69,0.1975308656692505,True
coronacases_008,265,/kaggle/working/scribble-uncertainty-lung-segmentation/data/pseudo_labels/weak_bg_entropy/coronacases_008_slice_0265.npy,/kaggle/working/scribble-uncertainty-lung-segmentation/data/pseudo_labels/weak_bg_confidence/coronacases_008_slice_0265.npy,/kaggle/working/scribble-uncertainty-lung-segmentation/outputs/uncertainty_maps/weak_bg_entropy/coronacases_008_slice_0265.npy,0,64670,4,54,1.8518518940524586e-09,True
coronacases_008,266,/kaggle/working/scribble-uncertainty-lung-segmentation/data/pseudo_labels/weak_bg_entropy/coronacases_008_slice_0266.npy,/kaggle/working/scribble-uncertainty-lung-segmentation/data/pseudo_labels/weak_bg_confidence/coronacases_008_slice_0266.npy,/kaggle/working/scribble-uncertainty-lung-segmentation/outputs/uncertainty_maps/weak_bg_entropy/coronacases_008_slice_0266.npy,0,64812,4,41,2.4390243158478597e-09,True
coronacases_008,267,/kaggle/working/scribble-uncertainty-lung-segmentation/data/pseudo_labels/weak_bg_entropy/coronacases_008_slice_0267.npy,/kaggle/working/scribble-uncertainty-lung-segmentation/data/pseudo_labels/weak_bg_confidence/coronacases_008_slice_0267.npy,/kaggle/working/scribble-uncertainty-lung-segmentation/outputs/uncertainty_maps/weak_bg_entropy/coronacases_008_slice_0267.npy,0,65184,4,44,2.2727273396583314e-09,True
coronacases_008,268,/kaggle/working/scribble-uncertainty-lung-segmentation/data/pseudo_labels/weak_bg_entropy/coronacases_008_slice_0268.npy,/kaggle/working/scribble-uncertainty-lung-segmentation/data/pseudo_labels/weak_bg_confidence/coronacases_008_slice_0268.npy,/kaggle/working/scribble-uncertainty-lung-segmentation/outputs/uncertainty_maps/weak_bg_entropy/coronacases_008_slice_0268.npy,0,65536,4,47,2.1276596040564755e-09,True
coronacases_008,269,/kaggle/working/scribble-uncertainty-lung-segmentation/data/pseudo_labels/weak_bg_entropy/coronacases_008_slice_0269.npy,/kaggle/working/scribble-uncertainty-lung-segmentation/data/pseudo_labels/weak_bg_confidence/coronacases_008_slice_0269.npy,/kaggle/working/scribble-uncertainty-lung-segmentation/outputs/uncertainty_maps/weak_bg_entropy/coronacases_008_slice_0269.npy,0,65536,0,0,1.0,False
coronacases_008,270,/kaggle/working/scribble-uncertainty-lung-segmentation/data/pseudo_labels/weak_bg_entropy/coronacases_008_slice_0270.npy,/kaggle/working/scribble-uncertainty-lung-segmentation/data/pseudo_labels/weak_bg_confidence/coronacases_008_slice_0270.npy,/kaggle/working/scribble-uncertainty-lung-segmentation/outputs/uncertainty_maps/weak_bg_entropy/coronacases_008_slice_0270.npy,0,65536,0,0,1.0,False
coronacases_008,271,/kaggle/working/scribble-uncertainty-lung-segmentation/data/pseudo_labels/weak_bg_entropy/coronacases_008_slice_0271.npy,/kaggle/working/scribble-uncertainty-lung-segmentation/data/pseudo_labels/weak_bg_confidence/coronacases_008_slice_0271.npy,/kaggle/working/scribble-uncertainty-lung-segmentation/outputs/uncertainty_maps/weak_bg_entropy/coronacases_008_slice_0271.npy,0,65536,0,0,1.0,False
coronacases_010,68,/kaggle/working/scribble-uncertainty-lung-segmentation/data/pseudo_labels/weak_bg_entropy/coronacases_010_slice_0068.npy,/kaggle/working/scribble-uncertainty-lung-segmentation/data/pseudo_labels/weak_bg_confidence/coronacases_010_slice_0068.npy,/kaggle/working/scribble-uncertainty-lung-segmentation/outputs/uncertainty_maps/weak_bg_entropy/coronacases_010_slice_0068.npy,0,65536,0,0,1.0,False
coronacases_010,69,/kaggle/working/scribble-uncertainty-lung-segmentation/data/pseudo_labels/weak_bg_entropy/coronacases_010_slice_0069.npy,/kaggle/working/scribble-uncertainty-lung-segmentation/data/pseudo_labels/weak_bg_confidence/coronacases_010_slice_0069.npy,/kaggle/working/scribble-uncertainty-lung-segmentation/outputs/uncertainty_maps/weak_bg_entropy/coronacases_010_slice_0069.npy,0,65536,0,0,1.0,False
coronacases_010,70,/kaggle/working/scribble-uncertainty-lung-segmentation/data/pseudo_labels/weak_bg_entropy/coronacases_010_slice_0070.npy,/kaggle/working/scribble-uncertainty-lung-segmentation/data/pseudo_labels/weak_bg_confidence/coronacases_010_slice_0070.npy,/kaggle/working/scribble-uncertainty-lung-segmentation/outputs/uncertainty_maps/weak_bg_entropy/coronacases_010_slice_0070.npy,0,65536,0,0,1.0,False
coronacases_010,71,/kaggle/working/scribble-uncertainty-lung-segmentation/data/pseudo_labels/weak_bg_entropy/coronacases_010_slice_0071.npy,/kaggle/working/scribble-uncertainty-lung-segmentation/data/pseudo_labels/weak_bg_confidence/coronacases_010_slice_0071.npy,/kaggle/working/scribble-uncertainty-lung-segmentation/outputs/uncertainty_maps/weak_bg_entropy/coronacases_010_slice_0071.npy,0,65536,0,0,1.0,False
coronacases_010,72,/kaggle/working/scribble-uncertainty-lung-segmentation/data/pseudo_labels/weak_bg_entropy/coronacases_010_slice_0072.npy,/kaggle/working/scribble-uncertainty-lung-segmentation/data/pseudo_labels/weak_bg_confidence/coronacases_010_slice_0072.npy,/kaggle/working/scribble-uncertainty-lung-segmentation/outputs/uncertainty_maps/weak_bg_entropy/coronacases_010_slice_0072.npy,0,65536,0,0,1.0,False
coronacases_010,73,/kaggle/working/scribble-uncertainty-lung-segmentation/data/pseudo_labels/weak_bg_entropy/coronacases_010_slice_0073.npy,/kaggle/working/scribble-uncertainty-lung-segmentation/data/pseudo_labels/weak_bg_confidence/coronacases_010_slice_0073.npy,/kaggle/working/scribble-uncertainty-lung-segmentation/outputs/uncertainty_maps/weak_bg_entropy/coronacases_010_slice_0073.npy,0,65487,0,0,1.0,False
coronacases_010,74,/kaggle/working/scribble-uncertainty-lung-segmentation/data/pseudo_labels/weak_bg_entropy/coronacases_010_slice_0074.npy,/kaggle/working/scribble-uncertainty-lung-segmentation/data/pseudo_labels/weak_bg_confidence/coronacases_010_slice_0074.npy,/kaggle/working/scribble-uncertainty-lung-segmentation/outputs/uncertainty_maps/weak_bg_entropy/coronacases_010_slice_0074.npy,0,65451,0,0,1.0,False
coronacases_010,75,/kaggle/working/scribble-uncertainty-lung-segmentation/data/pseudo_labels/weak_bg_entropy/coronacases_010_slice_0075.npy,/kaggle/working/scribble-uncertainty-lung-segmentation/data/pseudo_labels/weak_bg_confidence/coronacases_010_slice_0075.npy,/kaggle/working/scribble-uncertainty-lung-segmentation/outputs/uncertainty_maps/weak_bg_entropy/coronacases_010_slice_0075.npy,0,65313,8,92,1.086956524787297e-09,True
coronacases_010,76,/kaggle/working/scribble-uncertainty-lung-segmentation/data/pseudo_labels/weak_bg_entropy/coronacases_010_slice_0076.npy,/kaggle/working/scribble-uncertainty-lung-segmentation/data/pseudo_labels/weak_bg_confidence/coronacases_010_slice_0076.npy,/kaggle/working/scribble-uncertainty-lung-segmentation/outputs/uncertainty_maps/weak_bg_entropy/coronacases_010_slice_0076.npy,0,65032,4,71,1.4084506894107562e-09,True
coronacases_010,77,/kaggle/working/scribble-uncertainty-lung-segmentation/data/pseudo_labels/weak_bg_entropy/coronacases_010_slice_0077.npy,/kaggle/working/scribble-uncertainty-lung-segmentation/data/pseudo_labels/weak_bg_confidence/coronacases_010_slice_0077.npy,/kaggle/working/scribble-uncertainty-lung-segmentation/outputs/uncertainty_maps/weak_bg_entropy/coronacases_010_slice_0077.npy,0,64841,4,135,7.407407465187532e-10,True
coronacases_010,78,/kaggle/working/scribble-uncertainty-lung-segmentation/data/pseudo_labels/weak_bg_entropy/coronacases_010_slice_0078.npy,/kaggle/working/scribble-uncertainty-lung-segmentation/data/pseudo_labels/weak_bg_confidence/coronacases_010_slice_0078.npy,/kaggle/working/scribble-uncertainty-lung-segmentation/outputs/uncertainty_maps/weak_bg_entropy/coronacases_010_slice_0078.npy,8,64728,8,155,0.09815950691699982,True
coronacases_010,79,/kaggle/working/scribble-uncertainty-lung-segmentation/data/pseudo_labels/weak_bg_entropy/coronacases_010_slice_0079.npy,/kaggle/working/scribble-uncertainty-lung-segmentation/data/pseudo_labels/weak_bg_confidence/coronacases_010_slice_0079.npy,/kaggle/working/scribble-uncertainty-lung-segmentation/outputs/uncertainty_maps/weak_bg_entropy/coronacases_010_slice_0079.npy,6,64513,10,193,0.060301508754491806,True
coronacases_010,80,/kaggle/working/scribble-uncertainty-lung-segmentation/data/pseudo_labels/weak_bg_entropy/coronacases_010_slice_0080.npy,/kaggle/working/scribble-uncertainty-lung-segmentation/data/pseudo_labels/weak_bg_confidence/coronacases_010_slice_0080.npy,/kaggle/working/scribble-uncertainty-lung-segmentation/outputs/uncertainty_maps/weak_bg_entropy/coronacases_010_slice_0080.npy,194,64474,12,243,0.43478259444236755,True
coronacases_010,81,/kaggle/working/scribble-uncertainty-lung-segmentation/data/pseudo_labels/weak_bg_entropy/coronacases_010_slice_0081.npy,/kaggle/working/scribble-uncertainty-lung-segmentation/data/pseudo_labels/weak_bg_confidence/coronacases_010_slice_0081.npy,/kaggle/working/scribble-uncertainty-lung-segmentation/outputs/uncertainty_maps/weak_bg_entropy/coronacases_010_slice_0081.npy,463,64532,11,270,0.47748976945877075,True
coronacases_010,82,/kaggle/working/scribble-uncertainty-lung-segmentation/data/pseudo_labels/weak_bg_entropy/coronacases_010_slice_0082.npy,/kaggle/working/scribble-uncertainty-lung-segmentation/data/pseudo_labels/weak_bg_confidence/coronacases_010_slice_0082.npy,/kaggle/working/scribble-uncertainty-lung-segmentation/outputs/uncertainty_maps/weak_bg_entropy/coronacases_010_slice_0082.npy,693,64472,25,423,0.5734767317771912,True
coronacases_010,83,/kaggle/working/scribble-uncertainty-lung-segmentation/data/pseudo_labels/weak_bg_entropy/coronacases_010_slice_0083.npy,/kaggle/working/scribble-uncertainty-lung-segmentation/data/pseudo_labels/weak_bg_confidence/coronacases_010_slice_0083.npy,/kaggle/working/scribble-uncertainty-lung-segmentation/outputs/uncertainty_maps/weak_bg_entropy/coronacases_010_slice_0083.npy,882,64374,22,470,0.5754438042640686,True
coronacases_010,84,/kaggle/working/scribble-uncertainty-lung-segmentation/data/pseudo_labels/weak_bg_entropy/coronacases_010_slice_0084.npy,/kaggle/working/scribble-uncertainty-lung-segmentation/data/pseudo_labels/weak_bg_confidence/coronacases_010_slice_0084.npy,/kaggle/working/scribble-uncertainty-lung-segmentation/outputs/uncertainty_maps/weak_bg_entropy/coronacases_010_slice_0084.npy,800,64111,40,648,0.6837016344070435,True
coronacases_010,85,/kaggle/working/scribble-uncertainty-lung-segmentation/data/pseudo_labels/weak_bg_entropy/coronacases_010_slice_0085.npy,/kaggle/working/scribble-uncertainty-lung-segmentation/data/pseudo_labels/weak_bg_confidence/coronacases_010_slice_0085.npy,/kaggle/working/scribble-uncertainty-lung-segmentation/outputs/uncertainty_maps/weak_bg_entropy/coronacases_010_slice_0085.npy,908,63960,40,656,0.6726342439651489,True
coronacases_010,86,/kaggle/working/scribble-uncertainty-lung-segmentation/data/pseudo_labels/weak_bg_entropy/coronacases_010_slice_0086.npy,/kaggle/working/scribble-uncertainty-lung-segmentation/data/pseudo_labels/weak_bg_confidence/coronacases_010_slice_0086.npy,/kaggle/working/scribble-uncertainty-lung-segmentation/outputs/uncertainty_maps/weak_bg_entropy/coronacases_010_slice_0086.npy,1093,63881,50,810,0.6610614657402039,True
coronacases_010,87,/kaggle/working/scribble-uncertainty-lung-segmentation/data/pseudo_labels/weak_bg_entropy/coronacases_010_slice_0087.npy,/kaggle/working/scribble-uncertainty-lung-segmentation/data/pseudo_labels/weak_bg_confidence/coronacases_010_slice_0087.npy,/kaggle/working/scribble-uncertainty-lung-segmentation/outputs/uncertainty_maps/weak_bg_entropy/coronacases_010_slice_0087.npy,1189,63789,57,1032,0.6771724224090576,True
coronacases_010,88,/kaggle/working/scribble-uncertainty-lung-segmentation/data/pseudo_labels/weak_bg_entropy/coronacases_010_slice_0088.npy,/kaggle/working/scribble-uncertainty-lung-segmentation/data/pseudo_labels/weak_bg_confidence/coronacases_010_slice_0088.npy,/kaggle/working/scribble-uncertainty-lung-segmentation/outputs/uncertainty_maps/weak_bg_entropy/coronacases_010_slice_0088.npy,1325,63737,53,1154,0.6672044992446899,True
coronacases_010,89,/kaggle/working/scribble-uncertainty-lung-segmentation/data/pseudo_labels/weak_bg_entropy/coronacases_010_slice_0089.npy,/kaggle/working/scribble-uncertainty-lung-segmentation/data/pseudo_labels/weak_bg_confidence/coronacases_010_slice_0089.npy,/kaggle/working/scribble-uncertainty-lung-segmentation/outputs/uncertainty_maps/weak_bg_entropy/coronacases_010_slice_0089.npy,1495,63714,62,1100,0.6466281414031982,True
coronacases_010,90,/kaggle/working/scribble-uncertainty-lung-segmentation/data/pseudo_labels/weak_bg_entropy/coronacases_010_slice_0090.npy,/kaggle/working/scribble-uncertainty-lung-segmentation/data/pseudo_labels/weak_bg_confidence/coronacases_010_slice_0090.npy,/kaggle/working/scribble-uncertainty-lung-segmentation/outputs/uncertainty_maps/weak_bg_entropy/coronacases_010_slice_0090.npy,1532,63523,56,1227,0.6864805817604065,True
coronacases_010,91,/kaggle/working/scribble-uncertainty-lung-segmentation/data/pseudo_labels/weak_bg_entropy/coronacases_010_slice_0091.npy,/kaggle/working/scribble-uncertainty-lung-segmentation/data/pseudo_labels/weak_bg_confidence/coronacases_010_slice_0091.npy,/kaggle/working/scribble-uncertainty-lung-segmentation/outputs/uncertainty_maps/weak_bg_entropy/coronacases_010_slice_0091.npy,1624,63392,62,1279,0.6903203725814819,True
coronacases_010,92,/kaggle/working/scribble-uncertainty-lung-segmentation/data/pseudo_labels/weak_bg_entropy/coronacases_010_slice_0092.npy,/kaggle/working/scribble-uncertainty-lung-segmentation/data/pseudo_labels/weak_bg_confidence/coronacases_010_slice_0092.npy,/kaggle/working/scribble-uncertainty-lung-segmentation/outputs/uncertainty_maps/weak_bg_entropy/coronacases_010_slice_0092.npy,1669,63209,63,1351,0.6807947158813477,True
coronacases_010,93,/kaggle/working/scribble-uncertainty-lung-segmentation/data/pseudo_labels/weak_bg_entropy/coronacases_010_slice_0093.npy,/kaggle/working/scribble-uncertainty-lung-segmentation/data/pseudo_labels/weak_bg_confidence/coronacases_010_slice_0093.npy,/kaggle/working/scribble-uncertainty-lung-segmentation/outputs/uncertainty_maps/weak_bg_entropy/coronacases_010_slice_0093.npy,1720,63086,67,1371,0.6748625040054321,True
coronacases_010,94,/kaggle/working/scribble-uncertainty-lung-segmentation/data/pseudo_labels/weak_bg_entropy/coronacases_010_slice_0094.npy,/kaggle/working/scribble-uncertainty-lung-segmentation/data/pseudo_labels/weak_bg_confidence/coronacases_010_slice_0094.npy,/kaggle/working/scribble-uncertainty-lung-segmentation/outputs/uncertainty_maps/weak_bg_entropy/coronacases_010_slice_0094.npy,1878,63002,52,1436,0.6469523310661316,True
coronacases_010,95,/kaggle/working/scribble-uncertainty-lung-segmentation/data/pseudo_labels/weak_bg_entropy/coronacases_010_slice_0095.npy,/kaggle/working/scribble-uncertainty-lung-segmentation/data/pseudo_labels/weak_bg_confidence/coronacases_010_slice_0095.npy,/kaggle/working/scribble-uncertainty-lung-segmentation/outputs/uncertainty_maps/weak_bg_entropy/coronacases_010_slice_0095.npy,1920,62831,63,1451,0.6597448587417603,True
coronacases_010,96,/kaggle/working/scribble-uncertainty-lung-segmentation/data/pseudo_labels/weak_bg_entropy/coronacases_010_slice_0096.npy,/kaggle/working/scribble-uncertainty-lung-segmentation/data/pseudo_labels/weak_bg_confidence/coronacases_010_slice_0096.npy,/kaggle/working/scribble-uncertainty-lung-segmentation/outputs/uncertainty_maps/weak_bg_entropy/coronacases_010_slice_0096.npy,1919,62672,56,1477,0.6808009147644043,True
coronacases_010,97,/kaggle/working/scribble-uncertainty-lung-segmentation/data/pseudo_labels/weak_bg_entropy/coronacases_010_slice_0097.npy,/kaggle/working/scribble-uncertainty-lung-segmentation/data/pseudo_labels/weak_bg_confidence/coronacases_010_slice_0097.npy,/kaggle/working/scribble-uncertainty-lung-segmentation/outputs/uncertainty_maps/weak_bg_entropy/coronacases_010_slice_0097.npy,1958,62544,62,1466,0.6688084006309509,True
coronacases_010,98,/kaggle/working/scribble-uncertainty-lung-segmentation/data/pseudo_labels/weak_bg_entropy/coronacases_010_slice_0098.npy,/kaggle/working/scribble-uncertainty-lung-segmentation/data/pseudo_labels/weak_bg_confidence/coronacases_010_slice_0098.npy,/kaggle/working/scribble-uncertainty-lung-segmentation/outputs/uncertainty_maps/weak_bg_entropy/coronacases_010_slice_0098.npy,1871,62481,67,1476,0.696743369102478,True
coronacases_010,99,/kaggle/working/scribble-uncertainty-lung-segmentation/data/pseudo_labels/weak_bg_entropy/coronacases_010_slice_0099.npy,/kaggle/working/scribble-uncertainty-lung-segmentation/data/pseudo_labels/weak_bg_confidence/coronacases_010_slice_0099.npy,/kaggle/working/scribble-uncertainty-lung-segmentation/outputs/uncertainty_maps/weak_bg_entropy/coronacases_010_slice_0099.npy,1965,62474,70,1573,0.6840022802352905,True
coronacases_010,100,/kaggle/working/scribble-uncertainty-lung-segmentation/data/pseudo_labels/weak_bg_entropy/coronacases_010_slice_0100.npy,/kaggle/working/scribble-uncertainty-lung-segmentation/data/pseudo_labels/weak_bg_confidence/coronacases_010_slice_0100.npy,/kaggle/working/scribble-uncertainty-lung-segmentation/outputs/uncertainty_maps/weak_bg_entropy/coronacases_010_slice_0100.npy,1980,62372,61,1507,0.7014625668525696,True
coronacases_010,101,/kaggle/working/scribble-uncertainty-lung-segmentation/data/pseudo_labels/weak_bg_entropy/coronacases_010_slice_0101.npy,/kaggle/working/scribble-uncertainty-lung-segmentation/data/pseudo_labels/weak_bg_confidence/coronacases_010_slice_0101.npy,/kaggle/working/scribble-uncertainty-lung-segmentation/outputs/uncertainty_maps/weak_bg_entropy/coronacases_010_slice_0101.npy,2102,62436,74,1547,0.7103316187858582,True
coronacases_010,102,/kaggle/working/scribble-uncertainty-lung-segmentation/data/pseudo_labels/weak_bg_entropy/coronacases_010_slice_0102.npy,/kaggle/working/scribble-uncertainty-lung-segmentation/data/pseudo_labels/weak_bg_confidence/coronacases_010_slice_0102.npy,/kaggle/working/scribble-uncertainty-lung-segmentation/outputs/uncertainty_maps/weak_bg_entropy/coronacases_010_slice_0102.npy,2159,62365,66,1673,0.7009394764900208,True
coronacases_010,103,/kaggle/working/scribble-uncertainty-lung-segmentation/data/pseudo_labels/weak_bg_entropy/coronacases_010_slice_0103.npy,/kaggle/working/scribble-uncertainty-lung-segmentation/data/pseudo_labels/weak_bg_confidence/coronacases_010_slice_0103.npy,/kaggle/working/scribble-uncertainty-lung-segmentation/outputs/uncertainty_maps/weak_bg_entropy/coronacases_010_slice_0103.npy,2177,62329,74,1596,0.6944076418876648,True
coronacases_010,104,/kaggle/working/scribble-uncertainty-lung-segmentation/data/pseudo_labels/weak_bg_entropy/coronacases_010_slice_0104.npy,/kaggle/working/scribble-uncertainty-lung-segmentation/data/pseudo_labels/weak_bg_confidence/coronacases_010_slice_0104.npy,/kaggle/working/scribble-uncertainty-lung-segmentation/outputs/uncertainty_maps/weak_bg_entropy/coronacases_010_slice_0104.npy,2198,62365,61,1434,0.6657488942146301,True
coronacases_010,105,/kaggle/working/scribble-uncertainty-lung-segmentation/data/pseudo_labels/weak_bg_entropy/coronacases_010_slice_0105.npy,/kaggle/working/scribble-uncertainty-lung-segmentation/data/pseudo_labels/weak_bg_confidence/coronacases_010_slice_0105.npy,/kaggle/working/scribble-uncertainty-lung-segmentation/outputs/uncertainty_maps/weak_bg_entropy/coronacases_010_slice_0105.npy,2191,62337,58,1601,0.6914557218551636,True
coronacases_010,106,/kaggle/working/scribble-uncertainty-lung-segmentation/data/pseudo_labels/weak_bg_entropy/coronacases_010_slice_0106.npy,/kaggle/working/scribble-uncertainty-lung-segmentation/data/pseudo_labels/weak_bg_confidence/coronacases_010_slice_0106.npy,/kaggle/working/scribble-uncertainty-lung-segmentation/outputs/uncertainty_maps/weak_bg_entropy/coronacases_010_slice_0106.npy,2117,62086,67,1558,0.746666669845581,True
coronacases_010,107,/kaggle/working/scribble-uncertainty-lung-segmentation/data/pseudo_labels/weak_bg_entropy/coronacases_010_slice_0107.npy,/kaggle/working/scribble-uncertainty-lung-segmentation/data/pseudo_labels/weak_bg_confidence/coronacases_010_slice_0107.npy,/kaggle/working/scribble-uncertainty-lung-segmentation/outputs/uncertainty_maps/weak_bg_entropy/coronacases_010_slice_0107.npy,2135,62014,60,1538,0.7323713302612305,True
coronacases_010,108,/kaggle/working/scribble-uncertainty-lung-segmentation/data/pseudo_labels/weak_bg_entropy/coronacases_010_slice_0108.npy,/kaggle/working/scribble-uncertainty-lung-segmentation/data/pseudo_labels/weak_bg_confidence/coronacases_010_slice_0108.npy,/kaggle/working/scribble-uncertainty-lung-segmentation/outputs/uncertainty_maps/weak_bg_entropy/coronacases_010_slice_0108.npy,2237,61969,57,1497,0.7118371725082397,True
coronacases_010,109,/kaggle/working/scribble-uncertainty-lung-segmentation/data/pseudo_labels/weak_bg_entropy/coronacases_010_slice_0109.npy,/kaggle/working/scribble-uncertainty-lung-segmentation/data/pseudo_labels/weak_bg_confidence/coronacases_010_slice_0109.npy,/kaggle/working/scribble-uncertainty-lung-segmentation/outputs/uncertainty_maps/weak_bg_entropy/coronacases_010_slice_0109.npy,2128,61915,64,1605,0.7248861789703369,True
coronacases_010,110,/kaggle/working/scribble-uncertainty-lung-segmentation/data/pseudo_labels/weak_bg_entropy/coronacases_010_slice_0110.npy,/kaggle/working/scribble-uncertainty-lung-segmentation/data/pseudo_labels/weak_bg_confidence/coronacases_010_slice_0110.npy,/kaggle/working/scribble-uncertainty-lung-segmentation/outputs/uncertainty_maps/weak_bg_entropy/coronacases_010_slice_0110.npy,2110,61892,66,1540,0.724383533000946,True
coronacases_010,111,/kaggle/working/scribble-uncertainty-lung-segmentation/data/pseudo_labels/weak_bg_entropy/coronacases_010_slice_0111.npy,/kaggle/working/scribble-uncertainty-lung-segmentation/data/pseudo_labels/weak_bg_confidence/coronacases_010_slice_0111.npy,/kaggle/working/scribble-uncertainty-lung-segmentation/outputs/uncertainty_maps/weak_bg_entropy/coronacases_010_slice_0111.npy,2227,61909,79,1755,0.7257659435272217,True
coronacases_010,112,/kaggle/working/scribble-uncertainty-lung-segmentation/data/pseudo_labels/weak_bg_entropy/coronacases_010_slice_0112.npy,/kaggle/working/scribble-uncertainty-lung-segmentation/data/pseudo_labels/weak_bg_confidence/coronacases_010_slice_0112.npy,/kaggle/working/scribble-uncertainty-lung-segmentation/outputs/uncertainty_maps/weak_bg_entropy/coronacases_010_slice_0112.npy,2171,61814,60,1705,0.7626419067382812,True
coronacases_010,113,/kaggle/working/scribble-uncertainty-lung-segmentation/data/pseudo_labels/weak_bg_entropy/coronacases_010_slice_0113.npy,/kaggle/working/scribble-uncertainty-lung-segmentation/data/pseudo_labels/weak_bg_confidence/coronacases_010_slice_0113.npy,/kaggle/working/scribble-uncertainty-lung-segmentation/outputs/uncertainty_maps/weak_bg_entropy/coronacases_010_slice_0113.npy,2144,61744,64,1655,0.7549355030059814,True
coronacases_010,114,/kaggle/working/scribble-uncertainty-lung-segmentation/data/pseudo_labels/weak_bg_entropy/coronacases_010_slice_0114.npy,/kaggle/working/scribble-uncertainty-lung-segmentation/data/pseudo_labels/weak_bg_confidence/coronacases_010_slice_0114.npy,/kaggle/working/scribble-uncertainty-lung-segmentation/outputs/uncertainty_maps/weak_bg_entropy/coronacases_010_slice_0114.npy,2221,61860,56,1787,0.7015967965126038,True
coronacases_010,115,/kaggle/working/scribble-uncertainty-lung-segmentation/data/pseudo_labels/weak_bg_entropy/coronacases_010_slice_0115.npy,/kaggle/working/scribble-uncertainty-lung-segmentation/data/pseudo_labels/weak_bg_confidence/coronacases_010_slice_0115.npy,/kaggle/working/scribble-uncertainty-lung-segmentation/outputs/uncertainty_maps/weak_bg_entropy/coronacases_010_slice_0115.npy,2212,61856,53,1804,0.6987051963806152,True
coronacases_010,116,/kaggle/working/scribble-uncertainty-lung-segmentation/data/pseudo_labels/weak_bg_entropy/coronacases_010_slice_0116.npy,/kaggle/working/scribble-uncertainty-lung-segmentation/data/pseudo_labels/weak_bg_confidence/coronacases_010_slice_0116.npy,/kaggle/working/scribble-uncertainty-lung-segmentation/outputs/uncertainty_maps/weak_bg_entropy/coronacases_010_slice_0116.npy,2203,61808,66,1686,0.7266649603843689,True
coronacases_010,117,/kaggle/working/scribble-uncertainty-lung-segmentation/data/pseudo_labels/weak_bg_entropy/coronacases_010_slice_0117.npy,/kaggle/working/scribble-uncertainty-lung-segmentation/data/pseudo_labels/weak_bg_confidence/coronacases_010_slice_0117.npy,/kaggle/working/scribble-uncertainty-lung-segmentation/outputs/uncertainty_maps/weak_bg_entropy/coronacases_010_slice_0117.npy,2263,62012,64,1692,0.7362831830978394,True
coronacases_010,118,/kaggle/working/scribble-uncertainty-lung-segmentation/data/pseudo_labels/weak_bg_entropy/coronacases_010_slice_0118.npy,/kaggle/working/scribble-uncertainty-lung-segmentation/data/pseudo_labels/weak_bg_confidence/coronacases_010_slice_0118.npy,/kaggle/working/scribble-uncertainty-lung-segmentation/outputs/uncertainty_maps/weak_bg_entropy/coronacases_010_slice_0118.npy,2194,61986,61,1759,0.7573994398117065,True
coronacases_010,119,/kaggle/working/scribble-uncertainty-lung-segmentation/data/pseudo_labels/weak_bg_entropy/coronacases_010_slice_0119.npy,/kaggle/working/scribble-uncertainty-lung-segmentation/data/pseudo_labels/weak_bg_confidence/coronacases_010_slice_0119.npy,/kaggle/working/scribble-uncertainty-lung-segmentation/outputs/uncertainty_maps/weak_bg_entropy/coronacases_010_slice_0119.npy,2424,62214,77,1928,0.7366728186607361,True
coronacases_010,120,/kaggle/working/scribble-uncertainty-lung-segmentation/data/pseudo_labels/weak_bg_entropy/coronacases_010_slice_0120.npy,/kaggle/working/scribble-uncertainty-lung-segmentation/data/pseudo_labels/weak_bg_confidence/coronacases_010_slice_0120.npy,/kaggle/working/scribble-uncertainty-lung-segmentation/outputs/uncertainty_maps/weak_bg_entropy/coronacases_010_slice_0120.npy,2394,62165,83,1975,0.7232776284217834,True
coronacases_010,121,/kaggle/working/scribble-uncertainty-lung-segmentation/data/pseudo_labels/weak_bg_entropy/coronacases_010_slice_0121.npy,/kaggle/working/scribble-uncertainty-lung-segmentation/data/pseudo_labels/weak_bg_confidence/coronacases_010_slice_0121.npy,/kaggle/working/scribble-uncertainty-lung-segmentation/outputs/uncertainty_maps/weak_bg_entropy/coronacases_010_slice_0121.npy,2394,62096,78,2096,0.738084614276886,True
coronacases_010,122,/kaggle/working/scribble-uncertainty-lung-segmentation/data/pseudo_labels/weak_bg_entropy/coronacases_010_slice_0122.npy,/kaggle/working/scribble-uncertainty-lung-segmentation/data/pseudo_labels/weak_bg_confidence/coronacases_010_slice_0122.npy,/kaggle/working/scribble-uncertainty-lung-segmentation/outputs/uncertainty_maps/weak_bg_entropy/coronacases_010_slice_0122.npy,2298,61909,72,1931,0.7472215890884399,True
coronacases_010,123,/kaggle/working/scribble-uncertainty-lung-segmentation/data/pseudo_labels/weak_bg_entropy/coronacases_010_slice_0123.npy,/kaggle/working/scribble-uncertainty-lung-segmentation/data/pseudo_labels/weak_bg_confidence/coronacases_010_slice_0123.npy,/kaggle/working/scribble-uncertainty-lung-segmentation/outputs/uncertainty_maps/weak_bg_entropy/coronacases_010_slice_0123.npy,2224,61798,57,1891,0.7747266292572021,True
coronacases_010,124,/kaggle/working/scribble-uncertainty-lung-segmentation/data/pseudo_labels/weak_bg_entropy/coronacases_010_slice_0124.npy,/kaggle/working/scribble-uncertainty-lung-segmentation/data/pseudo_labels/weak_bg_confidence/coronacases_010_slice_0124.npy,/kaggle/working/scribble-uncertainty-lung-segmentation/outputs/uncertainty_maps/weak_bg_entropy/coronacases_010_slice_0124.npy,2294,61842,70,1910,0.7868696451187134,True
coronacases_010,125,/kaggle/working/scribble-uncertainty-lung-segmentation/data/pseudo_labels/weak_bg_entropy/coronacases_010_slice_0125.npy,/kaggle/working/scribble-uncertainty-lung-segmentation/data/pseudo_labels/weak_bg_confidence/coronacases_010_slice_0125.npy,/kaggle/working/scribble-uncertainty-lung-segmentation/outputs/uncertainty_maps/weak_bg_entropy/coronacases_010_slice_0125.npy,2108,61631,65,1873,0.7927656173706055,True
coronacases_010,126,/kaggle/working/scribble-uncertainty-lung-segmentation/data/pseudo_labels/weak_bg_entropy/coronacases_010_slice_0126.npy,/kaggle/working/scribble-uncertainty-lung-segmentation/data/pseudo_labels/weak_bg_confidence/coronacases_010_slice_0126.npy,/kaggle/working/scribble-uncertainty-lung-segmentation/outputs/uncertainty_maps/weak_bg_entropy/coronacases_010_slice_0126.npy,2242,61624,71,1886,0.7422480583190918,True
coronacases_010,127,/kaggle/working/scribble-uncertainty-lung-segmentation/data/pseudo_labels/weak_bg_entropy/coronacases_010_slice_0127.npy,/kaggle/working/scribble-uncertainty-lung-segmentation/data/pseudo_labels/weak_bg_confidence/coronacases_010_slice_0127.npy,/kaggle/working/scribble-uncertainty-lung-segmentation/outputs/uncertainty_maps/weak_bg_entropy/coronacases_010_slice_0127.npy,2539,61812,55,1721,0.6873239278793335,True
coronacases_010,128,/kaggle/working/scribble-uncertainty-lung-segmentation/data/pseudo_labels/weak_bg_entropy/coronacases_010_slice_0128.npy,/kaggle/working/scribble-uncertainty-lung-segmentation/data/pseudo_labels/weak_bg_confidence/coronacases_010_slice_0128.npy,/kaggle/working/scribble-uncertainty-lung-segmentation/outputs/uncertainty_maps/weak_bg_entropy/coronacases_010_slice_0128.npy,2740,61906,90,1739,0.6648805737495422,True
coronacases_010,129,/kaggle/working/scribble-uncertainty-lung-segmentation/data/pseudo_labels/weak_bg_entropy/coronacases_010_slice_0129.npy,/kaggle/working/scribble-uncertainty-lung-segmentation/data/pseudo_labels/weak_bg_confidence/coronacases_010_slice_0129.npy,/kaggle/working/scribble-uncertainty-lung-segmentation/outputs/uncertainty_maps/weak_bg_entropy/coronacases_010_slice_0129.npy,2795,61815,68,1574,0.6225680708885193,True
coronacases_010,130,/kaggle/working/scribble-uncertainty-lung-segmentation/data/pseudo_labels/weak_bg_entropy/coronacases_010_slice_0130.npy,/kaggle/working/scribble-uncertainty-lung-segmentation/data/pseudo_labels/weak_bg_confidence/coronacases_010_slice_0130.npy,/kaggle/working/scribble-uncertainty-lung-segmentation/outputs/uncertainty_maps/weak_bg_entropy/coronacases_010_slice_0130.npy,2726,61662,62,1478,0.5770694613456726,True
coronacases_010,131,/kaggle/working/scribble-uncertainty-lung-segmentation/data/pseudo_labels/weak_bg_entropy/coronacases_010_slice_0131.npy,/kaggle/working/scribble-uncertainty-lung-segmentation/data/pseudo_labels/weak_bg_confidence/coronacases_010_slice_0131.npy,/kaggle/working/scribble-uncertainty-lung-segmentation/outputs/uncertainty_maps/weak_bg_entropy/coronacases_010_slice_0131.npy,2895,61610,76,1635,0.5810154676437378,True
coronacases_010,132,/kaggle/working/scribble-uncertainty-lung-segmentation/data/pseudo_labels/weak_bg_entropy/coronacases_010_slice_0132.npy,/kaggle/working/scribble-uncertainty-lung-segmentation/data/pseudo_labels/weak_bg_confidence/coronacases_010_slice_0132.npy,/kaggle/working/scribble-uncertainty-lung-segmentation/outputs/uncertainty_maps/weak_bg_entropy/coronacases_010_slice_0132.npy,2996,61597,59,1431,0.5511633157730103,True
coronacases_010,133,/kaggle/working/scribble-uncertainty-lung-segmentation/data/pseudo_labels/weak_bg_entropy/coronacases_010_slice_0133.npy,/kaggle/working/scribble-uncertainty-lung-segmentation/data/pseudo_labels/weak_bg_confidence/coronacases_010_slice_0133.npy,/kaggle/working/scribble-uncertainty-lung-segmentation/outputs/uncertainty_maps/weak_bg_entropy/coronacases_010_slice_0133.npy,3024,61419,61,1604,0.601987898349762,True
coronacases_010,134,/kaggle/working/scribble-uncertainty-lung-segmentation/data/pseudo_labels/weak_bg_entropy/coronacases_010_slice_0134.npy,/kaggle/working/scribble-uncertainty-lung-segmentation/data/pseudo_labels/weak_bg_confidence/coronacases_010_slice_0134.npy,/kaggle/working/scribble-uncertainty-lung-segmentation/outputs/uncertainty_maps/weak_bg_entropy/coronacases_010_slice_0134.npy,3001,61215,79,1699,0.6191489100456238,True
coronacases_010,135,/kaggle/working/scribble-uncertainty-lung-segmentation/data/pseudo_labels/weak_bg_entropy/coronacases_010_slice_0135.npy,/kaggle/working/scribble-uncertainty-lung-segmentation/data/pseudo_labels/weak_bg_confidence/coronacases_010_slice_0135.npy,/kaggle/working/scribble-uncertainty-lung-segmentation/outputs/uncertainty_maps/weak_bg_entropy/coronacases_010_slice_0135.npy,2884,60920,69,1687,0.6501859426498413,True
coronacases_010,136,/kaggle/working/scribble-uncertainty-lung-segmentation/data/pseudo_labels/weak_bg_entropy/coronacases_010_slice_0136.npy,/kaggle/working/scribble-uncertainty-lung-segmentation/data/pseudo_labels/weak_bg_confidence/coronacases_010_slice_0136.npy,/kaggle/working/scribble-uncertainty-lung-segmentation/outputs/uncertainty_maps/weak_bg_entropy/coronacases_010_slice_0136.npy,2915,60760,75,1767,0.6552755236625671,True
coronacases_010,137,/kaggle/working/scribble-uncertainty-lung-segmentation/data/pseudo_labels/weak_bg_entropy/coronacases_010_slice_0137.npy,/kaggle/working/scribble-uncertainty-lung-segmentation/data/pseudo_labels/weak_bg_confidence/coronacases_010_slice_0137.npy,/kaggle/working/scribble-uncertainty-lung-segmentation/outputs/uncertainty_maps/weak_bg_entropy/coronacases_010_slice_0137.npy,2721,60293,74,1697,0.6373924612998962,True
coronacases_010,138,/kaggle/working/scribble-uncertainty-lung-segmentation/data/pseudo_labels/weak_bg_entropy/coronacases_010_slice_0138.npy,/kaggle/working/scribble-uncertainty-lung-segmentation/data/pseudo_labels/weak_bg_confidence/coronacases_010_slice_0138.npy,/kaggle/working/scribble-uncertainty-lung-segmentation/outputs/uncertainty_maps/weak_bg_entropy/coronacases_010_slice_0138.npy,2775,60057,86,1868,0.6646564602851868,True
coronacases_010,139,/kaggle/working/scribble-uncertainty-lung-segmentation/data/pseudo_labels/weak_bg_entropy/coronacases_010_slice_0139.npy,/kaggle/working/scribble-uncertainty-lung-segmentation/data/pseudo_labels/weak_bg_confidence/coronacases_010_slice_0139.npy,/kaggle/working/scribble-uncertainty-lung-segmentation/outputs/uncertainty_maps/weak_bg_entropy/coronacases_010_slice_0139.npy,2411,59721,79,1849,0.7009389400482178,True
coronacases_010,140,/kaggle/working/scribble-uncertainty-lung-segmentation/data/pseudo_labels/weak_bg_entropy/coronacases_010_slice_0140.npy,/kaggle/working/scribble-uncertainty-lung-segmentation/data/pseudo_labels/weak_bg_confidence/coronacases_010_slice_0140.npy,/kaggle/working/scribble-uncertainty-lung-segmentation/outputs/uncertainty_maps/weak_bg_entropy/coronacases_010_slice_0140.npy,2583,59946,62,1713,0.6759776473045349,True
coronacases_010,141,/kaggle/working/scribble-uncertainty-lung-segmentation/data/pseudo_labels/weak_bg_entropy/coronacases_010_slice_0141.npy,/kaggle/working/scribble-uncertainty-lung-segmentation/data/pseudo_labels/weak_bg_confidence/coronacases_010_slice_0141.npy,/kaggle/working/scribble-uncertainty-lung-segmentation/outputs/uncertainty_maps/weak_bg_entropy/coronacases_010_slice_0141.npy,2630,59997,63,1503,0.6252117156982422,True
coronacases_010,142,/kaggle/working/scribble-uncertainty-lung-segmentation/data/pseudo_labels/weak_bg_entropy/coronacases_010_slice_0142.npy,/kaggle/working/scribble-uncertainty-lung-segmentation/data/pseudo_labels/weak_bg_confidence/coronacases_010_slice_0142.npy,/kaggle/working/scribble-uncertainty-lung-segmentation/outputs/uncertainty_maps/weak_bg_entropy/coronacases_010_slice_0142.npy,2683,60048,54,1551,0.634388267993927,True
coronacases_010,143,/kaggle/working/scribble-uncertainty-lung-segmentation/data/pseudo_labels/weak_bg_entropy/coronacases_010_slice_0143.npy,/kaggle/working/scribble-uncertainty-lung-segmentation/data/pseudo_labels/weak_bg_confidence/coronacases_010_slice_0143.npy,/kaggle/working/scribble-uncertainty-lung-segmentation/outputs/uncertainty_maps/weak_bg_entropy/coronacases_010_slice_0143.npy,2583,59954,54,1494,0.6303654909133911,True
coronacases_010,144,/kaggle/working/scribble-uncertainty-lung-segmentation/data/pseudo_labels/weak_bg_entropy/coronacases_010_slice_0144.npy,/kaggle/working/scribble-uncertainty-lung-segmentation/data/pseudo_labels/weak_bg_confidence/coronacases_010_slice_0144.npy,/kaggle/working/scribble-uncertainty-lung-segmentation/outputs/uncertainty_maps/weak_bg_entropy/coronacases_010_slice_0144.npy,2585,60016,51,1439,0.6083499193191528,True
coronacases_010,145,/kaggle/working/scribble-uncertainty-lung-segmentation/data/pseudo_labels/weak_bg_entropy/coronacases_010_slice_0145.npy,/kaggle/working/scribble-uncertainty-lung-segmentation/data/pseudo_labels/weak_bg_confidence/coronacases_010_slice_0145.npy,/kaggle/working/scribble-uncertainty-lung-segmentation/outputs/uncertainty_maps/weak_bg_entropy/coronacases_010_slice_0145.npy,2520,59986,52,1359,0.6161381602287292,True
coronacases_010,146,/kaggle/working/scribble-uncertainty-lung-segmentation/data/pseudo_labels/weak_bg_entropy/coronacases_010_slice_0146.npy,/kaggle/working/scribble-uncertainty-lung-segmentation/data/pseudo_labels/weak_bg_confidence/coronacases_010_slice_0146.npy,/kaggle/working/scribble-uncertainty-lung-segmentation/outputs/uncertainty_maps/weak_bg_entropy/coronacases_010_slice_0146.npy,2529,59990,54,1332,0.6102046370506287,True
coronacases_010,147,/kaggle/working/scribble-uncertainty-lung-segmentation/data/pseudo_labels/weak_bg_entropy/coronacases_010_slice_0147.npy,/kaggle/working/scribble-uncertainty-lung-segmentation/data/pseudo_labels/weak_bg_confidence/coronacases_010_slice_0147.npy,/kaggle/working/scribble-uncertainty-lung-segmentation/outputs/uncertainty_maps/weak_bg_entropy/coronacases_010_slice_0147.npy,2376,59892,56,1448,0.6406903862953186,True
coronacases_010,148,/kaggle/working/scribble-uncertainty-lung-segmentation/data/pseudo_labels/weak_bg_entropy/coronacases_010_slice_0148.npy,/kaggle/working/scribble-uncertainty-lung-segmentation/data/pseudo_labels/weak_bg_confidence/coronacases_010_slice_0148.npy,/kaggle/working/scribble-uncertainty-lung-segmentation/outputs/uncertainty_maps/weak_bg_entropy/coronacases_010_slice_0148.npy,2288,59871,53,1401,0.6375711560249329,True
coronacases_010,149,/kaggle/working/scribble-uncertainty-lung-segmentation/data/pseudo_labels/weak_bg_entropy/coronacases_010_slice_0149.npy,/kaggle/working/scribble-uncertainty-lung-segmentation/data/pseudo_labels/weak_bg_confidence/coronacases_010_slice_0149.npy,/kaggle/working/scribble-uncertainty-lung-segmentation/outputs/uncertainty_maps/weak_bg_entropy/coronacases_010_slice_0149.npy,2245,59848,61,1584,0.6873857378959656,True
coronacases_010,150,/kaggle/working/scribble-uncertainty-lung-segmentation/data/pseudo_labels/weak_bg_entropy/coronacases_010_slice_0150.npy,/kaggle/working/scribble-uncertainty-lung-segmentation/data/pseudo_labels/weak_bg_confidence/coronacases_010_slice_0150.npy,/kaggle/working/scribble-uncertainty-lung-segmentation/outputs/uncertainty_maps/weak_bg_entropy/coronacases_010_slice_0150.npy,2182,59715,69,1586,0.6783439517021179,True
coronacases_010,151,/kaggle/working/scribble-uncertainty-lung-segmentation/data/pseudo_labels/weak_bg_entropy/coronacases_010_slice_0151.npy,/kaggle/working/scribble-uncertainty-lung-segmentation/data/pseudo_labels/weak_bg_confidence/coronacases_010_slice_0151.npy,/kaggle/working/scribble-uncertainty-lung-segmentation/outputs/uncertainty_maps/weak_bg_entropy/coronacases_010_slice_0151.npy,2392,59998,68,1484,0.6666666865348816,True
coronacases_010,152,/kaggle/working/scribble-uncertainty-lung-segmentation/data/pseudo_labels/weak_bg_entropy/coronacases_010_slice_0152.npy,/kaggle/working/scribble-uncertainty-lung-segmentation/data/pseudo_labels/weak_bg_confidence/coronacases_010_slice_0152.npy,/kaggle/working/scribble-uncertainty-lung-segmentation/outputs/uncertainty_maps/weak_bg_entropy/coronacases_010_slice_0152.npy,2332,59875,63,1633,0.7243379354476929,True
coronacases_010,153,/kaggle/working/scribble-uncertainty-lung-segmentation/data/pseudo_labels/weak_bg_entropy/coronacases_010_slice_0153.npy,/kaggle/working/scribble-uncertainty-lung-segmentation/data/pseudo_labels/weak_bg_confidence/coronacases_010_slice_0153.npy,/kaggle/working/scribble-uncertainty-lung-segmentation/outputs/uncertainty_maps/weak_bg_entropy/coronacases_010_slice_0153.npy,2602,60125,80,1631,0.6761162281036377,True
coronacases_010,154,/kaggle/working/scribble-uncertainty-lung-segmentation/data/pseudo_labels/weak_bg_entropy/coronacases_010_slice_0154.npy,/kaggle/working/scribble-uncertainty-lung-segmentation/data/pseudo_labels/weak_bg_confidence/coronacases_010_slice_0154.npy,/kaggle/working/scribble-uncertainty-lung-segmentation/outputs/uncertainty_maps/weak_bg_entropy/coronacases_010_slice_0154.npy,2414,59922,68,1739,0.7093667387962341,True
coronacases_010,155,/kaggle/working/scribble-uncertainty-lung-segmentation/data/pseudo_labels/weak_bg_entropy/coronacases_010_slice_0155.npy,/kaggle/working/scribble-uncertainty-lung-segmentation/data/pseudo_labels/weak_bg_confidence/coronacases_010_slice_0155.npy,/kaggle/working/scribble-uncertainty-lung-segmentation/outputs/uncertainty_maps/weak_bg_entropy/coronacases_010_slice_0155.npy,2390,59947,68,1654,0.7354105114936829,True
coronacases_010,156,/kaggle/working/scribble-uncertainty-lung-segmentation/data/pseudo_labels/weak_bg_entropy/coronacases_010_slice_0156.npy,/kaggle/working/scribble-uncertainty-lung-segmentation/data/pseudo_labels/weak_bg_confidence/coronacases_010_slice_0156.npy,/kaggle/working/scribble-uncertainty-lung-segmentation/outputs/uncertainty_maps/weak_bg_entropy/coronacases_010_slice_0156.npy,2314,59862,77,1494,0.7085084319114685,True
coronacases_010,157,/kaggle/working/scribble-uncertainty-lung-segmentation/data/pseudo_labels/weak_bg_entropy/coronacases_010_slice_0157.npy,/kaggle/working/scribble-uncertainty-lung-segmentation/data/pseudo_labels/weak_bg_confidence/coronacases_010_slice_0157.npy,/kaggle/working/scribble-uncertainty-lung-segmentation/outputs/uncertainty_maps/weak_bg_entropy/coronacases_010_slice_0157.npy,2315,59736,64,1528,0.7083008289337158,True
coronacases_010,158,/kaggle/working/scribble-uncertainty-lung-segmentation/data/pseudo_labels/weak_bg_entropy/coronacases_010_slice_0158.npy,/kaggle/working/scribble-uncertainty-lung-segmentation/data/pseudo_labels/weak_bg_confidence/coronacases_010_slice_0158.npy,/kaggle/working/scribble-uncertainty-lung-segmentation/outputs/uncertainty_maps/weak_bg_entropy/coronacases_010_slice_0158.npy,2325,59721,82,1614,0.703731894493103,True
coronacases_010,159,/kaggle/working/scribble-uncertainty-lung-segmentation/data/pseudo_labels/weak_bg_entropy/coronacases_010_slice_0159.npy,/kaggle/working/scribble-uncertainty-lung-segmentation/data/pseudo_labels/weak_bg_confidence/coronacases_010_slice_0159.npy,/kaggle/working/scribble-uncertainty-lung-segmentation/outputs/uncertainty_maps/weak_bg_entropy/coronacases_010_slice_0159.npy,2375,59948,76,1466,0.6295235753059387,True
coronacases_010,160,/kaggle/working/scribble-uncertainty-lung-segmentation/data/pseudo_labels/weak_bg_entropy/coronacases_010_slice_0160.npy,/kaggle/working/scribble-uncertainty-lung-segmentation/data/pseudo_labels/weak_bg_confidence/coronacases_010_slice_0160.npy,/kaggle/working/scribble-uncertainty-lung-segmentation/outputs/uncertainty_maps/weak_bg_entropy/coronacases_010_slice_0160.npy,2311,59956,82,1577,0.626028835773468,True
coronacases_010,161,/kaggle/working/scribble-uncertainty-lung-segmentation/data/pseudo_labels/weak_bg_entropy/coronacases_010_slice_0161.npy,/kaggle/working/scribble-uncertainty-lung-segmentation/data/pseudo_labels/weak_bg_confidence/coronacases_010_slice_0161.npy,/kaggle/working/scribble-uncertainty-lung-segmentation/outputs/uncertainty_maps/weak_bg_entropy/coronacases_010_slice_0161.npy,2102,59788,82,1340,0.6693782806396484,True
coronacases_010,162,/kaggle/working/scribble-uncertainty-lung-segmentation/data/pseudo_labels/weak_bg_entropy/coronacases_010_slice_0162.npy,/kaggle/working/scribble-uncertainty-lung-segmentation/data/pseudo_labels/weak_bg_confidence/coronacases_010_slice_0162.npy,/kaggle/working/scribble-uncertainty-lung-segmentation/outputs/uncertainty_maps/weak_bg_entropy/coronacases_010_slice_0162.npy,2083,59695,82,1254,0.6448906064033508,True
coronacases_010,163,/kaggle/working/scribble-uncertainty-lung-segmentation/data/pseudo_labels/weak_bg_entropy/coronacases_010_slice_0163.npy,/kaggle/working/scribble-uncertainty-lung-segmentation/data/pseudo_labels/weak_bg_confidence/coronacases_010_slice_0163.npy,/kaggle/working/scribble-uncertainty-lung-segmentation/outputs/uncertainty_maps/weak_bg_entropy/coronacases_010_slice_0163.npy,1955,59470,62,1530,0.7311334013938904,True
coronacases_010,164,/kaggle/working/scribble-uncertainty-lung-segmentation/data/pseudo_labels/weak_bg_entropy/coronacases_010_slice_0164.npy,/kaggle/working/scribble-uncertainty-lung-segmentation/data/pseudo_labels/weak_bg_confidence/coronacases_010_slice_0164.npy,/kaggle/working/scribble-uncertainty-lung-segmentation/outputs/uncertainty_maps/weak_bg_entropy/coronacases_010_slice_0164.npy,2050,59517,54,1569,0.7206410765647888,True
coronacases_010,165,/kaggle/working/scribble-uncertainty-lung-segmentation/data/pseudo_labels/weak_bg_entropy/coronacases_010_slice_0165.npy,/kaggle/working/scribble-uncertainty-lung-segmentation/data/pseudo_labels/weak_bg_confidence/coronacases_010_slice_0165.npy,/kaggle/working/scribble-uncertainty-lung-segmentation/outputs/uncertainty_maps/weak_bg_entropy/coronacases_010_slice_0165.npy,2076,59553,74,1355,0.6575342416763306,True
coronacases_010,166,/kaggle/working/scribble-uncertainty-lung-segmentation/data/pseudo_labels/weak_bg_entropy/coronacases_010_slice_0166.npy,/kaggle/working/scribble-uncertainty-lung-segmentation/data/pseudo_labels/weak_bg_confidence/coronacases_010_slice_0166.npy,/kaggle/working/scribble-uncertainty-lung-segmentation/outputs/uncertainty_maps/weak_bg_entropy/coronacases_010_slice_0166.npy,2016,59585,81,1339,0.6438152194023132,True
coronacases_010,167,/kaggle/working/scribble-uncertainty-lung-segmentation/data/pseudo_labels/weak_bg_entropy/coronacases_010_slice_0167.npy,/kaggle/working/scribble-uncertainty-lung-segmentation/data/pseudo_labels/weak_bg_confidence/coronacases_010_slice_0167.npy,/kaggle/working/scribble-uncertainty-lung-segmentation/outputs/uncertainty_maps/weak_bg_entropy/coronacases_010_slice_0167.npy,1998,59525,69,1494,0.7027491331100464,True
coronacases_010,168,/kaggle/working/scribble-uncertainty-lung-segmentation/data/pseudo_labels/weak_bg_entropy/coronacases_010_slice_0168.npy,/kaggle/working/scribble-uncertainty-lung-segmentation/data/pseudo_labels/weak_bg_confidence/coronacases_010_slice_0168.npy,/kaggle/working/scribble-uncertainty-lung-segmentation/outputs/uncertainty_maps/weak_bg_entropy/coronacases_010_slice_0168.npy,1968,59534,80,1367,0.6854572892189026,True
coronacases_010,169,/kaggle/working/scribble-uncertainty-lung-segmentation/data/pseudo_labels/weak_bg_entropy/coronacases_010_slice_0169.npy,/kaggle/working/scribble-uncertainty-lung-segmentation/data/pseudo_labels/weak_bg_confidence/coronacases_010_slice_0169.npy,/kaggle/working/scribble-uncertainty-lung-segmentation/outputs/uncertainty_maps/weak_bg_entropy/coronacases_010_slice_0169.npy,2194,59708,73,1316,0.6398860216140747,True
coronacases_010,170,/kaggle/working/scribble-uncertainty-lung-segmentation/data/pseudo_labels/weak_bg_entropy/coronacases_010_slice_0170.npy,/kaggle/working/scribble-uncertainty-lung-segmentation/data/pseudo_labels/weak_bg_confidence/coronacases_010_slice_0170.npy,/kaggle/working/scribble-uncertainty-lung-segmentation/outputs/uncertainty_maps/weak_bg_entropy/coronacases_010_slice_0170.npy,2459,59982,75,1547,0.6200699210166931,True
coronacases_010,171,/kaggle/working/scribble-uncertainty-lung-segmentation/data/pseudo_labels/weak_bg_entropy/coronacases_010_slice_0171.npy,/kaggle/working/scribble-uncertainty-lung-segmentation/data/pseudo_labels/weak_bg_confidence/coronacases_010_slice_0171.npy,/kaggle/working/scribble-uncertainty-lung-segmentation/outputs/uncertainty_maps/weak_bg_entropy/coronacases_010_slice_0171.npy,2463,60176,67,1441,0.6080942749977112,True
coronacases_010,172,/kaggle/working/scribble-uncertainty-lung-segmentation/data/pseudo_labels/weak_bg_entropy/coronacases_010_slice_0172.npy,/kaggle/working/scribble-uncertainty-lung-segmentation/data/pseudo_labels/weak_bg_confidence/coronacases_010_slice_0172.npy,/kaggle/working/scribble-uncertainty-lung-segmentation/outputs/uncertainty_maps/weak_bg_entropy/coronacases_010_slice_0172.npy,2269,60022,86,1414,0.6342655420303345,True
coronacases_010,173,/kaggle/working/scribble-uncertainty-lung-segmentation/data/pseudo_labels/weak_bg_entropy/coronacases_010_slice_0173.npy,/kaggle/working/scribble-uncertainty-lung-segmentation/data/pseudo_labels/weak_bg_confidence/coronacases_010_slice_0173.npy,/kaggle/working/scribble-uncertainty-lung-segmentation/outputs/uncertainty_maps/weak_bg_entropy/coronacases_010_slice_0173.npy,1986,59750,75,1312,0.6470588445663452,True
coronacases_010,174,/kaggle/working/scribble-uncertainty-lung-segmentation/data/pseudo_labels/weak_bg_entropy/coronacases_010_slice_0174.npy,/kaggle/working/scribble-uncertainty-lung-segmentation/data/pseudo_labels/weak_bg_confidence/coronacases_010_slice_0174.npy,/kaggle/working/scribble-uncertainty-lung-segmentation/outputs/uncertainty_maps/weak_bg_entropy/coronacases_010_slice_0174.npy,1828,59635,79,1391,0.6430568695068359,True
coronacases_010,175,/kaggle/working/scribble-uncertainty-lung-segmentation/data/pseudo_labels/weak_bg_entropy/coronacases_010_slice_0175.npy,/kaggle/working/scribble-uncertainty-lung-segmentation/data/pseudo_labels/weak_bg_confidence/coronacases_010_slice_0175.npy,/kaggle/working/scribble-uncertainty-lung-segmentation/outputs/uncertainty_maps/weak_bg_entropy/coronacases_010_slice_0175.npy,1822,59829,72,1278,0.6509677171707153,True
coronacases_010,176,/kaggle/working/scribble-uncertainty-lung-segmentation/data/pseudo_labels/weak_bg_entropy/coronacases_010_slice_0176.npy,/kaggle/working/scribble-uncertainty-lung-segmentation/data/pseudo_labels/weak_bg_confidence/coronacases_010_slice_0176.npy,/kaggle/working/scribble-uncertainty-lung-segmentation/outputs/uncertainty_maps/weak_bg_entropy/coronacases_010_slice_0176.npy,1772,59831,75,1286,0.682799220085144,True
coronacases_010,177,/kaggle/working/scribble-uncertainty-lung-segmentation/data/pseudo_labels/weak_bg_entropy/coronacases_010_slice_0177.npy,/kaggle/working/scribble-uncertainty-lung-segmentation/data/pseudo_labels/weak_bg_confidence/coronacases_010_slice_0177.npy,/kaggle/working/scribble-uncertainty-lung-segmentation/outputs/uncertainty_maps/weak_bg_entropy/coronacases_010_slice_0177.npy,1971,60045,67,1217,0.6173149347305298,True
coronacases_010,178,/kaggle/working/scribble-uncertainty-lung-segmentation/data/pseudo_labels/weak_bg_entropy/coronacases_010_slice_0178.npy,/kaggle/working/scribble-uncertainty-lung-segmentation/data/pseudo_labels/weak_bg_confidence/coronacases_010_slice_0178.npy,/kaggle/working/scribble-uncertainty-lung-segmentation/outputs/uncertainty_maps/weak_bg_entropy/coronacases_010_slice_0178.npy,1972,60121,61,1279,0.6502614617347717,True
coronacases_010,179,/kaggle/working/scribble-uncertainty-lung-segmentation/data/pseudo_labels/weak_bg_entropy/coronacases_010_slice_0179.npy,/kaggle/working/scribble-uncertainty-lung-segmentation/data/pseudo_labels/weak_bg_confidence/coronacases_010_slice_0179.npy,/kaggle/working/scribble-uncertainty-lung-segmentation/outputs/uncertainty_maps/weak_bg_entropy/coronacases_010_slice_0179.npy,1935,60227,65,1381,0.6670687794685364,True
coronacases_010,180,/kaggle/working/scribble-uncertainty-lung-segmentation/data/pseudo_labels/weak_bg_entropy/coronacases_010_slice_0180.npy,/kaggle/working/scribble-uncertainty-lung-segmentation/data/pseudo_labels/weak_bg_confidence/coronacases_010_slice_0180.npy,/kaggle/working/scribble-uncertainty-lung-segmentation/outputs/uncertainty_maps/weak_bg_entropy/coronacases_010_slice_0180.npy,1860,60130,68,1224,0.6660181879997253,True
coronacases_010,181,/kaggle/working/scribble-uncertainty-lung-segmentation/data/pseudo_labels/weak_bg_entropy/coronacases_010_slice_0181.npy,/kaggle/working/scribble-uncertainty-lung-segmentation/data/pseudo_labels/weak_bg_confidence/coronacases_010_slice_0181.npy,/kaggle/working/scribble-uncertainty-lung-segmentation/outputs/uncertainty_maps/weak_bg_entropy/coronacases_010_slice_0181.npy,1901,60164,76,1419,0.7144578099250793,True
coronacases_010,182,/kaggle/working/scribble-uncertainty-lung-segmentation/data/pseudo_labels/weak_bg_entropy/coronacases_010_slice_0182.npy,/kaggle/working/scribble-uncertainty-lung-segmentation/data/pseudo_labels/weak_bg_confidence/coronacases_010_slice_0182.npy,/kaggle/working/scribble-uncertainty-lung-segmentation/outputs/uncertainty_maps/weak_bg_entropy/coronacases_010_slice_0182.npy,2022,60304,80,1305,0.6913135051727295,True
coronacases_010,183,/kaggle/working/scribble-uncertainty-lung-segmentation/data/pseudo_labels/weak_bg_entropy/coronacases_010_slice_0183.npy,/kaggle/working/scribble-uncertainty-lung-segmentation/data/pseudo_labels/weak_bg_confidence/coronacases_010_slice_0183.npy,/kaggle/working/scribble-uncertainty-lung-segmentation/outputs/uncertainty_maps/weak_bg_entropy/coronacases_010_slice_0183.npy,1971,60316,79,1592,0.7330901026725769,True
coronacases_010,184,/kaggle/working/scribble-uncertainty-lung-segmentation/data/pseudo_labels/weak_bg_entropy/coronacases_010_slice_0184.npy,/kaggle/working/scribble-uncertainty-lung-segmentation/data/pseudo_labels/weak_bg_confidence/coronacases_010_slice_0184.npy,/kaggle/working/scribble-uncertainty-lung-segmentation/outputs/uncertainty_maps/weak_bg_entropy/coronacases_010_slice_0184.npy,1883,60331,77,1442,0.7398496270179749,True
coronacases_010,185,/kaggle/working/scribble-uncertainty-lung-segmentation/data/pseudo_labels/weak_bg_entropy/coronacases_010_slice_0185.npy,/kaggle/working/scribble-uncertainty-lung-segmentation/data/pseudo_labels/weak_bg_confidence/coronacases_010_slice_0185.npy,/kaggle/working/scribble-uncertainty-lung-segmentation/outputs/uncertainty_maps/weak_bg_entropy/coronacases_010_slice_0185.npy,1734,60277,81,1374,0.7361647486686707,True
coronacases_010,186,/kaggle/working/scribble-uncertainty-lung-segmentation/data/pseudo_labels/weak_bg_entropy/coronacases_010_slice_0186.npy,/kaggle/working/scribble-uncertainty-lung-segmentation/data/pseudo_labels/weak_bg_confidence/coronacases_010_slice_0186.npy,/kaggle/working/scribble-uncertainty-lung-segmentation/outputs/uncertainty_maps/weak_bg_entropy/coronacases_010_slice_0186.npy,1850,60395,89,1358,0.6415212154388428,True
coronacases_010,187,/kaggle/working/scribble-uncertainty-lung-segmentation/data/pseudo_labels/weak_bg_entropy/coronacases_010_slice_0187.npy,/kaggle/working/scribble-uncertainty-lung-segmentation/data/pseudo_labels/weak_bg_confidence/coronacases_010_slice_0187.npy,/kaggle/working/scribble-uncertainty-lung-segmentation/outputs/uncertainty_maps/weak_bg_entropy/coronacases_010_slice_0187.npy,2055,60592,85,1529,0.6668526530265808,True
coronacases_010,188,/kaggle/working/scribble-uncertainty-lung-segmentation/data/pseudo_labels/weak_bg_entropy/coronacases_010_slice_0188.npy,/kaggle/working/scribble-uncertainty-lung-segmentation/data/pseudo_labels/weak_bg_confidence/coronacases_010_slice_0188.npy,/kaggle/working/scribble-uncertainty-lung-segmentation/outputs/uncertainty_maps/weak_bg_entropy/coronacases_010_slice_0188.npy,1992,60483,83,1510,0.7030268311500549,True
coronacases_010,189,/kaggle/working/scribble-uncertainty-lung-segmentation/data/pseudo_labels/weak_bg_entropy/coronacases_010_slice_0189.npy,/kaggle/working/scribble-uncertainty-lung-segmentation/data/pseudo_labels/weak_bg_confidence/coronacases_010_slice_0189.npy,/kaggle/working/scribble-uncertainty-lung-segmentation/outputs/uncertainty_maps/weak_bg_entropy/coronacases_010_slice_0189.npy,2039,60588,89,1703,0.7514697909355164,True
coronacases_010,190,/kaggle/working/scribble-uncertainty-lung-segmentation/data/pseudo_labels/weak_bg_entropy/coronacases_010_slice_0190.npy,/kaggle/working/scribble-uncertainty-lung-segmentation/data/pseudo_labels/weak_bg_confidence/coronacases_010_slice_0190.npy,/kaggle/working/scribble-uncertainty-lung-segmentation/outputs/uncertainty_maps/weak_bg_entropy/coronacases_010_slice_0190.npy,1997,60561,84,1784,0.7865644097328186,True
coronacases_010,191,/kaggle/working/scribble-uncertainty-lung-segmentation/data/pseudo_labels/weak_bg_entropy/coronacases_010_slice_0191.npy,/kaggle/working/scribble-uncertainty-lung-segmentation/data/pseudo_labels/weak_bg_confidence/coronacases_010_slice_0191.npy,/kaggle/working/scribble-uncertainty-lung-segmentation/outputs/uncertainty_maps/weak_bg_entropy/coronacases_010_slice_0191.npy,1867,60485,90,1652,0.7797669768333435,True
coronacases_010,192,/kaggle/working/scribble-uncertainty-lung-segmentation/data/pseudo_labels/weak_bg_entropy/coronacases_010_slice_0192.npy,/kaggle/working/scribble-uncertainty-lung-segmentation/data/pseudo_labels/weak_bg_confidence/coronacases_010_slice_0192.npy,/kaggle/working/scribble-uncertainty-lung-segmentation/outputs/uncertainty_maps/weak_bg_entropy/coronacases_010_slice_0192.npy,1999,60592,78,1577,0.7578299641609192,True
coronacases_010,193,/kaggle/working/scribble-uncertainty-lung-segmentation/data/pseudo_labels/weak_bg_entropy/coronacases_010_slice_0193.npy,/kaggle/working/scribble-uncertainty-lung-segmentation/data/pseudo_labels/weak_bg_confidence/coronacases_010_slice_0193.npy,/kaggle/working/scribble-uncertainty-lung-segmentation/outputs/uncertainty_maps/weak_bg_entropy/coronacases_010_slice_0193.npy,2023,60672,78,1506,0.7237177491188049,True
coronacases_010,194,/kaggle/working/scribble-uncertainty-lung-segmentation/data/pseudo_labels/weak_bg_entropy/coronacases_010_slice_0194.npy,/kaggle/working/scribble-uncertainty-lung-segmentation/data/pseudo_labels/weak_bg_confidence/coronacases_010_slice_0194.npy,/kaggle/working/scribble-uncertainty-lung-segmentation/outputs/uncertainty_maps/weak_bg_entropy/coronacases_010_slice_0194.npy,2114,60816,60,1528,0.6946732401847839,True
coronacases_010,195,/kaggle/working/scribble-uncertainty-lung-segmentation/data/pseudo_labels/weak_bg_entropy/coronacases_010_slice_0195.npy,/kaggle/working/scribble-uncertainty-lung-segmentation/data/pseudo_labels/weak_bg_confidence/coronacases_010_slice_0195.npy,/kaggle/working/scribble-uncertainty-lung-segmentation/outputs/uncertainty_maps/weak_bg_entropy/coronacases_010_slice_0195.npy,2107,60855,76,1296,0.6423743963241577,True
coronacases_010,196,/kaggle/working/scribble-uncertainty-lung-segmentation/data/pseudo_labels/weak_bg_entropy/coronacases_010_slice_0196.npy,/kaggle/working/scribble-uncertainty-lung-segmentation/data/pseudo_labels/weak_bg_confidence/coronacases_010_slice_0196.npy,/kaggle/working/scribble-uncertainty-lung-segmentation/outputs/uncertainty_maps/weak_bg_entropy/coronacases_010_slice_0196.npy,1801,60618,74,1284,0.6962723135948181,True
coronacases_010,197,/kaggle/working/scribble-uncertainty-lung-segmentation/data/pseudo_labels/weak_bg_entropy/coronacases_010_slice_0197.npy,/kaggle/working/scribble-uncertainty-lung-segmentation/data/pseudo_labels/weak_bg_confidence/coronacases_010_slice_0197.npy,/kaggle/working/scribble-uncertainty-lung-segmentation/outputs/uncertainty_maps/weak_bg_entropy/coronacases_010_slice_0197.npy,1907,60748,58,1139,0.6185160875320435,True
coronacases_010,198,/kaggle/working/scribble-uncertainty-lung-segmentation/data/pseudo_labels/weak_bg_entropy/coronacases_010_slice_0198.npy,/kaggle/working/scribble-uncertainty-lung-segmentation/data/pseudo_labels/weak_bg_confidence/coronacases_010_slice_0198.npy,/kaggle/working/scribble-uncertainty-lung-segmentation/outputs/uncertainty_maps/weak_bg_entropy/coronacases_010_slice_0198.npy,1764,60725,53,1038,0.5981441736221313,True
coronacases_010,199,/kaggle/working/scribble-uncertainty-lung-segmentation/data/pseudo_labels/weak_bg_entropy/coronacases_010_slice_0199.npy,/kaggle/working/scribble-uncertainty-lung-segmentation/data/pseudo_labels/weak_bg_confidence/coronacases_010_slice_0199.npy,/kaggle/working/scribble-uncertainty-lung-segmentation/outputs/uncertainty_maps/weak_bg_entropy/coronacases_010_slice_0199.npy,1576,60504,46,989,0.6541910171508789,True
coronacases_010,200,/kaggle/working/scribble-uncertainty-lung-segmentation/data/pseudo_labels/weak_bg_entropy/coronacases_010_slice_0200.npy,/kaggle/working/scribble-uncertainty-lung-segmentation/data/pseudo_labels/weak_bg_confidence/coronacases_010_slice_0200.npy,/kaggle/working/scribble-uncertainty-lung-segmentation/outputs/uncertainty_maps/weak_bg_entropy/coronacases_010_slice_0200.npy,1476,60434,55,1111,0.7120216488838196,True
coronacases_010,201,/kaggle/working/scribble-uncertainty-lung-segmentation/data/pseudo_labels/weak_bg_entropy/coronacases_010_slice_0201.npy,/kaggle/working/scribble-uncertainty-lung-segmentation/data/pseudo_labels/weak_bg_confidence/coronacases_010_slice_0201.npy,/kaggle/working/scribble-uncertainty-lung-segmentation/outputs/uncertainty_maps/weak_bg_entropy/coronacases_010_slice_0201.npy,1521,60485,47,1135,0.7213855385780334,True
coronacases_010,202,/kaggle/working/scribble-uncertainty-lung-segmentation/data/pseudo_labels/weak_bg_entropy/coronacases_010_slice_0202.npy,/kaggle/working/scribble-uncertainty-lung-segmentation/data/pseudo_labels/weak_bg_confidence/coronacases_010_slice_0202.npy,/kaggle/working/scribble-uncertainty-lung-segmentation/outputs/uncertainty_maps/weak_bg_entropy/coronacases_010_slice_0202.npy,1592,60506,61,1072,0.674924910068512,True
coronacases_010,203,/kaggle/working/scribble-uncertainty-lung-segmentation/data/pseudo_labels/weak_bg_entropy/coronacases_010_slice_0203.npy,/kaggle/working/scribble-uncertainty-lung-segmentation/data/pseudo_labels/weak_bg_confidence/coronacases_010_slice_0203.npy,/kaggle/working/scribble-uncertainty-lung-segmentation/outputs/uncertainty_maps/weak_bg_entropy/coronacases_010_slice_0203.npy,1606,60538,52,966,0.6407464742660522,True
coronacases_010,204,/kaggle/working/scribble-uncertainty-lung-segmentation/data/pseudo_labels/weak_bg_entropy/coronacases_010_slice_0204.npy,/kaggle/working/scribble-uncertainty-lung-segmentation/data/pseudo_labels/weak_bg_confidence/coronacases_010_slice_0204.npy,/kaggle/working/scribble-uncertainty-lung-segmentation/outputs/uncertainty_maps/weak_bg_entropy/coronacases_010_slice_0204.npy,1543,60485,54,961,0.6293929815292358,True
coronacases_010,205,/kaggle/working/scribble-uncertainty-lung-segmentation/data/pseudo_labels/weak_bg_entropy/coronacases_010_slice_0205.npy,/kaggle/working/scribble-uncertainty-lung-segmentation/data/pseudo_labels/weak_bg_confidence/coronacases_010_slice_0205.npy,/kaggle/working/scribble-uncertainty-lung-segmentation/outputs/uncertainty_maps/weak_bg_entropy/coronacases_010_slice_0205.npy,1467,60436,47,989,0.6946253776550293,True
coronacases_010,206,/kaggle/working/scribble-uncertainty-lung-segmentation/data/pseudo_labels/weak_bg_entropy/coronacases_010_slice_0206.npy,/kaggle/working/scribble-uncertainty-lung-segmentation/data/pseudo_labels/weak_bg_confidence/coronacases_010_slice_0206.npy,/kaggle/working/scribble-uncertainty-lung-segmentation/outputs/uncertainty_maps/weak_bg_entropy/coronacases_010_slice_0206.npy,1619,60580,64,1206,0.7129203677177429,True
coronacases_010,207,/kaggle/working/scribble-uncertainty-lung-segmentation/data/pseudo_labels/weak_bg_entropy/coronacases_010_slice_0207.npy,/kaggle/working/scribble-uncertainty-lung-segmentation/data/pseudo_labels/weak_bg_confidence/coronacases_010_slice_0207.npy,/kaggle/working/scribble-uncertainty-lung-segmentation/outputs/uncertainty_maps/weak_bg_entropy/coronacases_010_slice_0207.npy,1633,60566,46,1162,0.719856858253479,True
coronacases_010,208,/kaggle/working/scribble-uncertainty-lung-segmentation/data/pseudo_labels/weak_bg_entropy/coronacases_010_slice_0208.npy,/kaggle/working/scribble-uncertainty-lung-segmentation/data/pseudo_labels/weak_bg_confidence/coronacases_010_slice_0208.npy,/kaggle/working/scribble-uncertainty-lung-segmentation/outputs/uncertainty_maps/weak_bg_entropy/coronacases_010_slice_0208.npy,1634,60578,55,1293,0.6839767694473267,True
coronacases_010,209,/kaggle/working/scribble-uncertainty-lung-segmentation/data/pseudo_labels/weak_bg_entropy/coronacases_010_slice_0209.npy,/kaggle/working/scribble-uncertainty-lung-segmentation/data/pseudo_labels/weak_bg_confidence/coronacases_010_slice_0209.npy,/kaggle/working/scribble-uncertainty-lung-segmentation/outputs/uncertainty_maps/weak_bg_entropy/coronacases_010_slice_0209.npy,1548,60499,52,1260,0.7236467003822327,True
coronacases_010,210,/kaggle/working/scribble-uncertainty-lung-segmentation/data/pseudo_labels/weak_bg_entropy/coronacases_010_slice_0210.npy,/kaggle/working/scribble-uncertainty-lung-segmentation/data/pseudo_labels/weak_bg_confidence/coronacases_010_slice_0210.npy,/kaggle/working/scribble-uncertainty-lung-segmentation/outputs/uncertainty_maps/weak_bg_entropy/coronacases_010_slice_0210.npy,1536,60545,50,1237,0.7212405204772949,True
coronacases_010,211,/kaggle/working/scribble-uncertainty-lung-segmentation/data/pseudo_labels/weak_bg_entropy/coronacases_010_slice_0211.npy,/kaggle/working/scribble-uncertainty-lung-segmentation/data/pseudo_labels/weak_bg_confidence/coronacases_010_slice_0211.npy,/kaggle/working/scribble-uncertainty-lung-segmentation/outputs/uncertainty_maps/weak_bg_entropy/coronacases_010_slice_0211.npy,1404,60419,54,1188,0.7407407164573669,True
coronacases_010,212,/kaggle/working/scribble-uncertainty-lung-segmentation/data/pseudo_labels/weak_bg_entropy/coronacases_010_slice_0212.npy,/kaggle/working/scribble-uncertainty-lung-segmentation/data/pseudo_labels/weak_bg_confidence/coronacases_010_slice_0212.npy,/kaggle/working/scribble-uncertainty-lung-segmentation/outputs/uncertainty_maps/weak_bg_entropy/coronacases_010_slice_0212.npy,1775,60842,54,1210,0.6646566390991211,True
coronacases_010,213,/kaggle/working/scribble-uncertainty-lung-segmentation/data/pseudo_labels/weak_bg_entropy/coronacases_010_slice_0213.npy,/kaggle/working/scribble-uncertainty-lung-segmentation/data/pseudo_labels/weak_bg_confidence/coronacases_010_slice_0213.npy,/kaggle/working/scribble-uncertainty-lung-segmentation/outputs/uncertainty_maps/weak_bg_entropy/coronacases_010_slice_0213.npy,1514,60673,56,1296,0.7395017743110657,True
coronacases_010,214,/kaggle/working/scribble-uncertainty-lung-segmentation/data/pseudo_labels/weak_bg_entropy/coronacases_010_slice_0214.npy,/kaggle/working/scribble-uncertainty-lung-segmentation/data/pseudo_labels/weak_bg_confidence/coronacases_010_slice_0214.npy,/kaggle/working/scribble-uncertainty-lung-segmentation/outputs/uncertainty_maps/weak_bg_entropy/coronacases_010_slice_0214.npy,1558,60742,62,1230,0.7352941036224365,True
coronacases_010,215,/kaggle/working/scribble-uncertainty-lung-segmentation/data/pseudo_labels/weak_bg_entropy/coronacases_010_slice_0215.npy,/kaggle/working/scribble-uncertainty-lung-segmentation/data/pseudo_labels/weak_bg_confidence/coronacases_010_slice_0215.npy,/kaggle/working/scribble-uncertainty-lung-segmentation/outputs/uncertainty_maps/weak_bg_entropy/coronacases_010_slice_0215.npy,1381,60613,53,1251,0.7606382966041565,True
coronacases_010,216,/kaggle/working/scribble-uncertainty-lung-segmentation/data/pseudo_labels/weak_bg_entropy/coronacases_010_slice_0216.npy,/kaggle/working/scribble-uncertainty-lung-segmentation/data/pseudo_labels/weak_bg_confidence/coronacases_010_slice_0216.npy,/kaggle/working/scribble-uncertainty-lung-segmentation/outputs/uncertainty_maps/weak_bg_entropy/coronacases_010_slice_0216.npy,1406,60714,48,1203,0.7313146591186523,True
coronacases_010,217,/kaggle/working/scribble-uncertainty-lung-segmentation/data/pseudo_labels/weak_bg_entropy/coronacases_010_slice_0217.npy,/kaggle/working/scribble-uncertainty-lung-segmentation/data/pseudo_labels/weak_bg_confidence/coronacases_010_slice_0217.npy,/kaggle/working/scribble-uncertainty-lung-segmentation/outputs/uncertainty_maps/weak_bg_entropy/coronacases_010_slice_0217.npy,1400,60701,51,1119,0.751091718673706,True
coronacases_010,218,/kaggle/working/scribble-uncertainty-lung-segmentation/data/pseudo_labels/weak_bg_entropy/coronacases_010_slice_0218.npy,/kaggle/working/scribble-uncertainty-lung-segmentation/data/pseudo_labels/weak_bg_confidence/coronacases_010_slice_0218.npy,/kaggle/working/scribble-uncertainty-lung-segmentation/outputs/uncertainty_maps/weak_bg_entropy/coronacases_010_slice_0218.npy,1369,60677,42,985,0.7272727489471436,True
coronacases_010,219,/kaggle/working/scribble-uncertainty-lung-segmentation/data/pseudo_labels/weak_bg_entropy/coronacases_010_slice_0219.npy,/kaggle/working/scribble-uncertainty-lung-segmentation/data/pseudo_labels/weak_bg_confidence/coronacases_010_slice_0219.npy,/kaggle/working/scribble-uncertainty-lung-segmentation/outputs/uncertainty_maps/weak_bg_entropy/coronacases_010_slice_0219.npy,1249,60645,37,847,0.7347328066825867,True
coronacases_010,220,/kaggle/working/scribble-uncertainty-lung-segmentation/data/pseudo_labels/weak_bg_entropy/coronacases_010_slice_0220.npy,/kaggle/working/scribble-uncertainty-lung-segmentation/data/pseudo_labels/weak_bg_confidence/coronacases_010_slice_0220.npy,/kaggle/working/scribble-uncertainty-lung-segmentation/outputs/uncertainty_maps/weak_bg_entropy/coronacases_010_slice_0220.npy,1135,60626,50,880,0.7344912886619568,True
coronacases_010,221,/kaggle/working/scribble-uncertainty-lung-segmentation/data/pseudo_labels/weak_bg_entropy/coronacases_010_slice_0221.npy,/kaggle/working/scribble-uncertainty-lung-segmentation/data/pseudo_labels/weak_bg_confidence/coronacases_010_slice_0221.npy,/kaggle/working/scribble-uncertainty-lung-segmentation/outputs/uncertainty_maps/weak_bg_entropy/coronacases_010_slice_0221.npy,1014,60609,39,832,0.719393253326416,True
coronacases_010,222,/kaggle/working/scribble-uncertainty-lung-segmentation/data/pseudo_labels/weak_bg_entropy/coronacases_010_slice_0222.npy,/kaggle/working/scribble-uncertainty-lung-segmentation/data/pseudo_labels/weak_bg_confidence/coronacases_010_slice_0222.npy,/kaggle/working/scribble-uncertainty-lung-segmentation/outputs/uncertainty_maps/weak_bg_entropy/coronacases_010_slice_0222.npy,1017,60678,43,828,0.7523035407066345,True
coronacases_010,223,/kaggle/working/scribble-uncertainty-lung-segmentation/data/pseudo_labels/weak_bg_entropy/coronacases_010_slice_0223.npy,/kaggle/working/scribble-uncertainty-lung-segmentation/data/pseudo_labels/weak_bg_confidence/coronacases_010_slice_0223.npy,/kaggle/working/scribble-uncertainty-lung-segmentation/outputs/uncertainty_maps/weak_bg_entropy/coronacases_010_slice_0223.npy,952,60721,36,826,0.7514060735702515,True
coronacases_010,224,/kaggle/working/scribble-uncertainty-lung-segmentation/data/pseudo_labels/weak_bg_entropy/coronacases_010_slice_0224.npy,/kaggle/working/scribble-uncertainty-lung-segmentation/data/pseudo_labels/weak_bg_confidence/coronacases_010_slice_0224.npy,/kaggle/working/scribble-uncertainty-lung-segmentation/outputs/uncertainty_maps/weak_bg_entropy/coronacases_010_slice_0224.npy,961,60813,38,811,0.7426636815071106,True
coronacases_010,225,/kaggle/working/scribble-uncertainty-lung-segmentation/data/pseudo_labels/weak_bg_entropy/coronacases_010_slice_0225.npy,/kaggle/working/scribble-uncertainty-lung-segmentation/data/pseudo_labels/weak_bg_confidence/coronacases_010_slice_0225.npy,/kaggle/working/scribble-uncertainty-lung-segmentation/outputs/uncertainty_maps/weak_bg_entropy/coronacases_010_slice_0225.npy,962,60920,40,854,0.7268722653388977,True
coronacases_010,226,/kaggle/working/scribble-uncertainty-lung-segmentation/data/pseudo_labels/weak_bg_entropy/coronacases_010_slice_0226.npy,/kaggle/working/scribble-uncertainty-lung-segmentation/data/pseudo_labels/weak_bg_confidence/coronacases_010_slice_0226.npy,/kaggle/working/scribble-uncertainty-lung-segmentation/outputs/uncertainty_maps/weak_bg_entropy/coronacases_010_slice_0226.npy,955,61045,34,759,0.714119017124176,True
coronacases_010,227,/kaggle/working/scribble-uncertainty-lung-segmentation/data/pseudo_labels/weak_bg_entropy/coronacases_010_slice_0227.npy,/kaggle/working/scribble-uncertainty-lung-segmentation/data/pseudo_labels/weak_bg_confidence/coronacases_010_slice_0227.npy,/kaggle/working/scribble-uncertainty-lung-segmentation/outputs/uncertainty_maps/weak_bg_entropy/coronacases_010_slice_0227.npy,966,61185,35,745,0.7153711318969727,True
coronacases_010,228,/kaggle/working/scribble-uncertainty-lung-segmentation/data/pseudo_labels/weak_bg_entropy/coronacases_010_slice_0228.npy,/kaggle/working/scribble-uncertainty-lung-segmentation/data/pseudo_labels/weak_bg_confidence/coronacases_010_slice_0228.npy,/kaggle/working/scribble-uncertainty-lung-segmentation/outputs/uncertainty_maps/weak_bg_entropy/coronacases_010_slice_0228.npy,907,61243,30,628,0.6918566823005676,True
coronacases_010,229,/kaggle/working/scribble-uncertainty-lung-segmentation/data/pseudo_labels/weak_bg_entropy/coronacases_010_slice_0229.npy,/kaggle/working/scribble-uncertainty-lung-segmentation/data/pseudo_labels/weak_bg_confidence/coronacases_010_slice_0229.npy,/kaggle/working/scribble-uncertainty-lung-segmentation/outputs/uncertainty_maps/weak_bg_entropy/coronacases_010_slice_0229.npy,883,61348,29,557,0.6402778029441833,True
coronacases_010,230,/kaggle/working/scribble-uncertainty-lung-segmentation/data/pseudo_labels/weak_bg_entropy/coronacases_010_slice_0230.npy,/kaggle/working/scribble-uncertainty-lung-segmentation/data/pseudo_labels/weak_bg_confidence/coronacases_010_slice_0230.npy,/kaggle/working/scribble-uncertainty-lung-segmentation/outputs/uncertainty_maps/weak_bg_entropy/coronacases_010_slice_0230.npy,844,61421,24,485,0.6124905943870544,True
coronacases_010,231,/kaggle/working/scribble-uncertainty-lung-segmentation/data/pseudo_labels/weak_bg_entropy/coronacases_010_slice_0231.npy,/kaggle/working/scribble-uncertainty-lung-segmentation/data/pseudo_labels/weak_bg_confidence/coronacases_010_slice_0231.npy,/kaggle/working/scribble-uncertainty-lung-segmentation/outputs/uncertainty_maps/weak_bg_entropy/coronacases_010_slice_0231.npy,755,61431,24,477,0.6217532753944397,True
coronacases_010,232,/kaggle/working/scribble-uncertainty-lung-segmentation/data/pseudo_labels/weak_bg_entropy/coronacases_010_slice_0232.npy,/kaggle/working/scribble-uncertainty-lung-segmentation/data/pseudo_labels/weak_bg_confidence/coronacases_010_slice_0232.npy,/kaggle/working/scribble-uncertainty-lung-segmentation/outputs/uncertainty_maps/weak_bg_entropy/coronacases_010_slice_0232.npy,762,61563,20,432,0.6130653023719788,True
coronacases_010,233,/kaggle/working/scribble-uncertainty-lung-segmentation/data/pseudo_labels/weak_bg_entropy/coronacases_010_slice_0233.npy,/kaggle/working/scribble-uncertainty-lung-segmentation/data/pseudo_labels/weak_bg_confidence/coronacases_010_slice_0233.npy,/kaggle/working/scribble-uncertainty-lung-segmentation/outputs/uncertainty_maps/weak_bg_entropy/coronacases_010_slice_0233.npy,648,61548,19,409,0.5903500318527222,True
coronacases_010,234,/kaggle/working/scribble-uncertainty-lung-segmentation/data/pseudo_labels/weak_bg_entropy/coronacases_010_slice_0234.npy,/kaggle/working/scribble-uncertainty-lung-segmentation/data/pseudo_labels/weak_bg_confidence/coronacases_010_slice_0234.npy,/kaggle/working/scribble-uncertainty-lung-segmentation/outputs/uncertainty_maps/weak_bg_entropy/coronacases_010_slice_0234.npy,503,61530,17,378,0.646992027759552,True
coronacases_010,235,/kaggle/working/scribble-uncertainty-lung-segmentation/data/pseudo_labels/weak_bg_entropy/coronacases_010_slice_0235.npy,/kaggle/working/scribble-uncertainty-lung-segmentation/data/pseudo_labels/weak_bg_confidence/coronacases_010_slice_0235.npy,/kaggle/working/scribble-uncertainty-lung-segmentation/outputs/uncertainty_maps/weak_bg_entropy/coronacases_010_slice_0235.npy,485,61588,14,361,0.588652491569519,True
coronacases_010,236,/kaggle/working/scribble-uncertainty-lung-segmentation/data/pseudo_labels/weak_bg_entropy/coronacases_010_slice_0236.npy,/kaggle/working/scribble-uncertainty-lung-segmentation/data/pseudo_labels/weak_bg_confidence/coronacases_010_slice_0236.npy,/kaggle/working/scribble-uncertainty-lung-segmentation/outputs/uncertainty_maps/weak_bg_entropy/coronacases_010_slice_0236.npy,481,61665,10,281,0.5800524950027466,True
coronacases_010,237,/kaggle/working/scribble-uncertainty-lung-segmentation/data/pseudo_labels/weak_bg_entropy/coronacases_010_slice_0237.npy,/kaggle/working/scribble-uncertainty-lung-segmentation/data/pseudo_labels/weak_bg_confidence/coronacases_010_slice_0237.npy,/kaggle/working/scribble-uncertainty-lung-segmentation/outputs/uncertainty_maps/weak_bg_entropy/coronacases_010_slice_0237.npy,518,61821,12,209,0.4676753878593445,True
coronacases_010,238,/kaggle/working/scribble-uncertainty-lung-segmentation/data/pseudo_labels/weak_bg_entropy/coronacases_010_slice_0238.npy,/kaggle/working/scribble-uncertainty-lung-segmentation/data/pseudo_labels/weak_bg_confidence/coronacases_010_slice_0238.npy,/kaggle/working/scribble-uncertainty-lung-segmentation/outputs/uncertainty_maps/weak_bg_entropy/coronacases_010_slice_0238.npy,599,62026,15,201,0.4449999928474426,True
coronacases_010,239,/kaggle/working/scribble-uncertainty-lung-segmentation/data/pseudo_labels/weak_bg_entropy/coronacases_010_slice_0239.npy,/kaggle/working/scribble-uncertainty-lung-segmentation/data/pseudo_labels/weak_bg_confidence/coronacases_010_slice_0239.npy,/kaggle/working/scribble-uncertainty-lung-segmentation/outputs/uncertainty_maps/weak_bg_entropy/coronacases_010_slice_0239.npy,574,62124,14,230,0.42288556694984436,True
coronacases_010,240,/kaggle/working/scribble-uncertainty-lung-segmentation/data/pseudo_labels/weak_bg_entropy/coronacases_010_slice_0240.npy,/kaggle/working/scribble-uncertainty-lung-segmentation/data/pseudo_labels/weak_bg_confidence/coronacases_010_slice_0240.npy,/kaggle/working/scribble-uncertainty-lung-segmentation/outputs/uncertainty_maps/weak_bg_entropy/coronacases_010_slice_0240.npy,615,62259,20,251,0.5150115489959717,True
coronacases_010,241,/kaggle/working/scribble-uncertainty-lung-segmentation/data/pseudo_labels/weak_bg_entropy/coronacases_010_slice_0241.npy,/kaggle/working/scribble-uncertainty-lung-segmentation/data/pseudo_labels/weak_bg_confidence/coronacases_010_slice_0241.npy,/kaggle/working/scribble-uncertainty-lung-segmentation/outputs/uncertainty_maps/weak_bg_entropy/coronacases_010_slice_0241.npy,557,62346,14,215,0.4455958604812622,True
coronacases_010,242,/kaggle/working/scribble-uncertainty-lung-segmentation/data/pseudo_labels/weak_bg_entropy/coronacases_010_slice_0242.npy,/kaggle/working/scribble-uncertainty-lung-segmentation/data/pseudo_labels/weak_bg_confidence/coronacases_010_slice_0242.npy,/kaggle/working/scribble-uncertainty-lung-segmentation/outputs/uncertainty_maps/weak_bg_entropy/coronacases_010_slice_0242.npy,491,62404,27,305,0.6859296560287476,True
coronacases_010,243,/kaggle/working/scribble-uncertainty-lung-segmentation/data/pseudo_labels/weak_bg_entropy/coronacases_010_slice_0243.npy,/kaggle/working/scribble-uncertainty-lung-segmentation/data/pseudo_labels/weak_bg_confidence/coronacases_010_slice_0243.npy,/kaggle/working/scribble-uncertainty-lung-segmentation/outputs/uncertainty_maps/weak_bg_entropy/coronacases_010_slice_0243.npy,472,62501,24,334,0.6401985287666321,True
coronacases_010,244,/kaggle/working/scribble-uncertainty-lung-segmentation/data/pseudo_labels/weak_bg_entropy/coronacases_010_slice_0244.npy,/kaggle/working/scribble-uncertainty-lung-segmentation/data/pseudo_labels/weak_bg_confidence/coronacases_010_slice_0244.npy,/kaggle/working/scribble-uncertainty-lung-segmentation/outputs/uncertainty_maps/weak_bg_entropy/coronacases_010_slice_0244.npy,425,62577,25,348,0.6752910614013672,True
coronacases_010,245,/kaggle/working/scribble-uncertainty-lung-segmentation/data/pseudo_labels/weak_bg_entropy/coronacases_010_slice_0245.npy,/kaggle/working/scribble-uncertainty-lung-segmentation/data/pseudo_labels/weak_bg_confidence/coronacases_010_slice_0245.npy,/kaggle/working/scribble-uncertainty-lung-segmentation/outputs/uncertainty_maps/weak_bg_entropy/coronacases_010_slice_0245.npy,339,62619,18,314,0.7166922092437744,True
coronacases_010,246,/kaggle/working/scribble-uncertainty-lung-segmentation/data/pseudo_labels/weak_bg_entropy/coronacases_010_slice_0246.npy,/kaggle/working/scribble-uncertainty-lung-segmentation/data/pseudo_labels/weak_bg_confidence/coronacases_010_slice_0246.npy,/kaggle/working/scribble-uncertainty-lung-segmentation/outputs/uncertainty_maps/weak_bg_entropy/coronacases_010_slice_0246.npy,385,62794,24,337,0.6454293727874756,True
coronacases_010,247,/kaggle/working/scribble-uncertainty-lung-segmentation/data/pseudo_labels/weak_bg_entropy/coronacases_010_slice_0247.npy,/kaggle/working/scribble-uncertainty-lung-segmentation/data/pseudo_labels/weak_bg_confidence/coronacases_010_slice_0247.npy,/kaggle/working/scribble-uncertainty-lung-segmentation/outputs/uncertainty_maps/weak_bg_entropy/coronacases_010_slice_0247.npy,326,62909,19,341,0.7766116857528687,True
coronacases_010,248,/kaggle/working/scribble-uncertainty-lung-segmentation/data/pseudo_labels/weak_bg_entropy/coronacases_010_slice_0248.npy,/kaggle/working/scribble-uncertainty-lung-segmentation/data/pseudo_labels/weak_bg_confidence/coronacases_010_slice_0248.npy,/kaggle/working/scribble-uncertainty-lung-segmentation/outputs/uncertainty_maps/weak_bg_entropy/coronacases_010_slice_0248.npy,316,63019,24,354,0.779104471206665,True
coronacases_010,249,/kaggle/working/scribble-uncertainty-lung-segmentation/data/pseudo_labels/weak_bg_entropy/coronacases_010_slice_0249.npy,/kaggle/working/scribble-uncertainty-lung-segmentation/data/pseudo_labels/weak_bg_confidence/coronacases_010_slice_0249.npy,/kaggle/working/scribble-uncertainty-lung-segmentation/outputs/uncertainty_maps/weak_bg_entropy/coronacases_010_slice_0249.npy,337,63169,20,313,0.6830769181251526,True
coronacases_010,250,/kaggle/working/scribble-uncertainty-lung-segmentation/data/pseudo_labels/weak_bg_entropy/coronacases_010_slice_0250.npy,/kaggle/working/scribble-uncertainty-lung-segmentation/data/pseudo_labels/weak_bg_confidence/coronacases_010_slice_0250.npy,/kaggle/working/scribble-uncertainty-lung-segmentation/outputs/uncertainty_maps/weak_bg_entropy/coronacases_010_slice_0250.npy,347,63362,20,237,0.5821917653083801,True
coronacases_010,251,/kaggle/working/scribble-uncertainty-lung-segmentation/data/pseudo_labels/weak_bg_entropy/coronacases_010_slice_0251.npy,/kaggle/working/scribble-uncertainty-lung-segmentation/data/pseudo_labels/weak_bg_confidence/coronacases_010_slice_0251.npy,/kaggle/working/scribble-uncertainty-lung-segmentation/outputs/uncertainty_maps/weak_bg_entropy/coronacases_010_slice_0251.npy,314,63494,16,309,0.6067415475845337,True
coronacases_010,252,/kaggle/working/scribble-uncertainty-lung-segmentation/data/pseudo_labels/weak_bg_entropy/coronacases_010_slice_0252.npy,/kaggle/working/scribble-uncertainty-lung-segmentation/data/pseudo_labels/weak_bg_confidence/coronacases_010_slice_0252.npy,/kaggle/working/scribble-uncertainty-lung-segmentation/outputs/uncertainty_maps/weak_bg_entropy/coronacases_010_slice_0252.npy,237,63538,12,260,0.6277666091918945,True
coronacases_010,253,/kaggle/working/scribble-uncertainty-lung-segmentation/data/pseudo_labels/weak_bg_entropy/coronacases_010_slice_0253.npy,/kaggle/working/scribble-uncertainty-lung-segmentation/data/pseudo_labels/weak_bg_confidence/coronacases_010_slice_0253.npy,/kaggle/working/scribble-uncertainty-lung-segmentation/outputs/uncertainty_maps/weak_bg_entropy/coronacases_010_slice_0253.npy,258,63652,15,290,0.6167883276939392,True
coronacases_010,254,/kaggle/working/scribble-uncertainty-lung-segmentation/data/pseudo_labels/weak_bg_entropy/coronacases_010_slice_0254.npy,/kaggle/working/scribble-uncertainty-lung-segmentation/data/pseudo_labels/weak_bg_confidence/coronacases_010_slice_0254.npy,/kaggle/working/scribble-uncertainty-lung-segmentation/outputs/uncertainty_maps/weak_bg_entropy/coronacases_010_slice_0254.npy,254,63737,12,224,0.6025104522705078,True
coronacases_010,255,/kaggle/working/scribble-uncertainty-lung-segmentation/data/pseudo_labels/weak_bg_entropy/coronacases_010_slice_0255.npy,/kaggle/working/scribble-uncertainty-lung-segmentation/data/pseudo_labels/weak_bg_confidence/coronacases_010_slice_0255.npy,/kaggle/working/scribble-uncertainty-lung-segmentation/outputs/uncertainty_maps/weak_bg_entropy/coronacases_010_slice_0255.npy,161,63768,8,202,0.6556473970413208,True
coronacases_010,256,/kaggle/working/scribble-uncertainty-lung-segmentation/data/pseudo_labels/weak_bg_entropy/coronacases_010_slice_0256.npy,/kaggle/working/scribble-uncertainty-lung-segmentation/data/pseudo_labels/weak_bg_confidence/coronacases_010_slice_0256.npy,/kaggle/working/scribble-uncertainty-lung-segmentation/outputs/uncertainty_maps/weak_bg_entropy/coronacases_010_slice_0256.npy,135,63886,6,171,0.5620915293693542,True
coronacases_010,257,/kaggle/working/scribble-uncertainty-lung-segmentation/data/pseudo_labels/weak_bg_entropy/coronacases_010_slice_0257.npy,/kaggle/working/scribble-uncertainty-lung-segmentation/data/pseudo_labels/weak_bg_confidence/coronacases_010_slice_0257.npy,/kaggle/working/scribble-uncertainty-lung-segmentation/outputs/uncertainty_maps/weak_bg_entropy/coronacases_010_slice_0257.npy,170,64008,8,134,0.28289473056793213,True
coronacases_010,258,/kaggle/working/scribble-uncertainty-lung-segmentation/data/pseudo_labels/weak_bg_entropy/coronacases_010_slice_0258.npy,/kaggle/working/scribble-uncertainty-lung-segmentation/data/pseudo_labels/weak_bg_confidence/coronacases_010_slice_0258.npy,/kaggle/working/scribble-uncertainty-lung-segmentation/outputs/uncertainty_maps/weak_bg_entropy/coronacases_010_slice_0258.npy,99,64037,4,129,0.48245614767074585,True
coronacases_010,259,/kaggle/working/scribble-uncertainty-lung-segmentation/data/pseudo_labels/weak_bg_entropy/coronacases_010_slice_0259.npy,/kaggle/working/scribble-uncertainty-lung-segmentation/data/pseudo_labels/weak_bg_confidence/coronacases_010_slice_0259.npy,/kaggle/working/scribble-uncertainty-lung-segmentation/outputs/uncertainty_maps/weak_bg_entropy/coronacases_010_slice_0259.npy,79,64131,8,137,0.6388888955116272,True
coronacases_010,260,/kaggle/working/scribble-uncertainty-lung-segmentation/data/pseudo_labels/weak_bg_entropy/coronacases_010_slice_0260.npy,/kaggle/working/scribble-uncertainty-lung-segmentation/data/pseudo_labels/weak_bg_confidence/coronacases_010_slice_0260.npy,/kaggle/working/scribble-uncertainty-lung-segmentation/outputs/uncertainty_maps/weak_bg_entropy/coronacases_010_slice_0260.npy,45,64223,8,127,0.3604651093482971,True
coronacases_010,261,/kaggle/working/scribble-uncertainty-lung-segmentation/data/pseudo_labels/weak_bg_entropy/coronacases_010_slice_0261.npy,/kaggle/working/scribble-uncertainty-lung-segmentation/data/pseudo_labels/weak_bg_confidence/coronacases_010_slice_0261.npy,/kaggle/working/scribble-uncertainty-lung-segmentation/outputs/uncertainty_maps/weak_bg_entropy/coronacases_010_slice_0261.npy,15,64270,8,106,0.1652892529964447,True
coronacases_010,262,/kaggle/working/scribble-uncertainty-lung-segmentation/data/pseudo_labels/weak_bg_entropy/coronacases_010_slice_0262.npy,/kaggle/working/scribble-uncertainty-lung-segmentation/data/pseudo_labels/weak_bg_confidence/coronacases_010_slice_0262.npy,/kaggle/working/scribble-uncertainty-lung-segmentation/outputs/uncertainty_maps/weak_bg_entropy/coronacases_010_slice_0262.npy,5,64391,8,101,0.09433962404727936,True
coronacases_010,263,/kaggle/working/scribble-uncertainty-lung-segmentation/data/pseudo_labels/weak_bg_entropy/coronacases_010_slice_0263.npy,/kaggle/working/scribble-uncertainty-lung-segmentation/data/pseudo_labels/weak_bg_confidence/coronacases_010_slice_0263.npy,/kaggle/working/scribble-uncertainty-lung-segmentation/outputs/uncertainty_maps/weak_bg_entropy/coronacases_010_slice_0263.npy,0,64517,7,73,1.369863000810767e-09,True
coronacases_010,264,/kaggle/working/scribble-uncertainty-lung-segmentation/data/pseudo_labels/weak_bg_entropy/coronacases_010_slice_0264.npy,/kaggle/working/scribble-uncertainty-lung-segmentation/data/pseudo_labels/weak_bg_confidence/coronacases_010_slice_0264.npy,/kaggle/working/scribble-uncertainty-lung-segmentation/outputs/uncertainty_maps/weak_bg_entropy/coronacases_010_slice_0264.npy,0,64614,4,73,1.369863000810767e-09,True
coronacases_010,265,/kaggle/working/scribble-uncertainty-lung-segmentation/data/pseudo_labels/weak_bg_entropy/coronacases_010_slice_0265.npy,/kaggle/working/scribble-uncertainty-lung-segmentation/data/pseudo_labels/weak_bg_confidence/coronacases_010_slice_0265.npy,/kaggle/working/scribble-uncertainty-lung-segmentation/outputs/uncertainty_maps/weak_bg_entropy/coronacases_010_slice_0265.npy,0,64723,3,36,2.7777777855675367e-09,True
coronacases_010,266,/kaggle/working/scribble-uncertainty-lung-segmentation/data/pseudo_labels/weak_bg_entropy/coronacases_010_slice_0266.npy,/kaggle/working/scribble-uncertainty-lung-segmentation/data/pseudo_labels/weak_bg_confidence/coronacases_010_slice_0266.npy,/kaggle/working/scribble-uncertainty-lung-segmentation/outputs/uncertainty_maps/weak_bg_entropy/coronacases_010_slice_0266.npy,0,64841,0,0,1.0,False
coronacases_010,267,/kaggle/working/scribble-uncertainty-lung-segmentation/data/pseudo_labels/weak_bg_entropy/coronacases_010_slice_0267.npy,/kaggle/working/scribble-uncertainty-lung-segmentation/data/pseudo_labels/weak_bg_confidence/coronacases_010_slice_0267.npy,/kaggle/working/scribble-uncertainty-lung-segmentation/outputs/uncertainty_maps/weak_bg_entropy/coronacases_010_slice_0267.npy,0,64966,0,0,1.0,False
coronacases_010,268,/kaggle/working/scribble-uncertainty-lung-segmentation/data/pseudo_labels/weak_bg_entropy/coronacases_010_slice_0268.npy,/kaggle/working/scribble-uncertainty-lung-segmentation/data/pseudo_labels/weak_bg_confidence/coronacases_010_slice_0268.npy,/kaggle/working/scribble-uncertainty-lung-segmentation/outputs/uncertainty_maps/weak_bg_entropy/coronacases_010_slice_0268.npy,0,65095,0,0,1.0,False
coronacases_010,269,/kaggle/working/scribble-uncertainty-lung-segmentation/data/pseudo_labels/weak_bg_entropy/coronacases_010_slice_0269.npy,/kaggle/working/scribble-uncertainty-lung-segmentation/data/pseudo_labels/weak_bg_confidence/coronacases_010_slice_0269.npy,/kaggle/working/scribble-uncertainty-lung-segmentation/outputs/uncertainty_maps/weak_bg_entropy/coronacases_010_slice_0269.npy,0,65266,0,0,1.0,False
coronacases_010,270,/kaggle/working/scribble-uncertainty-lung-segmentation/data/pseudo_labels/weak_bg_entropy/coronacases_010_slice_0270.npy,/kaggle/working/scribble-uncertainty-lung-segmentation/data/pseudo_labels/weak_bg_confidence/coronacases_010_slice_0270.npy,/kaggle/working/scribble-uncertainty-lung-segmentation/outputs/uncertainty_maps/weak_bg_entropy/coronacases_010_slice_0270.npy,0,65536,0,0,1.0,False
coronacases_010,271,/kaggle/working/scribble-uncertainty-lung-segmentation/data/pseudo_labels/weak_bg_entropy/coronacases_010_slice_0271.npy,/kaggle/working/scribble-uncertainty-lung-segmentation/data/pseudo_labels/weak_bg_confidence/coronacases_010_slice_0271.npy,/kaggle/working/scribble-uncertainty-lung-segmentation/outputs/uncertainty_maps/weak_bg_entropy/coronacases_010_slice_0271.npy,0,65536,0,0,1.0,False
coronacases_010,272,/kaggle/working/scribble-uncertainty-lung-segmentation/data/pseudo_labels/weak_bg_entropy/coronacases_010_slice_0272.npy,/kaggle/working/scribble-uncertainty-lung-segmentation/data/pseudo_labels/weak_bg_confidence/coronacases_010_slice_0272.npy,/kaggle/working/scribble-uncertainty-lung-segmentation/outputs/uncertainty_maps/weak_bg_entropy/coronacases_010_slice_0272.npy,0,65536,0,0,1.0,False
coronacases_010,273,/kaggle/working/scribble-uncertainty-lung-segmentation/data/pseudo_labels/weak_bg_entropy/coronacases_010_slice_0273.npy,/kaggle/working/scribble-uncertainty-lung-segmentation/data/pseudo_labels/weak_bg_confidence/coronacases_010_slice_0273.npy,/kaggle/working/scribble-uncertainty-lung-segmentation/outputs/uncertainty_maps/weak_bg_entropy/coronacases_010_slice_0273.npy,0,65536,0,0,1.0,False
radiopaedia_10,47,/kaggle/working/scribble-uncertainty-lung-segmentation/data/pseudo_labels/weak_bg_entropy/radiopaedia_10_slice_0047.npy,/kaggle/working/scribble-uncertainty-lung-segmentation/data/pseudo_labels/weak_bg_confidence/radiopaedia_10_slice_0047.npy,/kaggle/working/scribble-uncertainty-lung-segmentation/outputs/uncertainty_maps/weak_bg_entropy/radiopaedia_10_slice_0047.npy,0,65502,0,0,1.0,False
radiopaedia_10,48,/kaggle/working/scribble-uncertainty-lung-segmentation/data/pseudo_labels/weak_bg_entropy/radiopaedia_10_slice_0048.npy,/kaggle/working/scribble-uncertainty-lung-segmentation/data/pseudo_labels/weak_bg_confidence/radiopaedia_10_slice_0048.npy,/kaggle/working/scribble-uncertainty-lung-segmentation/outputs/uncertainty_maps/weak_bg_entropy/radiopaedia_10_slice_0048.npy,0,65457,0,0,1.0,False
radiopaedia_10,49,/kaggle/working/scribble-uncertainty-lung-segmentation/data/pseudo_labels/weak_bg_entropy/radiopaedia_10_slice_0049.npy,/kaggle/working/scribble-uncertainty-lung-segmentation/data/pseudo_labels/weak_bg_confidence/radiopaedia_10_slice_0049.npy,/kaggle/working/scribble-uncertainty-lung-segmentation/outputs/uncertainty_maps/weak_bg_entropy/radiopaedia_10_slice_0049.npy,0,65465,0,0,1.0,False
radiopaedia_10,50,/kaggle/working/scribble-uncertainty-lung-segmentation/data/pseudo_labels/weak_bg_entropy/radiopaedia_10_slice_0050.npy,/kaggle/working/scribble-uncertainty-lung-segmentation/data/pseudo_labels/weak_bg_confidence/radiopaedia_10_slice_0050.npy,/kaggle/working/scribble-uncertainty-lung-segmentation/outputs/uncertainty_maps/weak_bg_entropy/radiopaedia_10_slice_0050.npy,0,65450,0,0,1.0,False
radiopaedia_10,51,/kaggle/working/scribble-uncertainty-lung-segmentation/data/pseudo_labels/weak_bg_entropy/radiopaedia_10_slice_0051.npy,/kaggle/working/scribble-uncertainty-lung-segmentation/data/pseudo_labels/weak_bg_confidence/radiopaedia_10_slice_0051.npy,/kaggle/working/scribble-uncertainty-lung-segmentation/outputs/uncertainty_maps/weak_bg_entropy/radiopaedia_10_slice_0051.npy,0,65436,0,0,1.0,False
radiopaedia_10,52,/kaggle/working/scribble-uncertainty-lung-segmentation/data/pseudo_labels/weak_bg_entropy/radiopaedia_10_slice_0052.npy,/kaggle/working/scribble-uncertainty-lung-segmentation/data/pseudo_labels/weak_bg_confidence/radiopaedia_10_slice_0052.npy,/kaggle/working/scribble-uncertainty-lung-segmentation/outputs/uncertainty_maps/weak_bg_entropy/radiopaedia_10_slice_0052.npy,0,65409,0,0,1.0,False
radiopaedia_10,53,/kaggle/working/scribble-uncertainty-lung-segmentation/data/pseudo_labels/weak_bg_entropy/radiopaedia_10_slice_0053.npy,/kaggle/working/scribble-uncertainty-lung-segmentation/data/pseudo_labels/weak_bg_confidence/radiopaedia_10_slice_0053.npy,/kaggle/working/scribble-uncertainty-lung-segmentation/outputs/uncertainty_maps/weak_bg_entropy/radiopaedia_10_slice_0053.npy,0,65375,0,0,1.0,False
radiopaedia_10,54,/kaggle/working/scribble-uncertainty-lung-segmentation/data/pseudo_labels/weak_bg_entropy/radiopaedia_10_slice_0054.npy,/kaggle/working/scribble-uncertainty-lung-segmentation/data/pseudo_labels/weak_bg_confidence/radiopaedia_10_slice_0054.npy,/kaggle/working/scribble-uncertainty-lung-segmentation/outputs/uncertainty_maps/weak_bg_entropy/radiopaedia_10_slice_0054.npy,6,65339,10,95,0.11881188303232193,True
radiopaedia_10,55,/kaggle/working/scribble-uncertainty-lung-segmentation/data/pseudo_labels/weak_bg_entropy/radiopaedia_10_slice_0055.npy,/kaggle/working/scribble-uncertainty-lung-segmentation/data/pseudo_labels/weak_bg_confidence/radiopaedia_10_slice_0055.npy,/kaggle/working/scribble-uncertainty-lung-segmentation/outputs/uncertainty_maps/weak_bg_entropy/radiopaedia_10_slice_0055.npy,8,65321,8,119,0.12598425149917603,True
radiopaedia_10,56,/kaggle/working/scribble-uncertainty-lung-segmentation/data/pseudo_labels/weak_bg_entropy/radiopaedia_10_slice_0056.npy,/kaggle/working/scribble-uncertainty-lung-segmentation/data/pseudo_labels/weak_bg_confidence/radiopaedia_10_slice_0056.npy,/kaggle/working/scribble-uncertainty-lung-segmentation/outputs/uncertainty_maps/weak_bg_entropy/radiopaedia_10_slice_0056.npy,8,65275,8,112,0.13333334028720856,True
radiopaedia_10,57,/kaggle/working/scribble-uncertainty-lung-segmentation/data/pseudo_labels/weak_bg_entropy/radiopaedia_10_slice_0057.npy,/kaggle/working/scribble-uncertainty-lung-segmentation/data/pseudo_labels/weak_bg_confidence/radiopaedia_10_slice_0057.npy,/kaggle/working/scribble-uncertainty-lung-segmentation/outputs/uncertainty_maps/weak_bg_entropy/radiopaedia_10_slice_0057.npy,0,65254,8,95,1.052631537490356e-09,True
radiopaedia_10,58,/kaggle/working/scribble-uncertainty-lung-segmentation/data/pseudo_labels/weak_bg_entropy/radiopaedia_10_slice_0058.npy,/kaggle/working/scribble-uncertainty-lung-segmentation/data/pseudo_labels/weak_bg_confidence/radiopaedia_10_slice_0058.npy,/kaggle/working/scribble-uncertainty-lung-segmentation/outputs/uncertainty_maps/weak_bg_entropy/radiopaedia_10_slice_0058.npy,0,65243,8,104,9.615385154759792e-10,True
radiopaedia_10,59,/kaggle/working/scribble-uncertainty-lung-segmentation/data/pseudo_labels/weak_bg_entropy/radiopaedia_10_slice_0059.npy,/kaggle/working/scribble-uncertainty-lung-segmentation/data/pseudo_labels/weak_bg_confidence/radiopaedia_10_slice_0059.npy,/kaggle/working/scribble-uncertainty-lung-segmentation/outputs/uncertainty_maps/weak_bg_entropy/radiopaedia_10_slice_0059.npy,8,65194,8,120,0.125,True
radiopaedia_10,60,/kaggle/working/scribble-uncertainty-lung-segmentation/data/pseudo_labels/weak_bg_entropy/radiopaedia_10_slice_0060.npy,/kaggle/working/scribble-uncertainty-lung-segmentation/data/pseudo_labels/weak_bg_confidence/radiopaedia_10_slice_0060.npy,/kaggle/working/scribble-uncertainty-lung-segmentation/outputs/uncertainty_maps/weak_bg_entropy/radiopaedia_10_slice_0060.npy,50,65207,8,128,0.449438214302063,True
radiopaedia_10,61,/kaggle/working/scribble-uncertainty-lung-segmentation/data/pseudo_labels/weak_bg_entropy/radiopaedia_10_slice_0061.npy,/kaggle/working/scribble-uncertainty-lung-segmentation/data/pseudo_labels/weak_bg_confidence/radiopaedia_10_slice_0061.npy,/kaggle/working/scribble-uncertainty-lung-segmentation/outputs/uncertainty_maps/weak_bg_entropy/radiopaedia_10_slice_0061.npy,21,65169,8,116,0.24817518889904022,True
radiopaedia_10,62,/kaggle/working/scribble-uncertainty-lung-segmentation/data/pseudo_labels/weak_bg_entropy/radiopaedia_10_slice_0062.npy,/kaggle/working/scribble-uncertainty-lung-segmentation/data/pseudo_labels/weak_bg_confidence/radiopaedia_10_slice_0062.npy,/kaggle/working/scribble-uncertainty-lung-segmentation/outputs/uncertainty_maps/weak_bg_entropy/radiopaedia_10_slice_0062.npy,23,65164,12,141,0.2804878056049347,True
radiopaedia_10,63,/kaggle/working/scribble-uncertainty-lung-segmentation/data/pseudo_labels/weak_bg_entropy/radiopaedia_10_slice_0063.npy,/kaggle/working/scribble-uncertainty-lung-segmentation/data/pseudo_labels/weak_bg_confidence/radiopaedia_10_slice_0063.npy,/kaggle/working/scribble-uncertainty-lung-segmentation/outputs/uncertainty_maps/weak_bg_entropy/radiopaedia_10_slice_0063.npy,75,65185,8,127,0.5544554591178894,True
radiopaedia_10,64,/kaggle/working/scribble-uncertainty-lung-segmentation/data/pseudo_labels/weak_bg_entropy/radiopaedia_10_slice_0064.npy,/kaggle/working/scribble-uncertainty-lung-segmentation/data/pseudo_labels/weak_bg_confidence/radiopaedia_10_slice_0064.npy,/kaggle/working/scribble-uncertainty-lung-segmentation/outputs/uncertainty_maps/weak_bg_entropy/radiopaedia_10_slice_0064.npy,106,65192,8,125,0.5800865888595581,True
radiopaedia_10,65,/kaggle/working/scribble-uncertainty-lung-segmentation/data/pseudo_labels/weak_bg_entropy/radiopaedia_10_slice_0065.npy,/kaggle/working/scribble-uncertainty-lung-segmentation/data/pseudo_labels/weak_bg_confidence/radiopaedia_10_slice_0065.npy,/kaggle/working/scribble-uncertainty-lung-segmentation/outputs/uncertainty_maps/weak_bg_entropy/radiopaedia_10_slice_0065.npy,135,65163,8,148,0.5724381804466248,True
radiopaedia_10,66,/kaggle/working/scribble-uncertainty-lung-segmentation/data/pseudo_labels/weak_bg_entropy/radiopaedia_10_slice_0066.npy,/kaggle/working/scribble-uncertainty-lung-segmentation/data/pseudo_labels/weak_bg_confidence/radiopaedia_10_slice_0066.npy,/kaggle/working/scribble-uncertainty-lung-segmentation/outputs/uncertainty_maps/weak_bg_entropy/radiopaedia_10_slice_0066.npy,148,65142,12,183,0.5861027240753174,True
radiopaedia_10,67,/kaggle/working/scribble-uncertainty-lung-segmentation/data/pseudo_labels/weak_bg_entropy/radiopaedia_10_slice_0067.npy,/kaggle/working/scribble-uncertainty-lung-segmentation/data/pseudo_labels/weak_bg_confidence/radiopaedia_10_slice_0067.npy,/kaggle/working/scribble-uncertainty-lung-segmentation/outputs/uncertainty_maps/weak_bg_entropy/radiopaedia_10_slice_0067.npy,175,65145,8,186,0.559556782245636,True
radiopaedia_10,68,/kaggle/working/scribble-uncertainty-lung-segmentation/data/pseudo_labels/weak_bg_entropy/radiopaedia_10_slice_0068.npy,/kaggle/working/scribble-uncertainty-lung-segmentation/data/pseudo_labels/weak_bg_confidence/radiopaedia_10_slice_0068.npy,/kaggle/working/scribble-uncertainty-lung-segmentation/outputs/uncertainty_maps/weak_bg_entropy/radiopaedia_10_slice_0068.npy,231,65152,8,209,0.6499999761581421,True
radiopaedia_10,69,/kaggle/working/scribble-uncertainty-lung-segmentation/data/pseudo_labels/weak_bg_entropy/radiopaedia_10_slice_0069.npy,/kaggle/working/scribble-uncertainty-lung-segmentation/data/pseudo_labels/weak_bg_confidence/radiopaedia_10_slice_0069.npy,/kaggle/working/scribble-uncertainty-lung-segmentation/outputs/uncertainty_maps/weak_bg_entropy/radiopaedia_10_slice_0069.npy,244,65131,14,195,0.678815484046936,True
radiopaedia_10,70,/kaggle/working/scribble-uncertainty-lung-segmentation/data/pseudo_labels/weak_bg_entropy/radiopaedia_10_slice_0070.npy,/kaggle/working/scribble-uncertainty-lung-segmentation/data/pseudo_labels/weak_bg_confidence/radiopaedia_10_slice_0070.npy,/kaggle/working/scribble-uncertainty-lung-segmentation/outputs/uncertainty_maps/weak_bg_entropy/radiopaedia_10_slice_0070.npy,247,65110,12,197,0.6036036014556885,True
radiopaedia_10,71,/kaggle/working/scribble-uncertainty-lung-segmentation/data/pseudo_labels/weak_bg_entropy/radiopaedia_10_slice_0071.npy,/kaggle/working/scribble-uncertainty-lung-segmentation/data/pseudo_labels/weak_bg_confidence/radiopaedia_10_slice_0071.npy,/kaggle/working/scribble-uncertainty-lung-segmentation/outputs/uncertainty_maps/weak_bg_entropy/radiopaedia_10_slice_0071.npy,252,64966,16,279,0.6930320262908936,True
radiopaedia_10,72,/kaggle/working/scribble-uncertainty-lung-segmentation/data/pseudo_labels/weak_bg_entropy/radiopaedia_10_slice_0072.npy,/kaggle/working/scribble-uncertainty-lung-segmentation/data/pseudo_labels/weak_bg_confidence/radiopaedia_10_slice_0072.npy,/kaggle/working/scribble-uncertainty-lung-segmentation/outputs/uncertainty_maps/weak_bg_entropy/radiopaedia_10_slice_0072.npy,261,64938,14,263,0.6450381875038147,True
radiopaedia_10,73,/kaggle/working/scribble-uncertainty-lung-segmentation/data/pseudo_labels/weak_bg_entropy/radiopaedia_10_slice_0073.npy,/kaggle/working/scribble-uncertainty-lung-segmentation/data/pseudo_labels/weak_bg_confidence/radiopaedia_10_slice_0073.npy,/kaggle/working/scribble-uncertainty-lung-segmentation/outputs/uncertainty_maps/weak_bg_entropy/radiopaedia_10_slice_0073.npy,277,64868,16,257,0.6554307341575623,True
radiopaedia_10,74,/kaggle/working/scribble-uncertainty-lung-segmentation/data/pseudo_labels/weak_bg_entropy/radiopaedia_10_slice_0074.npy,/kaggle/working/scribble-uncertainty-lung-segmentation/data/pseudo_labels/weak_bg_confidence/radiopaedia_10_slice_0074.npy,/kaggle/working/scribble-uncertainty-lung-segmentation/outputs/uncertainty_maps/weak_bg_entropy/radiopaedia_10_slice_0074.npy,307,64792,16,245,0.6847826242446899,True
radiopaedia_10,75,/kaggle/working/scribble-uncertainty-lung-segmentation/data/pseudo_labels/weak_bg_entropy/radiopaedia_10_slice_0075.npy,/kaggle/working/scribble-uncertainty-lung-segmentation/data/pseudo_labels/weak_bg_confidence/radiopaedia_10_slice_0075.npy,/kaggle/working/scribble-uncertainty-lung-segmentation/outputs/uncertainty_maps/weak_bg_entropy/radiopaedia_10_slice_0075.npy,372,64682,12,242,0.6547231078147888,True
radiopaedia_10,76,/kaggle/working/scribble-uncertainty-lung-segmentation/data/pseudo_labels/weak_bg_entropy/radiopaedia_10_slice_0076.npy,/kaggle/working/scribble-uncertainty-lung-segmentation/data/pseudo_labels/weak_bg_confidence/radiopaedia_10_slice_0076.npy,/kaggle/working/scribble-uncertainty-lung-segmentation/outputs/uncertainty_maps/weak_bg_entropy/radiopaedia_10_slice_0076.npy,383,64538,12,265,0.654321014881134,True
radiopaedia_10,77,/kaggle/working/scribble-uncertainty-lung-segmentation/data/pseudo_labels/weak_bg_entropy/radiopaedia_10_slice_0077.npy,/kaggle/working/scribble-uncertainty-lung-segmentation/data/pseudo_labels/weak_bg_confidence/radiopaedia_10_slice_0077.npy,/kaggle/working/scribble-uncertainty-lung-segmentation/outputs/uncertainty_maps/weak_bg_entropy/radiopaedia_10_slice_0077.npy,419,64443,20,278,0.6083213686943054,True
radiopaedia_10,78,/kaggle/working/scribble-uncertainty-lung-segmentation/data/pseudo_labels/weak_bg_entropy/radiopaedia_10_slice_0078.npy,/kaggle/working/scribble-uncertainty-lung-segmentation/data/pseudo_labels/weak_bg_confidence/radiopaedia_10_slice_0078.npy,/kaggle/working/scribble-uncertainty-lung-segmentation/outputs/uncertainty_maps/weak_bg_entropy/radiopaedia_10_slice_0078.npy,506,64381,12,320,0.5617433190345764,True
radiopaedia_10,79,/kaggle/working/scribble-uncertainty-lung-segmentation/data/pseudo_labels/weak_bg_entropy/radiopaedia_10_slice_0079.npy,/kaggle/working/scribble-uncertainty-lung-segmentation/data/pseudo_labels/weak_bg_confidence/radiopaedia_10_slice_0079.npy,/kaggle/working/scribble-uncertainty-lung-segmentation/outputs/uncertainty_maps/weak_bg_entropy/radiopaedia_10_slice_0079.npy,800,64539,20,292,0.41025641560554504,True
radiopaedia_10,80,/kaggle/working/scribble-uncertainty-lung-segmentation/data/pseudo_labels/weak_bg_entropy/radiopaedia_10_slice_0080.npy,/kaggle/working/scribble-uncertainty-lung-segmentation/data/pseudo_labels/weak_bg_confidence/radiopaedia_10_slice_0080.npy,/kaggle/working/scribble-uncertainty-lung-segmentation/outputs/uncertainty_maps/weak_bg_entropy/radiopaedia_10_slice_0080.npy,689,64347,18,378,0.5042174458503723,True
radiopaedia_10,81,/kaggle/working/scribble-uncertainty-lung-segmentation/data/pseudo_labels/weak_bg_entropy/radiopaedia_10_slice_0081.npy,/kaggle/working/scribble-uncertainty-lung-segmentation/data/pseudo_labels/weak_bg_confidence/radiopaedia_10_slice_0081.npy,/kaggle/working/scribble-uncertainty-lung-segmentation/outputs/uncertainty_maps/weak_bg_entropy/radiopaedia_10_slice_0081.npy,643,64237,16,367,0.5564356446266174,True
radiopaedia_10,82,/kaggle/working/scribble-uncertainty-lung-segmentation/data/pseudo_labels/weak_bg_entropy/radiopaedia_10_slice_0082.npy,/kaggle/working/scribble-uncertainty-lung-segmentation/data/pseudo_labels/weak_bg_confidence/radiopaedia_10_slice_0082.npy,/kaggle/working/scribble-uncertainty-lung-segmentation/outputs/uncertainty_maps/weak_bg_entropy/radiopaedia_10_slice_0082.npy,782,64245,16,373,0.5333333611488342,True
radiopaedia_10,83,/kaggle/working/scribble-uncertainty-lung-segmentation/data/pseudo_labels/weak_bg_entropy/radiopaedia_10_slice_0083.npy,/kaggle/working/scribble-uncertainty-lung-segmentation/data/pseudo_labels/weak_bg_confidence/radiopaedia_10_slice_0083.npy,/kaggle/working/scribble-uncertainty-lung-segmentation/outputs/uncertainty_maps/weak_bg_entropy/radiopaedia_10_slice_0083.npy,857,64228,24,420,0.4933437705039978,True
radiopaedia_10,84,/kaggle/working/scribble-uncertainty-lung-segmentation/data/pseudo_labels/weak_bg_entropy/radiopaedia_10_slice_0084.npy,/kaggle/working/scribble-uncertainty-lung-segmentation/data/pseudo_labels/weak_bg_confidence/radiopaedia_10_slice_0084.npy,/kaggle/working/scribble-uncertainty-lung-segmentation/outputs/uncertainty_maps/weak_bg_entropy/radiopaedia_10_slice_0084.npy,974,64276,19,381,0.4324723184108734,True
radiopaedia_10,85,/kaggle/working/scribble-uncertainty-lung-segmentation/data/pseudo_labels/weak_bg_entropy/radiopaedia_10_slice_0085.npy,/kaggle/working/scribble-uncertainty-lung-segmentation/data/pseudo_labels/weak_bg_confidence/radiopaedia_10_slice_0085.npy,/kaggle/working/scribble-uncertainty-lung-segmentation/outputs/uncertainty_maps/weak_bg_entropy/radiopaedia_10_slice_0085.npy,1020,64203,19,400,0.41971829533576965,True
radiopaedia_10,86,/kaggle/working/scribble-uncertainty-lung-segmentation/data/pseudo_labels/weak_bg_entropy/radiopaedia_10_slice_0086.npy,/kaggle/working/scribble-uncertainty-lung-segmentation/data/pseudo_labels/weak_bg_confidence/radiopaedia_10_slice_0086.npy,/kaggle/working/scribble-uncertainty-lung-segmentation/outputs/uncertainty_maps/weak_bg_entropy/radiopaedia_10_slice_0086.npy,1059,64160,20,392,0.4176430106163025,True
radiopaedia_10,87,/kaggle/working/scribble-uncertainty-lung-segmentation/data/pseudo_labels/weak_bg_entropy/radiopaedia_10_slice_0087.npy,/kaggle/working/scribble-uncertainty-lung-segmentation/data/pseudo_labels/weak_bg_confidence/radiopaedia_10_slice_0087.npy,/kaggle/working/scribble-uncertainty-lung-segmentation/outputs/uncertainty_maps/weak_bg_entropy/radiopaedia_10_slice_0087.npy,1211,64155,19,470,0.47233790159225464,True
radiopaedia_10,88,/kaggle/working/scribble-uncertainty-lung-segmentation/data/pseudo_labels/weak_bg_entropy/radiopaedia_10_slice_0088.npy,/kaggle/working/scribble-uncertainty-lung-segmentation/data/pseudo_labels/weak_bg_confidence/radiopaedia_10_slice_0088.npy,/kaggle/working/scribble-uncertainty-lung-segmentation/outputs/uncertainty_maps/weak_bg_entropy/radiopaedia_10_slice_0088.npy,1262,63953,20,478,0.46206897497177124,True
radiopaedia_10,89,/kaggle/working/scribble-uncertainty-lung-segmentation/data/pseudo_labels/weak_bg_entropy/radiopaedia_10_slice_0089.npy,/kaggle/working/scribble-uncertainty-lung-segmentation/data/pseudo_labels/weak_bg_confidence/radiopaedia_10_slice_0089.npy,/kaggle/working/scribble-uncertainty-lung-segmentation/outputs/uncertainty_maps/weak_bg_entropy/radiopaedia_10_slice_0089.npy,1289,64061,20,490,0.4541877508163452,True
radiopaedia_10,90,/kaggle/working/scribble-uncertainty-lung-segmentation/data/pseudo_labels/weak_bg_entropy/radiopaedia_10_slice_0090.npy,/kaggle/working/scribble-uncertainty-lung-segmentation/data/pseudo_labels/weak_bg_confidence/radiopaedia_10_slice_0090.npy,/kaggle/working/scribble-uncertainty-lung-segmentation/outputs/uncertainty_maps/weak_bg_entropy/radiopaedia_10_slice_0090.npy,1426,63984,18,490,0.41753652691841125,True
radiopaedia_10,91,/kaggle/working/scribble-uncertainty-lung-segmentation/data/pseudo_labels/weak_bg_entropy/radiopaedia_10_slice_0091.npy,/kaggle/working/scribble-uncertainty-lung-segmentation/data/pseudo_labels/weak_bg_confidence/radiopaedia_10_slice_0091.npy,/kaggle/working/scribble-uncertainty-lung-segmentation/outputs/uncertainty_maps/weak_bg_entropy/radiopaedia_10_slice_0091.npy,1473,63765,22,509,0.42583248019218445,True
radiopaedia_10,92,/kaggle/working/scribble-uncertainty-lung-segmentation/data/pseudo_labels/weak_bg_entropy/radiopaedia_10_slice_0092.npy,/kaggle/working/scribble-uncertainty-lung-segmentation/data/pseudo_labels/weak_bg_confidence/radiopaedia_10_slice_0092.npy,/kaggle/working/scribble-uncertainty-lung-segmentation/outputs/uncertainty_maps/weak_bg_entropy/radiopaedia_10_slice_0092.npy,1468,63496,16,514,0.42986881732940674,True
radiopaedia_10,93,/kaggle/working/scribble-uncertainty-lung-segmentation/data/pseudo_labels/weak_bg_entropy/radiopaedia_10_slice_0093.npy,/kaggle/working/scribble-uncertainty-lung-segmentation/data/pseudo_labels/weak_bg_confidence/radiopaedia_10_slice_0093.npy,/kaggle/working/scribble-uncertainty-lung-segmentation/outputs/uncertainty_maps/weak_bg_entropy/radiopaedia_10_slice_0093.npy,1431,63424,19,487,0.3743482828140259,True
radiopaedia_10,94,/kaggle/working/scribble-uncertainty-lung-segmentation/data/pseudo_labels/weak_bg_entropy/radiopaedia_10_slice_0094.npy,/kaggle/working/scribble-uncertainty-lung-segmentation/data/pseudo_labels/weak_bg_confidence/radiopaedia_10_slice_0094.npy,/kaggle/working/scribble-uncertainty-lung-segmentation/outputs/uncertainty_maps/weak_bg_entropy/radiopaedia_10_slice_0094.npy,1504,63269,18,468,0.34279918670654297,True
radiopaedia_10,95,/kaggle/working/scribble-uncertainty-lung-segmentation/data/pseudo_labels/weak_bg_entropy/radiopaedia_10_slice_0095.npy,/kaggle/working/scribble-uncertainty-lung-segmentation/data/pseudo_labels/weak_bg_confidence/radiopaedia_10_slice_0095.npy,/kaggle/working/scribble-uncertainty-lung-segmentation/outputs/uncertainty_maps/weak_bg_entropy/radiopaedia_10_slice_0095.npy,1556,63021,24,470,0.3672260642051697,True
radiopaedia_10,96,/kaggle/working/scribble-uncertainty-lung-segmentation/data/pseudo_labels/weak_bg_entropy/radiopaedia_10_slice_0096.npy,/kaggle/working/scribble-uncertainty-lung-segmentation/data/pseudo_labels/weak_bg_confidence/radiopaedia_10_slice_0096.npy,/kaggle/working/scribble-uncertainty-lung-segmentation/outputs/uncertainty_maps/weak_bg_entropy/radiopaedia_10_slice_0096.npy,1525,62906,16,516,0.40764331817626953,True
radiopaedia_10,97,/kaggle/working/scribble-uncertainty-lung-segmentation/data/pseudo_labels/weak_bg_entropy/radiopaedia_10_slice_0097.npy,/kaggle/working/scribble-uncertainty-lung-segmentation/data/pseudo_labels/weak_bg_confidence/radiopaedia_10_slice_0097.npy,/kaggle/working/scribble-uncertainty-lung-segmentation/outputs/uncertainty_maps/weak_bg_entropy/radiopaedia_10_slice_0097.npy,1702,63043,22,494,0.35519126057624817,True
radiopaedia_10,98,/kaggle/working/scribble-uncertainty-lung-segmentation/data/pseudo_labels/weak_bg_entropy/radiopaedia_10_slice_0098.npy,/kaggle/working/scribble-uncertainty-lung-segmentation/data/pseudo_labels/weak_bg_confidence/radiopaedia_10_slice_0098.npy,/kaggle/working/scribble-uncertainty-lung-segmentation/outputs/uncertainty_maps/weak_bg_entropy/radiopaedia_10_slice_0098.npy,1795,62934,18,537,0.3696397840976715,True
radiopaedia_10,99,/kaggle/working/scribble-uncertainty-lung-segmentation/data/pseudo_labels/weak_bg_entropy/radiopaedia_10_slice_0099.npy,/kaggle/working/scribble-uncertainty-lung-segmentation/data/pseudo_labels/weak_bg_confidence/radiopaedia_10_slice_0099.npy,/kaggle/working/scribble-uncertainty-lung-segmentation/outputs/uncertainty_maps/weak_bg_entropy/radiopaedia_10_slice_0099.npy,1762,62703,17,548,0.41298702359199524,True
radiopaedia_10,100,/kaggle/working/scribble-uncertainty-lung-segmentation/data/pseudo_labels/weak_bg_entropy/radiopaedia_10_slice_0100.npy,/kaggle/working/scribble-uncertainty-lung-segmentation/data/pseudo_labels/weak_bg_confidence/radiopaedia_10_slice_0100.npy,/kaggle/working/scribble-uncertainty-lung-segmentation/outputs/uncertainty_maps/weak_bg_entropy/radiopaedia_10_slice_0100.npy,1765,62371,21,557,0.40654608607292175,True
radiopaedia_10,101,/kaggle/working/scribble-uncertainty-lung-segmentation/data/pseudo_labels/weak_bg_entropy/radiopaedia_10_slice_0101.npy,/kaggle/working/scribble-uncertainty-lung-segmentation/data/pseudo_labels/weak_bg_confidence/radiopaedia_10_slice_0101.npy,/kaggle/working/scribble-uncertainty-lung-segmentation/outputs/uncertainty_maps/weak_bg_entropy/radiopaedia_10_slice_0101.npy,1780,62063,25,598,0.4280908405780792,True
radiopaedia_10,102,/kaggle/working/scribble-uncertainty-lung-segmentation/data/pseudo_labels/weak_bg_entropy/radiopaedia_10_slice_0102.npy,/kaggle/working/scribble-uncertainty-lung-segmentation/data/pseudo_labels/weak_bg_confidence/radiopaedia_10_slice_0102.npy,/kaggle/working/scribble-uncertainty-lung-segmentation/outputs/uncertainty_maps/weak_bg_entropy/radiopaedia_10_slice_0102.npy,2065,62264,20,607,0.37799400091171265,True
radiopaedia_10,103,/kaggle/working/scribble-uncertainty-lung-segmentation/data/pseudo_labels/weak_bg_entropy/radiopaedia_10_slice_0103.npy,/kaggle/working/scribble-uncertainty-lung-segmentation/data/pseudo_labels/weak_bg_confidence/radiopaedia_10_slice_0103.npy,/kaggle/working/scribble-uncertainty-lung-segmentation/outputs/uncertainty_maps/weak_bg_entropy/radiopaedia_10_slice_0103.npy,1988,61867,22,523,0.34408602118492126,True
radiopaedia_10,104,/kaggle/working/scribble-uncertainty-lung-segmentation/data/pseudo_labels/weak_bg_entropy/radiopaedia_10_slice_0104.npy,/kaggle/working/scribble-uncertainty-lung-segmentation/data/pseudo_labels/weak_bg_confidence/radiopaedia_10_slice_0104.npy,/kaggle/working/scribble-uncertainty-lung-segmentation/outputs/uncertainty_maps/weak_bg_entropy/radiopaedia_10_slice_0104.npy,2114,61524,21,530,0.34114977717399597,True
radiopaedia_10,105,/kaggle/working/scribble-uncertainty-lung-segmentation/data/pseudo_labels/weak_bg_entropy/radiopaedia_10_slice_0105.npy,/kaggle/working/scribble-uncertainty-lung-segmentation/data/pseudo_labels/weak_bg_confidence/radiopaedia_10_slice_0105.npy,/kaggle/working/scribble-uncertainty-lung-segmentation/outputs/uncertainty_maps/weak_bg_entropy/radiopaedia_10_slice_0105.npy,1894,61242,21,583,0.4150181710720062,True
radiopaedia_10,106,/kaggle/working/scribble-uncertainty-lung-segmentation/data/pseudo_labels/weak_bg_entropy/radiopaedia_10_slice_0106.npy,/kaggle/working/scribble-uncertainty-lung-segmentation/data/pseudo_labels/weak_bg_confidence/radiopaedia_10_slice_0106.npy,/kaggle/working/scribble-uncertainty-lung-segmentation/outputs/uncertainty_maps/weak_bg_entropy/radiopaedia_10_slice_0106.npy,2162,61319,27,631,0.36376655101776123,True
radiopaedia_10,107,/kaggle/working/scribble-uncertainty-lung-segmentation/data/pseudo_labels/weak_bg_entropy/radiopaedia_10_slice_0107.npy,/kaggle/working/scribble-uncertainty-lung-segmentation/data/pseudo_labels/weak_bg_confidence/radiopaedia_10_slice_0107.npy,/kaggle/working/scribble-uncertainty-lung-segmentation/outputs/uncertainty_maps/weak_bg_entropy/radiopaedia_10_slice_0107.npy,2127,60538,27,621,0.36754003167152405,True
radiopaedia_10,108,/kaggle/working/scribble-uncertainty-lung-segmentation/data/pseudo_labels/weak_bg_entropy/radiopaedia_10_slice_0108.npy,/kaggle/working/scribble-uncertainty-lung-segmentation/data/pseudo_labels/weak_bg_confidence/radiopaedia_10_slice_0108.npy,/kaggle/working/scribble-uncertainty-lung-segmentation/outputs/uncertainty_maps/weak_bg_entropy/radiopaedia_10_slice_0108.npy,2204,60658,20,650,0.37911704182624817,True
radiopaedia_10,109,/kaggle/working/scribble-uncertainty-lung-segmentation/data/pseudo_labels/weak_bg_entropy/radiopaedia_10_slice_0109.npy,/kaggle/working/scribble-uncertainty-lung-segmentation/data/pseudo_labels/weak_bg_confidence/radiopaedia_10_slice_0109.npy,/kaggle/working/scribble-uncertainty-lung-segmentation/outputs/uncertainty_maps/weak_bg_entropy/radiopaedia_10_slice_0109.npy,2431,60498,24,686,0.35996150970458984,True
radiopaedia_10,110,/kaggle/working/scribble-uncertainty-lung-segmentation/data/pseudo_labels/weak_bg_entropy/radiopaedia_10_slice_0110.npy,/kaggle/working/scribble-uncertainty-lung-segmentation/data/pseudo_labels/weak_bg_confidence/radiopaedia_10_slice_0110.npy,/kaggle/working/scribble-uncertainty-lung-segmentation/outputs/uncertainty_maps/weak_bg_entropy/radiopaedia_10_slice_0110.npy,2483,60376,39,609,0.29689520597457886,True
radiopaedia_10,111,/kaggle/working/scribble-uncertainty-lung-segmentation/data/pseudo_labels/weak_bg_entropy/radiopaedia_10_slice_0111.npy,/kaggle/working/scribble-uncertainty-lung-segmentation/data/pseudo_labels/weak_bg_confidence/radiopaedia_10_slice_0111.npy,/kaggle/working/scribble-uncertainty-lung-segmentation/outputs/uncertainty_maps/weak_bg_entropy/radiopaedia_10_slice_0111.npy,2345,59768,28,702,0.3636363744735718,True
radiopaedia_10,112,/kaggle/working/scribble-uncertainty-lung-segmentation/data/pseudo_labels/weak_bg_entropy/radiopaedia_10_slice_0112.npy,/kaggle/working/scribble-uncertainty-lung-segmentation/data/pseudo_labels/weak_bg_confidence/radiopaedia_10_slice_0112.npy,/kaggle/working/scribble-uncertainty-lung-segmentation/outputs/uncertainty_maps/weak_bg_entropy/radiopaedia_10_slice_0112.npy,2028,59379,29,673,0.3835616409778595,True
radiopaedia_10,113,/kaggle/working/scribble-uncertainty-lung-segmentation/data/pseudo_labels/weak_bg_entropy/radiopaedia_10_slice_0113.npy,/kaggle/working/scribble-uncertainty-lung-segmentation/data/pseudo_labels/weak_bg_confidence/radiopaedia_10_slice_0113.npy,/kaggle/working/scribble-uncertainty-lung-segmentation/outputs/uncertainty_maps/weak_bg_entropy/radiopaedia_10_slice_0113.npy,2410,59374,36,663,0.3319232165813446,True
radiopaedia_10,114,/kaggle/working/scribble-uncertainty-lung-segmentation/data/pseudo_labels/weak_bg_entropy/radiopaedia_10_slice_0114.npy,/kaggle/working/scribble-uncertainty-lung-segmentation/data/pseudo_labels/weak_bg_confidence/radiopaedia_10_slice_0114.npy,/kaggle/working/scribble-uncertainty-lung-segmentation/outputs/uncertainty_maps/weak_bg_entropy/radiopaedia_10_slice_0114.npy,2435,58824,24,724,0.3577081263065338,True
radiopaedia_10,115,/kaggle/working/scribble-uncertainty-lung-segmentation/data/pseudo_labels/weak_bg_entropy/radiopaedia_10_slice_0115.npy,/kaggle/working/scribble-uncertainty-lung-segmentation/data/pseudo_labels/weak_bg_confidence/radiopaedia_10_slice_0115.npy,/kaggle/working/scribble-uncertainty-lung-segmentation/outputs/uncertainty_maps/weak_bg_entropy/radiopaedia_10_slice_0115.npy,2829,58988,35,740,0.3306248188018799,True
radiopaedia_10,116,/kaggle/working/scribble-uncertainty-lung-segmentation/data/pseudo_labels/weak_bg_entropy/radiopaedia_10_slice_0116.npy,/kaggle/working/scribble-uncertainty-lung-segmentation/data/pseudo_labels/weak_bg_confidence/radiopaedia_10_slice_0116.npy,/kaggle/working/scribble-uncertainty-lung-segmentation/outputs/uncertainty_maps/weak_bg_entropy/radiopaedia_10_slice_0116.npy,2657,58494,24,749,0.3417498469352722,True
radiopaedia_10,117,/kaggle/working/scribble-uncertainty-lung-segmentation/data/pseudo_labels/weak_bg_entropy/radiopaedia_10_slice_0117.npy,/kaggle/working/scribble-uncertainty-lung-segmentation/data/pseudo_labels/weak_bg_confidence/radiopaedia_10_slice_0117.npy,/kaggle/working/scribble-uncertainty-lung-segmentation/outputs/uncertainty_maps/weak_bg_entropy/radiopaedia_10_slice_0117.npy,2657,58035,31,764,0.3478515148162842,True
radiopaedia_10,118,/kaggle/working/scribble-uncertainty-lung-segmentation/data/pseudo_labels/weak_bg_entropy/radiopaedia_10_slice_0118.npy,/kaggle/working/scribble-uncertainty-lung-segmentation/data/pseudo_labels/weak_bg_confidence/radiopaedia_10_slice_0118.npy,/kaggle/working/scribble-uncertainty-lung-segmentation/outputs/uncertainty_maps/weak_bg_entropy/radiopaedia_10_slice_0118.npy,2677,57493,28,760,0.34739598631858826,True
radiopaedia_10,119,/kaggle/working/scribble-uncertainty-lung-segmentation/data/pseudo_labels/weak_bg_entropy/radiopaedia_10_slice_0119.npy,/kaggle/working/scribble-uncertainty-lung-segmentation/data/pseudo_labels/weak_bg_confidence/radiopaedia_10_slice_0119.npy,/kaggle/working/scribble-uncertainty-lung-segmentation/outputs/uncertainty_maps/weak_bg_entropy/radiopaedia_10_slice_0119.npy,2425,57496,38,747,0.3467843532562256,True
radiopaedia_10,120,/kaggle/working/scribble-uncertainty-lung-segmentation/data/pseudo_labels/weak_bg_entropy/radiopaedia_10_slice_0120.npy,/kaggle/working/scribble-uncertainty-lung-segmentation/data/pseudo_labels/weak_bg_confidence/radiopaedia_10_slice_0120.npy,/kaggle/working/scribble-uncertainty-lung-segmentation/outputs/uncertainty_maps/weak_bg_entropy/radiopaedia_10_slice_0120.npy,2442,57399,25,825,0.3930211067199707,True
radiopaedia_10,121,/kaggle/working/scribble-uncertainty-lung-segmentation/data/pseudo_labels/weak_bg_entropy/radiopaedia_10_slice_0121.npy,/kaggle/working/scribble-uncertainty-lung-segmentation/data/pseudo_labels/weak_bg_confidence/radiopaedia_10_slice_0121.npy,/kaggle/working/scribble-uncertainty-lung-segmentation/outputs/uncertainty_maps/weak_bg_entropy/radiopaedia_10_slice_0121.npy,2239,56959,32,851,0.4278317093849182,True
radiopaedia_10,122,/kaggle/working/scribble-uncertainty-lung-segmentation/data/pseudo_labels/weak_bg_entropy/radiopaedia_10_slice_0122.npy,/kaggle/working/scribble-uncertainty-lung-segmentation/data/pseudo_labels/weak_bg_confidence/radiopaedia_10_slice_0122.npy,/kaggle/working/scribble-uncertainty-lung-segmentation/outputs/uncertainty_maps/weak_bg_entropy/radiopaedia_10_slice_0122.npy,2542,57207,28,855,0.39799824357032776,True
radiopaedia_10,123,/kaggle/working/scribble-uncertainty-lung-segmentation/data/pseudo_labels/weak_bg_entropy/radiopaedia_10_slice_0123.npy,/kaggle/working/scribble-uncertainty-lung-segmentation/data/pseudo_labels/weak_bg_confidence/radiopaedia_10_slice_0123.npy,/kaggle/working/scribble-uncertainty-lung-segmentation/outputs/uncertainty_maps/weak_bg_entropy/radiopaedia_10_slice_0123.npy,2313,57016,30,761,0.38776838779449463,True
radiopaedia_10,124,/kaggle/working/scribble-uncertainty-lung-segmentation/data/pseudo_labels/weak_bg_entropy/radiopaedia_10_slice_0124.npy,/kaggle/working/scribble-uncertainty-lung-segmentation/data/pseudo_labels/weak_bg_confidence/radiopaedia_10_slice_0124.npy,/kaggle/working/scribble-uncertainty-lung-segmentation/outputs/uncertainty_maps/weak_bg_entropy/radiopaedia_10_slice_0124.npy,2225,56684,32,799,0.41798943281173706,True
radiopaedia_10,125,/kaggle/working/scribble-uncertainty-lung-segmentation/data/pseudo_labels/weak_bg_entropy/radiopaedia_10_slice_0125.npy,/kaggle/working/scribble-uncertainty-lung-segmentation/data/pseudo_labels/weak_bg_confidence/radiopaedia_10_slice_0125.npy,/kaggle/working/scribble-uncertainty-lung-segmentation/outputs/uncertainty_maps/weak_bg_entropy/radiopaedia_10_slice_0125.npy,2391,56680,27,847,0.4336009919643402,True
radiopaedia_10,126,/kaggle/working/scribble-uncertainty-lung-segmentation/data/pseudo_labels/weak_bg_entropy/radiopaedia_10_slice_0126.npy,/kaggle/working/scribble-uncertainty-lung-segmentation/data/pseudo_labels/weak_bg_confidence/radiopaedia_10_slice_0126.npy,/kaggle/working/scribble-uncertainty-lung-segmentation/outputs/uncertainty_maps/weak_bg_entropy/radiopaedia_10_slice_0126.npy,2633,56970,22,879,0.3900911211967468,True
radiopaedia_10,127,/kaggle/working/scribble-uncertainty-lung-segmentation/data/pseudo_labels/weak_bg_entropy/radiopaedia_10_slice_0127.npy,/kaggle/working/scribble-uncertainty-lung-segmentation/data/pseudo_labels/weak_bg_confidence/radiopaedia_10_slice_0127.npy,/kaggle/working/scribble-uncertainty-lung-segmentation/outputs/uncertainty_maps/weak_bg_entropy/radiopaedia_10_slice_0127.npy,2562,56716,36,834,0.3981154263019562,True
radiopaedia_10,128,/kaggle/working/scribble-uncertainty-lung-segmentation/data/pseudo_labels/weak_bg_entropy/radiopaedia_10_slice_0128.npy,/kaggle/working/scribble-uncertainty-lung-segmentation/data/pseudo_labels/weak_bg_confidence/radiopaedia_10_slice_0128.npy,/kaggle/working/scribble-uncertainty-lung-segmentation/outputs/uncertainty_maps/weak_bg_entropy/radiopaedia_10_slice_0128.npy,2697,56703,24,985,0.42965778708457947,True
radiopaedia_10,129,/kaggle/working/scribble-uncertainty-lung-segmentation/data/pseudo_labels/weak_bg_entropy/radiopaedia_10_slice_0129.npy,/kaggle/working/scribble-uncertainty-lung-segmentation/data/pseudo_labels/weak_bg_confidence/radiopaedia_10_slice_0129.npy,/kaggle/working/scribble-uncertainty-lung-segmentation/outputs/uncertainty_maps/weak_bg_entropy/radiopaedia_10_slice_0129.npy,2568,56832,24,983,0.4010137915611267,True
radiopaedia_10,130,/kaggle/working/scribble-uncertainty-lung-segmentation/data/pseudo_labels/weak_bg_entropy/radiopaedia_10_slice_0130.npy,/kaggle/working/scribble-uncertainty-lung-segmentation/data/pseudo_labels/weak_bg_confidence/radiopaedia_10_slice_0130.npy,/kaggle/working/scribble-uncertainty-lung-segmentation/outputs/uncertainty_maps/weak_bg_entropy/radiopaedia_10_slice_0130.npy,2697,56579,22,993,0.42005419731140137,True
radiopaedia_10,131,/kaggle/working/scribble-uncertainty-lung-segmentation/data/pseudo_labels/weak_bg_entropy/radiopaedia_10_slice_0131.npy,/kaggle/working/scribble-uncertainty-lung-segmentation/data/pseudo_labels/weak_bg_confidence/radiopaedia_10_slice_0131.npy,/kaggle/working/scribble-uncertainty-lung-segmentation/outputs/uncertainty_maps/weak_bg_entropy/radiopaedia_10_slice_0131.npy,2607,56353,24,974,0.44680255651474,True
radiopaedia_10,132,/kaggle/working/scribble-uncertainty-lung-segmentation/data/pseudo_labels/weak_bg_entropy/radiopaedia_10_slice_0132.npy,/kaggle/working/scribble-uncertainty-lung-segmentation/data/pseudo_labels/weak_bg_confidence/radiopaedia_10_slice_0132.npy,/kaggle/working/scribble-uncertainty-lung-segmentation/outputs/uncertainty_maps/weak_bg_entropy/radiopaedia_10_slice_0132.npy,2500,56072,28,977,0.470520555973053,True
radiopaedia_10,133,/kaggle/working/scribble-uncertainty-lung-segmentation/data/pseudo_labels/weak_bg_entropy/radiopaedia_10_slice_0133.npy,/kaggle/working/scribble-uncertainty-lung-segmentation/data/pseudo_labels/weak_bg_confidence/radiopaedia_10_slice_0133.npy,/kaggle/working/scribble-uncertainty-lung-segmentation/outputs/uncertainty_maps/weak_bg_entropy/radiopaedia_10_slice_0133.npy,2449,56089,24,954,0.4778136909008026,True
radiopaedia_10,134,/kaggle/working/scribble-uncertainty-lung-segmentation/data/pseudo_labels/weak_bg_entropy/radiopaedia_10_slice_0134.npy,/kaggle/working/scribble-uncertainty-lung-segmentation/data/pseudo_labels/weak_bg_confidence/radiopaedia_10_slice_0134.npy,/kaggle/working/scribble-uncertainty-lung-segmentation/outputs/uncertainty_maps/weak_bg_entropy/radiopaedia_10_slice_0134.npy,2352,55753,26,979,0.4941459000110626,True
radiopaedia_10,135,/kaggle/working/scribble-uncertainty-lung-segmentation/data/pseudo_labels/weak_bg_entropy/radiopaedia_10_slice_0135.npy,/kaggle/working/scribble-uncertainty-lung-segmentation/data/pseudo_labels/weak_bg_confidence/radiopaedia_10_slice_0135.npy,/kaggle/working/scribble-uncertainty-lung-segmentation/outputs/uncertainty_maps/weak_bg_entropy/radiopaedia_10_slice_0135.npy,2543,55576,22,931,0.44847437739372253,True
radiopaedia_10,136,/kaggle/working/scribble-uncertainty-lung-segmentation/data/pseudo_labels/weak_bg_entropy/radiopaedia_10_slice_0136.npy,/kaggle/working/scribble-uncertainty-lung-segmentation/data/pseudo_labels/weak_bg_confidence/radiopaedia_10_slice_0136.npy,/kaggle/working/scribble-uncertainty-lung-segmentation/outputs/uncertainty_maps/weak_bg_entropy/radiopaedia_10_slice_0136.npy,2519,54998,25,949,0.47750866413116455,True
radiopaedia_10,137,/kaggle/working/scribble-uncertainty-lung-segmentation/data/pseudo_labels/weak_bg_entropy/radiopaedia_10_slice_0137.npy,/kaggle/working/scribble-uncertainty-lung-segmentation/data/pseudo_labels/weak_bg_confidence/radiopaedia_10_slice_0137.npy,/kaggle/working/scribble-uncertainty-lung-segmentation/outputs/uncertainty_maps/weak_bg_entropy/radiopaedia_10_slice_0137.npy,2352,54930,23,1068,0.5146198868751526,True
radiopaedia_10,138,/kaggle/working/scribble-uncertainty-lung-segmentation/data/pseudo_labels/weak_bg_entropy/radiopaedia_10_slice_0138.npy,/kaggle/working/scribble-uncertainty-lung-segmentation/data/pseudo_labels/weak_bg_confidence/radiopaedia_10_slice_0138.npy,/kaggle/working/scribble-uncertainty-lung-segmentation/outputs/uncertainty_maps/weak_bg_entropy/radiopaedia_10_slice_0138.npy,2698,55240,36,1008,0.4430652856826782,True
radiopaedia_10,139,/kaggle/working/scribble-uncertainty-lung-segmentation/data/pseudo_labels/weak_bg_entropy/radiopaedia_10_slice_0139.npy,/kaggle/working/scribble-uncertainty-lung-segmentation/data/pseudo_labels/weak_bg_confidence/radiopaedia_10_slice_0139.npy,/kaggle/working/scribble-uncertainty-lung-segmentation/outputs/uncertainty_maps/weak_bg_entropy/radiopaedia_10_slice_0139.npy,2628,55188,22,1097,0.4719462990760803,True
radiopaedia_10,140,/kaggle/working/scribble-uncertainty-lung-segmentation/data/pseudo_labels/weak_bg_entropy/radiopaedia_10_slice_0140.npy,/kaggle/working/scribble-uncertainty-lung-segmentation/data/pseudo_labels/weak_bg_confidence/radiopaedia_10_slice_0140.npy,/kaggle/working/scribble-uncertainty-lung-segmentation/outputs/uncertainty_maps/weak_bg_entropy/radiopaedia_10_slice_0140.npy,2649,55280,33,1068,0.4530535340309143,True
radiopaedia_10,141,/kaggle/working/scribble-uncertainty-lung-segmentation/data/pseudo_labels/weak_bg_entropy/radiopaedia_10_slice_0141.npy,/kaggle/working/scribble-uncertainty-lung-segmentation/data/pseudo_labels/weak_bg_confidence/radiopaedia_10_slice_0141.npy,/kaggle/working/scribble-uncertainty-lung-segmentation/outputs/uncertainty_maps/weak_bg_entropy/radiopaedia_10_slice_0141.npy,2410,54987,26,1085,0.5001430511474609,True
radiopaedia_10,142,/kaggle/working/scribble-uncertainty-lung-segmentation/data/pseudo_labels/weak_bg_entropy/radiopaedia_10_slice_0142.npy,/kaggle/working/scribble-uncertainty-lung-segmentation/data/pseudo_labels/weak_bg_confidence/radiopaedia_10_slice_0142.npy,/kaggle/working/scribble-uncertainty-lung-segmentation/outputs/uncertainty_maps/weak_bg_entropy/radiopaedia_10_slice_0142.npy,2498,55108,24,1145,0.4908042848110199,True
radiopaedia_10,143,/kaggle/working/scribble-uncertainty-lung-segmentation/data/pseudo_labels/weak_bg_entropy/radiopaedia_10_slice_0143.npy,/kaggle/working/scribble-uncertainty-lung-segmentation/data/pseudo_labels/weak_bg_confidence/radiopaedia_10_slice_0143.npy,/kaggle/working/scribble-uncertainty-lung-segmentation/outputs/uncertainty_maps/weak_bg_entropy/radiopaedia_10_slice_0143.npy,2813,55443,36,996,0.42320817708969116,True
radiopaedia_10,144,/kaggle/working/scribble-uncertainty-lung-segmentation/data/pseudo_labels/weak_bg_entropy/radiopaedia_10_slice_0144.npy,/kaggle/working/scribble-uncertainty-lung-segmentation/data/pseudo_labels/weak_bg_confidence/radiopaedia_10_slice_0144.npy,/kaggle/working/scribble-uncertainty-lung-segmentation/outputs/uncertainty_maps/weak_bg_entropy/radiopaedia_10_slice_0144.npy,3068,55784,42,970,0.3932639956474304,True
radiopaedia_10,145,/kaggle/working/scribble-uncertainty-lung-segmentation/data/pseudo_labels/weak_bg_entropy/radiopaedia_10_slice_0145.npy,/kaggle/working/scribble-uncertainty-lung-segmentation/data/pseudo_labels/weak_bg_confidence/radiopaedia_10_slice_0145.npy,/kaggle/working/scribble-uncertainty-lung-segmentation/outputs/uncertainty_maps/weak_bg_entropy/radiopaedia_10_slice_0145.npy,3005,55814,24,1001,0.4103844165802002,True
radiopaedia_10,146,/kaggle/working/scribble-uncertainty-lung-segmentation/data/pseudo_labels/weak_bg_entropy/radiopaedia_10_slice_0146.npy,/kaggle/working/scribble-uncertainty-lung-segmentation/data/pseudo_labels/weak_bg_confidence/radiopaedia_10_slice_0146.npy,/kaggle/working/scribble-uncertainty-lung-segmentation/outputs/uncertainty_maps/weak_bg_entropy/radiopaedia_10_slice_0146.npy,2907,55672,26,994,0.41168931126594543,True
radiopaedia_10,147,/kaggle/working/scribble-uncertainty-lung-segmentation/data/pseudo_labels/weak_bg_entropy/radiopaedia_10_slice_0147.npy,/kaggle/working/scribble-uncertainty-lung-segmentation/data/pseudo_labels/weak_bg_confidence/radiopaedia_10_slice_0147.npy,/kaggle/working/scribble-uncertainty-lung-segmentation/outputs/uncertainty_maps/weak_bg_entropy/radiopaedia_10_slice_0147.npy,2963,55582,41,955,0.4017355740070343,True
radiopaedia_10,148,/kaggle/working/scribble-uncertainty-lung-segmentation/data/pseudo_labels/weak_bg_entropy/radiopaedia_10_slice_0148.npy,/kaggle/working/scribble-uncertainty-lung-segmentation/data/pseudo_labels/weak_bg_confidence/radiopaedia_10_slice_0148.npy,/kaggle/working/scribble-uncertainty-lung-segmentation/outputs/uncertainty_maps/weak_bg_entropy/radiopaedia_10_slice_0148.npy,2915,55526,34,1014,0.4143548011779785,True
radiopaedia_10,149,/kaggle/working/scribble-uncertainty-lung-segmentation/data/pseudo_labels/weak_bg_entropy/radiopaedia_10_slice_0149.npy,/kaggle/working/scribble-uncertainty-lung-segmentation/data/pseudo_labels/weak_bg_confidence/radiopaedia_10_slice_0149.npy,/kaggle/working/scribble-uncertainty-lung-segmentation/outputs/uncertainty_maps/weak_bg_entropy/radiopaedia_10_slice_0149.npy,2888,55448,34,1021,0.41238167881965637,True
radiopaedia_10,150,/kaggle/working/scribble-uncertainty-lung-segmentation/data/pseudo_labels/weak_bg_entropy/radiopaedia_10_slice_0150.npy,/kaggle/working/scribble-uncertainty-lung-segmentation/data/pseudo_labels/weak_bg_confidence/radiopaedia_10_slice_0150.npy,/kaggle/working/scribble-uncertainty-lung-segmentation/outputs/uncertainty_maps/weak_bg_entropy/radiopaedia_10_slice_0150.npy,2917,55565,35,1005,0.38857725262641907,True
radiopaedia_10,151,/kaggle/working/scribble-uncertainty-lung-segmentation/data/pseudo_labels/weak_bg_entropy/radiopaedia_10_slice_0151.npy,/kaggle/working/scribble-uncertainty-lung-segmentation/data/pseudo_labels/weak_bg_confidence/radiopaedia_10_slice_0151.npy,/kaggle/working/scribble-uncertainty-lung-segmentation/outputs/uncertainty_maps/weak_bg_entropy/radiopaedia_10_slice_0151.npy,2636,55318,32,1008,0.4478594958782196,True
radiopaedia_10,152,/kaggle/working/scribble-uncertainty-lung-segmentation/data/pseudo_labels/weak_bg_entropy/radiopaedia_10_slice_0152.npy,/kaggle/working/scribble-uncertainty-lung-segmentation/data/pseudo_labels/weak_bg_confidence/radiopaedia_10_slice_0152.npy,/kaggle/working/scribble-uncertainty-lung-segmentation/outputs/uncertainty_maps/weak_bg_entropy/radiopaedia_10_slice_0152.npy,2795,55486,36,1017,0.42392444610595703,True
radiopaedia_10,153,/kaggle/working/scribble-uncertainty-lung-segmentation/data/pseudo_labels/weak_bg_entropy/radiopaedia_10_slice_0153.npy,/kaggle/working/scribble-uncertainty-lung-segmentation/data/pseudo_labels/weak_bg_confidence/radiopaedia_10_slice_0153.npy,/kaggle/working/scribble-uncertainty-lung-segmentation/outputs/uncertainty_maps/weak_bg_entropy/radiopaedia_10_slice_0153.npy,2894,55591,35,1033,0.42831677198410034,True
radiopaedia_10,154,/kaggle/working/scribble-uncertainty-lung-segmentation/data/pseudo_labels/weak_bg_entropy/radiopaedia_10_slice_0154.npy,/kaggle/working/scribble-uncertainty-lung-segmentation/data/pseudo_labels/weak_bg_confidence/radiopaedia_10_slice_0154.npy,/kaggle/working/scribble-uncertainty-lung-segmentation/outputs/uncertainty_maps/weak_bg_entropy/radiopaedia_10_slice_0154.npy,3088,55739,32,1051,0.41169363260269165,True
radiopaedia_10,155,/kaggle/working/scribble-uncertainty-lung-segmentation/data/pseudo_labels/weak_bg_entropy/radiopaedia_10_slice_0155.npy,/kaggle/working/scribble-uncertainty-lung-segmentation/data/pseudo_labels/weak_bg_confidence/radiopaedia_10_slice_0155.npy,/kaggle/working/scribble-uncertainty-lung-segmentation/outputs/uncertainty_maps/weak_bg_entropy/radiopaedia_10_slice_0155.npy,3079,55873,41,1032,0.3867672085762024,True
radiopaedia_10,156,/kaggle/working/scribble-uncertainty-lung-segmentation/data/pseudo_labels/weak_bg_entropy/radiopaedia_10_slice_0156.npy,/kaggle/working/scribble-uncertainty-lung-segmentation/data/pseudo_labels/weak_bg_confidence/radiopaedia_10_slice_0156.npy,/kaggle/working/scribble-uncertainty-lung-segmentation/outputs/uncertainty_maps/weak_bg_entropy/radiopaedia_10_slice_0156.npy,3033,55835,40,1044,0.37429481744766235,True
radiopaedia_10,157,/kaggle/working/scribble-uncertainty-lung-segmentation/data/pseudo_labels/weak_bg_entropy/radiopaedia_10_slice_0157.npy,/kaggle/working/scribble-uncertainty-lung-segmentation/data/pseudo_labels/weak_bg_confidence/radiopaedia_10_slice_0157.npy,/kaggle/working/scribble-uncertainty-lung-segmentation/outputs/uncertainty_maps/weak_bg_entropy/radiopaedia_10_slice_0157.npy,2983,55817,45,1003,0.3627696931362152,True
radiopaedia_10,158,/kaggle/working/scribble-uncertainty-lung-segmentation/data/pseudo_labels/weak_bg_entropy/radiopaedia_10_slice_0158.npy,/kaggle/working/scribble-uncertainty-lung-segmentation/data/pseudo_labels/weak_bg_confidence/radiopaedia_10_slice_0158.npy,/kaggle/working/scribble-uncertainty-lung-segmentation/outputs/uncertainty_maps/weak_bg_entropy/radiopaedia_10_slice_0158.npy,2524,55515,32,962,0.39759036898612976,True
radiopaedia_10,159,/kaggle/working/scribble-uncertainty-lung-segmentation/data/pseudo_labels/weak_bg_entropy/radiopaedia_10_slice_0159.npy,/kaggle/working/scribble-uncertainty-lung-segmentation/data/pseudo_labels/weak_bg_confidence/radiopaedia_10_slice_0159.npy,/kaggle/working/scribble-uncertainty-lung-segmentation/outputs/uncertainty_maps/weak_bg_entropy/radiopaedia_10_slice_0159.npy,2184,55186,30,971,0.41458001732826233,True
radiopaedia_10,160,/kaggle/working/scribble-uncertainty-lung-segmentation/data/pseudo_labels/weak_bg_entropy/radiopaedia_10_slice_0160.npy,/kaggle/working/scribble-uncertainty-lung-segmentation/data/pseudo_labels/weak_bg_confidence/radiopaedia_10_slice_0160.npy,/kaggle/working/scribble-uncertainty-lung-segmentation/outputs/uncertainty_maps/weak_bg_entropy/radiopaedia_10_slice_0160.npy,2182,55172,40,935,0.4311838448047638,True
radiopaedia_10,161,/kaggle/working/scribble-uncertainty-lung-segmentation/data/pseudo_labels/weak_bg_entropy/radiopaedia_10_slice_0161.npy,/kaggle/working/scribble-uncertainty-lung-segmentation/data/pseudo_labels/weak_bg_confidence/radiopaedia_10_slice_0161.npy,/kaggle/working/scribble-uncertainty-lung-segmentation/outputs/uncertainty_maps/weak_bg_entropy/radiopaedia_10_slice_0161.npy,2183,55170,42,1022,0.4137285351753235,True
radiopaedia_10,162,/kaggle/working/scribble-uncertainty-lung-segmentation/data/pseudo_labels/weak_bg_entropy/radiopaedia_10_slice_0162.npy,/kaggle/working/scribble-uncertainty-lung-segmentation/data/pseudo_labels/weak_bg_confidence/radiopaedia_10_slice_0162.npy,/kaggle/working/scribble-uncertainty-lung-segmentation/outputs/uncertainty_maps/weak_bg_entropy/radiopaedia_10_slice_0162.npy,2438,55624,39,985,0.4095822274684906,True
radiopaedia_10,163,/kaggle/working/scribble-uncertainty-lung-segmentation/data/pseudo_labels/weak_bg_entropy/radiopaedia_10_slice_0163.npy,/kaggle/working/scribble-uncertainty-lung-segmentation/data/pseudo_labels/weak_bg_confidence/radiopaedia_10_slice_0163.npy,/kaggle/working/scribble-uncertainty-lung-segmentation/outputs/uncertainty_maps/weak_bg_entropy/radiopaedia_10_slice_0163.npy,2487,55595,32,948,0.4512372612953186,True
radiopaedia_10,164,/kaggle/working/scribble-uncertainty-lung-segmentation/data/pseudo_labels/weak_bg_entropy/radiopaedia_10_slice_0164.npy,/kaggle/working/scribble-uncertainty-lung-segmentation/data/pseudo_labels/weak_bg_confidence/radiopaedia_10_slice_0164.npy,/kaggle/working/scribble-uncertainty-lung-segmentation/outputs/uncertainty_maps/weak_bg_entropy/radiopaedia_10_slice_0164.npy,2749,55824,41,828,0.3684651851654053,True
radiopaedia_10,165,/kaggle/working/scribble-uncertainty-lung-segmentation/data/pseudo_labels/weak_bg_entropy/radiopaedia_10_slice_0165.npy,/kaggle/working/scribble-uncertainty-lung-segmentation/data/pseudo_labels/weak_bg_confidence/radiopaedia_10_slice_0165.npy,/kaggle/working/scribble-uncertainty-lung-segmentation/outputs/uncertainty_maps/weak_bg_entropy/radiopaedia_10_slice_0165.npy,2566,55739,42,842,0.4084506928920746,True
radiopaedia_10,166,/kaggle/working/scribble-uncertainty-lung-segmentation/data/pseudo_labels/weak_bg_entropy/radiopaedia_10_slice_0166.npy,/kaggle/working/scribble-uncertainty-lung-segmentation/data/pseudo_labels/weak_bg_confidence/radiopaedia_10_slice_0166.npy,/kaggle/working/scribble-uncertainty-lung-segmentation/outputs/uncertainty_maps/weak_bg_entropy/radiopaedia_10_slice_0166.npy,2712,56058,42,866,0.40749022364616394,True
radiopaedia_10,167,/kaggle/working/scribble-uncertainty-lung-segmentation/data/pseudo_labels/weak_bg_entropy/radiopaedia_10_slice_0167.npy,/kaggle/working/scribble-uncertainty-lung-segmentation/data/pseudo_labels/weak_bg_confidence/radiopaedia_10_slice_0167.npy,/kaggle/working/scribble-uncertainty-lung-segmentation/outputs/uncertainty_maps/weak_bg_entropy/radiopaedia_10_slice_0167.npy,2796,56156,40,875,0.3840915262699127,True
radiopaedia_10,168,/kaggle/working/scribble-uncertainty-lung-segmentation/data/pseudo_labels/weak_bg_entropy/radiopaedia_10_slice_0168.npy,/kaggle/working/scribble-uncertainty-lung-segmentation/data/pseudo_labels/weak_bg_confidence/radiopaedia_10_slice_0168.npy,/kaggle/working/scribble-uncertainty-lung-segmentation/outputs/uncertainty_maps/weak_bg_entropy/radiopaedia_10_slice_0168.npy,2481,56017,44,852,0.39003899693489075,True
radiopaedia_10,169,/kaggle/working/scribble-uncertainty-lung-segmentation/data/pseudo_labels/weak_bg_entropy/radiopaedia_10_slice_0169.npy,/kaggle/working/scribble-uncertainty-lung-segmentation/data/pseudo_labels/weak_bg_confidence/radiopaedia_10_slice_0169.npy,/kaggle/working/scribble-uncertainty-lung-segmentation/outputs/uncertainty_maps/weak_bg_entropy/radiopaedia_10_slice_0169.npy,2386,55746,34,944,0.4282282292842865,True
radiopaedia_10,170,/kaggle/working/scribble-uncertainty-lung-segmentation/data/pseudo_labels/weak_bg_entropy/radiopaedia_10_slice_0170.npy,/kaggle/working/scribble-uncertainty-lung-segmentation/data/pseudo_labels/weak_bg_confidence/radiopaedia_10_slice_0170.npy,/kaggle/working/scribble-uncertainty-lung-segmentation/outputs/uncertainty_maps/weak_bg_entropy/radiopaedia_10_slice_0170.npy,2141,55682,29,837,0.4190731942653656,True
radiopaedia_10,171,/kaggle/working/scribble-uncertainty-lung-segmentation/data/pseudo_labels/weak_bg_entropy/radiopaedia_10_slice_0171.npy,/kaggle/working/scribble-uncertainty-lung-segmentation/data/pseudo_labels/weak_bg_confidence/radiopaedia_10_slice_0171.npy,/kaggle/working/scribble-uncertainty-lung-segmentation/outputs/uncertainty_maps/weak_bg_entropy/radiopaedia_10_slice_0171.npy,2416,56200,30,915,0.4214950501918793,True
radiopaedia_10,172,/kaggle/working/scribble-uncertainty-lung-segmentation/data/pseudo_labels/weak_bg_entropy/radiopaedia_10_slice_0172.npy,/kaggle/working/scribble-uncertainty-lung-segmentation/data/pseudo_labels/weak_bg_confidence/radiopaedia_10_slice_0172.npy,/kaggle/working/scribble-uncertainty-lung-segmentation/outputs/uncertainty_maps/weak_bg_entropy/radiopaedia_10_slice_0172.npy,2206,56218,25,947,0.476371705532074,True
radiopaedia_10,173,/kaggle/working/scribble-uncertainty-lung-segmentation/data/pseudo_labels/weak_bg_entropy/radiopaedia_10_slice_0173.npy,/kaggle/working/scribble-uncertainty-lung-segmentation/data/pseudo_labels/weak_bg_confidence/radiopaedia_10_slice_0173.npy,/kaggle/working/scribble-uncertainty-lung-segmentation/outputs/uncertainty_maps/weak_bg_entropy/radiopaedia_10_slice_0173.npy,2169,56094,49,804,0.4029599726200104,True
radiopaedia_10,174,/kaggle/working/scribble-uncertainty-lung-segmentation/data/pseudo_labels/weak_bg_entropy/radiopaedia_10_slice_0174.npy,/kaggle/working/scribble-uncertainty-lung-segmentation/data/pseudo_labels/weak_bg_confidence/radiopaedia_10_slice_0174.npy,/kaggle/working/scribble-uncertainty-lung-segmentation/outputs/uncertainty_maps/weak_bg_entropy/radiopaedia_10_slice_0174.npy,2357,56379,35,770,0.3581707775592804,True
radiopaedia_10,175,/kaggle/working/scribble-uncertainty-lung-segmentation/data/pseudo_labels/weak_bg_entropy/radiopaedia_10_slice_0175.npy,/kaggle/working/scribble-uncertainty-lung-segmentation/data/pseudo_labels/weak_bg_confidence/radiopaedia_10_slice_0175.npy,/kaggle/working/scribble-uncertainty-lung-segmentation/outputs/uncertainty_maps/weak_bg_entropy/radiopaedia_10_slice_0175.npy,2230,56562,42,862,0.4210866689682007,True
radiopaedia_10,176,/kaggle/working/scribble-uncertainty-lung-segmentation/data/pseudo_labels/weak_bg_entropy/radiopaedia_10_slice_0176.npy,/kaggle/working/scribble-uncertainty-lung-segmentation/data/pseudo_labels/weak_bg_confidence/radiopaedia_10_slice_0176.npy,/kaggle/working/scribble-uncertainty-lung-segmentation/outputs/uncertainty_maps/weak_bg_entropy/radiopaedia_10_slice_0176.npy,2010,56578,40,800,0.4313167333602905,True
radiopaedia_10,177,/kaggle/working/scribble-uncertainty-lung-segmentation/data/pseudo_labels/weak_bg_entropy/radiopaedia_10_slice_0177.npy,/kaggle/working/scribble-uncertainty-lung-segmentation/data/pseudo_labels/weak_bg_confidence/radiopaedia_10_slice_0177.npy,/kaggle/working/scribble-uncertainty-lung-segmentation/outputs/uncertainty_maps/weak_bg_entropy/radiopaedia_10_slice_0177.npy,2125,56545,43,701,0.37225762009620667,True
radiopaedia_10,178,/kaggle/working/scribble-uncertainty-lung-segmentation/data/pseudo_labels/weak_bg_entropy/radiopaedia_10_slice_0178.npy,/kaggle/working/scribble-uncertainty-lung-segmentation/data/pseudo_labels/weak_bg_confidence/radiopaedia_10_slice_0178.npy,/kaggle/working/scribble-uncertainty-lung-segmentation/outputs/uncertainty_maps/weak_bg_entropy/radiopaedia_10_slice_0178.npy,1991,56466,39,696,0.39672496914863586,True
radiopaedia_10,179,/kaggle/working/scribble-uncertainty-lung-segmentation/data/pseudo_labels/weak_bg_entropy/radiopaedia_10_slice_0179.npy,/kaggle/working/scribble-uncertainty-lung-segmentation/data/pseudo_labels/weak_bg_confidence/radiopaedia_10_slice_0179.npy,/kaggle/working/scribble-uncertainty-lung-segmentation/outputs/uncertainty_maps/weak_bg_entropy/radiopaedia_10_slice_0179.npy,1805,56377,33,691,0.41826921701431274,True
radiopaedia_10,180,/kaggle/working/scribble-uncertainty-lung-segmentation/data/pseudo_labels/weak_bg_entropy/radiopaedia_10_slice_0180.npy,/kaggle/working/scribble-uncertainty-lung-segmentation/data/pseudo_labels/weak_bg_confidence/radiopaedia_10_slice_0180.npy,/kaggle/working/scribble-uncertainty-lung-segmentation/outputs/uncertainty_maps/weak_bg_entropy/radiopaedia_10_slice_0180.npy,1713,56385,24,710,0.4647131562232971,True
radiopaedia_10,181,/kaggle/working/scribble-uncertainty-lung-segmentation/data/pseudo_labels/weak_bg_entropy/radiopaedia_10_slice_0181.npy,/kaggle/working/scribble-uncertainty-lung-segmentation/data/pseudo_labels/weak_bg_confidence/radiopaedia_10_slice_0181.npy,/kaggle/working/scribble-uncertainty-lung-segmentation/outputs/uncertainty_maps/weak_bg_entropy/radiopaedia_10_slice_0181.npy,1811,56517,28,743,0.462803453207016,True
radiopaedia_10,182,/kaggle/working/scribble-uncertainty-lung-segmentation/data/pseudo_labels/weak_bg_entropy/radiopaedia_10_slice_0182.npy,/kaggle/working/scribble-uncertainty-lung-segmentation/data/pseudo_labels/weak_bg_confidence/radiopaedia_10_slice_0182.npy,/kaggle/working/scribble-uncertainty-lung-segmentation/outputs/uncertainty_maps/weak_bg_entropy/radiopaedia_10_slice_0182.npy,1681,56303,26,694,0.4901052713394165,True
radiopaedia_10,183,/kaggle/working/scribble-uncertainty-lung-segmentation/data/pseudo_labels/weak_bg_entropy/radiopaedia_10_slice_0183.npy,/kaggle/working/scribble-uncertainty-lung-segmentation/data/pseudo_labels/weak_bg_confidence/radiopaedia_10_slice_0183.npy,/kaggle/working/scribble-uncertainty-lung-segmentation/outputs/uncertainty_maps/weak_bg_entropy/radiopaedia_10_slice_0183.npy,2163,56670,27,669,0.40112993121147156,True
radiopaedia_10,184,/kaggle/working/scribble-uncertainty-lung-segmentation/data/pseudo_labels/weak_bg_entropy/radiopaedia_10_slice_0184.npy,/kaggle/working/scribble-uncertainty-lung-segmentation/data/pseudo_labels/weak_bg_confidence/radiopaedia_10_slice_0184.npy,/kaggle/working/scribble-uncertainty-lung-segmentation/outputs/uncertainty_maps/weak_bg_entropy/radiopaedia_10_slice_0184.npy,2499,57234,33,545,0.29829171299934387,True
radiopaedia_10,185,/kaggle/working/scribble-uncertainty-lung-segmentation/data/pseudo_labels/weak_bg_entropy/radiopaedia_10_slice_0185.npy,/kaggle/working/scribble-uncertainty-lung-segmentation/data/pseudo_labels/weak_bg_confidence/radiopaedia_10_slice_0185.npy,/kaggle/working/scribble-uncertainty-lung-segmentation/outputs/uncertainty_maps/weak_bg_entropy/radiopaedia_10_slice_0185.npy,2182,57037,24,626,0.35683760046958923,True
radiopaedia_10,186,/kaggle/working/scribble-uncertainty-lung-segmentation/data/pseudo_labels/weak_bg_entropy/radiopaedia_10_slice_0186.npy,/kaggle/working/scribble-uncertainty-lung-segmentation/data/pseudo_labels/weak_bg_confidence/radiopaedia_10_slice_0186.npy,/kaggle/working/scribble-uncertainty-lung-segmentation/outputs/uncertainty_maps/weak_bg_entropy/radiopaedia_10_slice_0186.npy,2127,56874,25,675,0.3904353976249695,True
radiopaedia_10,187,/kaggle/working/scribble-uncertainty-lung-segmentation/data/pseudo_labels/weak_bg_entropy/radiopaedia_10_slice_0187.npy,/kaggle/working/scribble-uncertainty-lung-segmentation/data/pseudo_labels/weak_bg_confidence/radiopaedia_10_slice_0187.npy,/kaggle/working/scribble-uncertainty-lung-segmentation/outputs/uncertainty_maps/weak_bg_entropy/radiopaedia_10_slice_0187.npy,1739,56553,24,703,0.4766584634780884,True
radiopaedia_10,188,/kaggle/working/scribble-uncertainty-lung-segmentation/data/pseudo_labels/weak_bg_entropy/radiopaedia_10_slice_0188.npy,/kaggle/working/scribble-uncertainty-lung-segmentation/data/pseudo_labels/weak_bg_confidence/radiopaedia_10_slice_0188.npy,/kaggle/working/scribble-uncertainty-lung-segmentation/outputs/uncertainty_maps/weak_bg_entropy/radiopaedia_10_slice_0188.npy,1935,56601,23,631,0.39984411001205444,True
radiopaedia_10,189,/kaggle/working/scribble-uncertainty-lung-segmentation/data/pseudo_labels/weak_bg_entropy/radiopaedia_10_slice_0189.npy,/kaggle/working/scribble-uncertainty-lung-segmentation/data/pseudo_labels/weak_bg_confidence/radiopaedia_10_slice_0189.npy,/kaggle/working/scribble-uncertainty-lung-segmentation/outputs/uncertainty_maps/weak_bg_entropy/radiopaedia_10_slice_0189.npy,1792,56413,20,519,0.38684552907943726,True
radiopaedia_10,190,/kaggle/working/scribble-uncertainty-lung-segmentation/data/pseudo_labels/weak_bg_entropy/radiopaedia_10_slice_0190.npy,/kaggle/working/scribble-uncertainty-lung-segmentation/data/pseudo_labels/weak_bg_confidence/radiopaedia_10_slice_0190.npy,/kaggle/working/scribble-uncertainty-lung-segmentation/outputs/uncertainty_maps/weak_bg_entropy/radiopaedia_10_slice_0190.npy,1643,56552,24,461,0.3403041958808899,True
radiopaedia_10,191,/kaggle/working/scribble-uncertainty-lung-segmentation/data/pseudo_labels/weak_bg_entropy/radiopaedia_10_slice_0191.npy,/kaggle/working/scribble-uncertainty-lung-segmentation/data/pseudo_labels/weak_bg_confidence/radiopaedia_10_slice_0191.npy,/kaggle/working/scribble-uncertainty-lung-segmentation/outputs/uncertainty_maps/weak_bg_entropy/radiopaedia_10_slice_0191.npy,1664,57058,28,384,0.2705078125,True
radiopaedia_10,192,/kaggle/working/scribble-uncertainty-lung-segmentation/data/pseudo_labels/weak_bg_entropy/radiopaedia_10_slice_0192.npy,/kaggle/working/scribble-uncertainty-lung-segmentation/data/pseudo_labels/weak_bg_confidence/radiopaedia_10_slice_0192.npy,/kaggle/working/scribble-uncertainty-lung-segmentation/outputs/uncertainty_maps/weak_bg_entropy/radiopaedia_10_slice_0192.npy,1657,57440,21,425,0.31892409920692444,True
radiopaedia_10,193,/kaggle/working/scribble-uncertainty-lung-segmentation/data/pseudo_labels/weak_bg_entropy/radiopaedia_10_slice_0193.npy,/kaggle/working/scribble-uncertainty-lung-segmentation/data/pseudo_labels/weak_bg_confidence/radiopaedia_10_slice_0193.npy,/kaggle/working/scribble-uncertainty-lung-segmentation/outputs/uncertainty_maps/weak_bg_entropy/radiopaedia_10_slice_0193.npy,1654,57034,27,396,0.28487804532051086,True
radiopaedia_10,194,/kaggle/working/scribble-uncertainty-lung-segmentation/data/pseudo_labels/weak_bg_entropy/radiopaedia_10_slice_0194.npy,/kaggle/working/scribble-uncertainty-lung-segmentation/data/pseudo_labels/weak_bg_confidence/radiopaedia_10_slice_0194.npy,/kaggle/working/scribble-uncertainty-lung-segmentation/outputs/uncertainty_maps/weak_bg_entropy/radiopaedia_10_slice_0194.npy,1600,57170,16,394,0.34704113006591797,True
radiopaedia_10,195,/kaggle/working/scribble-uncertainty-lung-segmentation/data/pseudo_labels/weak_bg_entropy/radiopaedia_10_slice_0195.npy,/kaggle/working/scribble-uncertainty-lung-segmentation/data/pseudo_labels/weak_bg_confidence/radiopaedia_10_slice_0195.npy,/kaggle/working/scribble-uncertainty-lung-segmentation/outputs/uncertainty_maps/weak_bg_entropy/radiopaedia_10_slice_0195.npy,1448,57140,16,415,0.3306494951248169,True
radiopaedia_10,196,/kaggle/working/scribble-uncertainty-lung-segmentation/data/pseudo_labels/weak_bg_entropy/radiopaedia_10_slice_0196.npy,/kaggle/working/scribble-uncertainty-lung-segmentation/data/pseudo_labels/weak_bg_confidence/radiopaedia_10_slice_0196.npy,/kaggle/working/scribble-uncertainty-lung-segmentation/outputs/uncertainty_maps/weak_bg_entropy/radiopaedia_10_slice_0196.npy,1397,56818,20,395,0.3415178656578064,True
radiopaedia_10,197,/kaggle/working/scribble-uncertainty-lung-segmentation/data/pseudo_labels/weak_bg_entropy/radiopaedia_10_slice_0197.npy,/kaggle/working/scribble-uncertainty-lung-segmentation/data/pseudo_labels/weak_bg_confidence/radiopaedia_10_slice_0197.npy,/kaggle/working/scribble-uncertainty-lung-segmentation/outputs/uncertainty_maps/weak_bg_entropy/radiopaedia_10_slice_0197.npy,1599,56665,27,343,0.24613800644874573,True
radiopaedia_10,198,/kaggle/working/scribble-uncertainty-lung-segmentation/data/pseudo_labels/weak_bg_entropy/radiopaedia_10_slice_0198.npy,/kaggle/working/scribble-uncertainty-lung-segmentation/data/pseudo_labels/weak_bg_confidence/radiopaedia_10_slice_0198.npy,/kaggle/working/scribble-uncertainty-lung-segmentation/outputs/uncertainty_maps/weak_bg_entropy/radiopaedia_10_slice_0198.npy,1573,56397,17,263,0.17538125813007355,True
radiopaedia_10,199,/kaggle/working/scribble-uncertainty-lung-segmentation/data/pseudo_labels/weak_bg_entropy/radiopaedia_10_slice_0199.npy,/kaggle/working/scribble-uncertainty-lung-segmentation/data/pseudo_labels/weak_bg_confidence/radiopaedia_10_slice_0199.npy,/kaggle/working/scribble-uncertainty-lung-segmentation/outputs/uncertainty_maps/weak_bg_entropy/radiopaedia_10_slice_0199.npy,1465,56384,16,217,0.1569560021162033,True
radiopaedia_10,200,/kaggle/working/scribble-uncertainty-lung-segmentation/data/pseudo_labels/weak_bg_entropy/radiopaedia_10_slice_0200.npy,/kaggle/working/scribble-uncertainty-lung-segmentation/data/pseudo_labels/weak_bg_confidence/radiopaedia_10_slice_0200.npy,/kaggle/working/scribble-uncertainty-lung-segmentation/outputs/uncertainty_maps/weak_bg_entropy/radiopaedia_10_slice_0200.npy,1574,56707,10,155,0.09947946667671204,True
radiopaedia_10,201,/kaggle/working/scribble-uncertainty-lung-segmentation/data/pseudo_labels/weak_bg_entropy/radiopaedia_10_slice_0201.npy,/kaggle/working/scribble-uncertainty-lung-segmentation/data/pseudo_labels/weak_bg_confidence/radiopaedia_10_slice_0201.npy,/kaggle/working/scribble-uncertainty-lung-segmentation/outputs/uncertainty_maps/weak_bg_entropy/radiopaedia_10_slice_0201.npy,1730,56760,0,0,5.780347034356481e-11,False
radiopaedia_10,202,/kaggle/working/scribble-uncertainty-lung-segmentation/data/pseudo_labels/weak_bg_entropy/radiopaedia_10_slice_0202.npy,/kaggle/working/scribble-uncertainty-lung-segmentation/data/pseudo_labels/weak_bg_confidence/radiopaedia_10_slice_0202.npy,/kaggle/working/scribble-uncertainty-lung-segmentation/outputs/uncertainty_maps/weak_bg_entropy/radiopaedia_10_slice_0202.npy,1688,56654,0,0,5.924170876081547e-11,False
radiopaedia_10,203,/kaggle/working/scribble-uncertainty-lung-segmentation/data/pseudo_labels/weak_bg_entropy/radiopaedia_10_slice_0203.npy,/kaggle/working/scribble-uncertainty-lung-segmentation/data/pseudo_labels/weak_bg_confidence/radiopaedia_10_slice_0203.npy,/kaggle/working/scribble-uncertainty-lung-segmentation/outputs/uncertainty_maps/weak_bg_entropy/radiopaedia_10_slice_0203.npy,1468,56481,0,0,6.81198916718806e-11,False
radiopaedia_10,204,/kaggle/working/scribble-uncertainty-lung-segmentation/data/pseudo_labels/weak_bg_entropy/radiopaedia_10_slice_0204.npy,/kaggle/working/scribble-uncertainty-lung-segmentation/data/pseudo_labels/weak_bg_confidence/radiopaedia_10_slice_0204.npy,/kaggle/working/scribble-uncertainty-lung-segmentation/outputs/uncertainty_maps/weak_bg_entropy/radiopaedia_10_slice_0204.npy,1058,56444,0,0,9.451796290083081e-11,False
radiopaedia_10,205,/kaggle/working/scribble-uncertainty-lung-segmentation/data/pseudo_labels/weak_bg_entropy/radiopaedia_10_slice_0205.npy,/kaggle/working/scribble-uncertainty-lung-segmentation/data/pseudo_labels/weak_bg_confidence/radiopaedia_10_slice_0205.npy,/kaggle/working/scribble-uncertainty-lung-segmentation/outputs/uncertainty_maps/weak_bg_entropy/radiopaedia_10_slice_0205.npy,870,56706,0,0,1.149425277180427e-10,False
radiopaedia_10,206,/kaggle/working/scribble-uncertainty-lung-segmentation/data/pseudo_labels/weak_bg_entropy/radiopaedia_10_slice_0206.npy,/kaggle/working/scribble-uncertainty-lung-segmentation/data/pseudo_labels/weak_bg_confidence/radiopaedia_10_slice_0206.npy,/kaggle/working/scribble-uncertainty-lung-segmentation/outputs/uncertainty_maps/weak_bg_entropy/radiopaedia_10_slice_0206.npy,1078,56625,0,0,9.276437951122318e-11,False
radiopaedia_10,207,/kaggle/working/scribble-uncertainty-lung-segmentation/data/pseudo_labels/weak_bg_entropy/radiopaedia_10_slice_0207.npy,/kaggle/working/scribble-uncertainty-lung-segmentation/data/pseudo_labels/weak_bg_confidence/radiopaedia_10_slice_0207.npy,/kaggle/working/scribble-uncertainty-lung-segmentation/outputs/uncertainty_maps/weak_bg_entropy/radiopaedia_10_slice_0207.npy,785,56229,0,0,1.2738853027993713e-10,False
radiopaedia_10,208,/kaggle/working/scribble-uncertainty-lung-segmentation/data/pseudo_labels/weak_bg_entropy/radiopaedia_10_slice_0208.npy,/kaggle/working/scribble-uncertainty-lung-segmentation/data/pseudo_labels/weak_bg_confidence/radiopaedia_10_slice_0208.npy,/kaggle/working/scribble-uncertainty-lung-segmentation/outputs/uncertainty_maps/weak_bg_entropy/radiopaedia_10_slice_0208.npy,801,56236,0,0,1.248439407408597e-10,False
radiopaedia_10,209,/kaggle/working/scribble-uncertainty-lung-segmentation/data/pseudo_labels/weak_bg_entropy/radiopaedia_10_slice_0209.npy,/kaggle/working/scribble-uncertainty-lung-segmentation/data/pseudo_labels/weak_bg_confidence/radiopaedia_10_slice_0209.npy,/kaggle/working/scribble-uncertainty-lung-segmentation/outputs/uncertainty_maps/weak_bg_entropy/radiopaedia_10_slice_0209.npy,932,56425,0,0,1.0729613725279918e-10,False
radiopaedia_10,210,/kaggle/working/scribble-uncertainty-lung-segmentation/data/pseudo_labels/weak_bg_entropy/radiopaedia_10_slice_0210.npy,/kaggle/working/scribble-uncertainty-lung-segmentation/data/pseudo_labels/weak_bg_confidence/radiopaedia_10_slice_0210.npy,/kaggle/working/scribble-uncertainty-lung-segmentation/outputs/uncertainty_maps/weak_bg_entropy/radiopaedia_10_slice_0210.npy,934,56295,0,0,1.0706638353674691e-10,False
radiopaedia_10,211,/kaggle/working/scribble-uncertainty-lung-segmentation/data/pseudo_labels/weak_bg_entropy/radiopaedia_10_slice_0211.npy,/kaggle/working/scribble-uncertainty-lung-segmentation/data/pseudo_labels/weak_bg_confidence/radiopaedia_10_slice_0211.npy,/kaggle/working/scribble-uncertainty-lung-segmentation/outputs/uncertainty_maps/weak_bg_entropy/radiopaedia_10_slice_0211.npy,1076,56683,0,0,9.293680408584137e-11,False
radiopaedia_10,212,/kaggle/working/scribble-uncertainty-lung-segmentation/data/pseudo_labels/weak_bg_entropy/radiopaedia_10_slice_0212.npy,/kaggle/working/scribble-uncertainty-lung-segmentation/data/pseudo_labels/weak_bg_confidence/radiopaedia_10_slice_0212.npy,/kaggle/working/scribble-uncertainty-lung-segmentation/outputs/uncertainty_maps/weak_bg_entropy/radiopaedia_10_slice_0212.npy,1192,57091,0,0,8.389261507701917e-11,False
radiopaedia_10,213,/kaggle/working/scribble-uncertainty-lung-segmentation/data/pseudo_labels/weak_bg_entropy/radiopaedia_10_slice_0213.npy,/kaggle/working/scribble-uncertainty-lung-segmentation/data/pseudo_labels/weak_bg_confidence/radiopaedia_10_slice_0213.npy,/kaggle/working/scribble-uncertainty-lung-segmentation/outputs/uncertainty_maps/weak_bg_entropy/radiopaedia_10_slice_0213.npy,960,57479,0,0,1.0416666834656141e-10,False
radiopaedia_10,214,/kaggle/working/scribble-uncertainty-lung-segmentation/data/pseudo_labels/weak_bg_entropy/radiopaedia_10_slice_0214.npy,/kaggle/working/scribble-uncertainty-lung-segmentation/data/pseudo_labels/weak_bg_confidence/radiopaedia_10_slice_0214.npy,/kaggle/working/scribble-uncertainty-lung-segmentation/outputs/uncertainty_maps/weak_bg_entropy/radiopaedia_10_slice_0214.npy,707,56916,0,0,1.4144271864857672e-10,False
radiopaedia_10,215,/kaggle/working/scribble-uncertainty-lung-segmentation/data/pseudo_labels/weak_bg_entropy/radiopaedia_10_slice_0215.npy,/kaggle/working/scribble-uncertainty-lung-segmentation/data/pseudo_labels/weak_bg_confidence/radiopaedia_10_slice_0215.npy,/kaggle/working/scribble-uncertainty-lung-segmentation/outputs/uncertainty_maps/weak_bg_entropy/radiopaedia_10_slice_0215.npy,837,56873,0,0,1.194743193266845e-10,False
radiopaedia_10,216,/kaggle/working/scribble-uncertainty-lung-segmentation/data/pseudo_labels/weak_bg_entropy/radiopaedia_10_slice_0216.npy,/kaggle/working/scribble-uncertainty-lung-segmentation/data/pseudo_labels/weak_bg_confidence/radiopaedia_10_slice_0216.npy,/kaggle/working/scribble-uncertainty-lung-segmentation/outputs/uncertainty_maps/weak_bg_entropy/radiopaedia_10_slice_0216.npy,882,56671,0,0,1.1337868838223741e-10,False
radiopaedia_10,217,/kaggle/working/scribble-uncertainty-lung-segmentation/data/pseudo_labels/weak_bg_entropy/radiopaedia_10_slice_0217.npy,/kaggle/working/scribble-uncertainty-lung-segmentation/data/pseudo_labels/weak_bg_confidence/radiopaedia_10_slice_0217.npy,/kaggle/working/scribble-uncertainty-lung-segmentation/outputs/uncertainty_maps/weak_bg_entropy/radiopaedia_10_slice_0217.npy,1200,56690,0,0,8.333333328947035e-11,False
radiopaedia_10,218,/kaggle/working/scribble-uncertainty-lung-segmentation/data/pseudo_labels/weak_bg_entropy/radiopaedia_10_slice_0218.npy,/kaggle/working/scribble-uncertainty-lung-segmentation/data/pseudo_labels/weak_bg_confidence/radiopaedia_10_slice_0218.npy,/kaggle/working/scribble-uncertainty-lung-segmentation/outputs/uncertainty_maps/weak_bg_entropy/radiopaedia_10_slice_0218.npy,1207,56495,0,0,8.285003932906321e-11,False
radiopaedia_10,219,/kaggle/working/scribble-uncertainty-lung-segmentation/data/pseudo_labels/weak_bg_entropy/radiopaedia_10_slice_0219.npy,/kaggle/working/scribble-uncertainty-lung-segmentation/data/pseudo_labels/weak_bg_confidence/radiopaedia_10_slice_0219.npy,/kaggle/working/scribble-uncertainty-lung-segmentation/outputs/uncertainty_maps/weak_bg_entropy/radiopaedia_10_slice_0219.npy,845,56449,0,0,1.1834319635362078e-10,False
radiopaedia_10,220,/kaggle/working/scribble-uncertainty-lung-segmentation/data/pseudo_labels/weak_bg_entropy/radiopaedia_10_slice_0220.npy,/kaggle/working/scribble-uncertainty-lung-segmentation/data/pseudo_labels/weak_bg_confidence/radiopaedia_10_slice_0220.npy,/kaggle/working/scribble-uncertainty-lung-segmentation/outputs/uncertainty_maps/weak_bg_entropy/radiopaedia_10_slice_0220.npy,1255,56744,0,0,7.96812754666476e-11,False
radiopaedia_10,221,/kaggle/working/scribble-uncertainty-lung-segmentation/data/pseudo_labels/weak_bg_entropy/radiopaedia_10_slice_0221.npy,/kaggle/working/scribble-uncertainty-lung-segmentation/data/pseudo_labels/weak_bg_confidence/radiopaedia_10_slice_0221.npy,/kaggle/working/scribble-uncertainty-lung-segmentation/outputs/uncertainty_maps/weak_bg_entropy/radiopaedia_10_slice_0221.npy,1100,56263,0,0,9.090909275366599e-11,False
radiopaedia_10,222,/kaggle/working/scribble-uncertainty-lung-segmentation/data/pseudo_labels/weak_bg_entropy/radiopaedia_10_slice_0222.npy,/kaggle/working/scribble-uncertainty-lung-segmentation/data/pseudo_labels/weak_bg_confidence/radiopaedia_10_slice_0222.npy,/kaggle/working/scribble-uncertainty-lung-segmentation/outputs/uncertainty_maps/weak_bg_entropy/radiopaedia_10_slice_0222.npy,1067,57051,0,0,9.372071174684748e-11,False
radiopaedia_10,223,/kaggle/working/scribble-uncertainty-lung-segmentation/data/pseudo_labels/weak_bg_entropy/radiopaedia_10_slice_0223.npy,/kaggle/working/scribble-uncertainty-lung-segmentation/data/pseudo_labels/weak_bg_confidence/radiopaedia_10_slice_0223.npy,/kaggle/working/scribble-uncertainty-lung-segmentation/outputs/uncertainty_maps/weak_bg_entropy/radiopaedia_10_slice_0223.npy,786,57503,0,0,1.2722646547391747e-10,False
radiopaedia_10,224,/kaggle/working/scribble-uncertainty-lung-segmentation/data/pseudo_labels/weak_bg_entropy/radiopaedia_10_slice_0224.npy,/kaggle/working/scribble-uncertainty-lung-segmentation/data/pseudo_labels/weak_bg_confidence/radiopaedia_10_slice_0224.npy,/kaggle/working/scribble-uncertainty-lung-segmentation/outputs/uncertainty_maps/weak_bg_entropy/radiopaedia_10_slice_0224.npy,886,57780,0,0,1.1286682005673399e-10,False
radiopaedia_10,225,/kaggle/working/scribble-uncertainty-lung-segmentation/data/pseudo_labels/weak_bg_entropy/radiopaedia_10_slice_0225.npy,/kaggle/working/scribble-uncertainty-lung-segmentation/data/pseudo_labels/weak_bg_confidence/radiopaedia_10_slice_0225.npy,/kaggle/working/scribble-uncertainty-lung-segmentation/outputs/uncertainty_maps/weak_bg_entropy/radiopaedia_10_slice_0225.npy,979,57272,0,0,1.0214504936323365e-10,False
radiopaedia_10,226,/kaggle/working/scribble-uncertainty-lung-segmentation/data/pseudo_labels/weak_bg_entropy/radiopaedia_10_slice_0226.npy,/kaggle/working/scribble-uncertainty-lung-segmentation/data/pseudo_labels/weak_bg_confidence/radiopaedia_10_slice_0226.npy,/kaggle/working/scribble-uncertainty-lung-segmentation/outputs/uncertainty_maps/weak_bg_entropy/radiopaedia_10_slice_0226.npy,897,56833,0,0,1.1148271888972161e-10,False
radiopaedia_10,227,/kaggle/working/scribble-uncertainty-lung-segmentation/data/pseudo_labels/weak_bg_entropy/radiopaedia_10_slice_0227.npy,/kaggle/working/scribble-uncertainty-lung-segmentation/data/pseudo_labels/weak_bg_confidence/radiopaedia_10_slice_0227.npy,/kaggle/working/scribble-uncertainty-lung-segmentation/outputs/uncertainty_maps/weak_bg_entropy/radiopaedia_10_slice_0227.npy,867,56997,0,0,1.1534025817772076e-10,False
radiopaedia_10,228,/kaggle/working/scribble-uncertainty-lung-segmentation/data/pseudo_labels/weak_bg_entropy/radiopaedia_10_slice_0228.npy,/kaggle/working/scribble-uncertainty-lung-segmentation/data/pseudo_labels/weak_bg_confidence/radiopaedia_10_slice_0228.npy,/kaggle/working/scribble-uncertainty-lung-segmentation/outputs/uncertainty_maps/weak_bg_entropy/radiopaedia_10_slice_0228.npy,914,57032,0,0,1.0940919004109873e-10,False
radiopaedia_10,229,/kaggle/working/scribble-uncertainty-lung-segmentation/data/pseudo_labels/weak_bg_entropy/radiopaedia_10_slice_0229.npy,/kaggle/working/scribble-uncertainty-lung-segmentation/data/pseudo_labels/weak_bg_confidence/radiopaedia_10_slice_0229.npy,/kaggle/working/scribble-uncertainty-lung-segmentation/outputs/uncertainty_maps/weak_bg_entropy/radiopaedia_10_slice_0229.npy,800,56806,0,0,1.2499999646475857e-10,False
radiopaedia_10,230,/kaggle/working/scribble-uncertainty-lung-segmentation/data/pseudo_labels/weak_bg_entropy/radiopaedia_10_slice_0230.npy,/kaggle/working/scribble-uncertainty-lung-segmentation/data/pseudo_labels/weak_bg_confidence/radiopaedia_10_slice_0230.npy,/kaggle/working/scribble-uncertainty-lung-segmentation/outputs/uncertainty_maps/weak_bg_entropy/radiopaedia_10_slice_0230.npy,760,57094,0,0,1.315789421862945e-10,False
radiopaedia_10,231,/kaggle/working/scribble-uncertainty-lung-segmentation/data/pseudo_labels/weak_bg_entropy/radiopaedia_10_slice_0231.npy,/kaggle/working/scribble-uncertainty-lung-segmentation/data/pseudo_labels/weak_bg_confidence/radiopaedia_10_slice_0231.npy,/kaggle/working/scribble-uncertainty-lung-segmentation/outputs/uncertainty_maps/weak_bg_entropy/radiopaedia_10_slice_0231.npy,640,56894,0,0,1.5624999905039516e-10,False
radiopaedia_10,232,/kaggle/working/scribble-uncertainty-lung-segmentation/data/pseudo_labels/weak_bg_entropy/radiopaedia_10_slice_0232.npy,/kaggle/working/scribble-uncertainty-lung-segmentation/data/pseudo_labels/weak_bg_confidence/radiopaedia_10_slice_0232.npy,/kaggle/working/scribble-uncertainty-lung-segmentation/outputs/uncertainty_maps/weak_bg_entropy/radiopaedia_10_slice_0232.npy,860,56887,0,0,1.1627906970623769e-10,False
radiopaedia_10,233,/kaggle/working/scribble-uncertainty-lung-segmentation/data/pseudo_labels/weak_bg_entropy/radiopaedia_10_slice_0233.npy,/kaggle/working/scribble-uncertainty-lung-segmentation/data/pseudo_labels/weak_bg_confidence/radiopaedia_10_slice_0233.npy,/kaggle/working/scribble-uncertainty-lung-segmentation/outputs/uncertainty_maps/weak_bg_entropy/radiopaedia_10_slice_0233.npy,1127,56680,0,0,8.87311474295771e-11,False
radiopaedia_10,234,/kaggle/working/scribble-uncertainty-lung-segmentation/data/pseudo_labels/weak_bg_entropy/radiopaedia_10_slice_0234.npy,/kaggle/working/scribble-uncertainty-lung-segmentation/data/pseudo_labels/weak_bg_confidence/radiopaedia_10_slice_0234.npy,/kaggle/working/scribble-uncertainty-lung-segmentation/outputs/uncertainty_maps/weak_bg_entropy/radiopaedia_10_slice_0234.npy,1058,56645,0,0,9.451796290083081e-11,False
radiopaedia_10,235,/kaggle/working/scribble-uncertainty-lung-segmentation/data/pseudo_labels/weak_bg_entropy/radiopaedia_10_slice_0235.npy,/kaggle/working/scribble-uncertainty-lung-segmentation/data/pseudo_labels/weak_bg_confidence/radiopaedia_10_slice_0235.npy,/kaggle/working/scribble-uncertainty-lung-segmentation/outputs/uncertainty_maps/weak_bg_entropy/radiopaedia_10_slice_0235.npy,1080,56920,0,0,9.259259331484415e-11,False
radiopaedia_10,236,/kaggle/working/scribble-uncertainty-lung-segmentation/data/pseudo_labels/weak_bg_entropy/radiopaedia_10_slice_0236.npy,/kaggle/working/scribble-uncertainty-lung-segmentation/data/pseudo_labels/weak_bg_confidence/radiopaedia_10_slice_0236.npy,/kaggle/working/scribble-uncertainty-lung-segmentation/outputs/uncertainty_maps/weak_bg_entropy/radiopaedia_10_slice_0236.npy,1176,56917,0,0,8.503401455195458e-11,False
radiopaedia_10,237,/kaggle/working/scribble-uncertainty-lung-segmentation/data/pseudo_labels/weak_bg_entropy/radiopaedia_10_slice_0237.npy,/kaggle/working/scribble-uncertainty-lung-segmentation/data/pseudo_labels/weak_bg_confidence/radiopaedia_10_slice_0237.npy,/kaggle/working/scribble-uncertainty-lung-segmentation/outputs/uncertainty_maps/weak_bg_entropy/radiopaedia_10_slice_0237.npy,1296,57382,0,0,7.716049327255448e-11,False
radiopaedia_10,238,/kaggle/working/scribble-uncertainty-lung-segmentation/data/pseudo_labels/weak_bg_entropy/radiopaedia_10_slice_0238.npy,/kaggle/working/scribble-uncertainty-lung-segmentation/data/pseudo_labels/weak_bg_confidence/radiopaedia_10_slice_0238.npy,/kaggle/working/scribble-uncertainty-lung-segmentation/outputs/uncertainty_maps/weak_bg_entropy/radiopaedia_10_slice_0238.npy,1260,57212,0,0,7.936507701034046e-11,False
radiopaedia_10,239,/kaggle/working/scribble-uncertainty-lung-segmentation/data/pseudo_labels/weak_bg_entropy/radiopaedia_10_slice_0239.npy,/kaggle/working/scribble-uncertainty-lung-segmentation/data/pseudo_labels/weak_bg_confidence/radiopaedia_10_slice_0239.npy,/kaggle/working/scribble-uncertainty-lung-segmentation/outputs/uncertainty_maps/weak_bg_entropy/radiopaedia_10_slice_0239.npy,1071,56921,0,0,9.337067924386488e-11,False
radiopaedia_10,240,/kaggle/working/scribble-uncertainty-lung-segmentation/data/pseudo_labels/weak_bg_entropy/radiopaedia_10_slice_0240.npy,/kaggle/working/scribble-uncertainty-lung-segmentation/data/pseudo_labels/weak_bg_confidence/radiopaedia_10_slice_0240.npy,/kaggle/working/scribble-uncertainty-lung-segmentation/outputs/uncertainty_maps/weak_bg_entropy/radiopaedia_10_slice_0240.npy,1175,56867,0,0,8.510638721537234e-11,False
radiopaedia_10,241,/kaggle/working/scribble-uncertainty-lung-segmentation/data/pseudo_labels/weak_bg_entropy/radiopaedia_10_slice_0241.npy,/kaggle/working/scribble-uncertainty-lung-segmentation/data/pseudo_labels/weak_bg_confidence/radiopaedia_10_slice_0241.npy,/kaggle/working/scribble-uncertainty-lung-segmentation/outputs/uncertainty_maps/weak_bg_entropy/radiopaedia_10_slice_0241.npy,999,56695,0,0,1.0010010181860096e-10,False
radiopaedia_10,242,/kaggle/working/scribble-uncertainty-lung-segmentation/data/pseudo_labels/weak_bg_entropy/radiopaedia_10_slice_0242.npy,/kaggle/working/scribble-uncertainty-lung-segmentation/data/pseudo_labels/weak_bg_confidence/radiopaedia_10_slice_0242.npy,/kaggle/working/scribble-uncertainty-lung-segmentation/outputs/uncertainty_maps/weak_bg_entropy/radiopaedia_10_slice_0242.npy,1084,56906,0,0,9.225092217901576e-11,False
radiopaedia_10,243,/kaggle/working/scribble-uncertainty-lung-segmentation/data/pseudo_labels/weak_bg_entropy/radiopaedia_10_slice_0243.npy,/kaggle/working/scribble-uncertainty-lung-segmentation/data/pseudo_labels/weak_bg_confidence/radiopaedia_10_slice_0243.npy,/kaggle/working/scribble-uncertainty-lung-segmentation/outputs/uncertainty_maps/weak_bg_entropy/radiopaedia_10_slice_0243.npy,619,56646,0,0,1.6155088378155824e-10,False
radiopaedia_10,244,/kaggle/working/scribble-uncertainty-lung-segmentation/data/pseudo_labels/weak_bg_entropy/radiopaedia_10_slice_0244.npy,/kaggle/working/scribble-uncertainty-lung-segmentation/data/pseudo_labels/weak_bg_confidence/radiopaedia_10_slice_0244.npy,/kaggle/working/scribble-uncertainty-lung-segmentation/outputs/uncertainty_maps/weak_bg_entropy/radiopaedia_10_slice_0244.npy,648,56770,0,0,1.5432098654510895e-10,False
radiopaedia_10,245,/kaggle/working/scribble-uncertainty-lung-segmentation/data/pseudo_labels/weak_bg_entropy/radiopaedia_10_slice_0245.npy,/kaggle/working/scribble-uncertainty-lung-segmentation/data/pseudo_labels/weak_bg_confidence/radiopaedia_10_slice_0245.npy,/kaggle/working/scribble-uncertainty-lung-segmentation/outputs/uncertainty_maps/weak_bg_entropy/radiopaedia_10_slice_0245.npy,735,56779,0,0,1.360544177320122e-10,False
radiopaedia_10,246,/kaggle/working/scribble-uncertainty-lung-segmentation/data/pseudo_labels/weak_bg_entropy/radiopaedia_10_slice_0246.npy,/kaggle/working/scribble-uncertainty-lung-segmentation/data/pseudo_labels/weak_bg_confidence/radiopaedia_10_slice_0246.npy,/kaggle/working/scribble-uncertainty-lung-segmentation/outputs/uncertainty_maps/weak_bg_entropy/radiopaedia_10_slice_0246.npy,872,57045,0,0,1.1467889832195155e-10,False
radiopaedia_10,247,/kaggle/working/scribble-uncertainty-lung-segmentation/data/pseudo_labels/weak_bg_entropy/radiopaedia_10_slice_0247.npy,/kaggle/working/scribble-uncertainty-lung-segmentation/data/pseudo_labels/weak_bg_confidence/radiopaedia_10_slice_0247.npy,/kaggle/working/scribble-uncertainty-lung-segmentation/outputs/uncertainty_maps/weak_bg_entropy/radiopaedia_10_slice_0247.npy,931,57061,0,0,1.0741138534164918e-10,False
radiopaedia_10,248,/kaggle/working/scribble-uncertainty-lung-segmentation/data/pseudo_labels/weak_bg_entropy/radiopaedia_10_slice_0248.npy,/kaggle/working/scribble-uncertainty-lung-segmentation/data/pseudo_labels/weak_bg_confidence/radiopaedia_10_slice_0248.npy,/kaggle/working/scribble-uncertainty-lung-segmentation/outputs/uncertainty_maps/weak_bg_entropy/radiopaedia_10_slice_0248.npy,771,56990,0,0,1.2970169382953145e-10,False
radiopaedia_10,249,/kaggle/working/scribble-uncertainty-lung-segmentation/data/pseudo_labels/weak_bg_entropy/radiopaedia_10_slice_0249.npy,/kaggle/working/scribble-uncertainty-lung-segmentation/data/pseudo_labels/weak_bg_confidence/radiopaedia_10_slice_0249.npy,/kaggle/working/scribble-uncertainty-lung-segmentation/outputs/uncertainty_maps/weak_bg_entropy/radiopaedia_10_slice_0249.npy,712,57267,0,0,1.40449443741808e-10,False
radiopaedia_10,250,/kaggle/working/scribble-uncertainty-lung-segmentation/data/pseudo_labels/weak_bg_entropy/radiopaedia_10_slice_0250.npy,/kaggle/working/scribble-uncertainty-lung-segmentation/data/pseudo_labels/weak_bg_confidence/radiopaedia_10_slice_0250.npy,/kaggle/working/scribble-uncertainty-lung-segmentation/outputs/uncertainty_maps/weak_bg_entropy/radiopaedia_10_slice_0250.npy,776,56895,0,0,1.2886598732553267e-10,False
radiopaedia_10,251,/kaggle/working/scribble-uncertainty-lung-segmentation/data/pseudo_labels/weak_bg_entropy/radiopaedia_10_slice_0251.npy,/kaggle/working/scribble-uncertainty-lung-segmentation/data/pseudo_labels/weak_bg_confidence/radiopaedia_10_slice_0251.npy,/kaggle/working/scribble-uncertainty-lung-segmentation/outputs/uncertainty_maps/weak_bg_entropy/radiopaedia_10_slice_0251.npy,848,57049,0,0,1.1792453125103464e-10,False
radiopaedia_10,252,/kaggle/working/scribble-uncertainty-lung-segmentation/data/pseudo_labels/weak_bg_entropy/radiopaedia_10_slice_0252.npy,/kaggle/working/scribble-uncertainty-lung-segmentation/data/pseudo_labels/weak_bg_confidence/radiopaedia_10_slice_0252.npy,/kaggle/working/scribble-uncertainty-lung-segmentation/outputs/uncertainty_maps/weak_bg_entropy/radiopaedia_10_slice_0252.npy,1194,57058,0,0,8.375209553657115e-11,False
radiopaedia_10,253,/kaggle/working/scribble-uncertainty-lung-segmentation/data/pseudo_labels/weak_bg_entropy/radiopaedia_10_slice_0253.npy,/kaggle/working/scribble-uncertainty-lung-segmentation/data/pseudo_labels/weak_bg_confidence/radiopaedia_10_slice_0253.npy,/kaggle/working/scribble-uncertainty-lung-segmentation/outputs/uncertainty_maps/weak_bg_entropy/radiopaedia_10_slice_0253.npy,911,56974,0,0,1.097694851681652e-10,False
radiopaedia_10,254,/kaggle/working/scribble-uncertainty-lung-segmentation/data/pseudo_labels/weak_bg_entropy/radiopaedia_10_slice_0254.npy,/kaggle/working/scribble-uncertainty-lung-segmentation/data/pseudo_labels/weak_bg_confidence/radiopaedia_10_slice_0254.npy,/kaggle/working/scribble-uncertainty-lung-segmentation/outputs/uncertainty_maps/weak_bg_entropy/radiopaedia_10_slice_0254.npy,652,57020,0,0,1.5337422998307204e-10,False
radiopaedia_10,255,/kaggle/working/scribble-uncertainty-lung-segmentation/data/pseudo_labels/weak_bg_entropy/radiopaedia_10_slice_0255.npy,/kaggle/working/scribble-uncertainty-lung-segmentation/data/pseudo_labels/weak_bg_confidence/radiopaedia_10_slice_0255.npy,/kaggle/working/scribble-uncertainty-lung-segmentation/outputs/uncertainty_maps/weak_bg_entropy/radiopaedia_10_slice_0255.npy,659,57130,0,0,1.5174507483894928e-10,False
radiopaedia_10,256,/kaggle/working/scribble-uncertainty-lung-segmentation/data/pseudo_labels/weak_bg_entropy/radiopaedia_10_slice_0256.npy,/kaggle/working/scribble-uncertainty-lung-segmentation/data/pseudo_labels/weak_bg_confidence/radiopaedia_10_slice_0256.npy,/kaggle/working/scribble-uncertainty-lung-segmentation/outputs/uncertainty_maps/weak_bg_entropy/radiopaedia_10_slice_0256.npy,646,57352,0,0,1.5479875714596858e-10,False
radiopaedia_10,257,/kaggle/working/scribble-uncertainty-lung-segmentation/data/pseudo_labels/weak_bg_entropy/radiopaedia_10_slice_0257.npy,/kaggle/working/scribble-uncertainty-lung-segmentation/data/pseudo_labels/weak_bg_confidence/radiopaedia_10_slice_0257.npy,/kaggle/working/scribble-uncertainty-lung-segmentation/outputs/uncertainty_maps/weak_bg_entropy/radiopaedia_10_slice_0257.npy,474,57371,0,0,2.1097046332130276e-10,False
radiopaedia_10,258,/kaggle/working/scribble-uncertainty-lung-segmentation/data/pseudo_labels/weak_bg_entropy/radiopaedia_10_slice_0258.npy,/kaggle/working/scribble-uncertainty-lung-segmentation/data/pseudo_labels/weak_bg_confidence/radiopaedia_10_slice_0258.npy,/kaggle/working/scribble-uncertainty-lung-segmentation/outputs/uncertainty_maps/weak_bg_entropy/radiopaedia_10_slice_0258.npy,257,57578,0,0,3.8910505373301874e-10,False
radiopaedia_10,259,/kaggle/working/scribble-uncertainty-lung-segmentation/data/pseudo_labels/weak_bg_entropy/radiopaedia_10_slice_0259.npy,/kaggle/working/scribble-uncertainty-lung-segmentation/data/pseudo_labels/weak_bg_confidence/radiopaedia_10_slice_0259.npy,/kaggle/working/scribble-uncertainty-lung-segmentation/outputs/uncertainty_maps/weak_bg_entropy/radiopaedia_10_slice_0259.npy,417,57374,0,0,2.398081455634582e-10,False
radiopaedia_10,260,/kaggle/working/scribble-uncertainty-lung-segmentation/data/pseudo_labels/weak_bg_entropy/radiopaedia_10_slice_0260.npy,/kaggle/working/scribble-uncertainty-lung-segmentation/data/pseudo_labels/weak_bg_confidence/radiopaedia_10_slice_0260.npy,/kaggle/working/scribble-uncertainty-lung-segmentation/outputs/uncertainty_maps/weak_bg_entropy/radiopaedia_10_slice_0260.npy,654,57542,0,0,1.5290520238853134e-10,False
radiopaedia_10,261,/kaggle/working/scribble-uncertainty-lung-segmentation/data/pseudo_labels/weak_bg_entropy/radiopaedia_10_slice_0261.npy,/kaggle/working/scribble-uncertainty-lung-segmentation/data/pseudo_labels/weak_bg_confidence/radiopaedia_10_slice_0261.npy,/kaggle/working/scribble-uncertainty-lung-segmentation/outputs/uncertainty_maps/weak_bg_entropy/radiopaedia_10_slice_0261.npy,640,57797,0,0,1.5624999905039516e-10,False
radiopaedia_10,262,/kaggle/working/scribble-uncertainty-lung-segmentation/data/pseudo_labels/weak_bg_entropy/radiopaedia_10_slice_0262.npy,/kaggle/working/scribble-uncertainty-lung-segmentation/data/pseudo_labels/weak_bg_confidence/radiopaedia_10_slice_0262.npy,/kaggle/working/scribble-uncertainty-lung-segmentation/outputs/uncertainty_maps/weak_bg_entropy/radiopaedia_10_slice_0262.npy,667,57966,0,0,1.4992504460131784e-10,False
radiopaedia_10,263,/kaggle/working/scribble-uncertainty-lung-segmentation/data/pseudo_labels/weak_bg_entropy/radiopaedia_10_slice_0263.npy,/kaggle/working/scribble-uncertainty-lung-segmentation/data/pseudo_labels/weak_bg_confidence/radiopaedia_10_slice_0263.npy,/kaggle/working/scribble-uncertainty-lung-segmentation/outputs/uncertainty_maps/weak_bg_entropy/radiopaedia_10_slice_0263.npy,727,57932,0,0,1.3755158123629485e-10,False
radiopaedia_10,264,/kaggle/working/scribble-uncertainty-lung-segmentation/data/pseudo_labels/weak_bg_entropy/radiopaedia_10_slice_0264.npy,/kaggle/working/scribble-uncertainty-lung-segmentation/data/pseudo_labels/weak_bg_confidence/radiopaedia_10_slice_0264.npy,/kaggle/working/scribble-uncertainty-lung-segmentation/outputs/uncertainty_maps/weak_bg_entropy/radiopaedia_10_slice_0264.npy,752,57796,0,0,1.3297872525352972e-10,False
radiopaedia_10,265,/kaggle/working/scribble-uncertainty-lung-segmentation/data/pseudo_labels/weak_bg_entropy/radiopaedia_10_slice_0265.npy,/kaggle/working/scribble-uncertainty-lung-segmentation/data/pseudo_labels/weak_bg_confidence/radiopaedia_10_slice_0265.npy,/kaggle/working/scribble-uncertainty-lung-segmentation/outputs/uncertainty_maps/weak_bg_entropy/radiopaedia_10_slice_0265.npy,729,57647,0,0,1.3717421643022476e-10,False
radiopaedia_10,266,/kaggle/working/scribble-uncertainty-lung-segmentation/data/pseudo_labels/weak_bg_entropy/radiopaedia_10_slice_0266.npy,/kaggle/working/scribble-uncertainty-lung-segmentation/data/pseudo_labels/weak_bg_confidence/radiopaedia_10_slice_0266.npy,/kaggle/working/scribble-uncertainty-lung-segmentation/outputs/uncertainty_maps/weak_bg_entropy/radiopaedia_10_slice_0266.npy,731,57778,0,0,1.3679890553675023e-10,False
radiopaedia_10,267,/kaggle/working/scribble-uncertainty-lung-segmentation/data/pseudo_labels/weak_bg_entropy/radiopaedia_10_slice_0267.npy,/kaggle/working/scribble-uncertainty-lung-segmentation/data/pseudo_labels/weak_bg_confidence/radiopaedia_10_slice_0267.npy,/kaggle/working/scribble-uncertainty-lung-segmentation/outputs/uncertainty_maps/weak_bg_entropy/radiopaedia_10_slice_0267.npy,874,57984,0,0,1.1441647629339968e-10,False
radiopaedia_10,268,/kaggle/working/scribble-uncertainty-lung-segmentation/data/pseudo_labels/weak_bg_entropy/radiopaedia_10_slice_0268.npy,/kaggle/working/scribble-uncertainty-lung-segmentation/data/pseudo_labels/weak_bg_confidence/radiopaedia_10_slice_0268.npy,/kaggle/working/scribble-uncertainty-lung-segmentation/outputs/uncertainty_maps/weak_bg_entropy/radiopaedia_10_slice_0268.npy,862,58063,0,0,1.1600928551125378e-10,False
radiopaedia_10,269,/kaggle/working/scribble-uncertainty-lung-segmentation/data/pseudo_labels/weak_bg_entropy/radiopaedia_10_slice_0269.npy,/kaggle/working/scribble-uncertainty-lung-segmentation/data/pseudo_labels/weak_bg_confidence/radiopaedia_10_slice_0269.npy,/kaggle/working/scribble-uncertainty-lung-segmentation/outputs/uncertainty_maps/weak_bg_entropy/radiopaedia_10_slice_0269.npy,879,58048,0,0,1.137656427396827e-10,False
radiopaedia_10,270,/kaggle/working/scribble-uncertainty-lung-segmentation/data/pseudo_labels/weak_bg_entropy/radiopaedia_10_slice_0270.npy,/kaggle/working/scribble-uncertainty-lung-segmentation/data/pseudo_labels/weak_bg_confidence/radiopaedia_10_slice_0270.npy,/kaggle/working/scribble-uncertainty-lung-segmentation/outputs/uncertainty_maps/weak_bg_entropy/radiopaedia_10_slice_0270.npy,1039,58210,0,0,9.624639280003677e-11,False
radiopaedia_10,271,/kaggle/working/scribble-uncertainty-lung-segmentation/data/pseudo_labels/weak_bg_entropy/radiopaedia_10_slice_0271.npy,/kaggle/working/scribble-uncertainty-lung-segmentation/data/pseudo_labels/weak_bg_confidence/radiopaedia_10_slice_0271.npy,/kaggle/working/scribble-uncertainty-lung-segmentation/outputs/uncertainty_maps/weak_bg_entropy/radiopaedia_10_slice_0271.npy,1160,57859,0,0,8.620689578853202e-11,False
radiopaedia_10,272,/kaggle/working/scribble-uncertainty-lung-segmentation/data/pseudo_labels/weak_bg_entropy/radiopaedia_10_slice_0272.npy,/kaggle/working/scribble-uncertainty-lung-segmentation/data/pseudo_labels/weak_bg_confidence/radiopaedia_10_slice_0272.npy,/kaggle/working/scribble-uncertainty-lung-segmentation/outputs/uncertainty_maps/weak_bg_entropy/radiopaedia_10_slice_0272.npy,1041,58040,0,0,9.606147821639155e-11,False
radiopaedia_10,273,/kaggle/working/scribble-uncertainty-lung-segmentation/data/pseudo_labels/weak_bg_entropy/radiopaedia_10_slice_0273.npy,/kaggle/working/scribble-uncertainty-lung-segmentation/data/pseudo_labels/weak_bg_confidence/radiopaedia_10_slice_0273.npy,/kaggle/working/scribble-uncertainty-lung-segmentation/outputs/uncertainty_maps/weak_bg_entropy/radiopaedia_10_slice_0273.npy,926,57616,0,0,1.0799135891081946e-10,False
radiopaedia_10,274,/kaggle/working/scribble-uncertainty-lung-segmentation/data/pseudo_labels/weak_bg_entropy/radiopaedia_10_slice_0274.npy,/kaggle/working/scribble-uncertainty-lung-segmentation/data/pseudo_labels/weak_bg_confidence/radiopaedia_10_slice_0274.npy,/kaggle/working/scribble-uncertainty-lung-segmentation/outputs/uncertainty_maps/weak_bg_entropy/radiopaedia_10_slice_0274.npy,972,57708,0,0,1.0288066232266857e-10,False
radiopaedia_10,275,/kaggle/working/scribble-uncertainty-lung-segmentation/data/pseudo_labels/weak_bg_entropy/radiopaedia_10_slice_0275.npy,/kaggle/working/scribble-uncertainty-lung-segmentation/data/pseudo_labels/weak_bg_confidence/radiopaedia_10_slice_0275.npy,/kaggle/working/scribble-uncertainty-lung-segmentation/outputs/uncertainty_maps/weak_bg_entropy/radiopaedia_10_slice_0275.npy,889,57689,0,0,1.1248593723145461e-10,False
radiopaedia_10,276,/kaggle/working/scribble-uncertainty-lung-segmentation/data/pseudo_labels/weak_bg_entropy/radiopaedia_10_slice_0276.npy,/kaggle/working/scribble-uncertainty-lung-segmentation/data/pseudo_labels/weak_bg_confidence/radiopaedia_10_slice_0276.npy,/kaggle/working/scribble-uncertainty-lung-segmentation/outputs/uncertainty_maps/weak_bg_entropy/radiopaedia_10_slice_0276.npy,719,57565,0,0,1.3908206530910405e-10,False
radiopaedia_10,277,/kaggle/working/scribble-uncertainty-lung-segmentation/data/pseudo_labels/weak_bg_entropy/radiopaedia_10_slice_0277.npy,/kaggle/working/scribble-uncertainty-lung-segmentation/data/pseudo_labels/weak_bg_confidence/radiopaedia_10_slice_0277.npy,/kaggle/working/scribble-uncertainty-lung-segmentation/outputs/uncertainty_maps/weak_bg_entropy/radiopaedia_10_slice_0277.npy,805,57553,0,0,1.242236036258504e-10,False
radiopaedia_10,278,/kaggle/working/scribble-uncertainty-lung-segmentation/data/pseudo_labels/weak_bg_entropy/radiopaedia_10_slice_0278.npy,/kaggle/working/scribble-uncertainty-lung-segmentation/data/pseudo_labels/weak_bg_confidence/radiopaedia_10_slice_0278.npy,/kaggle/working/scribble-uncertainty-lung-segmentation/outputs/uncertainty_maps/weak_bg_entropy/radiopaedia_10_slice_0278.npy,882,57779,0,0,1.1337868838223741e-10,False
radiopaedia_10,279,/kaggle/working/scribble-uncertainty-lung-segmentation/data/pseudo_labels/weak_bg_entropy/radiopaedia_10_slice_0279.npy,/kaggle/working/scribble-uncertainty-lung-segmentation/data/pseudo_labels/weak_bg_confidence/radiopaedia_10_slice_0279.npy,/kaggle/working/scribble-uncertainty-lung-segmentation/outputs/uncertainty_maps/weak_bg_entropy/radiopaedia_10_slice_0279.npy,863,57730,0,0,1.1587485831965338e-10,False
radiopaedia_10,280,/kaggle/working/scribble-uncertainty-lung-segmentation/data/pseudo_labels/weak_bg_entropy/radiopaedia_10_slice_0280.npy,/kaggle/working/scribble-uncertainty-lung-segmentation/data/pseudo_labels/weak_bg_confidence/radiopaedia_10_slice_0280.npy,/kaggle/working/scribble-uncertainty-lung-segmentation/outputs/uncertainty_maps/weak_bg_entropy/radiopaedia_10_slice_0280.npy,801,57526,0,0,1.248439407408597e-10,False
radiopaedia_10,281,/kaggle/working/scribble-uncertainty-lung-segmentation/data/pseudo_labels/weak_bg_entropy/radiopaedia_10_slice_0281.npy,/kaggle/working/scribble-uncertainty-lung-segmentation/data/pseudo_labels/weak_bg_confidence/radiopaedia_10_slice_0281.npy,/kaggle/working/scribble-uncertainty-lung-segmentation/outputs/uncertainty_maps/weak_bg_entropy/radiopaedia_10_slice_0281.npy,691,57714,0,0,1.447178071822819e-10,False
radiopaedia_10,282,/kaggle/working/scribble-uncertainty-lung-segmentation/data/pseudo_labels/weak_bg_entropy/radiopaedia_10_slice_0282.npy,/kaggle/working/scribble-uncertainty-lung-segmentation/data/pseudo_labels/weak_bg_confidence/radiopaedia_10_slice_0282.npy,/kaggle/working/scribble-uncertainty-lung-segmentation/outputs/uncertainty_maps/weak_bg_entropy/radiopaedia_10_slice_0282.npy,643,57504,0,0,1.5552099885685067e-10,False
radiopaedia_10,283,/kaggle/working/scribble-uncertainty-lung-segmentation/data/pseudo_labels/weak_bg_entropy/radiopaedia_10_slice_0283.npy,/kaggle/working/scribble-uncertainty-lung-segmentation/data/pseudo_labels/weak_bg_confidence/radiopaedia_10_slice_0283.npy,/kaggle/working/scribble-uncertainty-lung-segmentation/outputs/uncertainty_maps/weak_bg_entropy/radiopaedia_10_slice_0283.npy,807,57424,0,0,1.2391573878112183e-10,False
radiopaedia_10,284,/kaggle/working/scribble-uncertainty-lung-segmentation/data/pseudo_labels/weak_bg_entropy/radiopaedia_10_slice_0284.npy,/kaggle/working/scribble-uncertainty-lung-segmentation/data/pseudo_labels/weak_bg_confidence/radiopaedia_10_slice_0284.npy,/kaggle/working/scribble-uncertainty-lung-segmentation/outputs/uncertainty_maps/weak_bg_entropy/radiopaedia_10_slice_0284.npy,834,57753,0,0,1.199040727817291e-10,False
radiopaedia_10,285,/kaggle/working/scribble-uncertainty-lung-segmentation/data/pseudo_labels/weak_bg_entropy/radiopaedia_10_slice_0285.npy,/kaggle/working/scribble-uncertainty-lung-segmentation/data/pseudo_labels/weak_bg_confidence/radiopaedia_10_slice_0285.npy,/kaggle/working/scribble-uncertainty-lung-segmentation/outputs/uncertainty_maps/weak_bg_entropy/radiopaedia_10_slice_0285.npy,736,57198,0,0,1.3586956559841212e-10,False
radiopaedia_10,286,/kaggle/working/scribble-uncertainty-lung-segmentation/data/pseudo_labels/weak_bg_entropy/radiopaedia_10_slice_0286.npy,/kaggle/working/scribble-uncertainty-lung-segmentation/data/pseudo_labels/weak_bg_confidence/radiopaedia_10_slice_0286.npy,/kaggle/working/scribble-uncertainty-lung-segmentation/outputs/uncertainty_maps/weak_bg_entropy/radiopaedia_10_slice_0286.npy,974,57444,0,0,1.0266940769776411e-10,False
radiopaedia_10,287,/kaggle/working/scribble-uncertainty-lung-segmentation/data/pseudo_labels/weak_bg_entropy/radiopaedia_10_slice_0287.npy,/kaggle/working/scribble-uncertainty-lung-segmentation/data/pseudo_labels/weak_bg_confidence/radiopaedia_10_slice_0287.npy,/kaggle/working/scribble-uncertainty-lung-segmentation/outputs/uncertainty_maps/weak_bg_entropy/radiopaedia_10_slice_0287.npy,938,57600,0,0,1.0660981125676372e-10,False
radiopaedia_10,288,/kaggle/working/scribble-uncertainty-lung-segmentation/data/pseudo_labels/weak_bg_entropy/radiopaedia_10_slice_0288.npy,/kaggle/working/scribble-uncertainty-lung-segmentation/data/pseudo_labels/weak_bg_confidence/radiopaedia_10_slice_0288.npy,/kaggle/working/scribble-uncertainty-lung-segmentation/outputs/uncertainty_maps/weak_bg_entropy/radiopaedia_10_slice_0288.npy,1021,57616,0,0,9.794319522082873e-11,False
radiopaedia_10,289,/kaggle/working/scribble-uncertainty-lung-segmentation/data/pseudo_labels/weak_bg_entropy/radiopaedia_10_slice_0289.npy,/kaggle/working/scribble-uncertainty-lung-segmentation/data/pseudo_labels/weak_bg_confidence/radiopaedia_10_slice_0289.npy,/kaggle/working/scribble-uncertainty-lung-segmentation/outputs/uncertainty_maps/weak_bg_entropy/radiopaedia_10_slice_0289.npy,1223,57971,0,0,8.176614940680338e-11,False
radiopaedia_10,290,/kaggle/working/scribble-uncertainty-lung-segmentation/data/pseudo_labels/weak_bg_entropy/radiopaedia_10_slice_0290.npy,/kaggle/working/scribble-uncertainty-lung-segmentation/data/pseudo_labels/weak_bg_confidence/radiopaedia_10_slice_0290.npy,/kaggle/working/scribble-uncertainty-lung-segmentation/outputs/uncertainty_maps/weak_bg_entropy/radiopaedia_10_slice_0290.npy,1009,57778,0,0,9.910802734047763e-11,False
radiopaedia_10,291,/kaggle/working/scribble-uncertainty-lung-segmentation/data/pseudo_labels/weak_bg_entropy/radiopaedia_10_slice_0291.npy,/kaggle/working/scribble-uncertainty-lung-segmentation/data/pseudo_labels/weak_bg_confidence/radiopaedia_10_slice_0291.npy,/kaggle/working/scribble-uncertainty-lung-segmentation/outputs/uncertainty_maps/weak_bg_entropy/radiopaedia_10_slice_0291.npy,934,57521,0,0,1.0706638353674691e-10,False
radiopaedia_10,292,/kaggle/working/scribble-uncertainty-lung-segmentation/data/pseudo_labels/weak_bg_entropy/radiopaedia_10_slice_0292.npy,/kaggle/working/scribble-uncertainty-lung-segmentation/data/pseudo_labels/weak_bg_confidence/radiopaedia_10_slice_0292.npy,/kaggle/working/scribble-uncertainty-lung-segmentation/outputs/uncertainty_maps/weak_bg_entropy/radiopaedia_10_slice_0292.npy,1040,57730,0,0,9.615384877204036e-11,False
radiopaedia_10,293,/kaggle/working/scribble-uncertainty-lung-segmentation/data/pseudo_labels/weak_bg_entropy/radiopaedia_10_slice_0293.npy,/kaggle/working/scribble-uncertainty-lung-segmentation/data/pseudo_labels/weak_bg_confidence/radiopaedia_10_slice_0293.npy,/kaggle/working/scribble-uncertainty-lung-segmentation/outputs/uncertainty_maps/weak_bg_entropy/radiopaedia_10_slice_0293.npy,1325,58110,0,0,7.547169833532763e-11,False
radiopaedia_10,294,/kaggle/working/scribble-uncertainty-lung-segmentation/data/pseudo_labels/weak_bg_entropy/radiopaedia_10_slice_0294.npy,/kaggle/working/scribble-uncertainty-lung-segmentation/data/pseudo_labels/weak_bg_confidence/radiopaedia_10_slice_0294.npy,/kaggle/working/scribble-uncertainty-lung-segmentation/outputs/uncertainty_maps/weak_bg_entropy/radiopaedia_10_slice_0294.npy,1544,58269,0,0,6.476683772627112e-11,False
radiopaedia_10,295,/kaggle/working/scribble-uncertainty-lung-segmentation/data/pseudo_labels/weak_bg_entropy/radiopaedia_10_slice_0295.npy,/kaggle/working/scribble-uncertainty-lung-segmentation/data/pseudo_labels/weak_bg_confidence/radiopaedia_10_slice_0295.npy,/kaggle/working/scribble-uncertainty-lung-segmentation/outputs/uncertainty_maps/weak_bg_entropy/radiopaedia_10_slice_0295.npy,1268,58024,0,0,7.88643525484467e-11,False
radiopaedia_10,296,/kaggle/working/scribble-uncertainty-lung-segmentation/data/pseudo_labels/weak_bg_entropy/radiopaedia_10_slice_0296.npy,/kaggle/working/scribble-uncertainty-lung-segmentation/data/pseudo_labels/weak_bg_confidence/radiopaedia_10_slice_0296.npy,/kaggle/working/scribble-uncertainty-lung-segmentation/outputs/uncertainty_maps/weak_bg_entropy/radiopaedia_10_slice_0296.npy,1259,58125,0,0,7.942811686145745e-11,False
radiopaedia_10,297,/kaggle/working/scribble-uncertainty-lung-segmentation/data/pseudo_labels/weak_bg_entropy/radiopaedia_10_slice_0297.npy,/kaggle/working/scribble-uncertainty-lung-segmentation/data/pseudo_labels/weak_bg_confidence/radiopaedia_10_slice_0297.npy,/kaggle/working/scribble-uncertainty-lung-segmentation/outputs/uncertainty_maps/weak_bg_entropy/radiopaedia_10_slice_0297.npy,1015,57968,0,0,9.852216958927684e-11,False
radiopaedia_10,298,/kaggle/working/scribble-uncertainty-lung-segmentation/data/pseudo_labels/weak_bg_entropy/radiopaedia_10_slice_0298.npy,/kaggle/working/scribble-uncertainty-lung-segmentation/data/pseudo_labels/weak_bg_confidence/radiopaedia_10_slice_0298.npy,/kaggle/working/scribble-uncertainty-lung-segmentation/outputs/uncertainty_maps/weak_bg_entropy/radiopaedia_10_slice_0298.npy,850,57928,0,0,1.176470587616052e-10,False
radiopaedia_10,299,/kaggle/working/scribble-uncertainty-lung-segmentation/data/pseudo_labels/weak_bg_entropy/radiopaedia_10_slice_0299.npy,/kaggle/working/scribble-uncertainty-lung-segmentation/data/pseudo_labels/weak_bg_confidence/radiopaedia_10_slice_0299.npy,/kaggle/working/scribble-uncertainty-lung-segmentation/outputs/uncertainty_maps/weak_bg_entropy/radiopaedia_10_slice_0299.npy,975,58113,0,0,1.0256410304387842e-10,False
radiopaedia_10,300,/kaggle/working/scribble-uncertainty-lung-segmentation/data/pseudo_labels/weak_bg_entropy/radiopaedia_10_slice_0300.npy,/kaggle/working/scribble-uncertainty-lung-segmentation/data/pseudo_labels/weak_bg_confidence/radiopaedia_10_slice_0300.npy,/kaggle/working/scribble-uncertainty-lung-segmentation/outputs/uncertainty_maps/weak_bg_entropy/radiopaedia_10_slice_0300.npy,1507,58648,0,0,6.635700322554783e-11,False
radiopaedia_10,301,/kaggle/working/scribble-uncertainty-lung-segmentation/data/pseudo_labels/weak_bg_entropy/radiopaedia_10_slice_0301.npy,/kaggle/working/scribble-uncertainty-lung-segmentation/data/pseudo_labels/weak_bg_confidence/radiopaedia_10_slice_0301.npy,/kaggle/working/scribble-uncertainty-lung-segmentation/outputs/uncertainty_maps/weak_bg_entropy/radiopaedia_10_slice_0301.npy,1714,58916,0,0,5.834305955021435e-11,False
radiopaedia_10,302,/kaggle/working/scribble-uncertainty-lung-segmentation/data/pseudo_labels/weak_bg_entropy/radiopaedia_10_slice_0302.npy,/kaggle/working/scribble-uncertainty-lung-segmentation/data/pseudo_labels/weak_bg_confidence/radiopaedia_10_slice_0302.npy,/kaggle/working/scribble-uncertainty-lung-segmentation/outputs/uncertainty_maps/weak_bg_entropy/radiopaedia_10_slice_0302.npy,1637,58915,0,0,6.108735739474014e-11,False
radiopaedia_10,303,/kaggle/working/scribble-uncertainty-lung-segmentation/data/pseudo_labels/weak_bg_entropy/radiopaedia_10_slice_0303.npy,/kaggle/working/scribble-uncertainty-lung-segmentation/data/pseudo_labels/weak_bg_confidence/radiopaedia_10_slice_0303.npy,/kaggle/working/scribble-uncertainty-lung-segmentation/outputs/uncertainty_maps/weak_bg_entropy/radiopaedia_10_slice_0303.npy,1474,58857,0,0,6.784260653258656e-11,False
radiopaedia_10,304,/kaggle/working/scribble-uncertainty-lung-segmentation/data/pseudo_labels/weak_bg_entropy/radiopaedia_10_slice_0304.npy,/kaggle/working/scribble-uncertainty-lung-segmentation/data/pseudo_labels/weak_bg_confidence/radiopaedia_10_slice_0304.npy,/kaggle/working/scribble-uncertainty-lung-segmentation/outputs/uncertainty_maps/weak_bg_entropy/radiopaedia_10_slice_0304.npy,1345,58794,0,0,7.43494432686731e-11,False
radiopaedia_10,305,/kaggle/working/scribble-uncertainty-lung-segmentation/data/pseudo_labels/weak_bg_entropy/radiopaedia_10_slice_0305.npy,/kaggle/working/scribble-uncertainty-lung-segmentation/data/pseudo_labels/weak_bg_confidence/radiopaedia_10_slice_0305.npy,/kaggle/working/scribble-uncertainty-lung-segmentation/outputs/uncertainty_maps/weak_bg_entropy/radiopaedia_10_slice_0305.npy,1101,58652,0,0,9.082651991620949e-11,False
radiopaedia_10,306,/kaggle/working/scribble-uncertainty-lung-segmentation/data/pseudo_labels/weak_bg_entropy/radiopaedia_10_slice_0306.npy,/kaggle/working/scribble-uncertainty-lung-segmentation/data/pseudo_labels/weak_bg_confidence/radiopaedia_10_slice_0306.npy,/kaggle/working/scribble-uncertainty-lung-segmentation/outputs/uncertainty_maps/weak_bg_entropy/radiopaedia_10_slice_0306.npy,1455,59073,0,0,6.872852287287401e-11,False
radiopaedia_10,307,/kaggle/working/scribble-uncertainty-lung-segmentation/data/pseudo_labels/weak_bg_entropy/radiopaedia_10_slice_0307.npy,/kaggle/working/scribble-uncertainty-lung-segmentation/data/pseudo_labels/weak_bg_confidence/radiopaedia_10_slice_0307.npy,/kaggle/working/scribble-uncertainty-lung-segmentation/outputs/uncertainty_maps/weak_bg_entropy/radiopaedia_10_slice_0307.npy,1219,58923,0,0,8.203445561738576e-11,False
radiopaedia_10,308,/kaggle/working/scribble-uncertainty-lung-segmentation/data/pseudo_labels/weak_bg_entropy/radiopaedia_10_slice_0308.npy,/kaggle/working/scribble-uncertainty-lung-segmentation/data/pseudo_labels/weak_bg_confidence/radiopaedia_10_slice_0308.npy,/kaggle/working/scribble-uncertainty-lung-segmentation/outputs/uncertainty_maps/weak_bg_entropy/radiopaedia_10_slice_0308.npy,1523,59304,0,0,6.565988031059788e-11,False
radiopaedia_10,309,/kaggle/working/scribble-uncertainty-lung-segmentation/data/pseudo_labels/weak_bg_entropy/radiopaedia_10_slice_0309.npy,/kaggle/working/scribble-uncertainty-lung-segmentation/data/pseudo_labels/weak_bg_confidence/radiopaedia_10_slice_0309.npy,/kaggle/working/scribble-uncertainty-lung-segmentation/outputs/uncertainty_maps/weak_bg_entropy/radiopaedia_10_slice_0309.npy,1917,59757,0,0,5.216484189052295e-11,False
radiopaedia_10,310,/kaggle/working/scribble-uncertainty-lung-segmentation/data/pseudo_labels/weak_bg_entropy/radiopaedia_10_slice_0310.npy,/kaggle/working/scribble-uncertainty-lung-segmentation/data/pseudo_labels/weak_bg_confidence/radiopaedia_10_slice_0310.npy,/kaggle/working/scribble-uncertainty-lung-segmentation/outputs/uncertainty_maps/weak_bg_entropy/radiopaedia_10_slice_0310.npy,1903,59815,0,0,5.2548607826219396e-11,False
radiopaedia_10,311,/kaggle/working/scribble-uncertainty-lung-segmentation/data/pseudo_labels/weak_bg_entropy/radiopaedia_10_slice_0311.npy,/kaggle/working/scribble-uncertainty-lung-segmentation/data/pseudo_labels/weak_bg_confidence/radiopaedia_10_slice_0311.npy,/kaggle/working/scribble-uncertainty-lung-segmentation/outputs/uncertainty_maps/weak_bg_entropy/radiopaedia_10_slice_0311.npy,1705,59721,0,0,5.865102847835146e-11,False
radiopaedia_10,312,/kaggle/working/scribble-uncertainty-lung-segmentation/data/pseudo_labels/weak_bg_entropy/radiopaedia_10_slice_0312.npy,/kaggle/working/scribble-uncertainty-lung-segmentation/data/pseudo_labels/weak_bg_confidence/radiopaedia_10_slice_0312.npy,/kaggle/working/scribble-uncertainty-lung-segmentation/outputs/uncertainty_maps/weak_bg_entropy/radiopaedia_10_slice_0312.npy,1683,59813,0,0,5.941770686579417e-11,False
radiopaedia_10,313,/kaggle/working/scribble-uncertainty-lung-segmentation/data/pseudo_labels/weak_bg_entropy/radiopaedia_10_slice_0313.npy,/kaggle/working/scribble-uncertainty-lung-segmentation/data/pseudo_labels/weak_bg_confidence/radiopaedia_10_slice_0313.npy,/kaggle/working/scribble-uncertainty-lung-segmentation/outputs/uncertainty_maps/weak_bg_entropy/radiopaedia_10_slice_0313.npy,1742,59949,0,0,5.7405281916889095e-11,False
radiopaedia_10,314,/kaggle/working/scribble-uncertainty-lung-segmentation/data/pseudo_labels/weak_bg_entropy/radiopaedia_10_slice_0314.npy,/kaggle/working/scribble-uncertainty-lung-segmentation/data/pseudo_labels/weak_bg_confidence/radiopaedia_10_slice_0314.npy,/kaggle/working/scribble-uncertainty-lung-segmentation/outputs/uncertainty_maps/weak_bg_entropy/radiopaedia_10_slice_0314.npy,1651,59943,0,0,6.056935508702566e-11,False
radiopaedia_10,315,/kaggle/working/scribble-uncertainty-lung-segmentation/data/pseudo_labels/weak_bg_entropy/radiopaedia_10_slice_0315.npy,/kaggle/working/scribble-uncertainty-lung-segmentation/data/pseudo_labels/weak_bg_confidence/radiopaedia_10_slice_0315.npy,/kaggle/working/scribble-uncertainty-lung-segmentation/outputs/uncertainty_maps/weak_bg_entropy/radiopaedia_10_slice_0315.npy,2122,60493,0,0,4.712535570106091e-11,False
radiopaedia_10,316,/kaggle/working/scribble-uncertainty-lung-segmentation/data/pseudo_labels/weak_bg_entropy/radiopaedia_10_slice_0316.npy,/kaggle/working/scribble-uncertainty-lung-segmentation/data/pseudo_labels/weak_bg_confidence/radiopaedia_10_slice_0316.npy,/kaggle/working/scribble-uncertainty-lung-segmentation/outputs/uncertainty_maps/weak_bg_entropy/radiopaedia_10_slice_0316.npy,1775,60230,0,0,5.6338027992763884e-11,False
radiopaedia_10,317,/kaggle/working/scribble-uncertainty-lung-segmentation/data/pseudo_labels/weak_bg_entropy/radiopaedia_10_slice_0317.npy,/kaggle/working/scribble-uncertainty-lung-segmentation/data/pseudo_labels/weak_bg_confidence/radiopaedia_10_slice_0317.npy,/kaggle/working/scribble-uncertainty-lung-segmentation/outputs/uncertainty_maps/weak_bg_entropy/radiopaedia_10_slice_0317.npy,1581,60113,0,0,6.325110574190163e-11,False
radiopaedia_10,318,/kaggle/working/scribble-uncertainty-lung-segmentation/data/pseudo_labels/weak_bg_entropy/radiopaedia_10_slice_0318.npy,/kaggle/working/scribble-uncertainty-lung-segmentation/data/pseudo_labels/weak_bg_confidence/radiopaedia_10_slice_0318.npy,/kaggle/working/scribble-uncertainty-lung-segmentation/outputs/uncertainty_maps/weak_bg_entropy/radiopaedia_10_slice_0318.npy,2338,60968,0,0,4.27715987627586e-11,False
radiopaedia_10,319,/kaggle/working/scribble-uncertainty-lung-segmentation/data/pseudo_labels/weak_bg_entropy/radiopaedia_10_slice_0319.npy,/kaggle/working/scribble-uncertainty-lung-segmentation/data/pseudo_labels/weak_bg_confidence/radiopaedia_10_slice_0319.npy,/kaggle/working/scribble-uncertainty-lung-segmentation/outputs/uncertainty_maps/weak_bg_entropy/radiopaedia_10_slice_0319.npy,1915,60654,0,0,5.221932261600948e-11,False
radiopaedia_10,320,/kaggle/working/scribble-uncertainty-lung-segmentation/data/pseudo_labels/weak_bg_entropy/radiopaedia_10_slice_0320.npy,/kaggle/working/scribble-uncertainty-lung-segmentation/data/pseudo_labels/weak_bg_confidence/radiopaedia_10_slice_0320.npy,/kaggle/working/scribble-uncertainty-lung-segmentation/outputs/uncertainty_maps/weak_bg_entropy/radiopaedia_10_slice_0320.npy,2001,60826,0,0,4.997501371062363e-11,False
radiopaedia_10,321,/kaggle/working/scribble-uncertainty-lung-segmentation/data/pseudo_labels/weak_bg_entropy/radiopaedia_10_slice_0321.npy,/kaggle/working/scribble-uncertainty-lung-segmentation/data/pseudo_labels/weak_bg_confidence/radiopaedia_10_slice_0321.npy,/kaggle/working/scribble-uncertainty-lung-segmentation/outputs/uncertainty_maps/weak_bg_entropy/radiopaedia_10_slice_0321.npy,1756,60653,0,0,5.6947609822222134e-11,False
radiopaedia_10,322,/kaggle/working/scribble-uncertainty-lung-segmentation/data/pseudo_labels/weak_bg_entropy/radiopaedia_10_slice_0322.npy,/kaggle/working/scribble-uncertainty-lung-segmentation/data/pseudo_labels/weak_bg_confidence/radiopaedia_10_slice_0322.npy,/kaggle/working/scribble-uncertainty-lung-segmentation/outputs/uncertainty_maps/weak_bg_entropy/radiopaedia_10_slice_0322.npy,1992,60993,0,0,5.020080531825677e-11,False
radiopaedia_10,323,/kaggle/working/scribble-uncertainty-lung-segmentation/data/pseudo_labels/weak_bg_entropy/radiopaedia_10_slice_0323.npy,/kaggle/working/scribble-uncertainty-lung-segmentation/data/pseudo_labels/weak_bg_confidence/radiopaedia_10_slice_0323.npy,/kaggle/working/scribble-uncertainty-lung-segmentation/outputs/uncertainty_maps/weak_bg_entropy/radiopaedia_10_slice_0323.npy,2093,61181,0,0,4.7778309086865534e-11,False
radiopaedia_10,324,/kaggle/working/scribble-uncertainty-lung-segmentation/data/pseudo_labels/weak_bg_entropy/radiopaedia_10_slice_0324.npy,/kaggle/working/scribble-uncertainty-lung-segmentation/data/pseudo_labels/weak_bg_confidence/radiopaedia_10_slice_0324.npy,/kaggle/working/scribble-uncertainty-lung-segmentation/outputs/uncertainty_maps/weak_bg_entropy/radiopaedia_10_slice_0324.npy,1575,60755,0,0,6.349206577160871e-11,False
radiopaedia_10,325,/kaggle/working/scribble-uncertainty-lung-segmentation/data/pseudo_labels/weak_bg_entropy/radiopaedia_10_slice_0325.npy,/kaggle/working/scribble-uncertainty-lung-segmentation/data/pseudo_labels/weak_bg_confidence/radiopaedia_10_slice_0325.npy,/kaggle/working/scribble-uncertainty-lung-segmentation/outputs/uncertainty_maps/weak_bg_entropy/radiopaedia_10_slice_0325.npy,1867,61109,0,0,5.35618632779844e-11,False
radiopaedia_10,326,/kaggle/working/scribble-uncertainty-lung-segmentation/data/pseudo_labels/weak_bg_entropy/radiopaedia_10_slice_0326.npy,/kaggle/working/scribble-uncertainty-lung-segmentation/data/pseudo_labels/weak_bg_confidence/radiopaedia_10_slice_0326.npy,/kaggle/working/scribble-uncertainty-lung-segmentation/outputs/uncertainty_maps/weak_bg_entropy/radiopaedia_10_slice_0326.npy,2216,61555,0,0,4.512635404241294e-11,False
radiopaedia_10,327,/kaggle/working/scribble-uncertainty-lung-segmentation/data/pseudo_labels/weak_bg_entropy/radiopaedia_10_slice_0327.npy,/kaggle/working/scribble-uncertainty-lung-segmentation/data/pseudo_labels/weak_bg_confidence/radiopaedia_10_slice_0327.npy,/kaggle/working/scribble-uncertainty-lung-segmentation/outputs/uncertainty_maps/weak_bg_entropy/radiopaedia_10_slice_0327.npy,2319,61740,0,0,4.312203719103458e-11,False
radiopaedia_10,328,/kaggle/working/scribble-uncertainty-lung-segmentation/data/pseudo_labels/weak_bg_entropy/radiopaedia_10_slice_0328.npy,/kaggle/working/scribble-uncertainty-lung-segmentation/data/pseudo_labels/weak_bg_confidence/radiopaedia_10_slice_0328.npy,/kaggle/working/scribble-uncertainty-lung-segmentation/outputs/uncertainty_maps/weak_bg_entropy/radiopaedia_10_slice_0328.npy,2358,61878,0,0,4.2408822981121475e-11,False
radiopaedia_10,329,/kaggle/working/scribble-uncertainty-lung-segmentation/data/pseudo_labels/weak_bg_entropy/radiopaedia_10_slice_0329.npy,/kaggle/working/scribble-uncertainty-lung-segmentation/data/pseudo_labels/weak_bg_confidence/radiopaedia_10_slice_0329.npy,/kaggle/working/scribble-uncertainty-lung-segmentation/outputs/uncertainty_maps/weak_bg_entropy/radiopaedia_10_slice_0329.npy,2206,61836,0,0,4.533091610414708e-11,False
radiopaedia_10,330,/kaggle/working/scribble-uncertainty-lung-segmentation/data/pseudo_labels/weak_bg_entropy/radiopaedia_10_slice_0330.npy,/kaggle/working/scribble-uncertainty-lung-segmentation/data/pseudo_labels/weak_bg_confidence/radiopaedia_10_slice_0330.npy,/kaggle/working/scribble-uncertainty-lung-segmentation/outputs/uncertainty_maps/weak_bg_entropy/radiopaedia_10_slice_0330.npy,2236,61953,0,0,4.472271858402266e-11,False
radiopaedia_10,331,/kaggle/working/scribble-uncertainty-lung-segmentation/data/pseudo_labels/weak_bg_entropy/radiopaedia_10_slice_0331.npy,/kaggle/working/scribble-uncertainty-lung-segmentation/data/pseudo_labels/weak_bg_confidence/radiopaedia_10_slice_0331.npy,/kaggle/working/scribble-uncertainty-lung-segmentation/outputs/uncertainty_maps/weak_bg_entropy/radiopaedia_10_slice_0331.npy,2464,62271,0,0,4.058441777088362e-11,False
radiopaedia_10,332,/kaggle/working/scribble-uncertainty-lung-segmentation/data/pseudo_labels/weak_bg_entropy/radiopaedia_10_slice_0332.npy,/kaggle/working/scribble-uncertainty-lung-segmentation/data/pseudo_labels/weak_bg_confidence/radiopaedia_10_slice_0332.npy,/kaggle/working/scribble-uncertainty-lung-segmentation/outputs/uncertainty_maps/weak_bg_entropy/radiopaedia_10_slice_0332.npy,2171,62098,0,0,4.606172387955354e-11,False
radiopaedia_10,333,/kaggle/working/scribble-uncertainty-lung-segmentation/data/pseudo_labels/weak_bg_entropy/radiopaedia_10_slice_0333.npy,/kaggle/working/scribble-uncertainty-lung-segmentation/data/pseudo_labels/weak_bg_confidence/radiopaedia_10_slice_0333.npy,/kaggle/working/scribble-uncertainty-lung-segmentation/outputs/uncertainty_maps/weak_bg_entropy/radiopaedia_10_slice_0333.npy,2269,62301,0,0,4.40722805472582e-11,False
radiopaedia_10,334,/kaggle/working/scribble-uncertainty-lung-segmentation/data/pseudo_labels/weak_bg_entropy/radiopaedia_10_slice_0334.npy,/kaggle/working/scribble-uncertainty-lung-segmentation/data/pseudo_labels/weak_bg_confidence/radiopaedia_10_slice_0334.npy,/kaggle/working/scribble-uncertainty-lung-segmentation/outputs/uncertainty_maps/weak_bg_entropy/radiopaedia_10_slice_0334.npy,2151,62337,0,0,4.64900062890905e-11,False
radiopaedia_10,335,/kaggle/working/scribble-uncertainty-lung-segmentation/data/pseudo_labels/weak_bg_entropy/radiopaedia_10_slice_0335.npy,/kaggle/working/scribble-uncertainty-lung-segmentation/data/pseudo_labels/weak_bg_confidence/radiopaedia_10_slice_0335.npy,/kaggle/working/scribble-uncertainty-lung-segmentation/outputs/uncertainty_maps/weak_bg_entropy/radiopaedia_10_slice_0335.npy,1999,62292,0,0,5.002501191064823e-11,False
radiopaedia_10,336,/kaggle/working/scribble-uncertainty-lung-segmentation/data/pseudo_labels/weak_bg_entropy/radiopaedia_10_slice_0336.npy,/kaggle/working/scribble-uncertainty-lung-segmentation/data/pseudo_labels/weak_bg_confidence/radiopaedia_10_slice_0336.npy,/kaggle/working/scribble-uncertainty-lung-segmentation/outputs/uncertainty_maps/weak_bg_entropy/radiopaedia_10_slice_0336.npy,1884,62304,0,0,5.3078555439789454e-11,False
radiopaedia_10,337,/kaggle/working/scribble-uncertainty-lung-segmentation/data/pseudo_labels/weak_bg_entropy/radiopaedia_10_slice_0337.npy,/kaggle/working/scribble-uncertainty-lung-segmentation/data/pseudo_labels/weak_bg_confidence/radiopaedia_10_slice_0337.npy,/kaggle/working/scribble-uncertainty-lung-segmentation/outputs/uncertainty_maps/weak_bg_entropy/radiopaedia_10_slice_0337.npy,1915,62444,0,0,5.221932261600948e-11,False
radiopaedia_10,338,/kaggle/working/scribble-uncertainty-lung-segmentation/data/pseudo_labels/weak_bg_entropy/radiopaedia_10_slice_0338.npy,/kaggle/working/scribble-uncertainty-lung-segmentation/data/pseudo_labels/weak_bg_confidence/radiopaedia_10_slice_0338.npy,/kaggle/working/scribble-uncertainty-lung-segmentation/outputs/uncertainty_maps/weak_bg_entropy/radiopaedia_10_slice_0338.npy,1932,62596,0,0,5.1759836000586645e-11,False
radiopaedia_10,339,/kaggle/working/scribble-uncertainty-lung-segmentation/data/pseudo_labels/weak_bg_entropy/radiopaedia_10_slice_0339.npy,/kaggle/working/scribble-uncertainty-lung-segmentation/data/pseudo_labels/weak_bg_confidence/radiopaedia_10_slice_0339.npy,/kaggle/working/scribble-uncertainty-lung-segmentation/outputs/uncertainty_maps/weak_bg_entropy/radiopaedia_10_slice_0339.npy,2079,62857,0,0,4.810004824995495e-11,False
radiopaedia_10,340,/kaggle/working/scribble-uncertainty-lung-segmentation/data/pseudo_labels/weak_bg_entropy/radiopaedia_10_slice_0340.npy,/kaggle/working/scribble-uncertainty-lung-segmentation/data/pseudo_labels/weak_bg_confidence/radiopaedia_10_slice_0340.npy,/kaggle/working/scribble-uncertainty-lung-segmentation/outputs/uncertainty_maps/weak_bg_entropy/radiopaedia_10_slice_0340.npy,1434,62322,0,0,6.973500943363575e-11,False
radiopaedia_10,341,/kaggle/working/scribble-uncertainty-lung-segmentation/data/pseudo_labels/weak_bg_entropy/radiopaedia_10_slice_0341.npy,/kaggle/working/scribble-uncertainty-lung-segmentation/data/pseudo_labels/weak_bg_confidence/radiopaedia_10_slice_0341.npy,/kaggle/working/scribble-uncertainty-lung-segmentation/outputs/uncertainty_maps/weak_bg_entropy/radiopaedia_10_slice_0341.npy,1356,62377,0,0,7.374631461054548e-11,False
radiopaedia_10,342,/kaggle/working/scribble-uncertainty-lung-segmentation/data/pseudo_labels/weak_bg_entropy/radiopaedia_10_slice_0342.npy,/kaggle/working/scribble-uncertainty-lung-segmentation/data/pseudo_labels/weak_bg_confidence/radiopaedia_10_slice_0342.npy,/kaggle/working/scribble-uncertainty-lung-segmentation/outputs/uncertainty_maps/weak_bg_entropy/radiopaedia_10_slice_0342.npy,1817,62943,0,0,5.5035774548795047e-11,False
radiopaedia_10,343,/kaggle/working/scribble-uncertainty-lung-segmentation/data/pseudo_labels/weak_bg_entropy/radiopaedia_10_slice_0343.npy,/kaggle/working/scribble-uncertainty-lung-segmentation/data/pseudo_labels/weak_bg_confidence/radiopaedia_10_slice_0343.npy,/kaggle/working/scribble-uncertainty-lung-segmentation/outputs/uncertainty_maps/weak_bg_entropy/radiopaedia_10_slice_0343.npy,1634,62904,0,0,6.119951073690899e-11,False
radiopaedia_10,344,/kaggle/working/scribble-uncertainty-lung-segmentation/data/pseudo_labels/weak_bg_entropy/radiopaedia_10_slice_0344.npy,/kaggle/working/scribble-uncertainty-lung-segmentation/data/pseudo_labels/weak_bg_confidence/radiopaedia_10_slice_0344.npy,/kaggle/working/scribble-uncertainty-lung-segmentation/outputs/uncertainty_maps/weak_bg_entropy/radiopaedia_10_slice_0344.npy,1335,62729,0,0,7.49063658322946e-11,False
radiopaedia_10,345,/kaggle/working/scribble-uncertainty-lung-segmentation/data/pseudo_labels/weak_bg_entropy/radiopaedia_10_slice_0345.npy,/kaggle/working/scribble-uncertainty-lung-segmentation/data/pseudo_labels/weak_bg_confidence/radiopaedia_10_slice_0345.npy,/kaggle/working/scribble-uncertainty-lung-segmentation/outputs/uncertainty_maps/weak_bg_entropy/radiopaedia_10_slice_0345.npy,957,62528,0,0,1.0449320575478538e-10,False
radiopaedia_10,346,/kaggle/working/scribble-uncertainty-lung-segmentation/data/pseudo_labels/weak_bg_entropy/radiopaedia_10_slice_0346.npy,/kaggle/working/scribble-uncertainty-lung-segmentation/data/pseudo_labels/weak_bg_confidence/radiopaedia_10_slice_0346.npy,/kaggle/working/scribble-uncertainty-lung-segmentation/outputs/uncertainty_maps/weak_bg_entropy/radiopaedia_10_slice_0346.npy,1241,62908,0,0,8.058018141632317e-11,False
radiopaedia_10,347,/kaggle/working/scribble-uncertainty-lung-segmentation/data/pseudo_labels/weak_bg_entropy/radiopaedia_10_slice_0347.npy,/kaggle/working/scribble-uncertainty-lung-segmentation/data/pseudo_labels/weak_bg_confidence/radiopaedia_10_slice_0347.npy,/kaggle/working/scribble-uncertainty-lung-segmentation/outputs/uncertainty_maps/weak_bg_entropy/radiopaedia_10_slice_0347.npy,694,62483,0,0,1.4409222426348123e-10,False
radiopaedia_10,348,/kaggle/working/scribble-uncertainty-lung-segmentation/data/pseudo_labels/weak_bg_entropy/radiopaedia_10_slice_0348.npy,/kaggle/working/scribble-uncertainty-lung-segmentation/data/pseudo_labels/weak_bg_confidence/radiopaedia_10_slice_0348.npy,/kaggle/working/scribble-uncertainty-lung-segmentation/outputs/uncertainty_maps/weak_bg_entropy/radiopaedia_10_slice_0348.npy,927,62822,0,0,1.0787486875996066e-10,False
radiopaedia_10,349,/kaggle/working/scribble-uncertainty-lung-segmentation/data/pseudo_labels/weak_bg_entropy/radiopaedia_10_slice_0349.npy,/kaggle/working/scribble-uncertainty-lung-segmentation/data/pseudo_labels/weak_bg_confidence/radiopaedia_10_slice_0349.npy,/kaggle/working/scribble-uncertainty-lung-segmentation/outputs/uncertainty_maps/weak_bg_entropy/radiopaedia_10_slice_0349.npy,1336,63338,0,0,7.485029956955103e-11,False
radiopaedia_10,350,/kaggle/working/scribble-uncertainty-lung-segmentation/data/pseudo_labels/weak_bg_entropy/radiopaedia_10_slice_0350.npy,/kaggle/working/scribble-uncertainty-lung-segmentation/data/pseudo_labels/weak_bg_confidence/radiopaedia_10_slice_0350.npy,/kaggle/working/scribble-uncertainty-lung-segmentation/outputs/uncertainty_maps/weak_bg_entropy/radiopaedia_10_slice_0350.npy,1616,63713,0,0,6.188118767402884e-11,False
radiopaedia_10,351,/kaggle/working/scribble-uncertainty-lung-segmentation/data/pseudo_labels/weak_bg_entropy/radiopaedia_10_slice_0351.npy,/kaggle/working/scribble-uncertainty-lung-segmentation/data/pseudo_labels/weak_bg_confidence/radiopaedia_10_slice_0351.npy,/kaggle/working/scribble-uncertainty-lung-segmentation/outputs/uncertainty_maps/weak_bg_entropy/radiopaedia_10_slice_0351.npy,1175,63411,0,0,8.510638721537234e-11,False
radiopaedia_10,352,/kaggle/working/scribble-uncertainty-lung-segmentation/data/pseudo_labels/weak_bg_entropy/radiopaedia_10_slice_0352.npy,/kaggle/working/scribble-uncertainty-lung-segmentation/data/pseudo_labels/weak_bg_confidence/radiopaedia_10_slice_0352.npy,/kaggle/working/scribble-uncertainty-lung-segmentation/outputs/uncertainty_maps/weak_bg_entropy/radiopaedia_10_slice_0352.npy,1506,63816,0,0,6.640106520183764e-11,False
radiopaedia_10,353,/kaggle/working/scribble-uncertainty-lung-segmentation/data/pseudo_labels/weak_bg_entropy/radiopaedia_10_slice_0353.npy,/kaggle/working/scribble-uncertainty-lung-segmentation/data/pseudo_labels/weak_bg_confidence/radiopaedia_10_slice_0353.npy,/kaggle/working/scribble-uncertainty-lung-segmentation/outputs/uncertainty_maps/weak_bg_entropy/radiopaedia_10_slice_0353.npy,1024,63446,0,0,9.765625114122045e-11,False
radiopaedia_10,354,/kaggle/working/scribble-uncertainty-lung-segmentation/data/pseudo_labels/weak_bg_entropy/radiopaedia_10_slice_0354.npy,/kaggle/working/scribble-uncertainty-lung-segmentation/data/pseudo_labels/weak_bg_confidence/radiopaedia_10_slice_0354.npy,/kaggle/working/scribble-uncertainty-lung-segmentation/outputs/uncertainty_maps/weak_bg_entropy/radiopaedia_10_slice_0354.npy,1053,63560,0,0,9.496676361964163e-11,False
radiopaedia_10,355,/kaggle/working/scribble-uncertainty-lung-segmentation/data/pseudo_labels/weak_bg_entropy/radiopaedia_10_slice_0355.npy,/kaggle/working/scribble-uncertainty-lung-segmentation/data/pseudo_labels/weak_bg_confidence/radiopaedia_10_slice_0355.npy,/kaggle/working/scribble-uncertainty-lung-segmentation/outputs/uncertainty_maps/weak_bg_entropy/radiopaedia_10_slice_0355.npy,1219,63799,0,0,8.203445561738576e-11,False
radiopaedia_10,356,/kaggle/working/scribble-uncertainty-lung-segmentation/data/pseudo_labels/weak_bg_entropy/radiopaedia_10_slice_0356.npy,/kaggle/working/scribble-uncertainty-lung-segmentation/data/pseudo_labels/weak_bg_confidence/radiopaedia_10_slice_0356.npy,/kaggle/working/scribble-uncertainty-lung-segmentation/outputs/uncertainty_maps/weak_bg_entropy/radiopaedia_10_slice_0356.npy,954,63622,0,0,1.0482180401449881e-10,False
radiopaedia_10,357,/kaggle/working/scribble-uncertainty-lung-segmentation/data/pseudo_labels/weak_bg_entropy/radiopaedia_10_slice_0357.npy,/kaggle/working/scribble-uncertainty-lung-segmentation/data/pseudo_labels/weak_bg_confidence/radiopaedia_10_slice_0357.npy,/kaggle/working/scribble-uncertainty-lung-segmentation/outputs/uncertainty_maps/weak_bg_entropy/radiopaedia_10_slice_0357.npy,984,63757,0,0,1.0162602009922139e-10,False
radiopaedia_10,358,/kaggle/working/scribble-uncertainty-lung-segmentation/data/pseudo_labels/weak_bg_entropy/radiopaedia_10_slice_0358.npy,/kaggle/working/scribble-uncertainty-lung-segmentation/data/pseudo_labels/weak_bg_confidence/radiopaedia_10_slice_0358.npy,/kaggle/working/scribble-uncertainty-lung-segmentation/outputs/uncertainty_maps/weak_bg_entropy/radiopaedia_10_slice_0358.npy,938,63801,0,0,1.0660981125676372e-10,False
radiopaedia_10,359,/kaggle/working/scribble-uncertainty-lung-segmentation/data/pseudo_labels/weak_bg_entropy/radiopaedia_10_slice_0359.npy,/kaggle/working/scribble-uncertainty-lung-segmentation/data/pseudo_labels/weak_bg_confidence/radiopaedia_10_slice_0359.npy,/kaggle/working/scribble-uncertainty-lung-segmentation/outputs/uncertainty_maps/weak_bg_entropy/radiopaedia_10_slice_0359.npy,679,63649,0,0,1.4727540020853525e-10,False
radiopaedia_10,360,/kaggle/working/scribble-uncertainty-lung-segmentation/data/pseudo_labels/weak_bg_entropy/radiopaedia_10_slice_0360.npy,/kaggle/working/scribble-uncertainty-lung-segmentation/data/pseudo_labels/weak_bg_confidence/radiopaedia_10_slice_0360.npy,/kaggle/working/scribble-uncertainty-lung-segmentation/outputs/uncertainty_maps/weak_bg_entropy/radiopaedia_10_slice_0360.npy,855,63891,0,0,1.169590674310328e-10,False
radiopaedia_10,361,/kaggle/working/scribble-uncertainty-lung-segmentation/data/pseudo_labels/weak_bg_entropy/radiopaedia_10_slice_0361.npy,/kaggle/working/scribble-uncertainty-lung-segmentation/data/pseudo_labels/weak_bg_confidence/radiopaedia_10_slice_0361.npy,/kaggle/working/scribble-uncertainty-lung-segmentation/outputs/uncertainty_maps/weak_bg_entropy/radiopaedia_10_slice_0361.npy,713,63835,0,0,1.402524624216639e-10,False
radiopaedia_10,362,/kaggle/working/scribble-uncertainty-lung-segmentation/data/pseudo_labels/weak_bg_entropy/radiopaedia_10_slice_0362.npy,/kaggle/working/scribble-uncertainty-lung-segmentation/data/pseudo_labels/weak_bg_confidence/radiopaedia_10_slice_0362.npy,/kaggle/working/scribble-uncertainty-lung-segmentation/outputs/uncertainty_maps/weak_bg_entropy/radiopaedia_10_slice_0362.npy,575,63783,0,0,1.7391305062730567e-10,False
radiopaedia_10,363,/kaggle/working/scribble-uncertainty-lung-segmentation/data/pseudo_labels/weak_bg_entropy/radiopaedia_10_slice_0363.npy,/kaggle/working/scribble-uncertainty-lung-segmentation/data/pseudo_labels/weak_bg_confidence/radiopaedia_10_slice_0363.npy,/kaggle/working/scribble-uncertainty-lung-segmentation/outputs/uncertainty_maps/weak_bg_entropy/radiopaedia_10_slice_0363.npy,515,63804,0,0,1.9417475960459285e-10,False
radiopaedia_10,364,/kaggle/working/scribble-uncertainty-lung-segmentation/data/pseudo_labels/weak_bg_entropy/radiopaedia_10_slice_0364.npy,/kaggle/working/scribble-uncertainty-lung-segmentation/data/pseudo_labels/weak_bg_confidence/radiopaedia_10_slice_0364.npy,/kaggle/working/scribble-uncertainty-lung-segmentation/outputs/uncertainty_maps/weak_bg_entropy/radiopaedia_10_slice_0364.npy,606,63981,0,0,1.650165004640769e-10,False
radiopaedia_10,365,/kaggle/working/scribble-uncertainty-lung-segmentation/data/pseudo_labels/weak_bg_entropy/radiopaedia_10_slice_0365.npy,/kaggle/working/scribble-uncertainty-lung-segmentation/data/pseudo_labels/weak_bg_confidence/radiopaedia_10_slice_0365.npy,/kaggle/working/scribble-uncertainty-lung-segmentation/outputs/uncertainty_maps/weak_bg_entropy/radiopaedia_10_slice_0365.npy,446,63901,0,0,2.2421524359383938e-10,False
radiopaedia_10,366,/kaggle/working/scribble-uncertainty-lung-segmentation/data/pseudo_labels/weak_bg_entropy/radiopaedia_10_slice_0366.npy,/kaggle/working/scribble-uncertainty-lung-segmentation/data/pseudo_labels/weak_bg_confidence/radiopaedia_10_slice_0366.npy,/kaggle/working/scribble-uncertainty-lung-segmentation/outputs/uncertainty_maps/weak_bg_entropy/radiopaedia_10_slice_0366.npy,551,64074,0,0,1.8148819946883776e-10,False
radiopaedia_10,367,/kaggle/working/scribble-uncertainty-lung-segmentation/data/pseudo_labels/weak_bg_entropy/radiopaedia_10_slice_0367.npy,/kaggle/working/scribble-uncertainty-lung-segmentation/data/pseudo_labels/weak_bg_confidence/radiopaedia_10_slice_0367.npy,/kaggle/working/scribble-uncertainty-lung-segmentation/outputs/uncertainty_maps/weak_bg_entropy/radiopaedia_10_slice_0367.npy,589,64218,0,0,1.6977928785077978e-10,False
radiopaedia_10,368,/kaggle/working/scribble-uncertainty-lung-segmentation/data/pseudo_labels/weak_bg_entropy/radiopaedia_10_slice_0368.npy,/kaggle/working/scribble-uncertainty-lung-segmentation/data/pseudo_labels/weak_bg_confidence/radiopaedia_10_slice_0368.npy,/kaggle/working/scribble-uncertainty-lung-segmentation/outputs/uncertainty_maps/weak_bg_entropy/radiopaedia_10_slice_0368.npy,383,64087,0,0,2.6109661654949434e-10,False
radiopaedia_10,369,/kaggle/working/scribble-uncertainty-lung-segmentation/data/pseudo_labels/weak_bg_entropy/radiopaedia_10_slice_0369.npy,/kaggle/working/scribble-uncertainty-lung-segmentation/data/pseudo_labels/weak_bg_confidence/radiopaedia_10_slice_0369.npy,/kaggle/working/scribble-uncertainty-lung-segmentation/outputs/uncertainty_maps/weak_bg_entropy/radiopaedia_10_slice_0369.npy,408,64198,0,0,2.450980529644653e-10,False
radiopaedia_10,370,/kaggle/working/scribble-uncertainty-lung-segmentation/data/pseudo_labels/weak_bg_entropy/radiopaedia_10_slice_0370.npy,/kaggle/working/scribble-uncertainty-lung-segmentation/data/pseudo_labels/weak_bg_confidence/radiopaedia_10_slice_0370.npy,/kaggle/working/scribble-uncertainty-lung-segmentation/outputs/uncertainty_maps/weak_bg_entropy/radiopaedia_10_slice_0370.npy,416,64272,0,0,2.403846288689948e-10,False
radiopaedia_10,371,/kaggle/working/scribble-uncertainty-lung-segmentation/data/pseudo_labels/weak_bg_entropy/radiopaedia_10_slice_0371.npy,/kaggle/working/scribble-uncertainty-lung-segmentation/data/pseudo_labels/weak_bg_confidence/radiopaedia_10_slice_0371.npy,/kaggle/working/scribble-uncertainty-lung-segmentation/outputs/uncertainty_maps/weak_bg_entropy/radiopaedia_10_slice_0371.npy,205,64173,0,0,4.878049075784929e-10,False
radiopaedia_10,372,/kaggle/working/scribble-uncertainty-lung-segmentation/data/pseudo_labels/weak_bg_entropy/radiopaedia_10_slice_0372.npy,/kaggle/working/scribble-uncertainty-lung-segmentation/data/pseudo_labels/weak_bg_confidence/radiopaedia_10_slice_0372.npy,/kaggle/working/scribble-uncertainty-lung-segmentation/outputs/uncertainty_maps/weak_bg_entropy/radiopaedia_10_slice_0372.npy,214,64261,0,0,4.672897069291082e-10,False
radiopaedia_10,373,/kaggle/working/scribble-uncertainty-lung-segmentation/data/pseudo_labels/weak_bg_entropy/radiopaedia_10_slice_0373.npy,/kaggle/working/scribble-uncertainty-lung-segmentation/data/pseudo_labels/weak_bg_confidence/radiopaedia_10_slice_0373.npy,/kaggle/working/scribble-uncertainty-lung-segmentation/outputs/uncertainty_maps/weak_bg_entropy/radiopaedia_10_slice_0373.npy,197,64378,0,0,5.07614228428821e-10,False
radiopaedia_10,374,/kaggle/working/scribble-uncertainty-lung-segmentation/data/pseudo_labels/weak_bg_entropy/radiopaedia_10_slice_0374.npy,/kaggle/working/scribble-uncertainty-lung-segmentation/data/pseudo_labels/weak_bg_confidence/radiopaedia_10_slice_0374.npy,/kaggle/working/scribble-uncertainty-lung-segmentation/outputs/uncertainty_maps/weak_bg_entropy/radiopaedia_10_slice_0374.npy,125,64376,0,0,8.000000106811456e-10,False
radiopaedia_10,375,/kaggle/working/scribble-uncertainty-lung-segmentation/data/pseudo_labels/weak_bg_entropy/radiopaedia_10_slice_0375.npy,/kaggle/working/scribble-uncertainty-lung-segmentation/data/pseudo_labels/weak_bg_confidence/radiopaedia_10_slice_0375.npy,/kaggle/working/scribble-uncertainty-lung-segmentation/outputs/uncertainty_maps/weak_bg_entropy/radiopaedia_10_slice_0375.npy,66,64385,0,0,1.515151559772221e-09,False
radiopaedia_10,376,/kaggle/working/scribble-uncertainty-lung-segmentation/data/pseudo_labels/weak_bg_entropy/radiopaedia_10_slice_0376.npy,/kaggle/working/scribble-uncertainty-lung-segmentation/data/pseudo_labels/weak_bg_confidence/radiopaedia_10_slice_0376.npy,/kaggle/working/scribble-uncertainty-lung-segmentation/outputs/uncertainty_maps/weak_bg_entropy/radiopaedia_10_slice_0376.npy,36,64649,0,0,2.7777777855675367e-09,False
radiopaedia_10,377,/kaggle/working/scribble-uncertainty-lung-segmentation/data/pseudo_labels/weak_bg_entropy/radiopaedia_10_slice_0377.npy,/kaggle/working/scribble-uncertainty-lung-segmentation/data/pseudo_labels/weak_bg_confidence/radiopaedia_10_slice_0377.npy,/kaggle/working/scribble-uncertainty-lung-segmentation/outputs/uncertainty_maps/weak_bg_entropy/radiopaedia_10_slice_0377.npy,6,64912,0,0,1.666666626931601e-08,False
radiopaedia_10,378,/kaggle/working/scribble-uncertainty-lung-segmentation/data/pseudo_labels/weak_bg_entropy/radiopaedia_10_slice_0378.npy,/kaggle/working/scribble-uncertainty-lung-segmentation/data/pseudo_labels/weak_bg_confidence/radiopaedia_10_slice_0378.npy,/kaggle/working/scribble-uncertainty-lung-segmentation/outputs/uncertainty_maps/weak_bg_entropy/radiopaedia_10_slice_0378.npy,7,65020,0,0,1.4285714833306429e-08,False
radiopaedia_10,379,/kaggle/working/scribble-uncertainty-lung-segmentation/data/pseudo_labels/weak_bg_entropy/radiopaedia_10_slice_0379.npy,/kaggle/working/scribble-uncertainty-lung-segmentation/data/pseudo_labels/weak_bg_confidence/radiopaedia_10_slice_0379.npy,/kaggle/working/scribble-uncertainty-lung-segmentation/outputs/uncertainty_maps/weak_bg_entropy/radiopaedia_10_slice_0379.npy,0,65089,0,0,1.0,False
radiopaedia_10,380,/kaggle/working/scribble-uncertainty-lung-segmentation/data/pseudo_labels/weak_bg_entropy/radiopaedia_10_slice_0380.npy,/kaggle/working/scribble-uncertainty-lung-segmentation/data/pseudo_labels/weak_bg_confidence/radiopaedia_10_slice_0380.npy,/kaggle/working/scribble-uncertainty-lung-segmentation/outputs/uncertainty_maps/weak_bg_entropy/radiopaedia_10_slice_0380.npy,20,65103,0,0,4.999999969612645e-09,False
radiopaedia_10,381,/kaggle/working/scribble-uncertainty-lung-segmentation/data/pseudo_labels/weak_bg_entropy/radiopaedia_10_slice_0381.npy,/kaggle/working/scribble-uncertainty-lung-segmentation/data/pseudo_labels/weak_bg_confidence/radiopaedia_10_slice_0381.npy,/kaggle/working/scribble-uncertainty-lung-segmentation/outputs/uncertainty_maps/weak_bg_entropy/radiopaedia_10_slice_0381.npy,42,65169,0,0,2.3809523241880015e-09,False
radiopaedia_10,382,/kaggle/working/scribble-uncertainty-lung-segmentation/data/pseudo_labels/weak_bg_entropy/radiopaedia_10_slice_0382.npy,/kaggle/working/scribble-uncertainty-lung-segmentation/data/pseudo_labels/weak_bg_confidence/radiopaedia_10_slice_0382.npy,/kaggle/working/scribble-uncertainty-lung-segmentation/outputs/uncertainty_maps/weak_bg_entropy/radiopaedia_10_slice_0382.npy,118,65275,0,0,8.474576596029237e-10,False
radiopaedia_10,383,/kaggle/working/scribble-uncertainty-lung-segmentation/data/pseudo_labels/weak_bg_entropy/radiopaedia_10_slice_0383.npy,/kaggle/working/scribble-uncertainty-lung-segmentation/data/pseudo_labels/weak_bg_confidence/radiopaedia_10_slice_0383.npy,/kaggle/working/scribble-uncertainty-lung-segmentation/outputs/uncertainty_maps/weak_bg_entropy/radiopaedia_10_slice_0383.npy,13,65228,0,0,7.692308123807834e-09,False
radiopaedia_10,384,/kaggle/working/scribble-uncertainty-lung-segmentation/data/pseudo_labels/weak_bg_entropy/radiopaedia_10_slice_0384.npy,/kaggle/working/scribble-uncertainty-lung-segmentation/data/pseudo_labels/weak_bg_confidence/radiopaedia_10_slice_0384.npy,/kaggle/working/scribble-uncertainty-lung-segmentation/outputs/uncertainty_maps/weak_bg_entropy/radiopaedia_10_slice_0384.npy,0,65259,0,0,1.0,False
radiopaedia_10,385,/kaggle/working/scribble-uncertainty-lung-segmentation/data/pseudo_labels/weak_bg_entropy/radiopaedia_10_slice_0385.npy,/kaggle/working/scribble-uncertainty-lung-segmentation/data/pseudo_labels/weak_bg_confidence/radiopaedia_10_slice_0385.npy,/kaggle/working/scribble-uncertainty-lung-segmentation/outputs/uncertainty_maps/weak_bg_entropy/radiopaedia_10_slice_0385.npy,0,65331,0,0,1.0,False
radiopaedia_10,386,/kaggle/working/scribble-uncertainty-lung-segmentation/data/pseudo_labels/weak_bg_entropy/radiopaedia_10_slice_0386.npy,/kaggle/working/scribble-uncertainty-lung-segmentation/data/pseudo_labels/weak_bg_confidence/radiopaedia_10_slice_0386.npy,/kaggle/working/scribble-uncertainty-lung-segmentation/outputs/uncertainty_maps/weak_bg_entropy/radiopaedia_10_slice_0386.npy,0,65529,0,0,1.0,False
radiopaedia_10,387,/kaggle/working/scribble-uncertainty-lung-segmentation/data/pseudo_labels/weak_bg_entropy/radiopaedia_10_slice_0387.npy,/kaggle/working/scribble-uncertainty-lung-segmentation/data/pseudo_labels/weak_bg_confidence/radiopaedia_10_slice_0387.npy,/kaggle/working/scribble-uncertainty-lung-segmentation/outputs/uncertainty_maps/weak_bg_entropy/radiopaedia_10_slice_0387.npy,0,65536,0,0,1.0,False
radiopaedia_10,388,/kaggle/working/scribble-uncertainty-lung-segmentation/data/pseudo_labels/weak_bg_entropy/radiopaedia_10_slice_0388.npy,/kaggle/working/scribble-uncertainty-lung-segmentation/data/pseudo_labels/weak_bg_confidence/radiopaedia_10_slice_0388.npy,/kaggle/working/scribble-uncertainty-lung-segmentation/outputs/uncertainty_maps/weak_bg_entropy/radiopaedia_10_slice_0388.npy,0,65536,0,0,1.0,False
radiopaedia_10,389,/kaggle/working/scribble-uncertainty-lung-segmentation/data/pseudo_labels/weak_bg_entropy/radiopaedia_10_slice_0389.npy,/kaggle/working/scribble-uncertainty-lung-segmentation/data/pseudo_labels/weak_bg_confidence/radiopaedia_10_slice_0389.npy,/kaggle/working/scribble-uncertainty-lung-segmentation/outputs/uncertainty_maps/weak_bg_entropy/radiopaedia_10_slice_0389.npy,0,65536,0,0,1.0,False
radiopaedia_10,390,/kaggle/working/scribble-uncertainty-lung-segmentation/data/pseudo_labels/weak_bg_entropy/radiopaedia_10_slice_0390.npy,/kaggle/working/scribble-uncertainty-lung-segmentation/data/pseudo_labels/weak_bg_confidence/radiopaedia_10_slice_0390.npy,/kaggle/working/scribble-uncertainty-lung-segmentation/outputs/uncertainty_maps/weak_bg_entropy/radiopaedia_10_slice_0390.npy,0,65536,0,0,1.0,False
radiopaedia_10,391,/kaggle/working/scribble-uncertainty-lung-segmentation/data/pseudo_labels/weak_bg_entropy/radiopaedia_10_slice_0391.npy,/kaggle/working/scribble-uncertainty-lung-segmentation/data/pseudo_labels/weak_bg_confidence/radiopaedia_10_slice_0391.npy,/kaggle/working/scribble-uncertainty-lung-segmentation/outputs/uncertainty_maps/weak_bg_entropy/radiopaedia_10_slice_0391.npy,0,65536,0,0,1.0,False
radiopaedia_14,0,/kaggle/working/scribble-uncertainty-lung-segmentation/data/pseudo_labels/weak_bg_entropy/radiopaedia_14_slice_0000.npy,/kaggle/working/scribble-uncertainty-lung-segmentation/data/pseudo_labels/weak_bg_confidence/radiopaedia_14_slice_0000.npy,/kaggle/working/scribble-uncertainty-lung-segmentation/outputs/uncertainty_maps/weak_bg_entropy/radiopaedia_14_slice_0000.npy,758,65075,24,332,0.4348623752593994,True
radiopaedia_14,1,/kaggle/working/scribble-uncertainty-lung-segmentation/data/pseudo_labels/weak_bg_entropy/radiopaedia_14_slice_0001.npy,/kaggle/working/scribble-uncertainty-lung-segmentation/data/pseudo_labels/weak_bg_confidence/radiopaedia_14_slice_0001.npy,/kaggle/working/scribble-uncertainty-lung-segmentation/outputs/uncertainty_maps/weak_bg_entropy/radiopaedia_14_slice_0001.npy,897,65020,30,373,0.4692913293838501,True
radiopaedia_14,2,/kaggle/working/scribble-uncertainty-lung-segmentation/data/pseudo_labels/weak_bg_entropy/radiopaedia_14_slice_0002.npy,/kaggle/working/scribble-uncertainty-lung-segmentation/data/pseudo_labels/weak_bg_confidence/radiopaedia_14_slice_0002.npy,/kaggle/working/scribble-uncertainty-lung-segmentation/outputs/uncertainty_maps/weak_bg_entropy/radiopaedia_14_slice_0002.npy,998,64880,28,458,0.5054945349693298,True
radiopaedia_14,3,/kaggle/working/scribble-uncertainty-lung-segmentation/data/pseudo_labels/weak_bg_entropy/radiopaedia_14_slice_0003.npy,/kaggle/working/scribble-uncertainty-lung-segmentation/data/pseudo_labels/weak_bg_confidence/radiopaedia_14_slice_0003.npy,/kaggle/working/scribble-uncertainty-lung-segmentation/outputs/uncertainty_maps/weak_bg_entropy/radiopaedia_14_slice_0003.npy,1132,64813,25,525,0.49245625734329224,True
radiopaedia_14,4,/kaggle/working/scribble-uncertainty-lung-segmentation/data/pseudo_labels/weak_bg_entropy/radiopaedia_14_slice_0004.npy,/kaggle/working/scribble-uncertainty-lung-segmentation/data/pseudo_labels/weak_bg_confidence/radiopaedia_14_slice_0004.npy,/kaggle/working/scribble-uncertainty-lung-segmentation/outputs/uncertainty_maps/weak_bg_entropy/radiopaedia_14_slice_0004.npy,1432,64815,18,523,0.4112531840801239,True
radiopaedia_14,5,/kaggle/working/scribble-uncertainty-lung-segmentation/data/pseudo_labels/weak_bg_entropy/radiopaedia_14_slice_0005.npy,/kaggle/working/scribble-uncertainty-lung-segmentation/data/pseudo_labels/weak_bg_confidence/radiopaedia_14_slice_0005.npy,/kaggle/working/scribble-uncertainty-lung-segmentation/outputs/uncertainty_maps/weak_bg_entropy/radiopaedia_14_slice_0005.npy,1704,64791,31,738,0.49140048027038574,True
radiopaedia_14,6,/kaggle/working/scribble-uncertainty-lung-segmentation/data/pseudo_labels/weak_bg_entropy/radiopaedia_14_slice_0006.npy,/kaggle/working/scribble-uncertainty-lung-segmentation/data/pseudo_labels/weak_bg_confidence/radiopaedia_14_slice_0006.npy,/kaggle/working/scribble-uncertainty-lung-segmentation/outputs/uncertainty_maps/weak_bg_entropy/radiopaedia_14_slice_0006.npy,1986,64664,35,846,0.48728814721107483,True
radiopaedia_14,7,/kaggle/working/scribble-uncertainty-lung-segmentation/data/pseudo_labels/weak_bg_entropy/radiopaedia_14_slice_0007.npy,/kaggle/working/scribble-uncertainty-lung-segmentation/data/pseudo_labels/weak_bg_confidence/radiopaedia_14_slice_0007.npy,/kaggle/working/scribble-uncertainty-lung-segmentation/outputs/uncertainty_maps/weak_bg_entropy/radiopaedia_14_slice_0007.npy,2132,64494,36,887,0.4822789132595062,True
radiopaedia_14,8,/kaggle/working/scribble-uncertainty-lung-segmentation/data/pseudo_labels/weak_bg_entropy/radiopaedia_14_slice_0008.npy,/kaggle/working/scribble-uncertainty-lung-segmentation/data/pseudo_labels/weak_bg_confidence/radiopaedia_14_slice_0008.npy,/kaggle/working/scribble-uncertainty-lung-segmentation/outputs/uncertainty_maps/weak_bg_entropy/radiopaedia_14_slice_0008.npy,2360,64401,39,983,0.45169010758399963,True
radiopaedia_14,9,/kaggle/working/scribble-uncertainty-lung-segmentation/data/pseudo_labels/weak_bg_entropy/radiopaedia_14_slice_0009.npy,/kaggle/working/scribble-uncertainty-lung-segmentation/data/pseudo_labels/weak_bg_confidence/radiopaedia_14_slice_0009.npy,/kaggle/working/scribble-uncertainty-lung-segmentation/outputs/uncertainty_maps/weak_bg_entropy/radiopaedia_14_slice_0009.npy,2629,64275,37,1059,0.47342732548713684,True
radiopaedia_14,10,/kaggle/working/scribble-uncertainty-lung-segmentation/data/pseudo_labels/weak_bg_entropy/radiopaedia_14_slice_0010.npy,/kaggle/working/scribble-uncertainty-lung-segmentation/data/pseudo_labels/weak_bg_confidence/radiopaedia_14_slice_0010.npy,/kaggle/working/scribble-uncertainty-lung-segmentation/outputs/uncertainty_maps/weak_bg_entropy/radiopaedia_14_slice_0010.npy,2687,63972,36,939,0.4214009940624237,True
radiopaedia_14,11,/kaggle/working/scribble-uncertainty-lung-segmentation/data/pseudo_labels/weak_bg_entropy/radiopaedia_14_slice_0011.npy,/kaggle/working/scribble-uncertainty-lung-segmentation/data/pseudo_labels/weak_bg_confidence/radiopaedia_14_slice_0011.npy,/kaggle/working/scribble-uncertainty-lung-segmentation/outputs/uncertainty_maps/weak_bg_entropy/radiopaedia_14_slice_0011.npy,3149,64014,34,981,0.3888619840145111,True
radiopaedia_14,12,/kaggle/working/scribble-uncertainty-lung-segmentation/data/pseudo_labels/weak_bg_entropy/radiopaedia_14_slice_0012.npy,/kaggle/working/scribble-uncertainty-lung-segmentation/data/pseudo_labels/weak_bg_confidence/radiopaedia_14_slice_0012.npy,/kaggle/working/scribble-uncertainty-lung-segmentation/outputs/uncertainty_maps/weak_bg_entropy/radiopaedia_14_slice_0012.npy,3517,64014,44,1100,0.38076671957969666,True
radiopaedia_14,13,/kaggle/working/scribble-uncertainty-lung-segmentation/data/pseudo_labels/weak_bg_entropy/radiopaedia_14_slice_0013.npy,/kaggle/working/scribble-uncertainty-lung-segmentation/data/pseudo_labels/weak_bg_confidence/radiopaedia_14_slice_0013.npy,/kaggle/working/scribble-uncertainty-lung-segmentation/outputs/uncertainty_maps/weak_bg_entropy/radiopaedia_14_slice_0013.npy,4022,63977,33,937,0.3169994056224823,True
radiopaedia_14,14,/kaggle/working/scribble-uncertainty-lung-segmentation/data/pseudo_labels/weak_bg_entropy/radiopaedia_14_slice_0014.npy,/kaggle/working/scribble-uncertainty-lung-segmentation/data/pseudo_labels/weak_bg_confidence/radiopaedia_14_slice_0014.npy,/kaggle/working/scribble-uncertainty-lung-segmentation/outputs/uncertainty_maps/weak_bg_entropy/radiopaedia_14_slice_0014.npy,4405,63801,29,972,0.2968197762966156,True
radiopaedia_14,15,/kaggle/working/scribble-uncertainty-lung-segmentation/data/pseudo_labels/weak_bg_entropy/radiopaedia_14_slice_0015.npy,/kaggle/working/scribble-uncertainty-lung-segmentation/data/pseudo_labels/weak_bg_confidence/radiopaedia_14_slice_0015.npy,/kaggle/working/scribble-uncertainty-lung-segmentation/outputs/uncertainty_maps/weak_bg_entropy/radiopaedia_14_slice_0015.npy,4803,63665,48,1142,0.33069807291030884,True
radiopaedia_14,16,/kaggle/working/scribble-uncertainty-lung-segmentation/data/pseudo_labels/weak_bg_entropy/radiopaedia_14_slice_0016.npy,/kaggle/working/scribble-uncertainty-lung-segmentation/data/pseudo_labels/weak_bg_confidence/radiopaedia_14_slice_0016.npy,/kaggle/working/scribble-uncertainty-lung-segmentation/outputs/uncertainty_maps/weak_bg_entropy/radiopaedia_14_slice_0016.npy,6264,64124,59,1309,0.2905057370662689,True
radiopaedia_14,17,/kaggle/working/scribble-uncertainty-lung-segmentation/data/pseudo_labels/weak_bg_entropy/radiopaedia_14_slice_0017.npy,/kaggle/working/scribble-uncertainty-lung-segmentation/data/pseudo_labels/weak_bg_confidence/radiopaedia_14_slice_0017.npy,/kaggle/working/scribble-uncertainty-lung-segmentation/outputs/uncertainty_maps/weak_bg_entropy/radiopaedia_14_slice_0017.npy,6351,64203,74,1191,0.2665075659751892,True
radiopaedia_14,18,/kaggle/working/scribble-uncertainty-lung-segmentation/data/pseudo_labels/weak_bg_entropy/radiopaedia_14_slice_0018.npy,/kaggle/working/scribble-uncertainty-lung-segmentation/data/pseudo_labels/weak_bg_confidence/radiopaedia_14_slice_0018.npy,/kaggle/working/scribble-uncertainty-lung-segmentation/outputs/uncertainty_maps/weak_bg_entropy/radiopaedia_14_slice_0018.npy,6312,64193,64,1055,0.24433283507823944,True
radiopaedia_14,19,/kaggle/working/scribble-uncertainty-lung-segmentation/data/pseudo_labels/weak_bg_entropy/radiopaedia_14_slice_0019.npy,/kaggle/working/scribble-uncertainty-lung-segmentation/data/pseudo_labels/weak_bg_confidence/radiopaedia_14_slice_0019.npy,/kaggle/working/scribble-uncertainty-lung-segmentation/outputs/uncertainty_maps/weak_bg_entropy/radiopaedia_14_slice_0019.npy,6407,64149,67,1243,0.27581700682640076,True
radiopaedia_14,20,/kaggle/working/scribble-uncertainty-lung-segmentation/data/pseudo_labels/weak_bg_entropy/radiopaedia_14_slice_0020.npy,/kaggle/working/scribble-uncertainty-lung-segmentation/data/pseudo_labels/weak_bg_confidence/radiopaedia_14_slice_0020.npy,/kaggle/working/scribble-uncertainty-lung-segmentation/outputs/uncertainty_maps/weak_bg_entropy/radiopaedia_14_slice_0020.npy,6600,64084,52,1192,0.26283368468284607,True
radiopaedia_14,21,/kaggle/working/scribble-uncertainty-lung-segmentation/data/pseudo_labels/weak_bg_entropy/radiopaedia_14_slice_0021.npy,/kaggle/working/scribble-uncertainty-lung-segmentation/data/pseudo_labels/weak_bg_confidence/radiopaedia_14_slice_0021.npy,/kaggle/working/scribble-uncertainty-lung-segmentation/outputs/uncertainty_maps/weak_bg_entropy/radiopaedia_14_slice_0021.npy,6657,63997,69,1490,0.33018288016319275,True
radiopaedia_14,22,/kaggle/working/scribble-uncertainty-lung-segmentation/data/pseudo_labels/weak_bg_entropy/radiopaedia_14_slice_0022.npy,/kaggle/working/scribble-uncertainty-lung-segmentation/data/pseudo_labels/weak_bg_confidence/radiopaedia_14_slice_0022.npy,/kaggle/working/scribble-uncertainty-lung-segmentation/outputs/uncertainty_maps/weak_bg_entropy/radiopaedia_14_slice_0022.npy,6794,63924,67,1738,0.3612283170223236,True
radiopaedia_14,23,/kaggle/working/scribble-uncertainty-lung-segmentation/data/pseudo_labels/weak_bg_entropy/radiopaedia_14_slice_0023.npy,/kaggle/working/scribble-uncertainty-lung-segmentation/data/pseudo_labels/weak_bg_confidence/radiopaedia_14_slice_0023.npy,/kaggle/working/scribble-uncertainty-lung-segmentation/outputs/uncertainty_maps/weak_bg_entropy/radiopaedia_14_slice_0023.npy,6941,63897,81,1916,0.391328901052475,True
radiopaedia_14,24,/kaggle/working/scribble-uncertainty-lung-segmentation/data/pseudo_labels/weak_bg_entropy/radiopaedia_14_slice_0024.npy,/kaggle/working/scribble-uncertainty-lung-segmentation/data/pseudo_labels/weak_bg_confidence/radiopaedia_14_slice_0024.npy,/kaggle/working/scribble-uncertainty-lung-segmentation/outputs/uncertainty_maps/weak_bg_entropy/radiopaedia_14_slice_0024.npy,7330,63780,105,2480,0.4373088777065277,True
radiopaedia_14,25,/kaggle/working/scribble-uncertainty-lung-segmentation/data/pseudo_labels/weak_bg_entropy/radiopaedia_14_slice_0025.npy,/kaggle/working/scribble-uncertainty-lung-segmentation/data/pseudo_labels/weak_bg_confidence/radiopaedia_14_slice_0025.npy,/kaggle/working/scribble-uncertainty-lung-segmentation/outputs/uncertainty_maps/weak_bg_entropy/radiopaedia_14_slice_0025.npy,7576,63628,126,2931,0.49814409017562866,True
radiopaedia_14,26,/kaggle/working/scribble-uncertainty-lung-segmentation/data/pseudo_labels/weak_bg_entropy/radiopaedia_14_slice_0026.npy,/kaggle/working/scribble-uncertainty-lung-segmentation/data/pseudo_labels/weak_bg_confidence/radiopaedia_14_slice_0026.npy,/kaggle/working/scribble-uncertainty-lung-segmentation/outputs/uncertainty_maps/weak_bg_entropy/radiopaedia_14_slice_0026.npy,7628,63456,133,3404,0.5462291240692139,True
radiopaedia_14,27,/kaggle/working/scribble-uncertainty-lung-segmentation/data/pseudo_labels/weak_bg_entropy/radiopaedia_14_slice_0027.npy,/kaggle/working/scribble-uncertainty-lung-segmentation/data/pseudo_labels/weak_bg_confidence/radiopaedia_14_slice_0027.npy,/kaggle/working/scribble-uncertainty-lung-segmentation/outputs/uncertainty_maps/weak_bg_entropy/radiopaedia_14_slice_0027.npy,8006,63473,150,3600,0.554540753364563,True
radiopaedia_14,28,/kaggle/working/scribble-uncertainty-lung-segmentation/data/pseudo_labels/weak_bg_entropy/radiopaedia_14_slice_0028.npy,/kaggle/working/scribble-uncertainty-lung-segmentation/data/pseudo_labels/weak_bg_confidence/radiopaedia_14_slice_0028.npy,/kaggle/working/scribble-uncertainty-lung-segmentation/outputs/uncertainty_maps/weak_bg_entropy/radiopaedia_14_slice_0028.npy,7878,63100,156,3955,0.5550578832626343,True
radiopaedia_14,29,/kaggle/working/scribble-uncertainty-lung-segmentation/data/pseudo_labels/weak_bg_entropy/radiopaedia_14_slice_0029.npy,/kaggle/working/scribble-uncertainty-lung-segmentation/data/pseudo_labels/weak_bg_confidence/radiopaedia_14_slice_0029.npy,/kaggle/working/scribble-uncertainty-lung-segmentation/outputs/uncertainty_maps/weak_bg_entropy/radiopaedia_14_slice_0029.npy,8066,62991,176,4254,0.604383111000061,True
radiopaedia_14,30,/kaggle/working/scribble-uncertainty-lung-segmentation/data/pseudo_labels/weak_bg_entropy/radiopaedia_14_slice_0030.npy,/kaggle/working/scribble-uncertainty-lung-segmentation/data/pseudo_labels/weak_bg_confidence/radiopaedia_14_slice_0030.npy,/kaggle/working/scribble-uncertainty-lung-segmentation/outputs/uncertainty_maps/weak_bg_entropy/radiopaedia_14_slice_0030.npy,8762,63290,136,3914,0.5482802391052246,True
radiopaedia_14,31,/kaggle/working/scribble-uncertainty-lung-segmentation/data/pseudo_labels/weak_bg_entropy/radiopaedia_14_slice_0031.npy,/kaggle/working/scribble-uncertainty-lung-segmentation/data/pseudo_labels/weak_bg_confidence/radiopaedia_14_slice_0031.npy,/kaggle/working/scribble-uncertainty-lung-segmentation/outputs/uncertainty_maps/weak_bg_entropy/radiopaedia_14_slice_0031.npy,9066,63030,137,3695,0.5114019513130188,True
radiopaedia_14,32,/kaggle/working/scribble-uncertainty-lung-segmentation/data/pseudo_labels/weak_bg_entropy/radiopaedia_14_slice_0032.npy,/kaggle/working/scribble-uncertainty-lung-segmentation/data/pseudo_labels/weak_bg_confidence/radiopaedia_14_slice_0032.npy,/kaggle/working/scribble-uncertainty-lung-segmentation/outputs/uncertainty_maps/weak_bg_entropy/radiopaedia_14_slice_0032.npy,9680,62967,120,3075,0.4244610071182251,True
radiopaedia_14,33,/kaggle/working/scribble-uncertainty-lung-segmentation/data/pseudo_labels/weak_bg_entropy/radiopaedia_14_slice_0033.npy,/kaggle/working/scribble-uncertainty-lung-segmentation/data/pseudo_labels/weak_bg_confidence/radiopaedia_14_slice_0033.npy,/kaggle/working/scribble-uncertainty-lung-segmentation/outputs/uncertainty_maps/weak_bg_entropy/radiopaedia_14_slice_0033.npy,10638,63081,149,3964,0.4707574248313904,True
radiopaedia_14,34,/kaggle/working/scribble-uncertainty-lung-segmentation/data/pseudo_labels/weak_bg_entropy/radiopaedia_14_slice_0034.npy,/kaggle/working/scribble-uncertainty-lung-segmentation/data/pseudo_labels/weak_bg_confidence/radiopaedia_14_slice_0034.npy,/kaggle/working/scribble-uncertainty-lung-segmentation/outputs/uncertainty_maps/weak_bg_entropy/radiopaedia_14_slice_0034.npy,10054,61960,120,3281,0.4320959746837616,True
radiopaedia_14,35,/kaggle/working/scribble-uncertainty-lung-segmentation/data/pseudo_labels/weak_bg_entropy/radiopaedia_14_slice_0035.npy,/kaggle/working/scribble-uncertainty-lung-segmentation/data/pseudo_labels/weak_bg_confidence/radiopaedia_14_slice_0035.npy,/kaggle/working/scribble-uncertainty-lung-segmentation/outputs/uncertainty_maps/weak_bg_entropy/radiopaedia_14_slice_0035.npy,11743,62944,116,3319,0.3763112425804138,True
radiopaedia_14,36,/kaggle/working/scribble-uncertainty-lung-segmentation/data/pseudo_labels/weak_bg_entropy/radiopaedia_14_slice_0036.npy,/kaggle/working/scribble-uncertainty-lung-segmentation/data/pseudo_labels/weak_bg_confidence/radiopaedia_14_slice_0036.npy,/kaggle/working/scribble-uncertainty-lung-segmentation/outputs/uncertainty_maps/weak_bg_entropy/radiopaedia_14_slice_0036.npy,11985,63174,140,3698,0.41280367970466614,True
radiopaedia_14,37,/kaggle/working/scribble-uncertainty-lung-segmentation/data/pseudo_labels/weak_bg_entropy/radiopaedia_14_slice_0037.npy,/kaggle/working/scribble-uncertainty-lung-segmentation/data/pseudo_labels/weak_bg_confidence/radiopaedia_14_slice_0037.npy,/kaggle/working/scribble-uncertainty-lung-segmentation/outputs/uncertainty_maps/weak_bg_entropy/radiopaedia_14_slice_0037.npy,11832,62930,125,3909,0.43847277760505676,True
radiopaedia_14,38,/kaggle/working/scribble-uncertainty-lung-segmentation/data/pseudo_labels/weak_bg_entropy/radiopaedia_14_slice_0038.npy,/kaggle/working/scribble-uncertainty-lung-segmentation/data/pseudo_labels/weak_bg_confidence/radiopaedia_14_slice_0038.npy,/kaggle/working/scribble-uncertainty-lung-segmentation/outputs/uncertainty_maps/weak_bg_entropy/radiopaedia_14_slice_0038.npy,11942,62842,233,5367,0.566641628742218,True
radiopaedia_14,39,/kaggle/working/scribble-uncertainty-lung-segmentation/data/pseudo_labels/weak_bg_entropy/radiopaedia_14_slice_0039.npy,/kaggle/working/scribble-uncertainty-lung-segmentation/data/pseudo_labels/weak_bg_confidence/radiopaedia_14_slice_0039.npy,/kaggle/working/scribble-uncertainty-lung-segmentation/outputs/uncertainty_maps/weak_bg_entropy/radiopaedia_14_slice_0039.npy,12035,62884,261,5737,0.5902543067932129,True
radiopaedia_14,40,/kaggle/working/scribble-uncertainty-lung-segmentation/data/pseudo_labels/weak_bg_entropy/radiopaedia_14_slice_0040.npy,/kaggle/working/scribble-uncertainty-lung-segmentation/data/pseudo_labels/weak_bg_confidence/radiopaedia_14_slice_0040.npy,/kaggle/working/scribble-uncertainty-lung-segmentation/outputs/uncertainty_maps/weak_bg_entropy/radiopaedia_14_slice_0040.npy,11807,62593,229,5486,0.5691320300102234,True
radiopaedia_14,41,/kaggle/working/scribble-uncertainty-lung-segmentation/data/pseudo_labels/weak_bg_entropy/radiopaedia_14_slice_0041.npy,/kaggle/working/scribble-uncertainty-lung-segmentation/data/pseudo_labels/weak_bg_confidence/radiopaedia_14_slice_0041.npy,/kaggle/working/scribble-uncertainty-lung-segmentation/outputs/uncertainty_maps/weak_bg_entropy/radiopaedia_14_slice_0041.npy,12203,63038,238,5767,0.5782971382141113,True
radiopaedia_14,42,/kaggle/working/scribble-uncertainty-lung-segmentation/data/pseudo_labels/weak_bg_entropy/radiopaedia_14_slice_0042.npy,/kaggle/working/scribble-uncertainty-lung-segmentation/data/pseudo_labels/weak_bg_confidence/radiopaedia_14_slice_0042.npy,/kaggle/working/scribble-uncertainty-lung-segmentation/outputs/uncertainty_maps/weak_bg_entropy/radiopaedia_14_slice_0042.npy,11524,62300,250,6013,0.6191480755805969,True
radiopaedia_14,43,/kaggle/working/scribble-uncertainty-lung-segmentation/data/pseudo_labels/weak_bg_entropy/radiopaedia_14_slice_0043.npy,/kaggle/working/scribble-uncertainty-lung-segmentation/data/pseudo_labels/weak_bg_confidence/radiopaedia_14_slice_0043.npy,/kaggle/working/scribble-uncertainty-lung-segmentation/outputs/uncertainty_maps/weak_bg_entropy/radiopaedia_14_slice_0043.npy,11015,62347,178,6537,0.6524612307548523,True
radiopaedia_14,44,/kaggle/working/scribble-uncertainty-lung-segmentation/data/pseudo_labels/weak_bg_entropy/radiopaedia_14_slice_0044.npy,/kaggle/working/scribble-uncertainty-lung-segmentation/data/pseudo_labels/weak_bg_confidence/radiopaedia_14_slice_0044.npy,/kaggle/working/scribble-uncertainty-lung-segmentation/outputs/uncertainty_maps/weak_bg_entropy/radiopaedia_14_slice_0044.npy,11196,62411,204,6204,0.6212643384933472,True
radiopaedia_14,45,/kaggle/working/scribble-uncertainty-lung-segmentation/data/pseudo_labels/weak_bg_entropy/radiopaedia_14_slice_0045.npy,/kaggle/working/scribble-uncertainty-lung-segmentation/data/pseudo_labels/weak_bg_confidence/radiopaedia_14_slice_0045.npy,/kaggle/working/scribble-uncertainty-lung-segmentation/outputs/uncertainty_maps/weak_bg_entropy/radiopaedia_14_slice_0045.npy,10956,62104,198,6154,0.6232612729072571,True
radiopaedia_14,46,/kaggle/working/scribble-uncertainty-lung-segmentation/data/pseudo_labels/weak_bg_entropy/radiopaedia_14_slice_0046.npy,/kaggle/working/scribble-uncertainty-lung-segmentation/data/pseudo_labels/weak_bg_confidence/radiopaedia_14_slice_0046.npy,/kaggle/working/scribble-uncertainty-lung-segmentation/outputs/uncertainty_maps/weak_bg_entropy/radiopaedia_14_slice_0046.npy,10758,61900,201,5521,0.588365375995636,True
radiopaedia_14,47,/kaggle/working/scribble-uncertainty-lung-segmentation/data/pseudo_labels/weak_bg_entropy/radiopaedia_14_slice_0047.npy,/kaggle/working/scribble-uncertainty-lung-segmentation/data/pseudo_labels/weak_bg_confidence/radiopaedia_14_slice_0047.npy,/kaggle/working/scribble-uncertainty-lung-segmentation/outputs/uncertainty_maps/weak_bg_entropy/radiopaedia_14_slice_0047.npy,11330,62393,225,5723,0.5801911950111389,True
radiopaedia_14,48,/kaggle/working/scribble-uncertainty-lung-segmentation/data/pseudo_labels/weak_bg_entropy/radiopaedia_14_slice_0048.npy,/kaggle/working/scribble-uncertainty-lung-segmentation/data/pseudo_labels/weak_bg_confidence/radiopaedia_14_slice_0048.npy,/kaggle/working/scribble-uncertainty-lung-segmentation/outputs/uncertainty_maps/weak_bg_entropy/radiopaedia_14_slice_0048.npy,10687,61502,237,5840,0.6126943826675415,True
radiopaedia_14,49,/kaggle/working/scribble-uncertainty-lung-segmentation/data/pseudo_labels/weak_bg_entropy/radiopaedia_14_slice_0049.npy,/kaggle/working/scribble-uncertainty-lung-segmentation/data/pseudo_labels/weak_bg_confidence/radiopaedia_14_slice_0049.npy,/kaggle/working/scribble-uncertainty-lung-segmentation/outputs/uncertainty_maps/weak_bg_entropy/radiopaedia_14_slice_0049.npy,10999,61683,216,5041,0.5307980179786682,True
radiopaedia_14,50,/kaggle/working/scribble-uncertainty-lung-segmentation/data/pseudo_labels/weak_bg_entropy/radiopaedia_14_slice_0050.npy,/kaggle/working/scribble-uncertainty-lung-segmentation/data/pseudo_labels/weak_bg_confidence/radiopaedia_14_slice_0050.npy,/kaggle/working/scribble-uncertainty-lung-segmentation/outputs/uncertainty_maps/weak_bg_entropy/radiopaedia_14_slice_0050.npy,11779,62477,235,4866,0.5040552616119385,True
radiopaedia_14,51,/kaggle/working/scribble-uncertainty-lung-segmentation/data/pseudo_labels/weak_bg_entropy/radiopaedia_14_slice_0051.npy,/kaggle/working/scribble-uncertainty-lung-segmentation/data/pseudo_labels/weak_bg_confidence/radiopaedia_14_slice_0051.npy,/kaggle/working/scribble-uncertainty-lung-segmentation/outputs/uncertainty_maps/weak_bg_entropy/radiopaedia_14_slice_0051.npy,11723,62234,204,4375,0.45620572566986084,True
radiopaedia_14,52,/kaggle/working/scribble-uncertainty-lung-segmentation/data/pseudo_labels/weak_bg_entropy/radiopaedia_14_slice_0052.npy,/kaggle/working/scribble-uncertainty-lung-segmentation/data/pseudo_labels/weak_bg_confidence/radiopaedia_14_slice_0052.npy,/kaggle/working/scribble-uncertainty-lung-segmentation/outputs/uncertainty_maps/weak_bg_entropy/radiopaedia_14_slice_0052.npy,11605,61996,201,4252,0.4416976869106293,True
radiopaedia_14,53,/kaggle/working/scribble-uncertainty-lung-segmentation/data/pseudo_labels/weak_bg_entropy/radiopaedia_14_slice_0053.npy,/kaggle/working/scribble-uncertainty-lung-segmentation/data/pseudo_labels/weak_bg_confidence/radiopaedia_14_slice_0053.npy,/kaggle/working/scribble-uncertainty-lung-segmentation/outputs/uncertainty_maps/weak_bg_entropy/radiopaedia_14_slice_0053.npy,12070,62482,175,4049,0.42384764552116394,True
radiopaedia_14,54,/kaggle/working/scribble-uncertainty-lung-segmentation/data/pseudo_labels/weak_bg_entropy/radiopaedia_14_slice_0054.npy,/kaggle/working/scribble-uncertainty-lung-segmentation/data/pseudo_labels/weak_bg_confidence/radiopaedia_14_slice_0054.npy,/kaggle/working/scribble-uncertainty-lung-segmentation/outputs/uncertainty_maps/weak_bg_entropy/radiopaedia_14_slice_0054.npy,11747,62046,221,4492,0.45901840925216675,True
radiopaedia_14,55,/kaggle/working/scribble-uncertainty-lung-segmentation/data/pseudo_labels/weak_bg_entropy/radiopaedia_14_slice_0055.npy,/kaggle/working/scribble-uncertainty-lung-segmentation/data/pseudo_labels/weak_bg_confidence/radiopaedia_14_slice_0055.npy,/kaggle/working/scribble-uncertainty-lung-segmentation/outputs/uncertainty_maps/weak_bg_entropy/radiopaedia_14_slice_0055.npy,11783,62017,202,4119,0.4442208409309387,True
radiopaedia_14,56,/kaggle/working/scribble-uncertainty-lung-segmentation/data/pseudo_labels/weak_bg_entropy/radiopaedia_14_slice_0056.npy,/kaggle/working/scribble-uncertainty-lung-segmentation/data/pseudo_labels/weak_bg_confidence/radiopaedia_14_slice_0056.npy,/kaggle/working/scribble-uncertainty-lung-segmentation/outputs/uncertainty_maps/weak_bg_entropy/radiopaedia_14_slice_0056.npy,11544,61934,216,4213,0.43942373991012573,True
radiopaedia_14,57,/kaggle/working/scribble-uncertainty-lung-segmentation/data/pseudo_labels/weak_bg_entropy/radiopaedia_14_slice_0057.npy,/kaggle/working/scribble-uncertainty-lung-segmentation/data/pseudo_labels/weak_bg_confidence/radiopaedia_14_slice_0057.npy,/kaggle/working/scribble-uncertainty-lung-segmentation/outputs/uncertainty_maps/weak_bg_entropy/radiopaedia_14_slice_0057.npy,11927,62152,239,4311,0.45104077458381653,True
radiopaedia_14,58,/kaggle/working/scribble-uncertainty-lung-segmentation/data/pseudo_labels/weak_bg_entropy/radiopaedia_14_slice_0058.npy,/kaggle/working/scribble-uncertainty-lung-segmentation/data/pseudo_labels/weak_bg_confidence/radiopaedia_14_slice_0058.npy,/kaggle/working/scribble-uncertainty-lung-segmentation/outputs/uncertainty_maps/weak_bg_entropy/radiopaedia_14_slice_0058.npy,11848,62095,274,5781,0.5764365792274475,True
radiopaedia_14,59,/kaggle/working/scribble-uncertainty-lung-segmentation/data/pseudo_labels/weak_bg_entropy/radiopaedia_14_slice_0059.npy,/kaggle/working/scribble-uncertainty-lung-segmentation/data/pseudo_labels/weak_bg_confidence/radiopaedia_14_slice_0059.npy,/kaggle/working/scribble-uncertainty-lung-segmentation/outputs/uncertainty_maps/weak_bg_entropy/radiopaedia_14_slice_0059.npy,11863,62109,295,5513,0.5552486181259155,True
radiopaedia_14,60,/kaggle/working/scribble-uncertainty-lung-segmentation/data/pseudo_labels/weak_bg_entropy/radiopaedia_14_slice_0060.npy,/kaggle/working/scribble-uncertainty-lung-segmentation/data/pseudo_labels/weak_bg_confidence/radiopaedia_14_slice_0060.npy,/kaggle/working/scribble-uncertainty-lung-segmentation/outputs/uncertainty_maps/weak_bg_entropy/radiopaedia_14_slice_0060.npy,11780,61876,301,5932,0.5747515559196472,True
radiopaedia_14,61,/kaggle/working/scribble-uncertainty-lung-segmentation/data/pseudo_labels/weak_bg_entropy/radiopaedia_14_slice_0061.npy,/kaggle/working/scribble-uncertainty-lung-segmentation/data/pseudo_labels/weak_bg_confidence/radiopaedia_14_slice_0061.npy,/kaggle/working/scribble-uncertainty-lung-segmentation/outputs/uncertainty_maps/weak_bg_entropy/radiopaedia_14_slice_0061.npy,11920,61998,284,5919,0.5880374312400818,True
radiopaedia_14,62,/kaggle/working/scribble-uncertainty-lung-segmentation/data/pseudo_labels/weak_bg_entropy/radiopaedia_14_slice_0062.npy,/kaggle/working/scribble-uncertainty-lung-segmentation/data/pseudo_labels/weak_bg_confidence/radiopaedia_14_slice_0062.npy,/kaggle/working/scribble-uncertainty-lung-segmentation/outputs/uncertainty_maps/weak_bg_entropy/radiopaedia_14_slice_0062.npy,11544,61584,260,6357,0.6214178204536438,True
radiopaedia_14,63,/kaggle/working/scribble-uncertainty-lung-segmentation/data/pseudo_labels/weak_bg_entropy/radiopaedia_14_slice_0063.npy,/kaggle/working/scribble-uncertainty-lung-segmentation/data/pseudo_labels/weak_bg_confidence/radiopaedia_14_slice_0063.npy,/kaggle/working/scribble-uncertainty-lung-segmentation/outputs/uncertainty_maps/weak_bg_entropy/radiopaedia_14_slice_0063.npy,11293,61520,228,5806,0.593718945980072,True
radiopaedia_14,64,/kaggle/working/scribble-uncertainty-lung-segmentation/data/pseudo_labels/weak_bg_entropy/radiopaedia_14_slice_0064.npy,/kaggle/working/scribble-uncertainty-lung-segmentation/data/pseudo_labels/weak_bg_confidence/radiopaedia_14_slice_0064.npy,/kaggle/working/scribble-uncertainty-lung-segmentation/outputs/uncertainty_maps/weak_bg_entropy/radiopaedia_14_slice_0064.npy,11822,61957,217,5796,0.5800885558128357,True
radiopaedia_14,65,/kaggle/working/scribble-uncertainty-lung-segmentation/data/pseudo_labels/weak_bg_entropy/radiopaedia_14_slice_0065.npy,/kaggle/working/scribble-uncertainty-lung-segmentation/data/pseudo_labels/weak_bg_confidence/radiopaedia_14_slice_0065.npy,/kaggle/working/scribble-uncertainty-lung-segmentation/outputs/uncertainty_maps/weak_bg_entropy/radiopaedia_14_slice_0065.npy,11214,61548,184,4223,0.4828658401966095,True
radiopaedia_14,66,/kaggle/working/scribble-uncertainty-lung-segmentation/data/pseudo_labels/weak_bg_entropy/radiopaedia_14_slice_0066.npy,/kaggle/working/scribble-uncertainty-lung-segmentation/data/pseudo_labels/weak_bg_confidence/radiopaedia_14_slice_0066.npy,/kaggle/working/scribble-uncertainty-lung-segmentation/outputs/uncertainty_maps/weak_bg_entropy/radiopaedia_14_slice_0066.npy,10759,61131,190,3778,0.44369539618492126,True
radiopaedia_14,67,/kaggle/working/scribble-uncertainty-lung-segmentation/data/pseudo_labels/weak_bg_entropy/radiopaedia_14_slice_0067.npy,/kaggle/working/scribble-uncertainty-lung-segmentation/data/pseudo_labels/weak_bg_confidence/radiopaedia_14_slice_0067.npy,/kaggle/working/scribble-uncertainty-lung-segmentation/outputs/uncertainty_maps/weak_bg_entropy/radiopaedia_14_slice_0067.npy,10714,61168,166,3775,0.4520670771598816,True
radiopaedia_14,68,/kaggle/working/scribble-uncertainty-lung-segmentation/data/pseudo_labels/weak_bg_entropy/radiopaedia_14_slice_0068.npy,/kaggle/working/scribble-uncertainty-lung-segmentation/data/pseudo_labels/weak_bg_confidence/radiopaedia_14_slice_0068.npy,/kaggle/working/scribble-uncertainty-lung-segmentation/outputs/uncertainty_maps/weak_bg_entropy/radiopaedia_14_slice_0068.npy,11265,61744,163,3767,0.4268227815628052,True
radiopaedia_14,69,/kaggle/working/scribble-uncertainty-lung-segmentation/data/pseudo_labels/weak_bg_entropy/radiopaedia_14_slice_0069.npy,/kaggle/working/scribble-uncertainty-lung-segmentation/data/pseudo_labels/weak_bg_confidence/radiopaedia_14_slice_0069.npy,/kaggle/working/scribble-uncertainty-lung-segmentation/outputs/uncertainty_maps/weak_bg_entropy/radiopaedia_14_slice_0069.npy,10689,61158,169,4110,0.4754375219345093,True
radiopaedia_14,70,/kaggle/working/scribble-uncertainty-lung-segmentation/data/pseudo_labels/weak_bg_entropy/radiopaedia_14_slice_0070.npy,/kaggle/working/scribble-uncertainty-lung-segmentation/data/pseudo_labels/weak_bg_confidence/radiopaedia_14_slice_0070.npy,/kaggle/working/scribble-uncertainty-lung-segmentation/outputs/uncertainty_maps/weak_bg_entropy/radiopaedia_14_slice_0070.npy,10747,61111,177,4076,0.4765566885471344,True
radiopaedia_14,71,/kaggle/working/scribble-uncertainty-lung-segmentation/data/pseudo_labels/weak_bg_entropy/radiopaedia_14_slice_0071.npy,/kaggle/working/scribble-uncertainty-lung-segmentation/data/pseudo_labels/weak_bg_confidence/radiopaedia_14_slice_0071.npy,/kaggle/working/scribble-uncertainty-lung-segmentation/outputs/uncertainty_maps/weak_bg_entropy/radiopaedia_14_slice_0071.npy,10602,61034,188,4569,0.5254762172698975,True
radiopaedia_14,72,/kaggle/working/scribble-uncertainty-lung-segmentation/data/pseudo_labels/weak_bg_entropy/radiopaedia_14_slice_0072.npy,/kaggle/working/scribble-uncertainty-lung-segmentation/data/pseudo_labels/weak_bg_confidence/radiopaedia_14_slice_0072.npy,/kaggle/working/scribble-uncertainty-lung-segmentation/outputs/uncertainty_maps/weak_bg_entropy/radiopaedia_14_slice_0072.npy,10748,61216,151,3349,0.399233877658844,True
radiopaedia_14,73,/kaggle/working/scribble-uncertainty-lung-segmentation/data/pseudo_labels/weak_bg_entropy/radiopaedia_14_slice_0073.npy,/kaggle/working/scribble-uncertainty-lung-segmentation/data/pseudo_labels/weak_bg_confidence/radiopaedia_14_slice_0073.npy,/kaggle/working/scribble-uncertainty-lung-segmentation/outputs/uncertainty_maps/weak_bg_entropy/radiopaedia_14_slice_0073.npy,11259,61944,175,3536,0.4124366343021393,True
radiopaedia_14,74,/kaggle/working/scribble-uncertainty-lung-segmentation/data/pseudo_labels/weak_bg_entropy/radiopaedia_14_slice_0074.npy,/kaggle/working/scribble-uncertainty-lung-segmentation/data/pseudo_labels/weak_bg_confidence/radiopaedia_14_slice_0074.npy,/kaggle/working/scribble-uncertainty-lung-segmentation/outputs/uncertainty_maps/weak_bg_entropy/radiopaedia_14_slice_0074.npy,11299,62012,141,3266,0.39382079243659973,True
radiopaedia_14,75,/kaggle/working/scribble-uncertainty-lung-segmentation/data/pseudo_labels/weak_bg_entropy/radiopaedia_14_slice_0075.npy,/kaggle/working/scribble-uncertainty-lung-segmentation/data/pseudo_labels/weak_bg_confidence/radiopaedia_14_slice_0075.npy,/kaggle/working/scribble-uncertainty-lung-segmentation/outputs/uncertainty_maps/weak_bg_entropy/radiopaedia_14_slice_0075.npy,11075,61933,130,2636,0.3347676992416382,True
radiopaedia_14,76,/kaggle/working/scribble-uncertainty-lung-segmentation/data/pseudo_labels/weak_bg_entropy/radiopaedia_14_slice_0076.npy,/kaggle/working/scribble-uncertainty-lung-segmentation/data/pseudo_labels/weak_bg_confidence/radiopaedia_14_slice_0076.npy,/kaggle/working/scribble-uncertainty-lung-segmentation/outputs/uncertainty_maps/weak_bg_entropy/radiopaedia_14_slice_0076.npy,11048,62117,116,3101,0.3816524147987366,True
radiopaedia_14,77,/kaggle/working/scribble-uncertainty-lung-segmentation/data/pseudo_labels/weak_bg_entropy/radiopaedia_14_slice_0077.npy,/kaggle/working/scribble-uncertainty-lung-segmentation/data/pseudo_labels/weak_bg_confidence/radiopaedia_14_slice_0077.npy,/kaggle/working/scribble-uncertainty-lung-segmentation/outputs/uncertainty_maps/weak_bg_entropy/radiopaedia_14_slice_0077.npy,11099,62406,109,2248,0.2785644829273224,True
radiopaedia_14,78,/kaggle/working/scribble-uncertainty-lung-segmentation/data/pseudo_labels/weak_bg_entropy/radiopaedia_14_slice_0078.npy,/kaggle/working/scribble-uncertainty-lung-segmentation/data/pseudo_labels/weak_bg_confidence/radiopaedia_14_slice_0078.npy,/kaggle/working/scribble-uncertainty-lung-segmentation/outputs/uncertainty_maps/weak_bg_entropy/radiopaedia_14_slice_0078.npy,11541,63077,134,2808,0.34232351183891296,True
radiopaedia_14,79,/kaggle/working/scribble-uncertainty-lung-segmentation/data/pseudo_labels/weak_bg_entropy/radiopaedia_14_slice_0079.npy,/kaggle/working/scribble-uncertainty-lung-segmentation/data/pseudo_labels/weak_bg_confidence/radiopaedia_14_slice_0079.npy,/kaggle/working/scribble-uncertainty-lung-segmentation/outputs/uncertainty_maps/weak_bg_entropy/radiopaedia_14_slice_0079.npy,11289,63077,108,2698,0.3315936326980591,True
radiopaedia_14,80,/kaggle/working/scribble-uncertainty-lung-segmentation/data/pseudo_labels/weak_bg_entropy/radiopaedia_14_slice_0080.npy,/kaggle/working/scribble-uncertainty-lung-segmentation/data/pseudo_labels/weak_bg_confidence/radiopaedia_14_slice_0080.npy,/kaggle/working/scribble-uncertainty-lung-segmentation/outputs/uncertainty_maps/weak_bg_entropy/radiopaedia_14_slice_0080.npy,11442,63582,125,2411,0.30231720209121704,True
radiopaedia_14,81,/kaggle/working/scribble-uncertainty-lung-segmentation/data/pseudo_labels/weak_bg_entropy/radiopaedia_14_slice_0081.npy,/kaggle/working/scribble-uncertainty-lung-segmentation/data/pseudo_labels/weak_bg_confidence/radiopaedia_14_slice_0081.npy,/kaggle/working/scribble-uncertainty-lung-segmentation/outputs/uncertainty_maps/weak_bg_entropy/radiopaedia_14_slice_0081.npy,11083,63537,102,2674,0.3487679064273834,True
radiopaedia_14,82,/kaggle/working/scribble-uncertainty-lung-segmentation/data/pseudo_labels/weak_bg_entropy/radiopaedia_14_slice_0082.npy,/kaggle/working/scribble-uncertainty-lung-segmentation/data/pseudo_labels/weak_bg_confidence/radiopaedia_14_slice_0082.npy,/kaggle/working/scribble-uncertainty-lung-segmentation/outputs/uncertainty_maps/weak_bg_entropy/radiopaedia_14_slice_0082.npy,10758,63603,97,2005,0.28253546357154846,True
radiopaedia_14,83,/kaggle/working/scribble-uncertainty-lung-segmentation/data/pseudo_labels/weak_bg_entropy/radiopaedia_14_slice_0083.npy,/kaggle/working/scribble-uncertainty-lung-segmentation/data/pseudo_labels/weak_bg_confidence/radiopaedia_14_slice_0083.npy,/kaggle/working/scribble-uncertainty-lung-segmentation/outputs/uncertainty_maps/weak_bg_entropy/radiopaedia_14_slice_0083.npy,10243,63505,98,2038,0.29997557401657104,True
radiopaedia_14,84,/kaggle/working/scribble-uncertainty-lung-segmentation/data/pseudo_labels/weak_bg_entropy/radiopaedia_14_slice_0084.npy,/kaggle/working/scribble-uncertainty-lung-segmentation/data/pseudo_labels/weak_bg_confidence/radiopaedia_14_slice_0084.npy,/kaggle/working/scribble-uncertainty-lung-segmentation/outputs/uncertainty_maps/weak_bg_entropy/radiopaedia_14_slice_0084.npy,10357,63969,85,1782,0.2817365527153015,True
radiopaedia_14,85,/kaggle/working/scribble-uncertainty-lung-segmentation/data/pseudo_labels/weak_bg_entropy/radiopaedia_14_slice_0085.npy,/kaggle/working/scribble-uncertainty-lung-segmentation/data/pseudo_labels/weak_bg_confidence/radiopaedia_14_slice_0085.npy,/kaggle/working/scribble-uncertainty-lung-segmentation/outputs/uncertainty_maps/weak_bg_entropy/radiopaedia_14_slice_0085.npy,10086,64199,85,1473,0.24050523340702057,True
radiopaedia_14,86,/kaggle/working/scribble-uncertainty-lung-segmentation/data/pseudo_labels/weak_bg_entropy/radiopaedia_14_slice_0086.npy,/kaggle/working/scribble-uncertainty-lung-segmentation/data/pseudo_labels/weak_bg_confidence/radiopaedia_14_slice_0086.npy,/kaggle/working/scribble-uncertainty-lung-segmentation/outputs/uncertainty_maps/weak_bg_entropy/radiopaedia_14_slice_0086.npy,9670,64262,56,1057,0.19408968091011047,True
radiopaedia_14,87,/kaggle/working/scribble-uncertainty-lung-segmentation/data/pseudo_labels/weak_bg_entropy/radiopaedia_14_slice_0087.npy,/kaggle/working/scribble-uncertainty-lung-segmentation/data/pseudo_labels/weak_bg_confidence/radiopaedia_14_slice_0087.npy,/kaggle/working/scribble-uncertainty-lung-segmentation/outputs/uncertainty_maps/weak_bg_entropy/radiopaedia_14_slice_0087.npy,9073,64217,47,1211,0.21217425167560577,True
radiopaedia_14,88,/kaggle/working/scribble-uncertainty-lung-segmentation/data/pseudo_labels/weak_bg_entropy/radiopaedia_14_slice_0088.npy,/kaggle/working/scribble-uncertainty-lung-segmentation/data/pseudo_labels/weak_bg_confidence/radiopaedia_14_slice_0088.npy,/kaggle/working/scribble-uncertainty-lung-segmentation/outputs/uncertainty_maps/weak_bg_entropy/radiopaedia_14_slice_0088.npy,8713,64227,53,1054,0.17610320448875427,True
radiopaedia_14,89,/kaggle/working/scribble-uncertainty-lung-segmentation/data/pseudo_labels/weak_bg_entropy/radiopaedia_14_slice_0089.npy,/kaggle/working/scribble-uncertainty-lung-segmentation/data/pseudo_labels/weak_bg_confidence/radiopaedia_14_slice_0089.npy,/kaggle/working/scribble-uncertainty-lung-segmentation/outputs/uncertainty_maps/weak_bg_entropy/radiopaedia_14_slice_0089.npy,8304,64265,58,860,0.14949803054332733,True
radiopaedia_14,90,/kaggle/working/scribble-uncertainty-lung-segmentation/data/pseudo_labels/weak_bg_entropy/radiopaedia_14_slice_0090.npy,/kaggle/working/scribble-uncertainty-lung-segmentation/data/pseudo_labels/weak_bg_confidence/radiopaedia_14_slice_0090.npy,/kaggle/working/scribble-uncertainty-lung-segmentation/outputs/uncertainty_maps/weak_bg_entropy/radiopaedia_14_slice_0090.npy,7970,64391,41,718,0.13351748883724213,True
radiopaedia_14,91,/kaggle/working/scribble-uncertainty-lung-segmentation/data/pseudo_labels/weak_bg_entropy/radiopaedia_14_slice_0091.npy,/kaggle/working/scribble-uncertainty-lung-segmentation/data/pseudo_labels/weak_bg_confidence/radiopaedia_14_slice_0091.npy,/kaggle/working/scribble-uncertainty-lung-segmentation/outputs/uncertainty_maps/weak_bg_entropy/radiopaedia_14_slice_0091.npy,7358,63989,44,825,0.1573994904756546,True
radiopaedia_14,92,/kaggle/working/scribble-uncertainty-lung-segmentation/data/pseudo_labels/weak_bg_entropy/radiopaedia_14_slice_0092.npy,/kaggle/working/scribble-uncertainty-lung-segmentation/data/pseudo_labels/weak_bg_confidence/radiopaedia_14_slice_0092.npy,/kaggle/working/scribble-uncertainty-lung-segmentation/outputs/uncertainty_maps/weak_bg_entropy/radiopaedia_14_slice_0092.npy,6917,64030,49,818,0.17737556993961334,True
radiopaedia_14,93,/kaggle/working/scribble-uncertainty-lung-segmentation/data/pseudo_labels/weak_bg_entropy/radiopaedia_14_slice_0093.npy,/kaggle/working/scribble-uncertainty-lung-segmentation/data/pseudo_labels/weak_bg_confidence/radiopaedia_14_slice_0093.npy,/kaggle/working/scribble-uncertainty-lung-segmentation/outputs/uncertainty_maps/weak_bg_entropy/radiopaedia_14_slice_0093.npy,6832,64425,46,835,0.18807877600193024,True
radiopaedia_14,94,/kaggle/working/scribble-uncertainty-lung-segmentation/data/pseudo_labels/weak_bg_entropy/radiopaedia_14_slice_0094.npy,/kaggle/working/scribble-uncertainty-lung-segmentation/data/pseudo_labels/weak_bg_confidence/radiopaedia_14_slice_0094.npy,/kaggle/working/scribble-uncertainty-lung-segmentation/outputs/uncertainty_maps/weak_bg_entropy/radiopaedia_14_slice_0094.npy,6284,64384,19,567,0.1538461595773697,True
radiopaedia_14,95,/kaggle/working/scribble-uncertainty-lung-segmentation/data/pseudo_labels/weak_bg_entropy/radiopaedia_14_slice_0095.npy,/kaggle/working/scribble-uncertainty-lung-segmentation/data/pseudo_labels/weak_bg_confidence/radiopaedia_14_slice_0095.npy,/kaggle/working/scribble-uncertainty-lung-segmentation/outputs/uncertainty_maps/weak_bg_entropy/radiopaedia_14_slice_0095.npy,5841,64519,16,447,0.11768447607755661,True
radiopaedia_14,96,/kaggle/working/scribble-uncertainty-lung-segmentation/data/pseudo_labels/weak_bg_entropy/radiopaedia_14_slice_0096.npy,/kaggle/working/scribble-uncertainty-lung-segmentation/data/pseudo_labels/weak_bg_confidence/radiopaedia_14_slice_0096.npy,/kaggle/working/scribble-uncertainty-lung-segmentation/outputs/uncertainty_maps/weak_bg_entropy/radiopaedia_14_slice_0096.npy,5359,64667,20,370,0.10857043415307999,True
radiopaedia_14,97,/kaggle/working/scribble-uncertainty-lung-segmentation/data/pseudo_labels/weak_bg_entropy/radiopaedia_14_slice_0097.npy,/kaggle/working/scribble-uncertainty-lung-segmentation/data/pseudo_labels/weak_bg_confidence/radiopaedia_14_slice_0097.npy,/kaggle/working/scribble-uncertainty-lung-segmentation/outputs/uncertainty_maps/weak_bg_entropy/radiopaedia_14_slice_0097.npy,4657,64549,24,395,0.13103722035884857,True
radiopaedia_14,98,/kaggle/working/scribble-uncertainty-lung-segmentation/data/pseudo_labels/weak_bg_entropy/radiopaedia_14_slice_0098.npy,/kaggle/working/scribble-uncertainty-lung-segmentation/data/pseudo_labels/weak_bg_confidence/radiopaedia_14_slice_0098.npy,/kaggle/working/scribble-uncertainty-lung-segmentation/outputs/uncertainty_maps/weak_bg_entropy/radiopaedia_14_slice_0098.npy,4070,64482,18,305,0.1151999980211258,True
radiopaedia_14,99,/kaggle/working/scribble-uncertainty-lung-segmentation/data/pseudo_labels/weak_bg_entropy/radiopaedia_14_slice_0099.npy,/kaggle/working/scribble-uncertainty-lung-segmentation/data/pseudo_labels/weak_bg_confidence/radiopaedia_14_slice_0099.npy,/kaggle/working/scribble-uncertainty-lung-segmentation/outputs/uncertainty_maps/weak_bg_entropy/radiopaedia_14_slice_0099.npy,3623,64547,19,220,0.07858444005250931,True
radiopaedia_14,100,/kaggle/working/scribble-uncertainty-lung-segmentation/data/pseudo_labels/weak_bg_entropy/radiopaedia_14_slice_0100.npy,/kaggle/working/scribble-uncertainty-lung-segmentation/data/pseudo_labels/weak_bg_confidence/radiopaedia_14_slice_0100.npy,/kaggle/working/scribble-uncertainty-lung-segmentation/outputs/uncertainty_maps/weak_bg_entropy/radiopaedia_14_slice_0100.npy,3072,64537,12,127,0.05064082518219948,True
radiopaedia_14,101,/kaggle/working/scribble-uncertainty-lung-segmentation/data/pseudo_labels/weak_bg_entropy/radiopaedia_14_slice_0101.npy,/kaggle/working/scribble-uncertainty-lung-segmentation/data/pseudo_labels/weak_bg_confidence/radiopaedia_14_slice_0101.npy,/kaggle/working/scribble-uncertainty-lung-segmentation/outputs/uncertainty_maps/weak_bg_entropy/radiopaedia_14_slice_0101.npy,2773,64703,4,48,0.022686989977955818,True
radiopaedia_14,102,/kaggle/working/scribble-uncertainty-lung-segmentation/data/pseudo_labels/weak_bg_entropy/radiopaedia_14_slice_0102.npy,/kaggle/working/scribble-uncertainty-lung-segmentation/data/pseudo_labels/weak_bg_confidence/radiopaedia_14_slice_0102.npy,/kaggle/working/scribble-uncertainty-lung-segmentation/outputs/uncertainty_maps/weak_bg_entropy/radiopaedia_14_slice_0102.npy,2398,64817,4,53,0.028559772297739983,True
radiopaedia_14,103,/kaggle/working/scribble-uncertainty-lung-segmentation/data/pseudo_labels/weak_bg_entropy/radiopaedia_14_slice_0103.npy,/kaggle/working/scribble-uncertainty-lung-segmentation/data/pseudo_labels/weak_bg_confidence/radiopaedia_14_slice_0103.npy,/kaggle/working/scribble-uncertainty-lung-segmentation/outputs/uncertainty_maps/weak_bg_entropy/radiopaedia_14_slice_0103.npy,1746,64778,0,0,5.727376906072834e-11,False
radiopaedia_14,104,/kaggle/working/scribble-uncertainty-lung-segmentation/data/pseudo_labels/weak_bg_entropy/radiopaedia_14_slice_0104.npy,/kaggle/working/scribble-uncertainty-lung-segmentation/data/pseudo_labels/weak_bg_confidence/radiopaedia_14_slice_0104.npy,/kaggle/working/scribble-uncertainty-lung-segmentation/outputs/uncertainty_maps/weak_bg_entropy/radiopaedia_14_slice_0104.npy,1237,64695,0,0,8.084074382130879e-11,False
radiopaedia_14,105,/kaggle/working/scribble-uncertainty-lung-segmentation/data/pseudo_labels/weak_bg_entropy/radiopaedia_14_slice_0105.npy,/kaggle/working/scribble-uncertainty-lung-segmentation/data/pseudo_labels/weak_bg_confidence/radiopaedia_14_slice_0105.npy,/kaggle/working/scribble-uncertainty-lung-segmentation/outputs/uncertainty_maps/weak_bg_entropy/radiopaedia_14_slice_0105.npy,639,64702,0,0,1.5649452567156885e-10,False
radiopaedia_14,106,/kaggle/working/scribble-uncertainty-lung-segmentation/data/pseudo_labels/weak_bg_entropy/radiopaedia_14_slice_0106.npy,/kaggle/working/scribble-uncertainty-lung-segmentation/data/pseudo_labels/weak_bg_confidence/radiopaedia_14_slice_0106.npy,/kaggle/working/scribble-uncertainty-lung-segmentation/outputs/uncertainty_maps/weak_bg_entropy/radiopaedia_14_slice_0106.npy,137,65237,0,0,7.299270077254505e-10,False
radiopaedia_14,107,/kaggle/working/scribble-uncertainty-lung-segmentation/data/pseudo_labels/weak_bg_entropy/radiopaedia_14_slice_0107.npy,/kaggle/working/scribble-uncertainty-lung-segmentation/data/pseudo_labels/weak_bg_confidence/radiopaedia_14_slice_0107.npy,/kaggle/working/scribble-uncertainty-lung-segmentation/outputs/uncertainty_maps/weak_bg_entropy/radiopaedia_14_slice_0107.npy,0,65536,0,0,1.0,False
radiopaedia_27,5,/kaggle/working/scribble-uncertainty-lung-segmentation/data/pseudo_labels/weak_bg_entropy/radiopaedia_27_slice_0005.npy,/kaggle/working/scribble-uncertainty-lung-segmentation/data/pseudo_labels/weak_bg_confidence/radiopaedia_27_slice_0005.npy,/kaggle/working/scribble-uncertainty-lung-segmentation/outputs/uncertainty_maps/weak_bg_entropy/radiopaedia_27_slice_0005.npy,0,65503,0,0,1.0,False
radiopaedia_27,6,/kaggle/working/scribble-uncertainty-lung-segmentation/data/pseudo_labels/weak_bg_entropy/radiopaedia_27_slice_0006.npy,/kaggle/working/scribble-uncertainty-lung-segmentation/data/pseudo_labels/weak_bg_confidence/radiopaedia_27_slice_0006.npy,/kaggle/working/scribble-uncertainty-lung-segmentation/outputs/uncertainty_maps/weak_bg_entropy/radiopaedia_27_slice_0006.npy,0,65521,0,0,1.0,False
radiopaedia_27,7,/kaggle/working/scribble-uncertainty-lung-segmentation/data/pseudo_labels/weak_bg_entropy/radiopaedia_27_slice_0007.npy,/kaggle/working/scribble-uncertainty-lung-segmentation/data/pseudo_labels/weak_bg_confidence/radiopaedia_27_slice_0007.npy,/kaggle/working/scribble-uncertainty-lung-segmentation/outputs/uncertainty_maps/weak_bg_entropy/radiopaedia_27_slice_0007.npy,0,65325,0,0,1.0,False
radiopaedia_27,8,/kaggle/working/scribble-uncertainty-lung-segmentation/data/pseudo_labels/weak_bg_entropy/radiopaedia_27_slice_0008.npy,/kaggle/working/scribble-uncertainty-lung-segmentation/data/pseudo_labels/weak_bg_confidence/radiopaedia_27_slice_0008.npy,/kaggle/working/scribble-uncertainty-lung-segmentation/outputs/uncertainty_maps/weak_bg_entropy/radiopaedia_27_slice_0008.npy,132,65205,4,44,0.3636363744735718,True
radiopaedia_27,9,/kaggle/working/scribble-uncertainty-lung-segmentation/data/pseudo_labels/weak_bg_entropy/radiopaedia_27_slice_0009.npy,/kaggle/working/scribble-uncertainty-lung-segmentation/data/pseudo_labels/weak_bg_confidence/radiopaedia_27_slice_0009.npy,/kaggle/working/scribble-uncertainty-lung-segmentation/outputs/uncertainty_maps/weak_bg_entropy/radiopaedia_27_slice_0009.npy,362,65044,11,241,0.6036484241485596,True
radiopaedia_27,10,/kaggle/working/scribble-uncertainty-lung-segmentation/data/pseudo_labels/weak_bg_entropy/radiopaedia_27_slice_0010.npy,/kaggle/working/scribble-uncertainty-lung-segmentation/data/pseudo_labels/weak_bg_confidence/radiopaedia_27_slice_0010.npy,/kaggle/working/scribble-uncertainty-lung-segmentation/outputs/uncertainty_maps/weak_bg_entropy/radiopaedia_27_slice_0010.npy,520,64787,12,359,0.6939704418182373,True
radiopaedia_27,11,/kaggle/working/scribble-uncertainty-lung-segmentation/data/pseudo_labels/weak_bg_entropy/radiopaedia_27_slice_0011.npy,/kaggle/working/scribble-uncertainty-lung-segmentation/data/pseudo_labels/weak_bg_confidence/radiopaedia_27_slice_0011.npy,/kaggle/working/scribble-uncertainty-lung-segmentation/outputs/uncertainty_maps/weak_bg_entropy/radiopaedia_27_slice_0011.npy,984,64380,31,647,0.6400980949401855,True
radiopaedia_27,12,/kaggle/working/scribble-uncertainty-lung-segmentation/data/pseudo_labels/weak_bg_entropy/radiopaedia_27_slice_0012.npy,/kaggle/working/scribble-uncertainty-lung-segmentation/data/pseudo_labels/weak_bg_confidence/radiopaedia_27_slice_0012.npy,/kaggle/working/scribble-uncertainty-lung-segmentation/outputs/uncertainty_maps/weak_bg_entropy/radiopaedia_27_slice_0012.npy,1269,64011,30,814,0.7124339938163757,True
radiopaedia_27,13,/kaggle/working/scribble-uncertainty-lung-segmentation/data/pseudo_labels/weak_bg_entropy/radiopaedia_27_slice_0013.npy,/kaggle/working/scribble-uncertainty-lung-segmentation/data/pseudo_labels/weak_bg_confidence/radiopaedia_27_slice_0013.npy,/kaggle/working/scribble-uncertainty-lung-segmentation/outputs/uncertainty_maps/weak_bg_entropy/radiopaedia_27_slice_0013.npy,1408,63689,52,1440,0.7387640476226807,True
radiopaedia_27,14,/kaggle/working/scribble-uncertainty-lung-segmentation/data/pseudo_labels/weak_bg_entropy/radiopaedia_27_slice_0014.npy,/kaggle/working/scribble-uncertainty-lung-segmentation/data/pseudo_labels/weak_bg_confidence/radiopaedia_27_slice_0014.npy,/kaggle/working/scribble-uncertainty-lung-segmentation/outputs/uncertainty_maps/weak_bg_entropy/radiopaedia_27_slice_0014.npy,1770,63466,48,1514,0.8063337206840515,True
radiopaedia_27,15,/kaggle/working/scribble-uncertainty-lung-segmentation/data/pseudo_labels/weak_bg_entropy/radiopaedia_27_slice_0015.npy,/kaggle/working/scribble-uncertainty-lung-segmentation/data/pseudo_labels/weak_bg_confidence/radiopaedia_27_slice_0015.npy,/kaggle/working/scribble-uncertainty-lung-segmentation/outputs/uncertainty_maps/weak_bg_entropy/radiopaedia_27_slice_0015.npy,2510,60167,47,2080,0.7629629373550415,True
radiopaedia_27,16,/kaggle/working/scribble-uncertainty-lung-segmentation/data/pseudo_labels/weak_bg_entropy/radiopaedia_27_slice_0016.npy,/kaggle/working/scribble-uncertainty-lung-segmentation/data/pseudo_labels/weak_bg_confidence/radiopaedia_27_slice_0016.npy,/kaggle/working/scribble-uncertainty-lung-segmentation/outputs/uncertainty_maps/weak_bg_entropy/radiopaedia_27_slice_0016.npy,4122,60626,76,2024,0.5961601138114929,True
radiopaedia_27,17,/kaggle/working/scribble-uncertainty-lung-segmentation/data/pseudo_labels/weak_bg_entropy/radiopaedia_27_slice_0017.npy,/kaggle/working/scribble-uncertainty-lung-segmentation/data/pseudo_labels/weak_bg_confidence/radiopaedia_27_slice_0017.npy,/kaggle/working/scribble-uncertainty-lung-segmentation/outputs/uncertainty_maps/weak_bg_entropy/radiopaedia_27_slice_0017.npy,4479,59922,73,1826,0.3467089533805847,True
radiopaedia_27,18,/kaggle/working/scribble-uncertainty-lung-segmentation/data/pseudo_labels/weak_bg_entropy/radiopaedia_27_slice_0018.npy,/kaggle/working/scribble-uncertainty-lung-segmentation/data/pseudo_labels/weak_bg_confidence/radiopaedia_27_slice_0018.npy,/kaggle/working/scribble-uncertainty-lung-segmentation/outputs/uncertainty_maps/weak_bg_entropy/radiopaedia_27_slice_0018.npy,5483,59484,69,2487,0.4223337471485138,True
radiopaedia_27,19,/kaggle/working/scribble-uncertainty-lung-segmentation/data/pseudo_labels/weak_bg_entropy/radiopaedia_27_slice_0019.npy,/kaggle/working/scribble-uncertainty-lung-segmentation/data/pseudo_labels/weak_bg_confidence/radiopaedia_27_slice_0019.npy,/kaggle/working/scribble-uncertainty-lung-segmentation/outputs/uncertainty_maps/weak_bg_entropy/radiopaedia_27_slice_0019.npy,8685,61514,109,2193,0.35521236062049866,True
radiopaedia_27,20,/kaggle/working/scribble-uncertainty-lung-segmentation/data/pseudo_labels/weak_bg_entropy/radiopaedia_27_slice_0020.npy,/kaggle/working/scribble-uncertainty-lung-segmentation/data/pseudo_labels/weak_bg_confidence/radiopaedia_27_slice_0020.npy,/kaggle/working/scribble-uncertainty-lung-segmentation/outputs/uncertainty_maps/weak_bg_entropy/radiopaedia_27_slice_0020.npy,9095,61977,108,2850,0.4480535686016083,True
radiopaedia_27,21,/kaggle/working/scribble-uncertainty-lung-segmentation/data/pseudo_labels/weak_bg_entropy/radiopaedia_27_slice_0021.npy,/kaggle/working/scribble-uncertainty-lung-segmentation/data/pseudo_labels/weak_bg_confidence/radiopaedia_27_slice_0021.npy,/kaggle/working/scribble-uncertainty-lung-segmentation/outputs/uncertainty_maps/weak_bg_entropy/radiopaedia_27_slice_0021.npy,8027,61266,106,2694,0.4749557077884674,True
radiopaedia_27,22,/kaggle/working/scribble-uncertainty-lung-segmentation/data/pseudo_labels/weak_bg_entropy/radiopaedia_27_slice_0022.npy,/kaggle/working/scribble-uncertainty-lung-segmentation/data/pseudo_labels/weak_bg_confidence/radiopaedia_27_slice_0022.npy,/kaggle/working/scribble-uncertainty-lung-segmentation/outputs/uncertainty_maps/weak_bg_entropy/radiopaedia_27_slice_0022.npy,8113,61284,109,2655,0.46656760573387146,True
radiopaedia_27,23,/kaggle/working/scribble-uncertainty-lung-segmentation/data/pseudo_labels/weak_bg_entropy/radiopaedia_27_slice_0023.npy,/kaggle/working/scribble-uncertainty-lung-segmentation/data/pseudo_labels/weak_bg_confidence/radiopaedia_27_slice_0023.npy,/kaggle/working/scribble-uncertainty-lung-segmentation/outputs/uncertainty_maps/weak_bg_entropy/radiopaedia_27_slice_0023.npy,7603,60622,81,2052,0.40352147817611694,True
radiopaedia_27,24,/kaggle/working/scribble-uncertainty-lung-segmentation/data/pseudo_labels/weak_bg_entropy/radiopaedia_27_slice_0024.npy,/kaggle/working/scribble-uncertainty-lung-segmentation/data/pseudo_labels/weak_bg_confidence/radiopaedia_27_slice_0024.npy,/kaggle/working/scribble-uncertainty-lung-segmentation/outputs/uncertainty_maps/weak_bg_entropy/radiopaedia_27_slice_0024.npy,7296,60406,100,1859,0.3571818768978119,True
radiopaedia_27,25,/kaggle/working/scribble-uncertainty-lung-segmentation/data/pseudo_labels/weak_bg_entropy/radiopaedia_27_slice_0025.npy,/kaggle/working/scribble-uncertainty-lung-segmentation/data/pseudo_labels/weak_bg_confidence/radiopaedia_27_slice_0025.npy,/kaggle/working/scribble-uncertainty-lung-segmentation/outputs/uncertainty_maps/weak_bg_entropy/radiopaedia_27_slice_0025.npy,7273,60552,119,1913,0.38449814915657043,True
radiopaedia_27,26,/kaggle/working/scribble-uncertainty-lung-segmentation/data/pseudo_labels/weak_bg_entropy/radiopaedia_27_slice_0026.npy,/kaggle/working/scribble-uncertainty-lung-segmentation/data/pseudo_labels/weak_bg_confidence/radiopaedia_27_slice_0026.npy,/kaggle/working/scribble-uncertainty-lung-segmentation/outputs/uncertainty_maps/weak_bg_entropy/radiopaedia_27_slice_0026.npy,6652,59943,98,1864,0.37952089309692383,True
radiopaedia_27,27,/kaggle/working/scribble-uncertainty-lung-segmentation/data/pseudo_labels/weak_bg_entropy/radiopaedia_27_slice_0027.npy,/kaggle/working/scribble-uncertainty-lung-segmentation/data/pseudo_labels/weak_bg_confidence/radiopaedia_27_slice_0027.npy,/kaggle/working/scribble-uncertainty-lung-segmentation/outputs/uncertainty_maps/weak_bg_entropy/radiopaedia_27_slice_0027.npy,6113,59490,98,2282,0.4578916132450104,True
radiopaedia_27,28,/kaggle/working/scribble-uncertainty-lung-segmentation/data/pseudo_labels/weak_bg_entropy/radiopaedia_27_slice_0028.npy,/kaggle/working/scribble-uncertainty-lung-segmentation/data/pseudo_labels/weak_bg_confidence/radiopaedia_27_slice_0028.npy,/kaggle/working/scribble-uncertainty-lung-segmentation/outputs/uncertainty_maps/weak_bg_entropy/radiopaedia_27_slice_0028.npy,6940,60271,91,2019,0.40986716747283936,True
radiopaedia_27,29,/kaggle/working/scribble-uncertainty-lung-segmentation/data/pseudo_labels/weak_bg_entropy/radiopaedia_27_slice_0029.npy,/kaggle/working/scribble-uncertainty-lung-segmentation/data/pseudo_labels/weak_bg_confidence/radiopaedia_27_slice_0029.npy,/kaggle/working/scribble-uncertainty-lung-segmentation/outputs/uncertainty_maps/weak_bg_entropy/radiopaedia_27_slice_0029.npy,6526,59810,118,1832,0.38741326332092285,True
radiopaedia_27,30,/kaggle/working/scribble-uncertainty-lung-segmentation/data/pseudo_labels/weak_bg_entropy/radiopaedia_27_slice_0030.npy,/kaggle/working/scribble-uncertainty-lung-segmentation/data/pseudo_labels/weak_bg_confidence/radiopaedia_27_slice_0030.npy,/kaggle/working/scribble-uncertainty-lung-segmentation/outputs/uncertainty_maps/weak_bg_entropy/radiopaedia_27_slice_0030.npy,6332,59736,85,1614,0.3521268665790558,True
radiopaedia_27,31,/kaggle/working/scribble-uncertainty-lung-segmentation/data/pseudo_labels/weak_bg_entropy/radiopaedia_27_slice_0031.npy,/kaggle/working/scribble-uncertainty-lung-segmentation/data/pseudo_labels/weak_bg_confidence/radiopaedia_27_slice_0031.npy,/kaggle/working/scribble-uncertainty-lung-segmentation/outputs/uncertainty_maps/weak_bg_entropy/radiopaedia_27_slice_0031.npy,5624,58932,107,1591,0.3902979791164398,True
radiopaedia_27,32,/kaggle/working/scribble-uncertainty-lung-segmentation/data/pseudo_labels/weak_bg_entropy/radiopaedia_27_slice_0032.npy,/kaggle/working/scribble-uncertainty-lung-segmentation/data/pseudo_labels/weak_bg_confidence/radiopaedia_27_slice_0032.npy,/kaggle/working/scribble-uncertainty-lung-segmentation/outputs/uncertainty_maps/weak_bg_entropy/radiopaedia_27_slice_0032.npy,5811,59332,103,1392,0.3362487852573395,True
radiopaedia_27,33,/kaggle/working/scribble-uncertainty-lung-segmentation/data/pseudo_labels/weak_bg_entropy/radiopaedia_27_slice_0033.npy,/kaggle/working/scribble-uncertainty-lung-segmentation/data/pseudo_labels/weak_bg_confidence/radiopaedia_27_slice_0033.npy,/kaggle/working/scribble-uncertainty-lung-segmentation/outputs/uncertainty_maps/weak_bg_entropy/radiopaedia_27_slice_0033.npy,5145,58630,86,1295,0.3506211042404175,True
radiopaedia_27,34,/kaggle/working/scribble-uncertainty-lung-segmentation/data/pseudo_labels/weak_bg_entropy/radiopaedia_27_slice_0034.npy,/kaggle/working/scribble-uncertainty-lung-segmentation/data/pseudo_labels/weak_bg_confidence/radiopaedia_27_slice_0034.npy,/kaggle/working/scribble-uncertainty-lung-segmentation/outputs/uncertainty_maps/weak_bg_entropy/radiopaedia_27_slice_0034.npy,5059,58780,54,804,0.23469214141368866,True
radiopaedia_27,35,/kaggle/working/scribble-uncertainty-lung-segmentation/data/pseudo_labels/weak_bg_entropy/radiopaedia_27_slice_0035.npy,/kaggle/working/scribble-uncertainty-lung-segmentation/data/pseudo_labels/weak_bg_confidence/radiopaedia_27_slice_0035.npy,/kaggle/working/scribble-uncertainty-lung-segmentation/outputs/uncertainty_maps/weak_bg_entropy/radiopaedia_27_slice_0035.npy,5057,59032,36,501,0.15545159578323364,True
radiopaedia_27,36,/kaggle/working/scribble-uncertainty-lung-segmentation/data/pseudo_labels/weak_bg_entropy/radiopaedia_27_slice_0036.npy,/kaggle/working/scribble-uncertainty-lung-segmentation/data/pseudo_labels/weak_bg_confidence/radiopaedia_27_slice_0036.npy,/kaggle/working/scribble-uncertainty-lung-segmentation/outputs/uncertainty_maps/weak_bg_entropy/radiopaedia_27_slice_0036.npy,4677,58982,24,494,0.16863276064395905,True
radiopaedia_27,37,/kaggle/working/scribble-uncertainty-lung-segmentation/data/pseudo_labels/weak_bg_entropy/radiopaedia_27_slice_0037.npy,/kaggle/working/scribble-uncertainty-lung-segmentation/data/pseudo_labels/weak_bg_confidence/radiopaedia_27_slice_0037.npy,/kaggle/working/scribble-uncertainty-lung-segmentation/outputs/uncertainty_maps/weak_bg_entropy/radiopaedia_27_slice_0037.npy,4672,59100,32,422,0.14487633109092712,True
radiopaedia_27,38,/kaggle/working/scribble-uncertainty-lung-segmentation/data/pseudo_labels/weak_bg_entropy/radiopaedia_27_slice_0038.npy,/kaggle/working/scribble-uncertainty-lung-segmentation/data/pseudo_labels/weak_bg_confidence/radiopaedia_27_slice_0038.npy,/kaggle/working/scribble-uncertainty-lung-segmentation/outputs/uncertainty_maps/weak_bg_entropy/radiopaedia_27_slice_0038.npy,4377,58722,24,377,0.13336138427257538,True
radiopaedia_27,39,/kaggle/working/scribble-uncertainty-lung-segmentation/data/pseudo_labels/weak_bg_entropy/radiopaedia_27_slice_0039.npy,/kaggle/working/scribble-uncertainty-lung-segmentation/data/pseudo_labels/weak_bg_confidence/radiopaedia_27_slice_0039.npy,/kaggle/working/scribble-uncertainty-lung-segmentation/outputs/uncertainty_maps/weak_bg_entropy/radiopaedia_27_slice_0039.npy,4987,59420,26,333,0.11015037447214127,True
radiopaedia_27,40,/kaggle/working/scribble-uncertainty-lung-segmentation/data/pseudo_labels/weak_bg_entropy/radiopaedia_27_slice_0040.npy,/kaggle/working/scribble-uncertainty-lung-segmentation/data/pseudo_labels/weak_bg_confidence/radiopaedia_27_slice_0040.npy,/kaggle/working/scribble-uncertainty-lung-segmentation/outputs/uncertainty_maps/weak_bg_entropy/radiopaedia_27_slice_0040.npy,4647,59321,28,345,0.10496795177459717,True
radiopaedia_27,41,/kaggle/working/scribble-uncertainty-lung-segmentation/data/pseudo_labels/weak_bg_entropy/radiopaedia_27_slice_0041.npy,/kaggle/working/scribble-uncertainty-lung-segmentation/data/pseudo_labels/weak_bg_confidence/radiopaedia_27_slice_0041.npy,/kaggle/working/scribble-uncertainty-lung-segmentation/outputs/uncertainty_maps/weak_bg_entropy/radiopaedia_27_slice_0041.npy,4825,59686,19,224,0.07130124419927597,True
radiopaedia_27,42,/kaggle/working/scribble-uncertainty-lung-segmentation/data/pseudo_labels/weak_bg_entropy/radiopaedia_27_slice_0042.npy,/kaggle/working/scribble-uncertainty-lung-segmentation/data/pseudo_labels/weak_bg_confidence/radiopaedia_27_slice_0042.npy,/kaggle/working/scribble-uncertainty-lung-segmentation/outputs/uncertainty_maps/weak_bg_entropy/radiopaedia_27_slice_0042.npy,4678,59918,12,150,0.0567522794008255,True
radiopaedia_27,43,/kaggle/working/scribble-uncertainty-lung-segmentation/data/pseudo_labels/weak_bg_entropy/radiopaedia_27_slice_0043.npy,/kaggle/working/scribble-uncertainty-lung-segmentation/data/pseudo_labels/weak_bg_confidence/radiopaedia_27_slice_0043.npy,/kaggle/working/scribble-uncertainty-lung-segmentation/outputs/uncertainty_maps/weak_bg_entropy/radiopaedia_27_slice_0043.npy,4543,60164,8,129,0.039811644703149796,True
radiopaedia_27,44,/kaggle/working/scribble-uncertainty-lung-segmentation/data/pseudo_labels/weak_bg_entropy/radiopaedia_27_slice_0044.npy,/kaggle/working/scribble-uncertainty-lung-segmentation/data/pseudo_labels/weak_bg_confidence/radiopaedia_27_slice_0044.npy,/kaggle/working/scribble-uncertainty-lung-segmentation/outputs/uncertainty_maps/weak_bg_entropy/radiopaedia_27_slice_0044.npy,4537,60646,4,50,0.016568563878536224,True
radiopaedia_27,45,/kaggle/working/scribble-uncertainty-lung-segmentation/data/pseudo_labels/weak_bg_entropy/radiopaedia_27_slice_0045.npy,/kaggle/working/scribble-uncertainty-lung-segmentation/data/pseudo_labels/weak_bg_confidence/radiopaedia_27_slice_0045.npy,/kaggle/working/scribble-uncertainty-lung-segmentation/outputs/uncertainty_maps/weak_bg_entropy/radiopaedia_27_slice_0045.npy,4224,60833,0,0,2.3674243121440952e-11,False
radiopaedia_27,46,/kaggle/working/scribble-uncertainty-lung-segmentation/data/pseudo_labels/weak_bg_entropy/radiopaedia_27_slice_0046.npy,/kaggle/working/scribble-uncertainty-lung-segmentation/data/pseudo_labels/weak_bg_confidence/radiopaedia_27_slice_0046.npy,/kaggle/working/scribble-uncertainty-lung-segmentation/outputs/uncertainty_maps/weak_bg_entropy/radiopaedia_27_slice_0046.npy,4109,61204,0,0,2.433682248781377e-11,False
radiopaedia_27,47,/kaggle/working/scribble-uncertainty-lung-segmentation/data/pseudo_labels/weak_bg_entropy/radiopaedia_27_slice_0047.npy,/kaggle/working/scribble-uncertainty-lung-segmentation/data/pseudo_labels/weak_bg_confidence/radiopaedia_27_slice_0047.npy,/kaggle/working/scribble-uncertainty-lung-segmentation/outputs/uncertainty_maps/weak_bg_entropy/radiopaedia_27_slice_0047.npy,3414,61162,0,0,2.929115283656358e-11,False
radiopaedia_27,48,/kaggle/working/scribble-uncertainty-lung-segmentation/data/pseudo_labels/weak_bg_entropy/radiopaedia_27_slice_0048.npy,/kaggle/working/scribble-uncertainty-lung-segmentation/data/pseudo_labels/weak_bg_confidence/radiopaedia_27_slice_0048.npy,/kaggle/working/scribble-uncertainty-lung-segmentation/outputs/uncertainty_maps/weak_bg_entropy/radiopaedia_27_slice_0048.npy,3578,61740,0,0,2.7948575745395665e-11,False
radiopaedia_27,49,/kaggle/working/scribble-uncertainty-lung-segmentation/data/pseudo_labels/weak_bg_entropy/radiopaedia_27_slice_0049.npy,/kaggle/working/scribble-uncertainty-lung-segmentation/data/pseudo_labels/weak_bg_confidence/radiopaedia_27_slice_0049.npy,/kaggle/working/scribble-uncertainty-lung-segmentation/outputs/uncertainty_maps/weak_bg_entropy/radiopaedia_27_slice_0049.npy,3241,61949,0,0,3.085467645269624e-11,False
radiopaedia_27,50,/kaggle/working/scribble-uncertainty-lung-segmentation/data/pseudo_labels/weak_bg_entropy/radiopaedia_27_slice_0050.npy,/kaggle/working/scribble-uncertainty-lung-segmentation/data/pseudo_labels/weak_bg_confidence/radiopaedia_27_slice_0050.npy,/kaggle/working/scribble-uncertainty-lung-segmentation/outputs/uncertainty_maps/weak_bg_entropy/radiopaedia_27_slice_0050.npy,3060,62238,0,0,3.2679737388408014e-11,False
radiopaedia_27,51,/kaggle/working/scribble-uncertainty-lung-segmentation/data/pseudo_labels/weak_bg_entropy/radiopaedia_27_slice_0051.npy,/kaggle/working/scribble-uncertainty-lung-segmentation/data/pseudo_labels/weak_bg_confidence/radiopaedia_27_slice_0051.npy,/kaggle/working/scribble-uncertainty-lung-segmentation/outputs/uncertainty_maps/weak_bg_entropy/radiopaedia_27_slice_0051.npy,2216,62030,0,0,4.512635404241294e-11,False
radiopaedia_27,52,/kaggle/working/scribble-uncertainty-lung-segmentation/data/pseudo_labels/weak_bg_entropy/radiopaedia_27_slice_0052.npy,/kaggle/working/scribble-uncertainty-lung-segmentation/data/pseudo_labels/weak_bg_confidence/radiopaedia_27_slice_0052.npy,/kaggle/working/scribble-uncertainty-lung-segmentation/outputs/uncertainty_maps/weak_bg_entropy/radiopaedia_27_slice_0052.npy,1744,62222,4,33,5.627462038026998e-11,True
radiopaedia_27,53,/kaggle/working/scribble-uncertainty-lung-segmentation/data/pseudo_labels/weak_bg_entropy/radiopaedia_27_slice_0053.npy,/kaggle/working/scribble-uncertainty-lung-segmentation/data/pseudo_labels/weak_bg_confidence/radiopaedia_27_slice_0053.npy,/kaggle/working/scribble-uncertainty-lung-segmentation/outputs/uncertainty_maps/weak_bg_entropy/radiopaedia_27_slice_0053.npy,1745,62834,8,111,0.07112068682909012,True
radiopaedia_27,54,/kaggle/working/scribble-uncertainty-lung-segmentation/data/pseudo_labels/weak_bg_entropy/radiopaedia_27_slice_0054.npy,/kaggle/working/scribble-uncertainty-lung-segmentation/data/pseudo_labels/weak_bg_confidence/radiopaedia_27_slice_0054.npy,/kaggle/working/scribble-uncertainty-lung-segmentation/outputs/uncertainty_maps/weak_bg_entropy/radiopaedia_27_slice_0054.npy,1406,63097,12,106,0.11375661194324493,True
radiopaedia_27,55,/kaggle/working/scribble-uncertainty-lung-segmentation/data/pseudo_labels/weak_bg_entropy/radiopaedia_27_slice_0055.npy,/kaggle/working/scribble-uncertainty-lung-segmentation/data/pseudo_labels/weak_bg_confidence/radiopaedia_27_slice_0055.npy,/kaggle/working/scribble-uncertainty-lung-segmentation/outputs/uncertainty_maps/weak_bg_entropy/radiopaedia_27_slice_0055.npy,1244,63554,8,116,0.1308823525905609,True
radiopaedia_27,56,/kaggle/working/scribble-uncertainty-lung-segmentation/data/pseudo_labels/weak_bg_entropy/radiopaedia_27_slice_0056.npy,/kaggle/working/scribble-uncertainty-lung-segmentation/data/pseudo_labels/weak_bg_confidence/radiopaedia_27_slice_0056.npy,/kaggle/working/scribble-uncertainty-lung-segmentation/outputs/uncertainty_maps/weak_bg_entropy/radiopaedia_27_slice_0056.npy,589,63647,4,92,0.21732746064662933,True
radiopaedia_27,57,/kaggle/working/scribble-uncertainty-lung-segmentation/data/pseudo_labels/weak_bg_entropy/radiopaedia_27_slice_0057.npy,/kaggle/working/scribble-uncertainty-lung-segmentation/data/pseudo_labels/weak_bg_confidence/radiopaedia_27_slice_0057.npy,/kaggle/working/scribble-uncertainty-lung-segmentation/outputs/uncertainty_maps/weak_bg_entropy/radiopaedia_27_slice_0057.npy,211,63947,8,134,0.42898550629615784,True
radiopaedia_27,58,/kaggle/working/scribble-uncertainty-lung-segmentation/data/pseudo_labels/weak_bg_entropy/radiopaedia_27_slice_0058.npy,/kaggle/working/scribble-uncertainty-lung-segmentation/data/pseudo_labels/weak_bg_confidence/radiopaedia_27_slice_0058.npy,/kaggle/working/scribble-uncertainty-lung-segmentation/outputs/uncertainty_maps/weak_bg_entropy/radiopaedia_27_slice_0058.npy,57,64308,4,70,0.31496062874794006,True
radiopaedia_27,59,/kaggle/working/scribble-uncertainty-lung-segmentation/data/pseudo_labels/weak_bg_entropy/radiopaedia_27_slice_0059.npy,/kaggle/working/scribble-uncertainty-lung-segmentation/data/pseudo_labels/weak_bg_confidence/radiopaedia_27_slice_0059.npy,/kaggle/working/scribble-uncertainty-lung-segmentation/outputs/uncertainty_maps/weak_bg_entropy/radiopaedia_27_slice_0059.npy,0,65187,0,0,1.0,False
radiopaedia_29,2,/kaggle/working/scribble-uncertainty-lung-segmentation/data/pseudo_labels/weak_bg_entropy/radiopaedia_29_slice_0002.npy,/kaggle/working/scribble-uncertainty-lung-segmentation/data/pseudo_labels/weak_bg_confidence/radiopaedia_29_slice_0002.npy,/kaggle/working/scribble-uncertainty-lung-segmentation/outputs/uncertainty_maps/weak_bg_entropy/radiopaedia_29_slice_0002.npy,0,65390,0,0,1.0,False
radiopaedia_29,3,/kaggle/working/scribble-uncertainty-lung-segmentation/data/pseudo_labels/weak_bg_entropy/radiopaedia_29_slice_0003.npy,/kaggle/working/scribble-uncertainty-lung-segmentation/data/pseudo_labels/weak_bg_confidence/radiopaedia_29_slice_0003.npy,/kaggle/working/scribble-uncertainty-lung-segmentation/outputs/uncertainty_maps/weak_bg_entropy/radiopaedia_29_slice_0003.npy,59,64998,0,0,1.6949153192058475e-09,False
radiopaedia_29,4,/kaggle/working/scribble-uncertainty-lung-segmentation/data/pseudo_labels/weak_bg_entropy/radiopaedia_29_slice_0004.npy,/kaggle/working/scribble-uncertainty-lung-segmentation/data/pseudo_labels/weak_bg_confidence/radiopaedia_29_slice_0004.npy,/kaggle/working/scribble-uncertainty-lung-segmentation/outputs/uncertainty_maps/weak_bg_entropy/radiopaedia_29_slice_0004.npy,361,64580,0,0,2.7700830518284647e-10,False
radiopaedia_29,5,/kaggle/working/scribble-uncertainty-lung-segmentation/data/pseudo_labels/weak_bg_entropy/radiopaedia_29_slice_0005.npy,/kaggle/working/scribble-uncertainty-lung-segmentation/data/pseudo_labels/weak_bg_confidence/radiopaedia_29_slice_0005.npy,/kaggle/working/scribble-uncertainty-lung-segmentation/outputs/uncertainty_maps/weak_bg_entropy/radiopaedia_29_slice_0005.npy,939,64360,0,0,1.0649627707470799e-10,False
radiopaedia_29,6,/kaggle/working/scribble-uncertainty-lung-segmentation/data/pseudo_labels/weak_bg_entropy/radiopaedia_29_slice_0006.npy,/kaggle/working/scribble-uncertainty-lung-segmentation/data/pseudo_labels/weak_bg_confidence/radiopaedia_29_slice_0006.npy,/kaggle/working/scribble-uncertainty-lung-segmentation/outputs/uncertainty_maps/weak_bg_entropy/radiopaedia_29_slice_0006.npy,1153,63541,0,0,8.673026880012813e-11,False
radiopaedia_29,7,/kaggle/working/scribble-uncertainty-lung-segmentation/data/pseudo_labels/weak_bg_entropy/radiopaedia_29_slice_0007.npy,/kaggle/working/scribble-uncertainty-lung-segmentation/data/pseudo_labels/weak_bg_confidence/radiopaedia_29_slice_0007.npy,/kaggle/working/scribble-uncertainty-lung-segmentation/outputs/uncertainty_maps/weak_bg_entropy/radiopaedia_29_slice_0007.npy,1100,62400,0,0,9.090909275366599e-11,False
radiopaedia_29,8,/kaggle/working/scribble-uncertainty-lung-segmentation/data/pseudo_labels/weak_bg_entropy/radiopaedia_29_slice_0008.npy,/kaggle/working/scribble-uncertainty-lung-segmentation/data/pseudo_labels/weak_bg_confidence/radiopaedia_29_slice_0008.npy,/kaggle/working/scribble-uncertainty-lung-segmentation/outputs/uncertainty_maps/weak_bg_entropy/radiopaedia_29_slice_0008.npy,1298,61459,0,0,7.704160226440493e-11,False
radiopaedia_29,9,/kaggle/working/scribble-uncertainty-lung-segmentation/data/pseudo_labels/weak_bg_entropy/radiopaedia_29_slice_0009.npy,/kaggle/working/scribble-uncertainty-lung-segmentation/data/pseudo_labels/weak_bg_confidence/radiopaedia_29_slice_0009.npy,/kaggle/working/scribble-uncertainty-lung-segmentation/outputs/uncertainty_maps/weak_bg_entropy/radiopaedia_29_slice_0009.npy,1728,60646,0,0,5.787037168913933e-11,False
radiopaedia_29,10,/kaggle/working/scribble-uncertainty-lung-segmentation/data/pseudo_labels/weak_bg_entropy/radiopaedia_29_slice_0010.npy,/kaggle/working/scribble-uncertainty-lung-segmentation/data/pseudo_labels/weak_bg_confidence/radiopaedia_29_slice_0010.npy,/kaggle/working/scribble-uncertainty-lung-segmentation/outputs/uncertainty_maps/weak_bg_entropy/radiopaedia_29_slice_0010.npy,529,58149,0,0,1.8903592580166162e-10,False
radiopaedia_29,11,/kaggle/working/scribble-uncertainty-lung-segmentation/data/pseudo_labels/weak_bg_entropy/radiopaedia_29_slice_0011.npy,/kaggle/working/scribble-uncertainty-lung-segmentation/data/pseudo_labels/weak_bg_confidence/radiopaedia_29_slice_0011.npy,/kaggle/working/scribble-uncertainty-lung-segmentation/outputs/uncertainty_maps/weak_bg_entropy/radiopaedia_29_slice_0011.npy,563,56762,0,0,1.7761989101749975e-10,False
radiopaedia_29,12,/kaggle/working/scribble-uncertainty-lung-segmentation/data/pseudo_labels/weak_bg_entropy/radiopaedia_29_slice_0012.npy,/kaggle/working/scribble-uncertainty-lung-segmentation/data/pseudo_labels/weak_bg_confidence/radiopaedia_29_slice_0012.npy,/kaggle/working/scribble-uncertainty-lung-segmentation/outputs/uncertainty_maps/weak_bg_entropy/radiopaedia_29_slice_0012.npy,967,55160,0,0,1.0341261874602381e-10,False
radiopaedia_29,13,/kaggle/working/scribble-uncertainty-lung-segmentation/data/pseudo_labels/weak_bg_entropy/radiopaedia_29_slice_0013.npy,/kaggle/working/scribble-uncertainty-lung-segmentation/data/pseudo_labels/weak_bg_confidence/radiopaedia_29_slice_0013.npy,/kaggle/working/scribble-uncertainty-lung-segmentation/outputs/uncertainty_maps/weak_bg_entropy/radiopaedia_29_slice_0013.npy,1008,53998,0,0,9.9206351467096e-11,False
radiopaedia_29,14,/kaggle/working/scribble-uncertainty-lung-segmentation/data/pseudo_labels/weak_bg_entropy/radiopaedia_29_slice_0014.npy,/kaggle/working/scribble-uncertainty-lung-segmentation/data/pseudo_labels/weak_bg_confidence/radiopaedia_29_slice_0014.npy,/kaggle/working/scribble-uncertainty-lung-segmentation/outputs/uncertainty_maps/weak_bg_entropy/radiopaedia_29_slice_0014.npy,1984,53901,4,242,0.21743036806583405,True
radiopaedia_29,15,/kaggle/working/scribble-uncertainty-lung-segmentation/data/pseudo_labels/weak_bg_entropy/radiopaedia_29_slice_0015.npy,/kaggle/working/scribble-uncertainty-lung-segmentation/data/pseudo_labels/weak_bg_confidence/radiopaedia_29_slice_0015.npy,/kaggle/working/scribble-uncertainty-lung-segmentation/outputs/uncertainty_maps/weak_bg_entropy/radiopaedia_29_slice_0015.npy,2303,54897,8,325,0.24733637273311615,True
radiopaedia_29,16,/kaggle/working/scribble-uncertainty-lung-segmentation/data/pseudo_labels/weak_bg_entropy/radiopaedia_29_slice_0016.npy,/kaggle/working/scribble-uncertainty-lung-segmentation/data/pseudo_labels/weak_bg_confidence/radiopaedia_29_slice_0016.npy,/kaggle/working/scribble-uncertainty-lung-segmentation/outputs/uncertainty_maps/weak_bg_entropy/radiopaedia_29_slice_0016.npy,2403,55384,11,360,0.2555193603038788,True
radiopaedia_29,17,/kaggle/working/scribble-uncertainty-lung-segmentation/data/pseudo_labels/weak_bg_entropy/radiopaedia_29_slice_0017.npy,/kaggle/working/scribble-uncertainty-lung-segmentation/data/pseudo_labels/weak_bg_confidence/radiopaedia_29_slice_0017.npy,/kaggle/working/scribble-uncertainty-lung-segmentation/outputs/uncertainty_maps/weak_bg_entropy/radiopaedia_29_slice_0017.npy,2484,55677,8,303,0.2152852565050125,True
radiopaedia_29,18,/kaggle/working/scribble-uncertainty-lung-segmentation/data/pseudo_labels/weak_bg_entropy/radiopaedia_29_slice_0018.npy,/kaggle/working/scribble-uncertainty-lung-segmentation/data/pseudo_labels/weak_bg_confidence/radiopaedia_29_slice_0018.npy,/kaggle/working/scribble-uncertainty-lung-segmentation/outputs/uncertainty_maps/weak_bg_entropy/radiopaedia_29_slice_0018.npy,2244,56081,12,325,0.25301674008369446,True
radiopaedia_29,19,/kaggle/working/scribble-uncertainty-lung-segmentation/data/pseudo_labels/weak_bg_entropy/radiopaedia_29_slice_0019.npy,/kaggle/working/scribble-uncertainty-lung-segmentation/data/pseudo_labels/weak_bg_confidence/radiopaedia_29_slice_0019.npy,/kaggle/working/scribble-uncertainty-lung-segmentation/outputs/uncertainty_maps/weak_bg_entropy/radiopaedia_29_slice_0019.npy,3259,56614,4,490,0.24379834532737732,True
radiopaedia_29,20,/kaggle/working/scribble-uncertainty-lung-segmentation/data/pseudo_labels/weak_bg_entropy/radiopaedia_29_slice_0020.npy,/kaggle/working/scribble-uncertainty-lung-segmentation/data/pseudo_labels/weak_bg_confidence/radiopaedia_29_slice_0020.npy,/kaggle/working/scribble-uncertainty-lung-segmentation/outputs/uncertainty_maps/weak_bg_entropy/radiopaedia_29_slice_0020.npy,4058,57350,12,449,0.19037052989006042,True
radiopaedia_29,21,/kaggle/working/scribble-uncertainty-lung-segmentation/data/pseudo_labels/weak_bg_entropy/radiopaedia_29_slice_0021.npy,/kaggle/working/scribble-uncertainty-lung-segmentation/data/pseudo_labels/weak_bg_confidence/radiopaedia_29_slice_0021.npy,/kaggle/working/scribble-uncertainty-lung-segmentation/outputs/uncertainty_maps/weak_bg_entropy/radiopaedia_29_slice_0021.npy,3818,56891,4,333,0.15080703794956207,True
radiopaedia_29,22,/kaggle/working/scribble-uncertainty-lung-segmentation/data/pseudo_labels/weak_bg_entropy/radiopaedia_29_slice_0022.npy,/kaggle/working/scribble-uncertainty-lung-segmentation/data/pseudo_labels/weak_bg_confidence/radiopaedia_29_slice_0022.npy,/kaggle/working/scribble-uncertainty-lung-segmentation/outputs/uncertainty_maps/weak_bg_entropy/radiopaedia_29_slice_0022.npy,4686,57950,4,167,0.06799917668104172,True
radiopaedia_29,23,/kaggle/working/scribble-uncertainty-lung-segmentation/data/pseudo_labels/weak_bg_entropy/radiopaedia_29_slice_0023.npy,/kaggle/working/scribble-uncertainty-lung-segmentation/data/pseudo_labels/weak_bg_confidence/radiopaedia_29_slice_0023.npy,/kaggle/working/scribble-uncertainty-lung-segmentation/outputs/uncertainty_maps/weak_bg_entropy/radiopaedia_29_slice_0023.npy,3055,56570,0,0,3.2733225852066283e-11,False
radiopaedia_29,24,/kaggle/working/scribble-uncertainty-lung-segmentation/data/pseudo_labels/weak_bg_entropy/radiopaedia_29_slice_0024.npy,/kaggle/working/scribble-uncertainty-lung-segmentation/data/pseudo_labels/weak_bg_confidence/radiopaedia_29_slice_0024.npy,/kaggle/working/scribble-uncertainty-lung-segmentation/outputs/uncertainty_maps/weak_bg_entropy/radiopaedia_29_slice_0024.npy,3140,56821,0,0,3.184713256998428e-11,False
radiopaedia_29,25,/kaggle/working/scribble-uncertainty-lung-segmentation/data/pseudo_labels/weak_bg_entropy/radiopaedia_29_slice_0025.npy,/kaggle/working/scribble-uncertainty-lung-segmentation/data/pseudo_labels/weak_bg_confidence/radiopaedia_29_slice_0025.npy,/kaggle/working/scribble-uncertainty-lung-segmentation/outputs/uncertainty_maps/weak_bg_entropy/radiopaedia_29_slice_0025.npy,2143,56183,0,0,4.6663554964521126e-11,False
radiopaedia_29,26,/kaggle/working/scribble-uncertainty-lung-segmentation/data/pseudo_labels/weak_bg_entropy/radiopaedia_29_slice_0026.npy,/kaggle/working/scribble-uncertainty-lung-segmentation/data/pseudo_labels/weak_bg_confidence/radiopaedia_29_slice_0026.npy,/kaggle/working/scribble-uncertainty-lung-segmentation/outputs/uncertainty_maps/weak_bg_entropy/radiopaedia_29_slice_0026.npy,2287,56378,0,0,4.372540524100188e-11,False
radiopaedia_29,27,/kaggle/working/scribble-uncertainty-lung-segmentation/data/pseudo_labels/weak_bg_entropy/radiopaedia_29_slice_0027.npy,/kaggle/working/scribble-uncertainty-lung-segmentation/data/pseudo_labels/weak_bg_confidence/radiopaedia_29_slice_0027.npy,/kaggle/working/scribble-uncertainty-lung-segmentation/outputs/uncertainty_maps/weak_bg_entropy/radiopaedia_29_slice_0027.npy,2958,57257,0,0,3.3806627636190356e-11,False
radiopaedia_29,28,/kaggle/working/scribble-uncertainty-lung-segmentation/data/pseudo_labels/weak_bg_entropy/radiopaedia_29_slice_0028.npy,/kaggle/working/scribble-uncertainty-lung-segmentation/data/pseudo_labels/weak_bg_confidence/radiopaedia_29_slice_0028.npy,/kaggle/working/scribble-uncertainty-lung-segmentation/outputs/uncertainty_maps/weak_bg_entropy/radiopaedia_29_slice_0028.npy,3575,57949,0,0,2.7972027472067396e-11,False
radiopaedia_29,29,/kaggle/working/scribble-uncertainty-lung-segmentation/data/pseudo_labels/weak_bg_entropy/radiopaedia_29_slice_0029.npy,/kaggle/working/scribble-uncertainty-lung-segmentation/data/pseudo_labels/weak_bg_confidence/radiopaedia_29_slice_0029.npy,/kaggle/working/scribble-uncertainty-lung-segmentation/outputs/uncertainty_maps/weak_bg_entropy/radiopaedia_29_slice_0029.npy,3086,57928,0,0,3.240440901719488e-11,False
radiopaedia_29,30,/kaggle/working/scribble-uncertainty-lung-segmentation/data/pseudo_labels/weak_bg_entropy/radiopaedia_29_slice_0030.npy,/kaggle/working/scribble-uncertainty-lung-segmentation/data/pseudo_labels/weak_bg_confidence/radiopaedia_29_slice_0030.npy,/kaggle/working/scribble-uncertainty-lung-segmentation/outputs/uncertainty_maps/weak_bg_entropy/radiopaedia_29_slice_0030.npy,2928,58243,0,0,3.415300681153255e-11,False
radiopaedia_29,31,/kaggle/working/scribble-uncertainty-lung-segmentation/data/pseudo_labels/weak_bg_entropy/radiopaedia_29_slice_0031.npy,/kaggle/working/scribble-uncertainty-lung-segmentation/data/pseudo_labels/weak_bg_confidence/radiopaedia_29_slice_0031.npy,/kaggle/working/scribble-uncertainty-lung-segmentation/outputs/uncertainty_maps/weak_bg_entropy/radiopaedia_29_slice_0031.npy,2446,58228,0,0,4.088307470340169e-11,False
radiopaedia_29,32,/kaggle/working/scribble-uncertainty-lung-segmentation/data/pseudo_labels/weak_bg_entropy/radiopaedia_29_slice_0032.npy,/kaggle/working/scribble-uncertainty-lung-segmentation/data/pseudo_labels/weak_bg_confidence/radiopaedia_29_slice_0032.npy,/kaggle/working/scribble-uncertainty-lung-segmentation/outputs/uncertainty_maps/weak_bg_entropy/radiopaedia_29_slice_0032.npy,2720,59529,0,0,3.6764705863001623e-11,False
radiopaedia_29,33,/kaggle/working/scribble-uncertainty-lung-segmentation/data/pseudo_labels/weak_bg_entropy/radiopaedia_29_slice_0033.npy,/kaggle/working/scribble-uncertainty-lung-segmentation/data/pseudo_labels/weak_bg_confidence/radiopaedia_29_slice_0033.npy,/kaggle/working/scribble-uncertainty-lung-segmentation/outputs/uncertainty_maps/weak_bg_entropy/radiopaedia_29_slice_0033.npy,2360,60392,0,0,4.237288298014619e-11,False
radiopaedia_29,34,/kaggle/working/scribble-uncertainty-lung-segmentation/data/pseudo_labels/weak_bg_entropy/radiopaedia_29_slice_0034.npy,/kaggle/working/scribble-uncertainty-lung-segmentation/data/pseudo_labels/weak_bg_confidence/radiopaedia_29_slice_0034.npy,/kaggle/working/scribble-uncertainty-lung-segmentation/outputs/uncertainty_maps/weak_bg_entropy/radiopaedia_29_slice_0034.npy,3172,62940,0,0,3.152585137389252e-11,False
radiopaedia_29,35,/kaggle/working/scribble-uncertainty-lung-segmentation/data/pseudo_labels/weak_bg_entropy/radiopaedia_29_slice_0035.npy,/kaggle/working/scribble-uncertainty-lung-segmentation/data/pseudo_labels/weak_bg_confidence/radiopaedia_29_slice_0035.npy,/kaggle/working/scribble-uncertainty-lung-segmentation/outputs/uncertainty_maps/weak_bg_entropy/radiopaedia_29_slice_0035.npy,1974,63154,0,0,5.065856067965058e-11,False
radiopaedia_29,36,/kaggle/working/scribble-uncertainty-lung-segmentation/data/pseudo_labels/weak_bg_entropy/radiopaedia_29_slice_0036.npy,/kaggle/working/scribble-uncertainty-lung-segmentation/data/pseudo_labels/weak_bg_confidence/radiopaedia_29_slice_0036.npy,/kaggle/working/scribble-uncertainty-lung-segmentation/outputs/uncertainty_maps/weak_bg_entropy/radiopaedia_29_slice_0036.npy,836,63289,0,0,1.1961723278552938e-10,False
radiopaedia_29,37,/kaggle/working/scribble-uncertainty-lung-segmentation/data/pseudo_labels/weak_bg_entropy/radiopaedia_29_slice_0037.npy,/kaggle/working/scribble-uncertainty-lung-segmentation/data/pseudo_labels/weak_bg_confidence/radiopaedia_29_slice_0037.npy,/kaggle/working/scribble-uncertainty-lung-segmentation/outputs/uncertainty_maps/weak_bg_entropy/radiopaedia_29_slice_0037.npy,431,64027,0,0,2.3201857102250756e-10,False
radiopaedia_29,38,/kaggle/working/scribble-uncertainty-lung-segmentation/data/pseudo_labels/weak_bg_entropy/radiopaedia_29_slice_0038.npy,/kaggle/working/scribble-uncertainty-lung-segmentation/data/pseudo_labels/weak_bg_confidence/radiopaedia_29_slice_0038.npy,/kaggle/working/scribble-uncertainty-lung-segmentation/outputs/uncertainty_maps/weak_bg_entropy/radiopaedia_29_slice_0038.npy,0,64975,0,0,1.0,False
radiopaedia_29,39,/kaggle/working/scribble-uncertainty-lung-segmentation/data/pseudo_labels/weak_bg_entropy/radiopaedia_29_slice_0039.npy,/kaggle/working/scribble-uncertainty-lung-segmentation/data/pseudo_labels/weak_bg_confidence/radiopaedia_29_slice_0039.npy,/kaggle/working/scribble-uncertainty-lung-segmentation/outputs/uncertainty_maps/weak_bg_entropy/radiopaedia_29_slice_0039.npy,0,65525,0,0,1.0,False
radiopaedia_4,4,/kaggle/working/scribble-uncertainty-lung-segmentation/data/pseudo_labels/weak_bg_entropy/radiopaedia_4_slice_0004.npy,/kaggle/working/scribble-uncertainty-lung-segmentation/data/pseudo_labels/weak_bg_confidence/radiopaedia_4_slice_0004.npy,/kaggle/working/scribble-uncertainty-lung-segmentation/outputs/uncertainty_maps/weak_bg_entropy/radiopaedia_4_slice_0004.npy,6,65227,6,78,0.1428571492433548,True
radiopaedia_4,5,/kaggle/working/scribble-uncertainty-lung-segmentation/data/pseudo_labels/weak_bg_entropy/radiopaedia_4_slice_0005.npy,/kaggle/working/scribble-uncertainty-lung-segmentation/data/pseudo_labels/weak_bg_confidence/radiopaedia_4_slice_0005.npy,/kaggle/working/scribble-uncertainty-lung-segmentation/outputs/uncertainty_maps/weak_bg_entropy/radiopaedia_4_slice_0005.npy,261,64930,40,271,0.5375939607620239,True
radiopaedia_4,6,/kaggle/working/scribble-uncertainty-lung-segmentation/data/pseudo_labels/weak_bg_entropy/radiopaedia_4_slice_0006.npy,/kaggle/working/scribble-uncertainty-lung-segmentation/data/pseudo_labels/weak_bg_confidence/radiopaedia_4_slice_0006.npy,/kaggle/working/scribble-uncertainty-lung-segmentation/outputs/uncertainty_maps/weak_bg_entropy/radiopaedia_4_slice_0006.npy,968,64782,63,812,0.5112359523773193,True
radiopaedia_4,7,/kaggle/working/scribble-uncertainty-lung-segmentation/data/pseudo_labels/weak_bg_entropy/radiopaedia_4_slice_0007.npy,/kaggle/working/scribble-uncertainty-lung-segmentation/data/pseudo_labels/weak_bg_confidence/radiopaedia_4_slice_0007.npy,/kaggle/working/scribble-uncertainty-lung-segmentation/outputs/uncertainty_maps/weak_bg_entropy/radiopaedia_4_slice_0007.npy,1848,64599,97,1469,0.6047633290290833,True
radiopaedia_4,8,/kaggle/working/scribble-uncertainty-lung-segmentation/data/pseudo_labels/weak_bg_entropy/radiopaedia_4_slice_0008.npy,/kaggle/working/scribble-uncertainty-lung-segmentation/data/pseudo_labels/weak_bg_confidence/radiopaedia_4_slice_0008.npy,/kaggle/working/scribble-uncertainty-lung-segmentation/outputs/uncertainty_maps/weak_bg_entropy/radiopaedia_4_slice_0008.npy,2859,64317,159,2551,0.6184842586517334,True
radiopaedia_4,9,/kaggle/working/scribble-uncertainty-lung-segmentation/data/pseudo_labels/weak_bg_entropy/radiopaedia_4_slice_0009.npy,/kaggle/working/scribble-uncertainty-lung-segmentation/data/pseudo_labels/weak_bg_confidence/radiopaedia_4_slice_0009.npy,/kaggle/working/scribble-uncertainty-lung-segmentation/outputs/uncertainty_maps/weak_bg_entropy/radiopaedia_4_slice_0009.npy,4247,63174,180,3577,0.6342024803161621,True
radiopaedia_4,10,/kaggle/working/scribble-uncertainty-lung-segmentation/data/pseudo_labels/weak_bg_entropy/radiopaedia_4_slice_0010.npy,/kaggle/working/scribble-uncertainty-lung-segmentation/data/pseudo_labels/weak_bg_confidence/radiopaedia_4_slice_0010.npy,/kaggle/working/scribble-uncertainty-lung-segmentation/outputs/uncertainty_maps/weak_bg_entropy/radiopaedia_4_slice_0010.npy,6303,62638,215,4562,0.6628624200820923,True
radiopaedia_4,11,/kaggle/working/scribble-uncertainty-lung-segmentation/data/pseudo_labels/weak_bg_entropy/radiopaedia_4_slice_0011.npy,/kaggle/working/scribble-uncertainty-lung-segmentation/data/pseudo_labels/weak_bg_confidence/radiopaedia_4_slice_0011.npy,/kaggle/working/scribble-uncertainty-lung-segmentation/outputs/uncertainty_maps/weak_bg_entropy/radiopaedia_4_slice_0011.npy,8264,62351,194,6029,0.6740362644195557,True
radiopaedia_4,12,/kaggle/working/scribble-uncertainty-lung-segmentation/data/pseudo_labels/weak_bg_entropy/radiopaedia_4_slice_0012.npy,/kaggle/working/scribble-uncertainty-lung-segmentation/data/pseudo_labels/weak_bg_confidence/radiopaedia_4_slice_0012.npy,/kaggle/working/scribble-uncertainty-lung-segmentation/outputs/uncertainty_maps/weak_bg_entropy/radiopaedia_4_slice_0012.npy,9299,62820,242,6120,0.6584084630012512,True
radiopaedia_4,13,/kaggle/working/scribble-uncertainty-lung-segmentation/data/pseudo_labels/weak_bg_entropy/radiopaedia_4_slice_0013.npy,/kaggle/working/scribble-uncertainty-lung-segmentation/data/pseudo_labels/weak_bg_confidence/radiopaedia_4_slice_0013.npy,/kaggle/working/scribble-uncertainty-lung-segmentation/outputs/uncertainty_maps/weak_bg_entropy/radiopaedia_4_slice_0013.npy,10560,63150,309,6298,0.5769367814064026,True
radiopaedia_4,14,/kaggle/working/scribble-uncertainty-lung-segmentation/data/pseudo_labels/weak_bg_entropy/radiopaedia_4_slice_0014.npy,/kaggle/working/scribble-uncertainty-lung-segmentation/data/pseudo_labels/weak_bg_confidence/radiopaedia_4_slice_0014.npy,/kaggle/working/scribble-uncertainty-lung-segmentation/outputs/uncertainty_maps/weak_bg_entropy/radiopaedia_4_slice_0014.npy,10318,61680,259,5033,0.497817724943161,True
radiopaedia_4,15,/kaggle/working/scribble-uncertainty-lung-segmentation/data/pseudo_labels/weak_bg_entropy/radiopaedia_4_slice_0015.npy,/kaggle/working/scribble-uncertainty-lung-segmentation/data/pseudo_labels/weak_bg_confidence/radiopaedia_4_slice_0015.npy,/kaggle/working/scribble-uncertainty-lung-segmentation/outputs/uncertainty_maps/weak_bg_entropy/radiopaedia_4_slice_0015.npy,10354,61093,221,5316,0.510784924030304,True
radiopaedia_4,16,/kaggle/working/scribble-uncertainty-lung-segmentation/data/pseudo_labels/weak_bg_entropy/radiopaedia_4_slice_0016.npy,/kaggle/working/scribble-uncertainty-lung-segmentation/data/pseudo_labels/weak_bg_confidence/radiopaedia_4_slice_0016.npy,/kaggle/working/scribble-uncertainty-lung-segmentation/outputs/uncertainty_maps/weak_bg_entropy/radiopaedia_4_slice_0016.npy,8710,58827,230,4766,0.5532798767089844,True
radiopaedia_4,17,/kaggle/working/scribble-uncertainty-lung-segmentation/data/pseudo_labels/weak_bg_entropy/radiopaedia_4_slice_0017.npy,/kaggle/working/scribble-uncertainty-lung-segmentation/data/pseudo_labels/weak_bg_confidence/radiopaedia_4_slice_0017.npy,/kaggle/working/scribble-uncertainty-lung-segmentation/outputs/uncertainty_maps/weak_bg_entropy/radiopaedia_4_slice_0017.npy,7639,58213,185,3676,0.5318603515625,True
radiopaedia_4,18,/kaggle/working/scribble-uncertainty-lung-segmentation/data/pseudo_labels/weak_bg_entropy/radiopaedia_4_slice_0018.npy,/kaggle/working/scribble-uncertainty-lung-segmentation/data/pseudo_labels/weak_bg_confidence/radiopaedia_4_slice_0018.npy,/kaggle/working/scribble-uncertainty-lung-segmentation/outputs/uncertainty_maps/weak_bg_entropy/radiopaedia_4_slice_0018.npy,8217,59078,196,4001,0.5182517766952515,True
radiopaedia_4,19,/kaggle/working/scribble-uncertainty-lung-segmentation/data/pseudo_labels/weak_bg_entropy/radiopaedia_4_slice_0019.npy,/kaggle/working/scribble-uncertainty-lung-segmentation/data/pseudo_labels/weak_bg_confidence/radiopaedia_4_slice_0019.npy,/kaggle/working/scribble-uncertainty-lung-segmentation/outputs/uncertainty_maps/weak_bg_entropy/radiopaedia_4_slice_0019.npy,8254,59077,145,3438,0.4618542492389679,True
radiopaedia_4,20,/kaggle/working/scribble-uncertainty-lung-segmentation/data/pseudo_labels/weak_bg_entropy/radiopaedia_4_slice_0020.npy,/kaggle/working/scribble-uncertainty-lung-segmentation/data/pseudo_labels/weak_bg_confidence/radiopaedia_4_slice_0020.npy,/kaggle/working/scribble-uncertainty-lung-segmentation/outputs/uncertainty_maps/weak_bg_entropy/radiopaedia_4_slice_0020.npy,8173,59373,111,2579,0.4015997052192688,True
radiopaedia_4,21,/kaggle/working/scribble-uncertainty-lung-segmentation/data/pseudo_labels/weak_bg_entropy/radiopaedia_4_slice_0021.npy,/kaggle/working/scribble-uncertainty-lung-segmentation/data/pseudo_labels/weak_bg_confidence/radiopaedia_4_slice_0021.npy,/kaggle/working/scribble-uncertainty-lung-segmentation/outputs/uncertainty_maps/weak_bg_entropy/radiopaedia_4_slice_0021.npy,7233,58692,86,2033,0.37988343834877014,True
radiopaedia_4,22,/kaggle/working/scribble-uncertainty-lung-segmentation/data/pseudo_labels/weak_bg_entropy/radiopaedia_4_slice_0022.npy,/kaggle/working/scribble-uncertainty-lung-segmentation/data/pseudo_labels/weak_bg_confidence/radiopaedia_4_slice_0022.npy,/kaggle/working/scribble-uncertainty-lung-segmentation/outputs/uncertainty_maps/weak_bg_entropy/radiopaedia_4_slice_0022.npy,6835,58412,86,1646,0.334158718585968,True
radiopaedia_4,23,/kaggle/working/scribble-uncertainty-lung-segmentation/data/pseudo_labels/weak_bg_entropy/radiopaedia_4_slice_0023.npy,/kaggle/working/scribble-uncertainty-lung-segmentation/data/pseudo_labels/weak_bg_confidence/radiopaedia_4_slice_0023.npy,/kaggle/working/scribble-uncertainty-lung-segmentation/outputs/uncertainty_maps/weak_bg_entropy/radiopaedia_4_slice_0023.npy,5809,57585,68,1272,0.27623218297958374,True
radiopaedia_4,24,/kaggle/working/scribble-uncertainty-lung-segmentation/data/pseudo_labels/weak_bg_entropy/radiopaedia_4_slice_0024.npy,/kaggle/working/scribble-uncertainty-lung-segmentation/data/pseudo_labels/weak_bg_confidence/radiopaedia_4_slice_0024.npy,/kaggle/working/scribble-uncertainty-lung-segmentation/outputs/uncertainty_maps/weak_bg_entropy/radiopaedia_4_slice_0024.npy,6016,58040,46,933,0.23744423687458038,True
radiopaedia_4,25,/kaggle/working/scribble-uncertainty-lung-segmentation/data/pseudo_labels/weak_bg_entropy/radiopaedia_4_slice_0025.npy,/kaggle/working/scribble-uncertainty-lung-segmentation/data/pseudo_labels/weak_bg_confidence/radiopaedia_4_slice_0025.npy,/kaggle/working/scribble-uncertainty-lung-segmentation/outputs/uncertainty_maps/weak_bg_entropy/radiopaedia_4_slice_0025.npy,5690,58034,30,843,0.21888871490955353,True
radiopaedia_4,26,/kaggle/working/scribble-uncertainty-lung-segmentation/data/pseudo_labels/weak_bg_entropy/radiopaedia_4_slice_0026.npy,/kaggle/working/scribble-uncertainty-lung-segmentation/data/pseudo_labels/weak_bg_confidence/radiopaedia_4_slice_0026.npy,/kaggle/working/scribble-uncertainty-lung-segmentation/outputs/uncertainty_maps/weak_bg_entropy/radiopaedia_4_slice_0026.npy,6724,59197,16,625,0.1570281684398651,True
radiopaedia_4,27,/kaggle/working/scribble-uncertainty-lung-segmentation/data/pseudo_labels/weak_bg_entropy/radiopaedia_4_slice_0027.npy,/kaggle/working/scribble-uncertainty-lung-segmentation/data/pseudo_labels/weak_bg_confidence/radiopaedia_4_slice_0027.npy,/kaggle/working/scribble-uncertainty-lung-segmentation/outputs/uncertainty_maps/weak_bg_entropy/radiopaedia_4_slice_0027.npy,6391,59432,20,551,0.13367906212806702,True
radiopaedia_4,28,/kaggle/working/scribble-uncertainty-lung-segmentation/data/pseudo_labels/weak_bg_entropy/radiopaedia_4_slice_0028.npy,/kaggle/working/scribble-uncertainty-lung-segmentation/data/pseudo_labels/weak_bg_confidence/radiopaedia_4_slice_0028.npy,/kaggle/working/scribble-uncertainty-lung-segmentation/outputs/uncertainty_maps/weak_bg_entropy/radiopaedia_4_slice_0028.npy,5659,59571,4,72,0.02512650564312935,True
radiopaedia_4,29,/kaggle/working/scribble-uncertainty-lung-segmentation/data/pseudo_labels/weak_bg_entropy/radiopaedia_4_slice_0029.npy,/kaggle/working/scribble-uncertainty-lung-segmentation/data/pseudo_labels/weak_bg_confidence/radiopaedia_4_slice_0029.npy,/kaggle/working/scribble-uncertainty-lung-segmentation/outputs/uncertainty_maps/weak_bg_entropy/radiopaedia_4_slice_0029.npy,4455,59474,4,76,0.033546678721904755,True
radiopaedia_4,30,/kaggle/working/scribble-uncertainty-lung-segmentation/data/pseudo_labels/weak_bg_entropy/radiopaedia_4_slice_0030.npy,/kaggle/working/scribble-uncertainty-lung-segmentation/data/pseudo_labels/weak_bg_confidence/radiopaedia_4_slice_0030.npy,/kaggle/working/scribble-uncertainty-lung-segmentation/outputs/uncertainty_maps/weak_bg_entropy/radiopaedia_4_slice_0030.npy,4813,61096,0,0,2.077706236225385e-11,False
radiopaedia_4,31,/kaggle/working/scribble-uncertainty-lung-segmentation/data/pseudo_labels/weak_bg_entropy/radiopaedia_4_slice_0031.npy,/kaggle/working/scribble-uncertainty-lung-segmentation/data/pseudo_labels/weak_bg_confidence/radiopaedia_4_slice_0031.npy,/kaggle/working/scribble-uncertainty-lung-segmentation/outputs/uncertainty_maps/weak_bg_entropy/radiopaedia_4_slice_0031.npy,4441,62502,0,0,2.2517451445103198e-11,False
radiopaedia_4,32,/kaggle/working/scribble-uncertainty-lung-segmentation/data/pseudo_labels/weak_bg_entropy/radiopaedia_4_slice_0032.npy,/kaggle/working/scribble-uncertainty-lung-segmentation/data/pseudo_labels/weak_bg_confidence/radiopaedia_4_slice_0032.npy,/kaggle/working/scribble-uncertainty-lung-segmentation/outputs/uncertainty_maps/weak_bg_entropy/radiopaedia_4_slice_0032.npy,3625,63507,0,0,2.7586207623775394e-11,False
radiopaedia_4,33,/kaggle/working/scribble-uncertainty-lung-segmentation/data/pseudo_labels/weak_bg_entropy/radiopaedia_4_slice_0033.npy,/kaggle/working/scribble-uncertainty-lung-segmentation/data/pseudo_labels/weak_bg_confidence/radiopaedia_4_slice_0033.npy,/kaggle/working/scribble-uncertainty-lung-segmentation/outputs/uncertainty_maps/weak_bg_entropy/radiopaedia_4_slice_0033.npy,2136,63829,0,0,4.681648124726934e-11,False
radiopaedia_4,34,/kaggle/working/scribble-uncertainty-lung-segmentation/data/pseudo_labels/weak_bg_entropy/radiopaedia_4_slice_0034.npy,/kaggle/working/scribble-uncertainty-lung-segmentation/data/pseudo_labels/weak_bg_confidence/radiopaedia_4_slice_0034.npy,/kaggle/working/scribble-uncertainty-lung-segmentation/outputs/uncertainty_maps/weak_bg_entropy/radiopaedia_4_slice_0034.npy,858,64458,0,0,1.1655011677991212e-10,False
radiopaedia_4,35,/kaggle/working/scribble-uncertainty-lung-segmentation/data/pseudo_labels/weak_bg_entropy/radiopaedia_4_slice_0035.npy,/kaggle/working/scribble-uncertainty-lung-segmentation/data/pseudo_labels/weak_bg_confidence/radiopaedia_4_slice_0035.npy,/kaggle/working/scribble-uncertainty-lung-segmentation/outputs/uncertainty_maps/weak_bg_entropy/radiopaedia_4_slice_0035.npy,0,65460,0,0,1.0,False
radiopaedia_40,9,/kaggle/working/scribble-uncertainty-lung-segmentation/data/pseudo_labels/weak_bg_entropy/radiopaedia_40_slice_0009.npy,/kaggle/working/scribble-uncertainty-lung-segmentation/data/pseudo_labels/weak_bg_confidence/radiopaedia_40_slice_0009.npy,/kaggle/working/scribble-uncertainty-lung-segmentation/outputs/uncertainty_maps/weak_bg_entropy/radiopaedia_40_slice_0009.npy,0,65506,0,0,1.0,False
radiopaedia_40,10,/kaggle/working/scribble-uncertainty-lung-segmentation/data/pseudo_labels/weak_bg_entropy/radiopaedia_40_slice_0010.npy,/kaggle/working/scribble-uncertainty-lung-segmentation/data/pseudo_labels/weak_bg_confidence/radiopaedia_40_slice_0010.npy,/kaggle/working/scribble-uncertainty-lung-segmentation/outputs/uncertainty_maps/weak_bg_entropy/radiopaedia_40_slice_0010.npy,0,65427,0,0,1.0,False
radiopaedia_40,11,/kaggle/working/scribble-uncertainty-lung-segmentation/data/pseudo_labels/weak_bg_entropy/radiopaedia_40_slice_0011.npy,/kaggle/working/scribble-uncertainty-lung-segmentation/data/pseudo_labels/weak_bg_confidence/radiopaedia_40_slice_0011.npy,/kaggle/working/scribble-uncertainty-lung-segmentation/outputs/uncertainty_maps/weak_bg_entropy/radiopaedia_40_slice_0011.npy,34,65403,11,93,0.29921260476112366,True
radiopaedia_40,12,/kaggle/working/scribble-uncertainty-lung-segmentation/data/pseudo_labels/weak_bg_entropy/radiopaedia_40_slice_0012.npy,/kaggle/working/scribble-uncertainty-lung-segmentation/data/pseudo_labels/weak_bg_confidence/radiopaedia_40_slice_0012.npy,/kaggle/working/scribble-uncertainty-lung-segmentation/outputs/uncertainty_maps/weak_bg_entropy/radiopaedia_40_slice_0012.npy,86,65365,24,204,0.35172414779663086,True
radiopaedia_40,13,/kaggle/working/scribble-uncertainty-lung-segmentation/data/pseudo_labels/weak_bg_entropy/radiopaedia_40_slice_0013.npy,/kaggle/working/scribble-uncertainty-lung-segmentation/data/pseudo_labels/weak_bg_confidence/radiopaedia_40_slice_0013.npy,/kaggle/working/scribble-uncertainty-lung-segmentation/outputs/uncertainty_maps/weak_bg_entropy/radiopaedia_40_slice_0013.npy,135,65290,22,257,0.37755101919174194,True
radiopaedia_40,14,/kaggle/working/scribble-uncertainty-lung-segmentation/data/pseudo_labels/weak_bg_entropy/radiopaedia_40_slice_0014.npy,/kaggle/working/scribble-uncertainty-lung-segmentation/data/pseudo_labels/weak_bg_confidence/radiopaedia_40_slice_0014.npy,/kaggle/working/scribble-uncertainty-lung-segmentation/outputs/uncertainty_maps/weak_bg_entropy/radiopaedia_40_slice_0014.npy,279,65312,40,475,0.6949602365493774,True
radiopaedia_40,15,/kaggle/working/scribble-uncertainty-lung-segmentation/data/pseudo_labels/weak_bg_entropy/radiopaedia_40_slice_0015.npy,/kaggle/working/scribble-uncertainty-lung-segmentation/data/pseudo_labels/weak_bg_confidence/radiopaedia_40_slice_0015.npy,/kaggle/working/scribble-uncertainty-lung-segmentation/outputs/uncertainty_maps/weak_bg_entropy/radiopaedia_40_slice_0015.npy,393,65283,35,555,0.799578070640564,True
radiopaedia_40,16,/kaggle/working/scribble-uncertainty-lung-segmentation/data/pseudo_labels/weak_bg_entropy/radiopaedia_40_slice_0016.npy,/kaggle/working/scribble-uncertainty-lung-segmentation/data/pseudo_labels/weak_bg_confidence/radiopaedia_40_slice_0016.npy,/kaggle/working/scribble-uncertainty-lung-segmentation/outputs/uncertainty_maps/weak_bg_entropy/radiopaedia_40_slice_0016.npy,522,65240,33,750,0.794025182723999,True
radiopaedia_40,17,/kaggle/working/scribble-uncertainty-lung-segmentation/data/pseudo_labels/weak_bg_entropy/radiopaedia_40_slice_0017.npy,/kaggle/working/scribble-uncertainty-lung-segmentation/data/pseudo_labels/weak_bg_confidence/radiopaedia_40_slice_0017.npy,/kaggle/working/scribble-uncertainty-lung-segmentation/outputs/uncertainty_maps/weak_bg_entropy/radiopaedia_40_slice_0017.npy,638,65165,27,815,0.762560248374939,True
radiopaedia_40,18,/kaggle/working/scribble-uncertainty-lung-segmentation/data/pseudo_labels/weak_bg_entropy/radiopaedia_40_slice_0018.npy,/kaggle/working/scribble-uncertainty-lung-segmentation/data/pseudo_labels/weak_bg_confidence/radiopaedia_40_slice_0018.npy,/kaggle/working/scribble-uncertainty-lung-segmentation/outputs/uncertainty_maps/weak_bg_entropy/radiopaedia_40_slice_0018.npy,794,65133,40,984,0.7952755689620972,True
radiopaedia_40,19,/kaggle/working/scribble-uncertainty-lung-segmentation/data/pseudo_labels/weak_bg_entropy/radiopaedia_40_slice_0019.npy,/kaggle/working/scribble-uncertainty-lung-segmentation/data/pseudo_labels/weak_bg_confidence/radiopaedia_40_slice_0019.npy,/kaggle/working/scribble-uncertainty-lung-segmentation/outputs/uncertainty_maps/weak_bg_entropy/radiopaedia_40_slice_0019.npy,1034,64974,63,1277,0.7451319694519043,True
radiopaedia_40,20,/kaggle/working/scribble-uncertainty-lung-segmentation/data/pseudo_labels/weak_bg_entropy/radiopaedia_40_slice_0020.npy,/kaggle/working/scribble-uncertainty-lung-segmentation/data/pseudo_labels/weak_bg_confidence/radiopaedia_40_slice_0020.npy,/kaggle/working/scribble-uncertainty-lung-segmentation/outputs/uncertainty_maps/weak_bg_entropy/radiopaedia_40_slice_0020.npy,1282,64880,94,1375,0.7331576943397522,True
radiopaedia_40,21,/kaggle/working/scribble-uncertainty-lung-segmentation/data/pseudo_labels/weak_bg_entropy/radiopaedia_40_slice_0021.npy,/kaggle/working/scribble-uncertainty-lung-segmentation/data/pseudo_labels/weak_bg_confidence/radiopaedia_40_slice_0021.npy,/kaggle/working/scribble-uncertainty-lung-segmentation/outputs/uncertainty_maps/weak_bg_entropy/radiopaedia_40_slice_0021.npy,1537,64635,117,1808,0.7097160220146179,True
radiopaedia_40,22,/kaggle/working/scribble-uncertainty-lung-segmentation/data/pseudo_labels/weak_bg_entropy/radiopaedia_40_slice_0022.npy,/kaggle/working/scribble-uncertainty-lung-segmentation/data/pseudo_labels/weak_bg_confidence/radiopaedia_40_slice_0022.npy,/kaggle/working/scribble-uncertainty-lung-segmentation/outputs/uncertainty_maps/weak_bg_entropy/radiopaedia_40_slice_0022.npy,1951,64415,133,2030,0.7234362959861755,True
radiopaedia_40,23,/kaggle/working/scribble-uncertainty-lung-segmentation/data/pseudo_labels/weak_bg_entropy/radiopaedia_40_slice_0023.npy,/kaggle/working/scribble-uncertainty-lung-segmentation/data/pseudo_labels/weak_bg_confidence/radiopaedia_40_slice_0023.npy,/kaggle/working/scribble-uncertainty-lung-segmentation/outputs/uncertainty_maps/weak_bg_entropy/radiopaedia_40_slice_0023.npy,2331,64273,131,2366,0.720885694026947,True
radiopaedia_40,24,/kaggle/working/scribble-uncertainty-lung-segmentation/data/pseudo_labels/weak_bg_entropy/radiopaedia_40_slice_0024.npy,/kaggle/working/scribble-uncertainty-lung-segmentation/data/pseudo_labels/weak_bg_confidence/radiopaedia_40_slice_0024.npy,/kaggle/working/scribble-uncertainty-lung-segmentation/outputs/uncertainty_maps/weak_bg_entropy/radiopaedia_40_slice_0024.npy,2938,64306,173,2848,0.7321119904518127,True
radiopaedia_40,25,/kaggle/working/scribble-uncertainty-lung-segmentation/data/pseudo_labels/weak_bg_entropy/radiopaedia_40_slice_0025.npy,/kaggle/working/scribble-uncertainty-lung-segmentation/data/pseudo_labels/weak_bg_confidence/radiopaedia_40_slice_0025.npy,/kaggle/working/scribble-uncertainty-lung-segmentation/outputs/uncertainty_maps/weak_bg_entropy/radiopaedia_40_slice_0025.npy,3744,64372,214,3685,0.7731861472129822,True
radiopaedia_40,26,/kaggle/working/scribble-uncertainty-lung-segmentation/data/pseudo_labels/weak_bg_entropy/radiopaedia_40_slice_0026.npy,/kaggle/working/scribble-uncertainty-lung-segmentation/data/pseudo_labels/weak_bg_confidence/radiopaedia_40_slice_0026.npy,/kaggle/working/scribble-uncertainty-lung-segmentation/outputs/uncertainty_maps/weak_bg_entropy/radiopaedia_40_slice_0026.npy,4400,64181,224,4407,0.7723401784896851,True
radiopaedia_40,27,/kaggle/working/scribble-uncertainty-lung-segmentation/data/pseudo_labels/weak_bg_entropy/radiopaedia_40_slice_0027.npy,/kaggle/working/scribble-uncertainty-lung-segmentation/data/pseudo_labels/weak_bg_confidence/radiopaedia_40_slice_0027.npy,/kaggle/working/scribble-uncertainty-lung-segmentation/outputs/uncertainty_maps/weak_bg_entropy/radiopaedia_40_slice_0027.npy,5571,64028,286,5351,0.8278703689575195,True
radiopaedia_40,28,/kaggle/working/scribble-uncertainty-lung-segmentation/data/pseudo_labels/weak_bg_entropy/radiopaedia_40_slice_0028.npy,/kaggle/working/scribble-uncertainty-lung-segmentation/data/pseudo_labels/weak_bg_confidence/radiopaedia_40_slice_0028.npy,/kaggle/working/scribble-uncertainty-lung-segmentation/outputs/uncertainty_maps/weak_bg_entropy/radiopaedia_40_slice_0028.npy,7127,64400,309,6168,0.833095133304596,True
radiopaedia_40,29,/kaggle/working/scribble-uncertainty-lung-segmentation/data/pseudo_labels/weak_bg_entropy/radiopaedia_40_slice_0029.npy,/kaggle/working/scribble-uncertainty-lung-segmentation/data/pseudo_labels/weak_bg_confidence/radiopaedia_40_slice_0029.npy,/kaggle/working/scribble-uncertainty-lung-segmentation/outputs/uncertainty_maps/weak_bg_entropy/radiopaedia_40_slice_0029.npy,7481,64692,293,6330,0.8345521688461304,True
radiopaedia_40,30,/kaggle/working/scribble-uncertainty-lung-segmentation/data/pseudo_labels/weak_bg_entropy/radiopaedia_40_slice_0030.npy,/kaggle/working/scribble-uncertainty-lung-segmentation/data/pseudo_labels/weak_bg_confidence/radiopaedia_40_slice_0030.npy,/kaggle/working/scribble-uncertainty-lung-segmentation/outputs/uncertainty_maps/weak_bg_entropy/radiopaedia_40_slice_0030.npy,7364,64644,284,6267,0.8253246545791626,True
radiopaedia_40,31,/kaggle/working/scribble-uncertainty-lung-segmentation/data/pseudo_labels/weak_bg_entropy/radiopaedia_40_slice_0031.npy,/kaggle/working/scribble-uncertainty-lung-segmentation/data/pseudo_labels/weak_bg_confidence/radiopaedia_40_slice_0031.npy,/kaggle/working/scribble-uncertainty-lung-segmentation/outputs/uncertainty_maps/weak_bg_entropy/radiopaedia_40_slice_0031.npy,7251,64681,361,6280,0.8363018035888672,True
radiopaedia_40,32,/kaggle/working/scribble-uncertainty-lung-segmentation/data/pseudo_labels/weak_bg_entropy/radiopaedia_40_slice_0032.npy,/kaggle/working/scribble-uncertainty-lung-segmentation/data/pseudo_labels/weak_bg_confidence/radiopaedia_40_slice_0032.npy,/kaggle/working/scribble-uncertainty-lung-segmentation/outputs/uncertainty_maps/weak_bg_entropy/radiopaedia_40_slice_0032.npy,7157,64611,281,6552,0.8511196970939636,True
radiopaedia_40,33,/kaggle/working/scribble-uncertainty-lung-segmentation/data/pseudo_labels/weak_bg_entropy/radiopaedia_40_slice_0033.npy,/kaggle/working/scribble-uncertainty-lung-segmentation/data/pseudo_labels/weak_bg_confidence/radiopaedia_40_slice_0033.npy,/kaggle/working/scribble-uncertainty-lung-segmentation/outputs/uncertainty_maps/weak_bg_entropy/radiopaedia_40_slice_0033.npy,7104,64632,247,5889,0.8167474865913391,True
radiopaedia_40,34,/kaggle/working/scribble-uncertainty-lung-segmentation/data/pseudo_labels/weak_bg_entropy/radiopaedia_40_slice_0034.npy,/kaggle/working/scribble-uncertainty-lung-segmentation/data/pseudo_labels/weak_bg_confidence/radiopaedia_40_slice_0034.npy,/kaggle/working/scribble-uncertainty-lung-segmentation/outputs/uncertainty_maps/weak_bg_entropy/radiopaedia_40_slice_0034.npy,7035,64760,297,5830,0.8226972222328186,True
radiopaedia_40,35,/kaggle/working/scribble-uncertainty-lung-segmentation/data/pseudo_labels/weak_bg_entropy/radiopaedia_40_slice_0035.npy,/kaggle/working/scribble-uncertainty-lung-segmentation/data/pseudo_labels/weak_bg_confidence/radiopaedia_40_slice_0035.npy,/kaggle/working/scribble-uncertainty-lung-segmentation/outputs/uncertainty_maps/weak_bg_entropy/radiopaedia_40_slice_0035.npy,6978,64610,221,6073,0.8269098401069641,True
radiopaedia_40,36,/kaggle/working/scribble-uncertainty-lung-segmentation/data/pseudo_labels/weak_bg_entropy/radiopaedia_40_slice_0036.npy,/kaggle/working/scribble-uncertainty-lung-segmentation/data/pseudo_labels/weak_bg_confidence/radiopaedia_40_slice_0036.npy,/kaggle/working/scribble-uncertainty-lung-segmentation/outputs/uncertainty_maps/weak_bg_entropy/radiopaedia_40_slice_0036.npy,6716,64481,235,5924,0.8335443139076233,True
radiopaedia_40,37,/kaggle/working/scribble-uncertainty-lung-segmentation/data/pseudo_labels/weak_bg_entropy/radiopaedia_40_slice_0037.npy,/kaggle/working/scribble-uncertainty-lung-segmentation/data/pseudo_labels/weak_bg_confidence/radiopaedia_40_slice_0037.npy,/kaggle/working/scribble-uncertainty-lung-segmentation/outputs/uncertainty_maps/weak_bg_entropy/radiopaedia_40_slice_0037.npy,6464,64565,237,5718,0.8251518607139587,True
radiopaedia_40,38,/kaggle/working/scribble-uncertainty-lung-segmentation/data/pseudo_labels/weak_bg_entropy/radiopaedia_40_slice_0038.npy,/kaggle/working/scribble-uncertainty-lung-segmentation/data/pseudo_labels/weak_bg_confidence/radiopaedia_40_slice_0038.npy,/kaggle/working/scribble-uncertainty-lung-segmentation/outputs/uncertainty_maps/weak_bg_entropy/radiopaedia_40_slice_0038.npy,6502,64606,232,5306,0.811145007610321,True
radiopaedia_40,39,/kaggle/working/scribble-uncertainty-lung-segmentation/data/pseudo_labels/weak_bg_entropy/radiopaedia_40_slice_0039.npy,/kaggle/working/scribble-uncertainty-lung-segmentation/data/pseudo_labels/weak_bg_confidence/radiopaedia_40_slice_0039.npy,/kaggle/working/scribble-uncertainty-lung-segmentation/outputs/uncertainty_maps/weak_bg_entropy/radiopaedia_40_slice_0039.npy,6483,64408,265,5407,0.7801513671875,True
radiopaedia_40,40,/kaggle/working/scribble-uncertainty-lung-segmentation/data/pseudo_labels/weak_bg_entropy/radiopaedia_40_slice_0040.npy,/kaggle/working/scribble-uncertainty-lung-segmentation/data/pseudo_labels/weak_bg_confidence/radiopaedia_40_slice_0040.npy,/kaggle/working/scribble-uncertainty-lung-segmentation/outputs/uncertainty_maps/weak_bg_entropy/radiopaedia_40_slice_0040.npy,6503,64339,244,5682,0.7780057191848755,True
radiopaedia_40,41,/kaggle/working/scribble-uncertainty-lung-segmentation/data/pseudo_labels/weak_bg_entropy/radiopaedia_40_slice_0041.npy,/kaggle/working/scribble-uncertainty-lung-segmentation/data/pseudo_labels/weak_bg_confidence/radiopaedia_40_slice_0041.npy,/kaggle/working/scribble-uncertainty-lung-segmentation/outputs/uncertainty_maps/weak_bg_entropy/radiopaedia_40_slice_0041.npy,6415,64355,253,5247,0.7477276921272278,True
radiopaedia_40,42,/kaggle/working/scribble-uncertainty-lung-segmentation/data/pseudo_labels/weak_bg_entropy/radiopaedia_40_slice_0042.npy,/kaggle/working/scribble-uncertainty-lung-segmentation/data/pseudo_labels/weak_bg_confidence/radiopaedia_40_slice_0042.npy,/kaggle/working/scribble-uncertainty-lung-segmentation/outputs/uncertainty_maps/weak_bg_entropy/radiopaedia_40_slice_0042.npy,6549,64386,204,5098,0.7437108159065247,True
radiopaedia_40,43,/kaggle/working/scribble-uncertainty-lung-segmentation/data/pseudo_labels/weak_bg_entropy/radiopaedia_40_slice_0043.npy,/kaggle/working/scribble-uncertainty-lung-segmentation/data/pseudo_labels/weak_bg_confidence/radiopaedia_40_slice_0043.npy,/kaggle/working/scribble-uncertainty-lung-segmentation/outputs/uncertainty_maps/weak_bg_entropy/radiopaedia_40_slice_0043.npy,6562,64394,214,5237,0.7561658024787903,True
radiopaedia_40,44,/kaggle/working/scribble-uncertainty-lung-segmentation/data/pseudo_labels/weak_bg_entropy/radiopaedia_40_slice_0044.npy,/kaggle/working/scribble-uncertainty-lung-segmentation/data/pseudo_labels/weak_bg_confidence/radiopaedia_40_slice_0044.npy,/kaggle/working/scribble-uncertainty-lung-segmentation/outputs/uncertainty_maps/weak_bg_entropy/radiopaedia_40_slice_0044.npy,6676,64414,234,5485,0.7665488123893738,True
radiopaedia_40,45,/kaggle/working/scribble-uncertainty-lung-segmentation/data/pseudo_labels/weak_bg_entropy/radiopaedia_40_slice_0045.npy,/kaggle/working/scribble-uncertainty-lung-segmentation/data/pseudo_labels/weak_bg_confidence/radiopaedia_40_slice_0045.npy,/kaggle/working/scribble-uncertainty-lung-segmentation/outputs/uncertainty_maps/weak_bg_entropy/radiopaedia_40_slice_0045.npy,6712,64197,212,5530,0.7363175749778748,True
radiopaedia_40,46,/kaggle/working/scribble-uncertainty-lung-segmentation/data/pseudo_labels/weak_bg_entropy/radiopaedia_40_slice_0046.npy,/kaggle/working/scribble-uncertainty-lung-segmentation/data/pseudo_labels/weak_bg_confidence/radiopaedia_40_slice_0046.npy,/kaggle/working/scribble-uncertainty-lung-segmentation/outputs/uncertainty_maps/weak_bg_entropy/radiopaedia_40_slice_0046.npy,6947,64434,190,5272,0.7452328205108643,True
radiopaedia_40,47,/kaggle/working/scribble-uncertainty-lung-segmentation/data/pseudo_labels/weak_bg_entropy/radiopaedia_40_slice_0047.npy,/kaggle/working/scribble-uncertainty-lung-segmentation/data/pseudo_labels/weak_bg_confidence/radiopaedia_40_slice_0047.npy,/kaggle/working/scribble-uncertainty-lung-segmentation/outputs/uncertainty_maps/weak_bg_entropy/radiopaedia_40_slice_0047.npy,7012,64394,259,5393,0.7297057509422302,True
radiopaedia_40,48,/kaggle/working/scribble-uncertainty-lung-segmentation/data/pseudo_labels/weak_bg_entropy/radiopaedia_40_slice_0048.npy,/kaggle/working/scribble-uncertainty-lung-segmentation/data/pseudo_labels/weak_bg_confidence/radiopaedia_40_slice_0048.npy,/kaggle/working/scribble-uncertainty-lung-segmentation/outputs/uncertainty_maps/weak_bg_entropy/radiopaedia_40_slice_0048.npy,6959,64168,266,5720,0.7358624339103699,True
radiopaedia_40,49,/kaggle/working/scribble-uncertainty-lung-segmentation/data/pseudo_labels/weak_bg_entropy/radiopaedia_40_slice_0049.npy,/kaggle/working/scribble-uncertainty-lung-segmentation/data/pseudo_labels/weak_bg_confidence/radiopaedia_40_slice_0049.npy,/kaggle/working/scribble-uncertainty-lung-segmentation/outputs/uncertainty_maps/weak_bg_entropy/radiopaedia_40_slice_0049.npy,6983,64212,257,5596,0.7413944005966187,True
radiopaedia_40,50,/kaggle/working/scribble-uncertainty-lung-segmentation/data/pseudo_labels/weak_bg_entropy/radiopaedia_40_slice_0050.npy,/kaggle/working/scribble-uncertainty-lung-segmentation/data/pseudo_labels/weak_bg_confidence/radiopaedia_40_slice_0050.npy,/kaggle/working/scribble-uncertainty-lung-segmentation/outputs/uncertainty_maps/weak_bg_entropy/radiopaedia_40_slice_0050.npy,7245,64265,290,5370,0.7031311988830566,True
radiopaedia_40,51,/kaggle/working/scribble-uncertainty-lung-segmentation/data/pseudo_labels/weak_bg_entropy/radiopaedia_40_slice_0051.npy,/kaggle/working/scribble-uncertainty-lung-segmentation/data/pseudo_labels/weak_bg_confidence/radiopaedia_40_slice_0051.npy,/kaggle/working/scribble-uncertainty-lung-segmentation/outputs/uncertainty_maps/weak_bg_entropy/radiopaedia_40_slice_0051.npy,7204,64300,251,5082,0.6825655102729797,True
radiopaedia_40,52,/kaggle/working/scribble-uncertainty-lung-segmentation/data/pseudo_labels/weak_bg_entropy/radiopaedia_40_slice_0052.npy,/kaggle/working/scribble-uncertainty-lung-segmentation/data/pseudo_labels/weak_bg_confidence/radiopaedia_40_slice_0052.npy,/kaggle/working/scribble-uncertainty-lung-segmentation/outputs/uncertainty_maps/weak_bg_entropy/radiopaedia_40_slice_0052.npy,7184,64293,291,5143,0.6828911900520325,True
radiopaedia_40,53,/kaggle/working/scribble-uncertainty-lung-segmentation/data/pseudo_labels/weak_bg_entropy/radiopaedia_40_slice_0053.npy,/kaggle/working/scribble-uncertainty-lung-segmentation/data/pseudo_labels/weak_bg_confidence/radiopaedia_40_slice_0053.npy,/kaggle/working/scribble-uncertainty-lung-segmentation/outputs/uncertainty_maps/weak_bg_entropy/radiopaedia_40_slice_0053.npy,6933,64219,297,4877,0.6841659545898438,True
radiopaedia_40,54,/kaggle/working/scribble-uncertainty-lung-segmentation/data/pseudo_labels/weak_bg_entropy/radiopaedia_40_slice_0054.npy,/kaggle/working/scribble-uncertainty-lung-segmentation/data/pseudo_labels/weak_bg_confidence/radiopaedia_40_slice_0054.npy,/kaggle/working/scribble-uncertainty-lung-segmentation/outputs/uncertainty_maps/weak_bg_entropy/radiopaedia_40_slice_0054.npy,6800,64232,314,4944,0.6842643022537231,True
radiopaedia_40,55,/kaggle/working/scribble-uncertainty-lung-segmentation/data/pseudo_labels/weak_bg_entropy/radiopaedia_40_slice_0055.npy,/kaggle/working/scribble-uncertainty-lung-segmentation/data/pseudo_labels/weak_bg_confidence/radiopaedia_40_slice_0055.npy,/kaggle/working/scribble-uncertainty-lung-segmentation/outputs/uncertainty_maps/weak_bg_entropy/radiopaedia_40_slice_0055.npy,6941,64166,322,5045,0.6772902011871338,True
radiopaedia_40,56,/kaggle/working/scribble-uncertainty-lung-segmentation/data/pseudo_labels/weak_bg_entropy/radiopaedia_40_slice_0056.npy,/kaggle/working/scribble-uncertainty-lung-segmentation/data/pseudo_labels/weak_bg_confidence/radiopaedia_40_slice_0056.npy,/kaggle/working/scribble-uncertainty-lung-segmentation/outputs/uncertainty_maps/weak_bg_entropy/radiopaedia_40_slice_0056.npy,6910,64225,283,5116,0.6798602938652039,True
radiopaedia_40,57,/kaggle/working/scribble-uncertainty-lung-segmentation/data/pseudo_labels/weak_bg_entropy/radiopaedia_40_slice_0057.npy,/kaggle/working/scribble-uncertainty-lung-segmentation/data/pseudo_labels/weak_bg_confidence/radiopaedia_40_slice_0057.npy,/kaggle/working/scribble-uncertainty-lung-segmentation/outputs/uncertainty_maps/weak_bg_entropy/radiopaedia_40_slice_0057.npy,6832,64314,344,4948,0.7205432653427124,True
radiopaedia_40,58,/kaggle/working/scribble-uncertainty-lung-segmentation/data/pseudo_labels/weak_bg_entropy/radiopaedia_40_slice_0058.npy,/kaggle/working/scribble-uncertainty-lung-segmentation/data/pseudo_labels/weak_bg_confidence/radiopaedia_40_slice_0058.npy,/kaggle/working/scribble-uncertainty-lung-segmentation/outputs/uncertainty_maps/weak_bg_entropy/radiopaedia_40_slice_0058.npy,6548,64091,321,4663,0.698064386844635,True
radiopaedia_40,59,/kaggle/working/scribble-uncertainty-lung-segmentation/data/pseudo_labels/weak_bg_entropy/radiopaedia_40_slice_0059.npy,/kaggle/working/scribble-uncertainty-lung-segmentation/data/pseudo_labels/weak_bg_confidence/radiopaedia_40_slice_0059.npy,/kaggle/working/scribble-uncertainty-lung-segmentation/outputs/uncertainty_maps/weak_bg_entropy/radiopaedia_40_slice_0059.npy,6665,64412,315,4196,0.6415615677833557,True
radiopaedia_40,60,/kaggle/working/scribble-uncertainty-lung-segmentation/data/pseudo_labels/weak_bg_entropy/radiopaedia_40_slice_0060.npy,/kaggle/working/scribble-uncertainty-lung-segmentation/data/pseudo_labels/weak_bg_confidence/radiopaedia_40_slice_0060.npy,/kaggle/working/scribble-uncertainty-lung-segmentation/outputs/uncertainty_maps/weak_bg_entropy/radiopaedia_40_slice_0060.npy,6492,64295,289,3964,0.6287299394607544,True
radiopaedia_40,61,/kaggle/working/scribble-uncertainty-lung-segmentation/data/pseudo_labels/weak_bg_entropy/radiopaedia_40_slice_0061.npy,/kaggle/working/scribble-uncertainty-lung-segmentation/data/pseudo_labels/weak_bg_confidence/radiopaedia_40_slice_0061.npy,/kaggle/working/scribble-uncertainty-lung-segmentation/outputs/uncertainty_maps/weak_bg_entropy/radiopaedia_40_slice_0061.npy,6253,63983,245,3861,0.6432667374610901,True
radiopaedia_40,62,/kaggle/working/scribble-uncertainty-lung-segmentation/data/pseudo_labels/weak_bg_entropy/radiopaedia_40_slice_0062.npy,/kaggle/working/scribble-uncertainty-lung-segmentation/data/pseudo_labels/weak_bg_confidence/radiopaedia_40_slice_0062.npy,/kaggle/working/scribble-uncertainty-lung-segmentation/outputs/uncertainty_maps/weak_bg_entropy/radiopaedia_40_slice_0062.npy,6503,64336,221,3750,0.6105530261993408,True
radiopaedia_40,63,/kaggle/working/scribble-uncertainty-lung-segmentation/data/pseudo_labels/weak_bg_entropy/radiopaedia_40_slice_0063.npy,/kaggle/working/scribble-uncertainty-lung-segmentation/data/pseudo_labels/weak_bg_confidence/radiopaedia_40_slice_0063.npy,/kaggle/working/scribble-uncertainty-lung-segmentation/outputs/uncertainty_maps/weak_bg_entropy/radiopaedia_40_slice_0063.npy,6705,64647,212,3385,0.5785926580429077,True
radiopaedia_40,64,/kaggle/working/scribble-uncertainty-lung-segmentation/data/pseudo_labels/weak_bg_entropy/radiopaedia_40_slice_0064.npy,/kaggle/working/scribble-uncertainty-lung-segmentation/data/pseudo_labels/weak_bg_confidence/radiopaedia_40_slice_0064.npy,/kaggle/working/scribble-uncertainty-lung-segmentation/outputs/uncertainty_maps/weak_bg_entropy/radiopaedia_40_slice_0064.npy,6543,64643,222,2780,0.5234366655349731,True
radiopaedia_40,65,/kaggle/working/scribble-uncertainty-lung-segmentation/data/pseudo_labels/weak_bg_entropy/radiopaedia_40_slice_0065.npy,/kaggle/working/scribble-uncertainty-lung-segmentation/data/pseudo_labels/weak_bg_confidence/radiopaedia_40_slice_0065.npy,/kaggle/working/scribble-uncertainty-lung-segmentation/outputs/uncertainty_maps/weak_bg_entropy/radiopaedia_40_slice_0065.npy,6512,64740,219,2886,0.5641626119613647,True
radiopaedia_40,66,/kaggle/working/scribble-uncertainty-lung-segmentation/data/pseudo_labels/weak_bg_entropy/radiopaedia_40_slice_0066.npy,/kaggle/working/scribble-uncertainty-lung-segmentation/data/pseudo_labels/weak_bg_confidence/radiopaedia_40_slice_0066.npy,/kaggle/working/scribble-uncertainty-lung-segmentation/outputs/uncertainty_maps/weak_bg_entropy/radiopaedia_40_slice_0066.npy,6247,64665,187,2687,0.5372733473777771,True
radiopaedia_40,67,/kaggle/working/scribble-uncertainty-lung-segmentation/data/pseudo_labels/weak_bg_entropy/radiopaedia_40_slice_0067.npy,/kaggle/working/scribble-uncertainty-lung-segmentation/data/pseudo_labels/weak_bg_confidence/radiopaedia_40_slice_0067.npy,/kaggle/working/scribble-uncertainty-lung-segmentation/outputs/uncertainty_maps/weak_bg_entropy/radiopaedia_40_slice_0067.npy,6108,64798,210,2679,0.5382952094078064,True
radiopaedia_40,68,/kaggle/working/scribble-uncertainty-lung-segmentation/data/pseudo_labels/weak_bg_entropy/radiopaedia_40_slice_0068.npy,/kaggle/working/scribble-uncertainty-lung-segmentation/data/pseudo_labels/weak_bg_confidence/radiopaedia_40_slice_0068.npy,/kaggle/working/scribble-uncertainty-lung-segmentation/outputs/uncertainty_maps/weak_bg_entropy/radiopaedia_40_slice_0068.npy,6041,64927,220,3186,0.6056139469146729,True
radiopaedia_40,69,/kaggle/working/scribble-uncertainty-lung-segmentation/data/pseudo_labels/weak_bg_entropy/radiopaedia_40_slice_0069.npy,/kaggle/working/scribble-uncertainty-lung-segmentation/data/pseudo_labels/weak_bg_confidence/radiopaedia_40_slice_0069.npy,/kaggle/working/scribble-uncertainty-lung-segmentation/outputs/uncertainty_maps/weak_bg_entropy/radiopaedia_40_slice_0069.npy,5766,64859,197,3085,0.5782397389411926,True
radiopaedia_40,70,/kaggle/working/scribble-uncertainty-lung-segmentation/data/pseudo_labels/weak_bg_entropy/radiopaedia_40_slice_0070.npy,/kaggle/working/scribble-uncertainty-lung-segmentation/data/pseudo_labels/weak_bg_confidence/radiopaedia_40_slice_0070.npy,/kaggle/working/scribble-uncertainty-lung-segmentation/outputs/uncertainty_maps/weak_bg_entropy/radiopaedia_40_slice_0070.npy,5495,64950,177,2874,0.5909905433654785,True
radiopaedia_40,71,/kaggle/working/scribble-uncertainty-lung-segmentation/data/pseudo_labels/weak_bg_entropy/radiopaedia_40_slice_0071.npy,/kaggle/working/scribble-uncertainty-lung-segmentation/data/pseudo_labels/weak_bg_confidence/radiopaedia_40_slice_0071.npy,/kaggle/working/scribble-uncertainty-lung-segmentation/outputs/uncertainty_maps/weak_bg_entropy/radiopaedia_40_slice_0071.npy,5244,64942,138,2455,0.5351344347000122,True
radiopaedia_40,72,/kaggle/working/scribble-uncertainty-lung-segmentation/data/pseudo_labels/weak_bg_entropy/radiopaedia_40_slice_0072.npy,/kaggle/working/scribble-uncertainty-lung-segmentation/data/pseudo_labels/weak_bg_confidence/radiopaedia_40_slice_0072.npy,/kaggle/working/scribble-uncertainty-lung-segmentation/outputs/uncertainty_maps/weak_bg_entropy/radiopaedia_40_slice_0072.npy,4839,64917,116,2102,0.5056908130645752,True
radiopaedia_40,73,/kaggle/working/scribble-uncertainty-lung-segmentation/data/pseudo_labels/weak_bg_entropy/radiopaedia_40_slice_0073.npy,/kaggle/working/scribble-uncertainty-lung-segmentation/data/pseudo_labels/weak_bg_confidence/radiopaedia_40_slice_0073.npy,/kaggle/working/scribble-uncertainty-lung-segmentation/outputs/uncertainty_maps/weak_bg_entropy/radiopaedia_40_slice_0073.npy,4493,64976,121,1825,0.446976900100708,True
radiopaedia_40,74,/kaggle/working/scribble-uncertainty-lung-segmentation/data/pseudo_labels/weak_bg_entropy/radiopaedia_40_slice_0074.npy,/kaggle/working/scribble-uncertainty-lung-segmentation/data/pseudo_labels/weak_bg_confidence/radiopaedia_40_slice_0074.npy,/kaggle/working/scribble-uncertainty-lung-segmentation/outputs/uncertainty_maps/weak_bg_entropy/radiopaedia_40_slice_0074.npy,3983,64980,87,1522,0.437420517206192,True
radiopaedia_40,75,/kaggle/working/scribble-uncertainty-lung-segmentation/data/pseudo_labels/weak_bg_entropy/radiopaedia_40_slice_0075.npy,/kaggle/working/scribble-uncertainty-lung-segmentation/data/pseudo_labels/weak_bg_confidence/radiopaedia_40_slice_0075.npy,/kaggle/working/scribble-uncertainty-lung-segmentation/outputs/uncertainty_maps/weak_bg_entropy/radiopaedia_40_slice_0075.npy,3484,64947,83,1382,0.40443897247314453,True
radiopaedia_40,76,/kaggle/working/scribble-uncertainty-lung-segmentation/data/pseudo_labels/weak_bg_entropy/radiopaedia_40_slice_0076.npy,/kaggle/working/scribble-uncertainty-lung-segmentation/data/pseudo_labels/weak_bg_confidence/radiopaedia_40_slice_0076.npy,/kaggle/working/scribble-uncertainty-lung-segmentation/outputs/uncertainty_maps/weak_bg_entropy/radiopaedia_40_slice_0076.npy,3025,64952,44,933,0.36331480741500854,True
radiopaedia_40,77,/kaggle/working/scribble-uncertainty-lung-segmentation/data/pseudo_labels/weak_bg_entropy/radiopaedia_40_slice_0077.npy,/kaggle/working/scribble-uncertainty-lung-segmentation/data/pseudo_labels/weak_bg_confidence/radiopaedia_40_slice_0077.npy,/kaggle/working/scribble-uncertainty-lung-segmentation/outputs/uncertainty_maps/weak_bg_entropy/radiopaedia_40_slice_0077.npy,2521,64952,40,880,0.38106438517570496,True
radiopaedia_40,78,/kaggle/working/scribble-uncertainty-lung-segmentation/data/pseudo_labels/weak_bg_entropy/radiopaedia_40_slice_0078.npy,/kaggle/working/scribble-uncertainty-lung-segmentation/data/pseudo_labels/weak_bg_confidence/radiopaedia_40_slice_0078.npy,/kaggle/working/scribble-uncertainty-lung-segmentation/outputs/uncertainty_maps/weak_bg_entropy/radiopaedia_40_slice_0078.npy,1974,64839,34,794,0.4111271798610687,True
radiopaedia_40,79,/kaggle/working/scribble-uncertainty-lung-segmentation/data/pseudo_labels/weak_bg_entropy/radiopaedia_40_slice_0079.npy,/kaggle/working/scribble-uncertainty-lung-segmentation/data/pseudo_labels/weak_bg_confidence/radiopaedia_40_slice_0079.npy,/kaggle/working/scribble-uncertainty-lung-segmentation/outputs/uncertainty_maps/weak_bg_entropy/radiopaedia_40_slice_0079.npy,1512,64847,44,802,0.5030250549316406,True
radiopaedia_40,80,/kaggle/working/scribble-uncertainty-lung-segmentation/data/pseudo_labels/weak_bg_entropy/radiopaedia_40_slice_0080.npy,/kaggle/working/scribble-uncertainty-lung-segmentation/data/pseudo_labels/weak_bg_confidence/radiopaedia_40_slice_0080.npy,/kaggle/working/scribble-uncertainty-lung-segmentation/outputs/uncertainty_maps/weak_bg_entropy/radiopaedia_40_slice_0080.npy,1158,64973,44,625,0.5574873685836792,True
radiopaedia_40,81,/kaggle/working/scribble-uncertainty-lung-segmentation/data/pseudo_labels/weak_bg_entropy/radiopaedia_40_slice_0081.npy,/kaggle/working/scribble-uncertainty-lung-segmentation/data/pseudo_labels/weak_bg_confidence/radiopaedia_40_slice_0081.npy,/kaggle/working/scribble-uncertainty-lung-segmentation/outputs/uncertainty_maps/weak_bg_entropy/radiopaedia_40_slice_0081.npy,755,65061,44,538,0.5228151679039001,True
radiopaedia_40,82,/kaggle/working/scribble-uncertainty-lung-segmentation/data/pseudo_labels/weak_bg_entropy/radiopaedia_40_slice_0082.npy,/kaggle/working/scribble-uncertainty-lung-segmentation/data/pseudo_labels/weak_bg_confidence/radiopaedia_40_slice_0082.npy,/kaggle/working/scribble-uncertainty-lung-segmentation/outputs/uncertainty_maps/weak_bg_entropy/radiopaedia_40_slice_0082.npy,321,65071,26,379,0.39714285731315613,True
radiopaedia_40,83,/kaggle/working/scribble-uncertainty-lung-segmentation/data/pseudo_labels/weak_bg_entropy/radiopaedia_40_slice_0083.npy,/kaggle/working/scribble-uncertainty-lung-segmentation/data/pseudo_labels/weak_bg_confidence/radiopaedia_40_slice_0083.npy,/kaggle/working/scribble-uncertainty-lung-segmentation/outputs/uncertainty_maps/weak_bg_entropy/radiopaedia_40_slice_0083.npy,0,65385,0,0,1.0,False
