mode,threshold,min_area,dice,iou,sensitivity,specificity,precision,accuracy,mae,tp,tn,fp,fn
raw_probability_highsens_tta,0.05,0,0.1813669542136575,0.0997270750324664,0.6520349253300959,0.9879249956802527,0.10533293253481125,0.9871942429315467,0.012805757112801075,13666,9496758,116075,7293
raw_probability_highsens_tta,0.05,3,0.18187749232744724,0.1000358840286706,0.6517486521300387,0.9879752410137563,0.1056850184136334,0.9872437561450352,0.012756244279444218,13660,9497241,115592,7299
raw_probability_highsens_tta,0.05,5,0.1823453565201003,0.1003190331970875,0.651128393529915,0.9880288152306391,0.10601752586929353,0.9872958643906772,0.012704135850071907,13647,9497756,115077,7312
raw_probability_highsens_tta,0.05,10,0.18343410894562276,0.10097850556863276,0.6484565103293819,0.9881789270655166,0.10682648850460941,0.9874398367745526,0.012560163624584675,13591,9499199,113634,7368
raw_probability_highsens_tta,0.05,15,0.18493538377602992,0.10188914605187246,0.6469297199290772,0.9883367369432082,0.10788853878225693,0.9875939816844697,0.012406018562614918,13559,9500716,112117,7400
raw_probability_highsens_tta,0.05,20,0.1854763692990246,0.10221766537555234,0.6421584999281252,0.9884829997566785,0.1083917210276147,0.9877295461641679,0.01227045338600874,13459,9502122,110711,7500
raw_probability_highsens_tta,0.05,30,0.1863314937994288,0.1027373487285017,0.635526504126802,0.9886930314923801,0.10916958987639666,0.98792469258211,0.01207530777901411,13320,9504141,108692,7639
raw_probability_highsens_tta,0.05,50,0.18881600405898677,0.10425004001920088,0.6214514051239938,0.9891831055423506,0.11131907765412788,0.9883830790617019,0.011616921052336693,13025,9508852,103981,7934
raw_probability_highsens_tta,0.05,75,0.1853313191892179,0.10212956290534154,0.5882914261173776,0.9896211657895223,0.10999107939338894,0.9887480443837682,0.011251955293118954,12330,9513063,99770,8629
raw_probability_highsens_tta,0.05,100,0.18132333843963164,0.09970070121428941,0.5562765399109899,0.9900153263871317,0.10831475287996022,0.989071696793951,0.010928303003311157,11659,9516852,95981,9300
raw_probability_highsens_tta,0.05,150,0.16906123587667743,0.09233582203259877,0.4915310844980717,0.9905738506015855,0.10208692550091146,0.9894881475539425,0.0105118528008461,10302,9522221,90612,10657
raw_probability_highsens_tta,0.05,200,0.1572186808670499,0.08531597278239347,0.4289326780855819,0.9912186137010797,0.09624855466574277,0.9899953206380199,0.010004679672420025,8990,9528419,84414,11969
raw_probability_highsens_tta,0.06,0,0.22921602185256007,0.12944324360352608,0.6485996469294104,0.9912554394734613,0.13920576730086437,0.9905099674146993,0.00949003268033266,13594,9528773,84060,7365
raw_probability_highsens_tta,0.06,3,0.22994923857866076,0.12991109836534462,0.6484087981293724,0.9912979867641507,0.1397558642959102,0.9905520069355858,0.009447992779314518,13590,9529182,83651,7369
raw_probability_highsens_tta,0.06,5,0.2305178545661149,0.13027419076307825,0.6478839639292676,0.9913371011438554,0.14020071447744645,0.9905898944050266,0.009410105645656586,13579,9529558,83275,7380
raw_probability_highsens_tta,0.06,10,0.23231889533883213,0.13142579548213443,0.6454029295287727,0.9914732732795827,0.14165436209982496,0.990720372621704,0.009279627352952957,13527,9530867,81966,7432
raw_probability_highsens_tta,0.06,15,0.2344807193919056,0.1328111915669048,0.6432081683283347,0.9916209924795314,0.1433737118061681,0.9908629955888596,0.009137004613876343,13481,9532287,80546,7478
raw_probability_highsens_tta,0.06,20,0.2355086828958638,0.13347114866078122,0.6376735531272304,0.9917636143268057,0.14442403285064356,0.9909932662029646,0.009006734006106853,13365,9533658,79175,7594
raw_probability_highsens_tta,0.06,30,0.23814530260140737,0.13516739090518237,0.6322343623261452,0.9919820722985607,0.14670194628344588,0.9911994155572376,0.008800584822893143,13251,9535758,77075,7708
raw_probability_highsens_tta,0.06,50,0.24185318982530987,0.13756143026604203,0.6196860537236415,0.992358444175613,0.15024582104226383,0.9915476688722354,0.008452330715954304,12988,9539376,73457,7971
raw_probability_highsens_tta,0.06,75,0.23789829779326765,0.1350082673975858,0.5804666253158164,0.9928060749624997,0.14960649286766484,0.9919090011492869,0.008090998977422714,12166,9543679,69154,8793
raw_probability_highsens_tta,0.06,100,0.23617446568599906,0.13389899459520732,0.5496445441096667,0.9932302995381269,0.15039949866831814,0.9922652471633175,0.0077347527258098125,11520,9547757,65076,9439
raw_probability_highsens_tta,0.06,150,0.22126809785319562,0.12439654204556662,0.47578605849493016,0.9938411496381963,0.14415404186420955,0.9927140839245845,0.007285916246473789,9972,9553629,59204,10987
raw_probability_highsens_tta,0.06,200,0.21081635574213814,0.11782823770982043,0.42163271148412534,0.9943783481935025,0.14054423716141984,0.9931322993064403,0.006867700722068548,8837,9558793,54040,12122
raw_probability_highsens_tta,0.07,0,0.2736948603803851,0.15854373256439055,0.6453552173287631,0.9933053034417628,0.17367522245474845,0.9925483132706198,0.007451686542481184,13526,9548478,64355,7433
raw_probability_highsens_tta,0.07,3,0.2745468392992867,0.15911578798684523,0.644973519728687,0.9933424412969611,0.17438980339540555,0.9925845399194825,0.007415459956973791,13518,9548835,63998,7441
raw_probability_highsens_tta,0.07,5,0.27528565167311103,0.15961231605695178,0.6443055489285536,0.9933790590141315,0.1750356448476766,0.9926196247541976,0.007380375172942877,13504,9549187,63646,7455
raw_probability_highsens_tta,0.07,10,0.278063490096425,0.16148300967960544,0.6423493487281634,0.993507429079439,0.177436573311344,0.9927434596885619,0.007256540469825268,13463,9550421,62412,7496
raw_probability_highsens_tta,0.07,15,0.28145570416331794,0.1637756471248184,0.6405839973278111,0.9936523395340365,0.18034790785140972,0.9928842142325671,0.007115785963833332,13426,9551814,61019,7533
raw_probability_highsens_tta,0.07,20,0.28252811793066024,0.1645023251211828,0.6346199723266212,0.9937690585075171,0.18171261509874836,0.9929877041148482,0.007012296002358198,13301,9552936,59897,7658
raw_probability_highsens_tta,0.07,30,0.2863385364580758,0.16709165873768891,0.6284173863253836,0.9939803385744859,0.18541041992198637,0.9931850303597992,0.006814969703555107,13171,9554967,57866,7788
raw_probability_highsens_tta,0.07,50,0.2922957057846804,0.17116295062020007,0.6175390047232131,0.9943139551056375,0.19145883257888946,0.9934942543912086,0.006505745463073254,12943,9558174,54659,8016
raw_probability_highsens_tta,0.07,75,0.2913489982923722,0.17051404763242914,0.5779855909153213,0.9947897773736412,0.19476197366514017,0.9938829902078009,0.006117010023444891,12114,9562748,50085,8845
raw_probability_highsens_tta,0.07,100,0.2826551379776401,0.16458845525340962,0.5334223961064299,0.995114031420289,0.19226800577832562,0.9941095884154434,0.005890411790460348,11180,9565865,46968,9779
raw_probability_highsens_tta,0.07,150,0.27256106781031897,0.15778333041552087,0.47301875089437806,0.9956439480432033,0.19143430910631973,0.9945069397387851,0.00549306022003293,9914,9570959,41874,11045
raw_probability_highsens_tta,0.07,200,0.2650708949534586,0.15278485684655557,0.4147621546827545,0.996261455910031,0.19477493222195452,0.9949963628029327,0.005003637168556452,8693,9576895,35938,12266
raw_probability_highsens_tta,0.08,0,0.3053649796445681,0.18019513109113075,0.6423970609281728,0.9944074759230698,0.20028561228129832,0.9936416522175266,0.006358347833156586,13464,9559073,53760,7495
raw_probability_highsens_tta,0.08,3,0.3061245379584525,0.1807243476976136,0.6421107877281158,0.9944336908796804,0.20096765522799617,0.993667187333917,0.0063328128308057785,13458,9559325,53508,7501
raw_probability_highsens_tta,0.08,5,0.3069983098076485,0.18133372907192352,0.6412996803279539,0.994469476376006,0.20180166654152065,0.9937011303544846,0.006298869848251343,13441,9559669,53164,7518
raw_probability_highsens_tta,0.08,10,0.31008397529318366,0.18349075975356832,0.6395343289276018,0.9945810979968123,0.20465684403386447,0.9938086684869251,0.006191331427544355,13404,9560742,52091,7555
raw_probability_highsens_tta,0.08,15,0.31277553700399674,0.1853787352327748,0.6363853237269734,0.9946955283629697,0.2073403908034934,0.9939159990167933,0.006084001157432795,13338,9561842,50991,7621
raw_probability_highsens_tta,0.08,20,0.3137715458438244,0.18607890589821785,0.6309938451258977,0.9947868646006844,0.2088004041807116,0.9939954070006899,0.00600459286943078,13225,9562720,50113,7734
raw_probability_highsens_tta,0.08,30,0.3193158389146727,0.18999157980311404,0.6244095615245839,0.9950146850569432,0.21450581871820776,0.9942084072398482,0.005791592877358198,13087,9564910,47923,7872
raw_probability_highsens_tta,0.08,50,0.3284392444749907,0.196486573036248,0.614771697122661,0.9953584962934434,0.22407526563827557,0.9945305026307388,0.0054694972932338715,12885,9568215,44618,8074
raw_probability_highsens_tta,0.08,75,0.3245145174719556,0.19368387303619852,0.5764588005150167,0.9956910725485391,0.22581911294689536,0.9947790029097567,0.005220997147262096,12082,9571412,41421,8877
raw_probability_highsens_tta,0.08,100,0.3179466716070746,0.1890229437082406,0.532229591106192,0.9960412294689808,0.2266815687867859,0.9950321742466508,0.004967825952917337,11155,9574778,38055,9804
raw_probability_highsens_tta,0.08,150,0.30486325025665006,0.17984581497794055,0.46748413569327374,0.9965128906327605,0.22618250652133565,0.9953619509327158,0.0046380492858588696,9798,9579312,33521,11161
raw_probability_highsens_tta,0.08,200,0.2960426703371824,0.17373831209480103,0.41046805668189773,0.9970291796393416,0.23150614891950394,0.9957530741788894,0.004246925935149193,8603,9584275,28558,12356
raw_probability_highsens_tta,0.09,0,0.32890198244640906,0.19681788799432967,0.6392003435275351,0.9950993635278997,0.22141605791157548,0.9943250798854688,0.005674920044839382,13397,9565724,47109,7562
raw_probability_highsens_tta,0.09,3,0.3294412933547831,0.19720425989479928,0.6387709337274494,0.9951179844693017,0.22195696143767665,0.9943427261041126,0.005657273810356855,13388,9565903,46930,7571
raw_probability_highsens_tta,0.09,5,0.33068472498543916,0.1980960277156481,0.6383892361273732,0.9951539780208385,0.22313388032815973,0.9943778109388277,0.005622189026325941,13380,9566249,46584,7579
raw_probability_highsens_tta,0.09,10,0.3336168722323267,0.20020418274352544,0.6362421871269448,0.9952513478596778,0.22608209145004052,0.9944702978847779,0.005529702175408602,13335,9567185,45648,7624
raw_probability_highsens_tta,0.09,15,0.3358104087807047,0.201786148977574,0.6328069087262594,0.9953427881249982,0.22854631927208635,0.9945540655226925,0.0054459343664348125,13263,9568064,44769,7696
raw_probability_highsens_tta,0.09,20,0.3391305467230933,0.20418856283616177,0.6284650985253931,0.9954695977762217,0.23222030252807868,0.9946711533734578,0.005328846629709005,13172,9569283,43550,7787
raw_probability_highsens_tta,0.09,30,0.34341700447620677,0.20730443654446792,0.6204494489237938,0.9956547669141855,0.2374119107605365,0.9948384810467146,0.0051615191623568535,13004,9571063,41770,7955
raw_probability_highsens_tta,0.09,50,0.3520718592481215,0.21364515268698933,0.6115272675220137,0.9959394904707063,0.24719382835096487,0.9951031743263702,0.004896825645118952,12817,9573800,39033,8142
raw_probability_highsens_tta,0.09,75,0.34640712482951663,0.20948755284991327,0.5697313803136744,0.9962506370390488,0.2488589708854701,0.9953227140465551,0.00467728590592742,11941,9576791,36042,9018
raw_probability_highsens_tta,0.09,100,0.34089376570827856,0.20546831701455653,0.5306550885058778,0.9965493002947197,0.25110062538092903,0.9955357142857133,0.004464285913854837,11122,9579662,33171,9837
raw_probability_highsens_tta,0.09,150,0.33024920645635003,0.19778353017307115,0.4666253160931024,0.9970363575441278,0.25555933000594333,0.9958824105814191,0.004117589443922043,9780,9584344,28489,11179
raw_probability_highsens_tta,0.09,200,0.32359423565972995,0.19302858683922308,0.4098000858817645,0.9975515022470474,0.2673535454148455,0.9962728072185896,0.00372719275765121,8589,9589296,23537,12370
raw_probability_highsens_tta,0.1,0,0.3482939186982922,0.21086918710367775,0.6362898993269543,0.9956012967249084,0.23976986695428987,0.9948195892126372,0.005180410575121641,13336,9570549,42284,7623
raw_probability_highsens_tta,0.1,3,0.34905549228287464,0.2114277558399208,0.6360990505269163,0.9956206458595495,0.24051957423773399,0.9948384810467146,0.0051615191623568535,13332,9570735,42098,7627
raw_probability_highsens_tta,0.1,5,0.3503958755293224,0.2124120995646497,0.6355742163268115,0.9956564313558751,0.24187017703127703,0.994873046874999,0.005126953125,13321,9571079,41754,7638
raw_probability_highsens_tta,0.1,10,0.35368387406100454,0.21483351130954684,0.6335225917264022,0.9957507843941521,0.24532101616623644,0.9949627311862236,0.005037268623709679,13278,9571986,40847,7681
raw_probability_highsens_tta,0.1,15,0.3558675703717198,0.2164470233411657,0.6300396011257073,0.995833798423419,0.24796259435906262,0.9950379871186746,0.004962013103067875,13205,9572784,40049,7754
raw_probability_highsens_tta,0.1,20,0.35862822789993737,0.21849299104314945,0.6261749129249362,0.9959317924278921,0.2512684038214372,0.9951273600260407,0.0048726401291787624,13124,9573726,39107,7835
raw_probability_highsens_tta,0.1,30,0.36193513195983695,0.2209528688524213,0.617348155923175,0.9960884580019221,0.25601503759393435,0.9952644815250309,0.004735518246889114,12939,9575232,37601,8020
raw_probability_highsens_tta,0.1,50,0.371632364309936,0.2282238704360192,0.6078057159212711,0.9963737016964708,0.2676372956846364,0.9955283443943974,0.00447165546938777,12739,9577974,34859,8220
raw_probability_highsens_tta,0.1,75,0.3651031142508422,0.22331874103701727,0.5646738871126653,0.9966672675994673,0.2697620350108795,0.9957274352612129,0.00427256477996707,11835,9580796,32037,9124
raw_probability_highsens_tta,0.1,100,0.36260900806735435,0.22145535785521794,0.5297008445056874,0.996965202661899,0.2756548727497764,0.9959486358019761,0.004051364026963711,11102,9583660,29173,9857
raw_probability_highsens_tta,0.1,150,0.3485848888253777,0.21108253549735018,0.46600505749297866,0.9973668532471115,0.2784286895292687,0.9962108378507644,0.003789162263274193,9767,9587521,25312,11192
raw_probability_highsens_tta,0.1,200,0.3419418373293523,0.20623030303025305,0.40588768548098386,0.9978891758548173,0.2954024585039602,0.9966012344879348,0.00339876557700336,8507,9592542,20291,12452
raw_probability_highsens_tta,0.11,0,0.36188320013088,0.22091416201811326,0.6329977575262975,0.9959329367315536,0.2533659263219729,0.9951433454241062,0.004856654442846775,13267,9573737,39096,7692
raw_probability_highsens_tta,0.11,3,0.3626297010211537,0.22147079450953122,0.6328069087262594,0.9959505173968997,0.2541291435140345,0.9951604726363192,0.004839527420699596,13263,9573906,38927,7696
raw_probability_highsens_tta,0.11,5,0.36376859322680116,0.22232099428050145,0.6324252111261833,0.995978084712383,0.2553113623668056,0.995187149566857,0.004812850616872311,13255,9574171,38662,7704
raw_probability_highsens_tta,0.11,10,0.3668333333332824,0.22461475660777894,0.6300873133257168,0.9960641155422122,0.2587331752904021,0.9952679069674736,0.004732092842459679,13206,9574998,37835,7753
raw_probability_highsens_tta,0.11,15,0.3695026196395194,0.22661957270843788,0.6275585667252123,0.9961425523568329,0.2618346140063977,0.9953406716690573,0.004659328144043684,13153,9575752,37081,7806
raw_probability_highsens_tta,0.11,20,0.37244548464431265,0.22883748662816253,0.6225964979242222,0.9962483484317257,0.2656934009324892,0.9954354422433026,0.0045645576901733875,13049,9576769,36064,7910
raw_probability_highsens_tta,0.11,30,0.376896319897054,0.2322071747586385,0.6152011069227467,0.9964038697020942,0.27166424372663517,0.9955745359667295,0.0044254641979932785,12894,9578264,34569,8065
raw_probability_highsens_tta,0.11,50,0.3849980981361149,0.2383886345222169,0.6036547545204429,0.9966592574738363,0.2826252066299686,0.9958042482129561,0.0041957516223192215,12652,9580719,32114,8307
raw_probability_highsens_tta,0.11,75,0.37974601946748215,0.23437437835682629,0.5621451405121608,0.9969508468523265,0.2867154989900259,0.9960048960990636,0.003995103761553764,11782,9583522,29311,9177
raw_probability_highsens_tta,0.11,100,0.3761305678340061,0.2316261149963919,0.5277923565053066,0.9972121641975878,0.29217400491262985,0.9961909080038256,0.0038090921007096767,11062,9586034,26799,9897
raw_probability_highsens_tta,0.11,150,0.3623387726275207,0.22125380180665913,0.4650985256927978,0.9975970663382991,0.296769872438793,0.9964385778725543,0.0035614222288131714,9748,9589734,23099,11211
raw_probability_highsens_tta,0.11,200,0.35427014565642795,0.21526628123163916,0.4032635144804603,0.9980958787071398,0.31589176259518764,0.9968017785727563,0.0031982213258743286,8452,9594529,18304,12507
raw_probability_highsens_tta,0.12,0,0.37392766793386184,0.22995758587118798,0.6311846939259358,0.9961958144908989,0.26565323908585375,0.9954017068253073,0.004598292987793684,13229,9576264,36569,7730
raw_probability_highsens_tta,0.12,3,0.3745962486541091,0.2304635068941673,0.6308029963258596,0.9962125629354001,0.26639666324119643,0.9954175884220866,0.0045824116095900536,13221,9576425,36408,7738
raw_probability_highsens_tta,0.12,5,0.37587099343016755,0.2314292718803223,0.630564435325812,0.9962397141404611,0.2677308915584005,0.9954441615513383,0.004555838648229837,13216,9576686,36147,7743
raw_probability_highsens_tta,0.12,10,0.37898249500159964,0.23379296881928097,0.6285605229254122,0.9963184630378985,0.27127090025527734,0.995518379470928,0.004481620620936155,13174,9577443,35390,7785
raw_probability_highsens_tta,0.12,15,0.3807694546300593,0.23515456506106486,0.6242664249245554,0.9963922186102672,0.2739244216475926,0.9955826324670484,0.004417367745190859,13084,9578152,34681,7875
raw_probability_highsens_tta,0.12,20,0.3843688617801562,0.23790632198613518,0.6208788587238795,0.9964902126147401,0.2783410335386126,0.9956730433872758,0.004326956812292337,13013,9579094,33739,7946
raw_probability_highsens_tta,0.12,30,0.3880813076783298,0.2407573716509054,0.6139605897224991,0.9966202471217372,0.28370483056633294,0.9957877438084599,0.00421225605532527,12868,9580344,32489,8091
raw_probability_highsens_tta,0.12,50,0.3965845297437774,0.24733734774331695,0.601650842120043,0.9968766751695354,0.29577332645299625,0.9960168332469697,0.0039831665344536304,12610,9582809,30024,8349
raw_probability_highsens_tta,0.12,75,0.3907354139300682,0.24280371128050696,0.5606183501118561,0.9971461066680333,0.2998672927724837,0.996196409471991,0.0038035905454307795,11750,9585399,27434,9209
raw_probability_highsens_tta,0.12,100,0.38912259086502,0.24155940648144894,0.5274106589052304,0.9974199073259663,0.3082887103970582,0.996397368761957,0.0036026311572641134,11054,9588031,24802,9905
raw_probability_highsens_tta,0.12,150,0.3736293280586151,0.22973196363201567,0.4641442816926074,0.9977752656266878,0.31265668187943924,0.9966143134499884,0.0033856865484267473,9728,9591447,21386,11231
raw_probability_highsens_tta,0.12,200,0.36640062462037687,0.22429037996860832,0.4030249534804127,0.9982625309313072,0.3358781661297324,0.9969675492267209,0.00303245079703629,8447,9596131,16702,12512
raw_probability_highsens_tta,0.13,0,0.3839962741416141,0.2376209089107413,0.6294193425255835,0.9964050140057558,0.2762722513088427,0.9956066105641466,0.004393389448523521,13192,9578275,34558,7767
raw_probability_highsens_tta,0.13,3,0.38467710171983127,0.2381425423544706,0.6290853571255169,0.996420722174201,0.2770423600604562,0.9956215579493507,0.00437844218686223,13185,9578426,34407,7774
raw_probability_highsens_tta,0.13,5,0.3859345938108133,0.23910715905993302,0.6286559473254312,0.996447873379262,0.278432864206864,0.9956477158734578,0.004352284129709005,13176,9578687,34146,7783
raw_probability_highsens_tta,0.13,10,0.38856838555066586,0.24113240801934327,0.6266520349250314,0.9965141389640276,0.2815856612995988,0.9957094776387108,0.004290522541850805,13134,9579324,33509,7825
raw_probability_highsens_tta,0.13,15,0.3906331880997783,0.24272476927652525,0.6224056491241842,0.9965894549504803,0.28463888282777994,0.9957753914554093,0.004224608652293682,13045,9580048,32785,7914
raw_probability_highsens_tta,0.13,20,0.39462087828591486,0.24581164221481386,0.619542917123613,0.9966850563200246,0.28951416913774736,0.9958645567602031,0.004135443363338709,12985,9580967,31866,7974
raw_probability_highsens_tta,0.13,30,0.3991422977717768,0.24933027914736786,0.6128154969222707,0.9968214365109631,0.29595151962019955,0.9959860042649863,0.004013995639979839,12844,9582278,30555,8115
raw_probability_highsens_tta,0.13,50,0.4055293564748885,0.25433479012089555,0.5969750465191102,0.997062676528344,0.307058015117231,0.9961922574205454,0.003807742614299059,12512,9584597,28236,8447
raw_probability_highsens_tta,0.13,75,0.4030281182407383,0.25237020316021663,0.5600935159117515,0.9973414705113457,0.31476069178165583,0.9963902064732133,0.0036097934935241938,11739,9587277,25556,9220
raw_probability_highsens_tta,0.13,100,0.39836234850810703,0.2487218929556511,0.5245956391046688,0.9975816702526706,0.32109689854555196,0.9965526554860216,0.0034473445266485214,10995,9589586,23247,9964
raw_probability_highsens_tta,0.13,150,0.38198715051960197,0.23608412667567613,0.4638102962925407,0.9978968738976315,0.32470438907063776,0.9967349305444825,0.0032650695648044348,9721,9592616,20217,11238
raw_probability_highsens_tta,0.13,200,0.37620948643336805,0.23168597383108824,0.39791974807939406,0.9984356328670216,0.3567456583110802,0.9971291678292401,0.0028708321042358875,8340,9597795,15038,12619
raw_probability_highsens_tta,0.14,0,0.39169607886932173,0.24354605726133496,0.6274631423251932,0.9965630319386586,0.2847153063433027,0.9957600288650607,0.004239971283823252,13151,9579794,33039,7808
raw_probability_highsens_tta,0.14,3,0.3924471975519976,0.24412709613915876,0.6272245813251456,0.9965785320518926,0.28555912763917685,0.9957749762502648,0.004225023556500673,13146,9579943,32890,7813
raw_probability_highsens_tta,0.14,5,0.39329341317359384,0.24478234943346663,0.6267474593250504,0.9965977771589282,0.286555703409549,0.9957931414753391,0.004206858575344086,13136,9580128,32705,7823
raw_probability_highsens_tta,0.14,10,0.3960162257067876,0.24689540633370197,0.6241710005245363,0.9966683078755233,0.29000864572473567,0.9958579134778902,0.004142086487263441,13082,9580806,32027,7877
raw_probability_highsens_tta,0.14,15,0.3991228742734732,0.24931512097928135,0.620926570923889,0.9967501776011287,0.29407511185422924,0.9959325466026244,0.004067453555762768,13014,9581593,31240,7945
raw_probability_highsens_tta,0.14,20,0.4021418593822129,0.25167557066532265,0.6181115511233274,0.9968254935875814,0.29801476846626535,0.9960015744579072,0.0039984253235161304,12955,9582317,30516,8004
raw_probability_highsens_tta,0.14,30,0.40613537845942205,0.2548117154811208,0.6101913259217471,0.9969591690607743,0.30435506901468246,0.9961177280970972,0.0038822719361633062,12789,9583602,29231,8170
raw_probability_highsens_tta,0.14,50,0.4117773408455609,0.2592692771835839,0.5945417243186246,0.9971805398054862,0.31495804266496946,0.9963045704121483,0.0036954295355826616,12461,9585730,27103,8498
raw_probability_highsens_tta,0.14,75,0.40913226032183186,0.25717553390365383,0.5578987547113136,0.997450491442012,0.32300212701297676,0.9964942153619251,0.0035057845525443554,11693,9588325,24508,9266
raw_probability_highsens_tta,0.14,100,0.40016993922818034,0.2501327791247546,0.5168185505031171,0.9976753991253141,0.32648140333946396,0.9966292608351925,0.0033707390539348125,10832,9590487,22346,10127
raw_probability_highsens_tta,0.14,150,0.3874560843180319,0.24027629917549945,0.46304690109238844,0.9979785355680256,0.3330816487626272,0.9968147537335237,0.0031852463725954294,9705,9593401,19432,11254
raw_probability_highsens_tta,0.14,200,0.37919806917270904,0.2339570690042049,0.3972994894792703,0.9984777640472887,0.3626742160277166,0.9971698579334067,0.00283014215528965,8327,9598200,14633,12632
raw_probability_highsens_tta,0.15,0,0.3974170468841768,0.24798532026782039,0.6254592299247934,0.9966812072986174,0.2912334488580176,0.9958735874720972,0.004126412328332663,13109,9580930,31903,7850
raw_probability_highsens_tta,0.15,3,0.3981771228922379,0.24857749791361647,0.6253160933247648,0.99669556310819,0.29208174544799714,0.9958876006457261,0.004112399183213711,13106,9581068,31765,7853
raw_probability_highsens_tta,0.15,5,0.3990307685273474,0.24924324633041117,0.6246481225246315,0.9967160565464926,0.29314823107919996,0.9959065962810896,0.0040934039279818535,13092,9581265,31568,7867
raw_probability_highsens_tta,0.15,10,0.4015637746070706,0.25122289411850496,0.6224056491241842,0.9967785771374569,0.2963964373352049,0.9959641021936109,0.004035898018628359,13045,9581866,30967,7914
raw_probability_highsens_tta,0.15,15,0.4045739602507871,0.25358365111953585,0.6186840975234416,0.9968608629734845,0.3005586074217601,0.9960381125106282,0.003961887676268816,12967,9582657,30176,7992
raw_probability_highsens_tta,0.15,20,0.40736823828383706,0.25578306804887,0.6156782289228419,0.9969322259109246,0.30438269566440906,0.9961027807118932,0.0038972191978245974,12904,9583343,29490,8055
raw_probability_highsens_tta,0.15,30,0.4113171046267272,0.2589044710084105,0.6086645355214425,0.9970545623751074,0.31060845852296987,0.9962095922353307,0.0037904076743870974,12757,9584519,28314,8202
raw_probability_highsens_tta,0.15,50,0.4174864855789515,0.2638122719171129,0.5932534949183677,0.997277285478692,0.3220659465899132,0.9963983029735322,0.003601697040721774,12434,9586660,26173,8525
raw_probability_highsens_tta,0.15,75,0.4128947415186485,0.2601558650960138,0.55427262751059,0.9975350658853629,0.32898164929759605,0.9965707169098098,0.00342928315512836,11617,9589138,23695,9342
raw_probability_highsens_tta,0.15,100,0.4000599396856164,0.25004682963373376,0.5095185839016606,0.9977375036058559,0.3293141729368665,0.9966753486062384,0.0033246513921767473,10679,9591084,21749,10280
raw_probability_highsens_tta,0.15,150,0.3852208575301218,0.23855947070316313,0.4541724318906178,0.9980294050671629,0.3344459279037543,0.996846205523224,0.0031537944450974464,9519,9593890,18943,11440
raw_probability_highsens_tta,0.15,200,0.3845246629511402,0.23802570929593234,0.3966792308791466,0.9985467343498,0.37309280201024364,0.9972373287693974,0.0027626713272184134,8314,9598863,13970,12645
raw_probability_highsens_tta,0.16,0,0.4028874629811817,0.25225990883097965,0.623121332124327,0.9967945973887189,0.29767738700332835,0.9959816446109684,0.004018355160951614,13060,9582020,30813,7899
raw_probability_highsens_tta,0.16,3,0.40348057247064956,0.2527251253653986,0.6227873467242603,0.9968073927842074,0.29840203003902377,0.9959936855601605,0.004006314557045698,13053,9582143,30690,7906
raw_probability_highsens_tta,0.16,5,0.40440207703628545,0.2534486108412175,0.6224056491241842,0.9968260137256094,0.2994994949030445,0.9960114355800904,0.003988564480096102,13045,9582322,30511,7914
raw_probability_highsens_tta,0.16,10,0.4069516204790345,0.2554546526712554,0.6200677513237177,0.9968880141785456,0.30285940667886957,0.9960682148836087,0.003931785002350807,12996,9582918,29915,7963
raw_probability_highsens_tta,0.16,15,0.40991226817692167,0.25779223370709625,0.6163939119229846,0.9969670751587998,0.3070542377714724,0.996139111162042,0.003860888769850135,12919,9583678,29155,8040
raw_probability_highsens_tta,0.16,20,0.4128639024780796,0.26013137948453563,0.6140560141225182,0.9970335487987767,0.3109747257525949,0.9962003539208643,0.0037996461614966393,12870,9584317,28516,8089
raw_probability_highsens_tta,0.16,30,0.41650301125942385,0.26302734657593935,0.6071377451211378,0.9971475630545117,0.31697596213717355,0.9962990689439829,0.003700931090861559,12725,9585413,27420,8234
raw_probability_highsens_tta,0.16,50,0.4229169507704175,0.2681640329448825,0.5918698411180916,0.9973681015783786,0.3290014586923939,0.9964859112590339,0.0035140886902809143,12405,9587533,25300,8554
raw_probability_highsens_tta,0.16,75,0.41669511472044546,0.26318059054486664,0.5532706713103901,0.9975967542554823,0.3341979364803925,0.9966300912454816,0.003369908779859543,11596,9589731,23102,9363
raw_probability_highsens_tta,0.16,100,0.4038461538460773,0.253012048192711,0.5079917935013559,0.9978027289145657,0.33513802763689915,0.9967371103714914,0.0032628895714879036,10647,9591711,21122,10312
raw_probability_highsens_tta,0.16,150,0.3895948263393067,0.2419234815631516,0.44983062168975146,0.9981262547679743,0.3435860058307786,0.9969333986035811,0.003066601464524865,9428,9594821,18012,11531
raw_probability_highsens_tta,0.16,200,0.3886639676112451,0.24120603015068373,0.3962021088790514,0.99859895620781,0.38140731214386303,0.997288399002178,0.0027116010896861553,8304,9599365,13468,12655
raw_probability_highsens_tta,0.17,0,0.40713280150157877,0.255597454631107,0.620926570923889,0.9968836450191104,0.3028554141164267,0.9960657236527414,0.003934276290237904,13014,9582876,29957,7945
raw_probability_highsens_tta,0.17,3,0.40764251344016433,0.2559993700414875,0.6204494489237938,0.9968960243041766,0.3035339153166744,0.9960770379929306,0.0039229621179401875,13004,9582995,29838,7955
raw_probability_highsens_tta,0.17,5,0.4086136435082665,0.25676583303696876,0.6201631757237367,0.9969142291351561,0.30468109045725494,0.9960945804102882,0.0039054194930940866,12998,9583170,29663,7961
raw_probability_highsens_tta,0.17,10,0.41112681199682277,0.258753697337865,0.6177298535232512,0.9969751893120364,0.3080858557014306,0.9961501140983727,0.003849885892122984,12947,9583756,29077,8012
raw_probability_highsens_tta,0.17,15,0.4140382481140666,0.26106445985958765,0.6141037263225277,0.997051545574545,0.3122967923520376,0.9962184153446525,0.003781584557145834,12871,9584490,28343,8088
raw_probability_highsens_tta,0.17,20,0.41652329167336205,0.26304352282739235,0.612195238322147,0.9971059520122726,0.31563799168524376,0.9962685513658579,0.003731448668986559,12831,9585013,27820,8128
raw_probability_highsens_tta,0.17,30,0.4198659051402335,0.26571536333914475,0.605038408320719,0.9972157011361782,0.32147746286053813,0.996362491529814,0.003637508489191532,12681,9586068,26765,8278
raw_probability_highsens_tta,0.17,50,0.42607928906094056,0.2707120416547069,0.5879097285173014,0.9974452900617321,0.33411062906715455,0.9965543163065999,0.0034456837456673384,12322,9588275,24558,8637
raw_probability_highsens_tta,0.17,75,0.41815740774331106,0.26434830481252825,0.5498353929097047,0.9976453351472964,0.3373635059573356,0.9966710927535067,0.0033289073035120964,11524,9590198,22635,9435
raw_probability_highsens_tta,0.17,100,0.4058485559945016,0.25458594760279357,0.5072283983012037,0.9978363298311737,0.3382437161946108,0.9967689773663362,0.0032310227397829294,10631,9592034,20799,10328
raw_probability_highsens_tta,0.17,150,0.3920469988082223,0.2438174489662609,0.44734958728925645,0.9981799330124627,0.3489133670734039,0.9969815624003499,0.0030184376519173384,9376,9595337,17496,11583
raw_probability_highsens_tta,0.17,200,0.38992528546581695,0.24217837964036829,0.39591583567899424,0.9986159127075224,0.38411331759460066,0.997304695804102,0.0026953041087836027,8298,9599528,13305,12661
raw_probability_highsens_tta,0.18,0,0.41105578636890505,0.2586974311889466,0.6183978243233845,0.9969684275176726,0.30784029641585925,0.9961448202327796,0.003855179762467742,12961,9583691,29142,7998
raw_probability_highsens_tta,0.18,3,0.41172638436475545,0.2592288761279219,0.6181592633233369,0.9969811188855554,0.308652563369471,0.996156964983258,0.0038430350832641125,12956,9583813,29020,8003
raw_probability_highsens_tta,0.18,5,0.4125659120958991,0.259894829800847,0.6178252779232702,0.9969972431644231,0.3096809680967356,0.9961723275736066,0.003827672451734543,12949,9583968,28865,8010
raw_probability_highsens_tta,0.18,10,0.4146121660765345,0.26152097121274487,0.6146285605226325,0.9970561227891913,0.3128141618706897,0.9962241244153902,0.003775875549763441,12882,9584534,28299,8077
raw_probability_highsens_tta,0.18,15,0.41746608250941913,0.26379597801694754,0.6114795553220042,0.9971263414229697,0.31691394658745875,0.9962873393986491,0.0037126606330275536,12816,9585209,27624,8143
raw_probability_highsens_tta,0.18,20,0.41878463909742913,0.26484984237591985,0.6092847941215662,0.9971645195542241,0.31903465161008343,0.9963206596114998,0.003679340472444892,12770,9585576,27257,8189
raw_probability_highsens_tta,0.18,30,0.4228445173492421,0.26810579045672694,0.602652798320243,0.9972793660308039,0.3256755363035464,0.9964208278526244,0.003579172072932124,12631,9586680,26153,8328
raw_probability_highsens_tta,0.18,50,0.42780076467807965,0.2721034046238319,0.584569874516635,0.997496263588475,0.3373348017620217,0.9965979128467783,0.003402087138965726,12252,9588765,24068,8707
raw_probability_highsens_tta,0.18,75,0.41903992953603586,0.2650540879334544,0.5447778997086956,0.9976990133917848,0.3404597906788501,0.9967136512808239,0.003286348655819893,11418,9590714,22119,9541
raw_probability_highsens_tta,0.18,100,0.4076707274892572,0.25602162475255685,0.5061310177009847,0.9978700347753873,0.3412797992470671,0.9968002215534641,0.0031997784972190857,10608,9592358,20475,10351
raw_probability_highsens_tta,0.18,150,0.39346537151499233,0.24491558696499285,0.4464430554890756,0.9982059399138621,0.35172724880639333,0.997005540497448,0.0029944595880806446,9357,9595587,17246,11602
raw_probability_highsens_tta,0.18,200,0.3928181775057178,0.2444142734865428,0.3951047282788324,0.9986557552804664,0.39055793991397886,0.997342687074829,0.002657312899827957,8281,9599911,12922,12678
raw_probability_highsens_tta,0.19,0,0.4154437175509274,0.26218299857978045,0.6165847607230227,0.9970527939058123,0.3132544722935199,0.9962250586269654,0.0037749414332211018,12923,9584502,28331,8036
raw_probability_highsens_tta,0.19,3,0.4159582689334725,0.262592999146184,0.6163461997229751,0.9970627805559497,0.313901781158041,0.9962345045440041,0.0037654954940080643,12918,9584598,28235,8041
raw_probability_highsens_tta,0.19,5,0.41696135897553377,0.26339303929163504,0.6160122143229085,0.9970810894145348,0.31513302416394556,0.9962520469613617,0.003747953101992607,12911,9584774,28059,8048
raw_probability_highsens_tta,0.19,10,0.41903612886389413,0.26505104671542434,0.6131494823223373,0.9971365361283183,0.31827525571480836,0.9963011449697057,0.0036988549400120974,12851,9585307,27526,8108
raw_probability_highsens_tta,0.19,15,0.421790704964212,0.26725904244192616,0.6099050527216899,0.9972046742099848,0.32236344378869164,0.9963620763246696,0.003637923626229167,12783,9585962,26871,8176
raw_probability_highsens_tta,0.19,20,0.42268331923497326,0.26797619297981706,0.6079488525212997,0.9972339059671578,0.32396013424175635,0.996386988633343,0.003613011445850134,12742,9586243,26590,8217
raw_probability_highsens_tta,0.19,30,0.4278319898174921,0.27212867012083936,0.6014122811199955,0.9973617558944372,0.3320075857345172,0.9965003396378073,0.0034996604081243277,12605,9587472,25361,8354
raw_probability_highsens_tta,0.19,50,0.43065861476607037,0.2744199693057068,0.5801326399157497,0.9975710594368997,0.3424298749576596,0.9966628924519016,0.0033371075987815857,12159,9589484,23349,8800
raw_probability_highsens_tta,0.19,75,0.422476084331676,0.2678096224948148,0.5425831385082577,0.9977629903692273,0.3459058279595006,0.9967727142126372,0.003227285807952285,11372,9591329,21504,9587
raw_probability_highsens_tta,0.19,100,0.410122366790503,0.2579584480112386,0.5053199103008229,0.9979092531826976,0.3451073674605412,0.9968375900164744,0.0031624098774045706,10591,9592735,20098,10368
raw_probability_highsens_tta,0.19,150,0.3986978829818483,0.24898354829148633,0.4411947134880284,0.9983168333414292,0.36366854131420784,0.9971047745269973,0.00289522553794086,9247,9596653,16180,11712
raw_probability_highsens_tta,0.19,200,0.39258902791135886,0.2442368720435171,0.38923612767766147,0.9987055845035475,0.39600019416513954,0.9973796403326947,0.0026203596498817205,8158,9600390,12443,12801
raw_probability_highsens_tta,0.2,0,0.4199550327478217,0.26578676015667857,0.6149148337226895,0.9971360159902903,0.3188599421063562,0.9963044666108621,0.0036955333780497313,12888,9585302,27531,8071
raw_probability_highsens_tta,0.2,3,0.42041542252020486,0.26615568961237374,0.6146762727226419,0.9971449623643718,0.31945546518539986,0.9963128745150395,0.0036871253978461027,12883,9585388,27445,8076
raw_probability_highsens_tta,0.2,5,0.42144552672498625,0.2669819343330083,0.6141514385225373,0.9971648316370408,0.32078951303386316,0.9963315587465446,0.003668441204354167,12872,9585579,27254,8087
raw_probability_highsens_tta,0.2,10,0.4232122503592145,0.26840153372299363,0.611193282121947,0.9972153890533614,0.3236646621859812,0.9963755704918676,0.0036244294606149197,12810,9586065,26768,8149
raw_probability_highsens_tta,0.2,15,0.42588078143255537,0.2705517958291214,0.6084736867214044,0.997276765340664,0.3275795638436394,0.99643089657738,0.0035691033117473125,12753,9586655,26178,8206
raw_probability_highsens_tta,0.2,20,0.426780071270015,0.2712780733807143,0.6057063791208522,0.9973121347265671,0.3294578672825035,0.9964601685400714,0.0035398313775658607,12695,9586995,25838,8264
raw_probability_highsens_tta,0.2,30,0.43179786868332215,0.275345798899521,0.5993129443195766,0.9974346792459612,0.33747078262262237,0.9965685370828009,0.0034314629156142473,12561,9588173,24660,8398
raw_probability_highsens_tta,0.2,50,0.43527534204808666,0.27818015127199675,0.5790829715155402,0.9976415901534949,0.3486842105262156,0.9967309860956092,0.003269013948738575,12137,9590162,22671,8822
raw_probability_highsens_tta,0.2,75,0.42730539823500346,0.2717027182235185,0.5417720311080959,0.9978327928925833,0.3527712190877492,0.9968406002537724,0.0031593998428434134,11355,9592000,20833,9604
raw_probability_highsens_tta,0.2,100,0.4151098901098087,0.2619171433523359,0.5046519395006895,0.9979793677888704,0.3525549148360546,0.9969060988653264,0.003093901090323925,10577,9593409,19424,10382
raw_probability_highsens_tta,0.2,150,0.4037322727967127,0.2529226557151943,0.44076530368794276,0.9983807062912662,0.37243992904355244,0.9971675743051117,0.002832425758242607,9238,9597267,15566,11721
raw_probability_highsens_tta,0.2,200,0.3960920601744001,0.24695436087028097,0.3888067178775758,0.9987476116562091,0.40365563701188645,0.9974206418407197,0.002579358173534274,8149,9600794,12039,12810
raw_probability_highsens_tta,0.21,0,0.4237861753585882,0.26886337927850584,0.612386087122185,0.9972142447496998,0.32400161559036605,0.9963770237098736,0.003622976364567876,12835,9586054,26779,8124
raw_probability_highsens_tta,0.21,3,0.42426847412788493,0.2692517520667529,0.6122429505221565,0.9972225669581476,0.32460600541339085,0.9963850164089063,0.003614983521401882,12832,9586134,26699,8127
raw_probability_highsens_tta,0.21,5,0.4251516859519868,0.26996357818053646,0.6118135407220707,0.9972391073474376,0.3257627721463492,0.9964005866018273,0.003599413437768817,12823,9586293,26540,8136
raw_probability_highsens_tta,0.21,10,0.42707305240963767,0.27151486791162815,0.6090462331215186,0.9972895607361525,0.3288253477588025,0.9964449097510089,0.0035550901666283607,12765,9586778,26055,8194
raw_probability_highsens_tta,0.21,15,0.42893096633609296,0.2730185352427057,0.6058018035208713,0.997342406759796,0.3319997908167734,0.9964905823169101,0.0035094176419079304,12697,9587286,25547,8262
raw_probability_highsens_tta,0.21,20,0.43097631623778654,0.2746780183740689,0.6034161935203953,0.9973905715411878,0.33518857173137867,0.9965334522480858,0.0034665476996451616,12647,9587749,25084,8312
raw_probability_highsens_tta,0.21,30,0.4360635185958288,0.27882431529719914,0.5974521685192054,0.99750843481833,0.34332245770834774,0.9966380839445144,0.003361916169524193,12522,9588882,23951,8437
raw_probability_highsens_tta,0.21,50,0.43848814676631503,0.2808100020875691,0.5776038933152452,0.9976955804808001,0.3533773133281706,0.9967816411232452,0.003218358848243952,12106,9590681,22152,8853
raw_probability_highsens_tta,0.21,75,0.42975740420592534,0.27368854045676694,0.5396726943076771,0.9978810617015806,0.3570391414140287,0.996884196793951,0.003115803236141801,11311,9592464,20369,9648
raw_probability_highsens_tta,0.21,100,0.41812981647723485,0.2643262518205353,0.5022186173002041,0.9980377272756107,0.35816121678166724,0.9969590375212576,0.0030409623868763447,10526,9593970,18863,10433
raw_probability_highsens_tta,0.21,150,0.4061456836519496,0.25481982856660246,0.43828426928744774,0.9984302234315307,0.37839841819064984,0.9972115860504348,0.00278841401450336,9186,9597743,15090,11773
raw_probability_highsens_tta,0.21,200,0.3986282914879612,0.24892927068029586,0.3882341714774616,0.9987798602139443,0.40959428168709877,0.9974515746239893,0.0025484254583716393,8137,9601104,11729,12822
raw_probability_highsens_tta,0.22,0,0.4281862786140583,0.27241540952862175,0.610000477121709,0.9972980909998115,0.3298673822177796,0.9964554974821951,0.0035445024259388447,12785,9586860,25973,8174
raw_probability_highsens_tta,0.22,3,0.42861214976769757,0.2727602543855323,0.609809628321671,0.9973057890426257,0.33042916235772224,0.9964627635722249,0.0035372364800423384,12781,9586934,25899,8178
raw_probability_highsens_tta,0.22,5,0.4293783411222087,0.2733811409610889,0.6093325063215758,0.9973206649902262,0.33148181794577014,0.9964765691432813,0.003523430787026882,12771,9587077,25756,8188
raw_probability_highsens_tta,0.22,10,0.4311836346981662,0.27484646656857653,0.606422062120995,0.9973696619924627,0.3345176996972406,0.9965191276705986,0.0034808723721653223,12710,9587548,25285,8249
raw_probability_highsens_tta,0.22,15,0.4337890156575815,0.27696716470144667,0.6040841643205286,0.997424900651035,0.33839369236928013,0.9965691598905178,0.0034308400936424732,12661,9588079,24754,8298
raw_probability_highsens_tta,0.22,20,0.4355498765388712,0.27840445023282523,0.6017462665200621,0.9974677600245412,0.3412891703197648,0.9966068397573864,0.003393160179257393,12612,9588491,24342,8347
raw_probability_highsens_tta,0.22,30,0.4407060900264006,0.28263182919367796,0.5955913927188341,0.997585727329289,0.3497520383288925,0.9967111600499565,0.0032888399437069893,12483,9589625,23208,8476
raw_probability_highsens_tta,0.22,50,0.4432847613971733,0.2847564862248201,0.5755045565148263,0.9977738092402095,0.3604685912377143,0.996855132433832,0.0031448674853891134,12062,9591433,21400,8897
raw_probability_highsens_tta,0.22,75,0.429961127120036,0.273853809957805,0.5303688153058207,0.9979577300469061,0.3615194484192918,0.9969404570910386,0.0030595429707318544,11116,9593201,19632,9843
raw_probability_highsens_tta,0.22,100,0.42218562994489295,0.26757623580912604,0.5015506465000709,0.998093486072211,0.3645063975864751,0.9970132217926223,0.00298677827231586,10512,9594506,18327,10447
raw_probability_highsens_tta,0.22,150,0.4066354742661787,0.255205552589357,0.4333222004864577,0.9984782841853167,0.38304512863754403,0.9972487469108727,0.002751253079622984,9082,9598205,14628,11877
raw_probability_highsens_tta,0.22,200,0.3965073711288225,0.24727732699835026,0.3824132830763002,0.9988084678054836,0.41168010683629785,0.9974674562207686,0.002532543847337365,8015,9601379,11454,12944
raw_probability_highsens_tta,0.23,0,0.4328848214740618,0.276230380131499,0.6070900329211283,0.9973884909890758,0.33636459765244364,0.9965393689213957,0.0034606310073286295,12724,9587729,25104,8235
raw_probability_highsens_tta,0.23,3,0.4333503662067053,0.2766096240404713,0.6069468963210998,0.9973961890318901,0.3369712060606774,0.9965467388127116,0.0034532612189650536,12721,9587803,25030,8238
raw_probability_highsens_tta,0.23,5,0.43385051291234683,0.2770173067700691,0.6063743499209855,0.9974077360961114,0.3377538003613432,0.9965570151400395,0.0034429847728461027,12709,9587914,24919,8250
raw_probability_highsens_tta,0.23,10,0.43567357200660645,0.27850553708630843,0.6035593301204238,0.9974552767118695,0.34086009915920973,0.9965983280519229,0.003401672001928091,12650,9588371,24462,8309
raw_probability_highsens_tta,0.23,15,0.4378572793771936,0.28029275020570815,0.6011737201199479,0.9975039616312892,0.3443187407770825,0.9966417169895292,0.003358283080160618,12600,9588839,23994,8359
raw_probability_highsens_tta,0.23,20,0.4407195707822631,0.2826429181846169,0.5996469297196433,0.9975546230752153,0.34838530838521187,0.9966889465747226,0.0033110533840954304,12568,9589326,23507,8391
raw_probability_highsens_tta,0.23,30,0.44414232303528667,0.28546462161099057,0.5922992509181773,0.9976564661010954,0.3552744548107277,0.9967745826357878,0.0032254173420369625,12414,9590305,22528,8545
raw_probability_highsens_tta,0.23,50,0.4467828443107387,0.2876499545953526,0.5743117515145884,0.997827175401881,0.36559956262897414,0.996905787461468,0.003094212617725134,12037,9591946,20887,8922
raw_probability_highsens_tta,0.23,75,0.4326168810793002,0.2760122116009519,0.526265566105002,0.9980231634108271,0.3672626777210511,0.9969968211894124,0.0030031788628548384,11030,9593830,19003,9929
raw_probability_highsens_tta,0.23,100,0.4261802226374368,0.27079353606271084,0.5005009780998614,0.9981504932000785,0.3710778591388549,0.9970678212691317,0.0029321787878870964,10490,9595054,17779,10469
raw_probability_highsens_tta,0.23,150,0.40988312950688116,0.2577691848397095,0.43255880528630536,0.9985215596692454,0.3894664490074794,0.9972902674253286,0.002709732623770833,9066,9598621,14212,11893
raw_probability_highsens_tta,0.23,200,0.40193862688955806,0.25151638957847466,0.38184073667618595,0.9988702602032087,0.4242697344004536,0.9975278685693018,0.0024721315130591393,8003,9601973,10860,12956
raw_probability_highsens_tta,0.24,0,0.4380754586361305,0.28047158939804084,0.603845603320481,0.997486172910732,0.3437169006815829,0.9966297798416232,0.003370220074430108,12656,9588668,24165,8303
raw_probability_highsens_tta,0.24,3,0.4384150250358753,0.2807500277376499,0.6036547545204429,0.9974923105394623,0.344197181565824,0.9966354889123609,0.003364511067047715,12652,9588727,24106,8307
raw_probability_highsens_tta,0.24,5,0.43868145602242037,0.2809685811486268,0.6028913593202906,0.9975018810791773,0.34477489768066993,0.9966433778101075,0.0033566222991794348,12636,9588819,24014,8323
raw_probability_highsens_tta,0.24,10,0.4405479260088915,0.2825017410643447,0.5999809151197099,0.9975497337777521,0.3480583464805702,0.9966847945232771,0.00331520545296371,12575,9589279,23554,8384
raw_probability_highsens_tta,0.24,15,0.44309345397984534,0.2845986196875489,0.5981201393193386,0.9975981066143551,0.3518877192981469,0.9967290138711725,0.0032709860242903233,12536,9589744,23089,8423
raw_probability_highsens_tta,0.24,20,0.44579475998133367,0.2868313325053386,0.5950665585187294,0.9976569862391234,0.35639377053854654,0.9967811221168145,0.0032188778277486563,12472,9590310,22523,8487
raw_probability_highsens_tta,0.24,30,0.44864304046297737,0.28919394579366675,0.5880051529173205,0.9977471781731765,0.36268393172443714,0.9968557552415488,0.0031442446634173393,12324,9591177,21656,8635
raw_probability_highsens_tta,0.24,50,0.4508929411542463,0.2910663524380352,0.5715921561140457,0.9978986423669267,0.3722809198258632,0.9969711822717359,0.003028817707672715,11980,9592633,20200,8979
raw_probability_highsens_tta,0.24,75,0.43596005320935616,0.2787397176804411,0.5238322439045165,0.9980828752564401,0.3733337867245738,0.9970511092620632,0.00294889067299664,10979,9594404,18429,9980
raw_probability_highsens_tta,0.24,100,0.4316978322024591,0.27526444907534486,0.4978768070993378,0.998236732085119,0.3810480189883582,0.9971481634646037,0.0028518366161733866,10435,9595883,16950,10524
raw_probability_highsens_tta,0.24,150,0.41183916775980767,0.25931830038830816,0.4268810534851725,0.9985911541373902,0.39782125389044115,0.9973473581327053,0.0026526418514549732,8947,9599290,13543,12012
raw_probability_highsens_tta,0.24,200,0.4053100489883988,0.25416228949789765,0.3809342048760051,0.9989124954110813,0.43301876559256264,0.9975680396670378,0.0024319603107869625,7984,9602379,10454,12975
raw_probability_highsens_tta,0.25,0,0.44429893641487883,0.28559403012233575,0.5989312467195005,0.9976078852092812,0.3531281647349069,0.996740535813934,0.003259464167058468,12553,9589838,22995,8406
raw_probability_highsens_tta,0.25,3,0.44458221883682986,0.2858281705538708,0.5987403979194624,0.9976130865895612,0.3535527131345147,0.9967453106730964,0.0032546892762184143,12549,9589888,22945,8410
raw_probability_highsens_tta,0.25,5,0.4449889906952829,0.2861645274744699,0.5978338661192815,0.9976253618470217,0.35438527024341593,0.9967555870004242,0.003244413062930107,12530,9590006,22827,8429
raw_probability_highsens_tta,0.25,10,0.44752837394430145,0.2882683112742734,0.5954482561188055,0.9976766474565812,0.3584764749812264,0.996801570970184,0.003198429010808468,12480,9590499,22334,8479
raw_probability_highsens_tta,0.25,15,0.44951940449511285,0.28992262515141937,0.5935397681184248,0.9977166980847364,0.36174358079607966,0.9968373824139021,0.00316261756233871,12440,9590884,21949,8519
raw_probability_highsens_tta,0.25,20,0.4514396375328027,0.2915221443570724,0.5894842311176156,0.9977715206328863,0.3657814489148339,0.9968832625823757,0.00311673735268414,12355,9591411,21422,8604
raw_probability_highsens_tta,0.25,30,0.45374867414718295,0.29345079067073593,0.5817071425160638,0.9978582796559547,0.37193410616218064,0.9969529132453753,0.003047086764127016,12192,9592245,20588,8767
raw_probability_highsens_tta,0.25,50,0.4554944739210345,0.2949128159336521,0.5672980581131889,0.9979862336108398,0.38050435227842405,0.9970492408389128,0.0029507591389119625,11890,9593475,19358,9069
raw_probability_highsens_tta,0.25,75,0.44253956674155626,0.28414177162478294,0.5209695119039454,0.9981827417578139,0.38463435254319267,0.9971445304195887,0.002855469472706318,10919,9595364,17469,10040
raw_probability_highsens_tta,0.25,100,0.43532395665197243,0.27821986442668645,0.4954434848988523,0.9982976922619993,0.3882159413786495,0.9972036971526882,0.00279630278237164,10384,9596469,16364,10575
raw_probability_highsens_tta,0.25,150,0.4191888191131736,0.26517323775380375,0.4235889116845157,0.998697470350311,0.4148791999624212,0.9974462807583961,0.0025537193287163973,8878,9600312,12521,12081
raw_probability_highsens_tta,0.25,200,0.4109213250516535,0.25859092537693934,0.3787871558755767,0.9989865630662668,0.4490130648716424,0.9976372751248928,0.0023627248592674732,7939,9603091,9742,13020
raw_probability_highsens_tta,0.26,0,0.44916976991015,0.2896318121707794,0.5956391049188436,0.9976964127016449,0.36051750028867957,0.9968217084196951,0.0031782914884388447,12484,9590689,22144,8475
raw_probability_highsens_tta,0.26,3,0.44952723998190913,0.28992914391908703,0.5954482561188055,0.9977024463027695,0.3610484290920671,0.9968273136891466,0.0031726863235235214,12480,9590747,22086,8479
raw_probability_highsens_tta,0.26,5,0.4499467614732725,0.29027826289433223,0.5947802853186722,0.9977128490633292,0.36183675838837753,0.9968362405997545,0.0031637593638151884,12466,9590847,21986,8493
raw_probability_highsens_tta,0.26,10,0.4524938019541249,0.2924019319118171,0.5921561143181486,0.9977648628661281,0.36613859633585094,0.9968824321720866,0.0031175678595900536,12411,9591347,21486,8548
raw_probability_highsens_tta,0.26,15,0.4541668959696854,0.29380073100102205,0.5906293239178441,0.9977972154514689,0.36892769863492614,0.9969113927309196,0.003088607219979167,12379,9591658,21175,8580
raw_probability_highsens_tta,0.26,20,0.4569783638219971,0.29615810505023926,0.5870031967171205,0.9978587997939827,0.37411056376562246,0.9969649541945675,0.0030350456945598125,12303,9592250,20583,8656
raw_probability_highsens_tta,0.26,30,0.45843154262431723,0.2973799447121126,0.5799895033157212,0.9979279781517052,0.37899856581643104,0.9970187232607878,0.0029812767170369625,12156,9592915,19918,8803
raw_probability_highsens_tta,0.26,50,0.45997788940816153,0.2986826528298283,0.5657712677128843,0.998050314615888,0.3875163398691544,0.9971098607900182,0.0028901391196995974,11858,9594091,18742,9101
raw_probability_highsens_tta,0.26,75,0.4465556241002578,0.28746161177584256,0.5180590677033646,0.9982509838670859,0.3923963716524909,0.9972062921848417,0.002793707884848118,10858,9596020,16813,10101
raw_probability_highsens_tta,0.26,100,0.43927571876845917,0.2814563238689631,0.4942506798986143,0.9983515785616988,0.3953062392671645,0.997254871186755,0.0027451287023723125,10359,9596987,15846,10600
raw_probability_highsens_tta,0.26,150,0.4212955173656,0.26686154501986337,0.41814972088343044,0.9987639439902879,0.4244890051339608,0.9975007764336193,0.00249922345392406,8764,9600951,11882,12195
raw_probability_highsens_tta,0.26,200,0.40386243386232706,0.2530248284548503,0.3641872226726637,0.999042113807656,0.4532391188169032,0.9976609418181326,0.0023390580900013447,7633,9603625,9208,13326
raw_probability_highsens_tta,0.27,0,0.45268314001120735,0.29256007720001587,0.5930626461183296,0.997760493706693,0.36604040285047235,0.9968800447425055,0.0031199553050100803,12430,9591305,21528,8529
raw_probability_highsens_tta,0.27,3,0.45304209892966746,0.29286000518579713,0.5927763729182725,0.9977671514734512,0.36661945231339516,0.9968860652171015,0.0031139347702264786,12424,9591369,21464,8535
raw_probability_highsens_tta,0.27,5,0.45369152046775335,0.2934029829578336,0.5922515387181677,0.9977792186757005,0.36767275850822917,0.9968969643521461,0.0031030357349663973,12413,9591485,21348,8546
raw_probability_highsens_tta,0.27,10,0.45599660447683926,0.2953339389013015,0.5894842311176156,0.9978284237331483,0.37180258802275906,0.996940041885894,0.0030599581077694893,12355,9591958,20875,8604
raw_probability_highsens_tta,0.27,15,0.4571428571427722,0.2962962962962249,0.586669211317054,0.9978632729810235,0.3744670483614404,0.9969686910408685,0.0030313089955598116,12296,9592293,20540,8663
raw_probability_highsens_tta,0.27,20,0.45909448966569283,0.2979381192335992,0.5839496159165113,0.9979069645753744,0.37822553230928696,0.9970063709077371,0.0029936290811747313,12239,9592713,20120,8720
raw_probability_highsens_tta,0.27,30,0.4616088099682846,0.30005944714150895,0.5779855909153213,0.997980512092532,0.38424207821854783,0.9970667832562703,0.0029332167468965054,12114,9593420,19413,8845
raw_probability_highsens_tta,0.27,50,0.46384206291570074,0.30194946217320273,0.5638627797125035,0.9981087781302339,0.39395959730635577,0.997164045061383,0.0028359550051391125,11818,9594653,18180,9141
raw_probability_highsens_tta,0.27,75,0.44815167446279586,0.28878574477158325,0.51653227730306,0.9982805277070756,0.3957594589653095,0.9972324501089489,0.002767549827694893,10826,9596304,16529,10133
raw_probability_highsens_tta,0.27,100,0.4430561817048919,0.28456786718871424,0.4923421918982335,0.9984080655515383,0.4027398329558962,0.9973070832336831,0.002692916663363576,10319,9597530,15303,10640
raw_probability_highsens_tta,0.27,150,0.4238664178560881,0.26892797835036936,0.41724318908324953,0.9987975449068959,0.43070330969245924,0.9975323320246058,0.002467667916789651,8745,9601274,11559,12214
raw_probability_highsens_tta,0.27,200,0.39025187202167727,0.24243039345030534,0.341905625268218,0.9991053625918593,0.4545223899527752,0.9976755777994782,0.0023244221229106188,7166,9604233,8600,13793
raw_probability_highsens_tta,0.28,0,0.4555056675989152,0.2949222007767306,0.590533899517825,0.9978145880616037,0.37073536019159187,0.9969285199431326,0.0030714799650013447,12377,9591825,21008,8582
raw_probability_highsens_tta,0.28,3,0.45590375651716947,0.2952560492530198,0.5903430507177869,0.9978209337455453,0.37133853541405426,0.9969344366164425,0.0030655632726848125,12373,9591886,20947,8586
raw_probability_highsens_tta,0.28,5,0.45640533254543075,0.29567693007002666,0.5896750799176537,0.9978320646993442,0.3722702491037766,0.9969440901360535,0.0030559098813682795,12359,9591993,20840,8600
raw_probability_highsens_tta,0.28,10,0.4589827727644756,0.29784402448755104,0.5872894699171777,0.9978811657291863,0.37668696636766635,0.9969878942788043,0.0030121058225631714,12309,9592465,20368,8650
raw_probability_highsens_tta,0.28,15,0.4599789758221092,0.29868356899066345,0.584569874516635,0.9979131022041048,0.3791662798253399,0.9970138446003391,0.0029861554503440857,12252,9592772,20061,8707
raw_probability_highsens_tta,0.28,20,0.4623287022118573,0.30066809654110876,0.581897991316102,0.9979606428198629,0.3835220125784957,0.9970554689160811,0.002944531152024865,12196,9593229,19604,8763
raw_probability_highsens_tta,0.28,30,0.4641408607730304,0.30220275344172665,0.576029390714931,0.9980244117420942,0.38864924027801034,0.9971063315462895,0.0028936683665961027,12073,9593842,18991,8886
raw_probability_highsens_tta,0.28,50,0.46544993361463544,0.30331361863676665,0.5603320769117991,0.9981524697245849,0.3980477223425983,0.9971999603063872,0.002800039714202285,11744,9595073,17760,9215
raw_probability_highsens_tta,0.28,75,0.4496960106603545,0.2900695694216095,0.515244047902803,0.9983074708569254,0.39894344083623373,0.9972565320073332,0.0027434679213911295,10799,9596563,16270,10160
raw_probability_highsens_tta,0.28,100,0.4454250486695987,0.2865252963766109,0.49124481129801456,0.9984421866061743,0.4074235289460617,0.9973387426259557,0.0026612572837620974,10296,9597858,14975,10663
raw_probability_highsens_tta,0.28,150,0.4262903462082069,0.27088246245492403,0.41652750608310674,0.9988277129125192,0.43652182609108625,0.9975608773782941,0.002439122647047043,8730,9601564,11269,12229
raw_probability_highsens_tta,0.28,200,0.3906514497896602,0.24273887079253434,0.34133307886810377,0.9991144129935463,0.45662858237029635,0.9976833628959386,0.002316637197509408,7154,9604320,8513,13805
raw_probability_highsens_tta,0.29,0,0.4580331278317504,0.2970447265106826,0.5884345627174061,0.9978611924289115,0.3749429969901271,0.9969704556627329,0.003029544372111559,12333,9592273,20560,8626
raw_probability_highsens_tta,0.29,3,0.4583039000631189,0.29727252996351383,0.588148289517349,0.9978666018644026,0.37542256738225205,0.9969752305218953,0.0030247694812715054,12327,9592325,20508,8632
raw_probability_highsens_tta,0.29,5,0.4590811667131751,0.2979268971188713,0.5876234553172442,0.997879917397919,0.37668216295559803,0.9969873752723736,0.003012624802067876,12316,9592453,20380,8643
raw_probability_highsens_tta,0.29,10,0.4608040295448981,0.29937970108422896,0.5849038599167017,0.9979205921917078,0.38014760605297065,0.9970220449019442,0.0029779551550745964,12259,9592844,19989,8700
raw_probability_highsens_tta,0.29,15,0.46196906085697986,0.3003639582922732,0.5827568109162733,0.9979501360316975,0.3826560982485721,0.9970468534093315,0.0029531465843319893,12214,9593128,19705,8745
raw_probability_highsens_tta,0.29,20,0.46451218580478565,0.3025176634490242,0.5801803521157592,0.9979988209511171,0.3872981495046064,0.9970898271417933,0.002910172799602151,12160,9593596,19237,8799
raw_probability_highsens_tta,0.29,30,0.4660536250120093,0.303826543490256,0.5743117515145884,0.9980589489071526,0.3921357831638024,0.9971370567269867,0.002862943336367607,12037,9594174,18659,8922
raw_probability_highsens_tta,0.29,50,0.4661215186835544,0.3038842544316205,0.5561811155109708,0.9981898156349944,0.4011631908595219,0.9972281942562171,0.002771805739030242,11657,9595432,17401,9302
raw_probability_highsens_tta,0.29,75,0.45100912821362305,0.2911631930364417,0.5139081063025364,0.9983320213718464,0.4018280171608275,0.9972781226748503,0.0027218773029744625,10771,9596799,16034,10188
raw_probability_highsens_tta,0.29,100,0.449335929807573,0.28977000141095255,0.489908869697748,0.9984940963813675,0.4149692854831818,0.9973876330317274,0.0026123670395463705,10268,9598357,14476,10691
raw_probability_highsens_tta,0.29,150,0.42717399298820097,0.2715964709915916,0.4156686864829354,0.9988434210809645,0.43933434190598114,0.9975746829493507,0.0024253169540315866,8712,9601715,11118,12247
raw_probability_highsens_tta,0.29,200,0.3914091606398227,0.24332425068111602,0.34085595686800857,0.9991260640853732,0.45956899324512085,0.9976939506271248,0.002306049456819892,7144,9604432,8401,13815
raw_probability_highsens_tta,0.3,0,0.46034809000122523,0.29899491372799425,0.5861920893169588,0.9979057162441073,0.378986982540447,0.997010003952752,0.0029899959918111563,12286,9592701,20132,8673
raw_probability_highsens_tta,0.3,3,0.4607160943037942,0.29930547093936904,0.5860012405169206,0.9979115417900207,0.3795661042090427,0.9970154016196313,0.0029845982789993286,12282,9592757,20076,8677
raw_probability_highsens_tta,0.3,5,0.46151530545042213,0.29998043340011254,0.5851901331167588,0.9979270419032548,0.38099527832990154,0.9970291033894016,0.0029708966612815857,12265,9592906,19927,8694
raw_probability_highsens_tta,0.3,10,0.46293420205302044,0.30118047169571405,0.58309079631634,0.9979591864333844,0.3838374320800327,0.9970566107302287,0.0029433893505483866,12221,9593215,19618,8738
raw_probability_highsens_tta,0.3,15,0.4639383653075129,0.3020310870536073,0.5803712009157973,0.9979907067978806,0.38641634105264255,0.9970821458466189,0.0029178541153669357,12164,9593518,19315,8795
raw_probability_highsens_tta,0.3,20,0.4661581725027031,0.30391541301446523,0.5773653323151976,0.9980382474136387,0.39087179818456963,0.9971230435533579,0.002876956481486559,12101,9593975,18858,8858
raw_probability_highsens_tta,0.3,30,0.4682810701113298,0.3057225845902197,0.5724986879142265,0.9980974391212237,0.3961634970944281,0.997171518753985,0.0028284811414778233,11999,9594544,18289,8960
raw_probability_highsens_tta,0.3,50,0.46658605401038566,0.3042792555987004,0.5523164273101997,0.9982226883583634,0.40389379295893235,0.9972525875584599,0.0027474125381559134,11576,9595748,17085,9383
raw_probability_highsens_tta,0.3,75,0.45229309435941967,0.29223433242498853,0.5117133451020985,0.9983625014602866,0.4052369077305202,0.9973037615925266,0.0026962384581565857,10725,9597092,15741,10234
raw_probability_highsens_tta,0.3,100,0.452496080898975,0.2924038351785492,0.4889069134975481,0.9985347711751562,0.4211326648033778,0.997426039507599,0.0025739604607224464,10247,9598748,14085,10712
raw_probability_highsens_tta,0.3,150,0.4289325007432776,0.2730197785557954,0.41294909108239275,0.9988825354606692,0.44620302108550486,0.9976077955596291,0.0023922044783830643,8655,9602091,10742,12304
raw_probability_highsens_tta,0.3,200,0.3917151961321856,0.24356083896965103,0.34018798606787526,0.9991350104594546,0.46163807057270206,0.997701424319727,0.0022985755931586027,7130,9604518,8315,13829
raw_probability_highsens_tta,0.31,0,0.4627559114602133,0.30102955991834757,0.5845221623166256,0.9979467031207128,0.3829753977928716,0.9970472686144761,0.0029527314472943544,12251,9593095,19738,8708
raw_probability_highsens_tta,0.31,3,0.46321123990687685,0.30141503629868305,0.584379025716597,0.9979531528322598,0.38366119533880977,0.9970533928903583,0.002946607070043683,12248,9593157,19676,8711
raw_probability_highsens_tta,0.31,5,0.46364722164284916,0.30178434808354065,0.5834247817164065,0.9979652200345092,0.38467346168353317,0.9970633578138277,0.002936642151325941,12228,9593273,19560,8731
raw_probability_highsens_tta,0.31,10,0.4653089271057118,0.30319387095161854,0.5815640059160353,0.9979981967854836,0.3877895138710907,0.9970922145713744,0.002907785354182124,12189,9593590,19243,8770
raw_probability_highsens_tta,0.31,15,0.46693475458402117,0.30457591807015627,0.5789398349155117,0.9980359588063156,0.3912426646029563,0.9971241853675055,0.0028758146800100803,12134,9593953,18880,8825
raw_probability_highsens_tta,0.31,20,0.467761982443784,0.30528023524035963,0.5745980247146454,0.9980765295724986,0.39442570333724347,0.9971552219520611,0.002844778122380376,12043,9594343,18490,8916
raw_probability_highsens_tta,0.31,30,0.4717166942408273,0.30865788591893484,0.5713535951139981,0.9981443555713483,0.40167041223613803,0.9972158419031666,0.0027841581031680107,11975,9594995,17838,8984
raw_probability_highsens_tta,0.31,50,0.4681928687195162,0.30564740113733485,0.5513144711099999,0.9982475509561012,0.40685187141283513,0.9972752162388383,0.0027247837278991938,11555,9595987,16846,9404
raw_probability_highsens_tta,0.31,75,0.4532103462199628,0.29300063205905824,0.5087074765014987,0.9983948540456274,0.40863099800689534,0.9973295043114893,0.0026704957708716393,10662,9597403,15430,10297
raw_probability_highsens_tta,0.31,100,0.4513018750554405,0.29140725864286576,0.48461281549669133,0.9985544323926142,0.42227580759139305,0.9974363158349268,0.0025636842474341393,10157,9598937,13896,10802
raw_probability_highsens_tta,0.31,150,0.4296049523903166,0.2735648925053752,0.41223340808224995,0.9988948107181297,0.4485049833884715,0.9976184870921015,0.0023815128952264786,8640,9602209,10624,12319
raw_probability_highsens_tta,0.31,200,0.3813528641843601,0.23559975225372115,0.3266854334651812,0.9991570643118414,0.45799331103648294,0.997694054428411,0.0023059456143528223,6847,9604730,8103,14112
raw_probability_highsens_tta,0.32,0,0.4649763971371127,0.30291156192641666,0.5827568109162733,0.9979857134728118,0.38680051936523835,0.9970823534491912,0.00291764666326344,12214,9593470,19363,8745
raw_probability_highsens_tta,0.32,3,0.46544068604088323,0.30330576459769437,0.5826613865162542,0.9979918511015421,0.3874857215381433,0.9970882701225011,0.002911729970946908,12212,9593529,19304,8747
raw_probability_highsens_tta,0.32,5,0.46571417656712655,0.3035380823144926,0.5816594303160544,0.998002253862102,0.38831024048402984,0.9970964704241062,0.0029035296756774187,12191,9593629,19204,8768
raw_probability_highsens_tta,0.32,10,0.46761289329939465,0.30515324179816133,0.5800372155157306,0.9980359588063156,0.39169378483732586,0.9971265727970866,0.0028734272345900536,12157,9593953,18880,8802
raw_probability_highsens_tta,0.32,15,0.4687227402251597,0.30609919740732056,0.5768404981150929,0.99807153624743,0.39473684210513427,0.997155118150775,0.0028448819648474455,12090,9594295,18538,8869
raw_probability_highsens_tta,0.32,20,0.4702291271253507,0.30738533166194076,0.5733097953143884,0.9981137714553026,0.3985670691255146,0.9971895801777733,0.0028104197699576616,12016,9594701,18132,8943
raw_probability_highsens_tta,0.32,30,0.47309007075274806,0.30983495600554234,0.5678706045133032,0.9981841981442922,0.4054228974348859,0.9972480203018698,0.0027519797440618277,11902,9595378,17455,9057
raw_probability_highsens_tta,0.32,50,0.470530652200418,0.3076430742972138,0.5504079393098189,0.9982794874310196,0.41089937666948856,0.9973051110092465,0.002694888971745968,11536,9596294,16539,9423
raw_probability_highsens_tta,0.32,75,0.4549557293904292,0.2944612902327609,0.5050336371007658,0.9984408342473016,0.41391311148460724,0.9973673917809301,0.0026326081715524197,10585,9597845,14988,10374
raw_probability_highsens_tta,0.32,100,0.452742644270349,0.2926097863382565,0.4841834056966057,0.9985725331959882,0.42513615416823414,0.9974534430471398,0.002546556992456317,10148,9599111,13722,10811
raw_probability_highsens_tta,0.32,150,0.4305843038478689,0.2743596262631811,0.4118994226821833,0.9989069819479846,0.4510449320791792,0.9976299052335769,0.002370094880461693,8633,9602326,10507,12326
raw_probability_highsens_tta,0.32,200,0.3820688885166131,0.2361465737353405,0.3265422968651526,0.9991653865202892,0.4603484226807961,0.9977020471274438,0.0022979527711868286,6844,9604810,8023,14115
raw_probability_highsens_tta,0.33,0,0.4670603573892808,0.3046828096857353,0.5811345961159496,0.9980217070243487,0.39042215597641106,0.9971147394504667,0.002885260619223118,12180,9593816,19017,8779
raw_probability_highsens_tta,0.33,3,0.467539447920976,0.3050906904498685,0.5810391717159306,0.9980279486806846,0.39113537819162,0.9971207599250628,0.002879240084439516,12178,9593876,18957,8781
raw_probability_highsens_tta,0.33,5,0.4678763156374771,0.3053776404691168,0.5800849277157402,0.9980386635240611,0.39204179027460595,0.9971293754318123,0.002870624652132392,12158,9593979,18854,8801
raw_probability_highsens_tta,0.33,10,0.4696814176429806,0.30691741122268174,0.5785581373154356,0.9980702879161628,0.3952927369929602,0.9971576093816423,0.002842390676960349,12126,9594283,18550,8833
raw_probability_highsens_tta,0.33,15,0.47045738370268686,0.30758043528173207,0.5751705711147597,0.9981031606395316,0.3979992736635749,0.9971830406967465,0.002816959284245968,12055,9594599,18234,8904
raw_probability_highsens_tta,0.33,20,0.4723497310820796,0.30920017538874184,0.5719738537141218,0.9981470602890938,0.4022818791944959,0.997219890153326,0.002780109876766801,11988,9595021,17812,8971
raw_probability_highsens_tta,0.33,30,0.4733742036301492,0.31007874015739895,0.5636719309124655,0.9982168628124498,0.4080124330856819,0.9972714793925374,0.0027285206597298384,11814,9595692,17141,9145
raw_probability_highsens_tta,0.33,50,0.4719525461299087,0.3088598753491541,0.5485471635094477,0.9983079909949534,0.4141272242632324,0.9973295043114893,0.0026704957708716393,11497,9596568,16265,9462
raw_probability_highsens_tta,0.33,75,0.45661942620107665,0.29585666293384777,0.5042225297006039,0.9984644485137723,0.4172292629000682,0.9973891900510194,0.0026108098682016134,10568,9598072,14761,10391
raw_probability_highsens_tta,0.33,100,0.4508343800465524,0.291017547923701,0.4795076100956727,0.998587825254011,0.4253968253966453,0.9974585293101605,0.0025414705742150545,10050,9599258,13575,10909
raw_probability_highsens_tta,0.33,150,0.4311823386752929,0.27484541339954266,0.4114223006820881,0.9989165524876996,0.4529362327973248,0.9976384169390403,0.0023615830577909946,8623,9602418,10415,12336
raw_probability_highsens_tta,0.33,200,0.38247056520390904,0.23645354265353696,0.32625602366509554,0.9991719402594418,0.4620894715498972,0.9977079638007537,0.00229203631170094,6838,9604873,7960,14121
raw_probability_highsens_tta,0.34,0,0.46959511667430276,0.306843712922448,0.5799417911157116,0.9980594690451806,0.394527573111625,0.9971498242851818,0.00285017560236156,12155,9594179,18654,8804
raw_probability_highsens_tta,0.34,3,0.4698990836328984,0.3071033280266073,0.5798463667156926,0.9980636301494045,0.39500113758234634,0.9971537687340551,0.0028462312184274197,12153,9594219,18614,8806
raw_probability_highsens_tta,0.34,5,0.4702803303477046,0.3074290928445727,0.5787012739154641,0.9980761134620763,0.3960748457040799,0.9971637336575245,0.0028362662997096777,12129,9594339,18494,8830
raw_probability_highsens_tta,0.34,10,0.4719951618251484,0.30889637914296797,0.5771744835151595,0.9981063854953052,0.39924092409227746,0.9971906181906347,0.0028093818109482527,12097,9594630,18203,8862
raw_probability_highsens_tta,0.34,15,0.47312969296684493,0.30986894616228283,0.5742163271145693,0.9981399864119131,0.40230653518288406,0.997217710326317,0.0027822896372526884,12035,9594953,17880,8924
raw_probability_highsens_tta,0.34,20,0.47383149746939096,0.31047128589255346,0.5695405315136364,0.9981806612057018,0.4056616597565399,0.9972481241031559,0.002751875901594758,11937,9595344,17489,9022
raw_probability_highsens_tta,0.34,30,0.47582173825358426,0.3121824724808658,0.5629085357123131,0.998248903314974,0.41207083231448005,0.99730178936809,0.002698210533708334,11798,9596000,16833,9161
raw_probability_highsens_tta,0.34,50,0.474049518284373,0.3106585200270711,0.5458275681089051,0.9983494980095868,0.41895554090660697,0.997365004351349,0.0026349956169724464,11440,9596967,15866,9519
raw_probability_highsens_tta,0.34,75,0.4595759501936394,0.29834379062791866,0.5036499833004897,0.9984996098444643,0.42259497978284855,0.9974230292703009,0.0025769707281142473,10556,9598410,14423,10403
raw_probability_highsens_tta,0.34,100,0.45268848824836505,0.29256454489626255,0.47740827329525387,0.9986224664466751,0.4304026152785485,0.9974885278818549,0.0025114722084254026,10006,9599591,13242,10953
raw_probability_highsens_tta,0.34,150,0.43274497869739487,0.2761165048542796,0.40708049048122186,0.9989658615727529,0.4618632598925665,0.9976781728316317,0.0023218272253870964,8532,9602892,9941,12427
raw_probability_highsens_tta,0.34,200,0.383069376313838,0.23691144858184698,0.32601746266504794,0.9991799503850728,0.4643245447129217,0.9977154374933558,0.002284562448039651,6833,9604950,7883,14126
raw_probability_highsens_tta,0.35,0,0.4718926278933142,0.30880855397140816,0.5787489861154737,0.9980941102378447,0.3983448819413489,0.9971817950813128,0.002818204928189516,12130,9594512,18321,8829
raw_probability_highsens_tta,0.35,3,0.4722514312418756,0.3091159375955162,0.5785581373154356,0.9980995196733357,0.3989471952622474,0.9971867775430475,0.0028132223524153233,12126,9594564,18269,8833
raw_probability_highsens_tta,0.35,5,0.47259739245833543,0.3094124562344273,0.5776516055152547,0.9981098184062899,0.3998744921886581,0.9971950816459386,0.002804918447509408,12107,9594663,18170,8852
raw_probability_highsens_tta,0.35,10,0.4741357309722464,0.31073257339878274,0.5761725273149596,0.9981374897493789,0.40280186791180694,0.9972194749481814,0.0027805250138044357,12076,9594929,17904,8883
raw_probability_highsens_tta,0.35,15,0.47524674143070966,0.3116876378258369,0.5732143709143693,0.9981705705279589,0.40587837837824126,0.9972460480774331,0.002753951819613576,12014,9595247,17586,8945
raw_probability_highsens_tta,0.35,20,0.4761315064114417,0.31244920963632467,0.568681711913465,0.9982119735149868,0.4094891263268597,0.9972774998671334,0.0027225001249462366,11919,9595645,17188,9040
raw_probability_highsens_tta,0.35,30,0.4784339208836654,0.3144351911167216,0.5620497161121417,0.9982830243696099,0.4164751635140829,0.9973339677667933,0.002666032174602151,11780,9596328,16505,9179
raw_probability_highsens_tta,0.35,50,0.4736798163221721,0.31034105516497273,0.5413903335080197,0.9983767532422534,0.4210233386514708,0.9973825467687065,0.0026174532249569893,11347,9597229,15604,9612
raw_probability_highsens_tta,0.35,75,0.46261846261836115,0.30091324200904657,0.5030774369003754,0.9985351872855787,0.4281827411165774,0.997457283694727,0.0025427162181586027,10544,9598752,14081,10415
raw_probability_highsens_tta,0.35,100,0.4560531058237434,0.2953813421588324,0.4769311512951587,0.9986599163846902,0.43692630474672745,0.9975248583320037,0.00247514178045094,9996,9599951,12882,10963
raw_probability_highsens_tta,0.35,150,0.43175644508215066,0.27531211190264876,0.4019275728801937,0.9989972779096433,0.4663677130042261,0.9976983102811428,0.0023016897030174732,8424,9603194,9639,12535
raw_probability_highsens_tta,0.35,200,0.3858975083336952,0.23907868944264943,0.32587432606501937,0.9992084539490066,0.47302444767610424,0.9977435676418995,0.0022564323153346777,6830,9605224,7609,14129
raw_probability_highsens_tta,0.36,0,0.4741532976826166,0.3107476635513221,0.5774607567152166,0.9981286474029031,0.4021999202444496,0.9972134544735853,0.0027865455485880375,12103,9594844,17989,8856
raw_probability_highsens_tta,0.36,3,0.474568957062342,0.31110482460644195,0.5771744835151595,0.9981353051696613,0.40293784557977386,0.9972194749481814,0.0027805250138044357,12097,9594908,17925,8862
raw_probability_highsens_tta,0.36,5,0.47505947582617825,0.31152656008243645,0.5764110883150072,0.9981461240406434,0.40401979800668714,0.9972286094613617,0.002771390601992607,12081,9595012,17821,8878
raw_probability_highsens_tta,0.36,10,0.47629970930797993,0.3125940923012219,0.5745980247146454,0.9981725470524653,0.40672070246524594,0.9972510305391679,0.0027489694766700268,12043,9595266,17567,8916
raw_probability_highsens_tta,0.36,15,0.47760301417369827,0.3137177875549147,0.5715444439140361,0.9982081244935797,0.4101835365017086,0.9972798872967146,0.00272011267952621,11979,9595608,17225,8980
raw_probability_highsens_tta,0.36,20,0.47796112797208656,0.3140268864061712,0.5672980581131889,0.9982415173549765,0.41293324998249187,0.997303969195099,0.0026960307732224464,11890,9595929,16904,9069
raw_probability_highsens_tta,0.36,30,0.48013231510587656,0.31590402235529036,0.5609523355119228,0.9983087191881925,0.4196680349811102,0.9973572192548885,0.002642780775204301,11757,9596575,16258,9202
raw_probability_highsens_tta,0.36,50,0.47619247829458766,0.3125017244708461,0.5403883773078199,0.9984100420760447,0.42562946260788215,0.9974135833532622,0.002586416667327285,11326,9597549,15284,9633
raw_probability_highsens_tta,0.36,75,0.46400317327387913,0.3020860233564885,0.5023140417002231,0.9985548485030366,0.43112203112185454,0.9974752413172291,0.0025247586891055107,10528,9598941,13892,10431
raw_probability_highsens_tta,0.36,100,0.4581975115925674,0.297183014710173,0.47616775609500633,0.99868685953454,0.44153430960472434,0.9975500820445355,0.0024499178398400545,9980,9600210,12623,10979
raw_probability_highsens_tta,0.36,150,0.4323268662468374,0.275776153165172,0.4013550264800795,0.9990071605321751,0.4684785030070904,0.9977069257878923,0.002293074270710349,8412,9603289,9544,12547
raw_probability_highsens_tta,0.36,200,0.38621822093868236,0.23932493596707508,0.3254449162649337,0.9992154237985816,0.4749007867433858,0.9977495881164956,0.002250411780551076,6821,9605291,7542,14138
raw_probability_highsens_tta,0.37,0,0.47650225807078384,0.3127686014600754,0.5764110883150072,0.9981621442919055,0.4061113352156763,0.9972445948594272,0.0027554051484912634,12081,9595166,17667,8878
raw_probability_highsens_tta,0.37,3,0.4768355780243144,0.31305587968356985,0.576029390714931,0.998168489975847,0.4067859429224681,0.9972500963275925,0.002749903593212366,12073,9595227,17606,8886
raw_probability_highsens_tta,0.37,5,0.47728172247279405,0.31344059470269714,0.5753614199147977,0.9981780605155619,0.40777060156209793,0.9972581928279115,0.0027418071404099464,12059,9595319,17514,8900
raw_probability_highsens_tta,0.37,10,0.4788485656838177,0.31479348793375,0.5738346295144932,0.9982058358862564,0.4108423857346414,0.9972825861301542,0.002717413939535618,12027,9595586,17247,8932
raw_probability_highsens_tta,0.37,15,0.4799807429991816,0.31577280405397073,0.5708287609138933,0.9982389166648366,0.4140795348352839,0.9973090554581198,0.0026909445878118277,11964,9595904,16929,8995
raw_probability_highsens_tta,0.37,20,0.4807318652848768,0.31642331876790036,0.5666300873130556,0.9982759504924293,0.4174487679706079,0.9973368742028051,0.0026631257496774197,11876,9596260,16573,9083
raw_probability_highsens_tta,0.37,30,0.48188510095807835,0.3174233394733131,0.5590915597115516,0.9983400314974774,0.42341463414618846,0.997384415191857,0.002615584759041667,11718,9596876,15957,9241
raw_probability_highsens_tta,0.37,50,0.4783242797657039,0.31434048227572114,0.5398635431077151,0.9984357368946273,0.4293791742560605,0.9974380804567912,0.0025619196239858866,11315,9597796,15037,9644
raw_probability_highsens_tta,0.37,75,0.4631373678727895,0.30135248147178206,0.4985924900994806,0.9985729493064106,0.43238993710673934,0.9974852062406985,0.0025147937703877687,10450,9599115,13718,10509
raw_probability_highsens_tta,0.37,100,0.4585406493715817,0.29747177516205336,0.47268476549431143,0.9987157792088961,0.4452184073339721,0.9975713613081942,0.0024286387488245964,9907,9600488,12345,11052
raw_probability_highsens_tta,0.37,150,0.43314956978710056,0.276446022820599,0.4011164654800319,0.9990167310718902,0.47074304272329315,0.9977159564997865,0.0022840434685349464,8407,9603381,9452,12552
raw_probability_highsens_tta,0.37,200,0.38912193590720284,0.24155890168281963,0.32530177966490514,0.9992441354177266,0.4840954274350439,0.9977779258676117,0.002222074195742607,6818,9605567,7266,14141
raw_probability_highsens_tta,0.38,0,0.478485233407336,0.3144795199581752,0.5751228589147501,0.9981929364631624,0.40965165675432125,0.9972725174053987,0.0027274827007204294,12054,9595462,17371,8905
raw_probability_highsens_tta,0.38,3,0.47887435907617976,0.3148157825972525,0.574836585714693,0.9981991781194982,0.41036820055165013,0.9972781226748503,0.0027218773029744625,12048,9595522,17311,8911
raw_probability_highsens_tta,0.38,5,0.47923220899197977,0.31512517021045483,0.5741686149145597,0.9982077083831572,0.4112360318489522,0.9972851811623077,0.002714818809181452,12034,9595604,17229,8925
raw_probability_highsens_tta,0.38,10,0.4806006006005044,0.3163095896908013,0.5726895367142646,0.9982327790361063,0.41402504225434994,0.997306979432397,0.0026930205058306456,12003,9595845,16988,8956
raw_probability_highsens_tta,0.38,15,0.4822795290695527,0.31776571398150044,0.5697313803136744,0.9982711652225719,0.4181022408962121,0.9973388464272418,0.0026611536741256714,11941,9596214,16619,9018
raw_probability_highsens_tta,0.38,20,0.48242739982488814,0.31789411575381704,0.5655327067128367,0.9983015412834063,0.42061745919076626,0.9973600218896143,0.0026399781927466393,11853,9596506,16327,9106
raw_probability_highsens_tta,0.38,30,0.4831325799907937,0.3185067947387659,0.5568967985111136,0.9983681189509889,0.42662378010876617,0.9974076666799523,0.002592333359643817,11672,9597146,15687,9287
raw_probability_highsens_tta,0.38,50,0.48010542424747493,0.3158807406163462,0.5388615869075152,0.9984609115751819,0.4329027559506179,0.9974610205410279,0.0025389795191586018,11294,9598038,14795,9665
raw_probability_highsens_tta,0.38,75,0.46295096615649217,0.30119466325602384,0.49439381649864284,0.9986014528703443,0.4352684197259366,0.9975045132799204,0.002495486754924059,10362,9599389,13444,10597
raw_probability_highsens_tta,0.38,100,0.4606678776022401,0.29926477262403584,0.4719213702941591,0.9987420981931123,0.4499385889094073,0.9975959622130093,0.0024040378630161285,9891,9600741,12092,11068
raw_probability_highsens_tta,0.38,150,0.43125259228524704,0.27490250512252135,0.39687007967918464,0.9990326472955465,0.4721575750692671,0.9977225997820994,0.0022774001117795706,8318,9603534,9299,12641
raw_probability_highsens_tta,0.38,200,0.38928285485520153,0.24168293981883837,0.3247769454648004,0.9992503770740624,0.48576321986691945,0.9977830121306326,0.0022169877775013447,6807,9605627,7206,14152
raw_probability_highsens_tta,0.39,0,0.4800415343755906,0.3158254289391955,0.5735006441144265,0.9982211279442793,0.41277472527458353,0.9972971183102137,0.002702881582081318,12020,9595733,17100,8939
raw_probability_highsens_tta,0.39,3,0.48040470287121484,0.31613989841829626,0.5731666587143598,0.9982273696006152,0.4134856985507818,0.9973026197783791,0.0026973802596330643,12013,9595793,17040,8946
raw_probability_highsens_tta,0.39,5,0.48080273989054845,0.31648473342817157,0.5726895367142646,0.9982349636158239,0.414325163962577,0.9973091592594059,0.002690840745344758,12003,9595866,16967,8956
raw_probability_highsens_tta,0.39,10,0.48200149064309533,0.31752435043384447,0.5708287609138933,0.9982606584344065,0.4170966392412435,0.9973307499269229,0.002669250126928091,11964,9596113,16720,8995
raw_probability_highsens_tta,0.39,15,0.48375363231787943,0.3190468532217436,0.5679183167133127,0.9982992526760832,0.4213153051109934,0.9973629283256261,0.002637071767821908,11903,9596484,16349,9056
raw_probability_highsens_tta,0.39,20,0.4843311841161633,0.31954948141737266,0.5644830383126272,0.9983287965160729,0.42411098365341837,0.9973849341982878,0.0026150657795369625,11831,9596768,16065,9128
raw_probability_highsens_tta,0.39,30,0.4839031694533558,0.31917695473242275,0.5550837349107519,0.9983885083616859,0.4289032258062935,0.9974240672831624,0.0025759327691048384,11634,9597342,15491,9325
raw_probability_highsens_tta,0.39,50,0.4803472905349471,0.3160901747768664,0.5358557183069155,0.9984841097312301,0.4352594659534026,0.9974776287468102,0.002522371243685484,11231,9598261,14572,9728
raw_probability_highsens_tta,0.39,75,0.4649091236277522,0.3028544633959607,0.4930578748983763,0.9986306846275173,0.4398008256371282,0.9975307750053136,0.002469225088134408,10334,9599670,13163,10625
raw_probability_highsens_tta,0.39,100,0.4622694504258819,0.30061797923824146,0.47115797509400675,0.9987631117694431,0.4537100849986429,0.9976152692522312,0.0023847308475524187,9875,9600943,11890,11084
raw_probability_highsens_tta,0.39,150,0.43156718551037304,0.2751582226050316,0.3962021088790514,0.9990408654763888,0.4738644145169631,0.9977293468656985,0.0022706531453877687,8304,9603613,9220,12655
raw_probability_highsens_tta,0.39,200,0.3895843478757944,0.24191540076123594,0.3244429600647338,0.9992562026199759,0.48745519713226704,0.9977880983936533,0.002211901592090726,6800,9605683,7150,14159
raw_probability_highsens_tta,0.4,0,0.4812350493496128,0.31685946475360227,0.5711150341139505,0.9982504637290579,0.41579824927038495,0.997321200208598,0.0026787996757775545,11970,9596015,16818,8989
raw_probability_highsens_tta,0.4,3,0.4813845844233284,0.31698913331557993,0.5706379121138553,0.998255353026521,0.41627510354654684,0.9973250408561852,0.002674959134310484,11960,9596062,16771,8999
raw_probability_highsens_tta,0.4,5,0.48209821788555723,0.3176083087628981,0.5704947755138268,0.9982639873177855,0.41742014313129083,0.9973333449590764,0.002666654996573925,11957,9596145,16688,9002
raw_probability_highsens_tta,0.4,10,0.483560171193184,0.3188785746768896,0.5687294241134745,0.9982916586608745,0.4205772351984967,0.9973571154536024,0.0026428846176713705,11920,9596411,16422,9039
raw_probability_highsens_tta,0.4,15,0.4849537983480896,0.32009175549849683,0.5659144043129128,0.9983255716602993,0.42425868297727787,0.9973848303970015,0.002615169622004032,11861,9596737,16096,9098
raw_probability_highsens_tta,0.4,20,0.4851854139641145,0.3202935979338534,0.5621451405121608,0.9983536591138108,0.42676035931598566,0.9974046564426542,0.002595343627035618,11782,9597007,15826,9177
raw_probability_highsens_tta,0.4,30,0.48573163327251523,0.3207698476342337,0.5534615201104283,0.9984183642844925,0.4327712281747378,0.9974503290085556,0.0025496711023151875,11600,9597629,15204,9359
raw_probability_highsens_tta,0.4,50,0.4814687122908806,0.3170620955839718,0.5330406985063538,0.9985147978748815,0.438995638335322,0.9975021258503391,0.0024978742003440857,11172,9598556,14277,9787
raw_probability_highsens_tta,0.4,75,0.46472184531875516,0.30269553689783396,0.4902428550978146,0.998649097513708,0.44172649499142697,0.9975430235570781,0.0024569763336330652,10275,9599847,12986,10684
raw_probability_highsens_tta,0.4,100,0.46283165062210313,0.3010936640800693,0.4702514432938259,0.9987750749440868,0.45564236512391676,0.9976252341757006,0.0023747659288346767,9856,9601058,11775,11103
raw_probability_highsens_tta,0.4,150,0.43182410253727094,0.27536713402874763,0.39543871367889905,0.9990492917124422,0.475583864118623,0.9977360939492975,0.0022639059461653233,8288,9603694,9139,12671
raw_probability_highsens_tta,0.4,200,0.38966408268722663,0.24197689345305876,0.3237749892646005,0.9992629644143397,0.48922211808774474,0.9977933922592465,0.002206607721745968,6786,9605748,7085,14173
raw_probability_highsens_tta,0.41,0,0.4832958983385979,0.31864877124627944,0.569779092513684,0.9982816720107371,0.4196064652141885,0.997349434158428,0.0026505659334361553,11942,9596315,16518,9017
raw_probability_highsens_tta,0.41,3,0.48339139593281955,0.31873180373398896,0.5693496827135983,0.9982856250597499,0.4199838102275648,0.9973524443957261,0.0026475556660443544,11933,9596353,16480,9026
raw_probability_highsens_tta,0.41,5,0.48403456810149637,0.31929129643498577,0.5692065461135697,0.9982934271301697,0.42103405682003847,0.9973599180883281,0.0026400818023830652,11930,9596428,16405,9029
raw_probability_highsens_tta,0.41,10,0.4851715686273519,0.3202815306204136,0.5666777995130652,0.9983226588873426,0.42416342273475083,0.997383584781568,0.0026164152659475803,11877,9596709,16124,9082
raw_probability_highsens_tta,0.41,15,0.48659318966925347,0.32152173913034743,0.5645307505126368,0.9983520986997267,0.4275647743286136,0.9974082894876691,0.002591710537672043,11832,9596992,15841,9127
raw_probability_highsens_tta,0.41,20,0.48687479297770647,0.32176768367756964,0.5610477599119419,0.9983786257391541,0.43002377034177,0.9974271813217465,0.002572818659245968,11759,9597247,15586,9200
raw_probability_highsens_tta,0.41,30,0.4876323600613672,0.32242977645379517,0.5526027005102568,0.9984435389650471,0.4363321277876596,0.9974735804966508,0.0025264194700866938,11582,9597871,14962,9377
raw_probability_highsens_tta,0.41,50,0.48324775911572465,0.3186069195018881,0.5298916933057255,0.9985541203097974,0.44415116976586916,0.9975345118516147,0.0024654881563037634,11106,9598934,13899,9853
raw_probability_highsens_tta,0.41,75,0.466683338258925,0.3043620081249283,0.48971802089770994,0.9986721916421507,0.44571825603593634,0.9975649256284536,0.002435074420645833,10264,9600069,12764,10695
raw_probability_highsens_tta,0.41,100,0.46385754999164713,0.30196258816304755,0.46982203349374024,0.9987879743671809,0.45804260861454177,0.9976371713236066,0.002362828701734543,9847,9601182,11651,11112
raw_probability_highsens_tta,0.41,150,0.43229494440936855,0.2757501756263086,0.39329166467847065,0.9990706173715896,0.47988589392764747,0.9977527021550798,0.002247297903522849,8243,9603899,8934,12716
raw_probability_highsens_tta,0.41,200,0.387429100590234,0.2402555451869068,0.3193854668637247,0.9992818974385586,0.4923144811351825,0.997802734374999,0.002197265625,6694,9605930,6903,14265
raw_probability_highsens_tta,0.42,0,0.4850446928510812,0.3201709585505295,0.5683000143133888,0.9983102796022766,0.42306599417474494,0.997374761672246,0.0026252383831888437,11911,9596590,16243,9048
raw_probability_highsens_tta,0.42,3,0.48532409294731244,0.32041447988149097,0.5680137411133317,0.9983151688997396,0.4236504039000663,0.9973790175249778,0.0026209824718534946,11905,9596637,16196,9054
raw_probability_highsens_tta,0.42,5,0.48562156866737033,0.32067385444735297,0.5676320435132556,0.9983208904180475,0.4243169983592181,0.9973838961854263,0.0026161037385463715,11897,9596692,16141,9062
raw_probability_highsens_tta,0.42,10,0.4867961723273057,0.32169900936346274,0.5655327067128367,0.9983474174574749,0.42730451710572576,0.9974057982568018,0.0025942018255591393,11853,9596947,15886,9106
raw_probability_highsens_tta,0.42,15,0.4880309519374986,0.32277840116031564,0.5627176869122751,0.9983792499047878,0.4308467889236389,0.9974314371744782,0.0025685627479106188,11794,9597253,15580,9165
raw_probability_highsens_tta,0.42,20,0.4884911550467246,0.32318114225909483,0.5599503793117229,0.9984026561160473,0.4332065999776925,0.9974487719892635,0.002551228040829301,11736,9597478,15355,9223
raw_probability_highsens_tta,0.42,30,0.4894770273130448,0.324044742227489,0.5515053199100379,0.9984695458664465,0.4399908644511286,0.9974971433886045,0.002502856543287635,11559,9598121,14712,9400
raw_probability_highsens_tta,0.42,50,0.4847702971594943,0.31993188640027714,0.5288897371055256,0.9985759661069729,0.4474449019131156,0.9975541302946951,0.0024458696134388447,11085,9599144,13689,9874
raw_probability_highsens_tta,0.42,75,0.4682708347614387,0.3057138594658196,0.48885920129753857,0.998693829384115,0.44934654854817585,0.9975846478728201,0.0024153520353138447,10246,9600277,12556,10713
raw_probability_highsens_tta,0.42,100,0.4645734401208533,0.3025696260962294,0.46910635049359745,0.9987999375418246,0.4601272931484181,0.9976475514522205,0.002352448645979166,9832,9601297,11536,11127
raw_probability_highsens_tta,0.42,150,0.43453936083170125,0.2775792312878363,0.39281454267837546,0.999094855803694,0.48618164639158723,0.9977758498418889,0.002224150113761425,8233,9604132,8701,12726
raw_probability_highsens_tta,0.42,200,0.39029511256258304,0.24246376811585418,0.3192900424637057,0.9993091526712251,0.5019125478133188,0.9978297227093953,0.0021702772937715054,6692,9606192,6641,14267
raw_probability_highsens_tta,0.43,0,0.4873167230594715,0.3221538378113705,0.5669163605131128,0.9983434644084622,0.4273178450692558,0.9974048640452265,0.0025951359421014786,11882,9596909,15924,9077
raw_probability_highsens_tta,0.43,3,0.4875726043140842,0.32237752747989623,0.5667255117130747,0.9983474174574749,0.42782019881845995,0.9974083932889553,0.0025916066952049732,11878,9596947,15886,9081
raw_probability_highsens_tta,0.43,5,0.48784900694919864,0.32261924185557117,0.5660575409129414,0.9983548034174723,0.4286282018857514,0.9974143099622652,0.002585690002888441,11864,9597018,15815,9095
raw_probability_highsens_tta,0.43,10,0.489216963380996,0.323816823146108,0.5644353261126177,0.9983798740704214,0.43168880455392217,0.997435796828496,0.0025642032269388437,11830,9597259,15574,9129
raw_probability_highsens_tta,0.43,15,0.4902642703928674,0.3247351578017202,0.5616203063120561,0.9984095219380167,0.43499630450833887,0.9974592559191636,0.0025407441426068544,11771,9597544,15289,9188
raw_probability_highsens_tta,0.43,20,0.49072018098778947,0.32513532269248435,0.558852998711504,0.9984327200940649,0.43739497367323743,0.9974763831313765,0.002523616887629032,11713,9597767,15066,9246
raw_probability_highsens_tta,0.43,30,0.49107123853298196,0.3254436200523809,0.5504079393098189,0.9984928480501004,0.44328312327065655,0.9975180074471185,0.0024819925893098116,11536,9598345,14488,9423
raw_probability_highsens_tta,0.43,50,0.48474457047382297,0.31990947600524583,0.5260747173049639,0.9985948991311917,0.44943545428588044,0.9975668978528902,0.002433102112263441,11026,9599326,13507,9933
raw_probability_highsens_tta,0.43,75,0.47003698003985805,0.30722113796718,0.4881912304974053,0.9987156751812906,0.45318451590023334,0.9976049929249033,0.002395007060840726,10232,9600487,12346,10727
raw_probability_highsens_tta,0.43,100,0.4645569921659965,0.30255567272492323,0.46543251109286443,0.9988262565260408,0.4636847609086112,0.9976658204785811,0.002334179589524865,9755,9601550,11283,11204
raw_probability_highsens_tta,0.43,150,0.4325559156350124,0.27596258134480883,0.3884727324775092,0.9991110841101671,0.48792473182687846,0.997782596925488,0.002217403147369623,8142,9604288,8545,12817
raw_probability_highsens_tta,0.43,200,0.3907784011219055,0.24283691033872867,0.3190514814636581,0.9993157064103777,0.5041085563509203,0.9978357431839914,0.0021642567589879036,6687,9606255,6578,14272
raw_probability_highsens_tta,0.44,0,0.48932479867840406,0.32391132008410817,0.5653418579127986,0.9983748807453526,0.4313275818133918,0.997432786591198,0.0025672134943306446,11849,9597211,15622,9110
raw_probability_highsens_tta,0.44,3,0.48963564593785736,0.3241837935468859,0.56519872131277,0.9983790418495766,0.4318944144668106,0.9974366272387851,0.0025633727200329304,11846,9597251,15582,9113
raw_probability_highsens_tta,0.44,5,0.4901916105643728,0.32467140465924194,0.5645307505126368,0.9983892365549252,0.43315273099998786,0.9974453465468209,0.0025546534452587366,11832,9597349,15484,9127
raw_probability_highsens_tta,0.44,10,0.4912054286962197,0.32556150322820887,0.5629562479123227,0.9984101461036503,0.43567683332086415,0.9974627851628923,0.002537214895710349,11799,9597550,15283,9160
raw_probability_highsens_tta,0.44,15,0.49208313235314644,0.3263330644487424,0.5597595305116848,0.9984404181368792,0.4390061368057031,0.9974860366509876,0.0025139632634818554,11732,9597841,14992,9227
raw_probability_highsens_tta,0.44,20,0.49197906112789347,0.3262415318290336,0.5560379789109423,0.9984642404585611,0.4411553166519888,0.9975017106451947,0.0024982893373817205,11654,9598070,14763,9305
raw_probability_highsens_tta,0.44,30,0.4927461805108716,0.3269165247017811,0.5493582709096095,0.9985164623165711,0.4467119301647151,0.9975392867107771,0.00246071326546371,11514,9598572,14261,9445
raw_probability_highsens_tta,0.44,50,0.486926514179426,0.32181286549698196,0.5251204733047735,0.9986225704742806,0.45391182414300574,0.9975924329692805,0.002407567109912634,11006,9599592,13241,9953
raw_probability_highsens_tta,0.44,75,0.4684389218651481,0.3058571600915956,0.483849420296539,0.9987311752945246,0.45397976542194735,0.9976110133994994,0.002388986526057124,10141,9600636,12197,10818
raw_probability_highsens_tta,0.44,100,0.4676509422637216,0.3051856493810731,0.46471682809272163,0.9988602735530713,0.47062234248141155,0.9976982064798566,0.002301793545484543,9740,9601877,10956,11219
raw_probability_highsens_tta,0.44,150,0.43482911697052073,0.2778157463093638,0.38790018607739496,0.9991360507355106,0.49467599634895365,0.9978062636187278,0.0021937363781034946,8130,9604528,8305,12829
raw_probability_highsens_tta,0.44,200,0.391287801165025,0.24323045567031473,0.31886063266361997,0.9993220520943192,0.5062878787874953,0.9978416598573013,0.0021583400666713715,6683,9606316,6517,14276
raw_probability_highsens_tta,0.45,0,0.4914345114344093,0.32576279595371527,0.563910491912513,0.998406089027032,0.43546663719080525,0.9974608129384557,0.0025391869712620974,11819,9597511,15322,9140
raw_probability_highsens_tta,0.45,3,0.49175892782808384,0.3260479620276717,0.5637196431124749,0.9984106662416783,0.4360905030818159,0.9974649649899012,0.002535034902393818,11815,9597555,15278,9144
raw_probability_highsens_tta,0.45,5,0.492325658992223,0.32654642027212394,0.5631948089123703,0.9984199246985764,0.437298558885475,0.9974730614902201,0.0025269384495913982,11804,9597644,15189,9155
raw_probability_highsens_tta,0.45,10,0.49303358545108994,0.3271695909684044,0.5613817453120085,0.998439169805612,0.43952185282015704,0.9974883202792826,0.0025116796605288982,11766,9597829,15004,9193
raw_probability_highsens_tta,0.45,15,0.4935514511872309,0.3276258267009507,0.5578033303112945,0.9984681935075738,0.44257268322212195,0.997509495741655,0.002490504179149866,11691,9598108,14725,9268
raw_probability_highsens_tta,0.45,20,0.4940416764023846,0.32805800045127287,0.5548451739107043,0.9984927440224948,0.4452484876328795,0.9975275571654434,0.0024724428076297045,11629,9598344,14489,9330
raw_probability_highsens_tta,0.45,30,0.4951945869067588,0.3290754954747597,0.5482131781093811,0.9985480867086728,0.45152670255808086,0.9975683510708961,0.0024316490162163973,11490,9598876,13957,9469
raw_probability_highsens_tta,0.45,50,0.4871154703520983,0.3219779572109619,0.5213034973040119,0.9986502418173696,0.4571356846991937,0.9976117400085024,0.002388260094448924,10926,9599858,12975,10033
raw_probability_highsens_tta,0.45,75,0.47181852058867346,0.30874508489032565,0.48327687389642476,0.9987674809288781,0.46089093142810167,0.9976459944329285,0.0023540055844932795,10129,9600985,11848,10830
raw_probability_highsens_tta,0.45,100,0.4709811704340794,0.30802836520187793,0.46423970609262644,0.9988942905801017,0.4779213124414372,0.9977311114875628,0.002268888521939516,9730,9602204,10629,11229
raw_probability_highsens_tta,0.45,150,0.430932030931914,0.2746420419173153,0.37888258027559574,0.9991724603974698,0.4995596376443762,0.9978229756257962,0.002177024260163307,7941,9604878,7955,13018
raw_probability_highsens_tta,0.45,200,0.3917047987796575,0.24355279956219458,0.3185743594635629,0.9993283977782607,0.5084139191346163,0.997847368928039,0.0021526310592889786,6677,9606377,6456,14282
raw_probability_highsens_tta,0.46,0,0.4936822915574265,0.32774114570282736,0.5620497161121417,0.9984412503577239,0.4401434763112987,0.9974918495230114,0.002508150413632393,11780,9597849,14984,9179
raw_probability_highsens_tta,0.46,3,0.4940421246957091,0.3280583957873881,0.5618111551120941,0.9984464517380038,0.44086263057379876,0.9974965205808877,0.002503479365259409,11775,9597899,14934,9184
raw_probability_highsens_tta,0.46,5,0.4944316032778957,0.32840195394268573,0.5613340331119989,0.9984535256151845,0.4417783785811867,0.9975025410554837,0.002497458830475807,11765,9597967,14866,9194
raw_probability_highsens_tta,0.46,10,0.49505242947855455,0.32894995093219437,0.5597595305116848,0.99847017003208,0.44375520084709746,0.9975157238188235,0.0024842761922627687,11732,9598127,14706,9227
raw_probability_highsens_tta,0.46,15,0.49540699157937923,0.3292631221910373,0.5557994179108947,0.998499921927281,0.44685258352815727,0.9975367954799097,0.0024632045533508062,11649,9598413,14420,9310
raw_probability_highsens_tta,0.46,20,0.49673566367692773,0.33043800193645545,0.5536046567104568,0.9985274892427644,0.4504619923905387,0.9975595279615743,0.0024404721334576607,11603,9598678,14155,9356
raw_probability_highsens_tta,0.46,30,0.4979018546299442,0.3314709203021361,0.5463046901090003,0.9985868890055607,0.45737796596610314,0.9976029168991806,0.0023970832116901875,11450,9599249,13584,9509
raw_probability_highsens_tta,0.46,50,0.49055244015032984,0.3249880639769859,0.5196335703036787,0.9986941414669318,0.4645538304041697,0.9976519111062384,0.0023480888921767473,10891,9600280,12553,10068
raw_probability_highsens_tta,0.46,75,0.4751591458973303,0.31161228702581517,0.48256119089628197,0.9988038905908373,0.4679807514341717,0.9976807678637851,0.0023192320950329304,10114,9601335,11498,10845
raw_probability_highsens_tta,0.46,100,0.4736046795026874,0.31027655361809087,0.4635717352924931,0.9989227941440354,0.4840815106369966,0.9977580998219591,0.0022419001907110214,9716,9602478,10355,11243
raw_probability_highsens_tta,0.46,150,0.4337579966098656,0.27694187467262105,0.37850088267551957,0.9992004438233756,0.5079070363016147,0.9978500677614787,0.0021499323192983866,7933,9605147,7686,13026
raw_probability_highsens_tta,0.46,200,0.39229751580173683,0.24401126430887465,0.3183357984635153,0.9993358877658637,0.5110294117643145,0.9978543236142103,0.0021456764079630375,6672,9606449,6384,14287
raw_probability_highsens_tta,0.47,0,0.4956514396688982,0.32947911989213924,0.5601412281117609,0.9984736029430649,0.4444780979061657,0.9975199796715551,0.0024800202809274197,11740,9598160,14673,9219
raw_probability_highsens_tta,0.47,3,0.49593169473962934,0.32972684352508724,0.5598072427116944,0.9984785962681335,0.4451399954471336,0.9975242355242869,0.0024757643695920706,11733,9598208,14625,9226
raw_probability_highsens_tta,0.47,5,0.4963584010839058,0.3301041960010335,0.5592824085115896,0.9984862943109477,0.4461614585314025,0.9975307750053136,0.002469225088134408,11722,9598282,14551,9237
raw_probability_highsens_tta,0.47,10,0.4967467573887951,0.33044782030599723,0.5573262083111993,0.998503042755449,0.4480457212993563,0.9975432311596504,0.0024567688815295696,11681,9598443,14390,9278
raw_probability_highsens_tta,0.47,15,0.4968840346931156,0.3305693280901777,0.5535092323104377,0.9985295697948764,0.4507693503262159,0.9975613963847249,0.0024386036675423384,11601,9598698,14135,9358
raw_probability_highsens_tta,0.47,20,0.49821035835945965,0.3317444364679593,0.5512190467099808,0.9985575532207821,0.454502537471791,0.9975843364689616,0.0024156635627150536,11553,9598967,13866,9406
raw_probability_highsens_tta,0.47,30,0.49913663089320476,0.3325663355953944,0.5447778997086956,0.9986087348027362,0.4605517909001046,0.9976213935281134,0.0023786064703017473,11418,9599459,13374,9541
raw_probability_highsens_tta,0.47,50,0.4924841861834873,0.3266859171027111,0.5182022043033931,0.9987218128100208,0.46919820286829567,0.9976764082097673,0.002323591848835349,10861,9600546,12287,10098
raw_probability_highsens_tta,0.47,75,0.47464685422225716,0.3111717804733313,0.4785533660954823,0.9988271927744912,0.4708036049565946,0.9976953000438447,0.002304699970409274,10030,9601559,11274,10929
raw_probability_highsens_tta,0.47,100,0.4741874740161713,0.3107770226951177,0.46256977909229324,0.998935069401496,0.48640377282736985,0.9977681685467146,0.00223183142952621,9695,9602596,10237,11264
raw_probability_highsens_tta,0.47,150,0.4272016358560814,0.2716188200568285,0.3688153060735871,0.9992197929580167,0.5075508864080712,0.9978483031396143,0.0021516969427466393,7730,9605333,7500,13229
raw_probability_highsens_tta,0.47,200,0.3924248225487019,0.24410977978079068,0.3178586764634201,0.9993412972013548,0.512698168385014,0.9978586832682282,0.0021413166541606188,6662,9606501,6332,14297
raw_probability_highsens_tta,0.48,0,0.49781975198338807,0.33139814788583405,0.5583281645113992,0.9985069958044617,0.44914408536100053,0.9975493554355326,0.0024506445042788982,11702,9598481,14352,9257
raw_probability_highsens_tta,0.48,3,0.49824292377473256,0.33177331518030073,0.5580896035113516,0.9985127173227696,0.4499884588749519,0.9975545454998396,0.00244545447640121,11697,9598536,14297,9262
raw_probability_highsens_tta,0.48,5,0.49844316485380713,0.33195091466869336,0.5575647693112469,0.9985181267582606,0.45065751417205246,0.9975588013525714,0.0024411985650658607,11686,9598588,14245,9273
raw_probability_highsens_tta,0.48,10,0.498597760698658,0.33208806251059947,0.5556085691108567,0.9985324825678331,0.45219788754253953,0.9975688700773269,0.002431130036711693,11645,9598726,14107,9314
raw_probability_highsens_tta,0.48,15,0.49870678506757077,0.33218479914998933,0.5519824419101331,0.9985573451655709,0.45480992255358144,0.9975857896869675,0.002414210233837366,11569,9598965,13868,9390
raw_probability_highsens_tta,0.48,20,0.5000868885219176,0.33341057204914315,0.5492151343095809,0.9985887615024615,0.45902619930595406,0.9976111172007855,0.0023888826835900545,11511,9599267,13566,9448
raw_probability_highsens_tta,0.48,30,0.5006283207300645,0.33389207469479965,0.5417243189080864,0.9986428558573722,0.4653278688522683,0.9976487970676542,0.002351203002035618,11354,9599787,13046,9605
raw_probability_highsens_tta,0.48,50,0.49245429261831664,0.3266596098592692,0.515339472302822,0.998740641806634,0.47151525734471056,0.9976889681653902,0.002311031799763441,10801,9600727,12106,10158
raw_probability_highsens_tta,0.48,75,0.4755978815872716,0.31198978002109057,0.4777422586953205,0.9988416526116692,0.4734726688100655,0.9977079638007537,0.00229203631170094,10013,9601698,11135,10946
raw_probability_highsens_tta,0.48,100,0.47497301010882453,0.3114521993756439,0.4618063838921409,0.998947448686562,0.4889124614838163,0.9977788600791869,0.002221139846369624,9679,9602715,10118,11280
raw_probability_highsens_tta,0.48,150,0.42769665567581183,0.27201917315748353,0.36824275967347286,0.9992287393320981,0.5100449378796523,0.9978559844347886,0.0021440156269818544,7718,9605419,7414,13241
raw_probability_highsens_tta,0.48,200,0.3929615305127121,0.2445252792474116,0.3175246910633534,0.9993490992717746,0.5154120198261187,0.9978657417556857,0.002134258160367608,6655,9606576,6257,14304
raw_probability_highsens_tta,0.49,0,0.5002039107942862,0.33351461201581895,0.5559425545109232,0.9985459021289552,0.45462348809970554,0.9975829870522418,0.0024170130491256714,11652,9598855,13978,9307
raw_probability_highsens_tta,0.49,3,0.5005908768611546,0.33385876418653737,0.5557994179108947,0.9985505833712071,0.45535923696331193,0.9975873467062597,0.0024126532953232527,11649,9598900,13933,9310
raw_probability_highsens_tta,0.49,5,0.5007206005720707,0.3339741750357722,0.5553222959107995,0.9985549525306422,0.4558950254600643,0.9975906683474162,0.0024093317333608866,11639,9598942,13891,9320
raw_probability_highsens_tta,0.49,10,0.5009176292776637,0.3341495030965479,0.5534615201104283,0.9985689962573978,0.45748540779284685,0.9976006332708856,0.0023993668146431446,11600,9599077,13756,9359
raw_probability_highsens_tta,0.49,15,0.5013167344983348,0.33450479233217123,0.549501407509638,0.9985986441249932,0.46090123259145954,0.9976216011306857,0.002378398785367608,11517,9599362,13471,9442
raw_probability_highsens_tta,0.49,20,0.5024671593674198,0.33552997686192326,0.5465909633090574,0.9986285000477997,0.46493506493487624,0.9976450602213532,0.0023549397010356188,11456,9599649,13184,9503
raw_probability_highsens_tta,0.49,30,0.5026303522673187,0.3356755314416865,0.5401975285077818,0.9986715674765171,0.46994853063238007,0.9976741245814722,0.0023258754517883062,11322,9600063,12770,9637
raw_probability_highsens_tta,0.49,50,0.4927762592736081,0.3269430051812475,0.5118087695021175,0.9987671688460614,0.47510851271127863,0.9977077561981814,0.0022922437638044357,10727,9600982,11851,10232
raw_probability_highsens_tta,0.49,75,0.4786324786323641,0.31460674157293467,0.4769311512951587,0.9988750454730662,0.4803459875057759,0.9977395193917401,0.0022604805417358875,9996,9602019,10814,10963
raw_probability_highsens_tta,0.49,100,0.4772721661192373,0.3134323517964997,0.46113841309200765,0.9989725193395111,0.4945757854874145,0.9978024229711406,0.0021975769195705652,9665,9602956,9877,11294
raw_probability_highsens_tta,0.49,150,0.4286865879081505,0.27282054910830994,0.3679087742734062,0.9992400783411083,0.5135189131589547,0.9978665721659749,0.0021334278862923384,7711,9605528,7305,13248
raw_probability_highsens_tta,0.49,200,0.3938415988155755,0.2452071965785853,0.31733384226331535,0.9993586698114896,0.5189606741568984,0.997874876268866,0.0021251237485557795,6651,9606668,6165,14308
raw_probability_highsens_tta,0.5,0,0.5030664210639283,0.3360646244714992,0.5537955055104948,0.9985874091435887,0.46085126657648656,0.9976197327075351,0.0023802672512829304,11607,9599254,13579,9352
raw_probability_highsens_tta,0.5,3,0.5034276292952744,0.3363870930332716,0.5536046567104568,0.9985920903858405,0.46159048414669146,0.9976239885602669,0.0023760113399475813,11603,9599299,13534,9356
raw_probability_highsens_tta,0.5,5,0.5035715061116169,0.3365155823804955,0.5533183835103996,0.998595315241614,0.46203187250977606,0.9976265835924204,0.002373416442424059,11597,9599330,13503,9362
raw_probability_highsens_tta,0.5,10,0.5041221374044702,0.33700755256164905,0.5514098955100188,0.9986128959069601,0.46430436704010913,0.9976399739583324,0.0023600261192768812,11557,9599499,13334,9402
raw_probability_highsens_tta,0.5,15,0.5042703141808452,0.33714000528422716,0.5479269049093239,0.9986368222562475,0.4670571010247002,0.9976562707602563,0.0023437291383743286,11484,9599729,13104,9475
raw_probability_highsens_tta,0.5,20,0.5044754348353473,0.33732340249443243,0.544539338708648,0.9986606445779294,0.4699028326743783,0.9976726713634663,0.00232732854783535,11413,9599958,12875,9546
raw_probability_highsens_tta,0.5,30,0.5044948102314649,0.3373407285263567,0.5368576745071154,0.9987104738010106,0.4758119079835606,0.9977056801724586,0.0022943199146538973,11252,9600437,12396,9707
raw_probability_highsens_tta,0.5,50,0.49420813640985684,0.32820481260375156,0.5088983253015369,0.9987996254590078,0.4803422652553567,0.9977338103210024,0.002266189781948924,10666,9601294,11539,10293
raw_probability_highsens_tta,0.5,75,0.47956942533717584,0.31541685186351026,0.47402070709457794,0.9989036530646055,0.4852495848390714,0.997761732866974,0.0022382671013474464,9935,9602294,10539,11024
raw_probability_highsens_tta,0.5,100,0.47984291892417363,0.3156535103494602,0.4605658666918934,0.9989990463789385,0.5008041504536961,0.9978276466836725,0.0021723532117903233,9653,9603211,9622,11306
raw_probability_highsens_tta,0.5,150,0.42949576082094226,0.27347634607178806,0.3673839400733015,0.9992513133225128,0.5168825938104874,0.9978766408907304,0.0021233591251075268,7700,9605636,7197,13259
raw_probability_highsens_tta,0.5,200,0.3985716000478939,0.2488850579019417,0.31685672026322015,0.9994045459855582,0.5370804690654775,0.997919614623192,0.0020803853403776884,6641,9607109,5724,14318
raw_probability_highsens_tta,0.51,0,0.5058340252588154,0.3385393817085378,0.5522687151101903,0.998623506722731,0.4666021687425055,0.9976524301126691,0.002347569912672043,11575,9599601,13232,9384
raw_probability_highsens_tta,0.51,3,0.5059919524141651,0.33868087473276776,0.5519824419101331,0.9986268356061102,0.4670757802089438,0.9976551289461087,0.002344870939850807,11569,9599633,13200,9390
raw_probability_highsens_tta,0.51,5,0.506203365352945,0.3388703345636788,0.551887017510114,0.9986294362962501,0.46750464796683067,0.9976575163756899,0.002342483727261424,11567,9599658,13175,9392
raw_probability_highsens_tta,0.51,10,0.5072380868569307,0.3397983847195839,0.5500262417097428,0.9986510740382144,0.4706266585015429,0.9976750587930475,0.0023249411024153233,11528,9599866,12967,9431
raw_probability_highsens_tta,0.51,15,0.5069430602616644,0.33953364186533186,0.5460661291089527,0.9986737520562347,0.4730511697113032,0.9976890719666763,0.0023109279572963715,11445,9600084,12749,9514
raw_probability_highsens_tta,0.51,20,0.5073967467700856,0.33994080186553655,0.5424877141082387,0.9987009032612957,0.47656970408228827,0.9977083790058983,0.0022916209418326616,11370,9600345,12488,9589
raw_probability_highsens_tta,0.51,30,0.5068171557560933,0.33942069299137106,0.5356171573068679,0.9987397055581836,0.4809562572295613,0.9977321495004242,0.002267850562930107,11226,9600718,12115,9733
raw_probability_highsens_tta,0.51,50,0.49470936465750837,0.32864707521743763,0.5063695787010323,0.9988209511181554,0.4835740647922342,0.9977495881164956,0.002250411780551076,10613,9601499,11334,10346
raw_probability_highsens_tta,0.51,75,0.48084147257689325,0.3165182987140434,0.47330502409443514,0.9989199853986843,0.48862181065880766,0.9977764726496058,0.002223527291789651,9920,9602451,10382,11039
raw_probability_highsens_tta,0.51,100,0.48224112056015955,0.3177323665127496,0.45994560809176965,0.9990241170318875,0.5068082645494417,0.9978513133769124,0.0021486866753548384,9640,9603452,9381,11319
raw_probability_highsens_tta,0.51,150,0.4305746803427201,0.274351812061211,0.36552316427293025,0.9992754477270115,0.523793244905973,0.9978966745389553,0.0021033254452049732,7661,9605868,6965,13298
raw_probability_highsens_tta,0.51,200,0.3990850538733525,0.24928560685808043,0.31633188606311546,0.9994135963872451,0.5404744436288086,0.9979275035209386,0.002072496572509408,6630,9607196,5637,14329
raw_probability_highsens_tta,0.52,0,0.5076517150394663,0.34016973125873995,0.5507896369098951,0.9986500337621584,0.4707801476283713,0.9976756816007644,0.002324318513274193,11544,9599856,12977,9415
raw_probability_highsens_tta,0.52,3,0.5077562875436206,0.34026364681932814,0.550503363709838,0.9986528425075095,0.4711695524336527,0.9976778614277733,0.0023221385199576616,11538,9599883,12950,9421
raw_probability_highsens_tta,0.52,5,0.5082274159084282,0.34068692596192063,0.5504079393098189,0.9986578358325783,0.47205172272670753,0.9976826362869357,0.002317363629117608,11536,9599931,12902,9423
raw_probability_highsens_tta,0.52,10,0.5093035619350281,0.34165477888720236,0.5484994513094381,0.9986799937125705,0.4753359520361896,0.9977005939094378,0.002299406100064516,11496,9600144,12689,9463
raw_probability_highsens_tta,0.52,15,0.5083008356544828,0.3407529130563667,0.5441576411085719,0.9986985106263669,0.4768774042480026,0.997709624621332,0.0022903752978891134,11405,9600322,12511,9554
raw_probability_highsens_tta,0.52,20,0.5091162518827119,0.34148621750396846,0.5402452407077912,0.9987309672393134,0.4813791344271399,0.997733498917144,0.0022665010765194893,11323,9600634,12199,9636
raw_probability_highsens_tta,0.52,30,0.5077006951068767,0.3402137181476725,0.5331838351063823,0.9987633198246543,0.4845423405452523,0.9977504185267847,0.0022495815064758062,11175,9600945,11888,9784
raw_probability_highsens_tta,0.52,50,0.4957648930692836,0.3295793927326003,0.5054630469008514,0.9988364512313894,0.4864318839246584,0.9977630822836938,0.0022369176149368286,10594,9601648,11185,10365
raw_probability_highsens_tta,0.52,75,0.48253179359730974,0.3179847798862287,0.4724939166942733,0.9989405828645926,0.4930054263949355,0.997795260682397,0.0022047392558306456,9903,9602649,10184,11056
raw_probability_highsens_tta,0.52,100,0.48289011540379256,0.3182960709087451,0.4591822128916173,0.9990349359028697,0.5091794084966356,0.9978604478900925,0.002139552030712366,9624,9603556,9277,11335
raw_probability_highsens_tta,0.52,150,0.4310388549208445,0.2747288269519881,0.36495061787281596,0.9992839779906705,0.5263556289564227,0.997903940628985,0.0020960592664778233,7649,9605950,6883,13310
raw_probability_highsens_tta,0.52,200,0.3960311921593604,0.2469070409745197,0.31136981726212537,0.9994307609421688,0.5439239873307685,0.9979338353993932,0.0020661645103245974,6526,9607361,5472,14433
raw_probability_highsens_tta,0.53,0,0.5084303226090835,0.34086930722434633,0.5481654659093715,0.9986740641390515,0.47406643284486316,0.9976939506271248,0.002306049456819892,11489,9600087,12746,9470
raw_probability_highsens_tta,0.53,3,0.5085136062705072,0.3409441805224641,0.5478791927093144,0.9986766648291914,0.47442571475769524,0.9976959228515615,0.0023040771484375,11483,9600112,12721,9476
raw_probability_highsens_tta,0.53,5,0.5088450454443563,0.3412422323312398,0.5475929195092573,0.9986815541266545,0.4752184174566373,0.9977001787042933,0.002299821237102151,11477,9600159,12674,9482
raw_probability_highsens_tta,0.53,10,0.5096666295015031,0.3419816261183404,0.5452550217087908,0.9987040240894636,0.4784392531187815,0.9977175135190786,0.002282486530020833,11428,9600375,12458,9531
raw_probability_highsens_tta,0.53,15,0.5087656369097188,0.341170810908223,0.5413903335080197,0.998720460451148,0.47984945236161886,0.9977255062181113,0.0022744936868548393,11347,9600533,12300,9612
raw_probability_highsens_tta,0.53,20,0.5105997873253896,0.3428224213883206,0.53838446490742,0.9987562459474736,0.48554216867448985,0.9977546743795165,0.002245325595140457,11284,9600877,11956,9675
raw_probability_highsens_tta,0.53,30,0.5075691744796461,0.3400956116694226,0.5295099957056494,0.9987856857598577,0.48737429186224257,0.997764743104272,0.0022352568339556456,11098,9601160,11673,9861
raw_probability_highsens_tta,0.53,50,0.49691895197316505,0.33060023784179426,0.5040316809005658,0.998856216476453,0.4900041745904309,0.9977796904894761,0.0022203095722943544,10564,9601838,10995,10395
raw_probability_highsens_tta,0.53,75,0.48289521946436414,0.3183005061086624,0.47111026289399727,0.9989532742324756,0.49528491171724753,0.997804914202008,0.0021950858645141125,9874,9602771,10062,11085
raw_probability_highsens_tta,0.53,100,0.48210265361349774,0.3176121591892815,0.454649553890713,0.9990592783625796,0.5130842127931762,0.997874876268866,0.0021251237485557795,9529,9603790,9043,11430
raw_probability_highsens_tta,0.53,150,0.4313803602423153,0.2750063490910732,0.3616584760721591,0.9993130016926322,0.5344049633385967,0.9979257388990743,0.0020742611959576607,7580,9606229,6604,13379
raw_probability_highsens_tta,0.53,200,0.39351551644267607,0.24495444585390191,0.30402213846065934,0.9994742444813085,0.557675476981833,0.997961238938934,0.002038761042058468,6372,9607779,5054,14587
raw_probability_highsens_tta,0.54,0,0.5093886268575889,0.3417313432834801,0.5462092657089812,0.998695389798199,0.47721872524887354,0.9977109740380518,0.0022890260443091393,11448,9600292,12541,9511
raw_probability_highsens_tta,0.54,3,0.5094843708254276,0.3418175300231996,0.5459229925089241,0.9986980945159445,0.47760571023063086,0.9977130500637745,0.0022869498934596777,11442,9600318,12515,9517
raw_probability_highsens_tta,0.54,5,0.5098502406845005,0.3421469805281183,0.5457798559088956,0.9987023596477741,0.4783590515617119,0.9977169945126478,0.0022830055095255375,11439,9600359,12474,9520
raw_probability_highsens_tta,0.54,10,0.5106535683845802,0.34287091139077686,0.543155684908372,0.9987263900246671,0.48182164472828465,0.9977352635390084,0.0022647364530712366,11384,9600590,12243,9575
raw_probability_highsens_tta,0.54,15,0.5098012677357809,0.3421028730585383,0.5391478601075723,0.9987441787452243,0.48348451138093296,0.9977442942509025,0.002255705650895834,11300,9600761,12072,9659
raw_probability_highsens_tta,0.54,20,0.5117865017843396,0.3438931997310613,0.537096235507163,0.9987750749440868,0.4887547759636641,0.997770659777582,0.0022293401416391134,11257,9601058,11775,9702
raw_probability_highsens_tta,0.54,30,0.5084722413554419,0.3409069917797048,0.5283171907054114,0.998801393928303,0.4900641734894932,0.9977778220663256,0.0022221780382096767,11073,9601311,11522,9886
raw_probability_highsens_tta,0.54,50,0.49667730873820587,0.3303863579158286,0.5010258122999661,0.9988739011694046,0.4924036387505897,0.997790797227093,0.002209202852100134,10501,9602008,10825,10458
raw_probability_highsens_tta,0.54,75,0.48481271059286146,0.31996883420435673,0.4702514432938259,0.9989759522504958,0.5003045685276648,0.9978256744592359,0.002174325520172715,9856,9602989,9844,11103
raw_probability_highsens_tta,0.54,100,0.4803624608647949,0.31610331312173257,0.45021231928982763,0.9990749865310248,0.5148406809250792,0.997880896743462,0.0021191032137721777,9436,9603941,8892,11523
raw_probability_highsens_tta,0.54,150,0.4315894511759283,0.2751763251653184,0.36113364187205443,0.9993189312661512,0.5362000566728987,0.9979305137582367,0.002069486305117607,7569,9606286,6547,13390
raw_probability_highsens_tta,0.54,200,0.39018015495180614,0.24237504348825142,0.29915549405968833,0.9994892244565146,0.5608228980316987,0.9979655985929519,0.002034401521086693,6270,9607923,4910,14689
raw_probability_highsens_tta,0.55,0,0.5106640109212652,0.342880326981925,0.54434848990861,0.9987189000370641,0.4809054122405661,0.9977303848785598,0.00226961518637836,11409,9600518,12315,9550
raw_probability_highsens_tta,0.55,3,0.5108527652710367,0.34305054151614234,0.5440622167085528,0.9987224369756544,0.4814642796822828,0.9977332913145718,0.0022667087614536285,11403,9600552,12281,9556
raw_probability_highsens_tta,0.55,5,0.511076233183742,0.3432521157725678,0.5437759435084957,0.9987262859970615,0.4820862061670479,0.997736509154442,0.0022634908091276884,11397,9600589,12244,9562
raw_probability_highsens_tta,0.55,10,0.5119079837617249,0.34400290988440974,0.5414857579080388,0.9987483398494482,0.48539412343334953,0.9977535325653689,0.0022464673966169357,11349,9600801,12032,9610
raw_probability_highsens_tta,0.55,15,0.5108912688327031,0.3430852684828601,0.5371439477071724,0.998766752735639,0.48708519015251717,0.997762459475977,0.0022375404369086027,11258,9600978,11855,9701
raw_probability_highsens_tta,0.55,20,0.5133584733172178,0.3453142294919612,0.5358557183069155,0.9987969207412623,0.4926741533600225,0.9977897592142316,0.002210240811109543,11231,9601268,11565,9728
raw_probability_highsens_tta,0.55,30,0.5089809299532463,0.3413644668792105,0.5259315807049354,0.9988211591733666,0.49308879445292186,0.9977923542463851,0.002207645680755377,11023,9601501,11332,9936
raw_probability_highsens_tta,0.55,50,0.49642652944527915,0.3301644643025857,0.49711341189918545,0.9988975154358752,0.49574154256054825,0.9978058484135832,0.0021941515151411295,10419,9602235,10598,10540
raw_probability_highsens_tta,0.55,75,0.48559020923793783,0.32064650677778916,0.4694880480936736,0.9989879154251395,0.5028361183501953,0.9978359507865636,0.002164049306884408,9840,9603104,9729,11119
raw_probability_highsens_tta,0.55,100,0.4788652482268269,0.3148079074970958,0.44296006488838063,0.9991124364690399,0.5211046250558368,0.9979024874109791,0.0020975125953555107,9284,9604301,8532,11675
raw_probability_highsens_tta,0.55,150,0.431844149908469,0.2753834383765254,0.36065651987195924,0.9993248608396703,0.5380454124844913,0.9979353924186852,0.002064607571810484,7559,9606343,6490,13400
raw_probability_highsens_tta,0.55,200,0.38202740413244846,0.2361148792681539,0.29066272245799385,0.9994962983336952,0.5571611487099348,0.9979541804514765,0.0020458195358514786,6092,9607991,4842,14867
raw_probability_highsens_tta,0.56,0,0.5118455688796743,0.34394654088039917,0.5427262751082863,0.9987399136133948,0.4842898501360336,0.9977478234946313,0.0022521764039993286,11375,9600720,12113,9584
raw_probability_highsens_tta,0.56,3,0.5120248603854008,0.34410847785939525,0.5424400019082292,0.9987433465243795,0.48483943878183083,0.997750626129357,0.002249373821541667,11369,9600753,12080,9590
raw_probability_highsens_tta,0.56,5,0.5123776885961779,0.3444272680426952,0.542153728708172,0.9987483398494482,0.48570207309233354,0.9977549857833748,0.002245014300569892,11363,9600801,12032,9596
raw_probability_highsens_tta,0.56,10,0.512976406533459,0.34496857264894587,0.5394341333076295,0.9987709138398629,0.4889926906273565,0.9977715939891572,0.002228406025096774,11306,9601018,11815,9653
raw_probability_highsens_tta,0.56,15,0.5122718978101022,0.3443316672287436,0.5357602939068964,0.9987878703395753,0.49075652287903027,0.9977805208997652,0.002219479065388441,11229,9601181,11652,9730
raw_probability_highsens_tta,0.56,20,0.5135209586335537,0.34546128424488204,0.5336609571064775,0.9988122127992851,0.4948458169267376,0.9978002431441317,0.0021997569128870964,11185,9601415,11418,9774
raw_probability_highsens_tta,0.56,30,0.5097802910910101,0.34208398133737417,0.5247387757046974,0.9988358270657558,0.495650998242149,0.9978043951955773,0.002195604844018817,10998,9601642,11191,9961
raw_probability_highsens_tta,0.56,50,0.49701199980864924,0.33068261339769367,0.49601603129896654,0.9989098947209414,0.4980119760476656,0.9978158133370526,0.0021841865964233875,10396,9602354,10479,10563
raw_probability_highsens_tta,0.56,75,0.4857667129536586,0.32080044541960473,0.4673409990932452,0.9990040397040072,0.5057049925135496,0.997847368928039,0.0021526310592889786,9795,9603259,9574,11164
raw_probability_highsens_tta,0.56,100,0.4804790791723751,0.31620431978697366,0.4421489574882188,0.9991315775484699,0.5260857223953869,0.9979198222257644,0.002080177888274193,9267,9604485,8348,11692
raw_probability_highsens_tta,0.56,150,0.4257790042542182,0.27046965159584013,0.3533565532705027,0.9993318306892454,0.5355412538863724,0.9979264655080773,0.002073534531518817,7406,9606410,6423,13553
raw_probability_highsens_tta,0.56,200,0.3819808507297498,0.23607931395745757,0.2902810248579177,0.9994994191618631,0.5583700440523509,0.9979564640797716,0.0020435359328985214,6084,9608021,4812,14875
raw_probability_highsens_tta,0.57,0,0.5129121251864428,0.344910434597383,0.5411040603079627,0.9987597828860639,0.48751235868095794,0.9977641202965551,0.0022358796559274197,11341,9600911,11922,9618
raw_probability_highsens_tta,0.57,3,0.5129562993639503,0.3449503865586093,0.5407223627078864,0.9987625916314151,0.48790253142737733,0.9977660925209918,0.0022339075803756714,11333,9600938,11895,9626
raw_probability_highsens_tta,0.57,5,0.5134014545618159,0.3453531258571813,0.5405792261078579,0.9987674809288781,0.4888256104924977,0.997770659777582,0.0022293401416391134,11330,9600985,11848,9629
raw_probability_highsens_tta,0.57,10,0.5136539776611548,0.3455816949359428,0.5375733575072582,0.9987887025604201,0.4917725110206923,0.9977852957589276,0.0022147041745483875,11267,9601189,11644,9692
raw_probability_highsens_tta,0.57,15,0.5134465351077299,0.3453939244256775,0.533804093706506,0.9988106523852012,0.49458467795389477,0.997798997528698,0.0022010025568306446,11188,9601400,11433,9771
raw_probability_highsens_tta,0.57,20,0.5144082253675794,0.34626485832210474,0.532325015506211,0.9988284411057584,0.49765823631718736,0.9978135297087576,0.0021864701993763447,11157,9601571,11262,9802
raw_probability_highsens_tta,0.57,30,0.5098805949304029,0.34217432052472907,0.522591726704269,0.9988503909305395,0.49777313215756325,0.9978142563177606,0.0021857437677681446,10953,9601782,11051,10006
raw_probability_highsens_tta,0.57,50,0.49761824568144697,0.3312195746860328,0.49343957249845244,0.9989321566285392,0.5018682971803261,0.9978324215428349,0.0021675785537809134,10342,9602568,10265,10617
raw_probability_highsens_tta,0.57,75,0.4852015034972531,0.32030762152025494,0.4650031012927787,0.9990150666302006,0.5072343083165883,0.997853285601349,0.0021467143669724464,9746,9603365,9468,11213
raw_probability_highsens_tta,0.57,100,0.47983975859724265,0.31565077518042517,0.44004962068779996,0.9991407319777625,0.5275410398669979,0.9979243894823545,0.002075610449537635,9223,9604573,8260,11736
raw_probability_highsens_tta,0.57,150,0.42627484874663607,0.2708699472758235,0.3529748556704265,0.9993391126216372,0.5379972365642222,0.997932901187818,0.0020670988596975803,7398,9606480,6353,13561
raw_probability_highsens_tta,0.57,200,0.38227617220655297,0.23630496481465094,0.2899947516578606,0.9995046205421431,0.5607011070105529,0.9979610313363617,0.002038968726992607,6078,9608071,4762,14881
raw_probability_highsens_tta,0.58,0,0.5136872714054128,0.3456118362729356,0.5394341333076295,0.9987772595238044,0.490286209887038,0.9977779258676117,0.002222074195742607,11306,9601079,11754,9653
raw_probability_highsens_tta,0.58,3,0.5137180915144424,0.3456397393936483,0.5391478601075723,0.9987793400759163,0.4905791438740598,0.9977793790856176,0.0022206208668649197,11300,9601099,11734,9659
raw_probability_highsens_tta,0.58,5,0.514271407110549,0.3461408830467426,0.5390047235075438,0.9987851656218297,0.49170837867225603,0.997784880553783,0.002215119544416666,11297,9601155,11678,9662
raw_probability_highsens_tta,0.58,10,0.5139521574910121,0.34585168982397924,0.5356171573068679,0.9988036825356261,0.49397166241287777,0.9977959872914,0.0022040128242224455,11226,9601333,11500,9733
raw_probability_highsens_tta,0.58,15,0.5139935042497608,0.34588913690465467,0.532325015506211,0.9988248001395624,0.4968825153645244,0.9978098966637426,0.0021901032887399197,11157,9601536,11297,9802
raw_probability_highsens_tta,0.58,20,0.5151985183469117,0.3469814144940916,0.5308936495059254,0.9988443573294148,0.5004047490553605,0.9978262972669527,0.002173702698200941,11127,9601724,11109,9832
raw_probability_highsens_tta,0.58,30,0.51054684762538,0.3427746933909404,0.521398921704031,0.9988638104916616,0.5001372997709381,0.997825051651519,0.0021749483421444893,10928,9601911,10922,10031
raw_probability_highsens_tta,0.58,50,0.49722074532348176,0.3308674536038304,0.4908154014979289,0.9989459923000837,0.5037954845974318,0.9978405180431538,0.00215948186814785,10287,9602701,10132,10672
raw_probability_highsens_tta,0.58,75,0.48652840667438363,0.32146517240228717,0.4639534328925693,0.999033583543997,0.5114126433151828,0.9978694786019867,0.002130521461367607,9724,9603543,9290,11235
raw_probability_highsens_tta,0.58,100,0.4805646320741131,0.3162784296183063,0.4385705424875048,0.9991569602842357,0.5314523589266122,0.9979373646431219,0.002062635263428092,9192,9604729,8104,11767
raw_probability_highsens_tta,0.58,150,0.42359498374349064,0.2687094873304844,0.3481082112694555,0.9993557570385329,0.5408851656901617,0.997938921662414,0.0020610783249139786,7296,9606640,6193,13663
raw_probability_highsens_tta,0.58,200,0.38223622047232053,0.23627443345524637,0.2895176296577654,0.9995086776187614,0.5623204522281879,0.9979640415736597,0.0020359584596008062,6068,9608110,4723,14891
raw_probability_highsens_tta,0.59,0,0.5145963726071281,0.3464353816816305,0.5374302209072296,0.9987979610173183,0.4936237346069093,0.9977942226695355,0.0022057772148400545,11264,9601278,11555,9695
raw_probability_highsens_tta,0.59,3,0.5148487688894825,0.34666420368820333,0.5372393721071915,0.998801393928303,0.49424984636972424,0.9977972329068336,0.0022027671802788973,11260,9601311,11522,9699
raw_probability_highsens_tta,0.59,5,0.5151709303920838,0.3469563877329798,0.537096235507163,0.9988051389221045,0.49496548388493383,0.9978006583492762,0.002199341543018818,11257,9601347,11486,9702
raw_probability_highsens_tta,0.59,10,0.5145934996776277,0.3464327775366186,0.5333269717064109,0.9988237598635065,0.4971314209470771,0.9978110384778902,0.002188961487263441,11178,9601526,11307,9781
raw_probability_highsens_tta,0.59,15,0.515095388034702,0.3468878632903995,0.5307505129058968,0.9988443573294148,0.5003373363916249,0.9978259858630942,0.00217401422560215,11124,9601724,11109,9835
raw_probability_highsens_tta,0.59,20,0.5153651103820888,0.34713256032580786,0.5285080395054494,0.9988607936910993,0.5028599963680302,0.9978375078058558,0.002162492135539651,11077,9601882,10951,9882
raw_probability_highsens_tta,0.59,30,0.509805763675104,0.3421069222039017,0.517820506703317,0.9988801428257404,0.5020353409193717,0.9978335633569825,0.0021664367523044348,10853,9602068,10765,10106
raw_probability_highsens_tta,0.59,50,0.49860365720379357,0.3320932940832879,0.48981344529772897,0.9989645092138801,0.5077151335309061,0.9978568148450777,0.002143185120075941,10266,9602879,9954,10693
raw_probability_highsens_tta,0.59,75,0.4859544181114849,0.32096419283846067,0.4593253494916459,0.9990601105834244,0.5158611081339,0.9978858792051968,0.0021141208708286285,9627,9603798,9035,11332
raw_probability_highsens_tta,0.59,100,0.4811009174310666,0.31674317467976504,0.437854859487362,0.9991663227687395,0.533825839101545,0.9979451497395824,0.0020548503380268812,9177,9604819,8014,11782
raw_probability_highsens_tta,0.59,150,0.4244774705428313,0.2694201210115865,0.34204876186824656,0.9994122440283724,0.5592479912625328,0.997982102997448,0.0020178970880806446,7169,9607183,5650,13790
raw_probability_highsens_tta,0.59,200,0.382523659305873,0.23649412957825156,0.2892790686577178,0.9995133588610132,0.5644725816957783,0.9979681936251054,0.0020318063907325268,6063,9608155,4678,14896
raw_probability_highsens_tta,0.6,0,0.515927516593437,0.34764307158985186,0.535903430506925,0.9988192866764658,0.49738729961894546,0.9978121802920378,0.0021878196857869625,11232,9601483,11350,9727
raw_probability_highsens_tta,0.6,3,0.5161468269472692,0.3478422503793959,0.5357125817068868,0.9988224075046337,0.49795990775212967,0.9978148791254774,0.0021851209457963705,11228,9601513,11320,9731
raw_probability_highsens_tta,0.6,5,0.5164006072593926,0.34807280845906907,0.5355694451068583,0.9988255283328017,0.4985565178767495,0.9978176817602031,0.0021823181305080652,11225,9601543,11290,9734
raw_probability_highsens_tta,0.6,10,0.5155020823691543,0.34725685785525334,0.5315139081060491,0.9988431089981477,0.5004267553117557,0.9978264010682388,0.0021735988557338715,11140,9601712,11121,9819
raw_probability_highsens_tta,0.6,15,0.5166216593722608,0.34827369742613046,0.5294145713056303,0.9988659950713792,0.5044324226028529,0.9978446700945994,0.0021553297992795706,11096,9601932,10901,9863
raw_probability_highsens_tta,0.6,20,0.5166561322189019,0.34830503124791734,0.5265041271050496,0.9988845119851755,0.5071697766336487,0.9978568148450777,0.002143185120075941,11035,9602110,10723,9924
raw_probability_highsens_tta,0.6,30,0.512200889056911,0.34426750580072335,0.5167708383031075,0.9989075020860126,0.507711057985043,0.997858579466942,0.0021414204966276884,10831,9602331,10502,10128
raw_probability_highsens_tta,0.6,50,0.5010146451185788,0.33423585059522615,0.48885920129753857,0.9989913483361242,0.5137899909735665,0.9978815195511789,0.0021184803918004036,10246,9603137,9696,10713
raw_probability_highsens_tta,0.6,75,0.48685476926181886,0.3217501924942848,0.4585619542914936,0.9990729059789129,0.5188684338387308,0.9978969859428136,0.002103014150634408,9611,9603921,8912,11348
raw_probability_highsens_tta,0.6,100,0.48294765694995445,0.31834607366215484,0.4371391764872192,0.9991864000966199,0.5394806571273982,0.9979636263685152,0.002036373596638441,9162,9605012,7821,11797
raw_probability_highsens_tta,0.6,150,0.42467744327438095,0.2695812622381874,0.34157163986815137,0.999417757491469,0.5612260896828463,0.997986566452752,0.0020134334918111563,7159,9607236,5597,13800
raw_probability_highsens_tta,0.6,200,0.38275154004094686,0.23666835957329505,0.2890405076576702,0.9995175199652372,0.5663799551228811,0.9979718266701202,0.002028173301368952,6058,9608195,4638,14901
raw_probability_highsens_tta,0.61,0,0.5170614581889188,0.3486735583508691,0.5342812157066013,0.9988393640043461,0.5009170208004916,0.9978286846965339,0.0021713152527809143,11198,9601676,11157,9761
raw_probability_highsens_tta,0.61,3,0.5172963604851492,0.34888722648203074,0.5340426547065537,0.9988429009429365,0.501568381430139,0.997831694933832,0.0021683049853891134,11193,9601710,11123,9766
raw_probability_highsens_tta,0.61,5,0.5174996532432111,0.34907219709953247,0.5340426547065537,0.9988446694122316,0.5019507601235472,0.9978334595556964,0.0021665403619408607,11193,9601727,11106,9766
raw_probability_highsens_tta,0.61,10,0.5162956242583767,0.34797742238935464,0.5294622835056398,0.9988628742432112,0.5037679317230326,0.9978416598573013,0.0021583400666713715,11097,9601902,10931,9862
raw_probability_highsens_tta,0.61,15,0.5169396350022188,0.34856277411404774,0.5270766735051639,0.998883367681514,0.5071851613789509,0.9978569186463638,0.0021430812776088715,11047,9602099,10734,9912
raw_probability_highsens_tta,0.61,20,0.517150519926477,0.3487545613198957,0.5244047903046307,0.9989018845953104,0.5100942126511764,0.9978695824032728,0.0021304176189005375,10991,9602277,10556,9968
raw_probability_highsens_tta,0.61,30,0.5131913881288181,0.3451630452173365,0.5146237893026792,0.9989295559383993,0.5117669386978023,0.9978759142817274,0.0021240857895463705,10786,9602543,10290,10173
raw_probability_highsens_tta,0.61,50,0.503385282024644,0.33634927946294124,0.4877618206973196,0.9990184995411853,0.5200427306946179,0.99790622425728,0.002093775663524866,10223,9603398,9435,10736
raw_probability_highsens_tta,0.61,75,0.4890181372922913,0.32364262560767026,0.45732143709124606,0.9990994330183403,0.5254358074769623,0.9979207564373396,0.00207924353890121,9585,9604176,8657,11374
raw_probability_highsens_tta,0.61,100,0.4810005829666435,0.31665619984637616,0.43303592728640056,0.9991986753540804,0.5409142380353174,0.9979669480096717,0.002033052034676075,9076,9605130,7703,11883
raw_probability_highsens_tta,0.61,150,0.4249881122205109,0.2698316854101178,0.34114223006806565,0.9994237910925937,0.5634801796827461,0.9979916527157728,0.0020083473064005375,7150,9607294,5539,13809
raw_probability_highsens_tta,0.61,200,0.38308914274852596,0.23692656959439606,0.2888019466576226,0.9995226173179115,0.5687840631454907,0.9979763939267103,0.0020236060954630375,6053,9608244,4589,14906
raw_probability_highsens_tta,0.62,0,0.5176814553553654,0.34923765692985526,0.532229591106192,0.9988575688353257,0.5039074852055364,0.9978423864663043,0.0021576136350631714,11155,9601851,10982,9804
raw_probability_highsens_tta,0.62,3,0.5178579722259724,0.34939834544987797,0.5319910301061443,0.9988605856358881,0.5044564086320841,0.9978448776971717,0.002155122347176075,11150,9601880,10953,9809
raw_probability_highsens_tta,0.62,5,0.5180762081783183,0.3495970650025557,0.5319433179061348,0.9988627702156057,0.504913726733162,0.9978469537228944,0.0021530461963266134,11149,9601901,10932,9810
raw_probability_highsens_tta,0.62,10,0.516884939195389,0.34851304046158865,0.5272675223052019,0.9988817032398244,0.5069033530569667,0.9978556730309301,0.0021443269215524197,11051,9602083,10750,9908
raw_probability_highsens_tta,0.62,15,0.5177870259339029,0.3493337563450668,0.5253590343048211,0.9989013644572823,0.5104301872795706,0.9978711394225649,0.002128860680386424,11011,9602272,10561,9948
raw_probability_highsens_tta,0.62,20,0.5176053005204644,0.3491683427512214,0.5218283315041167,0.9989218578955851,0.5134500727662957,0.9978839069807601,0.002116092946380377,10937,9602469,10364,10022
raw_probability_highsens_tta,0.62,30,0.5138040849554597,0.345717600051445,0.5119041939021366,0.9989519218736028,0.5157181311283812,0.9978923148849373,0.002107685199007392,10729,9602758,10075,10230
raw_probability_highsens_tta,0.62,50,0.5041273293459285,0.3370121931069831,0.48661672789709115,0.9990321271575185,0.522945187919539,0.997917330994897,0.0020826689433306456,10199,9603529,9304,10760
raw_probability_highsens_tta,0.62,75,0.48963186728777597,0.3241804806941509,0.45627176869103664,0.9991116042481951,0.5282549853612505,0.9979306175595228,0.0020693824626505375,9563,9604293,8540,11396
raw_probability_highsens_tta,0.62,100,0.4751674256628784,0.31161940901573676,0.42315950188442997,0.9992195849028055,0.5417506566486214,0.9979663252019548,0.002033674856647849,8869,9605331,7502,12090
raw_probability_highsens_tta,0.62,150,0.42541913582072444,0.2701792873892616,0.340808244667999,0.9994300327489295,0.5659166534617605,0.9979971541839382,0.00200284575112164,7143,9607354,5479,13816
raw_probability_highsens_tta,0.62,200,0.3697592295343917,0.2268126501515392,0.2747745598548238,0.9995389496519903,0.5651064664894857,0.9979621731505093,0.0020378269255161285,5759,9608401,4432,15200
raw_probability_highsens_tta,0.63,0,0.5185323325095532,0.35001258811670755,0.5306550885058778,0.9988747333902493,0.506951091663017,0.9978560882360747,0.002143911784514785,11122,9602016,10817,9837
raw_probability_highsens_tta,0.63,3,0.5186601977979757,0.3501291175913743,0.5304642397058398,0.9988770219975724,0.5073700543054317,0.9978579566592253,0.0021420433185994625,11118,9602038,10795,9841
raw_probability_highsens_tta,0.63,5,0.5189699049752472,0.3504114512720779,0.5302733909058016,0.9988808710189796,0.5081382589609966,0.9978613821016679,0.0021386179141700268,11114,9602075,10758,9845
raw_probability_highsens_tta,0.63,10,0.5181354458051014,0.34965101522831543,0.5258361563049163,0.9989013644572823,0.5106570290054162,0.9978721774354263,0.0021278224885463715,11021,9602272,10561,9938
raw_probability_highsens_tta,0.63,15,0.5189104911293098,0.35035727957115276,0.5240230927045546,0.9989192572054452,0.513896687254111,0.997886086807769,0.0021139131858944893,10983,9602444,10389,9976
raw_probability_highsens_tta,0.63,20,0.5187809052870581,0.3502391422975796,0.5205878143038691,0.9989395425885367,0.5169864960907288,0.9978988543659641,0.0021011456847190857,10911,9602639,10194,10048
raw_probability_highsens_tta,0.63,30,0.5143557338842137,0.34621729145766206,0.5107113889018986,0.9989640931034577,0.51805246345924,0.9979018646032622,0.002098135417327285,10704,9602875,9958,10255
raw_probability_highsens_tta,0.63,50,0.5048336191255984,0.33764377368514803,0.48461281549669133,0.9990509561541318,0.5268153526968221,0.9979317593736704,0.002068240661174059,10157,9603710,9123,10802
raw_probability_highsens_tta,0.63,75,0.4882544271773225,0.3229739421466743,0.45121427549002757,0.9991342822662155,0.5319196805216649,0.9979422433035705,0.0020577567629516125,9457,9604511,8322,11502
raw_probability_highsens_tta,0.63,100,0.47409361289788876,0.31069639455291376,0.42020134548383975,0.9992315480774493,0.5438433987893393,0.9979718266701202,0.002028173301368952,8807,9605446,7387,12152
raw_probability_highsens_tta,0.63,150,0.4274246690228158,0.27179916955534195,0.34042654706792286,0.9994494859111763,0.5741530538339308,0.9980157346141572,0.001984265400096774,7135,9607541,5292,13824
raw_probability_highsens_tta,0.63,200,0.3697419582890293,0.22679965307883512,0.27448828665476666,0.9995415503421302,0.5662401574797576,0.9979641453749459,0.0020358546171337366,5753,9608426,4407,15206
raw_probability_highsens_tta,0.64,0,0.5193411588293341,0.35075004747124794,0.5287943127055066,0.9988932503040457,0.510220053401846,0.997870516614848,0.0021294832695275545,11083,9602194,10639,9876
raw_probability_highsens_tta,0.64,3,0.5194458119416463,0.35084552536564984,0.5286034639054684,0.9988953308561577,0.510600055304401,0.9978721774354263,0.0021278224885463715,11079,9602214,10619,9880
raw_probability_highsens_tta,0.64,5,0.5198000046946035,0.35116876526361407,0.5282694785054018,0.998900428208832,0.5115978190553038,0.9978765370894442,0.0021234629675745964,11072,9602263,10570,9887
raw_probability_highsens_tta,0.64,10,0.5190576336868737,0.35049144753626804,0.5240230927045546,0.9989205055367123,0.5141853932581862,0.9978873324232027,0.002112667541950941,10983,9602456,10377,9976
raw_probability_highsens_tta,0.64,15,0.5194521588453276,0.35085131625345467,0.5220668925041643,0.9989360056499463,0.5168634860649424,0.9978985429621058,0.002101456979289651,10942,9602605,10228,10017
raw_probability_highsens_tta,0.64,20,0.5188582348022169,0.3503096374660204,0.5182022043033931,0.9989550427017707,0.5195159284413472,0.997909130693292,0.002090869238600135,10861,9602788,10045,10098
raw_probability_highsens_tta,0.64,30,0.5155883986571722,0.347335198802516,0.5093277351016225,0.9989831301552821,0.5220048899752948,0.9979178500013277,0.002082149963825941,10675,9603058,9775,10284
raw_probability_highsens_tta,0.64,50,0.5057413879179966,0.3384563982624997,0.4833245860964343,0.9990667683501826,0.5303387257208888,0.9979447345344378,0.002055265475064516,10130,9603862,8971,10829
raw_probability_highsens_tta,0.64,75,0.4877972871332086,0.32257400610560744,0.448685528889523,0.999147597799732,0.5343789066936389,0.9979500284000309,0.002049971604719758,9404,9604639,8194,11555
raw_probability_highsens_tta,0.64,100,0.47309326046360406,0.3098376922530619,0.4171477646832305,0.9992448636109658,0.5463692038491773,0.9979784699524331,0.002021529944613576,8743,9605574,7259,12216
raw_probability_highsens_tta,0.64,150,0.4234804630968333,0.268617326448549,0.33508278066685665,0.9994605128373697,0.5752313866814848,0.9980151118064403,0.001984888222068548,7023,9607647,5186,13936
raw_probability_highsens_tta,0.64,200,0.36979820411304115,0.2268419805732343,0.27410658905469054,0.9995457114463542,0.5681368670880457,0.9979674670161024,0.0020325330551713705,5745,9608466,4367,15214
raw_probability_highsens_tta,0.65,0,0.5205782633263043,0.3518795556544699,0.52745837110524,0.9989120793006588,0.5138753311948524,0.9978863982116274,0.002113601891323924,11055,9602375,10458,9904
raw_probability_highsens_tta,0.65,3,0.5207189804234444,0.3520081536451406,0.5273152345052114,0.9989141598527709,0.514285714285475,0.9978881628334918,0.0021118372678756714,11052,9602395,10438,9907
raw_probability_highsens_tta,0.65,5,0.5210028538407696,0.3522676532498717,0.5269812491051448,0.9989186330398115,0.515158582089312,0.9978918996797929,0.0021081003360450268,11045,9602438,10395,9914
raw_probability_highsens_tta,0.65,10,0.5200655006287775,0.3514111610005287,0.5227825755043071,0.9989367338431855,0.5173765228064419,0.9979008265904008,0.0020991733763366938,10957,9602612,10221,10002
raw_probability_highsens_tta,0.65,15,0.5204897491585669,0.3517986772058875,0.5202538289038026,0.9989559789502211,0.5207258834763511,0.9979145283601712,0.002085471525788307,10904,9602797,10036,10055
raw_probability_highsens_tta,0.65,20,0.5201036368869303,0.35144598625329027,0.5172002481031933,0.9989716871186664,0.5230398069961288,0.9979235590720653,0.002076440956443548,10840,9602948,9885,10119
raw_probability_highsens_tta,0.65,30,0.5170698565985207,0.3486811964132637,0.5083734911014322,0.9990014390138673,0.5260689246565982,0.9979340430019654,0.0020659570582211018,10655,9603234,9599,10304
raw_probability_highsens_tta,0.65,50,0.50737211634892,0.3399186909920573,0.48270432749631054,0.9990841409603174,0.5346968976266927,0.9979607199325032,0.0020392800215631723,10117,9604029,8804,10842
raw_probability_highsens_tta,0.65,75,0.4902784664768927,0.3247476144377248,0.44816069468941827,0.9991714201214138,0.5411337711714822,0.9979726570804093,0.002027343027293682,9393,9604868,7965,11566
raw_probability_highsens_tta,0.65,100,0.4736599517391553,0.3103240017051619,0.41676606708315433,0.9992521455433576,0.5485430796278896,0.9979849056321738,0.0020150942727923393,8735,9605644,7189,12224
raw_probability_highsens_tta,0.65,150,0.4195456337770574,0.26545887229867365,0.32997757526583804,0.9994700833770847,0.575853455453309,0.9980135547871483,0.0019864451605826616,6916,9607739,5094,14043
raw_probability_highsens_tta,0.65,200,0.36996938939894636,0.2269708231200178,0.27391574025465243,0.9995490403297332,0.5697697499001888,0.9979703734521143,0.0020296266302466393,5741,9608498,4335,15218
raw_probability_highsens_tta,0.66,0,0.5214077773305907,0.3526379818157406,0.5255498831048592,0.998930908297272,0.5173304527519644,0.997901034192973,0.0020989656914025545,11015,9602556,10277,9944
raw_probability_highsens_tta,0.66,3,0.5216588115480848,0.35286767061827845,0.5254544587048402,0.9989336130150176,0.5179176072232328,0.9979035254238404,0.0020964746363461018,11013,9602582,10251,9946
raw_probability_highsens_tta,0.66,5,0.5218566922035717,0.35304878048769156,0.5248819123047259,0.9989388143952975,0.5188661447030851,0.9979074698727137,0.002092530019581318,11001,9602632,10201,9958
raw_probability_highsens_tta,0.66,10,0.520717968302339,0.35200722860450756,0.5204446777038406,0.9989567071434603,0.5209915460665229,0.9979156701743188,0.0020843297243118286,10908,9602804,10029,10051
raw_probability_highsens_tta,0.66,15,0.5217140937663703,0.35291826267598747,0.5187270385034979,0.998975640167679,0.524735749794621,0.9979308251620951,0.0020691747777163982,10872,9602986,9847,10087
raw_probability_highsens_tta,0.66,20,0.5212045229885187,0.35245206730130674,0.5157211699028982,0.9989899959772516,0.5268057315525262,0.9979386102585556,0.0020613898523151875,10809,9603124,9709,10150
raw_probability_highsens_tta,0.66,30,0.5167706708267071,0.34840915067040873,0.5057493201009086,0.9990153787130174,0.5282830799897691,0.9979422433035705,0.0020577567629516125,10600,9603368,9465,10359
raw_probability_highsens_tta,0.66,50,0.5078119103327275,0.3403136064743415,0.48151152249607254,0.9990953759417219,0.5371513732166611,0.9979693354392528,0.002030664589256048,10092,9604137,8696,10867
raw_probability_highsens_tta,0.66,75,0.4895754110827176,0.32413098586647077,0.4453456748888566,0.9991846316273247,0.5435592825526767,0.9979797155678668,0.0020202845335006714,9334,9604995,7838,11625
raw_probability_highsens_tta,0.66,100,0.47530796903944317,0.3117403117402003,0.41605038408301154,0.9992704544019427,0.5542490306994506,0.9980016176392422,0.0019983823876827955,8720,9605820,7013,12239
raw_probability_highsens_tta,0.66,150,0.4196773115370485,0.2655643145547912,0.32950045326574284,0.9994750767021533,0.5778112449794361,0.9980174992360216,0.0019825007766485214,6906,9607787,5046,14053
raw_probability_highsens_tta,0.66,200,0.3698493110901972,0.2268804433886671,0.27343861825455723,0.9995525772683236,0.5712719298239919,0.9979728646829816,0.002027135342359543,5731,9608532,4301,15228
raw_probability_highsens_tta,0.67,0,0.5222338602169773,0.35339411707840024,0.5233551219044213,0.9989514017355748,0.5211173927500018,0.9979167081871801,0.0020832917653024197,10969,9602753,10080,9990
raw_probability_highsens_tta,0.67,3,0.5225740356894856,0.35370573437387803,0.5232596975044023,0.9989548346465595,0.5218901684588741,0.9979199260270505,0.002080074045807123,10967,9602786,10047,9992
raw_probability_highsens_tta,0.67,5,0.5227288997063683,0.3538476448923067,0.522591726704269,0.9989602440820506,0.522866144739105,0.9979238704759238,0.0020761294290423393,10953,9602838,9995,10006
raw_probability_highsens_tta,0.67,10,0.521864349829472,0.35305579008886373,0.5187270385034979,0.9989768884989462,0.5250398415992056,0.9979320707775288,0.00206792913377285,10872,9602998,9835,10087
raw_probability_highsens_tta,0.67,15,0.5231623415810446,0.35424499002897963,0.5170093993031551,0.9989982141580938,0.529463500439495,0.9979496131948864,0.002050386741757393,10836,9603203,9630,10123
raw_probability_highsens_tta,0.67,20,0.5221710685726867,0.3533366125593201,0.5140989551025745,0.9990079927530199,0.5305007138986113,0.997953038637329,0.002046961337327957,10775,9603297,9536,10184
raw_probability_highsens_tta,0.67,30,0.5180711058729822,0.34959241831786414,0.5033637101004326,0.9990409695039943,0.533663817087089,0.9979625883556538,0.00203741155564785,10550,9603614,9219,10409
raw_probability_highsens_tta,0.67,50,0.5090053627439773,0.34138644769422777,0.48003244429577746,0.999114517021152,0.5417003176651366,0.9979852170360322,0.002014782978221774,10061,9604321,8512,10898
raw_probability_highsens_tta,0.67,75,0.49001977587330525,0.32452065798193536,0.4433417624884568,0.9992016921546427,0.547683602498793,0.9979923793247758,0.0020076206419616938,9292,9605159,7674,11667
raw_probability_highsens_tta,0.67,100,0.4756869298412526,0.31206642464314294,0.41423732048264983,0.999286162570388,0.5585434894489458,0.998013347184576,0.001986652845516801,8682,9605971,6862,12277
raw_probability_highsens_tta,0.67,150,0.419616699218622,0.265515776464579,0.32802137506544776,0.9994867277939803,0.582183080700667,0.9980259071401989,0.001974092796444893,6875,9607899,4934,14084
raw_probability_highsens_tta,0.67,200,0.36952084750692665,0.2266332856460711,0.2721026766542907,0.999562563918461,0.5755954784007109,0.997979923170439,0.002020076848566532,5703,9608628,4205,15256
raw_probability_highsens_tta,0.68,0,0.5232427254219799,0.35431870519919745,0.521208072903993,0.9989730394775391,0.5252933256392934,0.9979336277968209,0.0020663721952587366,10924,9602961,9872,10035
raw_probability_highsens_tta,0.68,3,0.5234522925004138,0.35451092426050884,0.5210172241039548,0.9989759522504958,0.5259102292426672,0.9979361190276882,0.00206388090737164,10920,9602989,9844,10039
raw_probability_highsens_tta,0.68,5,0.5238621086997014,0.3548869734915092,0.5205878143038691,0.9989819858516205,0.527177851862334,0.9979412052907091,0.0020587947219610214,10911,9603047,9786,10048
raw_probability_highsens_tta,0.68,10,0.5229468599032554,0.3540474243661965,0.5164845651030505,0.9989996705445721,0.5295729171760043,0.9979499245987448,0.0020500754471868277,10825,9603217,9616,10134
raw_probability_highsens_tta,0.68,15,0.5234674561955727,0.3545248348179368,0.5145760771026697,0.9990156907958342,0.5326715068896465,0.9979617579453647,0.0020382420625537634,10785,9603371,9462,10174
raw_probability_highsens_tta,0.68,20,0.5229840280481781,0.3540814980877113,0.5124290281022413,0.9990249492527323,0.5339829960719266,0.9979663252019548,0.002033674856647849,10740,9603460,9373,10219
raw_probability_highsens_tta,0.68,30,0.519088867500674,0.35051993067579307,0.5017892075001185,0.9990590703073684,0.5376239648294971,0.9979772243369994,0.002022775588557124,10517,9603788,9045,10442
raw_probability_highsens_tta,0.68,50,0.5085160009163908,0.340946333469773,0.47650174149507296,0.9991331379625539,0.5451419213970823,0.9979961161710769,0.002003883942961693,9987,9604500,8333,10972
raw_probability_highsens_tta,0.68,75,0.4914903769682171,0.32581189371561725,0.4422920940882474,0.9992205211512559,0.5530036389664421,0.998008883729272,0.0019911162089556456,9270,9605340,7493,11689
raw_probability_highsens_tta,0.68,100,0.47617739187765123,0.3124887302101365,0.41342621308248795,0.999295733110103,0.5613864593452793,0.9980211322810365,0.0019788676872849464,8665,9606063,6770,12294
raw_probability_highsens_tta,0.68,150,0.41976516634038047,0.2656346749224978,0.327496540865343,0.9994922412570769,0.5844189016597834,0.9980302667942167,0.001969733275473118,6864,9607952,4881,14095
raw_probability_highsens_tta,0.68,200,0.369706998929112,0.2267733460710824,0.2718164034542336,0.999566933077896,0.5777890466525579,0.9979836600167401,0.0020163399167358875,5697,9608670,4163,15262
raw_probability_highsens_tta,0.69,0,0.5236787589727505,0.35471870512976283,0.5186316141034788,0.9989924926397858,0.5288251033809152,0.9979474333678774,0.002052566735073924,10870,9603148,9685,10089
raw_probability_highsens_tta,0.69,3,0.5236740597877233,0.3547143930238235,0.5182022043033931,0.9989950933299258,0.5292627064955269,0.9979490941884557,0.0020509057212620974,10861,9603173,9660,10098
raw_probability_highsens_tta,0.69,5,0.5236451418224446,0.3546878576799913,0.5174865213032503,0.9989992544341497,0.5299521157038356,0.9979516892206092,0.002048310823738575,10846,9603213,9620,10113
raw_probability_highsens_tta,0.69,10,0.5236268272544987,0.35467105263146226,0.5144329405026411,0.9990178753755516,0.5331553182017835,0.9979636263685152,0.002036373596638441,10782,9603392,9441,10177
raw_probability_highsens_tta,0.69,15,0.5241278360574472,0.35513091774651045,0.5125244525022603,0.9990336875716025,0.5362687833854843,0.9979752521125628,0.002024747896939516,10742,9603544,9289,10217
raw_probability_highsens_tta,0.69,20,0.5239086257129683,0.3549296709128334,0.510472827901851,0.9990445064425847,0.5380708107018014,0.9979815839910173,0.002018416067585349,10699,9603648,9185,10260
raw_probability_highsens_tta,0.69,30,0.5196518461575323,0.3510335354617069,0.49992843169974716,0.999075194586236,0.5409954564226863,0.9979892652861916,0.0020107347518205643,10478,9603943,8890,10481
raw_probability_highsens_tta,0.69,50,0.5089514066494862,0.3413379073755261,0.47473639009472074,0.9991479098825488,0.5484813406093664,0.9980070153061215,0.001992984674870968,9950,9604642,8191,11009
raw_probability_highsens_tta,0.69,75,0.4930659270320853,0.3271980744724879,0.44105157688799984,0.9992413266723754,0.558988933905449,0.9980269451530602,0.001973054837435484,9244,9605540,7293,11715
raw_probability_highsens_tta,0.69,100,0.47313262724808247,0.30987146342340244,0.40603082208101243,0.999323404453192,0.5668043159713821,0.9980326542237979,0.001967345830053091,8510,9606329,6504,12449
raw_probability_highsens_tta,0.69,150,0.4198725802498101,0.2657207102425891,0.3270194188652478,0.9994970265269344,0.5863632474971456,0.9980340036405178,0.0019659963436424732,6854,9607998,4835,14105
raw_probability_highsens_tta,0.69,200,0.36992266198727175,0.22693565106441793,0.271577842454186,0.99957109418212,0.5799286805903413,0.997987293061755,0.0020127068273723125,5692,9608710,4123,15267
raw_probability_highsens_tta,0.7,0,0.5239352042421066,0.35495406824135334,0.5161982919029934,0.9990095531671038,0.5319075712878407,0.9979591629132112,0.0020408371929079294,10819,9603312,9521,10140
raw_probability_highsens_tta,0.7,3,0.5239330118027862,0.3549520556940907,0.5157211699028982,0.9990124659400607,0.5324105999406302,0.9979610313363617,0.002038968726992607,10809,9603340,9493,10150
raw_probability_highsens_tta,0.7,5,0.5237644661182221,0.35479735726248074,0.5150054869027554,0.9990154827406229,0.5328265376638697,0.9979624845543676,0.0020375153981149197,10794,9603369,9464,10165
raw_probability_highsens_tta,0.7,10,0.5239036532687791,0.35492510663612903,0.5121427549021842,0.9990342077096305,0.5362174043358297,0.9979749407087044,0.0020250591915100813,10734,9603549,9284,10225
raw_probability_highsens_tta,0.7,15,0.5238538857561844,0.3548794260279164,0.5097571449017082,0.9990484594915974,0.5387524582721301,0.9979839714205985,0.0020160286221653223,10684,9603686,9147,10275
raw_probability_highsens_tta,0.7,20,0.5245925852984775,0.3555577802247954,0.5083734911014322,0.9990629193287754,0.541880689619823,0.9979953895620739,0.002004610374569893,10655,9603825,9008,10304
raw_probability_highsens_tta,0.7,30,0.519644678892105,0.3510269943186368,0.4982107924994044,0.999085805402007,0.5430057202285268,0.9979961161710769,0.002003883942961693,10442,9604045,8788,10517
raw_probability_highsens_tta,0.7,50,0.5095187935152713,0.3418485193228042,0.4731141752943971,0.9991627858301492,0.551992874637858,0.9980183296463107,0.001981670269742608,9916,9604785,8048,11043
raw_probability_highsens_tta,0.7,75,0.4930466409925939,0.3271810889471402,0.43981105968775236,0.9992494408256121,0.5609444410633719,0.9980323428199395,0.0019676571246236563,9218,9605618,7215,11741
raw_probability_highsens_tta,0.7,100,0.4630774418341961,0.3013017405293618,0.3931485280784421,0.9993353676278357,0.5632647481026979,0.9980165650244464,0.0019834348931908607,8240,9606444,6389,12719
raw_probability_highsens_tta,0.7,150,0.41976066277986507,0.2656310679610619,0.32635144806511457,0.9995016037415807,0.5880835697699354,0.998037117679102,0.0019628822337836027,6840,9608042,4791,14119
raw_probability_highsens_tta,0.7,200,0.3698425094362977,0.2268753243641555,0.2711484326541003,0.9995745270931047,0.5815000511607679,0.9979897842926223,0.00201021577231586,5683,9608743,4090,15276
raw_probability_highsens_tta,0.71,0,0.5250560592764637,0.35598373929987903,0.5139081063025364,0.9990327513231522,0.5366983905523262,0.9979773281382855,0.0020226717460900545,10771,9603535,9298,10188
raw_probability_highsens_tta,0.71,3,0.5250908736062734,0.3560157464685051,0.5134786965024507,0.9990356640961089,0.5372404153351951,0.9979793003627222,0.0020206996705383062,10762,9603563,9270,10197
raw_probability_highsens_tta,0.71,5,0.5251795047133969,0.3560972378617089,0.5130015745023555,0.9990393050623048,0.5379496672834653,0.9979818953948757,0.00201810454018414,10752,9603598,9235,10207
raw_probability_highsens_tta,0.71,10,0.5250380854094735,0.3559672152994083,0.5097571449017082,0.9990580300313123,0.5412634885249803,0.9979935211389234,0.002006478840485215,10684,9603778,9055,10275
raw_probability_highsens_tta,0.71,15,0.5247131400368847,0.3556685511657058,0.5072761105012131,0.9990706173715896,0.5433915976691488,0.998000683427667,0.001999316504225135,10632,9603899,8934,10327
raw_probability_highsens_tta,0.71,20,0.5258674063249398,0.35673005846369304,0.5065604275010703,0.999084244987923,0.5467044284240233,0.9980127243768592,0.001987275667488575,10617,9604030,8803,10342
raw_probability_highsens_tta,0.71,30,0.5201883578798416,0.35152335815831026,0.4954434848988523,0.9991073391163656,0.547534932770605,0.9980115825627116,0.0019884174689650536,10384,9604252,8581,10575
raw_probability_highsens_tta,0.71,50,0.5080169649321123,0.34049781598823387,0.46862922849350225,0.9991795342746504,0.554633237336634,0.998025284332482,0.001974715618416667,9822,9604946,7887,11137
raw_probability_highsens_tta,0.71,75,0.4939807707843867,0.3280042918453762,0.43756858628730494,0.99927170273321,0.5670912688594069,0.9980496776347249,0.0019503224175423384,9171,9605832,7001,11788
raw_probability_highsens_tta,0.71,100,0.4621425522832659,0.30051065719349446,0.38747077627730925,0.9993690725720493,0.5724658113629124,0.9980378442881049,0.0019621558021754026,8121,9606768,6065,12838
raw_probability_highsens_tta,0.71,150,0.4166924265841061,0.2631784459194599,0.3215802280641626,0.9995161676063644,0.5916951979627849,0.9980412697305475,0.0019587301649153233,6740,9608182,4651,14219
raw_probability_highsens_tta,0.71,200,0.3654559175770694,0.22358278464741305,0.2657092418530151,0.9995891949854939,0.5851019121658068,0.997992586927348,0.0020074129570275545,5569,9608884,3949,15390
raw_probability_highsens_tta,0.72,0,0.5256419689499116,0.3565226070464928,0.5112839353020128,0.9990535568442717,0.5408297163618951,0.9979923793247758,0.0020076206419616938,10716,9603735,9098,10243
raw_probability_highsens_tta,0.72,3,0.5256388227495703,0.35651971230675394,0.5108545255019271,0.9990561575344116,0.5413043478258133,0.9979940401453541,0.0020059598609805107,10707,9603760,9073,10252
raw_probability_highsens_tta,0.72,5,0.5258215962440023,0.356687898089053,0.5103296913018224,0.9990608387766635,0.5422835124718403,0.9979975693890828,0.0020024306140840054,10696,9603805,9028,10263
raw_probability_highsens_tta,0.72,10,0.5256448265637599,0.3565252362757703,0.5075623837012703,0.9990763388898976,0.5450632781674719,0.9980070153061215,0.001992984674870968,10638,9603954,8879,10321
raw_probability_highsens_tta,0.72,15,0.5255815108108817,0.3564669831968359,0.5050813493007753,0.9990910067822868,0.5478161871245354,0.9980162536205879,0.0019837464205920696,10586,9604095,8738,10373
raw_probability_highsens_tta,0.72,20,0.5262371056957876,0.3570703996752698,0.5038408321005278,0.9991038021777754,0.5507170795303516,0.9980263223453434,0.001973677659407258,10560,9604218,8615,10399
raw_probability_highsens_tta,0.72,30,0.5210741507242136,0.3523328441242526,0.4925330406982716,0.9991324097693147,0.5531265069921485,0.9980302667942167,0.001969733275473118,10323,9604493,8340,10636
raw_probability_highsens_tta,0.72,50,0.5080098662857307,0.3404914381176596,0.46676845269313094,0.9991913934216886,0.5572453861924371,0.9980330694289425,0.0019669304601848125,9783,9605060,7773,11176
raw_probability_highsens_tta,0.72,75,0.49418950326996,0.32818837718499294,0.4362326446870384,0.9992822095213753,0.569905877952646,0.998057255128613,0.0019427448278293014,9143,9605933,6900,11816
raw_probability_highsens_tta,0.72,100,0.4645413516542201,0.3025424046129095,0.38551457607691897,0.9994020493230238,0.5843216661841305,0.9980664934430794,0.0019335065735504031,8080,9607085,5748,12879
raw_probability_highsens_tta,0.72,150,0.4188739145319123,0.2649212598424154,0.3210553938640579,0.9995380134035399,0.6024171888982968,0.9980619261864893,0.0019380737794563174,6729,9608392,4441,14230
raw_probability_highsens_tta,0.72,200,0.36544654005376703,0.22357576488552905,0.2653275442529389,0.9995928359516899,0.5869129287592749,0.9979953895620739,0.002004610374569893,5561,9608919,3914,15398
raw_probability_highsens_tta,0.73,0,0.5269943195849526,0.3577680158276524,0.5090414619015654,0.9990781073591928,0.5462597921250595,0.9980119977678562,0.0019880023319274187,10669,9603971,8862,10290
raw_probability_highsens_tta,0.73,3,0.5268205863448543,0.3576078931470711,0.5084212033014417,0.9990804999941215,0.5466016927414482,0.9980130357807175,0.001986964140087366,10656,9603994,8839,10303
raw_probability_highsens_tta,0.73,5,0.5273604751885838,0.35810560989534534,0.5083257789014226,0.9990853892915845,0.5478761699061258,0.9980177068385938,0.001982293091714382,10654,9604041,8792,10305
raw_probability_highsens_tta,0.73,10,0.527064322832361,0.3578325455771918,0.505701607900899,0.9990990169079178,0.550311526479465,0.9980255957363404,0.0019744043238461018,10599,9604172,8661,10360
raw_probability_highsens_tta,0.73,15,0.5269257668097396,0.3577048290828955,0.5032682857004135,0.9991127485518567,0.5529171253338822,0.9980340036405178,0.0019659963436424732,10548,9604304,8529,10411
raw_probability_highsens_tta,0.73,20,0.5275442339062549,0.358275098005673,0.5014552221000518,0.9991286647755132,0.5564968759925042,0.9980459407884238,0.0019540591165423393,10510,9604457,8376,10449
raw_probability_highsens_tta,0.73,30,0.5208640406606047,0.3521407463403367,0.4889546256975576,0.9991529032076174,0.557229079440728,0.9980429305511257,0.00195706938393414,10248,9604690,8143,10711
raw_probability_highsens_tta,0.73,50,0.5090091268075764,0.34138983407572127,0.46433513049264546,0.999214799632948,0.5631944444441185,0.9980511308527308,0.0019488692050799727,9732,9605285,7548,11227
raw_probability_highsens_tta,0.73,75,0.49461490464162816,0.32856370517198463,0.43494441528678135,0.9992940686684134,0.5732612250027838,0.9980662858405072,0.0019337141420692205,9116,9606047,6786,11843
raw_probability_highsens_tta,0.73,100,0.462129972247785,0.3005000187975862,0.38136361467609076,0.9994132843044283,0.5862979534947654,0.9980686732700883,0.0019313266966491938,7993,9607193,5640,12966
raw_probability_highsens_tta,0.73,150,0.4190238577887357,0.26504122775860456,0.32053055966395316,0.9995435268666366,0.6048982531959257,0.9980662858405072,0.0019337141420692205,6718,9608445,4388,14241
raw_probability_highsens_tta,0.73,200,0.3600159035185342,0.21952402117248393,0.25922038265172037,0.9996057353747839,0.5890708012570866,0.9979949743569293,0.0020050257444381714,5433,9609043,3790,15526
raw_probability_highsens_tta,0.74,0,0.5282718475582656,0.35894662114182785,0.5066081397010799,0.9991030739845361,0.551871101870815,0.9980316162109365,0.0019683837890625,10618,9604211,8622,10341
raw_probability_highsens_tta,0.74,3,0.5283047050036026,0.3589769613314527,0.5062741543010133,0.9991053625918593,0.5523398053195813,0.9980331732302287,0.0019668268505483866,10611,9604233,8600,10348
raw_probability_highsens_tta,0.74,5,0.5285586124400597,0.35921146224964967,0.5059878811009562,0.9991091075856608,0.5532369972348306,0.9980362872688128,0.001963712740689516,10605,9604269,8564,10354
raw_probability_highsens_tta,0.74,10,0.5281168701219412,0.35880353501007517,0.5036499833004897,0.9991198224290374,0.5550822947885812,0.9980418925382644,0.001958107575774193,10556,9604372,8461,10403
raw_probability_highsens_tta,0.74,15,0.5284119481040611,0.35907599781288985,0.5013597977000327,0.9991360507355106,0.5585499388717596,0.9980531030771674,0.0019468968966975808,10508,9604528,8305,10451
raw_probability_highsens_tta,0.74,20,0.5284942708594901,0.3591520307353323,0.499546734099671,0.9991477018273376,0.5610030541710544,0.9980607843723417,0.001939215580932796,10470,9604640,8193,10489
raw_probability_highsens_tta,0.74,30,0.5218080077674524,0.3530042176587316,0.4871892742972054,0.9991712120662026,0.5617229618216736,0.9980573589298991,0.0019426411017775536,10211,9604866,7967,10748
raw_probability_highsens_tta,0.74,50,0.509467160376977,0.3418020367171705,0.46280834009234084,0.9992281151664645,0.566588785046398,0.9980610957762002,0.001938904169946909,9700,9605413,7420,11259
raw_probability_highsens_tta,0.74,75,0.49316638022738,0.3272865522484151,0.43127057588604834,0.9993072801743244,0.5758058351378673,0.998071475904814,0.0019285241141915321,9039,9606174,6659,11920
raw_probability_highsens_tta,0.74,100,0.4637394591449655,0.3018625075710547,0.3804570828759099,0.9994323213562527,0.5937011391552426,0.9980856966810152,0.001914303284138441,7974,9607376,5457,12985
raw_probability_highsens_tta,0.74,150,0.41164962766615815,0.25916802415659773,0.31122668066209686,0.999562043780433,0.6077517935333944,0.9980645212186428,0.0019354787655174732,6523,9608623,4210,14436
raw_probability_highsens_tta,0.74,200,0.3557798349094824,0.21638211382105024,0.25397204065067325,0.9996212354880181,0.5938197233371332,0.9979990226070887,0.002000977285206318,5323,9609192,3641,15636
raw_probability_highsens_tta,0.75,0,0.5289181674722518,0.3595436744422409,0.5037454077005087,0.9991255439473452,0.5567390845810184,0.9980478092115743,0.0019521907670423388,10558,9604427,8406,10401
raw_probability_highsens_tta,0.75,3,0.529028376616733,0.3596455351055352,0.5034591345004515,0.9991281446374852,0.5573337558756893,0.998049781436011,0.0019502185750752687,10552,9604452,8381,10407
raw_probability_highsens_tta,0.75,5,0.5289496800099062,0.35957279830744887,0.5027911637003183,0.9991315775484699,0.5579794556811617,0.9980517536604476,0.0019482463831081986,10538,9604485,8348,10421
raw_probability_highsens_tta,0.75,10,0.5291109263596783,0.35972184160031523,0.5010258122999661,0.9991435407231136,0.5605316536775058,0.9980598501607665,0.0019401498138904572,10501,9604600,8233,10458
raw_probability_highsens_tta,0.75,15,0.5287571450249056,0.3593948770842842,0.49873562669950916,0.9991546716769126,0.5626244684856221,0.9980659744366487,0.0019340255530551076,10453,9604707,8126,10506
raw_probability_highsens_tta,0.75,20,0.5285282232443316,0.35918339148144696,0.49611145569898557,0.9991688194312739,0.5654774853162032,0.998074382340826,0.0019256176892668009,10398,9604843,7990,10561
raw_probability_highsens_tta,0.75,30,0.5218552570752166,0.35304746681480537,0.4847559520967199,0.999186608151831,0.5651037321316174,0.9980674276546546,0.001932572340592742,10160,9605014,7819,10799
raw_probability_highsens_tta,0.75,50,0.5094564211081842,0.34179236912144034,0.45946848609167446,0.9992493367980064,0.5716490561554246,0.9980750051485429,0.0019249948672950268,9630,9605617,7216,11329
raw_probability_highsens_tta,0.75,75,0.4949825419953001,0.3288882393773231,0.4295052244856961,0.999332974992907,0.5840145322430361,0.9980932741749033,0.001906725810840726,9002,9606421,6412,11957
raw_probability_highsens_tta,0.75,100,0.46348576761535715,0.3016475590310904,0.37912114127564334,0.9994400193990669,0.5961437467172359,0.9980904715401776,0.0019095285097137094,7946,9607450,5383,13013
raw_probability_highsens_tta,0.75,150,0.411182442047876,0.2587977707005339,0.3101770122618874,0.9995671411331073,0.6097355092847404,0.9980673238533685,0.0019326761830598116,6501,9608672,4161,14458
raw_probability_highsens_tta,0.75,200,0.3555793560478092,0.21623381909948047,0.2534472064505685,0.9996247724266083,0.5955824644011709,0.99800141003667,0.0019985900726169348,5312,9609226,3607,15647
raw_probability_highsens_tta,0.76,0,0.5296237494013434,0.36019607171001944,0.5013597977000327,0.99914551724762,0.5612648221340876,0.9980625489942061,0.0019374509574845433,10508,9604619,8214,10451
raw_probability_highsens_tta,0.76,3,0.5296817471123898,0.3602497255761662,0.5010735244999757,0.9991477018273376,0.5617544798071347,0.9980641060134982,0.00193589401897043,10502,9604640,8193,10457
raw_probability_highsens_tta,0.76,5,0.5295468888046121,0.36012497424968754,0.5004532658998518,0.9991504065450831,0.5622319897081034,0.998065455430218,0.001934544532559812,10489,9604666,8167,10470
raw_probability_highsens_tta,0.76,10,0.529536933833081,0.3601157662622794,0.4986879144994996,0.999161017360854,0.5644542852510858,0.998072202513817,0.0019277974497526884,10452,9604768,8065,10507
raw_probability_highsens_tta,0.76,15,0.529203854857851,0.35980775215229077,0.49649315329906174,0.9991717322042306,0.5665287456442909,0.998078119187127,0.0019218807574361563,10406,9604871,7962,10553
raw_probability_highsens_tta,0.76,20,0.5286174620222678,0.3592658254248412,0.4931055870983858,0.9991877524554926,0.5696411839273716,0.9980867346938765,0.0019132653251290321,10335,9605025,7808,10624
raw_probability_highsens_tta,0.76,30,0.5230944196023358,0.3541827091353328,0.48279975189632957,0.9992082458937954,0.5707275803719285,0.9980847624694399,0.0019152375170961022,10119,9605222,7611,10840
raw_probability_highsens_tta,0.76,50,0.5101475523356656,0.34241481640375326,0.4569397394911699,0.9992707664847595,0.5773798758060062,0.9980908867453222,0.0019091132562607527,9577,9605823,7010,11382
raw_probability_highsens_tta,0.76,75,0.496267212298707,0.3300235363340946,0.42816928288542955,0.9993515959343089,0.5901229696846254,0.9981089481691104,0.001891051884740591,8974,9606600,6233,11985
raw_probability_highsens_tta,0.76,100,0.4624050224424378,0.300732656643402,0.37601984827502455,0.9994541671534282,0.6003199268734001,0.9980978414314935,0.0019021586049348116,7881,9607586,5247,13078
raw_probability_highsens_tta,0.76,150,0.40703229505051053,0.255518234164965,0.3048809580608307,0.9995787922249342,0.6121275984283818,0.9980674276546546,0.001932572340592742,6390,9608784,4049,14569
raw_probability_highsens_tta,0.76,200,0.3467899817726501,0.20976765078189807,0.24509757144890257,0.9996327825522393,0.5927079727695942,0.9979912375106282,0.0020087624434381723,5137,9609303,3530,15822
raw_probability_highsens_tta,0.77,0,0.5298694715497326,0.3604234190744223,0.49873562669950916,0.9991633059681772,0.5651492214529816,0.9980745899433983,0.0019254100043326616,10453,9604790,8043,10506
raw_probability_highsens_tta,0.77,3,0.5299622143888292,0.3605092464806926,0.49854477789947105,0.9991651784650779,0.5656057161412982,0.9980760431614042,0.001923956791870296,10449,9604808,8025,10510
raw_probability_highsens_tta,0.77,5,0.5301210936506994,0.3606563039722416,0.49816308029939493,0.9991687154036683,0.5664605034719149,0.9980787419948438,0.001921258051879704,10441,9604842,7991,10518
raw_probability_highsens_tta,0.77,10,0.5300695381949285,0.3606085811324736,0.4964454410990522,0.9991787020538057,0.5685792349723668,0.9980849700720122,0.0019150299485772848,10405,9604938,7895,10554
raw_probability_highsens_tta,0.77,15,0.5294733883535965,0.36005699193760077,0.49434610429863335,0.9991868162070423,0.5699746946855705,0.998088499315741,0.0019115007016807795,10361,9605016,7817,10598
raw_probability_highsens_tta,0.77,20,0.5282398005088748,0.3589170305675602,0.49019514289780514,0.9992025243754875,0.5726867335559795,0.9980951425980539,0.0019048573449254036,10274,9605167,7666,10685
raw_probability_highsens_tta,0.77,30,0.5224869443216186,0.353625940775004,0.4797461710957203,0.9992223936481567,0.5735881346260275,0.998092236162042,0.0019077638862654567,10055,9605358,7475,10904
raw_probability_highsens_tta,0.77,50,0.5091981764546771,0.34155993668141404,0.4529796268903798,0.999288763260528,0.5813483558872198,0.9981002288610747,0.0018997711595147848,9494,9605996,6837,11465
raw_probability_highsens_tta,0.77,75,0.4943289224951367,0.32831136220954604,0.4242091702846394,0.9993631429985302,0.5922200759337959,0.9981118546051223,0.001888145343400538,8891,9606711,6122,12068
raw_probability_highsens_tta,0.77,100,0.4625614169288704,0.3008649724432406,0.37506560427483415,0.9994622813066648,0.6033000767455078,0.9981038619060896,0.0018961380701512098,7861,9607664,5169,13098
raw_probability_highsens_tta,0.77,150,0.40693220988114165,0.2554393556916875,0.3041652750606879,0.9995840976328196,0.6145763038652129,0.9980711645009557,0.0019288355251774192,6375,9608835,3998,14584
raw_probability_highsens_tta,0.77,200,0.34908100748796833,0.21144647864084964,0.24466816164881688,0.999657437094766,0.608953805960564,0.9980149042038681,0.0019850959070026875,5128,9609540,3293,15831
raw_probability_highsens_tta,0.78,0,0.5302095548869296,0.3607381968292362,0.4961591678989951,0.9991815107991567,0.5692779328841248,0.9980871498990211,0.0019128500716760755,10399,9604965,7868,10560
raw_probability_highsens_tta,0.78,3,0.5302489287899076,0.3607746503313224,0.495968319098957,0.9991829671856352,0.5696202531642448,0.9980881879118826,0.0019118121126666665,10395,9604979,7854,10564
raw_probability_highsens_tta,0.78,5,0.530467413779764,0.36097696556982906,0.4957297580989094,0.999186088013803,0.5704403206321673,0.998090782944036,0.0019092170987278223,10390,9605009,7824,10569
raw_probability_highsens_tta,0.78,10,0.5300519859662143,0.3605923344946479,0.4937735578985191,0.9991947223050677,0.572084024322514,0.9980951425980539,0.0019048573449254036,10349,9605092,7741,10610
raw_probability_highsens_tta,0.78,15,0.5301706414472322,0.36070217155633083,0.4921513430981954,0.9992054371484442,0.5745557845482233,0.9981023048867975,0.001897695125080645,10315,9605195,7638,10644
raw_probability_highsens_tta,0.78,20,0.5274185204344213,0.3581591428068301,0.4864258790970531,0.9992191687923832,0.5759561606685634,0.9981035505022312,0.0018964494811370969,10195,9605327,7506,10764
raw_probability_highsens_tta,0.78,30,0.5227670067582072,0.35388256906650395,0.47793310749535856,0.9992357091816731,0.5768832066340838,0.9981015782777946,0.001898421673104167,10017,9605486,7347,10942
raw_probability_highsens_tta,0.78,50,0.5072510647472891,0.3398100328649139,0.4489240898895706,0.9992998942143269,0.5829977074164552,0.9981025124893698,0.0018974875565618277,9409,9606103,6730,11550
raw_probability_highsens_tta,0.78,75,0.4928145222286207,0.32697669231614923,0.41967651128373507,0.9993818679675378,0.5968245352146853,0.9981206777144442,0.0018793223425745964,8796,9606891,5942,12163
raw_probability_highsens_tta,0.78,100,0.45918910920377065,0.29801782421623463,0.3701512476738536,0.9994722679568022,0.6046294131395802,0.9981031352970866,0.0018968647345900536,7758,9607760,5073,13201
raw_probability_highsens_tta,0.78,150,0.40014141543986625,0.25011049057806656,0.29700844505926,0.9995911715100003,0.6129985228945218,0.9980626527954922,0.0019373472314327955,6225,9608903,3930,14734
raw_probability_highsens_tta,0.78,200,0.3487777436840378,0.21122398414262833,0.24404790304869314,0.9996611820885675,0.6109651218339572,0.9980172916334493,0.0019827084615826607,5115,9609576,3257,15844
raw_probability_highsens_tta,0.79,0,0.5301278929695953,0.36066259808182716,0.49343957249845244,0.9991973229952076,0.5727101561631561,0.9980970110212044,0.0019029889954254031,10342,9605117,7716,10617
raw_probability_highsens_tta,0.79,3,0.5302354208338386,0.36076214405347545,0.4932487236984144,0.999199299519714,0.5732187413359727,0.9980985680404965,0.0019014319404959679,10338,9605136,7697,10621
raw_probability_highsens_tta,0.79,5,0.530276972045966,0.36080061478260417,0.4928193138983287,0.9992022122926707,0.5738970996774231,0.9981005402649331,0.0018994597485288978,10329,9605164,7669,10630
raw_probability_highsens_tta,0.79,10,0.5295890763878579,0.3601639976170024,0.4903859916978432,0.9992116788047801,0.5756048387093551,0.9981046923163787,0.0018953076796606183,10278,9605255,7578,10681
raw_probability_highsens_tta,0.79,15,0.5293540051678219,0.35994658607711283,0.48871606469751,0.9992200010132279,0.5773631700577322,0.9981093633742549,0.0018906366312876344,10243,9605335,7498,10716
raw_probability_highsens_tta,0.79,20,0.5266937246330194,0.35749099385450395,0.48294288849635814,0.9992348769608284,0.5791611832691084,0.9981116470025501,0.0018883530283346772,10122,9605478,7355,10837
raw_probability_highsens_tta,0.79,30,0.52041406126832,0.35172952624463677,0.47254162889428286,0.9992511052673017,0.5790796936206636,0.9981052113228094,0.0018947887001559138,9904,9605634,7199,11055
raw_probability_highsens_tta,0.79,50,0.5072251988957874,0.339786817489544,0.4471587384892184,0.9993110251681259,0.5859331040946634,0.9981097785793995,0.0018902213778346777,9372,9606210,6623,11587
raw_probability_highsens_tta,0.79,75,0.4947644717901006,0.32869571739281156,0.41819743308343993,0.9994063144548533,0.6056522940847113,0.9981418531768166,0.0018581468611955643,8765,9607126,5707,12194
raw_probability_highsens_tta,0.79,100,0.4590134742089218,0.2978698817455807,0.36895844267361566,0.9994796539167996,0.6072241853155812,0.998107910156249,0.00189208984375,7733,9607831,5002,13226
raw_probability_highsens_tta,0.79,150,0.3998711547751973,0.24989934777347214,0.29614962545908863,0.9995964769178858,0.6154074955377599,0.9980660782379348,0.001933921710588038,6207,9608954,3879,14752
raw_probability_highsens_tta,0.79,200,0.3483130719845826,0.21088322858079273,0.24333222004855035,0.9996645109719466,0.6126126126118767,0.9980190562553136,0.001980943838134408,5100,9609608,3225,15859
raw_probability_highsens_tta,0.8,0,0.5299757719468711,0.3605217940174771,0.49052912829787176,0.999213759356892,0.5763215426870473,0.9981070797459599,0.0018929202342405915,10281,9605275,7558,10678
raw_probability_highsens_tta,0.8,3,0.5300564767773345,0.3605964912279436,0.4903382794978337,0.9992155278261872,0.5767762936353256,0.9981084291626797,0.0018915708642452955,10277,9605292,7541,10682
raw_probability_highsens_tta,0.8,5,0.5301422559573155,0.36067589404891426,0.4898611574977385,0.9992190647647775,0.577641498818174,0.9981109203935471,0.0018890795763581991,10267,9605326,7507,10692
raw_probability_highsens_tta,0.8,10,0.5297196455406205,0.3602847878188495,0.4877141084973101,0.9992288433597037,0.5796427558828581,0.998116006656568,0.0018839933909475803,10222,9605420,7413,10737
raw_probability_highsens_tta,0.8,15,0.5292863087805532,0.3598839882572207,0.4854716350968627,0.9992391420926579,0.5817942706840975,0.9981214043234472,0.0018785956781357527,10175,9605519,7314,10784
raw_probability_highsens_tta,0.8,20,0.5265111901274507,0.35732282905697244,0.4804141418958536,0.9992489206875841,0.5823934293478036,0.9981201587080135,0.0018798413220793009,10069,9605613,7220,10890
raw_probability_highsens_tta,0.8,30,0.5183599016574092,0.34985547585899085,0.4677704088933309,0.9992651489940573,0.581218875977839,0.9981088443678243,0.0018911556107923388,9804,9605769,7064,11155
raw_probability_highsens_tta,0.8,50,0.5059124843331411,0.3386096724778107,0.44296006488838063,0.9993280856954438,0.589722416311637,0.9981176674771461,0.0018823324935510755,9284,9606374,6459,11675
raw_probability_highsens_tta,0.8,75,0.49334511357468774,0.32744400726379863,0.41294909108239275,0.9994306569145631,0.6126132502826921,0.9981547245362979,0.001845275517553091,8655,9607360,5473,12304
raw_probability_highsens_tta,0.8,100,0.45511707287847925,0.29459648034719954,0.3626127200723495,0.999496610416512,0.6109815901594895,0.9981110241948332,0.0018889758503064513,7600,9607994,4839,13359
raw_probability_highsens_tta,0.8,150,0.39436985146254316,0.24561687000070873,0.2900901760578796,0.9996052152367559,0.615696202531022,0.9980616147826309,0.0019383851904422045,6080,9609038,3795,14879
raw_probability_highsens_tta,0.8,200,0.3481205322022273,0.21074209044218536,0.2428073858484456,0.9996682559657482,0.614762019810806,0.9980216512874671,0.001978348707780242,5089,9609644,3189,15870
raw_probability_highsens_tta,0.81,0,0.5299694348027432,0.3605159289539186,0.4880958060973863,0.9992284272492813,0.5797019323394459,0.9981164218617125,0.0018835781374946237,10230,9605416,7417,10729
raw_probability_highsens_tta,0.81,3,0.5300780136328098,0.3606164262790984,0.4879049572973482,0.9992304037737877,0.5802315024962663,0.9981179788810045,0.0018820210825651884,10226,9605435,7398,10733
raw_probability_highsens_tta,0.81,5,0.529874173044356,0.3604277697383403,0.4872369864972149,0.9992329004363221,0.5806891845783119,0.998119016893866,0.0018809831235557795,10212,9605459,7374,10747
raw_probability_highsens_tta,0.81,10,0.5295481182444252,0.36012611144554885,0.485042225296777,0.9992437193073042,0.5830465703139579,0.998125037368462,0.0018749625887721777,10166,9605563,7270,10793
raw_probability_highsens_tta,0.81,15,0.529341067042763,0.35993462194415865,0.4833245860964343,0.99925256165378,0.5850418712095957,0.9981301236314829,0.001869876403361559,10130,9605648,7185,10829
raw_probability_highsens_tta,0.81,20,0.5257767156024566,0.35664659564600537,0.47759912209529193,0.999260571779411,0.5847645753005113,0.9981256601761789,0.0018743397668004036,10010,9605725,7108,10949
raw_probability_highsens_tta,0.81,30,0.518400594337733,0.34989255014314113,0.4661004818929977,0.9992758638374338,0.5839210998203324,0.9981159028552817,0.0018840971169993281,9769,9605872,6961,11190
raw_probability_highsens_tta,0.81,50,0.5058363631391964,0.33854147608754853,0.441433274488076,0.9993373441523421,0.5922417104080193,0.9981235841504561,0.0018764158012345433,9252,9606463,6370,11707
raw_probability_highsens_tta,0.81,75,0.49047741787653854,0.32492221294667795,0.40855956868151694,0.9994387710677998,0.6134833070636098,0.998153271318292,0.0018467287300154567,8563,9607438,5395,12396
raw_probability_highsens_tta,0.81,100,0.45421708506397745,0.2938427386375769,0.3599885490718259,0.9995091977567894,0.6152654326016347,0.9981178750797184,0.001882124925032258,7545,9608115,4718,13414
raw_probability_highsens_tta,0.81,150,0.3943478967028116,0.24559983815486724,0.2896130540577844,0.9996092723133743,0.6177488296350317,0.9980646250199289,0.0019353749230504036,6070,9609077,3756,14889
raw_probability_highsens_tta,0.81,200,0.3480613782708768,0.21069873522694973,0.24242568824836946,0.9996716888767329,0.6168507951916755,0.9980242463196206,0.001975753577426076,5081,9609677,3156,15878
raw_probability_highsens_tta,0.82,0,0.5298758103568096,0.3604292848792688,0.4855193472968722,0.9992433031968818,0.5831518624638492,0.9981256601761789,0.0018743397668004036,10176,9605559,7274,10783
raw_probability_highsens_tta,0.82,3,0.5299604001665981,0.36050756743332485,0.4852807862968246,0.9992453837489937,0.5837015781919175,0.9981272171954709,0.0018727828282862902,10171,9605579,7254,10788
raw_probability_highsens_tta,0.82,5,0.5298120290949423,0.36037026528572835,0.4848036642967294,0.9992471522182889,0.5840326474304034,0.998127943804474,0.0018720561638474464,10161,9605596,7237,10798
raw_probability_highsens_tta,0.82,10,0.5295749581238145,0.3601509380227261,0.48270432749631054,0.9992580751168767,0.586526755173873,0.9981342756829285,0.0018657243344932795,10117,9605701,7132,10842
raw_probability_highsens_tta,0.82,15,0.5287754673386555,0.3594118066955673,0.4804618540958631,0.9992656691320853,0.5878918792687325,0.9981369745163681,0.0018630254780873656,10070,9605774,7059,10889
raw_probability_highsens_tta,0.82,20,0.5256552233295033,0.3565348022031774,0.4755952096948921,0.9992719107884211,0.5874933694815893,0.9981326148623503,0.0018673851154744625,9968,9605834,6999,10991
raw_probability_highsens_tta,0.82,30,0.5180189785690058,0.349544947659862,0.46361944749250267,0.9992884511777111,0.5868816814636788,0.9981230651440254,0.0018769348971545696,9717,9605993,6840,11242
raw_probability_highsens_tta,0.82,50,0.5058145913328289,0.3385219721721287,0.43995419628778093,0.9993467066368459,0.5948648474288143,0.9981297084263383,0.0018702915403991938,9221,9606553,6280,11738
raw_probability_highsens_tta,0.82,75,0.48861080675840823,0.32328589415837183,0.4042654706806602,0.9994538550706115,0.6174305909781991,0.9981589803890296,0.001841019606217742,8473,9607583,5250,12486
raw_probability_highsens_tta,0.82,100,0.4553898284571884,0.2948250871624966,0.35908201727164507,0.999524801897629,0.6222920456419527,0.9981314730482027,0.001868526916950941,7526,9608265,4568,13433
raw_probability_highsens_tta,0.82,150,0.39400052056207896,0.24533041610945855,0.2888973710576416,0.9996128092519646,0.6193106269810582,0.9980665972443655,0.0019334027310833335,6055,9609111,3722,14904
raw_probability_highsens_tta,0.82,200,0.3476381599257838,0.2103886397607497,0.24175771744823618,0.9996749137325064,0.6185302734367449,0.998026010941485,0.0019739889539778233,5067,9609708,3125,15892
raw_probability_highsens_tta,0.83,0,0.5298027107644226,0.3603616430553284,0.48303831289637716,0.9992577630340599,0.5865925024621435,0.998134690888073,0.0018653090810403228,10124,9605698,7135,10835
raw_probability_highsens_tta,0.83,3,0.5297829445184904,0.36034335375396764,0.48270432749631054,0.9992596355309606,0.5870372519434913,0.9981358327022205,0.0018641672795638442,10117,9605716,7117,10842
raw_probability_highsens_tta,0.83,5,0.5297076391070603,0.3602736797090869,0.4823703420962439,0.999261091917439,0.5873467727876678,0.9981365593112235,0.0018634407315403223,10110,9605730,7103,10849
raw_probability_highsens_tta,0.83,10,0.5291873832634811,0.35979252369867293,0.4798893076957489,0.999272222871238,0.5897736601380381,0.9981422683819612,0.0018577316077426076,10058,9605837,6996,10901
raw_probability_highsens_tta,0.83,15,0.5286057501912695,0.3592550061004955,0.47764683429530147,0.9992814813281361,0.5917366118923089,0.9981466280359791,0.0018533719703555107,10011,9605926,6907,10948
raw_probability_highsens_tta,0.83,20,0.5252750165671239,0.35618506668571154,0.4727324776943209,0.9992865786808104,0.5909578909694674,0.9981410227665275,0.0018589772516861558,9908,9605975,6858,11051
raw_probability_highsens_tta,0.83,30,0.5170360036485172,0.34865040885724413,0.4597547592917316,0.9993051996222124,0.5906221268767449,0.9981313692469166,0.0018686307594180107,9636,9606154,6679,11323
raw_probability_highsens_tta,0.83,50,0.5007186290766997,0.3339724209127889,0.4321771076862292,0.9993588778667007,0.5950988765517409,0.9981249335671759,0.0018750664312392473,9058,9606670,6163,11901
raw_probability_highsens_tta,0.83,75,0.4885059133098666,0.3231940618303018,0.4030249534804127,0.99946144908582,0.6200088079854521,0.9981638590494782,0.0018361409893259406,8447,9607656,5177,12512
raw_probability_highsens_tta,0.83,100,0.4512321265590353,0.2913491003377499,0.3538336752705979,0.9995323959128376,0.6226177482993681,0.9981276324006155,0.0018723675748333335,7416,9608338,4495,13543
raw_probability_highsens_tta,0.83,150,0.3935965570081205,0.24501725187731072,0.2879908392574608,0.9996175945218221,0.621499176276131,0.9980693998790913,0.0019306001486256719,6036,9609157,3676,14923
raw_probability_highsens_tta,0.83,200,0.34725229405081376,0.2101060511539987,0.24104203444809338,0.9996789708091247,0.6207913492250912,0.9980285021723524,0.0019714978989213705,5052,9609747,3086,15907
raw_probability_highsens_tta,0.84,0,0.5300773643491054,0.3606158252773503,0.48055727849588215,0.9992748235613779,0.5909757671767933,0.9981463166321206,0.0018536833813413978,10072,9605862,6971,10887
raw_probability_highsens_tta,0.84,3,0.5300639995784641,0.36060345445411,0.4801278686957965,0.9992773202239122,0.5915931804817216,0.9981478736514128,0.0018521263264119625,10063,9605886,6947,10896
raw_probability_highsens_tta,0.84,5,0.5299604743081607,0.36050763605063435,0.47979388329572986,0.9992785685551794,0.5918427402739145,0.9981483926578434,0.001851607346907258,10056,9605898,6935,10903
raw_probability_highsens_tta,0.84,10,0.529542449087403,0.3601208676569804,0.47764683429530147,0.9992884511777111,0.5940893715502973,0.9981535827221504,0.0018464173190295696,10011,9605993,6840,10948
raw_probability_highsens_tta,0.84,15,0.5284671532845313,0.35912698412685456,0.47497495109476834,0.9992966693585533,0.5955372098584616,0.9981559701517316,0.0018440298736095428,9955,9606072,6761,11004
raw_probability_highsens_tta,0.84,20,0.5248374373732745,0.3557827799254414,0.46982203349374024,0.9993011425455941,0.5944461213398162,0.9981492230681326,0.0018507769564166665,9847,9606115,6718,11112
raw_probability_highsens_tta,0.84,30,0.5176876617772548,0.349243306169838,0.45803712009138886,0.999320803763052,0.5952011904020118,0.9981432025935365,0.0018567973747849464,9600,9606304,6529,11359
raw_probability_highsens_tta,0.84,50,0.4993604360156556,0.3327650743059212,0.42840784388547715,0.9993733377038788,0.5984803039388132,0.9981311616443442,0.0018688383279368281,8979,9606809,6024,11980
raw_probability_highsens_tta,0.84,75,0.48892115580064216,0.3235576738285261,0.4016412996801366,0.9994738283708862,0.6246660730182363,0.9981732011652308,0.0018267988925799727,8418,9607775,5058,12541
raw_probability_highsens_tta,0.84,100,0.4516365412797839,0.2916863858651634,0.3528794312704075,0.9995425906181862,0.6271517001605806,0.9981357289009344,0.0018642711220309138,7396,9608436,4397,13563
raw_probability_highsens_tta,0.84,150,0.3939562416193891,0.24529608210464882,0.287370580657337,0.9996260207578755,0.6262216677057327,0.9980764583665488,0.0019235416548326612,6023,9609238,3595,14936
raw_probability_highsens_tta,0.84,200,0.34415764640565355,0.20784445189397927,0.23665251204721757,0.9996977998057379,0.6306420851867379,0.9980377404868188,0.0019622594118118286,4960,9609928,2905,15999
raw_probability_highsens_tta,0.85,0,0.5298535089109605,0.36040864779295645,0.4780285318953776,0.9992884511777111,0.5942819858825586,0.9981544131324395,0.0018455868121236563,10019,9605993,6840,10940
raw_probability_highsens_tta,0.85,3,0.5298756284730008,0.3604291165669377,0.47769454649531096,0.9992906357574287,0.5948547323387826,0.9981558663504455,0.0018441335996612906,10012,9606014,6819,10947
raw_probability_highsens_tta,0.85,5,0.5297950103287966,0.36035451794193674,0.47721742449521576,0.9992929243647518,0.5953925828914843,0.9981571119658791,0.0018428880721330643,10002,9606036,6797,10957
raw_probability_highsens_tta,0.85,10,0.5292820907809808,0.3598800881278723,0.47540436089485405,0.9993001022695381,0.5969326623528655,0.9981603298057494,0.001839670236222446,9964,9606105,6728,10995
raw_probability_highsens_tta,0.85,15,0.5273406241663038,0.3580873030246846,0.47163509709410195,0.9993086325331971,0.5979674550840252,0.9981606412096079,0.001839358825236559,9885,9606187,6646,11074
raw_probability_highsens_tta,0.85,20,0.5248287671231473,0.35577481137537875,0.46796125769336894,0.9993124815546042,0.5974294938170205,0.9981564891581624,0.0018435108941048384,9808,9606224,6609,11151
raw_probability_highsens_tta,0.85,30,0.5175897088691895,0.34915415250818477,0.45593778329097,0.9993331830481181,0.5985218589498944,0.9981509876899969,0.0018490123329684138,9556,9606423,6410,11403
raw_probability_highsens_tta,0.85,50,0.49847548183152024,0.33197958195151384,0.4251157020848203,0.9993883176790849,0.6024340770787001,0.9981389467408047,0.0018610532861202955,8910,9606953,5880,12049
raw_probability_highsens_tta,0.85,75,0.4889949924302758,0.32362235067424905,0.4006870556799462,0.9994807982204612,0.6272313092832719,0.9981780798256793,0.0018219201592728496,8398,9607842,4991,12561
raw_probability_highsens_tta,0.85,100,0.4476631785680033,0.288380184240585,0.3480127868694365,0.9995491443573389,0.6272789817676063,0.998131680650775,0.0018683193484321237,7294,9608499,4334,13665
raw_probability_highsens_tta,0.85,150,0.3939602371358966,0.24529918016060476,0.2869411708572513,0.9996298697792826,0.6282908483069073,0.9980793648025607,0.00192063522990793,6014,9609275,3558,14945
raw_probability_highsens_tta,0.85,200,0.3374842591295867,0.20299612859779373,0.2301636528459229,0.9997082025662977,0.6323240267392419,0.9980340036405178,0.0019659963436424732,4824,9610028,2805,16135
raw_probability_highsens_tta,0.86,0,0.5299776761984347,0.3605235564231983,0.4757383462949207,0.999303223097706,0.5981762553238957,0.9981641704533366,0.0018358295783400536,9971,9606135,6698,10988
raw_probability_highsens_tta,0.86,3,0.5299436230186869,0.36049204052085365,0.47540436089485405,0.9993049915670011,0.5986182036644045,0.998165208466198,0.0018347915029153228,9964,9606152,6681,10995
raw_probability_highsens_tta,0.86,5,0.5297734713976283,0.3603345886441337,0.4747841022947303,0.9993074882295355,0.5991690751441479,0.9981663502803455,0.0018336497014388442,9951,9606176,6657,11008
raw_probability_highsens_tta,0.86,10,0.5292296193474644,0.359831572833729,0.4729710386943685,0.9993144580791106,0.600678664484881,0.9981693605176436,0.0018306394340470433,9913,9606243,6590,11046
raw_probability_highsens_tta,0.86,15,0.5275961847603345,0.35832302205387645,0.4697743212937307,0.999321844039108,0.6016498625110897,0.9981697757227882,0.0018302242970094085,9846,9606314,6519,11113
raw_probability_highsens_tta,0.86,20,0.5248822500335016,0.35582396730391336,0.4652416622928263,0.9993295420819223,0.6020622375891566,0.9981675958957792,0.001832404057495296,9751,9606388,6445,11208
raw_probability_highsens_tta,0.86,30,0.5185871074918929,0.35006250459579746,0.4542678562906368,0.9993509717686754,0.6041243654818501,0.9981651046649119,0.0018348953453823924,9521,9606594,6239,11438
raw_probability_highsens_tta,0.86,50,0.49851215540943844,0.33201211531977265,0.42363662388452517,0.9993983043292223,0.605537748072969,0.9981456938244038,0.0018543062033131719,8879,9607049,5784,12080
raw_probability_highsens_tta,0.86,75,0.48886163907608865,0.32350554503639106,0.3994465384796987,0.9994881841804586,0.6298525428824632,0.9981827508835556,0.0018172491108998656,8372,9607913,4920,12587
raw_probability_highsens_tta,0.86,100,0.44753437721092454,0.28827329290996384,0.3470585428692461,0.9995553860136747,0.6298926220985193,0.9981358327022205,0.0018641672795638442,7274,9608559,4274,13685
raw_probability_highsens_tta,0.86,150,0.38854994558573075,0.2411182056318594,0.2810725702560804,0.9996387121257584,0.6291114908152188,0.9980754203536873,0.00192457961384207,5891,9609360,3473,15068
raw_probability_highsens_tta,0.86,200,0.3374894928550233,0.2029999157326186,0.2298773796458658,0.9997113233944656,0.634531805609595,0.9980364948713851,0.001963505055755377,4818,9610058,2775,16141
raw_probability_highsens_tta,0.87,0,0.5303026256041747,0.36082436754857483,0.4736390094945018,0.9993183071005177,0.6023665048540033,0.9981746543832367,0.0018253455637022853,9927,9606280,6553,11032
raw_probability_highsens_tta,0.87,3,0.5302325581393932,0.3607594936707548,0.4732095996944161,0.9993203876526296,0.6028812838121677,0.9981757961973843,0.0018242037622258067,9918,9606300,6533,11041
raw_probability_highsens_tta,0.87,5,0.529951574497544,0.36049939941019893,0.47254162889428286,0.9993223641771359,0.6032403459613819,0.9981763152038149,0.0018236847827211022,9904,9606319,6514,11055
raw_probability_highsens_tta,0.87,10,0.5294795828081268,0.3600627210734201,0.47111026289399727,0.9993275655574159,0.6043579385478,0.9981783912295378,0.0018216087482869625,9874,9606369,6464,11085
raw_probability_highsens_tta,0.87,15,0.5278780369550914,0.35858308632474895,0.4675318478932833,0.9993375522075533,0.6061112142013941,0.9981805710565467,0.001819428987801075,9799,9606465,6368,11160
raw_probability_highsens_tta,0.87,20,0.5251722740168828,0.3560905892698783,0.46361944749250267,0.9993416092841716,0.6055714819889034,0.9981761076012426,0.0018238923512399197,9717,9606504,6329,11242
raw_probability_highsens_tta,0.87,30,0.5183319186220207,0.349829982258889,0.4515959730901037,0.9993657436886703,0.6082123120417631,0.9981740315755199,0.0018259683856740594,9465,9606736,6097,11494
raw_probability_highsens_tta,0.87,50,0.49845945105562983,0.33196536144565814,0.42067846748393495,0.9994173413810467,0.6115272575942492,0.9981582537800266,0.0018417462706565857,8817,9607232,5601,12142
raw_probability_highsens_tta,0.87,75,0.48926007325992993,0.3238545990610529,0.39830144567947023,0.9994987949962296,0.634057420628411,0.9981908473838744,0.001809152658097446,8348,9608015,4818,12611
raw_probability_highsens_tta,0.87,100,0.4492399145482989,0.28969014534407855,0.34615201106906524,0.9995750472311327,0.6397707231034923,0.9981534789208643,0.0018465210450813174,7255,9608748,4085,13704
raw_probability_highsens_tta,0.87,150,0.39057776005834394,0.24268197019105622,0.28045231165595663,0.9996606619505395,0.6431072210058609,0.998095973008343,0.001904026954434812,5878,9609571,3262,15081
raw_probability_highsens_tta,0.87,200,0.33722766024617157,0.20281048233945106,0.22930483324575154,0.9997151724158727,0.6370625662769922,0.9980390899035386,0.0019609101582318544,4806,9610095,2738,16153
raw_probability_highsens_tta,0.88,0,0.5298493433948681,0.36040479321921653,0.47068085309391156,0.9993328709653013,0.6060326821473117,0.9981827508835556,0.0018172491108998656,9865,9606420,6413,11094
raw_probability_highsens_tta,0.88,3,0.529757906332985,0.36032018714121117,0.47034686769384493,0.9993342233241741,0.6063476442363105,0.9981833736912724,0.0018166262889280915,9858,9606433,6400,11101
raw_probability_highsens_tta,0.88,5,0.5294718726469482,0.3600555900960538,0.4697266090937212,0.9993358877658637,0.6066301065989237,0.9981836850951309,0.0018163148779422045,9845,9606449,6384,11114
raw_probability_highsens_tta,0.88,10,0.5286110886497591,0.35925993771739906,0.4678658332933499,0.9993408810909323,0.6074835831987315,0.9981846193067061,0.0018153806449845433,9806,9606497,6336,11153
raw_probability_highsens_tta,0.88,15,0.5273755717338691,0.35811953245594424,0.4648599646927502,0.9993501395478306,0.6093183239520892,0.9981873181401457,0.0018126819049939513,9743,9606586,6247,11216
raw_probability_highsens_tta,0.88,20,0.5249232608044645,0.35586166255373436,0.4609952764919791,0.9993558610661384,0.6094361044527504,0.9981846193067061,0.0018153806449845433,9662,9606641,6192,11297
raw_probability_highsens_tta,0.88,30,0.5175206611568822,0.34909131452768827,0.44816069468941827,0.9993812438019043,0.6122808161132831,0.9981820242745526,0.0018179757753387094,9393,9606885,5948,11566
raw_probability_highsens_tta,0.88,50,0.49822649754533127,0.331758748393798,0.41886540388357324,0.9994275360863952,0.6146898193526014,0.9981644818571951,0.0018355181673541665,8779,9607330,5503,12180
raw_probability_highsens_tta,0.88,75,0.489032637459427,0.3236553280920356,0.3967746552791656,0.9995074292874941,0.637192552294355,0.9981961412494675,0.001803858787752688,8316,9608098,4735,12643
raw_probability_highsens_tta,0.88,100,0.4487139565297226,0.28925288048484915,0.34376640106858924,0.9995890909578884,0.6458987001338897,0.9981623020301861,0.001837697927840054,7205,9608883,3950,13754
raw_probability_highsens_tta,0.88,150,0.3905053598773585,0.24262607040903378,0.27983205305583286,0.9996656552756082,0.6459962550934618,0.9980996060533579,0.001900393981486559,5865,9609619,3214,15094
raw_probability_highsens_tta,0.88,200,0.3371055036197592,0.20272212359447006,0.22882771124565635,0.999719229492491,0.6398932621739294,0.9980421001408366,0.0019578998908400536,4796,9610134,2699,16163
raw_probability_highsens_tta,0.89,0,0.5299967571071965,0.36054121626576935,0.4678658332933499,0.9993509717686754,0.6111561234025483,0.9981946880314616,0.0018053120002150536,9806,9606594,6239,11153
raw_probability_highsens_tta,0.89,3,0.5298539751215442,0.3604090792037816,0.46743642349326425,0.9993525321827593,0.6115098932647078,0.9981953108391785,0.0018046891782432795,9797,9606609,6224,11162
raw_probability_highsens_tta,0.89,5,0.5295741111530576,0.3601501545707492,0.4669115892931595,0.9993536764864209,0.6116632289514271,0.9981953108391785,0.0018046891782432795,9786,9606620,6213,11173
raw_probability_highsens_tta,0.89,10,0.5283469481910256,0.3590159701986652,0.4644305548926645,0.9993598141151512,0.6126636455182448,0.9981960374481814,0.0018039625138044357,9734,9606679,6154,11225
raw_probability_highsens_tta,0.89,15,0.5276998883835985,0.3584186975332427,0.4624266424922647,0.9993673041027542,0.6144288068970366,0.9981991514867656,0.001800848520360887,9692,9606751,6082,11267
raw_probability_highsens_tta,0.89,20,0.525068268705482,0.355994964081924,0.4587050908915221,0.9993709450689501,0.6138816167546045,0.9981946880314616,0.0018053120002150536,9614,9606786,6047,11345
raw_probability_highsens_tta,0.89,30,0.5168607875761185,0.34849108111127164,0.4446299918887138,0.9993985123844334,0.6171114495724673,0.9981915739928774,0.0018084259936586022,9319,9607051,5782,11640
raw_probability_highsens_tta,0.89,50,0.49842578281513017,0.33193549616852885,0.4154301254828878,0.9994515664632883,0.6228628657267166,0.9981809862616912,0.0018190137343481183,8707,9607561,5272,12252
raw_probability_highsens_tta,0.89,75,0.4900011832917732,0.3245043491888079,0.39515244047884196,0.999525322035657,0.6447644998048697,0.9982104658269548,0.0017895341152325273,8282,9608270,4563,12677
raw_probability_highsens_tta,0.89,100,0.4487411757354755,0.2892755023960818,0.3427167326683798,0.9995972051111249,0.6497512437805067,0.9981681149022099,0.0018318850779905915,7183,9608961,3872,13776
raw_probability_highsens_tta,0.89,150,0.3905353090373813,0.24264919338106306,0.2791640822556996,0.999671896931944,0.6497501388110496,0.9981043809125203,0.0018956190906465054,5851,9609679,3154,15108
raw_probability_highsens_tta,0.89,200,0.337065990562597,0.20269354565466596,0.22835058924556115,0.9997240147623485,0.6433660438222296,0.9980458369871377,0.001954162959009409,4786,9610180,2653,16173
raw_probability_highsens_tta,0.9,0,0.5300051662722545,0.36054899929696993,0.4650031012927787,0.9993683443788102,0.6161335187756883,0.9982057947690786,0.001794205280020833,9746,9606761,6072,11213
raw_probability_highsens_tta,0.9,3,0.5299349889833447,0.3604840500331728,0.4647645402927311,0.9993692806272605,0.6163629460892075,0.998206209974223,0.0017937900265678763,9741,9606770,6063,11218
raw_probability_highsens_tta,0.9,5,0.5297400299440508,0.36030364747255683,0.46423970609262644,0.9993710490965557,0.6167596348880472,0.9982068327819399,0.0017931672045961022,9730,9606787,6046,11229
raw_probability_highsens_tta,0.9,10,0.5286006825937124,0.3592503247354391,0.46185409609215045,0.9993772907528915,0.6178986339840304,0.9982078707948013,0.0017921292455866933,9680,9606847,5986,11279
raw_probability_highsens_tta,0.9,15,0.527875136911137,0.3585804099548534,0.4598978958917601,0.9993839485196498,0.6194331983801687,0.9982102582243826,0.0017897418001666665,9639,9606911,5922,11320
raw_probability_highsens_tta,0.9,20,0.5239089809825976,0.3549299970210177,0.4547926904907415,0.9993865492097898,0.6177976537684764,0.9982017465189191,0.0017982535064220428,9532,9606936,5897,11427
raw_probability_highsens_tta,0.9,30,0.515628921172095,0.34737198031320304,0.4411470012880189,0.9994114118075276,0.6203703703699541,0.9981968678584705,0.0018031321233138442,9246,9607175,5658,11713
raw_probability_highsens_tta,0.9,50,0.4966906474818715,0.3303981623275917,0.4117562860821548,0.9994631135275096,0.6257704299901198,0.99818451550542,0.001815484487451613,8630,9607672,5161,12329
raw_probability_highsens_tta,0.9,75,0.4882992994483565,0.32301321238401776,0.39076291807796615,0.9995426946457918,0.6507230255834652,0.9982182509234153,0.0017817490734159946,8190,9608437,4396,12769
raw_probability_highsens_tta,0.9,100,0.44455613494991375,0.28580660796498675,0.3376115272673612,0.9996047991263336,0.6506666666660683,0.9981645856584812,0.0018354143248870969,7076,9609034,3799,13883
raw_probability_highsens_tta,0.9,150,0.3906108937705585,0.24270755422577797,0.2786869602556044,0.9996767862294071,0.6527715690649835,0.9981082215601075,0.001891778432764113,5841,9609726,3107,15118
raw_probability_highsens_tta,0.9,200,0.337082613447926,0.2027055680419818,0.22806431604550403,0.999727239618122,0.6457714131307136,0.9980484320192912,0.0019515679450705647,4780,9610211,2622,16179
raw_probability_highsens_tta,0.91,0,0.5299491275092911,0.3604971347769738,0.4622357936922266,0.999384676712889,0.6209062359798623,0.9982160710964063,0.001783928950317204,9688,9606918,5915,11271
raw_probability_highsens_tta,0.91,3,0.5299075138180568,0.36045862338519136,0.461997232692179,0.9993858210165506,0.6212228138829657,0.9982166939041232,0.00178330612834543,9683,9606929,5904,11276
raw_probability_highsens_tta,0.91,5,0.5298419567776357,0.360397958042866,0.4614723984920743,0.999388525734296,0.6219935691314328,0.9982182509234153,0.0017817490734159946,9672,9606955,5878,11287
raw_probability_highsens_tta,0.91,10,0.5287009063442657,0.3593429158109541,0.45922992509162686,0.9993939351697871,0.6229370267292583,0.9982187699298459,0.0017812300939112902,9625,9607007,5826,11334
raw_probability_highsens_tta,0.91,15,0.5280264426386095,0.35872005988010525,0.45732143709124606,0.999400696964151,0.6245927277462371,0.9982213649619994,0.001778635079972446,9585,9607072,5761,11374
raw_probability_highsens_tta,0.91,20,0.5229423811367347,0.35404331859388666,0.45078486568994186,0.9994042339027414,0.622602965403214,0.9982106734295271,0.0017893265467137098,9448,9607106,5727,11511
raw_probability_highsens_tta,0.91,30,0.5158596727189768,0.3475814673562861,0.4391908010876286,0.9994253515066777,0.6249575667047151,0.9982065213780815,0.0017934786155819893,9205,9607309,5524,11754
raw_probability_highsens_tta,0.91,50,0.4958404591435996,0.3296461882369808,0.4080824466814218,0.9994812143308835,0.6316838995564019,0.9981945842301755,0.0018054157262668014,8553,9607846,4987,12406
raw_probability_highsens_tta,0.91,75,0.4881974569931225,0.32292408770667186,0.389283839877671,0.99955195310269,0.6545002406540554,0.9982242713980114,0.0017757286550477147,8159,9608526,4307,12800
raw_probability_highsens_tta,0.91,100,0.444255372786146,0.2855580311929165,0.3363232978671042,0.9996123931415423,0.6541995359622699,0.9981693605176436,0.0018306394340470433,7049,9609107,3726,13910
raw_probability_highsens_tta,0.91,150,0.3904841682022481,0.24260970938452717,0.27801898945547115,0.9996817795544758,0.6557506189504211,0.9981117508038362,0.0018882491858676076,5827,9609774,3059,15132
raw_probability_highsens_tta,0.91,200,0.3369476918728722,0.2026079938834462,0.22758719404540884,0.9997311926671347,0.6486265977690391,0.998051338455303,0.0019486615201458335,4770,9610249,2584,16189
raw_probability_highsens_tta,0.92,0,0.5294571507300828,0.36004197429061197,0.4583711054914555,0.9994045459855582,0.6266388363442523,0.9982274892378817,0.0017725108191370964,9607,9607109,5724,11352
raw_probability_highsens_tta,0.92,3,0.5294620453854663,0.360046501162394,0.4580848322913984,0.9994063144548533,0.6271883982227415,0.9982286310520292,0.001771368901245296,9601,9607126,5707,11358
raw_probability_highsens_tta,0.92,5,0.5294150110373815,0.36000300221399784,0.45770313469132223,0.9994082909793597,0.6277730515014542,0.9982297728661768,0.0017702270997688174,9593,9607145,5688,11366
raw_probability_highsens_tta,0.92,10,0.5282517908010819,0.35892810162725636,0.45565151009091287,0.9994124520835835,0.6283721542304064,0.9982294614623184,0.0017705385107547045,9550,9607185,5648,11409
raw_probability_highsens_tta,0.92,15,0.5270079067830415,0.35778054017389616,0.45317047569041785,0.9994186937399194,0.6295903486672215,0.9982302918726075,0.001769708120264113,9498,9607245,5588,11461
raw_probability_highsens_tta,0.92,20,0.5218435754188487,0.3530367738764303,0.44567966028892325,0.999427848169212,0.6294050266150331,0.9982231295838638,0.0017768704565241933,9341,9607333,5500,11618
raw_probability_highsens_tta,0.92,30,0.514849804830991,0.34666514303114054,0.43422873228663855,0.9994492778559652,0.6322334143795538,0.9982196003401351,0.0017803997034206986,9101,9607539,5294,11858
raw_probability_highsens_tta,0.92,50,0.495513343433022,0.3293570875289197,0.4057445488809553,0.9994943218091888,0.6362888140661157,0.9982025769292082,0.0017974231159314513,8504,9607972,4861,12455
raw_probability_highsens_tta,0.92,75,0.48780341264104554,0.3225793635025934,0.3873753518772902,0.999562043780433,0.6585286722356569,0.9982301880713214,0.0017698119627311826,8119,9608623,4210,12840
raw_probability_highsens_tta,0.92,100,0.4437559279163946,0.28514545750029047,0.33484421966680905,0.9996199871567508,0.6576703214313019,0.9981737201716615,0.0018262797966599464,7018,9609180,3653,13941
raw_probability_highsens_tta,0.92,150,0.3901373912457959,0.2423420415657114,0.27706474545528076,0.9996876051003893,0.6591373439266071,0.9981154876501372,0.0018845123704522848,5807,9609830,3003,15152
raw_probability_highsens_tta,0.92,200,0.33029158052315877,0.19781392767166311,0.22105062264410466,0.9997438840350177,0.652995066947635,0.998049781436011,0.0019502185750752687,4633,9610371,2462,16326
raw_probability_highsens_tta,0.93,0,0.5284349661222569,0.35909725629302974,0.4539815830905797,0.9994238951201992,0.6320999136380574,0.9982372465587788,0.0017627534689381719,9515,9607295,5538,11444
raw_probability_highsens_tta,0.93,3,0.5284360847941187,0.3590982894685802,0.4537430220905321,0.9994253515066777,0.6325661833173921,0.9982381807703541,0.0017618192359805107,9510,9607309,5524,11449
raw_probability_highsens_tta,0.93,5,0.5280164622784328,0.35871084747029935,0.4529796268903798,0.9994270159483672,0.6328489534724484,0.9982381807703541,0.0017618192359805107,9494,9607325,5508,11465
raw_probability_highsens_tta,0.93,10,0.527245867826037,0.357999924296772,0.45126198769003706,0.9994320092734359,0.6339991956022026,0.9982394263857878,0.0017605735920369625,9458,9607373,5460,11501
raw_probability_highsens_tta,0.93,15,0.525073416305265,0.35599969660180675,0.4478744214893612,0.9994373146813214,0.6344282238438534,0.9982373503600649,0.0017626496264711022,9387,9607424,5409,11572
raw_probability_highsens_tta,0.93,20,0.5204916879973783,0.35180044868612803,0.441433274488076,0.9994444925861076,0.6340460526311444,0.9982304994751797,0.0017695005517452955,9252,9607493,5340,11707
raw_probability_highsens_tta,0.93,30,0.5143377851181723,0.3462010273708709,0.43088887828597217,0.9994666504661,0.637872580872554,0.9982296690648906,0.001770330942235887,9031,9607706,5127,11928
raw_probability_highsens_tta,0.93,50,0.4974227563251459,0.331046379425126,0.4028818168803841,0.999526882449741,0.6499384236448199,0.9982288386546015,0.0017711613327264786,8444,9608285,4548,12515
raw_probability_highsens_tta,0.93,75,0.48042444200497614,0.31615699494328753,0.375876711674996,0.999588154709438,0.6655402551316503,0.9982312260841827,0.0017687738873064518,7878,9608874,3959,13081
raw_probability_highsens_tta,0.93,100,0.4394581673305372,0.28160614353977304,0.3289279068656286,0.9996336147730841,0.6618663594463692,0.9981744467806645,0.0018255532486364245,6894,9609311,3522,14065
raw_probability_highsens_tta,0.93,150,0.39017808958432604,0.2423734495473339,0.2759673648550618,0.9996977998057379,0.6656692369655131,0.9981232727465976,0.0018767272122204304,5784,9609928,2905,15175
raw_probability_highsens_tta,0.93,200,0.33254122560656274,0.1994299533597342,0.22033493964396186,0.999771451350501,0.6776228906813241,0.9980757317575458,0.001924268202856183,4618,9610636,2197,16341
raw_probability_highsens_tta,0.94,0,0.5272594833864159,0.35801247907458605,0.44897180208958015,0.9994460530001916,0.6386155412279344,0.9982484570976818,0.0017515429062768817,9410,9607508,5325,11549
raw_probability_highsens_tta,0.94,3,0.5272304285672766,0.3579856881850038,0.44873324108953255,0.9994473013314588,0.639013452914364,0.9982491837066848,0.001750816241838038,9405,9607520,5313,11554
raw_probability_highsens_tta,0.94,5,0.5270569753413956,0.357825772292554,0.4482084068894278,0.9994492778559652,0.6395697167751636,0.998250014116974,0.0017499858513474464,9394,9607539,5294,11565
raw_probability_highsens_tta,0.94,10,0.5261026102608781,0.3569465648853599,0.446204494489028,0.9994547913190618,0.6408552045496876,0.9982511559311215,0.0017488440498709679,9352,9607592,5241,11607
raw_probability_highsens_tta,0.94,15,0.5236455981939833,0.35468827644189643,0.44272150388833303,0.9994588483956801,0.64077066500888,0.9982476266873928,0.0017523732967674732,9279,9607631,5202,11680
raw_probability_highsens_tta,0.94,20,0.5201623201564971,0.35149957812366667,0.4372823130872478,0.9994678987973671,0.6418067226886262,0.998244824052667,0.0017551759956404567,9165,9607718,5115,11794
raw_probability_highsens_tta,0.94,30,0.5139674427950637,0.34586553323016,0.4270719022852106,0.9994880801528531,0.6452566320641253,0.9982427480269442,0.0017572520300745964,8951,9607912,4921,12008
raw_probability_highsens_tta,0.94,50,0.49722609546963625,0.33087219173201293,0.39982823607977486,0.9995456074187485,0.6573580169433186,0.9982408796037937,0.0017591203795745969,8380,9608465,4368,12579
raw_probability_highsens_tta,0.94,75,0.47237390097162657,0.3092208893734362,0.36528460327288265,0.999604695098728,0.6682960893848915,0.9982246866031559,0.001775313401594758,7656,9609033,3800,13303
raw_probability_highsens_tta,0.94,100,0.43605546995363503,0.2788177339900333,0.3240612624646576,0.9996462021133614,0.666339644853658,0.9981764190051011,0.0018235809402540326,6792,9609432,3401,14167
raw_probability_highsens_tta,0.94,150,0.3861116778887349,0.23924312023252592,0.2708621594540432,0.9997118435324935,0.672072925298127,0.9981261791826096,0.0018738207872956991,5677,9610063,2770,15282
raw_probability_highsens_tta,0.94,200,0.332323013639196,0.1992730105152974,0.2197146810438381,0.9997763406479641,0.6817172464830766,0.9980792610012745,0.0019207389559596777,4605,9610683,2150,16354
raw_probability_highsens_tta,0.95,0,0.5259250864168058,0.35678314688795726,0.4428169282883521,0.9994742444813085,0.64743634461064,0.9982631968803136,0.0017368030967190862,9281,9607779,5054,11678
raw_probability_highsens_tta,0.95,3,0.525907029478309,0.35676652693906213,0.442626079488314,0.9994752847573646,0.6477899588013073,0.9982638196880305,0.001736180274747312,9277,9607789,5044,11682
raw_probability_highsens_tta,0.95,5,0.5255930087389271,0.3564775613885165,0.4419103964881712,0.999477469337082,0.6483724186204771,0.9982644424957473,0.001735557452775538,9262,9607810,5023,11697
raw_probability_highsens_tta,0.95,10,0.5250760959233849,0.3560021601603317,0.44033589388785704,0.9994835029382068,0.6502043116805338,0.9982670375279008,0.0017329624388366938,9229,9607868,4965,11730
raw_probability_highsens_tta,0.95,15,0.5217366434044955,0.3529389002823384,0.43518297628682895,0.9994919291742601,0.6512674044979284,0.9982642348931751,0.0017357651377096772,9121,9607949,4884,11838
raw_probability_highsens_tta,0.95,20,0.5193845095846531,0.3507895959125442,0.4324156686862768,0.9994926573674994,0.6501434720224891,0.998258941027582,0.0017410590080544353,9063,9607956,4877,11896
raw_probability_highsens_tta,0.95,30,0.5138618181816688,0.3457698782443935,0.42139415048407775,0.9995231374559395,0.6583184257597955,0.9982653767073226,0.0017346233362331986,8832,9608249,4584,12127
raw_probability_highsens_tta,0.95,50,0.4967437952040765,0.33044519864231164,0.3948661672787848,0.999574943203527,0.6694709593911425,0.9982593562327265,0.0017406437546014786,8276,9608747,4086,12683
raw_probability_highsens_tta,0.95,75,0.4538989237836069,0.2935764878285868,0.34410038646865587,0.9996247724266083,0.6666050466765259,0.9981986324803349,0.0018013674998655915,7212,9609226,3607,13747
raw_probability_highsens_tta,0.95,100,0.43603766868372024,0.27880317828162604,0.321437091464134,0.9996665915240586,0.6776302554811128,0.9981910549864468,0.0018089449731633067,6737,9609628,3205,14222
raw_probability_highsens_tta,0.95,150,0.3846075050362329,0.23808919890076596,0.2687151104536148,0.9997195415753077,0.6762728146005328,0.9981291894199076,0.00187081063631922,5632,9610137,2696,15327
raw_probability_highsens_tta,0.95,200,0.33135495078158245,0.19857725340496288,0.21842645164358107,0.999782062166272,0.6860482541575212,0.9980821674372865,0.0019178325310349464,4578,9610738,2095,16381
lung_constrained_probability_highsens_tta,0.05,0,0.3018399192608935,0.1777452683551016,0.6492676177295437,0.9942160651287701,0.19662466766844924,0.9934656052362342,0.006534394808113575,13608,9557233,55600,7351
lung_constrained_probability_highsens_tta,0.05,3,0.30270053743695935,0.1783424458167567,0.6489813445294866,0.9942462331343934,0.1973821685627761,0.9934950848014977,0.006504915188997984,13602,9557523,55310,7357
lung_constrained_probability_highsens_tta,0.05,5,0.3036173112585402,0.1789792558445599,0.6483610859293628,0.9942820186307191,0.19822040697247492,0.9935294430272099,0.00647055683657527,13589,9557867,54966,7370
lung_constrained_probability_highsens_tta,0.05,10,0.3062318971759248,0.18079918771957879,0.6456892027288298,0.9943937442791309,0.20071190211342965,0.9936351127364998,0.006364887114614248,13533,9558941,53892,7426
lung_constrained_probability_highsens_tta,0.05,15,0.3095920566855111,0.1831463570139611,0.6441624123285251,0.9945117115838786,0.20376099850583262,0.9937495017538256,0.006250498350709677,13501,9560075,52758,7458
lung_constrained_probability_highsens_tta,0.05,20,0.31162579790013467,0.18457152301460147,0.6393911923275731,0.9946272862536976,0.20601709506822563,0.9938544448541126,0.006145555060356855,13401,9561186,51647,7558
lung_constrained_probability_highsens_tta,0.05,30,0.314649394403085,0.18669669881041928,0.6327591965262499,0.9947907136220915,0.20938457166310756,0.9940030882958643,0.005996911786496639,13262,9562757,50076,7697
lung_constrained_probability_highsens_tta,0.05,50,0.3216739847683856,0.19166358731798216,0.6186840975234416,0.9951423269290115,0.21733737827460617,0.9943233152636045,0.0056766849011182785,12967,9566137,46696,7992
lung_constrained_probability_highsens_tta,0.05,75,0.31875438277532675,0.18959417916670177,0.5855718307168349,0.9954462955925678,0.21897693007650385,0.9945545845291232,0.005445415619760752,12273,9569059,43774,8686
lung_constrained_probability_highsens_tta,0.05,100,0.31484662576682826,0.18683559050528506,0.5509327735099236,0.9957510964769689,0.22040045045900625,0.9947833625637745,0.005216637626290321,11547,9571989,40844,9412
lung_constrained_probability_highsens_tta,0.05,150,0.3024974553393172,0.1782014738598133,0.4891931866976052,0.9961949822700541,0.21894084988250717,0.9950919637874671,0.004908036440610886,10253,9576256,36577,10706
lung_constrained_probability_highsens_tta,0.05,200,0.2918604840946822,0.17086454670536408,0.4265947802851154,0.9967367580400066,0.2218060034730286,0.9954963735982665,0.004503626376390457,8941,9581464,31369,12018
lung_constrained_probability_highsens_tta,0.06,0,0.3284842455199126,0.19651878520408275,0.6458800515288678,0.9950144770017321,0.2202499105137776,0.9942549102160386,0.005745089612901211,13537,9564908,47925,7422
lung_constrained_probability_highsens_tta,0.06,3,0.3295466997844505,0.19727980407589182,0.6456892027288298,0.995044228896933,0.22122866671022345,0.9942841821787299,0.005715817678719759,13533,9565194,47639,7426
lung_constrained_probability_highsens_tta,0.06,5,0.3303164657456878,0.19783178007634156,0.645164368528725,0.9950699237155156,0.22198509373867717,0.9943086792822589,0.005691320635378361,13522,9565441,47392,7437
lung_constrained_probability_highsens_tta,0.06,10,0.3330160574557359,0.1997716048466935,0.64268333412823,0.9951660452230878,0.22473222329736983,0.9943991940037724,0.00560080586001277,13470,9566365,46468,7489
lung_constrained_probability_highsens_tta,0.06,15,0.33644531886360274,0.20224482109224826,0.640488572927792,0.9952754822641765,0.22814411964646023,0.9945036180976287,0.0054963817819952965,13424,9567417,45416,7535
lung_constrained_probability_highsens_tta,0.06,20,0.33843219530798674,0.2036824463932835,0.6349539577266878,0.9953834629187869,0.23069722289633002,0.9945993228834493,0.005400677211582661,13308,9568455,44378,7651
lung_constrained_probability_highsens_tta,0.06,30,0.34223461513516085,0.20644333526306796,0.6295147669256026,0.9955318062843691,0.23499447868054094,0.9947355101708643,0.005264489911496639,13194,9569881,42952,7765
lung_constrained_probability_highsens_tta,0.06,50,0.3474814247517235,0.21027383894884055,0.6169664583230989,0.9957830329518874,0.2418455898854938,0.9949588905386364,0.005041109398007393,12931,9572296,40537,8028
lung_constrained_probability_highsens_tta,0.06,75,0.34437972628485963,0.20800646848331134,0.5768882103151024,0.9961333979275403,0.2454526999593493,0.9952213001899969,0.004778699949383736,12091,9575664,37169,8868
lung_constrained_probability_highsens_tta,0.06,100,0.34450537069025094,0.20809815060160655,0.5470680853091526,0.9964484975448955,0.25141428759368256,0.9954708384818761,0.004529161378741264,11466,9578693,34140,9493
lung_constrained_probability_highsens_tta,0.06,150,0.3267046389885216,0.19524624677799515,0.4734481606944637,0.996893319586431,0.24940307135490253,0.9957545273968953,0.004245472606271505,9923,9582969,29864,11036
lung_constrained_probability_highsens_tta,0.06,200,0.3171933370629808,0.18849065911670454,0.4192948136836589,0.9973302355299412,0.2550795309415259,0.9960726783389128,0.0039273216389119625,8788,9587169,25664,12171
lung_constrained_probability_highsens_tta,0.07,0,0.3494662014035272,0.21172920039607482,0.64268333412823,0.9955621823452037,0.23997862105821488,0.9947944693013915,0.005205530673265457,13470,9570173,42660,7489
lung_constrained_probability_highsens_tta,0.07,3,0.3502263385191282,0.21228750749042605,0.6423016365281539,0.9955835080043511,0.24074968256518756,0.994814918154761,0.005185081623494625,13462,9570378,42455,7497
lung_constrained_probability_highsens_tta,0.07,5,0.3508341703298396,0.21273431938618798,0.6416336657280206,0.9956042094978651,0.24141892862267678,0.9948341213926968,0.0051658786833286285,13448,9570577,42256,7511
lung_constrained_probability_highsens_tta,0.07,10,0.35418592978094815,0.21520409637390406,0.6396774655276303,0.9956994987845925,0.24489013096603562,0.9949249475180688,0.005075052380561829,13407,9571493,41340,7552
lung_constrained_probability_highsens_tta,0.07,15,0.35820495646344835,0.21817885117489913,0.637912114127278,0.9958055029146965,0.2490175262147755,0.9950268803810577,0.004973119590431452,13370,9572512,40321,7589
lung_constrained_probability_highsens_tta,0.07,20,0.3596643675663445,0.21926266823377769,0.6319480891260881,0.9958963190143832,0.25136166094163337,0.99510452374309,0.004895476158708334,13245,9573385,39448,7714
lung_constrained_probability_highsens_tta,0.07,30,0.3638255080102138,0.22236351305523527,0.6257455031248506,0.9960447664075711,0.2564729349185982,0.9952391540112129,0.00476084602996707,13115,9574812,38021,7844
lung_constrained_probability_highsens_tta,0.07,50,0.37152247239594494,0.228140988191933,0.6148671215226801,0.996304107228326,0.26617783744701723,0.9954742639243188,0.004525735974311829,12887,9577305,35528,8072
lung_constrained_probability_highsens_tta,0.07,75,0.3683181623800525,0.22572915496644846,0.5753137077147882,0.9966233679499051,0.27086281645208105,0.9957067788052711,0.004293221049010754,12058,9580374,32459,8901
lung_constrained_probability_highsens_tta,0.07,100,0.3596980424485784,0.21928769931209585,0.5308459373059159,0.9969022659605125,0.27200273811845493,0.9958883272547291,0.004111672751605511,11126,9583055,29778,9833
lung_constrained_probability_highsens_tta,0.07,150,0.34742643821860797,0.21023356917564356,0.47068085309391156,0.9972989232206563,0.2753279374824797,0.996153228136957,0.0038467717822641134,9865,9586868,25965,11094
lung_constrained_probability_highsens_tta,0.07,200,0.3396396927368147,0.2045578247390481,0.41242425688228807,0.9977844200559804,0.28869147017557656,0.9965109273689935,0.0034890726674348116,8644,9591535,21298,12315
lung_constrained_probability_highsens_tta,0.08,0,0.36551489129689013,0.22362693263501784,0.6397251777276398,0.9959431314369022,0.2558485669579331,0.9951681539314935,0.004831845872104168,13408,9573835,38998,7551
lung_constrained_probability_highsens_tta,0.08,3,0.366129847423081,0.22408748139846105,0.6394389045275827,0.9959587355777418,0.2564976076554533,0.9951831013166976,0.004816898610442877,13402,9573985,38848,7557
lung_constrained_probability_highsens_tta,0.08,5,0.3671347852322718,0.22484083922658366,0.6386277971274208,0.9959874471968868,0.2576168754931467,0.9952099858498077,0.004790014121681452,13385,9574261,38572,7574
lung_constrained_probability_highsens_tta,0.08,10,0.37069540102194365,0.22751755641913352,0.6368624457270686,0.9960772230205176,0.26143330003716214,0.9952957257121589,0.004704274237155914,13348,9575124,37709,7611
lung_constrained_probability_highsens_tta,0.08,15,0.3734150524332462,0.22956996681411962,0.6337134405264403,0.9961616934362628,0.2646924012036381,0.9953731614716189,0.004626838490366936,13282,9575936,36897,7677
lung_constrained_probability_highsens_tta,0.08,20,0.3746195203822754,0.23048112431520199,0.6283219619253646,0.9962364892846876,0.26686526029945756,0.9954360650510194,0.004563935101032257,13169,9576655,36178,7790
lung_constrained_probability_highsens_tta,0.08,30,0.3792822423377508,0.2340211554693113,0.6217376783240509,0.9963877454232265,0.27287195058103386,0.995572667543579,0.004427332431077957,13031,9578109,34724,7928
lung_constrained_probability_highsens_tta,0.08,50,0.38881648734650875,0.2413235266454278,0.6120998139221279,0.9966501030445437,0.28489262952182165,0.9958134865274225,0.004186513368040323,12829,9580631,32202,8130
lung_constrained_probability_highsens_tta,0.08,75,0.38239689656262804,0.23639723226917828,0.5737869173144836,0.9968882222337567,0.28674980328565614,0.9959677352386257,0.004032264929264784,12026,9582920,29913,8933
lung_constrained_probability_highsens_tta,0.08,100,0.3755349199099515,0.23117451062052663,0.5296531323056779,0.9971849089649213,0.2908914627115217,0.9961677603170165,0.003832239657640457,11101,9585772,27061,9858
lung_constrained_probability_highsens_tta,0.08,150,0.3612881707677955,0.22047083832736597,0.4651462378928073,0.9975803178937979,0.29534369414393186,0.996421969666772,0.0035780302714556456,9749,9589573,23260,11210
lung_constrained_probability_highsens_tta,0.08,200,0.35249515803347087,0.21395697848919112,0.4081301588814313,0.9980212909139263,0.31020852221203615,0.9967379407817805,0.003262059297412634,8554,9593812,19021,12405
lung_constrained_probability_highsens_tta,0.09,0,0.37723204818249745,0.23246210141135523,0.6365284603270019,0.9962101703004713,0.2680422727637491,0.9954276571468421,0.004572343081235886,13341,9576402,36431,7618
lung_constrained_probability_highsens_tta,0.09,3,0.37764495935184295,0.23277577958580983,0.6360990505269163,0.9962222375027207,0.2685358631940966,0.9954387638844591,0.004561236128211021,13332,9576518,36315,7627
lung_constrained_probability_highsens_tta,0.09,5,0.37884560705141046,0.23368878911178728,0.6357173529268402,0.9962490766249649,0.26982037625802036,0.9954647142059939,0.004535285755991936,13324,9576776,36057,7635
lung_constrained_probability_highsens_tta,0.09,10,0.3818932171461712,0.2360123702544725,0.6335703039264118,0.9963273053843743,0.27332043471095974,0.9955381017152946,0.004461898468434811,13279,9577528,35305,7680
lung_constrained_probability_highsens_tta,0.09,15,0.38414776032571496,0.23773693589900857,0.6301350255257263,0.9964012690119542,0.2762912909771184,0.9956044307371377,0.004395569209009409,13207,9578239,34594,7752
lung_constrained_probability_highsens_tta,0.09,20,0.3871139117216789,0.24001317547161968,0.62579321532486,0.9964955180226257,0.2802324587641483,0.9956890287853413,0.00431097112596035,13116,9579145,33688,7843
lung_constrained_probability_highsens_tta,0.09,30,0.390358612580776,0.2425127830532782,0.6177775657232607,0.9966261766952563,0.28532393124718264,0.9958019645846611,0.004198035225272179,12948,9580401,32432,8011
lung_constrained_probability_highsens_tta,0.09,50,0.3988996733404606,0.24914096056223173,0.6088553843214806,0.9968520206270087,0.296615684998304,0.9960079063363617,0.003992093726992607,12761,9582572,30261,8198
lung_constrained_probability_highsens_tta,0.09,75,0.3917722875083824,0.2436049848322859,0.5670594971131413,0.9971050157638223,0.29926474291174415,0.9961694211375947,0.003830578876659274,11885,9585004,27829,9074
lung_constrained_probability_highsens_tta,0.09,100,0.3860346691778477,0.23918399101001878,0.5280786297053638,0.9973665411642947,0.30420800923499874,0.9963455719201734,0.003654428059235215,11068,9587518,25315,9891
lung_constrained_probability_highsens_tta,0.09,150,0.3723359479624312,0.22875478972231866,0.4642874182926359,0.997755084271202,0.31078534700255156,0.9965944874043358,0.0034055125433951616,9731,9591253,21580,11228
lung_constrained_probability_highsens_tta,0.09,200,0.3646066816094856,0.22294739590126017,0.407462188081298,0.9981955371533023,0.32990805840982385,0.9969103547180581,0.003089645178988576,8540,9595487,17346,12419
lung_constrained_probability_highsens_tta,0.1,0,0.38741195514263815,0.2402423584734599,0.6337611527264498,0.9964286282722263,0.27897257109247725,0.9956396193731389,0.004360380582511425,13283,9578502,34331,7676
lung_constrained_probability_highsens_tta,0.1,3,0.38808761854655094,0.24076222939401662,0.6335703039264118,0.9964427760265877,0.2797109997050428,0.9956533211429093,0.004346678964793682,13279,9578638,34195,7680
lung_constrained_probability_highsens_tta,0.1,5,0.38922788077910275,0.24164056239523538,0.633045469726307,0.9964683668175647,0.281000487112633,0.9956777144451521,0.0043222857639193535,13268,9578884,33949,7691
lung_constrained_probability_highsens_tta,0.1,10,0.3925671965210098,0.24421997340813928,0.6309938451258977,0.9965470116873965,0.2849110258950655,0.9957517247621696,0.004248275421559811,13225,9579640,33193,7734
lung_constrained_probability_highsens_tta,0.1,15,0.39447518783455643,0.24569859328583654,0.6275108545252027,0.9966118208856838,0.28765145881626186,0.9958088154695462,0.004191184416413307,13152,9580263,32570,7807
lung_constrained_probability_highsens_tta,0.1,20,0.39680034000176123,0.24750525458706568,0.6236461663244317,0.9966865127065029,0.29096453932277655,0.9958749368888171,0.004125063307583332,13071,9580981,31852,7888
lung_constrained_probability_highsens_tta,0.1,30,0.3992935052056893,0.24944829455258635,0.6148194093226705,0.9968064565357571,0.29565217391297566,0.9959754165338001,0.004024583380669355,12886,9582134,30699,8073
lung_constrained_probability_highsens_tta,0.1,50,0.40874454271576877,0.25686921659540835,0.6052769693207666,0.9970427032280693,0.3085566960158806,0.9961903889973949,0.0038096110802143812,12686,9584405,28428,8273
lung_constrained_probability_highsens_tta,0.1,75,0.4009869820470687,0.25077155566901843,0.5621451405121608,0.997292785591926,0.31164365444630177,0.9963460909266041,0.0036539090797305107,11782,9586809,26024,9177
lung_constrained_probability_highsens_tta,0.1,100,0.397560668477505,0.2480971732638254,0.5272198101051924,0.9975470290600066,0.3190874963903208,0.9965237987284749,0.0034762013237923384,11050,9589253,23580,9909
lung_constrained_probability_highsens_tta,0.1,150,0.37980618943412403,0.2344202199497795,0.46376258409253124,0.9978669139472194,0.3215880893299184,0.9967049319727882,0.0032950679305940866,9720,9592328,20505,11239
lung_constrained_probability_highsens_tta,0.1,200,0.37363563758976537,0.22973673441543319,0.4017844362801652,0.9983671827025384,0.3491727826842687,0.9970692744871377,0.002930725459009409,8421,9597137,15696,12538
lung_constrained_probability_highsens_tta,0.11,0,0.3943182835486267,0.2455768658935018,0.630469010925793,0.9965827971837221,0.2868679851507095,0.995786290590454,0.004213709384202957,13214,9579984,32849,7745
lung_constrained_probability_highsens_tta,0.11,3,0.3948587655058445,0.24599627560516835,0.6302781621257549,0.9965940321651267,0.28748014189021187,0.9957970859242125,0.004202913958579302,13210,9580092,32741,7749
lung_constrained_probability_highsens_tta,0.11,5,0.3959214275003155,0.24682171702059402,0.6298964645256787,0.9966160860175133,0.2886881983774051,0.9958182613865849,0.00418173847720027,13202,9580304,32529,7757
lung_constrained_probability_highsens_tta,0.11,10,0.3990231471649427,0.24923729937652792,0.6275585667252123,0.9966904657555157,0.29250339137583287,0.9958873930431538,0.00411260686814785,13153,9581019,31814,7806
lung_constrained_probability_highsens_tta,0.11,15,0.40161258181700543,0.25126110056193274,0.6250298201247078,0.9967566273126758,0.29585798816561365,0.995947909192973,0.004052090924233198,13100,9581655,31178,7859
lung_constrained_probability_highsens_tta,0.11,20,0.40383450118850833,0.2530029006949495,0.6200677513237177,0.996836728568986,0.2994194083493919,0.996017040849542,0.0039829593151807785,12996,9582425,30408,7963
lung_constrained_probability_highsens_tta,0.11,30,0.4071337983512354,0.2555982404107853,0.6126723603222421,0.9969540717081,0.304859808646446,0.9961180395009557,0.0038819604087620974,12841,9583553,29280,8118
lung_constrained_probability_highsens_tta,0.11,50,0.4148433512783104,0.26170495617127215,0.6011260079199384,0.9971722175970383,0.3167010205619837,0.9963105908867443,0.00368940900079906,12599,9585650,27183,8360
lung_constrained_probability_highsens_tta,0.11,75,0.40878990659410136,0.25690504873502207,0.5596163939116563,0.9974309342521597,0.3220041180507009,0.9964784375664318,0.00352156232111156,11729,9588137,24696,9230
lung_constrained_probability_highsens_tta,0.11,100,0.40320070312921774,0.25250556154387255,0.5253113221048116,0.997644398898846,0.3271527901585764,0.9966168046808558,0.003383195260539651,11010,9590189,22644,9949
lung_constrained_probability_highsens_tta,0.11,150,0.385978872819069,0.23914115268938543,0.46285605229235033,0.997960330737046,0.33100177425947486,0.9967961733033047,0.0032038267236202955,9701,9593226,19607,11258
lung_constrained_probability_highsens_tta,0.11,200,0.3772949679040317,0.2325098896234384,0.40102104108001285,0.9984198206709708,0.3562195380375689,0.9971201371173459,0.00287986290641129,8405,9597643,15190,12554
lung_constrained_probability_highsens_tta,0.12,0,0.40105316024161797,0.2508233233709142,0.6286559473254312,0.9967156404360703,0.2944489139178747,0.9959149003839808,0.004085099790245295,13176,9581261,31572,7783
lung_constrained_probability_highsens_tta,0.12,3,0.40151850101379744,0.25118745588763497,0.6282742497253551,0.9967268754174748,0.29503495250038203,0.9959252805125947,0.0040747192688286304,13168,9581369,31464,7791
lung_constrained_probability_highsens_tta,0.12,5,0.4027660909076385,0.2521647509578061,0.6280356887253075,0.9967500735735231,0.29643725790462655,0.995947909192973,0.004052090924233198,13163,9581592,31241,7796
lung_constrained_probability_highsens_tta,0.12,10,0.40585224021398325,0.25458884706425267,0.6260317763249076,0.9968189398484287,0.3002517162470709,0.9960122659903796,0.003987734206020832,13121,9582254,30579,7838
lung_constrained_probability_highsens_tta,0.12,15,0.4074479394658859,0.255845915221908,0.6217376783240509,0.9968818765498153,0.30301127775832976,0.9960657236527414,0.003934276290237904,13031,9582859,29974,7928
lung_constrained_probability_highsens_tta,0.12,20,0.41043830757530875,0.25820847943890296,0.618350112123375,0.9969589610055631,0.3071599554427732,0.9961352705144548,0.003864729544147849,12960,9583600,29233,7999
lung_constrained_probability_highsens_tta,0.12,30,0.4136606465565271,0.260764284551469,0.6114318431219946,0.9970679819362295,0.3125609756096799,0.9962290030758387,0.003770996816456318,12815,9584648,28185,8144
lung_constrained_probability_highsens_tta,0.12,50,0.4210226320200468,0.2666426008111043,0.5991220955195385,0.9972813425553102,0.32454575999578084,0.9964151187818868,0.0035848813131451607,12557,9586699,26134,8402
lung_constrained_probability_highsens_tta,0.12,75,0.41305153874668277,0.2602803738317178,0.5580896035113516,0.997505313990162,0.3278490946801032,0.9965493338448651,0.0034506660886108875,11697,9588852,23981,9262
lung_constrained_probability_highsens_tta,0.12,100,0.4095215052762075,0.25748320812556874,0.5249296245047355,0.9977353190261383,0.3357134138898036,0.9967066965946525,0.003293303307145834,11002,9591063,21770,9957
lung_constrained_probability_highsens_tta,0.12,150,0.39110410859281886,0.2430885122409936,0.46190180829216,0.9980374151927939,0.3391249518336991,0.9968710140306113,0.0031289858743548393,9681,9593967,18866,11278
lung_constrained_probability_highsens_tta,0.12,200,0.38152336830622213,0.23572992086203187,0.40078248007996525,0.9984733948878536,0.364030335861164,0.9971730757732771,0.00282692420296371,8400,9598158,14675,12559
lung_constrained_probability_highsens_tta,0.13,0,0.40662911611778807,0.2552005438476731,0.626890595925079,0.9968244533115254,0.3009046146798807,0.9960196358816955,0.0039803641848266125,13139,9582307,30526,7820
lung_constrained_probability_highsens_tta,0.13,3,0.40708650433212845,0.2555609613699999,0.6265566105250123,0.9968348560720852,0.30148308003115354,0.9960292894013064,0.003970710560679436,13132,9582407,30426,7827
lung_constrained_probability_highsens_tta,0.13,5,0.40823754491291037,0.25646888680420254,0.6261272007249267,0.9968574300624998,0.3028477799316203,0.9960508800688235,0.003949119709432125,13123,9582624,30209,7836
lung_constrained_probability_highsens_tta,0.13,10,0.4108096225110843,0.258502460328388,0.6241232883245269,0.9969162056596625,0.3061673493270202,0.9961051681414744,0.0038948317524045706,13081,9583189,29644,7878
lung_constrained_probability_highsens_tta,0.13,15,0.4125164711298143,0.2598555913354282,0.6198769025236796,0.9969792463886546,0.3091125386627863,0.9961588334064084,0.00384116661734879,12992,9583795,29038,7967
lung_constrained_probability_highsens_tta,0.13,20,0.4155193188207221,0.26224322186841964,0.6170141705231085,0.9970504012708835,0.31322966623060766,0.9962236054089595,0.0037763945292681456,12932,9584479,28354,8027
lung_constrained_probability_highsens_tta,0.13,30,0.41940455111803737,0.2653459184731324,0.6102867503217662,0.9971656638578856,0.3194794814795516,0.9963239812526563,0.003676018677651882,12791,9585587,27246,8168
lung_constrained_probability_highsens_tta,0.13,50,0.4242011542192976,0.269197528196649,0.5944462999186056,0.9973657089434499,0.32976020327131184,0.9964891290989042,0.003510870970785618,12459,9587510,25323,8500
lung_constrained_probability_highsens_tta,0.13,75,0.41840315073390294,0.2645447548330999,0.5575647693112469,0.9975849991360498,0.3348328128132905,0.9966277038159004,0.0033722962252795696,11686,9589618,23215,9273
lung_constrained_probability_highsens_tta,0.13,100,0.41312267587813334,0.2603368701526716,0.5221146047041738,0.9978076182120287,0.3417765007182392,0.9967727142126372,0.003227285807952285,10943,9591758,21075,10016
lung_constrained_probability_highsens_tta,0.13,150,0.39262197865109966,0.24426237850484855,0.45803712009138886,0.9980918216305215,0.34355652578451007,0.9969168941990849,0.0030831058975309134,9600,9594490,18343,11359
lung_constrained_probability_highsens_tta,0.13,200,0.3887222274303017,0.24125090909083893,0.39567727467894664,0.998604365643301,0.38200746234263117,0.9972926548549097,0.0027073451783508062,8293,9599417,13416,12666
lung_constrained_probability_highsens_tta,0.14,0,0.411427494463663,0.25899195222742194,0.6249343957246887,0.9969193264878304,0.30665855029024475,0.9961100468019229,0.003889953251928091,13098,9583219,29614,7861
lung_constrained_probability_highsens_tta,0.14,3,0.412079438516915,0.2595088498205737,0.6246958347246411,0.9969318098005022,0.30744123793638733,0.996121983949829,0.003878016024827957,13093,9583339,29494,7866
lung_constrained_probability_highsens_tta,0.14,5,0.4129474149358606,0.26019768898783635,0.6242187127245459,0.996949702548665,0.3085249380968498,0.9961387997581835,0.0038612002972513437,13083,9583511,29322,7876
lung_constrained_probability_highsens_tta,0.14,10,0.4153198814190789,0.2620843642507469,0.6216422539240318,0.9970087902286444,0.3118253835291119,0.9961921536192593,0.0038078464567661285,13029,9584079,28754,7930
lung_constrained_probability_highsens_tta,0.14,15,0.41804957504791107,0.2642621212738523,0.6183978243233845,0.997078176641578,0.31575229000187205,0.9962543305896567,0.00374566949903965,12961,9584746,28087,7998
lung_constrained_probability_highsens_tta,0.14,20,0.42034273799432786,0.2660974301859782,0.6155828045228229,0.9971364321007128,0.31912735907385315,0.9963063350340127,0.003693664912134409,12902,9585306,27527,8057
lung_constrained_probability_highsens_tta,0.14,30,0.42363663578751254,0.2687430102761561,0.6076625793212426,0.9972503423288421,0.3251633986927275,0.9964027664288362,0.0035972336772829294,12736,9586401,26432,8223
lung_constrained_probability_highsens_tta,0.14,50,0.4269786648313099,0.27143857192853704,0.5920129777181201,0.9974250046786406,0.333898441914821,0.9965430019664105,0.0034569979179650545,12408,9588080,24753,8551
lung_constrained_probability_highsens_tta,0.14,75,0.42293437976883536,0.2681780481061036,0.555370008110809,0.99766510039236,0.34149919319338673,0.9967028559470653,0.003297144081443548,11640,9590388,22445,9319
lung_constrained_probability_highsens_tta,0.14,100,0.41376398564484357,0.2608464200159071,0.5143375161026221,0.9978811657291863,0.3460896365736657,0.9968291821122971,0.003170817857608199,10780,9592465,20368,10179
lung_constrained_probability_highsens_tta,0.14,150,0.39695162359170044,0.24762298470435937,0.4572737248912366,0.9981540301386689,0.35068974349579174,0.9969773065476181,0.0030226935632526875,9584,9595088,17745,11375
lung_constrained_probability_highsens_tta,0.14,200,0.387374801695265,0.24021378439484328,0.39028579607787095,0.9986378625323035,0.3845069098428201,0.9973143493237129,0.0026856507174670696,8180,9599739,13094,12779
lung_constrained_probability_highsens_tta,0.15,0,0.4154521733595724,0.26218973411513735,0.6229304833242889,0.9970001559373798,0.31165111116408195,0.9961863407472354,0.003813659306615591,13056,9583996,28837,7903
lung_constrained_probability_highsens_tta,0.15,3,0.4161578804737026,0.26275212367642364,0.6227873467242603,0.9970124311948404,0.3124820453891812,0.9961982778951415,0.003801722079515457,13053,9584114,28719,7906
lung_constrained_probability_highsens_tta,0.15,5,0.4170678266987994,0.26347801487223904,0.622119375924127,0.9970321964399039,0.3136787913779076,0.996216546921502,0.0037834530230611563,13039,9584304,28529,7920
lung_constrained_probability_highsens_tta,0.15,10,0.41914409691410015,0.2651374461745138,0.6198769025236796,0.99708285788383,0.3166154895939181,0.9962622194874033,0.003737780498340726,12992,9584791,28042,7967
lung_constrained_probability_highsens_tta,0.15,15,0.4213858026201326,0.2669340002893266,0.616155350922937,0.9971475630545117,0.3201765260077552,0.9963186873870632,0.00368131254799664,12914,9585413,27420,8045
lung_constrained_probability_highsens_tta,0.15,20,0.42384564643792483,0.2689112557282494,0.6131494823223373,0.9972089393418143,0.3238577656812268,0.9963733906648587,0.003626609221100807,12851,9586003,26830,8108
lung_constrained_probability_highsens_tta,0.15,30,0.42686737676818204,0.2713486265965502,0.6061357889209379,0.9973099501468496,0.329434950600231,0.9964589229246377,0.003541077021509409,12704,9586974,25859,8255
lung_constrained_probability_highsens_tta,0.15,50,0.43125849036879876,0.274907298443441,0.590724748317863,0.997495223312419,0.33958693326741285,0.996610265199829,0.003389734774827957,12381,9588755,24078,8578
lung_constrained_probability_highsens_tta,0.15,75,0.4259457070241214,0.2706042027424836,0.5517438809100855,0.9977347988881103,0.34686103362417986,0.9967645139110322,0.003235486103221774,11564,9591058,21775,9395
lung_constrained_probability_highsens_tta,0.15,100,0.4127471161687939,0.260038662001062,0.5070375495011655,0.9979290184277612,0.34802685442922937,0.9968610491071419,0.0031389507930725813,10627,9592925,19908,10332
lung_constrained_probability_highsens_tta,0.15,150,0.39556492869215604,0.2465446784142621,0.45192995849017037,0.9981836780062642,0.35170057923646525,0.9969952641701202,0.003004735801368952,9472,9595373,17460,11487
lung_constrained_probability_highsens_tta,0.15,200,0.39019612527163944,0.24238736867090807,0.3896655374777472,0.9986752084427131,0.3907281599845035,0.9973502645687171,0.002649735426530242,8167,9600098,12735,12792
lung_constrained_probability_highsens_tta,0.16,0,0.41941672443527717,0.26535566389909115,0.6206402977238319,0.997080777331718,0.31672753834908285,0.9962618042822589,0.0037381956353783607,13008,9584771,28062,7951
lung_constrained_probability_highsens_tta,0.16,3,0.4199899856244577,0.26581476180734703,0.6203063123237653,0.9970923243959393,0.3174692322718506,0.9962725996160173,0.003727400442585349,13001,9584882,27951,7958
lung_constrained_probability_highsens_tta,0.16,5,0.42088725482249706,0.2665340116517054,0.6199246147236891,0.9971091768680461,0.3185964396056303,0.9962885850140828,0.0037114149890840054,12993,9585044,27789,7966
lung_constrained_probability_highsens_tta,0.16,10,0.4229374285246818,0.2681804997306037,0.6175867169232226,0.9971593181739442,0.3215820724950134,0.9963335309709812,0.0036664691288024187,12944,9585526,27307,8015
lung_constrained_probability_highsens_tta,0.16,15,0.4250322069169846,0.2698672371483735,0.6139128775224897,0.99722038237843,0.3250309445019009,0.9963864696269124,0.0036135304253548384,12867,9586113,26720,8092
lung_constrained_probability_highsens_tta,0.16,20,0.4279442450545985,0.27221950856918636,0.6115749797220231,0.9972819667209438,0.32912237456983284,0.9964428337252861,0.0035571663174778223,12818,9586705,26128,8141
lung_constrained_probability_highsens_tta,0.16,30,0.43061501868834007,0.2743845670859172,0.6046567107206429,0.9973755915659818,0.33437112477234526,0.9965212036963214,0.0034787962213158607,12673,9587605,25228,8286
lung_constrained_probability_highsens_tta,0.16,50,0.43545544275232034,0.2783272874748714,0.5893888067175965,0.9975632573664799,0.34527769237209793,0.9966752448049523,0.003324755234643817,12353,9589409,23424,8606
lung_constrained_probability_highsens_tta,0.16,75,0.4283170080141681,0.2725212464588592,0.5507896369098951,0.9977737052126039,0.35040218546050983,0.9968012595663256,0.0031987405382096767,11544,9591432,21401,9415
lung_constrained_probability_highsens_tta,0.16,100,0.4150263431066426,0.261850625277974,0.505510759100861,0.9979711496080282,0.35201674529857396,0.9968997669868719,0.003100232919678092,10595,9593330,19503,10364
lung_constrained_probability_highsens_tta,0.16,150,0.3973316391358752,0.24791881392207832,0.44758814828930404,0.9982440140175108,0.3572217356534948,0.9970460229990424,0.0029539770912379026,9381,9595953,16880,11578
lung_constrained_probability_highsens_tta,0.16,200,0.3942960725074576,0.24555963634166852,0.389188415477652,0.9987247255829775,0.3995395768023121,0.9973986359680581,0.002601363928988576,8157,9600574,12259,12802
lung_constrained_probability_highsens_tta,0.17,0,0.42284856788666686,0.26810904728410456,0.618445536523394,0.9971509959654964,0.3212471188876252,0.9963270952912405,0.0036729048006236553,12962,9585446,27387,7997
lung_constrained_probability_highsens_tta,0.17,3,0.42333022830147843,0.268496444785284,0.6179684145232988,0.9971621269192954,0.3219327898189695,0.996337164015996,0.0036628360394388437,12952,9585553,27280,8007
lung_constrained_probability_highsens_tta,0.17,5,0.424208663739363,0.2692035766271014,0.6176821413232417,0.9971776270325294,0.32302817077118473,0.996352007599914,0.0036479923874139786,12946,9585702,27131,8013
lung_constrained_probability_highsens_tta,0.17,10,0.4263444148715633,0.2709261282460142,0.6152488191227562,0.9972290166696947,0.32619143984611804,0.9963979915696738,0.0036020083352923393,12895,9586196,26637,8064
lung_constrained_probability_highsens_tta,0.17,15,0.42819921835848146,0.2724258846030661,0.6116226919220327,0.997285295604323,0.3294102531156805,0.9964462591677287,0.0035537409130483866,12819,9586737,26096,8140
lung_constrained_probability_highsens_tta,0.17,20,0.43071167360413376,0.27446305841918506,0.6097142039216519,0.9973367892690937,0.3329598749347752,0.9964934887529221,0.003506511216983199,12779,9587232,25601,8180
lung_constrained_probability_highsens_tta,0.17,30,0.4333459149709307,0.27660599688979204,0.6025573739202239,0.9974307261969485,0.33833418169144636,0.9965716511213851,0.003428348805755377,12629,9588135,24698,8330
lung_constrained_probability_highsens_tta,0.17,50,0.43828472433061777,0.280643169186368,0.5854286941168064,0.9976321236413855,0.3502511989037594,0.996735345749627,0.0032646541949361563,12270,9590071,22762,8689
lung_constrained_probability_highsens_tta,0.17,75,0.4297514469271892,0.2736837082805846,0.5473543585092097,0.9978197894418837,0.35374653098971515,0.9968397698434833,0.003160230116918683,11472,9591875,20958,9487
lung_constrained_probability_highsens_tta,0.17,100,0.4169721335382096,0.26340163832376484,0.5047473639007086,0.998002253862102,0.3552026323740539,0.9969291427508494,0.0030708571430295706,10579,9593629,19204,10380
lung_constrained_probability_highsens_tta,0.17,150,0.3998028627752636,0.24984600551695285,0.445107113888809,0.9982960278203097,0.3628690341902202,0.9970925259752329,0.002907474059611559,9329,9596453,16380,11630
lung_constrained_probability_highsens_tta,0.17,200,0.3954684391828647,0.24646971667011994,0.38890214227759484,0.9987400176410004,0.402260277352612,0.9974132719494038,0.00258672796189785,8151,9600721,12112,12808
lung_constrained_probability_highsens_tta,0.18,0,0.42622950819665095,0.2708333333332765,0.6159167899228895,0.997221942792514,0.32586964204565916,0.9963923863002222,0.0036076137330383062,12909,9586128,26705,8050
lung_constrained_probability_highsens_tta,0.18,3,0.4268183772698001,0.2713090282157455,0.6156782289228419,0.997232553608285,0.32662566127513437,0.9964024550249778,0.0035975449718534946,12904,9586230,26603,8055
lung_constrained_probability_highsens_tta,0.18,5,0.4275626574724129,0.2719107756529966,0.6153442435227753,0.9972461812246183,0.32759277604198034,0.9964153263844591,0.0035846736282110214,12897,9586361,26472,8062
lung_constrained_probability_highsens_tta,0.18,10,0.42916157950185996,0.2732054257787796,0.6121475261221374,0.9972950741992491,0.33039761021829156,0.9964571583027733,0.0035428416449576616,12830,9586831,26002,8129
lung_constrained_probability_highsens_tta,0.18,15,0.43135465774481146,0.2749854579140671,0.6089985209215091,0.9973516652166943,0.3339438019987615,0.9965067753175479,0.003493224736303091,12764,9587375,25458,8195
lung_constrained_probability_highsens_tta,0.18,20,0.43312275443996234,0.27642417787818113,0.6068037597210713,0.997394108479778,0.33674009743689454,0.9965443513831305,0.0034556486643850803,12718,9587783,25050,8241
lung_constrained_probability_highsens_tta,0.18,30,0.4362482442906178,0.2789753825681351,0.600171763919748,0.9974897098493223,0.3426586761099584,0.9966253163863192,0.0033746836706995964,12579,9588702,24131,8380
lung_constrained_probability_highsens_tta,0.18,50,0.4399249963939781,0.28198964497034906,0.58208884011614,0.9976796642571436,0.3535719460946664,0.996775516847363,0.003224483225494623,12200,9590528,22305,8759
lung_constrained_probability_highsens_tta,0.18,75,0.43053845716766787,0.2743224000192421,0.5422968653082006,0.9978701388029929,0.3569723618089331,0.996879006729644,0.0031209932640194893,11366,9592359,20474,9593
lung_constrained_probability_highsens_tta,0.18,100,0.41867290683369324,0.26476047153241417,0.5036499833004897,0.998032733950542,0.35823124172791315,0.996957169098107,0.003042830852791667,10556,9593922,18911,10403
lung_constrained_probability_highsens_tta,0.18,150,0.4011547742157013,0.25090281895104544,0.44420058208862817,0.9983202662524139,0.3657147346504436,0.9971147394504667,0.002885260619223118,9310,9596686,16147,11649
lung_constrained_probability_highsens_tta,0.18,200,0.3983447195082156,0.24870814860105528,0.388091034877433,0.9987780917446492,0.40915492957725896,0.9974494985982665,0.002550501376390457,8134,9601087,11746,12825
lung_constrained_probability_highsens_tta,0.19,0,0.43032896496382217,0.27415232577946114,0.6141514385225373,0.9972960104476996,0.3311977357518767,0.9964624521683664,0.0035375477746129036,12872,9586840,25993,8087
lung_constrained_probability_highsens_tta,0.19,3,0.4307233957084272,0.2744725783399231,0.6139128775224897,0.9973036044629081,0.3317348596178277,0.9964695106558239,0.003530489280819893,12867,9586913,25920,8092
lung_constrained_probability_highsens_tta,0.19,5,0.4317537056620786,0.2753098841813973,0.613578892122423,0.9973210811006485,0.33305708070021417,0.9964862226628923,0.003513777395710349,12860,9587081,25752,8099
lung_constrained_probability_highsens_tta,0.19,10,0.43334743969522926,0.27660723933003206,0.6107161601218518,0.9973664371366892,0.3358169797459503,0.9965252519464808,0.003474747994914651,12800,9587517,25316,8159
lung_constrained_probability_highsens_tta,0.19,15,0.435535182841235,0.27839244325878376,0.6074717305212045,0.9974227160713175,0.3394566347614207,0.9965743499548247,0.003425650065764785,12732,9588058,24775,8227
lung_constrained_probability_highsens_tta,0.19,20,0.43694267515916047,0.27954360228192704,0.6055155303208142,0.9974575653191926,0.3417898790766902,0.9966048675329497,0.003395132487639785,12691,9588393,24440,8268
lung_constrained_probability_highsens_tta,0.19,30,0.4408160398889637,0.28272227727225413,0.59897895891951,0.9975610727867623,0.3487319092196037,0.9966939290364574,0.0033060710411518812,12554,9589388,23445,8405
lung_constrained_probability_highsens_tta,0.19,50,0.44278661546892617,0.28434549809772103,0.5776993177152642,0.9977506110841612,0.3589576354094575,0.9968367596061852,0.003163240384310484,12108,9591210,21623,8851
lung_constrained_probability_highsens_tta,0.19,75,0.4339792613036563,0.2771222951140025,0.5401498163077723,0.9979305788418451,0.3626898186709929,0.9969346442190148,0.003065355820581317,11321,9592940,19893,9638
lung_constrained_probability_highsens_tta,0.19,100,0.4210442216273677,0.2666599200525561,0.5028865881003374,0.9980685194468676,0.36211220668555255,0.9969912159199608,0.0030087840277701616,10540,9594266,18567,10419
lung_constrained_probability_highsens_tta,0.19,150,0.4065310090363875,0.25512326335923713,0.438952240087581,0.9984289751002634,0.3785696650479884,0.9972117936530072,0.0027882063295692205,9200,9597731,15102,11759
lung_constrained_probability_highsens_tta,0.19,200,0.39798300958805755,0.24842621019001815,0.3822224342762621,0.9988257363880129,0.41509922793905635,0.9974842720291232,0.002515727886930108,8011,9601545,11288,12948
lung_constrained_probability_highsens_tta,0.2,0,0.4344529994076598,0.2775087552422765,0.6124815115222041,0.9973682056059843,0.33661107614843283,0.9965308572159323,0.0034691428299993277,12837,9587534,25299,8122
lung_constrained_probability_highsens_tta,0.2,3,0.4348430166555796,0.27782709420393664,0.6122429505221565,0.9973755915659818,0.3371518654754763,0.9965377081008175,0.0034622917883098125,12832,9587605,25228,8127
lung_constrained_probability_highsens_tta,0.2,5,0.43580679152920976,0.2786144251037055,0.6117181163220518,0.9973932762589334,0.33847250455388517,0.9965542125053136,0.003445787588134408,12821,9587775,25058,8138
lung_constrained_probability_highsens_tta,0.2,10,0.4371691422109546,0.2797290186792336,0.6087599599214615,0.9974354074392003,0.34104030792250056,0.9965898163464595,0.0034101835917681456,12759,9588180,24653,8200
lung_constrained_probability_highsens_tta,0.2,15,0.4395231751413624,0.2816595338935447,0.6060403645209189,0.9974889816560831,0.3447882736155416,0.9966373573355114,0.003362642601132393,12702,9588695,24138,8257
lung_constrained_probability_highsens_tta,0.2,20,0.4405344668396355,0.282490672266967,0.6032730569203667,0.9975241429867752,0.34694325540545856,0.9966664216956305,0.0033335783518850803,12644,9589033,23800,8315
lung_constrained_probability_highsens_tta,0.2,30,0.44476046573629996,0.285975540061656,0.5968796221190911,0.9976296269788512,0.3544310970080592,0.9967577668274331,0.003242233069613576,12510,9590047,22786,8449
lung_constrained_probability_highsens_tta,0.2,50,0.44741420797385567,0.28817358130655985,0.5766496493150548,0.9978173968069549,0.3655003477786417,0.9969011164035917,0.003098883666098118,12086,9591852,20981,8873
lung_constrained_probability_highsens_tta,0.2,75,0.4388198757763124,0.28108215635560946,0.5393387089076104,0.9979967403990052,0.36988318445064955,0.9969988972151351,0.003001102712005377,11304,9593576,19257,9655
lung_constrained_probability_highsens_tta,0.2,100,0.42604172990904704,0.2706817188262734,0.5022186173002041,0.9981349930868445,0.36993041400141635,0.9970560917237979,0.002943908330053091,10526,9594905,17928,10433
lung_constrained_probability_highsens_tta,0.2,150,0.4085987690371516,0.25675408632801944,0.4339424590865814,0.9984953447126347,0.3860520395600891,0.9972671197385194,0.0027328801807016134,9095,9598369,14464,11864
lung_constrained_probability_highsens_tta,0.2,200,0.401354231974821,0.25105888996948794,0.3817930244761764,0.9988646427125064,0.4230281243389601,0.997522159498564,0.002477840520441532,8002,9601919,10914,12957
lung_constrained_probability_highsens_tta,0.21,0,0.4381125351243167,0.28050198556346556,0.610000477121709,0.997438840350185,0.3417992247024885,0.9965959406223417,0.003404059447348118,12785,9588213,24620,8174
lung_constrained_probability_highsens_tta,0.21,3,0.43856579173092497,0.2808736925375141,0.6098573405216805,0.9974462263101825,0.3423963997748942,0.9966029991097992,0.003397000953555107,12782,9588284,24549,8177
lung_constrained_probability_highsens_tta,0.21,5,0.4393650138450993,0.2815296451398983,0.6094279307215948,0.997460582119755,0.34350796041298853,0.9966163894757112,0.0033836106304079294,12773,9588422,24411,8186
lung_constrained_probability_highsens_tta,0.21,10,0.4409877570838205,0.2828635625458204,0.6066606231210426,0.9975041696865004,0.34639169640658557,0.9966538617400076,0.0033461381681263447,12715,9588841,23992,8244
lung_constrained_probability_highsens_tta,0.21,15,0.4424890226194492,0.2841000988408024,0.6034161935203953,0.9975494216949353,0.3493260413213045,0.9966919568120207,0.0033080431167036295,12647,9589276,23557,8312
lung_constrained_probability_highsens_tta,0.21,20,0.4445973847211879,0.2858407079645369,0.6010305835199193,0.9975958180070319,0.35277808894355533,0.996733062121332,0.0032669377978891134,12597,9589722,23111,8362
lung_constrained_probability_highsens_tta,0.21,30,0.4490530712176048,0.28953477574512737,0.5950665585187294,0.997699221446996,0.3605770620716527,0.9968232654389871,0.0031767345499247313,12472,9590716,22117,8487
lung_constrained_probability_highsens_tta,0.21,50,0.45055684281328007,0.29078630004816913,0.5752182833147692,0.9978673300576417,0.3703043892249377,0.9969478269823545,0.003052172949537635,12056,9592332,20501,8903
lung_constrained_probability_highsens_tta,0.21,75,0.441201245910545,0.28303926004114943,0.5372870843072011,0.9980414722694122,0.3742688114861824,0.997039068312871,0.0029609317425638437,11261,9594006,18827,9698
lung_constrained_probability_highsens_tta,0.21,100,0.42816855356185307,0.27240106089753174,0.4998330072997281,0.9981796209296458,0.37447721179611276,0.9970954324112448,0.0029045676346868277,10476,9595334,17499,10483
lung_constrained_probability_highsens_tta,0.21,150,0.4109228043072355,0.2585920969862588,0.43150913688609593,0.9985420531075481,0.39221128409714545,0.9973084326504029,0.0026915674097836018,9044,9598818,14015,11915
lung_constrained_probability_highsens_tta,0.21,200,0.40379999494671326,0.2529758136000212,0.38126819027607173,0.9988942905801017,0.42916219119203586,0.9975506010509663,0.00244939886033535,7991,9602204,10629,12968
lung_constrained_probability_highsens_tta,0.22,0,0.44231804525633567,0.2839591509096763,0.607614867121233,0.9975148845298769,0.34772280471812267,0.9966666292982027,0.003333370666950941,12735,9588944,23889,8224
lung_constrained_probability_highsens_tta,0.22,3,0.4427249965223879,0.2842946785466416,0.607424018321195,0.997521854379452,0.3482887861460487,0.9966731687792295,0.003326831152662635,12731,9589011,23822,8228
lung_constrained_probability_highsens_tta,0.22,5,0.4433485519115388,0.2848091346691403,0.6069468963210998,0.9975339215817013,0.3492189859169437,0.9966841717155602,0.003315828274935484,12721,9589127,23706,8238
lung_constrained_probability_highsens_tta,0.22,10,0.4450224971877733,0.2861922416131011,0.604036452120519,0.9975785494245027,0.35228316220041955,0.9967223705888596,0.003277629381045699,12660,9589556,23277,8299
lung_constrained_probability_highsens_tta,0.22,15,0.4473096158620141,0.2880868075384836,0.6016985543200526,0.9976265061506833,0.3559714342167398,0.996765136718749,0.00323486328125,12611,9590017,22816,8348
lung_constrained_probability_highsens_tta,0.22,20,0.44909194909186884,0.2895671015627934,0.5993606565195861,0.9976673889996831,0.3590681720736433,0.996800844361181,0.0031991556752473116,12562,9590410,22423,8397
lung_constrained_probability_highsens_tta,0.22,30,0.45367633643487437,0.29339028246447524,0.5932057827183581,0.9977719367433088,0.36728604767942835,0.9968917742878391,0.0031082257628440857,12433,9591415,21418,8526
lung_constrained_probability_highsens_tta,0.22,50,0.4549224563993912,0.2944334142215618,0.5731189465143504,0.997936300360153,0.3771428571427387,0.9970120799784749,0.0029879200737923384,12012,9592995,19838,8947
lung_constrained_probability_highsens_tta,0.22,75,0.44129845270369256,0.28311927544382054,0.5279832053053447,0.9981142915933305,0.3790634741203785,0.9970914879623715,0.002908512018620968,11066,9594706,18127,9893
lung_constrained_probability_highsens_tta,0.22,100,0.43127151307780137,0.27491788201280387,0.4991650364995948,0.9982215440547018,0.37963567748008575,0.997135811111553,0.0028641889803111553,10462,9595737,17096,10497
lung_constrained_probability_highsens_tta,0.22,150,0.4112140935120142,0.25882284820929946,0.4265470680851059,0.9985870970607719,0.39694520912867554,0.9973425832735429,0.0026574167422950268,8940,9599251,13582,12019
lung_constrained_probability_highsens_tta,0.22,200,0.40137719969385327,0.25107686417145236,0.3754473018749103,0.9989199853986843,0.43115445728977525,0.9975635762117337,0.002436423674225807,7869,9602451,10382,13090
lung_constrained_probability_highsens_tta,0.23,0,0.44675114110983793,0.28762367250606163,0.6047521351206618,0.9975960260622431,0.3542085848422887,0.996741366224223,0.0032586336601525545,12675,9589724,23109,8284
lung_constrained_probability_highsens_tta,0.23,3,0.44716551687625544,0.287967276445793,0.6046089985206333,0.9976025798013958,0.3547791029731915,0.9967475943013915,0.003252405673265457,12672,9589787,23046,8287
lung_constrained_probability_highsens_tta,0.23,5,0.4476107978149014,0.28833671168599806,0.604036452120519,0.9976127745067443,0.35553808132993836,0.9967565212119994,0.003243478713557124,12660,9589885,22948,8299
lung_constrained_probability_highsens_tta,0.23,10,0.4492335115863727,0.2896848203406309,0.6012214323199574,0.9976552177698281,0.3585839902107628,0.9967927478608621,0.0032072521280497313,12601,9590293,22540,8358
lung_constrained_probability_highsens_tta,0.23,15,0.4512962496852952,0.29140256785301216,0.5988358223194814,0.997699741585024,0.36208637452027753,0.9968319847470228,0.0031680152751505375,12551,9590721,22112,8408
lung_constrained_probability_highsens_tta,0.23,20,0.45350479985501657,0.2932468201728015,0.5973090319191768,0.9977392720751511,0.3655075764210197,0.9968681075945994,0.0031318922992795706,12519,9591101,21732,8440
lung_constrained_probability_highsens_tta,0.23,30,0.4569306381877135,0.2961180161409354,0.5899613531177108,0.9978364338587793,0.37285529053451955,0.9969490725977882,0.0030509273055940866,12365,9592035,20798,8594
lung_constrained_probability_highsens_tta,0.23,50,0.45820433436523755,0.2971887550200067,0.5719738537141218,0.9979840490311224,0.3821850989892619,0.9970572335379455,0.0029427665285766125,11988,9593454,19379,8971
lung_constrained_probability_highsens_tta,0.23,75,0.44310386570889293,0.28460721042939,0.5239276683045355,0.9981666174789462,0.3838839363746254,0.9971348768999778,0.0028651230968534946,10981,9595209,17624,9978
lung_constrained_probability_highsens_tta,0.23,100,0.4351595223705514,0.27808554839389604,0.49816308029939493,0.9982744941059509,0.38630309308850586,0.997186466139189,0.002813533879816532,10441,9596246,16587,10518
lung_constrained_probability_highsens_tta,0.23,150,0.4143533562342368,0.26131506528477627,0.4258790972849726,0.9986269396337157,0.4034350282484052,0.9973808859481282,0.0026191140059381723,8926,9599634,13199,12033
lung_constrained_probability_highsens_tta,0.23,200,0.4047490277884044,0.25372122307957323,0.3749224676748056,0.9989584756127554,0.43973139339650824,0.9976008408734578,0.0023991591297090054,7858,9602821,10012,13101
lung_constrained_probability_highsens_tta,0.24,0,0.4514835174672854,0.2915587419055755,0.6015077055200145,0.997682160919678,0.361356340288821,0.996820255201689,0.003179744817316532,12607,9590552,22281,8352
lung_constrained_probability_highsens_tta,0.24,3,0.45176900742007176,0.2917969021323212,0.6013168567199765,0.9976872582723523,0.3617913018514822,0.9968249262595653,0.003175073768943548,12603,9590601,22232,8356
lung_constrained_probability_highsens_tta,0.24,5,0.45197314086673634,0.2919672473381986,0.6005534615198241,0.9976955804808001,0.3623305218917176,0.9968315695418782,0.0031684304121881723,12587,9590681,22152,8372
lung_constrained_probability_highsens_tta,0.24,10,0.45352015785940125,0.2932596633342792,0.5976430173192434,0.9977369834678279,0.3654025670944092,0.9968665505753073,0.0031334494706243277,12526,9591079,21754,8433
lung_constrained_probability_highsens_tta,0.24,15,0.45601285469078334,0.29534757208063217,0.5957822415188722,0.9977821314486574,0.3693613748630848,0.9969075520833324,0.0030924479942768812,12487,9591513,21320,8472
lung_constrained_probability_highsens_tta,0.24,20,0.45804144237142214,0.2970517204274654,0.5927286607182629,0.9978297760920211,0.37323118521845483,0.9969484497900714,0.0030515501275658607,12423,9591971,20862,8536
lung_constrained_probability_highsens_tta,0.24,30,0.46093764668322773,0.2994925096373641,0.585667255116854,0.997916639142695,0.3800074298803851,0.9970197612736491,0.0029802387580275536,12275,9592806,20027,8684
lung_constrained_probability_highsens_tta,0.24,50,0.46202102735871164,0.3004078960619649,0.5692542583135792,0.9980487542018041,0.38878388946806935,0.9971158812646143,0.0028841188177466393,11931,9594076,18757,9028
lung_constrained_probability_highsens_tta,0.24,75,0.445522357640638,0.28660583175994164,0.52149434610405,0.9982131178186483,0.38887109972590855,0.997175982209289,0.0028240177780389786,10930,9595656,17177,10029
lung_constrained_probability_highsens_tta,0.24,100,0.43900583312189556,0.2812347684808337,0.49553890929887134,0.9983385751109991,0.3940509162649793,0.9972446986607133,0.0027553013060241938,10386,9596862,15971,10573
lung_constrained_probability_highsens_tta,0.24,150,0.4143788081961996,0.2613353115726228,0.42020134548383975,0.9986745842770794,0.40871542602542754,0.9974160745841295,0.0025839253794401884,8807,9600092,12741,12152
lung_constrained_probability_highsens_tta,0.24,200,0.4080474728019343,0.2563188699603517,0.3740159358746247,0.9989988383237274,0.4488919429648692,0.9976391435480433,0.002360856393352151,7839,9603209,9624,13120
lung_constrained_probability_highsens_tta,0.25,0,0.4573298955875332,0.2964534635625868,0.5966410611190435,0.9977922221264003,0.37076019924087683,0.9969194892312384,0.0030805107671767473,12505,9591610,21223,8454
lung_constrained_probability_highsens_tta,0.25,3,0.45756011859001183,0.2966469708833923,0.5964502123190054,0.9977964872582298,0.37113677522774957,0.9969233298788256,0.0030766702257096767,12501,9591651,21182,8458
lung_constrained_probability_highsens_tta,0.25,5,0.4580466413459463,0.29705609367183966,0.5955436805188246,0.9978091786261127,0.3721304632996327,0.9969340214112979,0.003065978642553091,12482,9591773,21060,8477
lung_constrained_probability_highsens_tta,0.25,10,0.45997595042078254,0.29868101770648475,0.5931580705183486,0.9978503735579294,0.375634517766384,0.9969699366563022,0.0030300633516162634,12432,9592169,20664,8527
lung_constrained_probability_highsens_tta,0.25,15,0.46204325130491014,0.3004266873544656,0.5912495825179678,0.9978893839100285,0.37918056363012786,0.9970047100871589,0.0029952898621559143,12392,9592544,20289,8567
lung_constrained_probability_highsens_tta,0.25,20,0.4634183077907024,0.3015904134093902,0.5871940455171586,0.997935260084097,0.3827398538328774,0.9970416633450245,0.0029583366122096777,12307,9592985,19848,8652
lung_constrained_probability_highsens_tta,0.25,30,0.4652249698315427,0.30312258193337915,0.5794169569156069,0.9980126566226617,0.38863287250371586,0.9971019718922716,0.0028980281203985214,12144,9593729,19104,8815
lung_constrained_probability_highsens_tta,0.25,50,0.46589947870552456,0.30369553509596503,0.565007872512732,0.9981239661606511,0.39637166956741315,0.9971816912800266,0.0028183087706565857,11842,9594799,18034,9117
lung_constrained_probability_highsens_tta,0.25,75,0.4514628626008739,0.29154151469633893,0.5186793263034883,0.9983013332281951,0.3996691176469119,0.997257881424053,0.0027421186678111553,10871,9596504,16329,10088
lung_constrained_probability_highsens_tta,0.25,100,0.4426836841766189,0.2842606088940667,0.49315329929839535,0.9983977668185842,0.4015852047554582,0.9972985715282197,0.002701428486034274,10336,9597431,15402,10623
lung_constrained_probability_highsens_tta,0.25,150,0.42184030124543265,0.26729886815531745,0.4169092036831829,0.9987796521587331,0.4268894425714852,0.9975137515943868,0.0024862485006451607,8738,9601102,11731,12221
lung_constrained_probability_highsens_tta,0.25,200,0.41371622697584437,0.2608084593761676,0.37186888687419634,0.9990715536200401,0.46617620671064885,0.9977070295891785,0.0022929704282432795,7794,9603908,8925,13165
lung_constrained_probability_highsens_tta,0.26,0,0.4617383878512491,0.3001689596909727,0.5933489193183866,0.9978704508858097,0.3779135138419249,0.9969903855096717,0.003009614534676075,12436,9592362,20471,8523
lung_constrained_probability_highsens_tta,0.26,3,0.46207883439564723,0.30045677550322636,0.5931580705183486,0.9978759643489064,0.3784474885843597,0.9969954717726925,0.0030045281164348125,12432,9592415,20418,8527
lung_constrained_probability_highsens_tta,0.26,5,0.46253841139762314,0.3008455071831042,0.5924900997182153,0.9978863671094661,0.3793377321601969,0.9970043986833005,0.002995601389557123,12418,9592515,20318,8541
lung_constrained_probability_highsens_tta,0.26,10,0.46454740164572494,0.3025475368914905,0.5898659287176917,0.9979294345381836,0.3831468683173573,0.9970416633450245,0.0029583366122096777,12363,9592929,19904,8596
lung_constrained_probability_highsens_tta,0.26,15,0.46614750689894036,0.3039063462722603,0.588339138317387,0.9979593944885957,0.3859830344006054,0.9970682364742762,0.002931763418018818,12331,9593217,19616,8628
lung_constrained_probability_highsens_tta,0.26,20,0.46875896494339536,0.30613009592318496,0.5847130111166636,0.9980158814784352,0.3911836057199977,0.9971167116749033,0.002883288310840726,12255,9593760,19073,8704
lung_constrained_probability_highsens_tta,0.26,30,0.46950250106625513,0.3067646313655164,0.5776993177152642,0.998074344992781,0.395440739410041,0.9971597892086512,0.002840210683643818,12108,9594322,18511,8851
lung_constrained_probability_highsens_tta,0.26,50,0.47030245106814206,0.3074479993751315,0.5634810821124273,0.9981843021718978,0.4035675232366035,0.9972385743848311,0.002761425683274865,11810,9595379,17454,9149
lung_constrained_probability_highsens_tta,0.26,75,0.4554263565890514,0.29485570890832613,0.5157688821029077,0.9983664545092993,0.40772451250314645,0.9973165291507218,0.002683470956981182,10810,9597130,15703,10149
lung_constrained_probability_highsens_tta,0.26,100,0.44659563409553743,0.28749477206181867,0.49196049429815736,0.9984493645109606,0.40889082761612844,0.9973474619339914,0.0026525380089879036,10311,9597927,14906,10648
lung_constrained_probability_highsens_tta,0.26,150,0.42693108091555226,0.2714001120586841,0.41600267188300205,0.9988383237282902,0.43844916021299485,0.9975703232953328,0.0024296767078340054,8719,9601666,11167,12240
lung_constrained_probability_highsens_tta,0.26,200,0.4063271563066972,0.25496271578867,0.3572689536712833,0.9991251278369229,0.4710026418414448,0.9977287240579816,0.002271275967359543,7488,9604423,8410,13471
lung_constrained_probability_highsens_tta,0.27,0,0.46499051767834,0.3029235474005375,0.5907724605178726,0.9979281862069164,0.38336739116961316,0.9970423899540275,0.002957609947770834,12382,9592917,19916,8577
lung_constrained_probability_highsens_tta,0.27,3,0.46534188114521907,0.3032218547102038,0.5904861873178154,0.9979344278632523,0.38396624472561924,0.9970479952234791,0.0029520047828555107,12376,9592977,19856,8583
lung_constrained_probability_highsens_tta,0.27,5,0.46594441827593674,0.30373372635708584,0.5899613531177108,0.99794535076184,0.38501058662336995,0.9970577525443761,0.002942247549071908,12365,9593082,19751,8594
lung_constrained_probability_highsens_tta,0.27,10,0.46786671482056913,0.30536946057260056,0.5871940455171586,0.9979877940249239,0.3888467614532737,0.997094082994525,0.0029059171210974455,12307,9593490,19343,8652
lung_constrained_probability_highsens_tta,0.27,15,0.4686525473989423,0.3060393293520137,0.584379025716597,0.9980170257820967,0.3911849249439824,0.9971171268800479,0.002882873173803091,12248,9593771,19062,8711
lung_constrained_probability_highsens_tta,0.27,20,0.47074950766488965,0.3078302148826332,0.5816594303160544,0.9980605093212366,0.3953624128424208,0.9971545991443442,0.00284540094435215,12191,9594189,18644,8768
lung_constrained_probability_highsens_tta,0.27,30,0.4726019349025748,0.30941635039483295,0.5756954053148644,0.9981236540778343,0.4008238381555324,0.9972046313642635,0.002795368665829301,12066,9594796,18037,8893
lung_constrained_probability_highsens_tta,0.27,50,0.473670442883781,0.3103330081471484,0.5615725941120465,0.9982348595882182,0.40956225207028685,0.9972848697584493,0.0027151303365826607,11770,9595865,16968,9189
lung_constrained_probability_highsens_tta,0.27,75,0.45694662313976836,0.29613144301563465,0.514242091702603,0.9983941258523882,0.41113866107174857,0.9973408186516785,0.0026591813657432795,10778,9597396,15437,10181
lung_constrained_probability_highsens_tta,0.27,100,0.4504133137455982,0.290666742132587,0.49005200629777657,0.9985043951143218,0.41670723790960046,0.9973982207629136,0.0026017792988568544,10271,9598456,14377,10688
lung_constrained_probability_highsens_tta,0.27,150,0.42949176807433925,0.2734731084775804,0.41509614008282114,0.9988708843688422,0.4449217551393858,0.9976008408734578,0.0023991591297090054,8700,9601979,10854,12259
lung_constrained_probability_highsens_tta,0.27,200,0.3951702033597494,0.24623807720111351,0.3411899422680752,0.9991592488915589,0.4694413444492421,0.9977277898464063,0.002272210083901882,7151,9604751,8082,13808
lung_constrained_probability_highsens_tta,0.28,0,0.4676364050142298,0.30517326732665717,0.5882437139173681,0.9979775993195753,0.38807050676726845,0.9970861940967783,0.002913805888965726,12329,9593392,19441,8630
lung_constrained_probability_highsens_tta,0.28,3,0.46799946839808093,0.30548257571994614,0.58805286511733,0.9979832168102776,0.3886541372349935,0.9970913841610853,0.0029086158610880375,12325,9593446,19387,8634
lung_constrained_probability_highsens_tta,0.28,5,0.468508581649262,0.30591655691665487,0.5873848943171966,0.9979939316536541,0.38965026111714207,0.9971006224755518,0.0028993776068091393,12311,9593549,19284,8648
lung_constrained_probability_highsens_tta,0.28,10,0.4707802180923686,0.3078564792727778,0.5849992843167208,0.9980372071375827,0.39387709210048705,0.9971386137462788,0.00286138616502285,12261,9593965,18868,8698
lung_constrained_probability_highsens_tta,0.28,15,0.4713971184672117,0.30838429271736284,0.5822796889161781,0.9980635261217989,0.39598948700464126,0.9971589587983621,0.0028410411905497313,12204,9594218,18615,8755
lung_constrained_probability_highsens_tta,0.28,20,0.4739110929056754,0.310539635471175,0.579607805715645,0.9981108586823458,0.4008182658042758,0.9972003755115317,0.00279962457716465,12148,9594673,18160,8811
lung_constrained_probability_highsens_tta,0.28,30,0.47503357825699716,0.31150428723148166,0.5737392051144741,0.9981645369268343,0.4053052007144139,0.9972411694169846,0.002758830552920699,12025,9595189,17644,8934
lung_constrained_probability_highsens_tta,0.28,50,0.4751670763167086,0.31161910851775465,0.5580418913113421,0.9982758464648237,0.41372479660402767,0.9973180861700139,0.002681913785636425,11696,9596259,16574,9263
lung_constrained_probability_highsens_tta,0.28,75,0.4582372533947267,0.29721645201487407,0.5119996183021556,0.9984243978856171,0.4146925841479249,0.9973661461654965,0.002633853815495968,10731,9597687,15146,10228
lung_constrained_probability_highsens_tta,0.28,100,0.45270016565423465,0.2925742998257651,0.4889546256975576,0.9985365396444514,0.42145089652886103,0.9974279079307494,0.002572091994807124,10248,9598765,14068,10711
lung_constrained_probability_highsens_tta,0.28,150,0.43188542728550394,0.27541701021111326,0.41438045708267834,0.998899908070804,0.4509345794390182,0.9976282444129986,0.002371755661442876,8685,9602258,10575,12274
lung_constrained_probability_highsens_tta,0.28,200,0.39300239567652995,0.24455692691712502,0.3365618588671518,0.9991797423298616,0.4721868933660404,0.9977381699750203,0.0022618300281465054,7054,9604948,7885,13905
lung_constrained_probability_highsens_tta,0.29,0,0.4700683005222082,0.30724789915958706,0.5861443771169492,0.9980208748035039,0.39236665602031545,0.9971248081752222,0.0028751918580383062,12285,9593808,19025,8674
lung_constrained_probability_highsens_tta,0.29,3,0.4703336269965009,0.3074746463001609,0.5858581039168921,0.9980259721561782,0.3928651415772219,0.9971292716305262,0.002870728261768818,12279,9593857,18976,8680
lung_constrained_probability_highsens_tta,0.29,5,0.4711756346736431,0.30819474451080037,0.5853332697167873,0.9980393917173003,0.39427928651763,0.9971415201822907,0.0028584797400981188,12268,9593986,18847,8691
lung_constrained_probability_highsens_tta,0.29,10,0.4725436322122843,0.30936637024643177,0.5826136743162448,0.9980742409651755,0.397454675650035,0.9971703769398375,0.0028296231757849455,12211,9594321,18512,8748
lung_constrained_probability_highsens_tta,0.29,15,0.4733207539828286,0.310032873779896,0.5804666253158164,0.998098167314463,0.3995664739883081,0.9971895801777733,0.0028104197699576616,12166,9594551,18282,8793
lung_constrained_probability_highsens_tta,0.29,20,0.47601642791163595,0.31235010444327505,0.5778901665153023,0.9981464361234602,0.4046775810222503,0.9972321387050904,0.0027678613550961018,12112,9595015,17818,8847
lung_constrained_probability_highsens_tta,0.29,30,0.4768609669270973,0.31307776675188986,0.5720215659141313,0.9981966814569639,0.40884599645327757,0.9972695071681007,0.0027304927352815866,11989,9595498,17335,8970
lung_constrained_probability_highsens_tta,0.29,50,0.47572994570218713,0.3121034519840004,0.5538909299105139,0.9983109037679101,0.41690009337053185,0.9973440364915488,0.0026559634134173393,11609,9596596,16237,9350
lung_constrained_probability_highsens_tta,0.29,75,0.459425235550306,0.2982167734744224,0.5106636767018891,0.9984467638208206,0.41753140360442476,0.9973855570060045,0.0026144429575651884,10703,9597902,14931,10256
lung_constrained_probability_highsens_tta,0.29,100,0.4556092994225853,0.2950090927459242,0.4876186840972911,0.998576486245001,0.4275435073626056,0.9974648611886151,0.0025351387448608875,10220,9599149,13684,10739
lung_constrained_probability_highsens_tta,0.29,150,0.43271175016839347,0.27608944954119646,0.41352163748250703,0.9989146799907989,0.4537696335076158,0.9976411157724799,0.0023588843178004026,8667,9602400,10433,12292
lung_constrained_probability_highsens_tta,0.29,200,0.3937175115979002,0.24511100285327958,0.3360847368670566,0.999190769256055,0.4752074478847229,0.9977481348984897,0.0022518651094287634,7044,9605054,7779,13915
lung_constrained_probability_highsens_tta,0.3,0,0.4722179348664007,0.30908723543963507,0.5839019037165017,0.998061445569687,0.3963981472482763,0.9971604120163681,0.0028395880945026875,12238,9594198,18635,8721
lung_constrained_probability_highsens_tta,0.3,3,0.47256503853053045,0.3093847204308451,0.5837110549164637,0.9980667509775725,0.39697579336738364,0.9971652906768166,0.0028347093611955643,12234,9594249,18584,8725
lung_constrained_probability_highsens_tta,0.3,5,0.4733895185507172,0.31009188283661354,0.5828999475163018,0.998081834980384,0.39851905010425415,0.9971785772414425,0.0028214226476848125,12217,9594394,18439,8742
lung_constrained_probability_highsens_tta,0.3,10,0.4745438952127564,0.3110832843524799,0.580800610715883,0.9981096103510787,0.4011534025373534,0.9972017249282515,0.002798275090754032,12173,9594661,18172,8786
lung_constrained_probability_highsens_tta,0.3,15,0.47530500961114214,0.31173776565627753,0.5780810153153404,0.9981371776665621,0.4035572727574181,0.9972233155957686,0.002776684472337365,12116,9594926,17907,8843
lung_constrained_probability_highsens_tta,0.3,20,0.4775451177716521,0.31366782907398283,0.5750751467147406,0.998182949813025,0.4082994579944416,0.9972624486806432,0.0027375512290745974,12053,9595366,17467,8906
lung_constrained_probability_highsens_tta,0.3,30,0.4790075953424961,0.3149309581531794,0.5702085023137696,0.9982326750085007,0.4129578438146465,0.9973014779642316,0.002698522061109543,11951,9595844,16989,9008
lung_constrained_probability_highsens_tta,0.3,50,0.476068552549974,0.3123949921412627,0.5500262417097428,0.9983414878839558,0.41964253212463337,0.9973661461654965,0.002633853815495968,11528,9596890,15943,9431
lung_constrained_probability_highsens_tta,0.3,75,0.46072191417280617,0.2993103834939731,0.5094231595016415,0.9984694418388409,0.4205198897201967,0.9974054868529434,0.0025945131201297045,10677,9598120,14713,10282
lung_constrained_probability_highsens_tta,0.3,100,0.45776481149002296,0.2968190681294791,0.48661672789709115,0.9986058220297794,0.43214270581736697,0.9974919533242975,0.0025080465711653233,10199,9599431,13402,10760
lung_constrained_probability_highsens_tta,0.3,150,0.4344644884570621,0.27751813053979774,0.4108020420819644,0.9989528581220531,0.4610194902546257,0.9976732941711831,0.002326705725863576,8610,9602767,10066,12349
lung_constrained_probability_highsens_tta,0.3,200,0.38994703031658123,0.2421951560967933,0.33016842406587615,0.9992080378385841,0.4761577100388934,0.9977524945525076,0.0022475053556263447,6920,9605220,7613,14039
lung_constrained_probability_highsens_tta,0.31,0,0.47454266218229857,0.311082224601032,0.5823274011161876,0.9980988955077021,0.4004265091862203,0.9971943550369357,0.002805644879117608,12205,9594558,18275,8754
lung_constrained_probability_highsens_tta,0.31,3,0.47498005021497597,0.3114582535670645,0.582184264516159,0.9981048250812212,0.4011176857329385,0.9971999603063872,0.002800039714202285,12202,9594615,18218,8757
lung_constrained_probability_highsens_tta,0.31,5,0.47539512195112676,0.3118152964061862,0.5812300205159686,0.9981161640902313,0.4021656597667947,0.9972091986208537,0.0027908014599233866,12182,9594724,18109,8777
lung_constrained_probability_highsens_tta,0.31,10,0.476888033617312,0.31310110099777916,0.5793692447155974,0.9981458119578267,0.4052124003068691,0.9972347337372439,0.0027652662247419357,12143,9595009,17824,8816
lung_constrained_probability_highsens_tta,0.31,15,0.4781834724473915,0.31421887184811176,0.5767450737150738,0.9981783725983787,0.4083921754111935,0.997261514469068,0.0027384855784475803,12088,9595322,17511,8871
lung_constrained_probability_highsens_tta,0.31,20,0.4791134185302558,0.315022450962289,0.5724032635142076,0.998218631281745,0.4119707427628131,0.9972922396497652,0.002707760315388441,11997,9595709,17124,8962
lung_constrained_probability_highsens_tta,0.31,30,0.4822135985123126,0.31770847204828145,0.5691588339135601,0.9982743900783454,0.4183118841391386,0.9973408186516785,0.0026591813657432795,11929,9596245,16588,9030
lung_constrained_probability_highsens_tta,0.31,50,0.47764105330861,0.31375061337977384,0.5491197099095619,0.9983643739571874,0.42262779083415736,0.9973870102240106,0.0026129898615181446,11509,9597110,15723,9450
lung_constrained_probability_highsens_tta,0.31,75,0.4608739065314071,0.2994386934814263,0.5065127153010609,0.9984922238844668,0.42277976901615977,0.9974218874561533,0.002578112529590726,10616,9598339,14494,10343
lung_constrained_probability_highsens_tta,0.31,100,0.4565713124561522,0.2958162668226168,0.4824180542962534,0.9986246510263926,0.43335333447607005,0.9975016068439084,0.00249839317984879,10111,9599612,13221,10848
lung_constrained_probability_highsens_tta,0.31,150,0.4351589390563791,0.2780850719714449,0.41018178348184064,0.9989643011586689,0.46337519538594113,0.9976833628959386,0.002316637197509408,8597,9602877,9956,12362
lung_constrained_probability_highsens_tta,0.31,200,0.38347915009647104,0.23722499472825007,0.3220573500642578,0.9992203130960448,0.4738504738501412,0.9977470968856282,0.0022529030684381723,6750,9605338,7495,14209
lung_constrained_probability_highsens_tta,0.32,0,0.4766437511016165,0.31289053459839217,0.5805620497158354,0.9981347850316333,0.4042793541097733,0.9972263258330666,0.0027736742049455643,12168,9594903,17930,8791
lung_constrained_probability_highsens_tta,0.32,3,0.4770793302222507,0.3132660418167903,0.5804666253158164,0.99814029849473,0.4049529008419915,0.9972316196986597,0.0027683803346008062,12166,9594956,17877,8793
lung_constrained_probability_highsens_tta,0.32,5,0.4773227479955044,0.3134759827580948,0.5794646691156164,0.9981499730620506,0.4057937117844212,0.9972390933912618,0.0027609067037701607,12145,9595049,17784,8814
lung_constrained_probability_highsens_tta,0.32,10,0.47910279486510693,0.3150132653591232,0.5778424543152928,0.9981808692609131,0.4091830529088421,0.9972663931295165,0.002733606845140457,12111,9595346,17487,8848
lung_constrained_probability_highsens_tta,0.32,15,0.480003188330614,0.315792233671487,0.5746457369146549,0.9982128057358315,0.41212701888844366,0.9972913054381899,0.002708694664761424,12044,9595653,17180,8915
lung_constrained_probability_highsens_tta,0.32,20,0.4813124509940929,0.31692657999938656,0.5711150341139505,0.9982512959499027,0.41591382904780544,0.9973220306188872,0.002677969401702285,11970,9596023,16810,8989
lung_constrained_probability_highsens_tta,0.32,30,0.48350393540220965,0.3188296670789225,0.5656758433128652,0.9983119440439661,0.4221771178291414,0.9973707134220866,0.0026292866095900536,11856,9596606,16227,9103
lung_constrained_probability_highsens_tta,0.32,50,0.4794291913543188,0.3152955381152749,0.5482131781093811,0.9983893405825307,0.42598153709249026,0.9974099503082473,0.00259004975669086,11490,9597350,15483,9469
lung_constrained_probability_highsens_tta,0.32,75,0.46185196546727253,0.30026496481372683,0.5028388759003278,0.9985290496568484,0.4270432351390141,0.997450640412414,0.0025493595749139786,10539,9598693,14140,10420
lung_constrained_probability_highsens_tta,0.32,100,0.45799519426928914,0.29701281900496973,0.48198864449616774,0.998642127664133,0.43627726193028016,0.9975181112484046,0.002481888746842742,10102,9599780,13053,10857
lung_constrained_probability_highsens_tta,0.32,150,0.4361070213737026,0.27885988832610087,0.409847798081774,0.9989758482228902,0.4659614863029748,0.9976941582296972,0.0023058417718857527,8590,9602988,9845,12369
lung_constrained_probability_highsens_tta,0.32,200,0.38415988156909864,0.23774622079698446,0.3219142134642292,0.9992281151664645,0.4762476177027767,0.9977545705782304,0.0022454294376075268,6747,9605413,7420,14212
lung_constrained_probability_highsens_tta,0.33,0,0.4785849503075251,0.31456567384702944,0.5789875471155213,0.9981672416445798,0.40785803112277486,0.9972552863918995,0.0027447135653346777,12135,9595215,17618,8824
lung_constrained_probability_highsens_tta,0.33,3,0.47901614749881977,0.31493835171958084,0.5788921227155022,0.9981726510800708,0.4085322738137956,0.9972604764562065,0.0027395235374569893,12133,9595267,17566,8826
lung_constrained_probability_highsens_tta,0.33,5,0.4793336103360679,0.3152128656187376,0.5779378787153118,0.9981827417578139,0.40947197620160586,0.9972684691552393,0.0027315309271216393,12113,9595364,17469,8846
lung_constrained_probability_highsens_tta,0.33,10,0.4809411015345686,0.3166046438491754,0.5764110883150072,0.9982108292113252,0.41260245901625253,0.9972931738613404,0.0027068261988461018,12081,9595634,17199,8878
lung_constrained_probability_highsens_tta,0.33,15,0.48174889691125516,0.31730515191537195,0.5730235221143313,0.9982428697138492,0.41555655513635664,0.9973177747661555,0.002682225313037634,12010,9595942,16891,8949
lung_constrained_probability_highsens_tta,0.33,20,0.48333636860307105,0.31868395773286406,0.5698268047136935,0.9982817760383428,0.41964160224862274,0.9973496417610003,0.002650358248502016,11943,9596316,16517,9016
lung_constrained_probability_highsens_tta,0.33,30,0.48369397694336896,0.3189949585297558,0.5615248819120371,0.9983423201048006,0.42481230147255816,0.9973919926857452,0.002608007285743952,11769,9596898,15935,9190
lung_constrained_probability_highsens_tta,0.33,50,0.480812830632194,0.3164934777801469,0.5464001145090193,0.9984161797047749,0.42928365258446255,0.997432786591198,0.0025672134943306446,11452,9597608,15225,9507
lung_constrained_probability_highsens_tta,0.33,75,0.46352744251597583,0.3016828645966854,0.5020754807001755,0.9985517276748687,0.4304765800775494,0.9974716082722141,0.0025283917784690857,10523,9598911,13922,10436
lung_constrained_probability_highsens_tta,0.33,100,0.45606837606827216,0.2953941541186019,0.47736056109524433,0.9986568995841278,0.43659451911309277,0.9975227823062809,0.002477217698469758,10005,9599922,12911,10954
lung_constrained_probability_highsens_tta,0.33,150,0.43326777184591353,0.2765423242466817,0.4046471682807363,0.9989899959772516,0.46624518966439454,0.9976969608644229,0.002303039189428091,8481,9603124,9709,12478
lung_constrained_probability_highsens_tta,0.33,200,0.38454078722179563,0.23803806631581692,0.32162794026417213,0.9992343568228004,0.4780512020420693,0.9977601758476818,0.00223982403986156,6741,9605473,7360,14218
lung_constrained_probability_highsens_tta,0.34,0,0.4810136638067046,0.3166675383085831,0.5777947421152833,0.9982020908924549,0.4120028578231511,0.9972874647906028,0.0027125352062284946,12110,9595550,17283,8849
lung_constrained_probability_highsens_tta,0.34,3,0.48126875608631653,0.31688869114598217,0.5776993177152642,0.9982055238034397,0.4124259145716968,0.997290682630473,0.0027093172539025545,12108,9595583,17250,8851
lung_constrained_probability_highsens_tta,0.34,5,0.48159735368541506,0.3171736790991057,0.5765542249150357,0.9982169668400555,0.41349575691198553,0.9972996095410811,0.002700390527024865,12084,9595693,17140,8875
lung_constrained_probability_highsens_tta,0.34,10,0.4830944984466414,0.3184736939459561,0.5750274345147312,0.9982435979070884,0.41650539120803964,0.9973228610291763,0.0026771388947963715,12052,9595949,16884,8907
lung_constrained_probability_highsens_tta,0.34,15,0.4843759468357032,0.3195884532344485,0.5720692781141409,0.9982775109065133,0.41999439540408434,0.9973502645687171,0.002649735426530242,11990,9596275,16558,8969
lung_constrained_probability_highsens_tta,0.34,20,0.4847348469407564,0.3199010060794319,0.567393482513208,0.9983131923752333,0.4230974490338979,0.9973756958838214,0.0026243040338158607,11892,9596618,16215,9067
lung_constrained_probability_highsens_tta,0.34,30,0.4860829645559192,0.3210763556890258,0.5607614867118847,0.9983723840828184,0.4289572612137563,0.9974203304368613,0.0025796694681048393,11753,9597187,15646,9206
lung_constrained_probability_highsens_tta,0.34,50,0.48289013666691755,0.31829608938538595,0.5436805191084767,0.9984561263053244,0.4343268790972578,0.9974667296117656,0.0025332702789455652,11395,9597992,14841,9564
lung_constrained_probability_highsens_tta,0.34,75,0.4657273250918371,0.30354925347263595,0.5015029343000613,0.9985781506866904,0.43471607593348166,0.9974967281834599,0.0025032719131559134,10511,9599165,13668,10448
lung_constrained_probability_highsens_tta,0.34,100,0.45792437650834206,0.296953255425621,0.4752612242948255,0.9986908125835527,0.4418078594870745,0.9975520542689722,0.0024479457642883062,9961,9600248,12585,10998
lung_constrained_probability_highsens_tta,0.34,150,0.43481640797065774,0.277805370682998,0.40030535807987006,0.9990385768690656,0.475839382939839,0.9977359901480114,0.002264009788632393,8390,9603591,9242,12569
lung_constrained_probability_highsens_tta,0.34,200,0.38509032700652157,0.23845935995460263,0.32138937926412453,0.9992417427827979,0.48028520499074484,0.997767026732567,0.0022329732310026884,6736,9605544,7289,14223
lung_constrained_probability_highsens_tta,0.35,0,0.4831873975449836,0.3185544455280285,0.5766019371150453,0.9982338193121623,0.4158208030828146,0.9973165291507218,0.002683470956981182,12085,9595855,16978,8874
lung_constrained_probability_highsens_tta,0.35,3,0.48352044185617993,0.3188440221693537,0.5764110883150072,0.9982387086096254,0.4164138976973609,0.9973209926060258,0.0026790073607116938,12081,9595902,16931,8878
lung_constrained_probability_highsens_tta,0.35,5,0.48384444132443816,0.3191258565493772,0.5755045565148263,0.998248383176946,0.41737024221438845,0.9973286739012002,0.002671326044946909,12062,9595995,16838,8897
lung_constrained_probability_highsens_tta,0.35,10,0.48517965882959935,0.3202885818490748,0.5740254783145312,0.9982727256366558,0.4201501658807682,0.9973497455622865,0.0026502544060349464,12031,9596229,16604,8928
lung_constrained_probability_highsens_tta,0.35,15,0.4864458443404824,0.32139308826284974,0.5710673219139409,0.9983062225256583,0.423666418887677,0.9973767338966827,0.002623266074806452,11969,9596551,16282,8990
lung_constrained_probability_highsens_tta,0.35,20,0.48700859258034024,0.3218845726367422,0.5665346629130366,0.9983428402428286,0.4270608545531481,0.9974034108272205,0.002596589270979166,11874,9596903,15930,9085
lung_constrained_probability_highsens_tta,0.35,30,0.4886732739234429,0.32334058909422664,0.5599026671117133,0.9984048406957647,0.4335217407364758,0.9974508480149863,0.0025491518899798393,11735,9597499,15334,9224
lung_constrained_probability_highsens_tta,0.35,50,0.48243479745582396,0.317900540053916,0.5392432845075914,0.9984819251515127,0.4364549140759079,0.9974828188111172,0.0025171812158077955,11302,9598240,14593,9657
lung_constrained_probability_highsens_tta,0.35,75,0.46879953562089066,0.3061647031376688,0.500930387899947,0.9986129999345656,0.4405421282307651,0.997530255998883,0.0024697440676391125,10499,9599500,13333,10460
lung_constrained_probability_highsens_tta,0.35,100,0.46132449410063253,0.2998192226573366,0.4747841022947303,0.9987276383559343,0.4486069786311204,0.9975877619114042,0.002412238158285618,9951,9600602,12231,11008
lung_constrained_probability_highsens_tta,0.35,150,0.437332081279068,0.2798624557654137,0.3999713726798034,0.9990642716876482,0.48239152951980524,0.9977609024566848,0.00223909760825336,8383,9603838,8995,12576
lung_constrained_probability_highsens_tta,0.35,200,0.3879573609909571,0.24066197233433154,0.32124624266409596,0.9992699342639147,0.4896371173002039,0.9977948454772524,0.002205154625698924,6733,9605815,7018,14226
lung_constrained_probability_highsens_tta,0.36,0,0.48536811174164046,0.3204528542573827,0.5753137077147882,0.9982659638422919,0.41974449124502394,0.9973458011134132,0.0026541987899690866,12058,9596164,16669,8901
lung_constrained_probability_highsens_tta,0.36,3,0.4856935600869498,0.3207366404086862,0.5750274345147312,0.998271373277783,0.4203843873171647,0.9973505759725756,0.0026494241319596767,12052,9596216,16617,8907
lung_constrained_probability_highsens_tta,0.36,5,0.48617534788833516,0.32115697627869866,0.5742640393145788,0.9982816720107371,0.42151712544637476,0.9973591914793252,0.002640808466821909,12036,9596315,16518,8923
lung_constrained_probability_highsens_tta,0.36,10,0.48732737611687915,0.3221631491326132,0.572450975714217,0.9983061184980526,0.4242424242422742,0.9973796403326947,0.0026203596498817205,11998,9596550,16283,8961
lung_constrained_probability_highsens_tta,0.36,15,0.4887978701616857,0.3234496964439713,0.5693973949136077,0.9983421120495894,0.4281870044130357,0.997408912295386,0.0025910877157002687,11934,9596896,15937,9025
lung_constrained_probability_highsens_tta,0.36,20,0.4888063551015189,0.323457127252779,0.5651510091127605,0.9983708236687343,0.43063331636718144,0.997428323135894,0.0025716768577694893,11845,9597172,15661,9114
lung_constrained_probability_highsens_tta,0.36,30,0.49032906304938245,0.32479201331105806,0.5588052865114944,0.998429079127869,0.4368030432997289,0.9974726462850756,0.0025273538194596767,11712,9597732,15101,9247
lung_constrained_probability_highsens_tta,0.36,50,0.48495400223530116,0.32009193314975454,0.5382413283073915,0.9985140696816424,0.4412673577154542,0.9975127135815254,0.0024872864596545696,11281,9598549,14284,9678
lung_constrained_probability_highsens_tta,0.36,75,0.47020565610341786,0.3073652729724074,0.5001669926997947,0.9986323490692068,0.4436309775706967,0.9975479022175266,0.0024520978331565857,10483,9599686,13147,10476
lung_constrained_probability_highsens_tta,0.36,100,0.4635050969230765,0.30166393392837143,0.47402070709457794,0.9987542694229673,0.45344591510705,0.9976126742200777,0.002387325745075941,9935,9600858,11975,11024
lung_constrained_probability_highsens_tta,0.36,150,0.43789396594553454,0.28032281829740796,0.3993988262796892,0.9990738422273632,0.4846011346529555,0.997769206559576,0.002230793470516801,8371,9603930,8903,12588
lung_constrained_probability_highsens_tta,0.36,200,0.3882553338913912,0.24089134095215817,0.3208168328640103,0.999276592030673,0.49159233806076064,0.9978005545479901,0.0021994453854858875,6724,9605879,6954,14235
lung_constrained_probability_highsens_tta,0.37,0,0.4876230604058487,0.32242164478962704,0.5742640393145788,0.99829696406876,0.42369838420092804,0.9973744502683877,0.002625549677759409,12036,9596462,16371,8923
lung_constrained_probability_highsens_tta,0.37,3,0.4878820451456208,0.3226481397032317,0.5738823417145026,0.9983022694766455,0.42429801044150406,0.9973789137236916,0.0026210863143205643,12028,9596513,16320,8931
lung_constrained_probability_highsens_tta,0.37,5,0.4883144331991041,0.3230264573025589,0.5732143709143693,0.9983113198783325,0.42531950295591553,0.9973864912175798,0.002613508841022849,12014,9596600,16233,8945
lung_constrained_probability_highsens_tta,0.37,10,0.48974086487360224,0.3242760487143913,0.5716875805140648,0.9983364945588872,0.42834161512872115,0.9974082894876691,0.002591710537672043,11982,9596842,15991,8977
lung_constrained_probability_highsens_tta,0.37,15,0.4908372112176233,0.325238082244024,0.568681711913465,0.9983680149233832,0.43173832723568956,0.9974332017963425,0.002566798124462366,11919,9597145,15688,9040
lung_constrained_probability_highsens_tta,0.37,20,0.49136140875477796,0.3256985547142944,0.5644830383126272,0.9984015118123857,0.43501121447202445,0.9974574912972992,0.002542508766055107,11831,9597467,15366,9128
lung_constrained_probability_highsens_tta,0.37,30,0.4920333839149191,0.32628930817600943,0.5569445107111232,0.9984587269954643,0.4406734871076897,0.9974981814014658,0.002501818584278226,11673,9598017,14816,9286
lung_constrained_probability_highsens_tta,0.37,50,0.4870670095294667,0.3219356128773326,0.5377164941072867,0.9985386201965634,0.4451378465911821,0.9975360688709067,0.00246393121778965,11270,9598785,14048,9689
lung_constrained_probability_highsens_tta,0.37,75,0.46930675206340056,0.3065975189320486,0.4964454410990522,0.9986499297345528,0.44498139674103193,0.9975573481345653,0.002442651893943548,10405,9599855,12978,10554
lung_constrained_probability_highsens_tta,0.37,100,0.46384309667698337,0.3019503383239025,0.47053771649388304,0.9987826689592955,0.4573363012426,0.9976334344773056,0.0023665656335651875,9862,9601131,11702,11097
lung_constrained_probability_highsens_tta,0.37,150,0.43835544325109543,0.28070116298659004,0.3972994894792703,0.999094335665666,0.48887453766189815,0.9977850881563554,0.0022149118594825268,8327,9604127,8706,12632
lung_constrained_probability_highsens_tta,0.37,200,0.391153790193397,0.24312689914620056,0.32067369626398173,0.9993045754565788,0.5013426823806494,0.9978281656901032,0.0021718342322856188,6721,9606148,6685,14238
lung_constrained_probability_highsens_tta,0.38,0,0.4894640309760568,0.3240333504221894,0.5729758099143217,0.9983249474946658,0.4271993169931958,0.9973995701796334,0.0026004298124462366,12009,9596731,16102,8950
lung_constrained_probability_highsens_tta,0.38,3,0.4897984167141741,0.3243265151718976,0.5726895367142646,0.9983303569301569,0.4278686771466767,0.9974043450387958,0.002595654921606183,12003,9596783,16050,8956
lung_constrained_probability_highsens_tta,0.38,5,0.49013715991077655,0.3246236326220284,0.5720215659141313,0.9983383670557879,0.42876046062498074,0.9974108845198226,0.002589115407317877,11989,9596860,15973,8970
lung_constrained_probability_highsens_tta,0.38,10,0.4913910006162952,0.3257245587273029,0.5705424877138363,0.9983612531290194,0.4315253870302654,0.9974305029629029,0.0025694970972836018,11958,9597080,15753,9001
lung_constrained_probability_highsens_tta,0.38,15,0.4930677885311809,0.32719971394770553,0.567584331313246,0.9983981829290065,0.43584670623564303,0.9974609167397418,0.0025390833616256714,11896,9597435,15398,9063
lung_constrained_probability_highsens_tta,0.38,20,0.4929551005071299,0.32710047369724177,0.5633856577124083,0.9984250220512507,0.4381772302210041,0.9974785629583856,0.0025214371271431446,11808,9597693,15140,9151
lung_constrained_probability_highsens_tta,0.38,30,0.49317102137756763,0.3272906403939966,0.5547497495106852,0.9984847338968638,0.44389722444911084,0.9975193568638383,0.0024806431028991938,11627,9598267,14566,9332
lung_constrained_probability_highsens_tta,0.38,50,0.4887575764157875,0.3234144097520777,0.5367145379070868,0.9985620264078229,0.44866783663032517,0.9975572443332792,0.002442755736410618,11249,9599010,13823,9710
lung_constrained_probability_highsens_tta,0.38,75,0.4690718134077908,0.3063970064147344,0.4922467674982145,0.9986774970500362,0.44798089448525924,0.997575720962212,0.0024242789950221777,10317,9600120,12713,10642
lung_constrained_probability_highsens_tta,0.38,100,0.4659504992663703,0.30373889437305535,0.4697743212937307,0.9988081557226668,0.4621884241653935,0.9976572049718315,0.0023427950218319893,9846,9601376,11457,11113
lung_constrained_probability_highsens_tta,0.38,150,0.4363463015438872,0.2790555875477528,0.39305310367842305,0.999109315640872,0.49035714285685095,0.997790797227093,0.002209202852100134,8238,9604271,8562,12721
lung_constrained_probability_highsens_tta,0.38,200,0.39123083202134246,0.24318643084943345,0.320148862063877,0.9993099848920699,0.5028854080787657,0.9978324215428349,0.0021675785537809134,6710,9606200,6633,14249
lung_constrained_probability_highsens_tta,0.39,0,0.49079880322954,0.32520435597308067,0.5713535951139981,0.998349706064798,0.43015194511281646,0.9974207456420059,0.0025792543310672045,11975,9596969,15864,8984
lung_constrained_probability_highsens_tta,0.39,3,0.4911359159552505,0.3255004351609211,0.5710196097139315,0.9983554275831059,0.4308600640816392,0.9974257281037405,0.0025742719881236553,11968,9597024,15809,8991
lung_constrained_probability_highsens_tta,0.39,5,0.49148188487690525,0.3258044301554844,0.5705424877138363,0.9983621893774698,0.4316655837122115,0.9974314371744782,0.0025685627479106188,11958,9597089,15744,9001
lung_constrained_probability_highsens_tta,0.39,10,0.4927650074416048,0.3269330992675407,0.568681711913465,0.9983877801684468,0.4347302768353814,0.9974529240407091,0.0025470759719610214,11919,9597335,15498,9040
lung_constrained_probability_highsens_tta,0.39,15,0.49443355710284487,0.328403677855232,0.5657712677128843,0.9984240858028004,0.43907135187157437,0.9974828188111172,0.0025171812158077955,11858,9597684,15149,9101
lung_constrained_probability_highsens_tta,0.39,20,0.49456590155669206,0.3285204593599263,0.5623359893121989,0.998448220207299,0.4413736284310971,0.9974994270168995,0.0025005729403346777,11786,9597916,14917,9173
lung_constrained_probability_highsens_tta,0.39,30,0.4938213737854752,0.3278637508132719,0.5529366859103235,0.9985032508106602,0.44612541863939403,0.9975338890438978,0.0024661109782755375,11589,9598445,14388,9370
lung_constrained_probability_highsens_tta,0.39,50,0.4888879176590353,0.3235285610989665,0.5337086693064871,0.9985835601221815,0.45101201515988587,0.9975721917184833,0.002427808241918683,11186,9599217,13616,9773
lung_constrained_probability_highsens_tta,0.39,75,0.4710649207946912,0.308100014972209,0.49091082589794793,0.9987063126967868,0.4527612761274135,0.9976015674824608,0.0023984324652701616,10289,9600397,12436,10670
lung_constrained_probability_highsens_tta,0.39,100,0.4675608828004977,0.3051089453099804,0.4690109260935784,0.9988287531885752,0.4661197780831399,0.9976760968059089,0.0023239031434059143,9830,9601574,11259,11129
lung_constrained_probability_highsens_tta,0.39,150,0.43663392620110525,0.2792909053860357,0.3923851328782898,0.9991171177112919,0.492130931721326,0.9977971291055475,0.0022028707899153233,8224,9604346,8487,12735
lung_constrained_probability_highsens_tta,0.39,200,0.391484639644787,0.24338259322455852,0.31981487666381037,0.9993152902999554,0.5045540082796353,0.9978369887994251,0.0021630111150443554,6703,9606251,6582,14256
lung_constrained_probability_highsens_tta,0.4,0,0.4919148585099225,0.3261850707075341,0.5689679851135221,0.9983771693526758,0.4332425068118317,0.9974429591172397,0.0025570408906787634,11925,9597233,15600,9034
lung_constrained_probability_highsens_tta,0.4,3,0.492030062768316,0.3262863871620543,0.5684908631134269,0.9983815385121109,0.4336985403849475,0.9974462807583961,0.0025537193287163973,11915,9597275,15558,9044
lung_constrained_probability_highsens_tta,0.4,5,0.49262835756074264,0.32681280693562875,0.5683477265133984,0.9983886123892916,0.4347127946863606,0.9974530278419952,0.002546972129493952,11912,9597343,15490,9047
lung_constrained_probability_highsens_tta,0.4,10,0.49410198264911603,0.32811118479212864,0.5665823751130461,0.9984153474839301,0.43806256455642684,0.9974758641249459,0.0025241358671337366,11875,9597600,15233,9084
lung_constrained_probability_highsens_tta,0.4,15,0.4955960070462848,0.3294301327087294,0.5637673553124845,0.9984490524281437,0.44213283442453055,0.9975033714657728,0.0024966285564005375,11816,9597924,14909,9143
lung_constrained_probability_highsens_tta,0.4,20,0.4953888361294724,0.3292470825851859,0.5599980915117324,0.9984719385013753,0.4441459168998546,0.9975180074471185,0.0024819925893098116,11737,9598144,14689,9222
lung_constrained_probability_highsens_tta,0.4,30,0.49535935523964264,0.32922103823570315,0.5513144711099999,0.9985291536844539,0.44971588697732945,0.9975562063204179,0.0024437936954200268,11555,9598694,14139,9404
lung_constrained_probability_highsens_tta,0.4,50,0.48949695356652895,0.32406220876039027,0.5308936495059254,0.9986084227199193,0.45408912830539744,0.9975908759499884,0.0024091240484267473,11127,9599456,13377,9832
lung_constrained_probability_highsens_tta,0.4,75,0.4708752387746034,0.3079377502181428,0.4880958060973863,0.9987244135001607,0.45482838342501564,0.9976135046303668,0.0023864954710006714,10230,9600571,12262,10729
lung_constrained_probability_highsens_tta,0.4,100,0.46811556170516305,0.30558151124390903,0.4681043942933975,0.9988404042804021,0.4681267296495524,0.9976857503255199,0.0023142497520893812,9811,9601686,11147,11148
lung_constrained_probability_highsens_tta,0.4,150,0.4368629746918496,0.2794783615375806,0.39162173767813746,0.9991251278369229,0.49392225297840053,0.997803460984002,0.0021965389605611563,8208,9604423,8410,12751
lung_constrained_probability_highsens_tta,0.4,200,0.39152448125482414,0.24341339155740777,0.3191469058636771,0.9993216359838968,0.5063588190760738,0.9978418674598736,0.002158132614567876,6689,9606312,6521,14270
lung_constrained_probability_highsens_tta,0.41,0,0.4938666223872447,0.3279036436799714,0.5676320435132556,0.9984059849994263,0.437068332108583,0.9974688056374884,0.0025311943609267473,11897,9597510,15323,9062
lung_constrained_probability_highsens_tta,0.41,3,0.4939441155083632,0.3279719700939863,0.5672026337131699,0.9984096259656223,0.43744480423887344,0.997471504470928,0.0025284956209361553,11888,9597545,15288,9071
lung_constrained_probability_highsens_tta,0.41,5,0.4944666333831556,0.3284328626301356,0.5670594971131413,0.9984158676219581,0.4383506067198619,0.997477421144238,0.002522578928619623,11885,9597605,15228,9074
lung_constrained_probability_highsens_tta,0.41,10,0.4957057270936161,0.32952709853497203,0.5645307505126368,0.9984450993791311,0.4418387542475664,0.9975010878374778,0.0024989121593534946,11832,9597886,14947,9127
lung_constrained_probability_highsens_tta,0.41,15,0.49712152843666374,0.33077959252390116,0.5623837015122084,0.9984733948878536,0.4454311843396397,0.9975246507294314,0.0024753492325544357,11787,9598158,14675,9172
lung_constrained_probability_highsens_tta,0.41,20,0.496956069829986,0.33063309718018274,0.5589007109115135,0.9984947205470012,0.4473724411852859,0.9975383524992019,0.002461647614836693,11714,9598363,14470,9245
lung_constrained_probability_highsens_tta,0.41,30,0.4971451963888357,0.330800550521754,0.5504556515098284,0.9985522478128966,0.45324899819264036,0.9975773817827903,0.0024226182140409946,11537,9598916,13917,9422
lung_constrained_probability_highsens_tta,0.41,50,0.4907384813326625,0.32515139044025954,0.5277446443052971,0.9986415034984994,0.45858208955204866,0.9976170338740955,0.002382966224104166,11061,9599774,13059,9898
lung_constrained_probability_highsens_tta,0.41,75,0.47285010295433616,0.30962913586222596,0.48757097189728155,0.9987469874905754,0.4589920948614539,0.9976348876953115,0.0023651123046875,10219,9600788,12045,10740
lung_constrained_probability_highsens_tta,0.41,100,0.4691186675918378,0.30643699002710273,0.46767498449331185,0.9988527835654682,0.47057129140639914,0.9976971684669952,0.002302831504493952,9802,9601805,11028,11157
lung_constrained_probability_highsens_tta,0.41,150,0.43763839607276966,0.2801133841056384,0.3913354644780804,0.9991342822662155,0.49636891793724497,0.9978119726894654,0.0021880273707211018,8202,9604511,8322,12757
lung_constrained_probability_highsens_tta,0.41,200,0.39210510880392047,0.24386240105050747,0.318956057063639,0.9993286058334718,0.5087906233347219,0.9978484069409004,0.0021515931002795696,6685,9606379,6454,14274
lung_constrained_probability_highsens_tta,0.42,0,0.49555230737095524,0.32939151676650863,0.5661529653129604,0.9984328241216706,0.4406074783704873,0.997492368529442,0.0025076314341276884,11866,9597768,15065,9093
lung_constrained_probability_highsens_tta,0.42,3,0.4957986706240342,0.32960924906888733,0.5658666921129033,0.9984371932811057,0.4411710002602235,0.9974961053757431,0.0025038947351276875,11860,9597810,15023,9099
lung_constrained_probability_highsens_tta,0.42,5,0.4960033479806453,0.329790194223293,0.5654849945128272,0.998441770495752,0.4417278521111991,0.9974998422220441,0.002500157803297043,11852,9597854,14979,9107
lung_constrained_probability_highsens_tta,0.42,10,0.4972731675474306,0.3309138805592773,0.5633856577124083,0.9984682975351793,0.4450474898234415,0.9975217442934196,0.002478255657479167,11808,9598109,14724,9151
lung_constrained_probability_highsens_tta,0.42,15,0.4985043596324547,0.33200519950256246,0.5605706379118467,0.9984989856788307,0.4488119795246204,0.9975462413969485,0.0024537586141377687,11749,9598404,14429,9210
lung_constrained_probability_highsens_tta,0.42,20,0.49850758997089833,0.3320080652030977,0.5578033303112945,0.9985171905098102,0.45060705338198087,0.9975583861474268,0.0024416139349341393,11691,9598579,14254,9268
lung_constrained_probability_highsens_tta,0.42,30,0.49892752681172164,0.33238070494491145,0.5493582709096095,0.9985766943002121,0.4569772979836256,0.9975993876554519,0.002400612458586693,11514,9599151,13682,9445
lung_constrained_probability_highsens_tta,0.42,50,0.49226378918257185,0.32649198556801134,0.5267426881050972,0.9986627251300414,0.4620213433770822,0.9976360295094591,0.0023639705032110214,11040,9599978,12855,9919
lung_constrained_probability_highsens_tta,0.42,75,0.47445408246308823,0.3110060975608808,0.4867121522971102,0.9987682091221174,0.4627982941654737,0.9976541947345334,0.00234580528922379,10201,9600992,11841,10758
lung_constrained_probability_highsens_tta,0.42,100,0.4698286208054175,0.30704313725480564,0.46695930149316905,0.9988644346572951,0.47273342027702614,0.9977072371917507,0.00229276274330914,9787,9601917,10916,11172
lung_constrained_probability_highsens_tta,0.42,150,0.4399215960045002,0.2819868507107218,0.3908583424779852,0.9991582086155029,0.5030704986486716,0.9978348089724162,0.0021651911083608866,8192,9604741,8092,12767
lung_constrained_probability_highsens_tta,0.42,200,0.39503472735321565,0.24613288155559584,0.31886063266361997,0.9993557570385329,0.5190276483375901,0.9978752914740106,0.0021247086115181446,6683,9606640,6193,14276
lung_constrained_probability_highsens_tta,0.43,0,0.4977398397913299,0.3313273246374262,0.5647693115126844,0.9984638243481386,0.44493309276783755,0.9975202910754136,0.0024797089863568544,11837,9598066,14767,9122
lung_constrained_probability_highsens_tta,0.43,3,0.49795901190916597,0.3315215868656791,0.5645784627126463,0.9984672572591233,0.4454021906875276,0.9975233013127116,0.0024766987189650536,11833,9598099,14734,9126
lung_constrained_probability_highsens_tta,0.43,5,0.4981769900312972,0.331714847038919,0.563910491912513,0.998473810998276,0.4461683654207451,0.9975283875757325,0.0024716125335544348,11819,9598162,14671,9140
lung_constrained_probability_highsens_tta,0.43,10,0.49963963200057243,0.33301308316134026,0.5622882771121893,0.998498881651225,0.44955178332998297,0.9975498744419633,0.0024501255247741938,11785,9598403,14430,9174
lung_constrained_probability_highsens_tta,0.43,15,0.5006724877776947,0.3339313683610042,0.5594732573116277,0.9985273852151588,0.45305617803861636,0.9975721917184833,0.002427808241918683,11726,9598677,14156,9233
lung_constrained_probability_highsens_tta,0.43,20,0.5006650933275048,0.3339247896513268,0.5567059497110756,0.9985453819909272,0.4548750536039706,0.9975841288663894,0.002415871247649193,11668,9598850,13983,9291
lung_constrained_probability_highsens_tta,0.43,30,0.5004355021338515,0.3337205587662029,0.5482608903093906,0.9985983320421764,0.460284398157236,0.9976185908933877,0.002381409052759409,11491,9599359,13474,9468
lung_constrained_probability_highsens_tta,0.43,50,0.49216771620005556,0.32640746685680805,0.5239276683045355,0.9986806178782042,0.46403820148729547,0.9976477590547929,0.0023522409610450268,10981,9600150,12683,9978
lung_constrained_probability_highsens_tta,0.43,75,0.4761949281289059,0.31250383459098335,0.4860441814969769,0.998789222698448,0.46673691927038086,0.9976737093763277,0.002326290588825941,10187,9601194,11639,10772
lung_constrained_probability_highsens_tta,0.43,100,0.4697856693597974,0.3070064499809324,0.46328546209243604,0.9988901294758777,0.4764708768828321,0.9977248834103944,0.0022751165088266134,9710,9602164,10669,11249
lung_constrained_probability_highsens_tta,0.43,150,0.43786822333916064,0.28030171966358247,0.38651653227711885,0.9991738127563425,0.5049554322754441,0.9978409332482984,0.002159066731110215,8101,9604891,7942,12858
lung_constrained_probability_highsens_tta,0.43,200,0.39547554186888684,0.24647523436914207,0.31862207166357237,0.9993617906396575,0.5211894169979543,0.9978807929421759,0.0021192070562392473,6678,9606698,6135,14281
lung_constrained_probability_highsens_tta,0.44,0,0.49952392035705984,0.33291028569807574,0.5631948089123703,0.9984918077740444,0.44878716447401384,0.9975447881789425,0.0024552117101848125,11804,9598335,14498,9155
lung_constrained_probability_highsens_tta,0.44,3,0.49977766013753316,0.3331357271905112,0.5630516723123417,0.9984952406850292,0.44928805299609786,0.9975479022175266,0.0024520978331565857,11801,9598368,14465,9158
lung_constrained_probability_highsens_tta,0.44,5,0.500328968312817,0.3336258137559203,0.5623837015122084,0.9985050192799553,0.4506078446362678,0.9975562063204179,0.0024437936954200268,11787,9598462,14371,9172
lung_constrained_probability_highsens_tta,0.44,10,0.5014184245887633,0.3345953485723093,0.5608091989118943,0.9985259288286804,0.45340225273859996,0.9975736449364893,0.0024263551458716393,11754,9598663,14170,9205
lung_constrained_probability_highsens_tta,0.44,15,0.5022778064293231,0.33536112944407726,0.5576124815112564,0.9985550565582478,0.4569339641082,0.9975957546104369,0.002404245315119624,11687,9598943,13890,9272
lung_constrained_probability_highsens_tta,0.44,20,0.5013170963422505,0.3345051145367139,0.5538909299105139,0.9985700365334539,0.4578584105697267,0.9976026054953222,0.0023973945062607527,11609,9599087,13746,9350
lung_constrained_probability_highsens_tta,0.44,30,0.5019146189360185,0.33503739191390075,0.5472112219091811,0.9986192415909015,0.4635437717240063,0.9976371713236066,0.002362828701734543,11469,9599560,13273,9490
lung_constrained_probability_highsens_tta,0.44,50,0.49428423259892806,0.3282719377058017,0.5229734243043451,0.9987068328348148,0.46857900136778874,0.9976718409531772,0.0023281590547412634,10961,9600402,12431,9998
lung_constrained_probability_highsens_tta,0.44,75,0.4744583862022477,0.3110097960691544,0.4817023712961106,0.9988033704528093,0.46742904764087806,0.997678380434204,0.002321619540452957,10096,9601330,11503,10863
lung_constrained_probability_highsens_tta,0.44,100,0.47285763059053,0.3096355913256333,0.46256977909229324,0.9989231062268522,0.4836135082553581,0.9977562313988085,0.0022437686566263437,9695,9602481,10352,11264
lung_constrained_probability_highsens_tta,0.44,150,0.4401099050571452,0.28214161144043176,0.3859439858770046,0.9991978431332356,0.5119620253161317,0.9978636657299629,0.0021363343112170696,8089,9605122,7711,12870
lung_constrained_probability_highsens_tta,0.44,200,0.3959655888459223,0.24685604379336926,0.3184312228635343,0.9993678242407822,0.5234099286326379,0.9978863982116274,0.002113601891323924,6674,9606756,6077,14285
lung_constrained_probability_highsens_tta,0.45,0,0.5015014375464804,0.33466928171446675,0.5617634429120847,0.9985205193931893,0.4529158332049342,0.9975703232953328,0.0024296767078340054,11774,9598611,14222,9185
lung_constrained_probability_highsens_tta,0.45,3,0.5017798904353801,0.33491733773430415,0.5615725941120465,0.9985244724422021,0.45349464437063514,0.9975738525390615,0.0024261474609375,11770,9598649,14184,9189
lung_constrained_probability_highsens_tta,0.45,5,0.5023496240600431,0.335425164731627,0.5610477599119419,0.9985334188162834,0.4547704683449531,0.997581637635522,0.0024183623027056456,11759,9598735,14098,9200
lung_constrained_probability_highsens_tta,0.45,10,0.5031227866845872,0.3361149346179353,0.5592346963115801,0.998552663923319,0.4572442849338936,0.9975968964245845,0.0024031035136431456,11721,9598920,13913,9238
lung_constrained_probability_highsens_tta,0.45,15,0.5033169825182049,0.3362882966127642,0.5556562813108661,0.9985777345762681,0.45998894067443713,0.9976141274380836,0.0023858726490288973,11646,9599161,13672,9313
lung_constrained_probability_highsens_tta,0.45,20,0.5032801842115603,0.33625544267043944,0.5526981249102759,0.9985965635728813,0.46197407776651567,0.9976264797911343,0.0023735202848911285,11584,9599342,13491,9375
lung_constrained_probability_highsens_tta,0.45,30,0.5042738808599524,0.33714319380200397,0.5460661291089527,0.9986488894584968,0.4684238529855243,0.997664263459289,0.0023357365280389786,11445,9599845,12988,9514
lung_constrained_probability_highsens_tta,0.45,50,0.4944335893123792,0.3284037062746119,0.5191564483035835,0.9987335679294533,0.47195836044221556,0.9976902137808239,0.002309786155819893,10881,9600659,12174,10078
lung_constrained_probability_highsens_tta,0.45,75,0.47790336721867305,0.3139770215149877,0.48112982489599637,0.9988392599767405,0.4747198945483124,0.9977129462624884,0.0022870537359267473,10084,9601675,11158,10875
lung_constrained_probability_highsens_tta,0.45,100,0.4762724366854005,0.3125705986766782,0.46209265709219804,0.9989570192262771,0.4913500076097147,0.9977890326052287,0.0022109674755483866,9685,9602807,10026,11274
lung_constrained_probability_highsens_tta,0.45,150,0.43621103779563347,0.2789449525086406,0.3769263800752054,0.9992341487675892,0.517625475035698,0.9978802739357452,0.002119726035743952,7900,9605471,7362,13059
lung_constrained_probability_highsens_tta,0.45,200,0.39638568541184277,0.24718268090145049,0.3181449496634772,0.999374065897118,0.5256602286160618,0.997892003481079,0.002107996493577957,6668,9606816,6017,14291
lung_constrained_probability_highsens_tta,0.46,0,0.5035940349746801,0.336535704043494,0.5599026671117133,0.9985528719785303,0.45757623021116056,0.9975985572451628,0.0024014427326619625,11735,9598922,13911,9224
lung_constrained_probability_highsens_tta,0.46,3,0.503930918932744,0.3368366643693037,0.5596641061116657,0.9985576572483877,0.45829263528014913,0.9976028130978944,0.0023971868213266134,11730,9598968,13865,9229
lung_constrained_probability_highsens_tta,0.46,5,0.5043137761138354,0.3371788601512307,0.5591869841115705,0.9985644190427516,0.45924764890264136,0.9976085221686322,0.0023914778139442205,11720,9599033,13800,9239
lung_constrained_probability_highsens_tta,0.46,10,0.5050016203952674,0.33779409214395695,0.5576124815112564,0.9985811674872528,0.4614625286265255,0.997621808733258,0.0023781913332641125,11687,9599194,13639,9272
lung_constrained_probability_highsens_tta,0.46,15,0.5050377559679444,0.3378264287168949,0.5536523689104663,0.9986070703610466,0.4642714251418483,0.9976390397467572,0.0023609602358192205,11604,9599443,13390,9355
lung_constrained_probability_highsens_tta,0.46,20,0.5058537759589239,0.33855707548541597,0.5514576077100284,0.9986289161582221,0.4672164281670033,0.997656063157684,0.002343936823308468,11558,9599653,13180,9401
lung_constrained_probability_highsens_tta,0.46,30,0.5062364064094043,0.3388999494843435,0.5441576411085719,0.9986794735745426,0.4732561517073433,0.9976906289859684,0.002309371018782258,11405,9600139,12694,9554
lung_constrained_probability_highsens_tta,0.46,50,0.49785407725310465,0.33142857142847015,0.5174865213032503,0.9987760111925372,0.4796568193877235,0.9977289316605539,0.0022710682824254036,10846,9601067,11766,10113
lung_constrained_probability_highsens_tta,0.46,75,0.4812292398498145,0.3168544275913157,0.4804141418958536,0.9988745253350382,0.48204710838736015,0.9977465778791976,0.002253422047942877,10069,9602014,10819,10890
lung_constrained_probability_highsens_tta,0.46,100,0.4788809111164945,0.3148214460105098,0.4614246862920648,0.998984690569366,0.49770984509263666,0.9978151905293358,0.0021848094183951616,9671,9603073,9760,11288
lung_constrained_probability_highsens_tta,0.46,150,0.43902981753436837,0.281254454739743,0.3765446824751293,0.9992612999726502,0.5263789768555149,0.9979065356611385,0.002093464368954301,7892,9605732,7101,13067
lung_constrained_probability_highsens_tta,0.46,200,0.39693792446074205,0.24761232301451275,0.3179063886634296,0.999381035746693,0.5282644890188469,0.9978984391608197,0.0021015608217567205,6663,9606883,5950,14296
lung_constrained_probability_highsens_tta,0.47,0,0.505434665168333,0.3381817130298022,0.5579941791113325,0.9985828319289424,0.4619243226161379,0.9976242999641253,0.002375700045377016,11695,9599210,13623,9264
lung_constrained_probability_highsens_tta,0.47,3,0.5057003785829085,0.3384196658654955,0.557660193711266,0.9985875131711942,0.4625979577295723,0.9976282444129986,0.002371755661442876,11688,9599255,13578,9271
lung_constrained_probability_highsens_tta,0.47,5,0.5061222720671595,0.3387976556605528,0.5571353595111612,0.9985948991311917,0.46366740787783367,0.997634472490167,0.002365527441725135,11677,9599326,13507,9282
lung_constrained_probability_highsens_tta,0.47,10,0.5065848189989973,0.33921231379169775,0.5551791593107709,0.998611855630904,0.4658126501199096,0.997647136247076,0.002352863783016801,11636,9599489,13344,9323
lung_constrained_probability_highsens_tta,0.47,15,0.5062758756652633,0.33893532776056934,0.5513621833100093,0.9986334933728684,0.4680058318481824,0.9976604228117019,0.002339577302336693,11556,9599697,13136,9403
lung_constrained_probability_highsens_tta,0.47,20,0.5072843887063306,0.3398399433008476,0.5490719977095524,0.9986576277773671,0.47140750450578756,0.9976795222483515,0.0023204777389764786,11508,9599929,12904,9451
lung_constrained_probability_highsens_tta,0.47,30,0.5074174046890251,0.3399593471631674,0.5426308507082672,0.9987001750680565,0.47649572649552685,0.9977079638007537,0.00229203631170094,11373,9600338,12495,9586
lung_constrained_probability_highsens_tta,0.47,50,0.4992384029539582,0.33265670172838385,0.5160551553029648,0.9987979610173183,0.4834830807740005,0.9977477196933451,0.0022522802464663982,10816,9601278,11555,10143
lung_constrained_probability_highsens_tta,0.47,75,0.4807183091809541,0.31641157270959963,0.47640631709505393,0.9988975154358752,0.4851090705920006,0.9977607986553987,0.0022392014507204294,9985,9602235,10598,10974
lung_constrained_probability_highsens_tta,0.47,100,0.4794554578425798,0.3153182590510014,0.46042273009186485,0.9989966537440098,0.5001295672451411,0.9978249478502329,0.002175052184611559,9650,9603188,9645,11309
lung_constrained_probability_highsens_tta,0.47,150,0.4323913960353065,0.27582866982340515,0.36685910587319676,0.9992804410520801,0.5264274955494136,0.9979045634367019,0.002095436677336693,7689,9605916,6917,13270
lung_constrained_probability_highsens_tta,0.47,200,0.39707549985067236,0.24771940276268842,0.3174292666633344,0.9993864451821841,0.5300772846780893,0.9979027988148375,0.0020972013007849455,6653,9606935,5898,14306
lung_constrained_probability_highsens_tta,0.48,0,0.5073113412828559,0.33986413598054177,0.5561811155109708,0.9986122717413265,0.46633596031505126,0.9976497312792295,0.002350268652662635,11657,9599493,13340,9302
lung_constrained_probability_highsens_tta,0.48,3,0.507712418300543,0.3402242466712392,0.5559425545109232,0.998617577149212,0.46718255081974774,0.9976545061383919,0.0023454937618225813,11652,9599544,13289,9307
lung_constrained_probability_highsens_tta,0.48,5,0.5079302746688248,0.34041993215570815,0.5554177203108185,0.998622986584703,0.4679234665164129,0.9976587619911236,0.002341238083317876,11641,9599596,13237,9318
lung_constrained_probability_highsens_tta,0.48,10,0.5081590187273008,0.3406254588165202,0.5534615201104283,0.9986376544770923,0.46971169420129993,0.9976691421197376,0.0023308577947318554,11600,9599737,13096,9359
lung_constrained_probability_highsens_tta,0.48,15,0.5078441741581818,0.340342587123349,0.5498353929097047,0.9986579398601838,0.4718116683723759,0.9976814944727882,0.0023185054305940866,11524,9599932,12901,9435
lung_constrained_probability_highsens_tta,0.48,20,0.5089327326393154,0.34132110856418263,0.5470680853091526,0.9986857152308785,0.47576763485457435,0.9977031889415913,0.00229681096971035,11466,9600199,12634,9493
lung_constrained_probability_highsens_tta,0.48,30,0.5081212230133876,0.3405914950004998,0.539577269907658,0.998726181969456,0.480130763352093,0.9977272708399757,0.0022727290634065866,11309,9600588,12245,9650
lung_constrained_probability_highsens_tta,0.48,50,0.4991183294662415,0.33255008656927637,0.5131924233023936,0.9988156457102699,0.4857955828551168,0.9977591378348205,0.0022408622317016125,10756,9601448,11385,10203
lung_constrained_probability_highsens_tta,0.48,75,0.4816156930955014,0.3171895882389368,0.4755952096948921,0.9989111430522085,0.4877905554193845,0.9977726320020186,0.002227368066087365,9968,9602366,10467,10991
lung_constrained_probability_highsens_tta,0.48,100,0.48017544296845516,0.31594136359154035,0.4596593348917125,0.9990082008082312,0.5026085141900549,0.9978348089724162,0.0021651911083608866,9634,9603299,9534,11325
lung_constrained_probability_highsens_tta,0.48,150,0.43281183932334527,0.2761709475500841,0.36628655947308253,0.9992885552053168,0.5288647010192002,0.997911414321587,0.0020885856356471777,7677,9605994,6839,13282
lung_constrained_probability_highsens_tta,0.48,200,0.39754748018531555,0.24808690134000966,0.31709528126326775,0.9993935190593648,0.5327027893551357,0.997909130693292,0.002090869238600135,6646,9607003,5830,14313
lung_constrained_probability_highsens_tta,0.49,0,0.5094811693441074,0.3418146479369963,0.5537955055104948,0.9986478491824409,0.47173338752266947,0.9976800412547822,0.002319958759471774,11607,9599835,12998,9352
lung_constrained_probability_highsens_tta,0.49,3,0.5098418277679021,0.3421394032314123,0.5536523689104663,0.9986521143142704,0.4724563332109961,0.9976839857036555,0.002316014375537634,11604,9599876,12957,9355
lung_constrained_probability_highsens_tta,0.49,5,0.5099850444267375,0.3422684064473218,0.5531752469103711,0.9986564834737055,0.47305071606329385,0.9976873073448119,0.002312692580744624,11594,9599918,12915,9365
lung_constrained_probability_highsens_tta,0.49,10,0.5102559007307169,0.3425124496086251,0.5513144711099999,0.9986708392832779,0.4748890350154221,0.9976975836721398,0.002302416367456317,11555,9600056,12777,9404
lung_constrained_probability_highsens_tta,0.49,15,0.5102635383074591,0.3425193323977122,0.5473543585092097,0.9986961179914382,0.47788052986733404,0.9977141918779221,0.002285808091983199,11472,9600299,12534,9487
lung_constrained_probability_highsens_tta,0.49,20,0.5107078121152661,0.34291982209389865,0.544443914308629,0.9987186919818529,0.4809086311528654,0.9977303848785598,0.00226961518637836,11411,9600516,12317,9548
lung_constrained_probability_highsens_tta,0.49,30,0.5100637749331698,0.3423393339606138,0.5380504795073534,0.998753541229728,0.4848445762928394,0.9977512489370739,0.002248750999569893,11277,9600851,11982,9682
lung_constrained_probability_highsens_tta,0.49,50,0.4993922393640722,0.3327933204559995,0.5096617205016891,0.9988412365012469,0.4895284359101372,0.9977769916560365,0.0022230083122849464,10682,9601694,11139,10277
lung_constrained_probability_highsens_tta,0.49,75,0.48465809468135485,0.31983415292632666,0.4747841022947303,0.9989437036927605,0.49495150460059933,0.9978033571827158,0.002196642803028226,9951,9602679,10154,11008
lung_constrained_probability_highsens_tta,0.49,100,0.48247153819136307,0.317932447617054,0.45899136409157926,0.9990326472955465,0.5084835350702952,0.9978577490566529,0.0021422510035336018,9620,9603534,9299,11339
lung_constrained_probability_highsens_tta,0.49,150,0.43376219425973883,0.2769452969849153,0.3659525740730159,0.9992992700486933,0.5324170484516643,0.9979213792450564,0.0020786207169294357,7670,9606097,6736,13289
lung_constrained_probability_highsens_tta,0.49,200,0.39841641173283,0.24876404494372706,0.3169044324632297,0.9994027775162629,0.5363805216825193,0.9979179538026138,0.0020820461213588715,6642,9607092,5741,14317
lung_constrained_probability_highsens_tta,0.5,0,0.5120007085288035,0.3440866615081412,0.5516484565100664,0.998684778982428,0.477669902912424,0.9977122196534854,0.002287780400365591,11562,9600190,12643,9397
lung_constrained_probability_highsens_tta,0.5,3,0.5123454053813307,0.34439809296771623,0.5514576077100284,0.9986891481418632,0.47841384163231987,0.9977161641023587,0.002283835783600807,11558,9600232,12601,9401
lung_constrained_probability_highsens_tta,0.5,5,0.5124997227212101,0.34453756449630335,0.5511713345099712,0.9986923729976367,0.478898930436747,0.9977187591345122,0.002281240886077285,11552,9600263,12570,9407
lung_constrained_probability_highsens_tta,0.5,10,0.5130582048309759,0.3450425608439201,0.5492628465095905,0.9987095375525603,0.4813312706441103,0.9977317342952796,0.002268265699967742,11512,9600428,12405,9447
lung_constrained_probability_highsens_tta,0.5,15,0.5127641930204826,0.3447766592319173,0.5457798559088956,0.9987288866872014,0.48351509003276544,0.9977434638406134,0.0022565361578017473,11439,9600614,12219,9520
lung_constrained_probability_highsens_tta,0.5,20,0.5126378210185762,0.3446624018432694,0.5423922897082196,0.998749172070293,0.48597811217489484,0.9977563352000947,0.002243664814159274,11368,9600809,12024,9591
lung_constrained_probability_highsens_tta,0.5,30,0.5118870897753873,0.3439840392878011,0.534710625506687,0.9987910951953488,0.4909321885401739,0.9977814551113404,0.0022185449488461018,11207,9601212,11621,9752
lung_constrained_probability_highsens_tta,0.5,50,0.5002119342531672,0.3335217459568744,0.5067512763011085,0.9988675554854631,0.49383921513902734,0.9977969215029753,0.0022030784748494625,10621,9601947,10886,10338
lung_constrained_probability_highsens_tta,0.5,75,0.4855536735644536,0.32061464648091526,0.47187365809414955,0.9989713750358495,0.5000505612293963,0.9978246364463744,0.002175363479182124,9890,9602945,9888,11069
lung_constrained_probability_highsens_tta,0.5,100,0.48501981372561526,0.3201492785977408,0.45841881769146503,0.9990583421141291,0.51489817792041,0.9978821423588957,0.0021178575698286295,9608,9603781,9052,11351
lung_constrained_probability_highsens_tta,0.5,150,0.43451621138614177,0.27756033920407425,0.36542773987291116,0.9993097768368586,0.5358192248492124,0.997930721360809,0.002069278620183468,7659,9606198,6635,13300
lung_constrained_probability_highsens_tta,0.5,200,0.40324689143574527,0.2525417920108707,0.3164273104631345,0.9994484456351204,0.5557231439579724,0.9979624845543676,0.0020375153981149197,6632,9607531,5302,14327
lung_constrained_probability_highsens_tta,0.51,0,0.5146057887571099,0.3464439169495068,0.5501216661097619,0.9987181718438248,0.4833976186481287,0.9977422182251797,0.0022577818017452955,11530,9600511,12322,9429
lung_constrained_probability_highsens_tta,0.51,3,0.5147630321167386,0.3465864661653093,0.5498353929097047,0.9987213966995984,0.4838967037579324,0.9977448132573332,0.0022551866713911295,11524,9600542,12291,9435
lung_constrained_probability_highsens_tta,0.51,5,0.5149842447537232,0.34678705793819514,0.5497399685096857,0.9987239973897384,0.4843618631240607,0.9977472006869145,0.0022527992259711027,11522,9600567,12266,9437
lung_constrained_probability_highsens_tta,0.51,10,0.5157421962720603,0.34747480860581975,0.5478791927093144,0.9987425143035348,0.48716643332888415,0.9977616290656878,0.002238370943814516,11483,9600745,12088,9476
lung_constrained_probability_highsens_tta,0.51,15,0.5153707052440065,0.34713763702790895,0.5439190801085243,0.9987640480178934,0.48966968772798003,0.9977745004251691,0.002225499600172043,11400,9600952,11881,9559
lung_constrained_probability_highsens_tta,0.51,20,0.5155225782955856,0.3472754592007766,0.5403406651078103,0.9987878703395753,0.4928841885361479,0.9977904858232346,0.002209514146670699,11325,9601181,11652,9634
lung_constrained_probability_highsens_tta,0.51,30,0.5141635243261947,0.3460431432018984,0.5334701083064395,0.9988190786212546,0.4962055651708622,0.9978066788238723,0.00219332124106586,11181,9601481,11352,9778
lung_constrained_probability_highsens_tta,0.51,50,0.5006395376378557,0.33390205371237475,0.5042225297006039,0.9988878408685546,0.49710710757773313,0.997811661285607,0.002188338665291667,10568,9602142,10691,10391
lung_constrained_probability_highsens_tta,0.51,75,0.4867529266788696,0.3216612377849115,0.47115797509400675,0.9989866670938724,0.5034155791188298,0.9978383382161449,0.0021616618614643812,9875,9603092,9741,11084
lung_constrained_probability_highsens_tta,0.51,100,0.48738983567406924,0.3222177446435885,0.45779855909134126,0.9990825805462334,0.5210709242964477,0.9979049786418464,0.0020950213074684143,9595,9604014,8819,11364
lung_constrained_probability_highsens_tta,0.51,150,0.4351859756963957,0.27810715454832935,0.36480748127278745,0.999320283625024,0.5392101551477156,0.9979398558739893,0.0020601442083716393,7646,9606299,6534,13313
lung_constrained_probability_highsens_tta,0.51,200,0.4037441307395562,0.2529319631736819,0.31590247626302975,0.9994571839539905,0.559253315313321,0.9979700620482559,0.0020299379248172045,6621,9607615,5218,14338
lung_constrained_probability_highsens_tta,0.52,0,0.516205782007426,0.3478958037090891,0.5486425879094667,0.9987418901379012,0.48739032763934753,0.9977626670785492,0.002237332984805107,11499,9600739,12094,9460
lung_constrained_probability_highsens_tta,0.52,3,0.5163188750869255,0.34799854659954343,0.5483563147094096,0.9987446988832522,0.48781833616278103,0.9977648469055581,0.002235152991488576,11493,9600766,12067,9466
lung_constrained_probability_highsens_tta,0.52,5,0.5167281230325307,0.34837047142630034,0.5482608903093906,0.9987489640150818,0.4886252498190719,0.9977688951557175,0.002231104765087366,11491,9600807,12026,9468
lung_constrained_probability_highsens_tta,0.52,10,0.5176880128392329,0.34924362571661915,0.5463524023090098,0.9987694574533845,0.49188144329875777,0.9977851919576415,0.002214808017015457,11451,9601004,11829,9508
lung_constrained_probability_highsens_tta,0.52,15,0.5164457981950501,0.3481138724602862,0.5420105921081435,0.9987855817322522,0.49318398888578047,0.9977918352399544,0.0022081646602600813,11360,9601159,11674,9599
lung_constrained_probability_highsens_tta,0.52,20,0.5169363340513093,0.34855977253048936,0.5380981917073628,0.9988143973790027,0.497375964718634,0.9978120764907515,0.002187923528254032,11278,9601436,11397,9681
lung_constrained_probability_highsens_tta,0.52,30,0.5149797570849012,0.346782988004254,0.531036786105954,0.9988415485840637,0.4998652654268841,0.9978238060360853,0.0021761939860880375,11130,9601697,11136,9829
lung_constrained_probability_highsens_tta,0.52,50,0.5016644474033428,0.33481448566974487,0.503315997900423,0.9989027168161551,0.5000237000519031,0.9978245326450883,0.0021754673216491938,10549,9602285,10548,10410
lung_constrained_probability_highsens_tta,0.52,75,0.48843085765235883,0.3231283597743795,0.47034686769384493,0.9990066403941471,0.507961044983507,0.9978565034412192,0.00214349664747715,9858,9603284,9549,11101
lung_constrained_probability_highsens_tta,0.52,100,0.4879900150282769,0.3227425876009694,0.457035163891189,0.999092775251582,0.5234426229505336,0.9979134903473098,0.00208650971762836,9579,9604112,8721,11380
lung_constrained_probability_highsens_tta,0.52,150,0.43561870524110946,0.27846069669878587,0.36423493487267317,0.9993283977782607,0.5418026969478057,0.9979467067588744,0.002053293166682124,7634,9606377,6456,13325
lung_constrained_probability_highsens_tta,0.52,200,0.4006516660517642,0.25050932154516603,0.3109404074620397,0.9994740364260973,0.5631210576336618,0.997976082522852,0.0020239173900336027,6517,9607777,5056,14442
lung_constrained_probability_highsens_tta,0.53,0,0.5168108022669143,0.3484456352950862,0.5460184169089431,0.9987637359350766,0.49056927297647007,0.9977787562779008,0.0022212436888366938,11444,9600949,11884,9515
lung_constrained_probability_highsens_tta,0.53,3,0.5168783044872076,0.3485070079218926,0.545732143708886,0.9987661285700054,0.490922357182501,0.9977805208997652,0.002219479065388441,11438,9600972,11861,9521
lung_constrained_probability_highsens_tta,0.53,5,0.5171914585594197,0.34879179887712086,0.5454458705088289,0.9987707057846517,0.4917200739814651,0.9977844653486385,0.002215534681454301,11432,9601016,11817,9527
lung_constrained_probability_highsens_tta,0.53,10,0.5178092162124102,0.3493539575851366,0.5431079727083624,0.998790783112532,0.49476246359782033,0.9977994127338425,0.002200587186962366,11383,9601209,11624,9576
lung_constrained_probability_highsens_tta,0.53,15,0.5167927936165626,0.3484292628787038,0.5392432845075914,0.9988059711429493,0.4961369622473678,0.9978061598174416,0.0021938402205705643,11302,9601355,11478,9657
lung_constrained_probability_highsens_tta,0.53,20,0.5180933941823358,0.3496127165830872,0.5362374159069916,0.9988361391485726,0.5011370223389213,0.9978297227093953,0.0021702772937715054,11239,9601645,11188,9720
lung_constrained_probability_highsens_tta,0.53,30,0.5147634128165717,0.34658681132597075,0.527362946705221,0.9988627702156057,0.5027518762790526,0.9978369887994251,0.0021630111150443554,11053,9601901,10932,9906
lung_constrained_probability_highsens_tta,0.53,50,0.5028082502807049,0.3358342379157347,0.5018846319001374,0.9989219619231907,0.5037352743987626,0.9978406218444399,0.002159378258511424,10519,9602470,10363,10440
lung_constrained_probability_highsens_tta,0.53,75,0.48876181004463237,0.3234181172056453,0.4689632138935689,0.9990188116240021,0.5103057992832614,0.9978656379543995,0.0021343620028346777,9829,9603401,9432,11130
lung_constrained_probability_highsens_tta,0.53,100,0.4847954270410988,0.3199537776568263,0.4491626508896182,0.9991195103462206,0.5265689674457285,0.9979230400656347,0.0020769599359482527,9414,9604369,8464,11545
lung_constrained_probability_highsens_tta,0.53,150,0.43597279852454013,0.2787501381774278,0.3609427930720163,0.9993571093974056,0.5503819570748997,0.9979681936251054,0.0020318063907325268,7565,9606653,6180,13394
lung_constrained_probability_highsens_tta,0.53,200,0.39814785846122136,0.2485546874999029,0.3035927286605737,0.9995172078824204,0.5782442748086348,0.9980031746585343,0.001996825449168682,6363,9608192,4641,14596
lung_constrained_probability_highsens_tta,0.54,0,0.5176240949634541,0.3491854483095452,0.5440622167085528,0.9987831890973234,0.49363636363614993,0.9977939112656772,0.0022060887422412634,11403,9601136,11697,9556
lung_constrained_probability_highsens_tta,0.54,3,0.5177159989096671,0.34926909993553695,0.5437759435084957,0.9987857897874634,0.49403962026941173,0.9977958834901138,0.0022041164338588715,11397,9601161,11672,9562
lung_constrained_probability_highsens_tta,0.54,5,0.5180621547274153,0.3495842665601971,0.5436328069084672,0.998789742836476,0.4947889525792536,0.9977995165351287,0.00220048357732594,11394,9601199,11634,9565
lung_constrained_probability_highsens_tta,0.54,10,0.5185794973816015,0.3500555692762565,0.5410086359079436,0.9988106523852012,0.49793606183009925,0.997814671522905,0.002185328397899866,11339,9601400,11433,9620
lung_constrained_probability_highsens_tta,0.54,15,0.5177569233598956,0.34930635299948815,0.5370008111071439,0.9988284411057584,0.49984456188635257,0.9978237022347992,0.002176297828555107,11255,9601571,11262,9704
lung_constrained_probability_highsens_tta,0.54,20,0.5192183013798928,0.3506379784837532,0.5349491865067346,0.9988539278691299,0.5043861622202959,0.9978446700945994,0.0021553297992795706,11212,9601816,11017,9747
lung_constrained_probability_highsens_tta,0.54,30,0.5156162334017871,0.3473604636511442,0.526170141704983,0.9988776461632061,0.5054773800245196,0.9978492373511895,0.0021507625933736563,11028,9602044,10789,9931
lung_constrained_probability_highsens_tta,0.54,50,0.5025111137809678,0.33556917744461134,0.49887876329953773,0.998938918422903,0.5061967467077332,0.9978510019730539,0.0021489979699254036,10456,9602633,10200,10503
lung_constrained_probability_highsens_tta,0.54,75,0.49066039858956,0.32508283631533297,0.4681043942933975,0.9990407614487832,0.5155002101720705,0.9978856716026244,0.002114328322932124,9811,9603612,9221,11148
lung_constrained_probability_highsens_tta,0.54,100,0.48295336787552257,0.3183510365790094,0.44472541628873286,0.9991344903214266,0.5283714075162812,0.9979283339312278,0.0020716660656034946,9321,9604513,8320,11638
lung_constrained_probability_highsens_tta,0.54,150,0.43613059669165555,0.2788791671280397,0.36041795887191164,0.9993625188328967,0.5521122642884431,0.997972449477837,0.0020275504793971777,7554,9606705,6128,13405
lung_constrained_probability_highsens_tta,0.54,200,0.3947418195572805,0.2459055025331896,0.2987260842596027,0.9995316677195984,0.5817151351848168,0.9980070153061215,0.001992984674870968,6261,9608331,4502,14698
lung_constrained_probability_highsens_tta,0.55,0,0.5188330365702144,0.35028666543358905,0.5422014409081816,0.9988054510049214,0.49739571935024407,0.9978120764907515,0.002187923528254032,11364,9601350,11483,9595
lung_constrained_probability_highsens_tta,0.55,3,0.5190330393454922,0.3504690199949548,0.5419151677081244,0.9988089879435116,0.49800499846516505,0.9978149829267635,0.002185017103329301,11358,9601384,11449,9601
lung_constrained_probability_highsens_tta,0.55,5,0.5192334080408638,0.3506517575831375,0.5416288945080673,0.9988125248821019,0.4986164185002422,0.9978178893627754,0.0021821106784045696,11352,9601418,11415,9607
lung_constrained_probability_highsens_tta,0.55,10,0.5197838832048466,0.35115404926831995,0.5393387089076104,0.9988315619339263,0.5015974440892342,0.9978319025364042,0.002168097533285618,11304,9601601,11232,9655
lung_constrained_probability_highsens_tta,0.55,15,0.5187961227935044,0.3502530143061316,0.534996898706744,0.9988499748201171,0.5035476917547586,0.9978408294470122,0.002159170573577285,11213,9601778,11055,9746
lung_constrained_probability_highsens_tta,0.55,20,0.5207756232685768,0.35205992509352213,0.5337086693064871,0.9988750454730662,0.5084545454543143,0.997863042922246,0.0021369571331888437,11186,9602019,10814,9773
lung_constrained_probability_highsens_tta,0.55,30,0.5160896034599074,0.3477902740375898,0.523784531704507,0.9988966832150304,0.5086174944400905,0.997863042922246,0.0021369571331888437,10978,9602227,10606,9981
lung_constrained_probability_highsens_tta,0.55,50,0.5022512708786003,0.335337470907572,0.4949663628987571,0.9989621165789514,0.509753820450833,0.9978656379543995,0.0021343620028346777,10374,9602856,9977,10585
lung_constrained_probability_highsens_tta,0.55,75,0.4914208308246811,0.325750773221482,0.4673409990932452,0.9990523085130045,0.5181169002906543,0.9978955327248077,0.002104467246681452,9795,9603723,9110,11164
lung_constrained_probability_highsens_tta,0.55,100,0.48398837422416696,0.31925109675625435,0.4409561524879808,0.9991688194312739,0.5363277623023814,0.9979543880540488,0.0020456118509173393,9242,9604843,7990,11717
lung_constrained_probability_highsens_tta,0.55,150,0.436397292763222,0.2790972992969741,0.35994083687181644,0.9993684484064157,0.5540947484388145,0.9979773281382855,0.0020226717460900545,7544,9606762,6071,13415
lung_constrained_probability_highsens_tta,0.55,200,0.38651671114487657,0.23955420785246345,0.2902333126579082,0.9995387415967791,0.5783968812393473,0.9979955971646461,0.0020044029224663973,6083,9608399,4434,14876
lung_constrained_probability_highsens_tta,0.56,0,0.5199274946652319,0.3512851517687188,0.5405792261078579,0.9988251122223792,0.5007956152755919,0.9978281656901032,0.0021718342322856188,11330,9601539,11294,9629
lung_constrained_probability_highsens_tta,0.56,3,0.52009369402459,0.3514369064613148,0.5402929529078008,0.9988283370781528,0.5013503342628497,0.9978307607222567,0.0021692393347620964,11324,9601570,11263,9635
lung_constrained_probability_highsens_tta,0.56,5,0.5204156704063545,0.3517309963327889,0.5400066797077436,0.9988329142927991,0.5021963881614668,0.99783470517113,0.0021652947179973125,11318,9601614,11219,9641
lung_constrained_probability_highsens_tta,0.56,10,0.5207880497617073,0.3520712834139903,0.5372870843072011,0.9988529916206794,0.5052721317357629,0.997848822146045,0.0021511779632419348,11261,9601807,11026,9698
lung_constrained_probability_highsens_tta,0.56,15,0.5199442119943004,0.3513004146248425,0.533613244906468,0.9988684917339135,0.5069579801457291,0.997856295838647,0.0021437040995806456,11184,9601956,10877,9775
lung_constrained_probability_highsens_tta,0.56,20,0.5208771683731892,0.35215274704420807,0.5315139081060491,0.9988895053102442,0.5106578042628876,0.997872696441857,0.002127303509041667,11140,9602158,10675,9819
lung_constrained_probability_highsens_tta,0.56,30,0.5168337855372144,0.3484665309237883,0.522591726704269,0.9989105188865749,0.5112013441610608,0.9978742534611491,0.0021257465705275536,10953,9602360,10473,10006
lung_constrained_probability_highsens_tta,0.56,50,0.5028174487514566,0.3358424450860336,0.49386898229853815,0.9989740797535951,0.5120961757282382,0.9978751876727244,0.0021248122211545706,10351,9602971,9862,10608
lung_constrained_probability_highsens_tta,0.56,75,0.4915801149539953,0.32589076809936296,0.46519395009281683,0.9990680166814497,0.5211395585009775,0.9979065356611385,0.002093464368954301,9750,9603874,8959,11209
lung_constrained_probability_highsens_tta,0.56,100,0.4856285533795311,0.32067994577108466,0.440145045087819,0.9991877524554926,0.5415957259434382,0.9979715152662618,0.0020284848287701607,9225,9605025,7808,11734
lung_constrained_probability_highsens_tta,0.56,150,0.43028468300622047,0.2741163817081652,0.3526408702703599,0.9993754182559907,0.5517730496449781,0.9979684012276776,0.0020315987057983875,7391,9606829,6004,13568
lung_constrained_probability_highsens_tta,0.56,200,0.3864749666008059,0.23952213854818455,0.289851615057832,0.999541862424947,0.5797308903515795,0.9979978807929412,0.00200211931951344,6075,9608429,4404,14884
lung_constrained_probability_highsens_tta,0.57,0,0.5209370964765447,0.35220753305052627,0.5389570113075343,0.9988439412189924,0.5040831808646061,0.9978434244791657,0.0021565754432231188,11296,9601720,11113,9663
lung_constrained_probability_highsens_tta,0.57,3,0.5209645782853304,0.3522326582830367,0.538575313707458,0.9988465419091324,0.5044690740076401,0.99784518910103,0.002154810819774866,11288,9601745,11088,9671
lung_constrained_probability_highsens_tta,0.57,5,0.5213313930657332,0.3525681079728966,0.5384321771074295,0.9988505989857507,0.5052834243751655,0.9978489259473311,0.002151074120774865,11285,9601784,11049,9674
lung_constrained_probability_highsens_tta,0.57,10,0.5212504064284172,0.35249403191344625,0.5354263085068298,0.9988684917339135,0.5078057830668773,0.9978602402875203,0.0021397597156465054,11222,9601956,10877,9737
lung_constrained_probability_highsens_tta,0.57,15,0.5209200130894954,0.3521919150414513,0.5316570447060778,0.9988889851722162,0.5106080740500799,0.9978724888392847,0.0021275111939758062,11143,9602153,10680,9816
lung_constrained_probability_highsens_tta,0.57,20,0.5217391304346601,0.3529411764704761,0.5301779665057826,0.9989051094510838,0.5135647270876214,0.9978853601987661,0.002114639850333333,11112,9602308,10525,9847
lung_constrained_probability_highsens_tta,0.57,30,0.5168933327013892,0.3485206722473166,0.5204446777038406,0.998924458585725,0.5133901256645581,0.9978834917756155,0.0021165083162486553,10908,9602494,10339,10051
lung_constrained_probability_highsens_tta,0.57,50,0.5034346199915655,0.3363933355111609,0.4912925234980241,0.9989960295783762,0.5161920994583336,0.9978914844746483,0.0021085154730826616,10297,9603182,9651,10662
lung_constrained_probability_highsens_tta,0.57,75,0.4909909909908668,0.32537313432824905,0.46285605229235033,0.9990787315248263,0.5227676887425108,0.99791214093059,0.002087858971208334,9701,9603977,8856,11258
lung_constrained_probability_highsens_tta,0.57,100,0.4849589308822637,0.3200962275990795,0.43804570828740014,0.9991965948019684,0.5431258873636162,0.9979757711189935,0.0020242289174348116,9181,9605110,7723,11778
lung_constrained_probability_highsens_tta,0.57,150,0.4307593570406282,0.2745017846518908,0.3522591726702837,0.9993823881055658,0.5542792792788631,0.9979745255035598,0.00202547456137836,7383,9606896,5937,13576
lung_constrained_probability_highsens_tta,0.57,200,0.3867575834819058,0.2397392850087933,0.2895653418577749,0.9995468557500157,0.5821582733807364,0.9980022404469591,0.0019977595657110214,6069,9608477,4356,14890
lung_constrained_probability_highsens_tta,0.58,0,0.5216565525546576,0.35286560335902206,0.5372870843072011,0.9988604816082824,0.5069097456671137,0.997856295838647,0.0021437040995806456,11261,9601879,10954,9698
lung_constrained_probability_highsens_tta,0.58,3,0.5216685979141318,0.3528766264303643,0.5370008111071439,0.9988623541051832,0.5071875985757707,0.9978575414540807,0.0021424584556370974,11255,9601897,10936,9704
lung_constrained_probability_highsens_tta,0.58,5,0.5221588008723091,0.3533253783833595,0.5368576745071154,0.9988674514578575,0.5082433714257607,0.9978623163132431,0.0021376837976276875,11252,9601946,10887,9707
lung_constrained_probability_highsens_tta,0.58,10,0.5215261905871259,0.3527463166860104,0.5334701083064395,0.9988829515710915,0.5101053880192937,0.9978704128135619,0.002129587111994624,11181,9602095,10738,9778
lung_constrained_probability_highsens_tta,0.58,15,0.5214453308304736,0.35267233718409524,0.5301779665057826,0.9989026127885495,0.5129957065691736,0.9978828689678987,0.0021171311382204294,11112,9602284,10549,9847
lung_constrained_probability_highsens_tta,0.58,20,0.5225263455688705,0.35366203925311834,0.528746600505497,0.9989206095643179,0.5164507409821435,0.9978977125518166,0.0021022874861955643,11082,9602457,10376,9877
lung_constrained_probability_highsens_tta,0.58,30,0.5175480311963768,0.34911622237181245,0.5192518727036026,0.9989374620364248,0.5158553348814922,0.9978938719042295,0.002106128027662635,10883,9602619,10214,10076
lung_constrained_probability_highsens_tta,0.58,50,0.5030081280847426,0.33601259801176603,0.4886683524975005,0.9990094491394983,0.518214936247461,0.9978991657698226,0.002100834157317877,10242,9603311,9522,10717
lung_constrained_probability_highsens_tta,0.58,75,0.49139462862352357,0.3257277469290507,0.4618063838921409,0.999089134285386,0.5250339029018036,0.9979202374309089,0.0020797625184059143,9679,9604077,8756,11280
lung_constrained_probability_highsens_tta,0.58,100,0.4856816794499627,0.3207262785234951,0.436566630087105,0.9992125110256249,0.5472488038274239,0.9979884348759025,0.002011565025895834,9150,9605263,7570,11809
lung_constrained_probability_highsens_tta,0.58,150,0.42804232804220227,0.2722988892627726,0.3473925282693127,0.9993987204396446,0.5574611438629833,0.9979802345742975,0.0020197653211653233,7281,9607053,5780,13678
lung_constrained_probability_highsens_tta,0.58,200,0.38668708915681066,0.23968511412625512,0.2890882198576797,0.9995506007438172,0.5837749301468506,0.9980049392803987,0.0019950608257204294,6059,9608513,4320,14900
lung_constrained_probability_highsens_tta,0.59,0,0.5224335840181326,0.3535770564133774,0.5352831719068012,0.9988795186601068,0.5101864483853978,0.9978709318199926,0.0021290681324899197,11219,9602062,10771,9740
lung_constrained_probability_highsens_tta,0.59,3,0.5226488955167018,0.3537743288854125,0.5350923231067631,0.9988825354606692,0.5107710525114948,0.9978735268521461,0.0021264732349663973,11215,9602091,10742,9744
lung_constrained_probability_highsens_tta,0.59,5,0.5228989833036743,0.3540035362464151,0.5349491865067346,0.9988855522612315,0.5113797035345444,0.9978762256855858,0.0021237742621451616,11212,9602120,10713,9747
lung_constrained_probability_highsens_tta,0.59,10,0.5220755469060184,0.3532491432921839,0.5311799227059826,0.9989017805677047,0.5132780082985186,0.9978842183846185,0.0021157816518098116,11133,9602276,10557,9826
lung_constrained_probability_highsens_tta,0.59,15,0.5223110105366141,0.35346477794781983,0.5286034639054684,0.9989196733158675,0.5161666045469082,0.997896466936383,0.0021035331301391125,11079,9602448,10385,9880
lung_constrained_probability_highsens_tta,0.59,20,0.5226206831208199,0.3537484768805381,0.526360990505021,0.998936109677552,0.5189331577211915,0.9979079888791444,0.0020920110400766134,11032,9602606,10227,9927
lung_constrained_probability_highsens_tta,0.59,30,0.516733601070827,0.3483754512634256,0.5156734577028886,0.9989529621496588,0.5177981123937537,0.9979015531994038,0.00209844671189785,10808,9602768,10065,10151
lung_constrained_probability_highsens_tta,0.59,50,0.5041252902523334,0.33701037056597627,0.48685528889713875,0.9990305667434346,0.5226655739381638,0.9979162929820355,0.0020837069023400545,10204,9603514,9319,10755
lung_constrained_probability_highsens_tta,0.59,75,0.49079314672049307,0.32519938910560825,0.4571783004912175,0.9991151411867855,0.5297434763376107,0.9979361190276882,0.00206388090737164,9582,9604327,8506,11377
lung_constrained_probability_highsens_tta,0.59,100,0.48617578966963304,0.3211573618336657,0.4358509470869622,0.9992213533721007,0.5496389891693444,0.9979957009659323,0.0020042990799993277,9135,9605348,7485,11824
lung_constrained_probability_highsens_tta,0.59,150,0.428961175235968,0.2730430136253299,0.34133307886810377,0.9994546872914561,0.5771216521453879,0.9980228969029008,0.0019771030638366938,7154,9607591,5242,13805
lung_constrained_probability_highsens_tta,0.59,200,0.38692359313572144,0.23986687269692147,0.2888496588576321,0.9995547618480412,0.585833172052849,0.9980085723254136,0.0019914277363568544,6054,9608553,4280,14905
lung_constrained_probability_highsens_tta,0.6,0,0.5235398727067289,0.35459127072162205,0.5337563815064966,0.99889834765672,0.5137071221929036,0.9978863982116274,0.002113601891323924,11187,9602243,10590,9772
lung_constrained_probability_highsens_tta,0.6,3,0.5237080572270298,0.35474559066097106,0.5335655327064585,0.9989009483468599,0.5142082030529178,0.9978885780386364,0.002111421898007393,11183,9602268,10565,9776
lung_constrained_probability_highsens_tta,0.6,5,0.5238865068764734,0.3549093679564601,0.5334223961064299,0.9989033409817887,0.514685572230681,0.9978906540643592,0.002109345979988575,11180,9602291,10542,9779
lung_constrained_probability_highsens_tta,0.6,10,0.5228065215341338,0.35391878528809406,0.5293668591056208,0.9989191531778395,0.5164067954384378,0.9978976087505305,0.002102391328662634,11095,9602443,10390,9864
lung_constrained_probability_highsens_tta,0.6,15,0.5236696204329897,0.35471031937077363,0.5272675223052019,0.9989393345333255,0.5201204875980043,0.9979131789434514,0.002086821012198925,11051,9602637,10196,9908
lung_constrained_probability_highsens_tta,0.6,20,0.5237448471416771,0.35477935242265074,0.5243570781046212,0.9989578514471219,0.5231340441733991,0.9979253236939297,0.0020746763329952955,10990,9602815,10018,9969
lung_constrained_probability_highsens_tta,0.6,30,0.5182836000190961,0.3497859644570146,0.5146237893026792,0.9989725193395111,0.5219958379710004,0.9979187842129029,0.0020812158472836018,10786,9602956,9877,10173
lung_constrained_probability_highsens_tta,0.6,50,0.506452495213341,0.3390936636365534,0.48590104489694835,0.999056053506806,0.5288191920238192,0.997939648271417,0.002060351660475135,10184,9603759,9074,10775
lung_constrained_probability_highsens_tta,0.6,75,0.4916229828346974,0.3259284497443523,0.4564149052910652,0.9991271043614293,0.5327170462769211,0.9979463953550161,0.002053604694083333,9566,9604442,8391,11393
lung_constrained_probability_highsens_tta,0.6,100,0.4879745311537259,0.32272904207497694,0.4351352640868194,0.9992405984791363,0.5554202192444851,0.998013347184576,0.001986652845516801,9120,9605533,7300,11839
lung_constrained_probability_highsens_tta,0.6,150,0.42909484053083397,0.27315133440381084,0.34085595686800857,0.9994595765889193,0.5789772266791644,0.998026737550488,0.001973262522369623,7144,9607638,5195,13815
lung_constrained_probability_highsens_tta,0.6,200,0.3871112248814837,0.240011109788422,0.2886110978575845,0.9995585068418427,0.5876809482166641,0.9980117901652839,0.0019882097840309143,6049,9608589,4244,14910
lung_constrained_probability_highsens_tta,0.61,0,0.5245878507089381,0.35555343024727254,0.532134166706173,0.9989171766533331,0.5172525739724899,0.9979016570006899,0.002098343102261424,11153,9602424,10409,9806
lung_constrained_probability_highsens_tta,0.61,3,0.5247599322160317,0.3557115507337729,0.5318956057061254,0.99892008942629,0.5178131822190916,0.9979040444302711,0.0020959556568413973,11148,9602452,10381,9811
lung_constrained_probability_highsens_tta,0.61,5,0.5249329001270131,0.35587052288822196,0.5318956057061254,0.9989215458127683,0.5181501278175606,0.9979054976482771,0.00209450232796371,11148,9602466,10367,9811
lung_constrained_probability_highsens_tta,0.61,10,0.5235433443864227,0.3545944558520423,0.5273152345052114,0.9989379821744527,0.519825031748027,0.9979119333280178,0.0020880666561424732,11052,9602624,10209,9907
lung_constrained_probability_highsens_tta,0.61,15,0.5239297109384914,0.3549490256806185,0.5249296245047355,0.9989558749226155,0.5229335995054314,0.9979245970849268,0.0020754029974341393,11002,9602796,10037,9957
lung_constrained_probability_highsens_tta,0.61,20,0.5241835073267589,0.3551820364720763,0.5222577413042023,0.9989743918364119,0.5261235279978245,0.9979372608418358,0.0020627391058951616,10946,9602974,9859,10013
lung_constrained_probability_highsens_tta,0.61,30,0.5192777200317824,0.3506921770927417,0.5124767403022508,0.9989941570814754,0.5262616364524614,0.9979357038225437,0.0020642962772399187,10741,9603164,9669,10218
lung_constrained_probability_highsens_tta,0.61,50,0.5088514410194785,0.341247984954211,0.4848036642967294,0.9990827886014446,0.5354094214350641,0.9979639377723736,0.002036062302067876,10161,9604016,8817,10798
lung_constrained_probability_highsens_tta,0.61,75,0.4938271604936994,0.3278688524589037,0.45517438809081767,0.9991534233456454,0.5396538069914358,0.9979699582469697,0.002030041767284274,9540,9604695,8138,11419
lung_constrained_probability_highsens_tta,0.61,100,0.4859994082361444,0.3210034466828977,0.43103201488600074,0.9992526656813856,0.5570353927731181,0.9980164612231601,0.0019835387356579304,9034,9605649,7184,11925
lung_constrained_probability_highsens_tta,0.61,150,0.4293924713386004,0.27339259713377523,0.34042654706792286,0.9994654021348327,0.5813100863609407,0.9980316162109365,0.0019683837890625,7135,9607694,5139,13824
lung_constrained_probability_highsens_tta,0.61,200,0.3874358974357732,0.2402607727777706,0.2883725368575369,0.9995633961393058,0.5901767405521041,0.9980161498193018,0.0019838502630591393,6044,9608636,4197,14915
lung_constrained_probability_highsens_tta,0.62,0,0.5250596658709977,0.35598705501606714,0.5300825421057636,0.9989337170426232,0.5201310861420786,0.9979136979498822,0.0020863020326942205,11110,9602583,10250,9849
lung_constrained_probability_highsens_tta,0.62,3,0.5251956773627835,0.35611210877361593,0.529843981105716,0.9989363177327631,0.5206282231596246,0.9979157739756049,0.0020842261146754026,11105,9602608,10225,9854
lung_constrained_probability_highsens_tta,0.62,5,0.5253844334041814,0.3562856959506012,0.5297962689057064,0.9989381902296639,0.521045469475613,0.9979175385974692,0.00208246149122715,11104,9602626,10207,9855
lung_constrained_probability_highsens_tta,0.62,10,0.5240203780411075,0.3550322580644016,0.5251204733047735,0.998955458812193,0.5229248824057952,0.9979245970849268,0.0020754029974341393,11006,9602792,10041,9953
lung_constrained_probability_highsens_tta,0.62,15,0.5246638916796984,0.35562329744443,0.5232119853043927,0.9989725193395111,0.5261238785201141,0.997937468444408,0.002062531653791666,10966,9602956,9877,9993
lung_constrained_probability_highsens_tta,0.62,20,0.5245238496543487,0.3554946310257007,0.5196812825036883,0.9989930127778138,0.5294575150687685,0.9979502360026032,0.0020497639197856188,10892,9603153,9680,10067
lung_constrained_probability_highsens_tta,0.62,30,0.5198014984916514,0.3511701288455327,0.5097571449017082,0.9990153787130174,0.5302496401803909,0.9979509626116062,0.0020490374881774187,10684,9603368,9465,10275
lung_constrained_probability_highsens_tta,0.62,50,0.5095122012514113,0.3418425844741546,0.48365857149650093,0.9990954799693276,0.5382858963463582,0.9979741102984153,0.0020258896984159946,10137,9604138,8695,10822
lung_constrained_probability_highsens_tta,0.62,75,0.49437735359031443,0.32835408976426383,0.45412471969060825,0.9991648663822612,0.5424598199016628,0.99797909276015,0.0020209073554724455,9518,9604805,8028,11441
lung_constrained_probability_highsens_tta,0.62,100,0.4800413313028932,0.3158252531395342,0.42115558948403015,0.9992728470368715,0.558070430549056,0.9980151118064403,0.001984888222068548,8827,9605843,6990,12132
lung_constrained_probability_highsens_tta,0.62,150,0.4297600385866304,0.27369067731520746,0.34009256166785623,0.999471019625535,0.5836403831977535,0.9980364948713851,0.001963505055755377,7128,9607748,5085,13831
lung_constrained_probability_highsens_tta,0.62,200,0.37392293935933213,0.2299540091980684,0.27434515005473814,0.999579104307751,0.586974275213774,0.9980013062353839,0.0019986936822533607,5750,9608787,4046,15209
lung_constrained_probability_highsens_tta,0.63,0,0.5258111219233081,0.3566782586294575,0.5285080395054494,0.9989496332662796,0.5231415887406615,0.9979261541042188,0.002073845826089382,11077,9602736,10097,9882
lung_constrained_probability_highsens_tta,0.63,3,0.5259208245266984,0.3567792241267055,0.5283171907054114,0.9989517138183915,0.5235460992905325,0.9979278149247971,0.002072185045108199,11073,9602756,10077,9886
lung_constrained_probability_highsens_tta,0.63,5,0.5261556743908435,0.35699542024112846,0.5281263419053732,0.9989548346465595,0.5241996590260825,0.9979305137582367,0.002069486305117607,11069,9602786,10047,9890
lung_constrained_probability_highsens_tta,0.63,10,0.5251800282302148,0.3560977192355202,0.5236891073044879,0.9989738716983839,0.5266794625717243,0.9979398558739893,0.0020601442083716393,10976,9602969,9864,9983
lung_constrained_probability_highsens_tta,0.63,15,0.5256884702262399,0.35656539314110164,0.5218760437041262,0.9989891637564068,0.5295570079881241,0.9979511702141785,0.0020488298032432795,10938,9603116,9717,10021
lung_constrained_probability_highsens_tta,0.63,20,0.5253716910430255,0.356273976195824,0.5184407653034407,0.9990075766425975,0.5324904439868017,0.997962069349223,0.0020379305351525545,10866,9603293,9540,10093
lung_constrained_probability_highsens_tta,0.63,30,0.5203573520795449,0.35167771948914456,0.5085643399014702,0.9990273418876611,0.5327102803735655,0.9979603047273587,0.002039695158600807,10659,9603483,9350,10300
lung_constrained_probability_highsens_tta,0.63,50,0.51046215199765,0.34269834276600714,0.48246576649626294,0.9991107720273504,0.5419078242226464,0.9979867740553243,0.0020132260397076607,10112,9604285,8548,10847
lung_constrained_probability_highsens_tta,0.63,75,0.49302008852557744,0.32715770447345155,0.4490672264895992,0.9991875444002815,0.546510277551651,0.9979907185041976,0.002009281422942877,9412,9605023,7810,11547
lung_constrained_probability_highsens_tta,0.63,100,0.47897483537788493,0.3149026370624722,0.41819743308343993,0.9992848102115153,0.5604219948845521,0.9980206132746058,0.001979386666789651,8765,9605958,6875,12194
lung_constrained_probability_highsens_tta,0.63,150,0.43181611426132405,0.2753606373514811,0.33971086406778006,0.9994904727877818,0.5924446663333396,0.9980550753016041,0.0019449247047305107,7120,9607935,4898,13839
lung_constrained_probability_highsens_tta,0.63,200,0.37390964718123487,0.22994395516403926,0.274058876854681,0.9995817049978909,0.5882232462871599,0.9980032784598205,0.0019967216067016125,5744,9608812,4021,15215
lung_constrained_probability_highsens_tta,0.64,0,0.526509098714368,0.3573209025281288,0.5266472637050782,0.9989667978212032,0.5263710061990814,0.9979392330662724,0.0020607670303434134,11038,9602901,9932,9921
lung_constrained_probability_highsens_tta,0.64,3,0.5265694719510066,0.35737651821850774,0.52645641490504,0.9989684622628928,0.5266825775653811,0.9979404786817061,0.002059521386399865,11034,9602917,9916,9925
lung_constrained_probability_highsens_tta,0.64,5,0.5269017584096601,0.3576827013525065,0.5261224295049735,0.9989732475327503,0.5276833995307806,0.9979445269318655,0.0020554731599986553,11027,9602963,9870,9932
lung_constrained_probability_highsens_tta,0.64,10,0.5260297689180451,0.35687950667220564,0.5218760437041262,0.9989919725017579,0.5302501454331344,0.9979539728489042,0.002046027220785618,10938,9603143,9690,10021
lung_constrained_probability_highsens_tta,0.64,15,0.5261709319168213,0.35700946826971236,0.5199198435037359,0.9990050799800632,0.5325741654852976,0.9979627959582261,0.0020372041035443544,10897,9603269,9564,10062
lung_constrained_probability_highsens_tta,0.64,20,0.5253928545404695,0.3562934413807832,0.5160551553029648,0.9990223485625924,0.5350747007022187,0.9979716190675479,0.002028380986303091,10816,9603435,9398,10143
lung_constrained_probability_highsens_tta,0.64,30,0.5215642019526713,0.352781096508578,0.5071806861011942,0.9990457547738518,0.5367873554509232,0.9979756673177074,0.0020243327599018812,10630,9603660,9173,10329
lung_constrained_probability_highsens_tta,0.64,50,0.5113578744547939,0.3435062502127649,0.4811775370960059,0.9991261681129788,0.5455774952661371,0.9979993340109472,0.0020006659906357527,10085,9604433,8400,10874
lung_constrained_probability_highsens_tta,0.64,75,0.492527102410143,0.3267236865071298,0.4465384798890946,0.9992004438233756,0.5490759753590208,0.9979980883955135,0.002001911634579301,9359,9605147,7686,11600
lung_constrained_probability_highsens_tta,0.64,100,0.47793249292783013,0.3140021652831779,0.4151438522828307,0.9992977096346094,0.5630986280089547,0.9980268413517741,0.0019731586799025536,8701,9606082,6751,12258
lung_constrained_probability_highsens_tta,0.64,150,0.4278127098466431,0.2721130698142921,0.33436709766671385,0.9995011876311584,0.593747352367539,0.9980541410900288,0.0019458589376881719,7008,9608038,4795,13951
lung_constrained_probability_highsens_tta,0.64,200,0.3739365689884371,0.22996431864642186,0.27367717925460483,0.999585554019298,0.5901234567895163,0.9980062886971185,0.0019937113393098116,5736,9608849,3984,15223
lung_constrained_probability_highsens_tta,0.65,0,0.5276273541954934,0.35835177711223853,0.5253113221048116,0.998984170431338,0.5299638989167124,0.9979536614450458,0.002046338515356183,11010,9603068,9765,9949
lung_constrained_probability_highsens_tta,0.65,3,0.5277364913457047,0.35845247012070264,0.5251681855047831,0.9989859389006333,0.5303300409537315,0.9979551146630518,0.0020448854193091393,11007,9603085,9748,9952
lung_constrained_probability_highsens_tta,0.65,5,0.5280337941626997,0.35872684581256237,0.5248342001047164,0.9989904120876739,0.5312726394588112,0.9979588515093528,0.0020411484874784946,11000,9603128,9705,9959
lung_constrained_probability_highsens_tta,0.65,10,0.5269842802983298,0.3577587620076857,0.5206355265038787,0.9990073685873864,0.53348978194948,0.9979666366058132,0.00203336332924664,10912,9603291,9542,10047
lung_constrained_probability_highsens_tta,0.65,15,0.527161512694663,0.35792214641209075,0.5181067799033742,0.9990242210594932,0.5365383665198199,0.9979779509460024,0.002022049156948924,10859,9603453,9380,10100
lung_constrained_probability_highsens_tta,0.65,20,0.5266110541976373,0.3574148263416358,0.5150531991027649,0.9990383688138544,0.5386995359047164,0.9979854246386045,0.002014575293287635,10795,9603589,9244,10164
lung_constrained_probability_highsens_tta,0.65,30,0.5226472254376684,0.35377279850610055,0.5062264421010038,0.9990604226662412,0.5401690255572038,0.9979882272733303,0.0020117727108299732,10610,9603801,9032,10349
lung_constrained_probability_highsens_tta,0.65,50,0.5129746110161927,0.34496694865899064,0.48055727849588215,0.9991430205850856,0.5500819224464499,0.998014800402582,0.0019851995166391134,10072,9604595,8238,10887
lung_constrained_probability_highsens_tta,0.65,75,0.4950353483198308,0.3289348675180939,0.44601364568898993,0.9992239540622406,0.5561637315560708,0.9980204056720334,0.00197959435172379,9348,9605373,7460,11611
lung_constrained_probability_highsens_tta,0.65,100,0.478478643769133,0.31447382700853216,0.4147621546827545,0.9993046794841844,0.5653248357933502,0.9980329656276563,0.001967034302651882,8693,9606149,6684,12266
lung_constrained_probability_highsens_tta,0.65,150,0.42382926454769726,0.268898067331566,0.32926189226569524,0.9995105501156621,0.5946062381521673,0.9980523764681645,0.0019476235611364245,6901,9608128,4705,14058
lung_constrained_probability_highsens_tta,0.65,200,0.3740903899492987,0.23008068076898402,0.2734863304545668,0.9995886748474659,0.5917819533340989,0.9980089875305581,0.001991012366488576,5732,9608879,3954,15227
lung_constrained_probability_highsens_tta,0.66,0,0.5283564117999932,0.35902470954005594,0.5234028341044308,0.9990017510966841,0.5334046484486369,0.9979670518109578,0.0020329481922090054,10970,9603237,9596,9989
lung_constrained_probability_highsens_tta,0.66,3,0.5285783132528847,0.359229660683755,0.5233074097044118,0.9990041437316128,0.5339564772890638,0.9979692316379667,0.002030768431723118,10968,9603260,9573,9991
lung_constrained_probability_highsens_tta,0.66,5,0.528738960474753,0.3593780751819329,0.5227348633042975,0.9990089290014703,0.5348825855584949,0.9979727608816955,0.0020272391848266125,10956,9603306,9527,10003
lung_constrained_probability_highsens_tta,0.66,10,0.5275477745670477,0.3582783641159768,0.5182976287034122,0.9990261975839995,0.5371340981010002,0.9979803383755836,0.0020196617115288973,10863,9603472,9361,10096
lung_constrained_probability_highsens_tta,0.66,15,0.5281463414632859,0.3588307427168797,0.5165799895030695,0.9990414896420223,0.5402425028688487,0.9979918603183451,0.0020081396214663982,10827,9603619,9214,10132
lung_constrained_probability_highsens_tta,0.66,20,0.5276599916663332,0.35838188779745017,0.5135741209024698,0.9990558454515949,0.5425403225803717,0.9979996454148056,0.0020003546960651875,10764,9603757,9076,10195
lung_constrained_probability_highsens_tta,0.66,30,0.5222920480972532,0.35344740983814305,0.5036022711004802,0.9990737381997576,0.5424225294205548,0.9979958047672184,0.002004195237532258,10555,9603929,8904,10404
lung_constrained_probability_highsens_tta,0.66,50,0.5133616064584045,0.3453170647876455,0.47936447349564415,0.9991536314008567,0.552549084309216,0.9980227931016147,0.0019772069063037634,10047,9604697,8136,10912
lung_constrained_probability_highsens_tta,0.66,75,0.4942929360115753,0.3282796154932399,0.44319862588842823,0.9992367494577291,0.5587032358952492,0.9980270489543464,0.0019729509949684143,9289,9605496,7337,11670
lung_constrained_probability_highsens_tta,0.66,100,0.4771151178916846,0.31329690346072375,0.4103249200818692,0.9993247568120648,0.5698760850834471,0.9980433457562703,0.0019566542468965054,8600,9606342,6491,12359
lung_constrained_probability_highsens_tta,0.66,150,0.42393109812352386,0.26898005386616614,0.32878477026560005,0.999515231357914,0.5965717253912245,0.9980560095131793,0.0019439904717728496,6891,9608173,4660,14068
lung_constrained_probability_highsens_tta,0.66,200,0.3739624861118966,0.22998392282948954,0.2730092084544716,0.9995921077584506,0.5933838017208406,0.9980113749601394,0.001988625153899193,5722,9608912,3921,15237
lung_constrained_probability_highsens_tta,0.67,0,0.5291097549160785,0.359720758693243,0.521208072903993,0.9990212042589308,0.5372547090933274,0.9979816877923035,0.0020183122251182795,10924,9603424,9409,10035
lung_constrained_probability_highsens_tta,0.67,3,0.5294488341653669,0.36003428270030324,0.5211126485039739,0.99902453314231,0.5380560618747041,0.9979848018308877,0.002015198115259409,10922,9603456,9377,10037
lung_constrained_probability_highsens_tta,0.67,5,0.5295788323824422,0.3601545217418826,0.5204446777038406,0.9990296304949843,0.5390393358368556,0.9979884348759025,0.002011565025895834,10908,9603505,9328,10051
lung_constrained_probability_highsens_tta,0.67,10,0.5285588752195547,0.35921170498644395,0.5165799895030695,0.9990448185254015,0.5411065020737962,0.9979951819595015,0.002004818059504032,10827,9603651,9182,10132
lung_constrained_probability_highsens_tta,0.67,15,0.5296326290214411,0.3602042860002803,0.5148623503027268,0.9990638555772259,0.5452753916116496,0.998010440748564,0.001989559270441532,10791,9603834,8999,10168
lung_constrained_probability_highsens_tta,0.67,20,0.5286495541211685,0.359295472809952,0.5119519061021461,0.999073634172152,0.5464731347081505,0.9980138661910067,0.0019861338660120964,10730,9603928,8905,10229
lung_constrained_probability_highsens_tta,0.67,30,0.5236267570530048,0.3546709882169031,0.5012166611000042,0.9990991209355234,0.5481346204014881,0.9980159422167295,0.001984057715162635,10505,9604173,8660,10454
lung_constrained_probability_highsens_tta,0.67,50,0.5145778211614698,0.3464185660428366,0.47788539529534907,0.9991725644250754,0.5573734001109865,0.9980384670958218,0.0019615329802036285,10016,9604879,7954,10943
lung_constrained_probability_highsens_tta,0.67,75,0.49474331879818767,0.32867704556752375,0.4411947134880284,0.9992536019298359,0.5630861040064772,0.9980395051086831,0.001960494788363576,9247,9605658,7175,11712
lung_constrained_probability_highsens_tta,0.67,100,0.4775262101270139,0.31365151459642004,0.40855956868151694,0.9993402569252988,0.574505199597065,0.998054971500318,0.0019450285471975803,8563,9606491,6342,12396
lung_constrained_probability_highsens_tta,0.67,150,0.4238623374214761,0.26892469324541574,0.32730569206530497,0.9995266743945298,0.6012269938645037,0.9980642098147843,0.0019357901765033603,6860,9608283,4550,14099
lung_constrained_probability_highsens_tta,0.67,200,0.3736220472439719,0.22972645848453574,0.271673266854205,0.9996018863533769,0.5980464236943618,0.9980182258450245,0.0019817741122096777,5694,9609006,3827,15265
lung_constrained_probability_highsens_tta,0.68,0,0.5300365408037686,0.36057803851368514,0.5190610239035646,0.9990416976972335,0.5414862376185647,0.9979974655877967,0.002002534456551075,10879,9603621,9212,10080
lung_constrained_probability_highsens_tta,0.68,3,0.5302550099954825,0.36078028066205725,0.5188701751035264,0.9990446104701903,0.5421506555658098,0.997999956818664,0.0020000431686639786,10875,9603649,9184,10084
lung_constrained_probability_highsens_tta,0.68,5,0.5306441373246739,0.3611406540812413,0.5184407653034407,0.9990503319884981,0.5434358589644693,0.9980047316778264,0.001995268277823925,10866,9603704,9129,10093
lung_constrained_probability_highsens_tta,0.68,10,0.5295735900961561,0.3601496725910864,0.5143375161026221,0.9990665602949714,0.545739887611732,0.9980119977678562,0.0019880023319274187,10780,9603860,8973,10179
lung_constrained_probability_highsens_tta,0.68,15,0.5298601346849874,0.36041477901930924,0.5124290281022413,0.9990803959665159,0.5485188968332234,0.9980216512874671,0.001978348707780242,10740,9603993,8840,10219
lung_constrained_probability_highsens_tta,0.68,20,0.529389926989103,0.3599798047794143,0.5102819791018129,0.999089654423414,0.5499845726624756,0.9980262185440573,0.0019737815018743277,10695,9604082,8751,10264
lung_constrained_probability_highsens_tta,0.68,30,0.5245967337940777,0.3555615917423755,0.49964215849969,0.9991164935456582,0.5521750593195085,0.9980298515890722,0.0019701484125107527,10472,9604340,8493,10487
lung_constrained_probability_highsens_tta,0.68,50,0.5140242483777075,0.34591698270750987,0.47435469249464457,0.9991904571732382,0.5609343263368535,0.9980486396218634,0.0019513603765517473,9942,9605051,7782,11017
lung_constrained_probability_highsens_tta,0.68,75,0.49618115318403183,0.32994742301214997,0.440145045087819,0.9992718067608155,0.5685670261937944,0.9980553867054625,0.0019446132937446237,9225,9605833,7000,11734
lung_constrained_probability_highsens_tta,0.68,100,0.4779508403007528,0.31401800477666214,0.4077484612813551,0.9993492032993802,0.5773544115656145,0.9980621337890615,0.0019378662109375,8546,9606577,6256,12413
lung_constrained_probability_highsens_tta,0.68,150,0.4207089552237498,0.2663910218545909,0.3227730330644006,0.9995385335415679,0.6039639317912651,0.9980661820392209,0.0019338179845362902,6765,9608397,4436,14194
lung_constrained_probability_highsens_tta,0.68,200,0.369018090418901,0.2262551707355721,0.2661863638531103,0.9996152018868933,0.6013149385636976,0.9980195752617443,0.00198042462579906,5579,9609134,3699,15380
lung_constrained_probability_highsens_tta,0.69,0,0.5303642732905783,0.36088145085999435,0.5164845651030505,0.9990599025282131,0.5450105729531038,0.9980100255434196,0.001989974407479167,10825,9603796,9037,10134
lung_constrained_probability_highsens_tta,0.69,3,0.5303390620018804,0.36085810562827847,0.5160551553029648,0.9990622951631419,0.545436207765736,0.9980114787614255,0.001988521311432123,10816,9603819,9014,10143
lung_constrained_probability_highsens_tta,0.69,5,0.5303186527224112,0.36083920756343807,0.515339472302822,0.9990664562673658,0.5461946902652105,0.998014073793579,0.001985926181077957,10801,9603859,8974,10158
lung_constrained_probability_highsens_tta,0.69,10,0.530052082047607,0.36059242342814324,0.5122858915022127,0.9990827886014446,0.5490948143599523,0.9980237273131899,0.001976272789761424,10737,9604016,8817,10222
lung_constrained_probability_highsens_tta,0.69,15,0.5304604398600257,0.3609705068501178,0.5103774035018319,0.9990975605214395,0.5521887259959982,0.9980343150443761,0.001965685049071908,10697,9604158,8675,10262
lung_constrained_probability_highsens_tta,0.69,20,0.5300101982437804,0.3605536566380045,0.5083257789014226,0.9991064028679153,0.5536271045517804,0.998038674698394,0.0019613252952694893,10654,9604243,8590,10305
lung_constrained_probability_highsens_tta,0.69,30,0.5251157640425496,0.35603863085678733,0.49778138269931876,0.9991319936588923,0.5556265644136147,0.9980412697305475,0.0019587301649153233,10433,9604489,8344,10526
lung_constrained_probability_highsens_tta,0.69,50,0.5144118410801054,0.34626813494132275,0.47258934109429235,0.9992046049275994,0.5643553073895707,0.9980589159491912,0.0019410840468481183,9905,9605187,7646,11054
lung_constrained_probability_highsens_tta,0.69,75,0.49772751866667636,0.3313164055464321,0.4389045278875715,0.9992919881163015,0.5747578881595908,0.9980728253215339,0.0019271746277809143,9199,9606027,6806,11760
lung_constrained_probability_highsens_tta,0.69,100,0.47778373346108904,0.3138737536601379,0.4040269096806126,0.9993737538143013,0.584483710656692,0.9980785343922716,0.0019214656203985214,8468,9606813,6020,12491
lung_constrained_probability_highsens_tta,0.69,150,0.42076740999114837,0.2664378968957258,0.3222959110643054,0.999542902701003,0.6058839357784501,0.9980695036803774,0.0019304963061586022,6755,9608439,4394,14204
lung_constrained_probability_highsens_tta,0.69,200,0.3691879719166879,0.22638290959295493,0.2659478028530627,0.9996189468806949,0.603442676192916,0.9980227931016147,0.0019772069063037634,5574,9609170,3663,15385
lung_constrained_probability_highsens_tta,0.7,0,0.5306182749364661,0.36111669682942515,0.5140989551025745,0.9990763388898976,0.5482344560900844,0.9980212360823226,0.001978763844817877,10775,9603954,8879,10184
lung_constrained_probability_highsens_tta,0.7,3,0.5306092271292068,0.3611083157222632,0.5136218331024793,0.9990791476352487,0.5487587296729628,0.9980230007041869,0.001976999221369624,10765,9603981,8852,10194
lung_constrained_probability_highsens_tta,0.7,5,0.5304450804301465,0.36095628231805754,0.5129061501023365,0.999082164435811,0.5492259745565068,0.998024453922193,0.0019755461253225803,10750,9604010,8823,10209
lung_constrained_probability_highsens_tta,0.7,10,0.5303368556827578,0.36085606265178205,0.5100434181017653,0.9990986007974955,0.5523120640658474,0.9980346264482346,0.001965373521670699,10690,9604168,8665,10269
lung_constrained_probability_highsens_tta,0.7,15,0.5301841193909534,0.36071464894722827,0.5076578081012894,0.9991118123034064,0.5548023777241866,0.9980426191472673,0.001957380911335349,10640,9604295,8538,10319
lung_constrained_probability_highsens_tta,0.7,20,0.5307224848074298,0.3612132352939947,0.5062741543010133,0.9991243996436837,0.5576518814375879,0.9980521688655921,0.001947831129655242,10611,9604416,8417,10348
lung_constrained_probability_highsens_tta,0.7,30,0.5251249936870549,0.35604711683318857,0.49611145569898557,0.9991422923918465,0.557742852544892,0.9980479130128604,0.001952087040990591,10398,9604588,8245,10561
lung_constrained_probability_highsens_tta,0.7,50,0.5150116075852271,0.34681187423139054,0.47101483849397824,0.9992191687923832,0.5680745770511174,0.9980700226868081,0.0019299773266538978,9872,9605327,7506,11087
lung_constrained_probability_highsens_tta,0.7,75,0.4977348560886261,0.33132290801389314,0.4377117228873335,0.9992998942143269,0.5768360160962167,0.998078119187127,0.0019218807574361563,9174,9606103,6730,11785
lung_constrained_probability_highsens_tta,0.7,100,0.4676020990188035,0.3051440482392968,0.39114461567804226,0.9993855089337338,0.5812123360506336,0.9980622375903476,0.0019377623684704304,8198,9606926,5907,12761
lung_constrained_probability_highsens_tta,0.7,150,0.42062897791076354,0.26632689344543226,0.32162794026417213,0.9995472718604381,0.6076805192458238,0.9980724101163894,0.001927589881233871,6741,9608481,4352,14218
lung_constrained_probability_highsens_tta,0.7,200,0.36906854130040484,0.22629310344818385,0.265518393052977,0.9996220677088627,0.6050228310495704,0.9980249729286236,0.001975027145817876,5565,9609200,3633,15394
lung_constrained_probability_highsens_tta,0.71,0,0.5316185945087394,0.36204394343367574,0.5118087695021175,0.9990980806594675,0.5530236634528262,0.9980379480893911,0.001962051959708333,10727,9604163,8670,10232
lung_constrained_probability_highsens_tta,0.71,3,0.5316600114088813,0.36208236208223976,0.5113793597020319,0.9991009934324242,0.5536157024790529,0.9980399203138277,0.001960079651325941,10718,9604191,8642,10241
lung_constrained_probability_highsens_tta,0.71,5,0.5317046526638534,0.36212377409524443,0.5109022377019367,0.9991042182881977,0.5542729954963744,0.9980421001408366,0.0019578998908400536,10708,9604222,8611,10251
lung_constrained_probability_highsens_tta,0.71,10,0.5312695044312742,0.3617202107766916,0.5076578081012894,0.9991203425670654,0.557184750732846,0.9980511308527308,0.0019488692050799727,10640,9604377,8456,10319
lung_constrained_probability_highsens_tta,0.71,15,0.5309663507345341,0.36143920256695516,0.5051767737007943,0.9991329299073427,0.5595307297994189,0.9980582931414744,0.0019417068688198924,10588,9604498,8335,10371
lung_constrained_probability_highsens_tta,0.71,20,0.5319480780839878,0.36234963501135664,0.5044610907006515,0.9991448930819864,0.5626030968974817,0.9980686732700883,0.0019313266966491938,10573,9604613,8220,10386
lung_constrained_probability_highsens_tta,0.71,30,0.5256468913627864,0.3565271360594592,0.4933441480984334,0.9991633059681772,0.5624762008374246,0.9980628603980645,0.0019371395464986563,10340,9604790,8043,10619
lung_constrained_probability_highsens_tta,0.71,50,0.5134560348674053,0.34540252216597356,0.46652989169308334,0.9992353970988563,0.570878094348102,0.9980764583665488,0.0019235416548326612,9778,9605483,7350,11181
lung_constrained_probability_highsens_tta,0.71,75,0.49866142162473404,0.33214454674466604,0.43546924948688603,0.9993217400115024,0.5833067041601692,0.9980950387967678,0.0019049611873924732,9127,9606313,6520,11832
lung_constrained_probability_highsens_tta,0.71,100,0.4666570397110566,0.30433963685666227,0.3854668638769094,0.999418797767525,0.5911751792766052,0.9980831016488617,0.0019168982980772853,8079,9607246,5587,12880
lung_constrained_probability_highsens_tta,0.71,150,0.4135535415415374,0.26067916716419415,0.31241948566233485,0.9995672451607128,0.6115054165104487,0.9980723063151032,0.0019276937237009406,6548,9608673,4160,14411
lung_constrained_probability_highsens_tta,0.71,200,0.3645178547544588,0.22288097477195776,0.26007920225189174,0.9996361114356185,0.6091183372437041,0.9980271527556326,0.0019728471525013447,5451,9609335,3498,15508
lung_constrained_probability_highsens_tta,0.72,0,0.5320835618485985,0.3624753753140539,0.5091845985015939,0.9991175338217142,0.5571391281646791,0.9980516498591615,0.0019483501091599464,10672,9604350,8483,10287
lung_constrained_probability_highsens_tta,0.72,3,0.5320858283431806,0.3624774790086132,0.5087551887015083,0.9991201345118542,0.5576591182466619,0.9980533106797397,0.0019466893281787634,10663,9604375,8458,10296
lung_constrained_probability_highsens_tta,0.72,5,0.5322407375020531,0.3626212765956212,0.5082303545014035,0.9991245036712892,0.5586322634777855,0.99805652851961,0.001943471492268145,10652,9604417,8416,10307
lung_constrained_probability_highsens_tta,0.72,10,0.5317739182811636,0.36218803418791035,0.5054630469008514,0.999137507121989,0.560974318241694,0.9980634832057813,0.001936516840942204,10594,9604542,8291,10365
lung_constrained_probability_highsens_tta,0.72,15,0.5317394264960451,0.3621560342160974,0.5029820125003563,0.9991521750143783,0.5639845923386668,0.9980727215202477,0.001927278470247984,10542,9604683,8150,10417
lung_constrained_probability_highsens_tta,0.72,20,0.5319574069857268,0.36235829227098915,0.5017414953001089,0.9991613294436709,0.5660458606951415,0.9980791571999884,0.0019208427984267473,10516,9604771,8062,10443
lung_constrained_probability_highsens_tta,0.72,30,0.5264802294610412,0.357294309847281,0.49043370389785274,0.9991875444002815,0.5682458952951693,0.9980807142192805,0.001919285743497312,10279,9605023,7810,10680
lung_constrained_probability_highsens_tta,0.72,50,0.5133625006587652,0.3453178739849146,0.4646691158927121,0.9992464240250497,0.5734558087495887,0.9980834130527201,0.00191658700350672,9739,9605589,7244,11220
lung_constrained_probability_highsens_tta,0.72,75,0.4987803206795947,0.33225005477239017,0.4341333078866195,0.999331414578823,0.5860492077801197,0.9981017858803668,0.0018982141045853496,9099,9606406,6427,11860
lung_constrained_probability_highsens_tta,0.72,100,0.46902990517856485,0.30636124556911754,0.38351066367651915,0.9994509422976546,0.6036347251422322,0.9981109203935471,0.0018890795763581991,8038,9607555,5278,12921
lung_constrained_probability_highsens_tta,0.72,150,0.4157314087685067,0.2624122014849438,0.31194236366223965,0.9995884667922548,0.6230226796258594,0.9980924437646143,0.0019075562013313174,6538,9608877,3956,14421
lung_constrained_probability_highsens_tta,0.72,200,0.3643971346319996,0.22279071671228243,0.25969750465181557,0.999638816153364,0.6105440269202349,0.998029021178783,0.001970978919416666,5443,9609361,3472,15516
lung_constrained_probability_highsens_tta,0.73,0,0.5334605150859648,0.36375462138834597,0.5069898373011561,0.9991414601710017,0.5628476084535394,0.9980707492958111,0.001929250662215054,10626,9604580,8253,10333
lung_constrained_probability_highsens_tta,0.73,3,0.5332629886442234,0.3635709636530562,0.5063695787010323,0.9991436447507193,0.5631732555051402,0.9980715797061003,0.0019284202717244625,10613,9604601,8232,10346
lung_constrained_probability_highsens_tta,0.73,5,0.5338196453274975,0.3640886631895539,0.5062741543010133,0.9991485340481824,0.5645350074480929,0.9980762507639765,0.0019237492233514786,10611,9604648,8185,10348
lung_constrained_probability_highsens_tta,0.73,10,0.5332255701764117,0.3635361779796936,0.5036499833004897,0.9991596650019813,0.5664913598794856,0.9980816484308558,0.0019183516269549727,10556,9604755,8078,10403
lung_constrained_probability_highsens_tta,0.73,15,0.5331134229889538,0.3634319321915366,0.5012166611000042,0.9991733966459202,0.5693458349137882,0.998090056335033,0.0019099436467513442,10505,9604887,7946,10454
lung_constrained_probability_highsens_tta,0.73,20,0.5333095559573706,0.36361425693032595,0.4994035974996424,0.9991857759309862,0.5721548048537377,0.9980984642392103,0.0019015357829630375,10467,9605006,7827,10492
lung_constrained_probability_highsens_tta,0.73,30,0.5262886465020175,0.35711786114209226,0.4869030010971483,0.9992076217281618,0.5726068903599076,0.9980930665723311,0.0019069333793595433,10205,9605216,7617,10754
lung_constrained_probability_highsens_tta,0.73,50,0.5144009981151245,0.3462583089127488,0.4622835058922361,0.9992694141258868,0.5797630445185616,0.99810116307265,0.0018988369265571237,9689,9605810,7023,11270
lung_constrained_probability_highsens_tta,0.73,75,0.49922966875742847,0.33264894592105126,0.432892790686372,0.9993429616430444,0.5895769705630063,0.9981106089896886,0.0018893909873440862,9073,9606517,6316,11886
lung_constrained_probability_highsens_tta,0.73,100,0.4665669101896939,0.3042629726005264,0.37935970227569094,0.9994618651962425,0.6058366351717419,0.9981127888166976,0.0018872112268581986,7951,9607660,5173,13008
lung_constrained_probability_highsens_tta,0.73,150,0.41587564502757984,0.2625271454997738,0.31146524166214445,0.9995935641449291,0.6255869669375892,0.9980964920147737,0.0019035079749301076,6528,9608926,3907,14431
lung_constrained_probability_highsens_tta,0.73,200,0.36431301548971895,0.22272783175492036,0.25922038265172037,0.9996427692023767,0.6127213262652388,0.998031927614795,0.0019680724944919348,5433,9609399,3434,15526
lung_constrained_probability_highsens_tta,0.74,0,0.5347355647688,0.3649413388542564,0.5046042273006801,0.9991655945755004,0.5686938753559344,0.9980896411298885,0.0019103589002043009,10576,9604812,8021,10383
lung_constrained_probability_highsens_tta,0.74,3,0.534746641705954,0.3649516574584375,0.5042702419006134,0.9991676751276123,0.5691437802904851,0.9980909905466083,0.001909009413793683,10569,9604832,8001,10390
lung_constrained_probability_highsens_tta,0.74,5,0.5350115227795136,0.3651984511131361,0.5039839687005563,0.9991714201214138,0.5701101036266353,0.9980941045851924,0.0019058954203501344,10563,9604868,7965,10396
lung_constrained_probability_highsens_tta,0.74,10,0.5343022664903613,0.3645378267802633,0.5016460709000898,0.9991799503850728,0.571506223840533,0.9980975300276351,0.0019024700159206986,10514,9604950,7883,10445
lung_constrained_probability_highsens_tta,0.74,15,0.5346342460153927,0.36484696367553343,0.49935588529963293,0.9991961786915461,0.5752762051335265,0.9981087405665382,0.0018912594532594085,10466,9605106,7727,10493
lung_constrained_probability_highsens_tta,0.74,20,0.534289739976807,0.3645261649245414,0.49754282169927116,0.9992043968723883,0.5768975437040402,0.9981129964192699,0.0018870035419240594,10428,9605185,7648,10531
lung_constrained_probability_highsens_tta,0.74,30,0.5272600005183607,0.3580129559215751,0.48518536189680556,0.9992255144763246,0.5773248552284674,0.998107183547246,0.0018928165081888437,10169,9605388,7445,10790
lung_constrained_probability_highsens_tta,0.74,50,0.5148736539075288,0.3466867686121234,0.460804427691941,0.9992823135489809,0.5833182339792333,0.998110816592261,0.0018891834188252687,9658,9605934,6899,11301
lung_constrained_probability_highsens_tta,0.74,75,0.49777310575659145,0.33135680612833995,0.4292666634856485,0.9993557570385329,0.5922975641865752,0.9981154876501372,0.0018845123704522848,8997,9606640,6193,11962
lung_constrained_probability_highsens_tta,0.74,100,0.4682169627573428,0.30566793819585186,0.37850088267551957,0.9994804861376444,0.613676800494613,0.9981295008237661,0.001870499225333333,7933,9607839,4994,13026
lung_constrained_probability_highsens_tta,0.74,150,0.4158978451714554,0.26254483898260345,0.31079727086201114,0.9995992856632369,0.6284005402270612,0.9981007478675055,0.0018992521800100803,6514,9608981,3852,14445
lung_constrained_probability_highsens_tta,0.74,200,0.360027054446953,0.21953231327577863,0.25397204065067325,0.9996579572327939,0.6181628150033467,0.9980356644610959,0.00196433556266129,5323,9609545,3288,15636
lung_constrained_probability_highsens_tta,0.75,0,0.5353016034613044,0.3654688260233664,0.5017414953001089,0.9991870242622535,0.5736730129286053,0.9981047961176649,0.0018952038371935487,10516,9605018,7815,10443
lung_constrained_probability_highsens_tta,0.75,3,0.5353913552888273,0.36555250252152427,0.5014552221000518,0.9991894168971822,0.5742541798707386,0.9981065607395292,0.001893439213745296,10510,9605041,7792,10449
lung_constrained_probability_highsens_tta,0.75,5,0.5353190187176684,0.3654850616336912,0.5007872512999185,0.9991928498081669,0.574965762804396,0.9981085329639658,0.001891467021778226,10496,9605074,7759,10463
lung_constrained_probability_highsens_tta,0.75,10,0.5352610030704874,0.3654309772543358,0.49902189989956625,0.9992029404859099,0.5771756525574874,0.9981147610411343,0.0018852389184758067,10459,9605171,7662,10500
lung_constrained_probability_highsens_tta,0.75,15,0.5347338144275573,0.36493970835657424,0.49673171429910934,0.9992126150532304,0.579032258064194,0.9981194320990106,0.0018805678701028228,10411,9605264,7569,10548
lung_constrained_probability_highsens_tta,0.75,20,0.5342826187895232,0.3645195353747397,0.49410754329858575,0.999224890310691,0.5815690458805067,0.9981259715800374,0.0018740284722298384,10356,9605382,7451,10603
lung_constrained_probability_highsens_tta,0.75,30,0.5272812548854742,0.3580325548477148,0.4827520396963201,0.9992404944515306,0.5808599804807504,0.998116837066857,0.001883162884041667,10118,9605532,7301,10841
lung_constrained_probability_highsens_tta,0.75,50,0.5148472319173831,0.3466628100367537,0.45746457369127463,0.9993031190701004,0.5886903665496477,0.9981243107594591,0.0018756892532110214,9588,9606134,6699,11371
lung_constrained_probability_highsens_tta,0.75,75,0.4995957512056373,0.3329740978853421,0.4275013120852963,0.999381035746693,0.6009389671357471,0.998136870715082,0.0018631293205544353,8960,9606883,5950,11999
lung_constrained_probability_highsens_tta,0.75,100,0.46791760388289694,0.3054128192248559,0.377164941075253,0.9994877680700363,0.6161820874576224,0.9981338604777839,0.0018661394715309143,7905,9607909,4924,13054
lung_constrained_probability_highsens_tta,0.75,150,0.4154215325546583,0.26216532730272496,0.3097476024618017,0.9996042789883056,0.630536130535518,0.9981034467009451,0.0018965533236041665,6492,9609029,3804,14467
lung_constrained_probability_highsens_tta,0.75,200,0.3598184650815011,0.2193772197901134,0.2534472064505685,0.9996613901437787,0.620053694408054,0.9980379480893911,0.001962051959708333,5312,9609578,3255,15647
lung_constrained_probability_highsens_tta,0.76,0,0.5359346595999345,0.36605924941402324,0.49935588529963293,0.9992060613140779,0.5782959443029184,0.9981186016887214,0.0018813982605934143,10466,9605201,7632,10493
lung_constrained_probability_highsens_tta,0.76,3,0.5359704857551404,0.3660926781463089,0.4990696120995758,0.9992080378385841,0.5787639019528695,0.9981199511054412,0.0018800488905981183,10460,9605220,7613,10499
lung_constrained_probability_highsens_tta,0.76,5,0.5358397661117289,0.3659707139352743,0.498449353499452,0.9992107425563297,0.5792946656312635,0.998121300522161,0.0018786995206028223,10447,9605246,7587,10512
lung_constrained_probability_highsens_tta,0.76,10,0.535604033751663,0.36575082566215805,0.4966840020990998,0.9992194808752,0.581142187237994,0.9981261791826096,0.0018738207872956991,10410,9605330,7503,10549
lung_constrained_probability_highsens_tta,0.76,15,0.5350956449904394,0.36527684770719865,0.4944892408986619,0.9992287393320981,0.5829677129032608,0.9981306426379136,0.0018693573074415326,10364,9605419,7414,10595
lung_constrained_probability_highsens_tta,0.76,20,0.5340216348023207,0.36427661381640564,0.491101674697986,0.9992409105619531,0.5851620238768702,0.998135417497076,0.0018645825330168009,10293,9605536,7297,10666
lung_constrained_probability_highsens_tta,0.76,30,0.5284770295782126,0.359136106062098,0.48079583949592974,0.9992614040002558,0.5866565756531485,0.9981334452726394,0.001866554724983871,10077,9605733,7100,10882
lung_constrained_probability_highsens_tta,0.76,50,0.5154889982157876,0.3472449834297144,0.4549358270907701,0.9993238205636144,0.5946367321480545,0.9981394657472354,0.001860534306615591,9535,9606333,6500,11424
lung_constrained_probability_highsens_tta,0.76,75,0.5008270486976084,0.3340688932938123,0.4261653704850297,0.9993989284948559,0.6072059823245362,0.998151818100286,0.0018481819424778223,8932,9607055,5778,12027
lung_constrained_probability_highsens_tta,0.76,100,0.4667500148834713,0.3044187310707834,0.3740636480746342,0.9995011876311584,0.6204986149579577,0.9981405037600968,0.0018594962311908603,7840,9608038,4795,13119
lung_constrained_probability_highsens_tta,0.76,150,0.4111601533553236,0.2587801119311141,0.30445154826074505,0.9996152018868933,0.6330357142850862,0.9981028238932282,0.0018971761455759406,6381,9609134,3699,14578
lung_constrained_probability_highsens_tta,0.76,200,0.35087599467219327,0.21276507620932208,0.24509757144890257,0.9996686720761705,0.6172795001194216,0.9980270489543464,0.0019729509949684143,5137,9609648,3185,15822
lung_constrained_probability_highsens_tta,0.77,0,0.536027802805886,0.366146163044114,0.49673171429910934,0.9992223936481567,0.582075366207882,0.9981291894199076,0.00187081063631922,10411,9605358,7475,10548
lung_constrained_probability_highsens_tta,0.77,3,0.5360978750803513,0.36621155605589195,0.4965408654990712,0.9992240580898463,0.5825030784727513,0.9981304350353413,0.0018695649923756719,10407,9605374,7459,10552
lung_constrained_probability_highsens_tta,0.77,5,0.5362658896937998,0.36636837655004,0.4961591678989951,0.9992275950284365,0.5834268402151125,0.9981331338687809,0.001866866135969758,10399,9605408,7425,10560
lung_constrained_probability_highsens_tta,0.77,10,0.5360264832150893,0.36614493163255973,0.4944415286986524,0.99923602126449,0.5852487716718895,0.9981378049266572,0.001862195087596774,10363,9605489,7344,10596
lung_constrained_probability_highsens_tta,0.77,15,0.5352733686065632,0.36544250451522275,0.4923421918982335,0.9992428870864594,0.5864067738815785,0.9981400885549523,0.001859911484643817,10319,9605555,7278,10640
lung_constrained_probability_highsens_tta,0.77,20,0.5335558220783925,0.36384325439145015,0.4881912304974053,0.9992548502611032,0.5882150043112456,0.9981429949909641,0.0018570050597190857,10232,9605670,7163,10727
lung_constrained_probability_highsens_tta,0.77,30,0.5277777777776387,0.3584905660376075,0.4777422586953205,0.9992747195337722,0.5895201648509923,0.9981400885549523,0.001859911484643817,10013,9605861,6972,10946
lung_constrained_probability_highsens_tta,0.77,50,0.5144505524409421,0.34630321682408355,0.45097571448998,0.999340985118538,0.5987204662059931,0.9981479774526989,0.0018520226003602147,9452,9606498,6335,11507
lung_constrained_probability_highsens_tta,0.77,75,0.4987881179188043,0.3322569744300934,0.42220525788423957,0.999409747365838,0.6093093713415897,0.998153997927295,0.001846002065576613,8849,9607159,5674,12110
lung_constrained_probability_highsens_tta,0.77,100,0.4668238665192769,0.30448156368013685,0.3731094040744439,0.9995085735911557,0.6234056122444009,0.9981457976256899,0.0018542023608461022,7820,9608109,4724,13139
lung_constrained_probability_highsens_tta,0.77,150,0.4110278925618508,0.25867533522947633,0.30373586526060226,0.999620195211962,0.6355196166510576,0.9981062493356708,0.001893750624731183,6366,9609182,3651,14593
lung_constrained_probability_highsens_tta,0.77,200,0.3531923686203068,0.21447093266406755,0.24466816164881688,0.9996930145358804,0.634732021288978,0.9980504042437278,0.0019495957531034946,5128,9609882,2951,15831
lung_constrained_probability_highsens_tta,0.78,0,0.5361876164836052,0.3662953138813912,0.49415525549859524,0.9992389340374467,0.5860351949297877,0.9981400885549523,0.001859911484643817,10357,9605517,7316,10602
lung_constrained_probability_highsens_tta,0.78,3,0.5362026103168283,0.3663093089904234,0.4939644066985572,0.9992401823687138,0.5863396953046461,0.9981409189652414,0.0018590809777379036,10353,9605529,7304,10606
lung_constrained_probability_highsens_tta,0.78,5,0.5363881401615861,0.3664825046039218,0.4937258456985096,0.999242991114065,0.5871205673755534,0.9981432025935365,0.0018567973747849464,10348,9605556,7277,10611
lung_constrained_probability_highsens_tta,0.78,10,0.5358461138548126,0.36597663601165853,0.4917696454981193,0.9992505851292737,0.5886014505164818,0.998146524234693,0.0018534758128225803,10307,9605629,7204,10652
lung_constrained_probability_highsens_tta,0.78,15,0.5356379373271455,0.3657824461454991,0.4901474306977956,0.9992586992825102,0.5904362319670151,0.998151091491283,0.0018489084905013442,10273,9605707,7126,10686
lung_constrained_probability_highsens_tta,0.78,20,0.532644335440408,0.3629960672147433,0.48442196669665327,0.999270662457154,0.5915287811695458,0.9981505724848524,0.0018494274700060487,10153,9605822,7011,10806
lung_constrained_probability_highsens_tta,0.78,30,0.5279733234529911,0.35867102944865026,0.47592919509495873,0.999287202846444,0.5927972900691788,0.9981486002604157,0.0018513997783884406,9975,9605981,6852,10984
lung_constrained_probability_highsens_tta,0.78,50,0.5123899130243115,0.3444383158667606,0.4469201774891708,0.9993512838514922,0.6003332692427095,0.9981494306707048,0.0018505692714825273,9367,9606597,6236,11592
lung_constrained_probability_highsens_tta,0.78,75,0.49721717401167165,0.33086429084300256,0.41772031108334473,0.9994276401140008,0.6140843094615879,0.9981620944276138,0.0018379056127741933,8755,9607331,5502,12204
lung_constrained_probability_highsens_tta,0.78,100,0.4633165225743086,0.30150420003895234,0.3681950474734633,0.9995177280204484,0.6247065490159275,0.9981442406063978,0.0018557594157755375,7717,9608197,4636,13242
lung_constrained_probability_highsens_tta,0.78,150,0.4040955631398004,0.2532078699742339,0.2965790352591743,0.9996265408959035,0.6338976137052479,0.9980970110212044,0.0019029889954254031,6216,9609243,3590,14743
lung_constrained_probability_highsens_tta,0.78,200,0.352807283763156,0.21418701059410652,0.24404790304869314,0.9996960313364427,0.6364315042918547,0.998052065064306,0.0019479349721223116,5115,9609911,2922,15844
lung_constrained_probability_highsens_tta,0.79,0,0.53587222308919,0.366000994954031,0.4914356600980526,0.9992527697089911,0.5891437396324491,0.9981479774526989,0.0018520226003602147,10300,9605650,7183,10659
lung_constrained_probability_highsens_tta,0.79,3,0.5359708485162582,0.3660930166404615,0.49124481129801456,0.9992546422058919,0.5896569497734439,0.9981494306707048,0.0018505692714825273,10296,9605668,7165,10663
lung_constrained_probability_highsens_tta,0.79,5,0.53597665815648,0.3660984376666906,0.4908154014979289,0.9992572428960319,0.590290927870207,0.998151091491283,0.0018489084905013442,10287,9605693,7140,10672
lung_constrained_probability_highsens_tta,0.79,10,0.5351597218590122,0.3653365693481457,0.48838207929744337,0.9992656691320853,0.5918473547264574,0.9981542055298672,0.0018457944970577955,10236,9605774,7059,10723
lung_constrained_probability_highsens_tta,0.79,15,0.5346015774439812,0.3648165367282867,0.4867121522971102,0.9992714946779987,0.5929435015109318,0.9981563853568761,0.0018436146201565862,10201,9605830,7003,10758
lung_constrained_probability_highsens_tta,0.79,20,0.5317156798099614,0.36213400395172907,0.4809389760959583,0.9992847061839096,0.5944798301482693,0.998157008164593,0.001842991798184812,10080,9605957,6876,10879
lung_constrained_probability_highsens_tta,0.79,30,0.5253988972055819,0.3562989992411733,0.47053771649388304,0.9993009344903829,0.5947412857311574,0.9981505724848524,0.0018494274700060487,9862,9606113,6720,11097
lung_constrained_probability_highsens_tta,0.79,50,0.5121589723882879,0.3442296340022343,0.44515482608881857,0.9993607503636015,0.6029079159931483,0.9981550359401563,0.001844964106567204,9330,9606688,6145,11629
lung_constrained_probability_highsens_tta,0.79,75,0.4990561180709059,0.33249485479063473,0.41624123288304965,0.9994508382700491,0.6230093551377397,0.9981820242745526,0.0018179757753387094,8724,9607554,5279,12235
lung_constrained_probability_highsens_tta,0.79,100,0.46298302636316874,0.3012218045111602,0.3670022424732253,0.9995238656491786,0.6269459613655335,0.9981477698501265,0.0018522301688790321,7692,9608256,4577,13267
lung_constrained_probability_highsens_tta,0.79,150,0.4037390483013374,0.2529279738827778,0.2957202156590029,0.9996311181105498,0.6360837438417117,0.998099709854644,0.0019002901390194893,6198,9609287,3546,14761
lung_constrained_probability_highsens_tta,0.79,200,0.35225859925391895,0.21378269617697276,0.24333222004855035,0.9996986320265827,0.6377391521812709,0.9980531030771674,0.0019468968966975808,5100,9609936,2897,15859
lung_constrained_probability_highsens_tta,0.8,0,0.5355368443071661,0.36568816513093144,0.4885729280974815,0.9992673335737748,0.5924897297919386,0.99815628155559,0.0018437184626236558,10240,9605790,7043,10719
lung_constrained_probability_highsens_tta,0.8,3,0.5356077651612853,0.36575430572416,0.48838207929744337,0.9992689980154644,0.5929444476622876,0.9981575271710237,0.0018424728186801076,10236,9605806,7027,10723
lung_constrained_probability_highsens_tta,0.8,5,0.5355609091859915,0.3657106072525693,0.4879049572973482,0.9992714946779987,0.5935341575247585,0.9981589803890296,0.001841019606217742,10226,9605830,7003,10733
lung_constrained_probability_highsens_tta,0.8,10,0.5351520407893676,0.36532941007594183,0.4857579082969198,0.9992812732729249,0.5957284961962576,0.9981640666520505,0.0018359333043918014,10181,9605924,6909,10778
lung_constrained_probability_highsens_tta,0.8,15,0.5344091124820614,0.36463730569935066,0.48351543489647236,0.9992891793709503,0.5972770672478356,0.9981670768893485,0.0018329231534153223,10134,9606000,6833,10825
lung_constrained_probability_highsens_tta,0.8,20,0.5314114623352505,0.3618518384872219,0.4784579416954633,0.9992973975517926,0.5975449886779898,0.9981642742546227,0.001835725735872984,10028,9606079,6754,10931
lung_constrained_probability_highsens_tta,0.8,30,0.5232047159698491,0.35428384802396695,0.4658142086929406,0.9993136258582658,0.596723916630648,0.9981529599144335,0.0018470401410013437,9763,9606235,6598,11196
lung_constrained_probability_highsens_tta,0.8,50,0.510071188124135,0.34234601281516264,0.44100386468799035,0.9993716732621892,0.6047896355423642,0.9981569043633068,0.0018430956406518817,9243,9606793,6040,11716
lung_constrained_probability_highsens_tta,0.8,75,0.497574217396183,0.33118056356424436,0.411040603082012,0.9994742444813085,0.6302582485912427,0.9981940652237448,0.0018059348221868277,8615,9607779,5054,12344
lung_constrained_probability_highsens_tta,0.8,100,0.45799713789834734,0.29701445383449293,0.35884345627159747,0.9995461275567765,0.632867721305425,0.9981522333054306,0.0018477666890248656,7521,9608470,4363,13438
lung_constrained_probability_highsens_tta,0.8,150,0.39812446717804506,0.2485364555613671,0.2896607662577939,0.9996392322637864,0.6364398783932944,0.9980946235916232,0.00190537644084543,6071,9609365,3468,14888
lung_constrained_probability_highsens_tta,0.8,200,0.35199723326980736,0.21359019558456577,0.2428073858484456,0.9997017528547506,0.6396430367010563,0.9980550753016041,0.0019449247047305107,5089,9609966,2867,15870
lung_constrained_probability_highsens_tta,0.81,0,0.5354036940699048,0.3655640068885026,0.48613960589699595,0.9992808571625025,0.595778271546839,0.9981644818571951,0.0018355181673541665,10189,9605920,6913,10770
lung_constrained_probability_highsens_tta,0.81,3,0.5354748823636247,0.3656303848361697,0.4859487570969579,0.9992825216041921,0.5962416578851444,0.9981657274726287,0.0018342725234106183,10185,9605936,6897,10774
lung_constrained_probability_highsens_tta,0.81,5,0.5351890341759754,0.36536389108399836,0.4852807862968246,0.9992843941010928,0.5965395894424653,0.9981661426777733,0.0018338572699576616,10171,9605954,6879,10788
lung_constrained_probability_highsens_tta,0.81,10,0.5348794210093941,0.36507535876528263,0.4830860250963867,0.999295212972075,0.5991124260351485,0.9981721631523693,0.0018278368515893817,10125,9606058,6775,10834
lung_constrained_probability_highsens_tta,0.81,15,0.534403305259671,0.3646318985144513,0.48136838589604397,0.9993019747664389,0.6005714625867012,0.9981751733896674,0.0018248265841975808,10089,9606123,6710,10870
lung_constrained_probability_highsens_tta,0.81,20,0.5306046412602378,0.36110406780875826,0.47564292189490165,0.999308424477986,0.5999277847983391,0.9981691529150714,0.0018308471189811826,9969,9606185,6648,10990
lung_constrained_probability_highsens_tta,0.81,30,0.523179520275217,0.3542607428986328,0.4641442816926074,0.9993237165360087,0.5994207899435582,0.9981593955941742,0.0018406043527647853,9728,9606332,6501,11231
lung_constrained_probability_highsens_tta,0.81,50,0.5099233260440917,0.3422128102242747,0.43947707428768573,0.9993803075534539,0.6072652953582494,0.9981621982289,0.0018378017703071237,9211,9606876,5957,11748
lung_constrained_probability_highsens_tta,0.81,75,0.4946030640667089,0.3285532554641962,0.4066510806811362,0.9994817344689115,0.631099592742961,0.998191989198022,0.0018080108566209674,8523,9607851,4982,12436
lung_constrained_probability_highsens_tta,0.81,100,0.458012937873655,0.29702774369719515,0.35808006107144513,0.9995518490750844,0.6353170236175101,0.99815628155559,0.0018437184626236558,7505,9608525,4308,13454
lung_constrained_probability_highsens_tta,0.81,150,0.3980690923419158,0.24849329670770018,0.28918364425769877,0.9996429772575879,0.6384704519112625,0.9980973224250628,0.001902677584439516,6061,9609401,3432,14898
lung_constrained_probability_highsens_tta,0.81,200,0.35190636146401916,0.21352328122364533,0.24242568824836946,0.9997048736829185,0.6417024501128546,0.9980573589298991,0.0019426411017775536,5081,9609996,2837,15878
lung_constrained_probability_highsens_tta,0.82,0,0.5351956487298583,0.3653700565988805,0.4835631470964819,0.999294692834047,0.5991723322491285,0.9981726821588001,0.0018273178720846772,10135,9606053,6780,10824
lung_constrained_probability_highsens_tta,0.82,3,0.5352425235124868,0.3654137508114979,0.4833245860964343,0.9992964613033422,0.5996566625225835,0.9981739277742337,0.001826072228141129,10130,9606070,6763,10829
lung_constrained_probability_highsens_tta,0.82,5,0.5350533995980399,0.36523747654093935,0.4828474640963391,0.9992979176898206,0.5999170075282471,0.9981743429793782,0.0018256569746881723,10120,9606084,6749,10839
lung_constrained_probability_highsens_tta,0.82,10,0.5347201952926647,0.3649270218389899,0.48074812729592026,0.9993080083675635,0.6023433763745801,0.9981798444475437,0.0018201555358245969,10076,9606181,6652,10883
lung_constrained_probability_highsens_tta,0.82,15,0.5337839635946101,0.3640554668214157,0.4785056538954728,0.9993145621067162,0.6035022265010208,0.9981815052681219,0.0018184947548434138,10029,9606244,6589,10930
lung_constrained_probability_highsens_tta,0.82,20,0.5304301362541998,0.36094244264248954,0.4736390094945018,0.999319243348968,0.602695646894176,0.9981755885948119,0.001824411447159946,9927,9606289,6544,11032
lung_constrained_probability_highsens_tta,0.82,30,0.5227444624525871,0.35386190754814445,0.4616632472921124,0.999335783738258,0.6024531473752552,0.9981660388764871,0.0018339611124247313,9676,9606448,6385,11283
lung_constrained_probability_highsens_tta,0.82,50,0.5098442142677211,0.3421415526814721,0.4379979960873906,0.9993891498999297,0.6098857294707614,0.9981678034983515,0.0018321964889764786,9180,9606961,5872,11779
lung_constrained_probability_highsens_tta,0.82,75,0.49266810772901426,0.32684779659690444,0.4023569826802794,0.9994962983336952,0.6352542372876571,0.998197179262329,0.0018028207123279572,8433,9607991,4842,12526
lung_constrained_probability_highsens_tta,0.82,100,0.4591511285572684,0.29798582915361116,0.3571735292712643,0.999566933077896,0.64263026869204,0.9981693605176436,0.0018306394340470433,7486,9608670,4163,13473
lung_constrained_probability_highsens_tta,0.82,150,0.39765851091804866,0.24817338477947287,0.28846796125755597,0.9996459940581502,0.6398560694246588,0.9980987756430688,0.0019012243719771504,6046,9609430,3403,14913
lung_constrained_probability_highsens_tta,0.82,200,0.35142351839638264,0.2131678586452616,0.24175771744823618,0.999707578400664,0.6431835491233268,0.9980586045453328,0.0019413954578340054,5067,9610022,2811,15892
lung_constrained_probability_highsens_tta,0.83,0,0.5350311712427285,0.3652167614355274,0.48112982489599637,0.9993080083675635,0.6025334608026992,0.9981806748578328,0.0018193251453340054,10084,9606181,6652,10875
lung_constrained_probability_highsens_tta,0.83,3,0.5349577958272191,0.36514838569396485,0.48079583949592974,0.9993094647540419,0.602871672150402,0.9981814014668358,0.0018185984808951616,10077,9606195,6638,10882
lung_constrained_probability_highsens_tta,0.83,5,0.5348843385651781,0.3650799405429558,0.4804618540958631,0.9993109211405202,0.6032107343952299,0.9981821280758387,0.0018178719328716397,10070,9606209,6624,10889
lung_constrained_probability_highsens_tta,0.83,10,0.5341366532482381,0.36438366129546995,0.4779808196953681,0.999320283625024,0.6052440792649799,0.998186072524712,0.0018139274325221777,10018,9606299,6534,10941
lung_constrained_probability_highsens_tta,0.83,15,0.5333654283343943,0.36366620468292227,0.4757383462949207,0.9993280856954438,0.60687766281156,0.998188978960724,0.0018110210075974464,9971,9606374,6459,10988
lung_constrained_probability_highsens_tta,0.83,20,0.5300104734536805,0.36055391135943565,0.4708239896939401,0.9993331830481181,0.6062169799725972,0.9981833736912724,0.0018166262889280915,9868,9606423,6410,11091
lung_constrained_probability_highsens_tta,0.83,30,0.5217060374587431,0.35291088963246925,0.4578462712913508,0.9993516999619145,0.6062673742730564,0.9981736163703753,0.001826383639127016,9596,9606601,6232,11363
lung_constrained_probability_highsens_tta,0.83,50,0.5046728971961205,0.3374999999998737,0.4302686196858484,0.999400696964151,0.6101901346501047,0.9981625096327584,0.0018374903593212366,9018,9607072,5761,11941
lung_constrained_probability_highsens_tta,0.83,75,0.4925311932515692,0.32672728685772645,0.4011641776800414,0.9995032681832703,0.6377910945910356,0.9982015389163468,0.0017984610749408603,8408,9608058,4775,12551
lung_constrained_probability_highsens_tta,0.83,100,0.4549210656140679,0.2944322490519679,0.35197289947022664,0.9995739029274711,0.6429878845980623,0.9981650008636257,0.001834999187849462,7377,9608737,4096,13582
lung_constrained_probability_highsens_tta,0.83,150,0.39721874382113054,0.24783091409998442,0.28756142945737506,0.9996504672451909,0.6420581655474144,0.9981012668739361,0.001898733084090054,6027,9609473,3360,14932
lung_constrained_probability_highsens_tta,0.83,200,0.3510161542468817,0.21286815826056002,0.24104203444809338,0.9997114274220712,0.6455405060047974,0.9980608881736278,0.0019391118548810482,5052,9610059,2774,15907
lung_constrained_probability_highsens_tta,0.84,0,0.5352398228670611,0.3654112333356285,0.47864879049550135,0.9993243407016423,0.6070067162820796,0.9981915739928774,0.0018084259936586022,10032,9606338,6495,10927
lung_constrained_probability_highsens_tta,0.84,3,0.5351736658033118,0.3653495662315501,0.4782193806954157,0.9993264212537543,0.6075281852342056,0.998192715807025,0.0018072841921821237,10023,9606358,6475,10936
lung_constrained_probability_highsens_tta,0.84,5,0.5350713179121388,0.36525417547940875,0.47788539529534907,0.9993276695850215,0.6078038715937812,0.9981932348134557,0.0018067652126774192,10016,9606370,6463,10943
lung_constrained_probability_highsens_tta,0.84,10,0.5344374765502132,0.3646637164903761,0.4757383462949207,0.9993358877658637,0.6096606542338063,0.9981967640571844,0.0018032359657809138,9971,9606449,6384,10988
lung_constrained_probability_highsens_tta,0.84,15,0.5331648428466289,0.36347972725259786,0.47306646309438755,0.9993426495602276,0.61075520512467,0.9981976982687597,0.0018023017328232527,9915,9606514,6319,11044
lung_constrained_probability_highsens_tta,0.84,20,0.5295070460556857,0.36008812190183215,0.46791354549335945,0.9993471227472682,0.6097742958399491,0.9981909511851605,0.0018090488156303763,9807,9606557,6276,11152
lung_constrained_probability_highsens_tta,0.84,30,0.5219195283068947,0.3531063012482998,0.45612863209100807,0.9993638711917695,0.6098883572563892,0.9981820242745526,0.0018179757753387094,9560,9606718,6115,11399
lung_constrained_probability_highsens_tta,0.84,50,0.502869036903549,0.33588847555693235,0.42649935588509635,0.9994118279179499,0.6125539642290053,0.9981654160687703,0.0018345839343965054,8939,9607179,5654,12020
lung_constrained_probability_highsens_tta,0.84,75,0.49250573091151106,0.3267048777633537,0.39978052387976537,0.9995123185849573,0.6412336419984378,0.998207559390943,0.0017924406565725803,8379,9608145,4688,12580
lung_constrained_probability_highsens_tta,0.84,100,0.4548939590674411,0.29440954019756915,0.35101865547003624,0.9995807687494406,0.6460876438037708,0.9981697757227882,0.0018302242970094085,7357,9608803,4030,13602
lung_constrained_probability_highsens_tta,0.84,150,0.39717342491071284,0.24779563246796546,0.2869411708572513,0.9996555645978652,0.644932975870622,0.9981050037202371,0.0018949962686747313,6014,9609522,3311,14945
lung_constrained_probability_highsens_tta,0.84,200,0.34753363228687373,0.21031207598362858,0.23665251204721757,0.9997269275353052,0.6539222148969626,0.9980668048469378,0.001933195162564516,4960,9610208,2625,15999
lung_constrained_probability_highsens_tta,0.85,0,0.5348519362185356,0.3650497512436475,0.47612004389499685,0.9993366159591028,0.6101124969426448,0.9981983210764765,0.0018016789108514786,9979,9606456,6377,10980
lung_constrained_probability_highsens_tta,0.85,3,0.534820734225273,0.36502068157679085,0.47578605849493016,0.9993383844283981,0.6105804555470178,0.9981993590893379,0.0018006409518420696,9972,9606473,6360,10987
lung_constrained_probability_highsens_tta,0.85,5,0.5347432835018292,0.3649485291422629,0.47530893649483497,0.9993406730357212,0.6111656441714042,0.9982006047047716,0.0017993953078985214,9962,9606495,6338,10997
lung_constrained_probability_highsens_tta,0.85,10,0.5340364849592278,0.36429043388871435,0.47349587289447326,0.9993463945540291,0.6123280064166025,0.998202369326636,0.0017976306844502687,9924,9606550,6283,11035
lung_constrained_probability_highsens_tta,0.85,15,0.5318890299574457,0.36229484065637657,0.4697266090937212,0.9993534684312096,0.6130136986297553,0.9982012275124884,0.0017987724859267473,9845,9606618,6215,11114
lung_constrained_probability_highsens_tta,0.85,20,0.5293591654245958,0.35995135792447214,0.46605276969298814,0.9993573174526168,0.6125674150253276,0.9981970754610429,0.0018029245547950268,9768,9606655,6178,11191
lung_constrained_probability_highsens_tta,0.85,30,0.5217534336703891,0.35295426727482176,0.4540292952905892,0.999375626311202,0.6132233535245436,0.9981891865632962,0.001810813439078629,9516,9606831,6002,11443
lung_constrained_probability_highsens_tta,0.85,50,0.5019381489968305,0.3350583613491727,0.4232072140844395,0.9994263917827336,0.6166573971074689,0.9981727859600862,0.0018272140296176076,8870,9607319,5514,12089
lung_constrained_probability_highsens_tta,0.85,75,0.4925315970890928,0.326727642276295,0.398826279879575,0.99951887232411,0.6437923598269841,0.9982120228462469,0.0017879771767184138,8359,9608208,4625,12600
lung_constrained_probability_highsens_tta,0.85,100,0.4508311325150067,0.2910148415562411,0.34615201106906524,0.9995869063781708,0.6462675930868997,0.9981653122674842,0.001834687776863575,7255,9608862,3971,13704
lung_constrained_probability_highsens_tta,0.85,150,0.3971429516218388,0.24777190955593012,0.28651176105716564,0.9996591015364555,0.6469510881268616,0.9981075987523906,0.001892401254735887,6005,9609556,3277,14954
lung_constrained_probability_highsens_tta,0.85,200,0.3407862668219629,0.20539021586400757,0.2301636528459229,0.9997370182130482,0.6561479869414362,0.9980627565967783,0.001937243388965726,4824,9610305,2528,16135
lung_constrained_probability_highsens_tta,0.86,0,0.5347584944266506,0.3649626989083955,0.4738298582945399,0.9993496194098026,0.6136686646477083,0.9982063137755093,0.0017936861841008067,9931,9606581,6252,11028
lung_constrained_probability_highsens_tta,0.86,3,0.534698275861925,0.36490660391220586,0.47349587289447326,0.9993511798238865,0.6140709114531192,0.9982071441857984,0.0017928557936102152,9924,9606596,6237,11035
lung_constrained_probability_highsens_tta,0.86,5,0.5345306474663499,0.36475047843354746,0.4728756142943495,0.9993536764864209,0.6146737782184231,0.9982082859999459,0.0017917139921337366,9911,9606620,6213,11048
lung_constrained_probability_highsens_tta,0.86,10,0.5338199513380553,0.3640889478923317,0.4710625506939877,0.9993593980047287,0.615869253321305,0.9982100506218102,0.001789949368685484,9873,9606675,6158,11086
lung_constrained_probability_highsens_tta,0.86,15,0.5319951173198069,0.36239328873928733,0.4678658332933499,0.9993654316058534,0.6164969194010961,0.998209116410235,0.001790883601643145,9806,9606733,6100,11153
lung_constrained_probability_highsens_tta,0.86,20,0.5290080078442749,0.3596267081434064,0.4633331742924455,0.9993712571517669,0.6163757537285837,0.9982050681600756,0.001794931828044355,9711,9606789,6044,11248
lung_constrained_probability_highsens_tta,0.86,30,0.5226715179579033,0.353795059332654,0.452359368290256,0.9993925828109144,0.6188642297646091,0.9982024731279221,0.0017975268419831991,9481,9606994,5839,11478
lung_constrained_probability_highsens_tta,0.86,50,0.5018879709279443,0.335013644632984,0.4217281358841444,0.9994356502396318,0.6196719012895263,0.9981788064346823,0.0018211936112493277,8839,9607408,5425,12120
lung_constrained_probability_highsens_tta,0.86,75,0.492304965586361,0.32652821316601627,0.39758576267932744,0.9995255300908682,0.6462695827511662,0.9982159672951202,0.0017840326763689518,8333,9608272,4561,12626
lung_constrained_probability_highsens_tta,0.86,100,0.45061036372681534,0.2908308879686896,0.34519776706887484,0.9995924198412675,0.6487043844699644,0.9981687377099268,0.0018312622560188174,7235,9608915,3918,13724
lung_constrained_probability_highsens_tta,0.86,150,0.3916502979657117,0.24351066031867377,0.28064316045599474,0.999667527772509,0.6479400749056532,0.9981032390983727,0.001896760892122984,5882,9609637,3196,15077
lung_constrained_probability_highsens_tta,0.86,200,0.3407475511862722,0.20536209027739424,0.2298773796458658,0.9997397229307937,0.6581967213105763,0.9980648326225011,0.0019351673545315862,4818,9610331,2502,16141
lung_constrained_probability_highsens_tta,0.87,0,0.5348661076547107,0.36506295462084515,0.47173052149412104,0.9993629349433191,0.6175129598397242,0.998215033083545,0.001784966909326613,9887,9606709,6124,11072
lung_constrained_probability_highsens_tta,0.87,3,0.5347553053268367,0.3649597280719852,0.4713011116940353,0.9993647034126142,0.6179543321860381,0.9982158634938341,0.0017841365188360214,9878,9606726,6107,11081
lung_constrained_probability_highsens_tta,0.87,5,0.5344748178048456,0.364698487817368,0.47063314089390207,0.9993666799371206,0.6183550651951991,0.9982163825002648,0.001783617539331317,9864,9606745,6088,11095
lung_constrained_probability_highsens_tta,0.87,10,0.5339197003011825,0.36418175758235594,0.4692017748936165,0.9993712571517669,0.6193475248767984,0.9982178357182707,0.0017821643268689513,9834,9606789,6044,11125
lung_constrained_probability_highsens_tta,0.87,15,0.5321301016929219,0.3625185735511283,0.4656233598929025,0.9993798914430315,0.6208015267171623,0.9982186661285598,0.001781333819963038,9759,9606872,5961,11200
lung_constrained_probability_highsens_tta,0.87,20,0.5291592617906961,0.3597665253920887,0.4617109594921219,0.9993821800503546,0.6196849385241933,0.9982124380513915,0.0017875619232654572,9677,9606894,5939,11282
lung_constrained_probability_highsens_tta,0.87,30,0.5222764047432887,0.3534330820863414,0.44968748508972295,0.9994062104272476,0.622811075133402,0.9982102582243826,0.0017897418001666665,9425,9607125,5708,11534
lung_constrained_probability_highsens_tta,0.87,50,0.5017005344535421,0.3348466351288208,0.41876997948355416,0.9994535429877947,0.6255880256588555,0.9981902245761576,0.00180977548006922,8777,9607580,5253,12182
lung_constrained_probability_highsens_tta,0.87,75,0.4898407794675351,0.32436366497489105,0.3933870890784897,0.9995360368790336,0.6489571035020473,0.99821731671184,0.0017826833063736558,8245,9608373,4460,12714
lung_constrained_probability_highsens_tta,0.87,100,0.4522011593293272,0.29215757722972907,0.344291235268694,0.9996109367550639,0.6586345381520092,0.9981852421144229,0.001814757939428091,7216,9609093,3740,13743
lung_constrained_probability_highsens_tta,0.87,150,0.39358884082741724,0.2450112716038052,0.280022901855871,0.9996884373212341,0.6621164259920328,0.998122753740167,0.0018772463081404567,5869,9609838,2995,15090
lung_constrained_probability_highsens_tta,0.87,200,0.34036827195455366,0.20508662626943538,0.22930483324575154,0.9997425316761449,0.6600741656356818,0.9980663896417933,0.0019336104160174727,4806,9610358,2475,16153
lung_constrained_probability_highsens_tta,0.88,0,0.5343557114499459,0.36458758487612164,0.4688200772935403,0.999376666587258,0.6211910481725748,0.9982224029748609,0.0017775970045477152,9826,9606841,5992,11133
lung_constrained_probability_highsens_tta,0.88,3,0.5342365135067509,0.36447661469919657,0.4684860918934737,0.9993778108909195,0.6214556962021383,0.9982228181800055,0.0017771818675100803,9819,9606852,5981,11140
lung_constrained_probability_highsens_tta,0.88,5,0.5339504492239222,0.3642103699300385,0.4678658332933499,0.9993794753326091,0.621774142412896,0.9982231295838638,0.0017768704565241933,9806,9606868,5965,11153
lung_constrained_probability_highsens_tta,0.88,10,0.5330022647274052,0.36332862138220245,0.46600505749297866,0.9993838444920442,0.622498406628029,0.9982234409877222,0.0017765590455383062,9767,9606910,5923,11192
lung_constrained_probability_highsens_tta,0.88,15,0.5316095102441845,0.3620355170868669,0.4629991888923789,0.9993919586452809,0.624091581451782,0.9982249980070144,0.001775001990608871,9704,9606988,5845,11255
lung_constrained_probability_highsens_tta,0.88,20,0.5288960949736105,0.3595232757975194,0.4591345006916078,0.9993959116942935,0.6236552171091226,0.9982205345517103,0.0017794654704630375,9623,9607026,5807,11336
lung_constrained_probability_highsens_tta,0.88,30,0.5214482816287535,0.35267503676041445,0.446299918889047,0.9994211904024537,0.6270277517089241,0.9982178357182707,0.0017821643268689513,9354,9607269,5564,11605
lung_constrained_probability_highsens_tta,0.88,50,0.5014630787766076,0.3346351175433285,0.41700462808320193,0.9994633215827208,0.6288222174252617,0.9981961412494675,0.001803858787752688,8740,9607674,5159,12219
lung_constrained_probability_highsens_tta,0.88,75,0.48959885557594046,0.3241515390685382,0.3919080108781946,0.9995442550598758,0.6521635569665326,0.9982222991735747,0.0017777008470147848,8214,9608452,4381,12745
lung_constrained_probability_highsens_tta,0.88,100,0.45184394044089593,0.29185942699444367,0.3431461424684655,0.9996168663285829,0.6613333333327251,0.9981886675568655,0.0018113324185833335,7192,9609150,3683,13767
lung_constrained_probability_highsens_tta,0.88,150,0.3934690586573965,0.24491844416551864,0.2794026432557472,0.9996930145358804,0.664925627341132,0.9981259715800374,0.0018740284722298384,5856,9609882,2951,15103
lung_constrained_probability_highsens_tta,0.88,200,0.34020216350404675,0.2049660241889803,0.22882771124565635,0.9997461726423408,0.6627971254827767,0.9980689846739468,0.0019310152856633067,4796,9610393,2440,16163
lung_constrained_probability_highsens_tta,0.89,0,0.5343436277592433,0.36457633445301807,0.46600505749297866,0.9993934150317592,0.6261700217972649,0.9982329907060471,0.0017670092638581991,9767,9607002,5831,11192
lung_constrained_probability_highsens_tta,0.89,3,0.5341727110988,0.3644172237366529,0.465575647692893,0.9993947673906319,0.6264766307135166,0.9982334059111916,0.0017665941268205643,9758,9607015,5818,11201
lung_constrained_probability_highsens_tta,0.89,5,0.533892038451912,0.3641560188297227,0.46505081349278826,0.9993959116942935,0.6266555226947237,0.9982334059111916,0.0017665941268205643,9747,9607026,5807,11212
lung_constrained_probability_highsens_tta,0.89,10,0.5325898865601306,0.3629454926623379,0.46256977909229324,0.9994015291849958,0.62758933195195,0.9982336135137639,0.001766386441886425,9695,9607080,5753,11264
lung_constrained_probability_highsens_tta,0.89,15,0.5318017794671153,0.3622138836771624,0.4605658666918934,0.9994079788965429,0.6291058394156483,0.9982356895394867,0.0017643104074522853,9653,9607142,5691,11306
lung_constrained_probability_highsens_tta,0.89,20,0.528491681865769,0.35914963942294204,0.4562240564910271,0.9994106836142884,0.6279634859127681,0.9982289424558877,0.001771057490259409,9562,9607168,5665,11397
lung_constrained_probability_highsens_tta,0.89,30,0.5206755316163046,0.3519684442083168,0.4427692160883426,0.9994375227365326,0.6318512970650018,0.9982264512250203,0.0017735487781465054,9280,9607426,5407,11679
lung_constrained_probability_highsens_tta,0.89,50,0.5015913430934259,0.33474936278661666,0.4135693496825165,0.9994866237663746,0.6372123796216737,0.9982119190449608,0.0017880809027701616,8668,9607898,4935,12291
lung_constrained_probability_highsens_tta,0.89,75,0.49052644201927975,0.32496524329679244,0.39033350827788044,0.9995614196147994,0.6599177220289909,0.9982360009433451,0.00176399911288172,8181,9608617,4216,12778
lung_constrained_probability_highsens_tta,0.89,100,0.45178160738462814,0.29180741524549597,0.34209647406825605,0.9996242522885803,0.6649972175842468,0.9981937538198864,0.0018062462331727147,7170,9609221,3612,13789
lung_constrained_probability_highsens_tta,0.89,150,0.39341391966046213,0.24487571781856693,0.27873467245561395,0.9996985279989771,0.6684210526308141,0.9981300198301968,0.0018699801294133067,5842,9609935,2898,15117
lung_constrained_probability_highsens_tta,0.89,200,0.3400838485041071,0.20488013698621366,0.22835058924556115,0.9997502297189591,0.665924586057234,0.9980719949112448,0.0019280051346868277,4786,9610432,2401,16173
lung_constrained_probability_highsens_tta,0.9,0,0.5342175504249926,0.36445896222859336,0.46314232549240747,0.9994096433382325,0.6310622805872896,0.9982429556295165,0.0017570443451404572,9707,9607158,5675,11252
lung_constrained_probability_highsens_tta,0.9,3,0.5341334507816191,0.3643806805376833,0.46290376449235987,0.9994104755590771,0.6312707398004871,0.9982432670333748,0.00175673293415457,9702,9607166,5667,11257
lung_constrained_probability_highsens_tta,0.9,5,0.5339393939392469,0.364200082678656,0.46237893029225513,0.9994122440283724,0.6317058861869294,0.9982438898410917,0.001756110112182796,9691,9607183,5650,11268
lung_constrained_probability_highsens_tta,0.9,10,0.5325930836370201,0.36294846214645826,0.4599933202917792,0.9994170292982298,0.6324040669067679,0.9982434746359472,0.0017565253656357527,9641,9607229,5604,11318
lung_constrained_probability_highsens_tta,0.9,15,0.5316644975492117,0.36208652359206345,0.45803712009138886,0.9994222306785098,0.6334961066380932,0.9982444088475224,0.0017555911326780915,9600,9607279,5554,11359
lung_constrained_probability_highsens_tta,0.9,20,0.5276527152463656,0.3583751746006424,0.45293191469037025,0.999424727341044,0.6318977567725275,0.9982357933407728,0.0017642066814005375,9493,9607303,5530,11466
lung_constrained_probability_highsens_tta,0.9,30,0.5193332769268355,0.3507428571427235,0.4392862254876476,0.9994495899387819,0.6350531107734618,0.9982309146803243,0.0017690852982923388,9207,9607542,5291,11752
lung_constrained_probability_highsens_tta,0.9,50,0.4997527704253804,0.3331136099261989,0.4098955102817835,0.9994974426373568,0.6400685441807181,0.9982147216796865,0.0017852783203125,8591,9608002,4831,12368
lung_constrained_probability_highsens_tta,0.9,75,0.4913951595887485,0.3257282135292581,0.3889498544776044,0.9995768157004278,0.6671031096557551,0.9982483532963957,0.0017516467487439513,8152,9608765,4068,12807
lung_constrained_probability_highsens_tta,0.9,100,0.4474784591990473,0.2882268924708067,0.33699126866723744,0.9996311181105498,0.6657554906205431,0.9981894979671546,0.001810502028092742,7063,9609287,3546,13896
lung_constrained_probability_highsens_tta,0.9,150,0.3934028129109267,0.24486711172681494,0.27825755045551875,0.9997026891032009,0.671116225545833,0.9981331338687809,0.001866866135969758,5832,9609975,2858,15127
lung_constrained_probability_highsens_tta,0.9,200,0.34001991748458527,0.20483373328753648,0.22806431604550403,0.9997527263814935,0.667877602346419,0.9980738633343953,0.0019261366687715054,4780,9610456,2377,16179
lung_constrained_probability_highsens_tta,0.91,0,0.5340380783704523,0.36429191678923084,0.4603750178918553,0.9994249353962553,0.6357646438685934,0.9982521939439829,0.001747806090861559,9649,9607305,5528,11310
lung_constrained_probability_highsens_tta,0.91,3,0.5339977851604281,0.36425441909640266,0.4601364568918077,0.9994260796999168,0.636105797770176,0.9982528167516997,0.0017471832688897848,9644,9607316,5517,11315
lung_constrained_probability_highsens_tta,0.91,5,0.5338764652089302,0.36414152869117555,0.459611622691703,0.99942836830724,0.6367662612370195,0.9982539585658472,0.0017460414674133062,9633,9607338,5495,11326
lung_constrained_probability_highsens_tta,0.91,10,0.532599938883648,0.3629548294269952,0.4573691492912556,0.9994328414942807,0.6374517888012784,0.9982535433607027,0.001746456604450941,9586,9607381,5452,11373
lung_constrained_probability_highsens_tta,0.91,15,0.5317365269459597,0.36215334420867173,0.4554606612908748,0.9994382509297718,0.638699317542728,0.9982547889761364,0.0017452110769227147,9546,9607433,5400,11413
lung_constrained_probability_highsens_tta,0.91,20,0.5265985728276126,0.3574033275087908,0.4489240898895706,0.9994416838407565,0.6367758527337325,0.9982439936423778,0.0017560063861310482,9409,9607466,5367,11550
lung_constrained_probability_highsens_tta,0.91,30,0.5194819915552951,0.35087853615574366,0.43733002528725734,0.9994628014446928,0.639637124912324,0.9982398415909323,0.0017601584549993277,9166,9607669,5164,11793
lung_constrained_probability_highsens_tta,0.91,50,0.49881360400723596,0.3322795925534355,0.4062216708810505,0.9995148152474916,0.6460767946572726,0.998224063795439,0.0017759362235665321,8514,9608169,4664,12445
lung_constrained_probability_highsens_tta,0.91,75,0.4911994193429834,0.32555622369199216,0.38747077627730925,0.9995853459640869,0.6707689766245388,0.9982536471619888,0.0017463528783991933,8121,9608847,3986,12838
lung_constrained_probability_highsens_tta,0.91,100,0.4470849880856403,0.2879004869265158,0.3357030392669804,0.9996379839325192,0.6690756941796604,0.998193546217314,0.0018064538016915321,7036,9609353,3480,13923
lung_constrained_probability_highsens_tta,0.91,150,0.3932010948533798,0.24471083070441862,0.27758957965538544,0.9997070582626361,0.6738475793367223,0.9981360403047929,0.0018639597110450268,5818,9610017,2816,15141
lung_constrained_probability_highsens_tta,0.91,200,0.3398283047767108,0.20469467450534065,0.22758719404540884,0.9997561592924782,0.670508855776398,0.9980762507639765,0.0019237492233514786,4770,9610489,2344,16189
lung_constrained_probability_highsens_tta,0.92,0,0.5333779301500869,0.3636778288797128,0.45651032969108424,0.9994434523100516,0.6413728381816319,0.9982622626687384,0.0017377373296767473,9568,9607483,5350,11391
lung_constrained_probability_highsens_tta,0.92,3,0.5333853963294101,0.3636847710328755,0.4562240564910271,0.9994452207793468,0.6419603893919825,0.998263404482886,0.0017365955282002687,9562,9607500,5333,11397
lung_constrained_probability_highsens_tta,0.92,5,0.533281236917604,0.363587928606628,0.455842358890951,0.9994467811934308,0.6424152770302296,0.9982641310918889,0.001735868863761425,9554,9607515,5318,11405
lung_constrained_probability_highsens_tta,0.92,10,0.5320243888794172,0.36242045497833236,0.4537907342905416,0.9994503181320211,0.6428523149708395,0.9982631968803136,0.0017368030967190862,9511,9607549,5284,11448
lung_constrained_probability_highsens_tta,0.92,15,0.5306294177043278,0.3611270186689722,0.4513096998900466,0.9994555195123009,0.6437759477297734,0.9982629892777414,0.0017370106652379036,9459,9607599,5234,11500
lung_constrained_probability_highsens_tta,0.92,20,0.5254328240177012,0.35633020494144557,0.443818884488552,0.9994646739415936,0.6438261351047592,0.9982558269889977,0.001744173001497984,9302,9607687,5146,11657
lung_constrained_probability_highsens_tta,0.92,30,0.5184062240781104,0.3498976794469478,0.4323679564862673,0.9994861036283467,0.6471932581055226,0.998252297745269,0.0017477022483944893,9062,9607893,4940,11897
lung_constrained_probability_highsens_tta,0.92,50,0.4984396160865282,0.33194776675411475,0.40388377308058404,0.9995275066153746,0.6508034135460514,0.9982316412893273,0.001768358750268817,8465,9608291,4542,12494
lung_constrained_probability_highsens_tta,0.92,75,0.49075395499939556,0.32516497666170724,0.38556228827692846,0.9995950205314074,0.6748789042920704,0.9982591486301542,0.001740851323120296,8081,9608940,3893,12878
lung_constrained_probability_highsens_tta,0.92,100,0.44653386454169036,0.287443578169763,0.33422396106668534,0.9996451618373055,0.6725230414740087,0.9981974906661873,0.00180250930134207,7005,9609422,3411,13954
lung_constrained_probability_highsens_tta,0.92,150,0.3877842843523125,0.24052878320723042,0.27172097905421455,0.9997172529679846,0.676928562937505,0.9981334452726394,0.001866554724983871,5695,9610115,2718,15264
lung_constrained_probability_highsens_tta,0.92,200,0.3330936803507322,0.19982747466025455,0.22105062264410466,0.9997684345499387,0.6754628954648265,0.9980742785395399,0.0019257214153185487,4633,9610607,2226,16326
lung_constrained_probability_highsens_tta,0.93,0,0.5321801639895171,0.36256504438308745,0.4521208072902084,0.99946144908582,0.6466935098610205,0.9982706705729157,0.0017293294658884406,9476,9607656,5177,11483
lung_constrained_probability_highsens_tta,0.93,3,0.5321683429790043,0.3625540711249234,0.4518822462901608,0.9994628014446928,0.6471472497433227,0.9982715009832048,0.0017284989589825273,9471,9607669,5164,11488
lung_constrained_probability_highsens_tta,0.93,5,0.531747370788895,0.36216340445077483,0.4511188510900085,0.9994644658863824,0.6474696980068154,0.9982715009832048,0.0017284989589825273,9455,9607685,5148,11504
lung_constrained_probability_highsens_tta,0.93,10,0.5309021221428485,0.3613796807856195,0.4494012118896658,0.999468939073423,0.6485128063889779,0.9982722275922078,0.0017277724109590054,9419,9607728,5105,11540
lung_constrained_probability_highsens_tta,0.93,15,0.528568601396475,0.35922068939001683,0.44601364568898993,0.9994732042052525,0.6486261448788172,0.9982691135536236,0.001730886404402554,9348,9607769,5064,11611
lung_constrained_probability_highsens_tta,0.93,20,0.5239571188897194,0.3549741850965728,0.43957249868770476,0.9994803821100388,0.6484374999995436,0.9982622626687384,0.0017377373296767473,9213,9607838,4995,11746
lung_constrained_probability_highsens_tta,0.93,30,0.5177784815591749,0.34932597801159654,0.4290281024856009,0.9995025399900311,0.6528241614631531,0.9982614322584493,0.0017385677201673388,8992,9608051,4782,11967
lung_constrained_probability_highsens_tta,0.93,50,0.5002827296805155,0.33358469598335705,0.40102104108001285,0.9995592350350818,0.6648473342820242,0.9982570726044314,0.0017429273575544357,8405,9608596,4237,12554
lung_constrained_probability_highsens_tta,0.93,75,0.48246153846139,0.3179237631791087,0.3740636480746342,0.9996149938316822,0.6793172168783647,0.9982540623671334,0.0017459376249462366,7840,9609132,3701,13119
lung_constrained_probability_highsens_tta,0.93,100,0.4414293045931353,0.28322700144050905,0.32830764826550485,0.9996529639077253,0.6734853675240545,0.9981924044031666,0.0018075956031680107,6881,9609497,3336,14078
lung_constrained_probability_highsens_tta,0.93,150,0.3871297939127927,0.2400253860798646,0.2706713106540051,0.9997216221274198,0.6794825727623912,0.9981355212983621,0.0018644786905497313,5673,9610157,2676,15286
lung_constrained_probability_highsens_tta,0.93,200,0.33254122560656274,0.1994299533597342,0.22033493964396186,0.999771451350501,0.6776228906813241,0.9980757317575458,0.001924268202856183,4618,9610636,2197,16341
lung_constrained_probability_highsens_tta,0.94,0,0.5307694486135962,0.3612567463375631,0.44711102628920885,0.9994818384965172,0.6529403567442496,0.9982801164899544,0.0017198835266754031,9371,9607852,4981,11588
lung_constrained_probability_highsens_tta,0.94,3,0.5307267318315538,0.3612171699639935,0.44687246528916125,0.9994829828001788,0.6533203124995443,0.9982807392976712,0.001719260704703629,9366,9607863,4970,11593
lung_constrained_probability_highsens_tta,0.94,5,0.530494201706731,0.361001775102122,0.44634763108905656,0.9994845432142627,0.6537386443042251,0.9982811545028157,0.0017188454512506723,9355,9607878,4955,11604
lung_constrained_probability_highsens_tta,0.94,10,0.5294335010373414,0.36002010205645585,0.44434371868865674,0.9994893284841202,0.6548305442267931,0.9982815697079603,0.0017184303142130375,9313,9607924,4909,11646
lung_constrained_probability_highsens_tta,0.94,15,0.5269611337647133,0.3577374269230873,0.4408607280879618,0.9994933855607385,0.6548547129690611,0.9982780404642316,0.0017219595611095428,9240,9607963,4870,11719
lung_constrained_probability_highsens_tta,0.94,20,0.5234599059307895,0.3545179084762821,0.43542153728687655,0.9995024359624255,0.6561219354370148,0.9982752378295059,0.0017247621435672045,9126,9608050,4783,11833
lung_constrained_probability_highsens_tta,0.94,30,0.5172373766684513,0.34883356818524,0.42521112648483933,0.9995226173179115,0.6600992519067772,0.998273161803783,0.0017268381780013442,8912,9608244,4589,12047
lung_constrained_probability_highsens_tta,0.94,50,0.49920699045381123,0.3326288084222633,0.3979674602794036,0.9995717183477535,0.669529619521055,0.9982628854764553,0.0017371145077049732,8341,9608716,4117,12618
lung_constrained_probability_highsens_tta,0.94,75,0.4742280876492548,0.31081191350456516,0.3634715396725209,0.9996305979725219,0.6820664338788771,0.9982465886745313,0.001753411372192204,7618,9609282,3551,13341
lung_constrained_probability_highsens_tta,0.94,100,0.4379057523980369,0.2803324787030517,0.3234410038645339,0.9996647190271578,0.6777644471099002,0.998193546217314,0.0018064538016915321,6779,9609610,3223,14180
lung_constrained_probability_highsens_tta,0.94,150,0.3828718830609173,0.23676038963791027,0.2655661052529865,0.9997347296057251,0.6858058156719002,0.9981374935227988,0.0018625064985826612,5566,9610283,2550,15393
lung_constrained_probability_highsens_tta,0.94,200,0.332323013639196,0.1992730105152974,0.2197146810438381,0.9997763406479641,0.6817172464830766,0.9980792610012745,0.0019207389559596777,4605,9610683,2150,16354
lung_constrained_probability_highsens_tta,0.95,0,0.5291541434090371,0.3597617935542738,0.44100386468799035,0.9995076373427054,0.6613480251855599,0.9982925726442912,0.0017074273200705647,9243,9608100,4733,11716
lung_constrained_probability_highsens_tta,0.95,3,0.5291068923057787,0.35971811244340457,0.44081301588795224,0.9995084695635502,0.6616299054707379,0.9982929878494357,0.00170701218303293,9239,9608108,4725,11720
lung_constrained_probability_highsens_tta,0.95,5,0.528792960128263,0.35942797022937323,0.44009733288780944,0.9995106541432677,0.6622630672022815,0.9982936106571525,0.0017063893610611558,9224,9608129,4704,11735
lung_constrained_probability_highsens_tta,0.95,10,0.5281880351702408,0.35886923587506975,0.43852283028749534,0.9995160635787588,0.6639456765147266,0.9982955828815891,0.0017044171690940857,9191,9608181,4652,11768
lung_constrained_probability_highsens_tta,0.95,15,0.5248317106288028,0.3557775166469425,0.4333699126864672,0.9995244898148122,0.6652263073087262,0.9982927802468634,0.0017072197515517473,9083,9608262,4571,11876
lung_constrained_probability_highsens_tta,0.95,20,0.5224615028364819,0.3536026329191891,0.4306026050859151,0.9995252180080514,0.6641401133264668,0.9982874863812703,0.0017125136218965054,9025,9608269,4564,11934
lung_constrained_probability_highsens_tta,0.95,30,0.5165193386389485,0.34818070237940046,0.41958108688371604,0.9995528893511404,0.67170791322894,0.9982911194262851,0.0017088805325329304,8794,9608535,4298,12165
lung_constrained_probability_highsens_tta,0.95,50,0.49865318846266804,0.3321372414625924,0.39305310367842305,0.9996001178840817,0.6818407548413492,0.998280531695099,0.0017194682732224464,8238,9608989,3844,12721
lung_constrained_probability_highsens_tta,0.95,75,0.45554109393338127,0.29495190331320603,0.34233503506830365,0.9996497390519518,0.6806108897735907,0.9982197041414212,0.001780295860953629,7175,9609466,3367,13784
lung_constrained_probability_highsens_tta,0.95,100,0.43786828140754697,0.2803017672556351,0.3208645450640198,0.9996844842722213,0.6891781102677913,0.9982076631922291,0.0017923368141055107,6725,9609800,3033,14234
lung_constrained_probability_highsens_tta,0.95,150,0.3812614354263882,0.23552996374483448,0.2634667684525676,0.9997413873724833,0.6895604395595785,0.9981395695485216,0.0018604304641485214,5522,9610347,2486,15437
lung_constrained_probability_highsens_tta,0.95,200,0.33135495078158245,0.19857725340496288,0.21842645164358107,0.999782062166272,0.6860482541575212,0.9980821674372865,0.0019178325310349464,4578,9610738,2095,16381
