mode,threshold,min_area,dice,iou,sensitivity,specificity,precision,accuracy,mae,tp,tn,fp,fn
raw_probability_tta,0.05,0,0.09689569678296167,0.0509145487292355,0.6069468963210998,0.9761890173271491,0.05265053060278245,0.9753857048190361,0.02461429499089718,12721,9383942,228891,8238
raw_probability_tta,0.05,3,0.09703707660259218,0.050992625977887916,0.6067560475210617,0.9762369740533297,0.05273546840723489,0.9754331420068018,0.024566857144236565,12717,9384403,228430,8242
raw_probability_tta,0.05,5,0.09718372854919788,0.05107362702711185,0.6064697743210046,0.9762903402150013,0.05282427647655082,0.9754857692588745,0.024514229968190193,12711,9384916,227917,8248
raw_probability_tta,0.05,10,0.09744281809058762,0.05121676184933044,0.6046089985206333,0.976441908436357,0.05299165314554083,0.9756329594826202,0.024367040023207664,12672,9386373,226460,8287
raw_probability_tta,0.05,15,0.09713391183348097,0.05104611009546817,0.5995037931196147,0.9765739194678604,0.052848298255352005,0.9757535765771143,0.024246422573924065,12565,9387642,225191,8394
raw_probability_tta,0.05,20,0.0968979170787098,0.05091577480172269,0.5960685147189293,0.9766554771106489,0.052735331363442266,0.9758274830928456,0.02417251653969288,12493,9388426,224407,8466
raw_probability_tta,0.05,30,0.0966860560700799,0.05079879563664873,0.589245670117568,0.9768895392232436,0.052663673152611536,0.9760461924027414,0.023953808471560478,12350,9390676,222157,8609
raw_probability_tta,0.05,50,0.09550615323540708,0.05014778776925722,0.5739300539145121,0.977227108803408,0.0520868966532555,0.9763497073634132,0.023650292307138443,12029,9393921,218912,8930
raw_probability_tta,0.05,75,0.09043714521371717,0.047360130087908965,0.533613244906468,0.977614403579048,0.04940518524735505,0.9766484474649225,0.023351551964879036,11184,9397644,215189,9775
raw_probability_tta,0.05,100,0.08509030267929774,0.04443567380663127,0.4942029676986048,0.977931375693304,0.04655280898876195,0.9768789901214383,0.02312101051211357,10358,9400691,212142,10601
raw_probability_tta,0.05,150,0.07702235343736495,0.0400536915106861,0.43566009828692415,0.9784652453652312,0.042245571178071616,0.9772843341438129,0.02271566540002823,9131,9405823,207010,11828
raw_probability_tta,0.05,200,0.06508024640082256,0.033634597134979724,0.3551219046708549,0.9791600457430177,0.035822576453259994,0.9778024063629348,0.02219759300351143,7443,9412502,200331,13516
raw_probability_tta,0.06,0,0.11536513123365043,0.061213518409094544,0.6030344959203191,0.9807013187475524,0.06378372377039758,0.9798796777011577,0.020120322704315186,12639,9427318,185515,8320
raw_probability_tta,0.06,3,0.11558869270880451,0.06133941791877751,0.602843647120281,0.9807521882466897,0.06392257450887813,0.9799300213249352,0.02006997913122177,12635,9427807,185026,8324
raw_probability_tta,0.06,5,0.1157850819078306,0.06145003990578043,0.6024619495202049,0.9808043060770941,0.06404702970296705,0.9799811953590021,0.0200188048183918,12627,9428308,184525,8332
raw_probability_tta,0.06,10,0.11627552926955881,0.0617263995219382,0.6012691445199669,0.980942142654511,0.06436093604763667,0.9801161370309833,0.019883863627910614,12602,9429633,183200,8357
raw_probability_tta,0.06,15,0.11596651135160686,0.06155225586504904,0.5961162269189388,0.9810645831462994,0.06423088984510021,0.9802271006058664,0.019772900268435478,12494,9430810,182023,8465
raw_probability_tta,0.06,20,0.1159944951132413,0.06156802345448207,0.5931580705183486,0.9811747483806273,0.06428261184305444,0.9803305904881474,0.019669409841299057,12432,9431869,180964,8527
raw_probability_tta,0.06,30,0.11565459085126886,0.06137653441335726,0.585667255116854,0.9813753136042196,0.06416254162070847,0.9805144225659004,0.019485577940940857,12275,9433797,179036,8684
raw_probability_tta,0.06,50,0.11368578352954155,0.06026874130348367,0.5662483897129795,0.9816954065466436,0.06318580395789405,0.9807915719998928,0.019208427518606186,11868,9436874,175959,9091
raw_probability_tta,0.06,75,0.10799638415870083,0.05708043222247179,0.5272675223052019,0.9820401540315941,0.060159176029959266,0.981050763811383,0.0189492367208004,11051,9440188,172645,9908
raw_probability_tta,0.06,100,0.10235942602376313,0.05394036543457935,0.4912925234980241,0.9823218607875526,0.05713128488520162,0.9812535915244994,0.018746407702565193,10297,9442896,169937,10662
raw_probability_tta,0.06,150,0.09219032775706643,0.04832260214336896,0.4289803902855914,0.9828247302330115,0.05164451388330145,0.9816198024619994,0.018380196765065193,8991,9447730,165103,11968
raw_probability_tta,0.06,200,0.07745130791216188,0.040285745807588244,0.3484421966695222,0.9833221902429794,0.04356774686202193,0.981940963641315,0.018059035763144493,7303,9452512,160321,13656
raw_probability_tta,0.07,0,0.13563105592070832,0.07274904269964064,0.6000763395197289,0.9841958140747884,0.07645592705166708,0.9833601348254136,0.016639865934848785,12577,9460910,151923,8382
raw_probability_tta,0.07,3,0.13595130231702493,0.07293334261385623,0.5999332029197004,0.9842455392702641,0.07666185015150216,0.9834094404363298,0.016590559855103493,12574,9461388,151445,8385
raw_probability_tta,0.07,5,0.13621827878892256,0.07308703440894812,0.5995515053196242,0.9842946403001062,0.07683794079699173,0.9834576042330986,0.01654239557683468,12566,9461860,150973,8393
raw_probability_tta,0.07,10,0.13680326616159766,0.07342395125380399,0.5979292905193005,0.9844248828623144,0.07723740084928615,0.9835840341996164,0.016415966674685478,12532,9463112,149721,8427
raw_probability_tta,0.07,15,0.13653264206588625,0.07326806208038424,0.5930626461183296,0.9845319272684744,0.07714651009793341,0.9836802579918676,0.016319742426276207,12430,9464141,148692,8529
raw_probability_tta,0.07,20,0.13680558624651207,0.07342528790160505,0.5907724605178726,0.9846377233433672,0.07735994052118449,0.9837808414381368,0.016219157725572586,12382,9465158,147675,8577
raw_probability_tta,0.07,30,0.13621436868911757,0.07308478314285105,0.5818502791160924,0.9848221642880919,0.0771361885424722,0.983945470277954,0.016054529696702957,12195,9466931,145902,8764
raw_probability_tta,0.07,50,0.13483184489036806,0.07228937751322632,0.5643876139126082,0.9851578613713554,0.07656112463107255,0.984242445757599,0.01575755514204502,11829,9470158,142675,9130
raw_probability_tta,0.07,75,0.12726639177651852,0.0679575521140171,0.5227825755043071,0.9854076316523954,0.07245207662449679,0.9844011579241062,0.015598841942846775,10957,9472559,140274,10002
raw_probability_tta,0.07,100,0.12154683023187494,0.0647058080489058,0.4888114890975291,0.9857094157362342,0.06940210543429193,0.9846283789394654,0.015371620655059814,10245,9475460,137373,10714
raw_probability_tta,0.07,150,0.1091893221798432,0.05774735855930504,0.42349348728449665,0.98619085549494,0.06267432089873234,0.9849666673309939,0.015033332630991936,8876,9480088,132745,12083
raw_probability_tta,0.07,200,0.091310920924506,0.047839599401246644,0.3400448494678467,0.9866825939866001,0.05273595027562597,0.9852757875611172,0.01472421269863844,7127,9484815,128018,13832
raw_probability_tta,0.08,0,0.1587490881410664,0.08621806355592934,0.5970227587191197,0.9870825801301231,0.09154558623413578,0.9862339772334706,0.013766022399067879,12513,9488660,124173,8446
raw_probability_tta,0.08,3,0.15911201577506778,0.08643220942205161,0.5967364855190626,0.9871272079729244,0.09179382169671475,0.9862778851775076,0.013722115196287632,12507,9489089,123744,8452
raw_probability_tta,0.08,5,0.1593556903181273,0.0865760372495159,0.5961639391189483,0.9871666344354459,0.09196967466508965,0.9863159802495207,0.013684019446372986,12495,9489468,123365,8464
raw_probability_tta,0.08,10,0.15990953366143487,0.0869030825313849,0.5937306169184629,0.9872841856297713,0.09239747844874906,0.9864279818372652,0.013572018593549728,12444,9490598,122235,8515
raw_probability_tta,0.08,15,0.16004191543172505,0.08698128330965596,0.5902476263177678,0.9873848843519898,0.09257097532138368,0.98652088398836,0.01347911637276411,12371,9491566,121267,8588
raw_probability_tta,0.08,20,0.15995058838826084,0.0869273332438158,0.5869077723171015,0.9874594721452032,0.09259245319944202,0.9865880434204922,0.01341195683926344,12301,9492283,120550,8658
raw_probability_tta,0.08,30,0.15973599098890345,0.08680058415897665,0.578510425115426,0.9876489064149966,0.09266052241428671,0.9867587965361917,0.013241203501820564,12125,9494104,118729,8834
raw_probability_tta,0.08,50,0.15798287678141612,0.08576623680097517,0.5603797891118085,0.9879345662199677,0.0919532130777831,0.9870043903791976,0.012995610013604164,11745,9496850,115983,9214
raw_probability_tta,0.08,75,0.1495956873315261,0.08084486525855189,0.519013311703555,0.9881829841421349,0.08739244655466749,0.9871622721354157,0.012837727554142475,10878,9499238,113595,10081
raw_probability_tta,0.08,100,0.14403237062674776,0.07760500148129551,0.487427835297253,0.9884860165572408,0.08450098430080857,0.9873959288305156,0.012604070827364922,10216,9502151,110682,10743
raw_probability_tta,0.08,150,0.1291503616743649,0.06903299924731061,0.4157163986829449,0.9890504703452137,0.07645061376338509,0.9878031412760407,0.012196858413517475,8713,9507577,105256,12246
raw_probability_tta,0.08,200,0.10984921596935604,0.05811664175019336,0.339424590867723,0.9894463994121182,0.06552816771673248,0.9880322307145505,0.011967768892645836,7114,9511383,101450,13845
raw_probability_tta,0.09,0,0.18574166175778378,0.1023788386926989,0.5942554511185676,0.9895247321991333,0.11007317590496765,0.9886647957522844,0.011335204355418682,12455,9512136,100697,8504
raw_probability_tta,0.09,3,0.18618668022671833,0.10264930695844203,0.5939691779185104,0.9895641586616548,0.11039577181266591,0.9887035136320144,0.011296486482024193,12449,9512515,100318,8510
raw_probability_tta,0.09,5,0.18666006348061537,0.10293716016584296,0.5934443437184057,0.9896105549737513,0.11074703944438512,0.988748667191485,0.01125133316963911,12438,9512961,99872,8521
raw_probability_tta,0.09,10,0.18728783445604819,0.10331912479875015,0.5909633093179106,0.989709381199069,0.11127681747941646,0.9888418807464382,0.011158118955790997,12386,9513911,98922,8573
raw_probability_tta,0.09,15,0.18738963648540252,0.10338109075028105,0.5873371821171872,0.9897933314767864,0.1114783789902548,0.9889177594866062,0.011082240380346775,12310,9514718,98115,8649
raw_probability_tta,0.09,20,0.1876197923854066,0.1035212101727522,0.5838064793164828,0.98988445965929,0.1117698104589987,0.98900100811809,0.010998992249369621,12236,9515594,97239,8723
raw_probability_tta,0.09,30,0.18769465553754613,0.10356679469662881,0.5750751467147406,0.990073685873872,0.11214909791295376,0.9891708270222141,0.010829173028469086,12053,9517413,95420,8906
raw_probability_tta,0.09,50,0.18604614084595383,0.10256387719405284,0.5567536619110851,0.9903447818140595,0.11168324033573772,0.9894014734800161,0.01059852633625269,11669,9520019,92814,9290
raw_probability_tta,0.09,75,0.17717463629417027,0.09719781160712605,0.5145283649026602,0.9906385557722672,0.10701172921585855,0.9896027441738404,0.010397255420684814,10784,9522843,89990,10175
raw_probability_tta,0.09,100,0.17124440647282782,0.0936398538322685,0.48294288849635814,0.9909354505586428,0.10407370087806617,0.9898302765930581,0.010169723071157932,10122,9525697,87136,10837
raw_probability_tta,0.09,150,0.15224210611465774,0.08239288632913547,0.4040746218806221,0.9914875250615496,0.09378945270104612,0.9902095664926117,0.009790433570742607,8469,9531004,81829,12490
raw_probability_tta,0.09,200,0.1344800477376574,0.0720871666768139,0.3387089078675802,0.9919358840416754,0.08389467961898368,0.9905147422738617,0.009485257789492607,7099,9535314,77519,13860
raw_probability_tta,0.1,0,0.21599095180092084,0.12107054727046329,0.5922515387181677,0.9915146762666106,0.1320798884880846,0.9906460509008281,0.009353948757052422,12413,9531265,81568,8546
raw_probability_tta,0.1,3,0.21646660618324584,0.1213695280019446,0.5919652655181106,0.991546092603501,0.13245011903108342,0.9906767760815254,0.009323223493993282,12407,9531567,81266,8552
raw_probability_tta,0.1,5,0.21694802523911394,0.12167229464424752,0.5913927191179964,0.991582814348277,0.13283962789898693,0.990712172320099,0.009287827648222446,12395,9531920,80913,8564
raw_probability_tta,0.1,10,0.2177106136572084,0.12215222473155413,0.5883868505173966,0.9916781036350044,0.13356583521968898,0.9908007148171759,0.009199284948408604,12332,9532836,79997,8627
raw_probability_tta,0.1,15,0.2182865678011115,0.12251497005986801,0.5857149673168636,0.9917567485048363,0.13413901242390658,0.9908733757174736,0.009126624092459679,12276,9533592,79241,8683
raw_probability_tta,0.1,20,0.2189235005515944,0.12291639388841209,0.5822796889161781,0.9918517257087469,0.1348031635222756,0.9909606725991168,0.009039327502250671,12204,9534505,78328,8755
raw_probability_tta,0.1,30,0.2189124605534176,0.12290943353712858,0.5725941123142456,0.9920229551475607,0.13532469582669335,0.9911104578550161,0.00888954196125269,12001,9536151,76682,8958
raw_probability_tta,0.1,50,0.21846973620021218,0.12263038166651333,0.5555608569108471,0.9923026853790127,0.13596926562115255,0.9913525224542933,0.008647477254271507,11644,9538840,73993,9315
raw_probability_tta,0.1,75,0.20753505922624554,0.11578193497980427,0.509089174101575,0.9925935465642637,0.1303333455482514,0.9915416483976394,0.008458351716399193,10670,9541636,71197,10289
raw_probability_tta,0.1,100,0.20174088050312436,0.11218676903446943,0.4782670928954252,0.9928853439979651,0.1278310548867415,0.9917657553744145,0.008234244771301746,10024,9544441,68392,10935
raw_probability_tta,0.1,150,0.18443904511825057,0.10158791123058901,0.4038360608805745,0.9935130465701413,0.11951088644769711,0.9922301623286024,0.007769837509840727,8464,9550475,62358,12495
raw_probability_tta,0.1,200,0.16417254539144627,0.08942700196541735,0.33866119566757064,0.993923435474224,0.10834821633006543,0.992497865845556,0.007502133958041668,7098,9554420,58413,13861
raw_probability_tta,0.11,0,0.24650021935944577,0.14057613355925208,0.5897705043176726,0.9930330631979137,0.15581157904022844,0.9921557368064403,0.007844262756407261,12361,9545861,66972,8598
raw_probability_tta,0.11,3,0.24713459884381342,0.14098891944629857,0.5894842311176156,0.9930642714795931,0.15633897275612685,0.9921862543845653,0.007813745178282261,12355,9546161,66672,8604
raw_probability_tta,0.11,5,0.24763777158101313,0.14131654264451732,0.5889593969175109,0.9930935032367659,0.1567790690290015,0.992214280731823,0.007785719353705645,12344,9546442,66391,8615
raw_probability_tta,0.11,10,0.24868158675207266,0.14199678646150782,0.5860966649169397,0.9931809904530736,0.15782305933137733,0.9922953495362979,0.007704650517553091,12284,9547283,65550,8675
raw_probability_tta,0.11,15,0.24971400555643797,0.14267040149391425,0.5832339329163685,0.9932672293381141,0.15886672298392893,0.9923751727253391,0.007624827325344086,12224,9548112,64721,8735
raw_probability_tta,0.11,20,0.2508845951494011,0.14343512981113468,0.5801803521157592,0.9933611662659687,0.160046329200537,0.9924622620044102,0.00753773795440793,12160,9549015,63818,8799
raw_probability_tta,0.11,30,0.2517921241275959,0.14402870940158913,0.5706379121138553,0.9935419662444974,0.1615343057806373,0.9926219083824926,0.00737809156998992,11960,9550753,62080,8999
raw_probability_tta,0.11,50,0.2513916673914661,0.14376671019086693,0.5516007443100569,0.9938149346815857,0.1627920075474657,0.9928528662441529,0.007147133816033602,11561,9553377,59456,9398
raw_probability_tta,0.11,75,0.24202949798667206,0.13767551714291343,0.5061787299009942,0.9941641553535769,0.15903639743356734,0.9931025083373184,0.006897491868585348,10609,9556734,56099,10350
raw_probability_tta,0.11,100,0.2361688066464978,0.13389535661713717,0.47740827329525387,0.9944063316194082,0.15689041503988008,0.9932815655559089,0.006718434393405914,10006,9559062,53771,10953
raw_probability_tta,0.11,150,0.2163511385891202,0.1212969342059764,0.4032158022804508,0.9949325032485211,0.14783780001396896,0.9936451814612555,0.00635481858626008,8451,9564120,48713,12508
raw_probability_tta,0.11,200,0.19338260689366674,0.10704126265559799,0.3339376878666282,0.9953783655661126,0.13609847159021973,0.9939393543061746,0.006060645915567875,6999,9568406,44427,13960
raw_probability_tta,0.12,0,0.2762210306687595,0.16024155972614204,0.5874326065172062,0.9941874575372308,0.18056227726690124,0.9933025334157091,0.006697466596961021,12312,9556958,55875,8647
raw_probability_tta,0.12,3,0.27698954735192716,0.16075906383865834,0.5872894699171777,0.9942151288803197,0.18123325186251343,0.9933298331539637,0.006670166738331318,12309,9557224,55609,8650
raw_probability_tta,0.12,5,0.27774829202187595,0.16127044074640215,0.5867646357170729,0.9942474814656607,0.18193384223915884,0.9933609735398056,0.0066390265710651875,12298,9557535,55298,8661
raw_probability_tta,0.12,10,0.2793528276680696,0.1623533471359343,0.5836633427164541,0.9943420425591488,0.18361802407610345,0.9934485818253073,0.006551417987793684,12233,9558444,54389,8726
raw_probability_tta,0.12,15,0.28093321493232914,0.16342193181358583,0.5811345961159496,0.9944270331129221,0.1852415135660991,0.9935278860079179,0.006472114007920027,12180,9559261,53572,8779
raw_probability_tta,0.12,20,0.2826026119402656,0.16455283669642806,0.5781764397153594,0.9945195136542985,0.1870032869862831,0.9936137296715551,0.00638627028092742,12118,9560150,52683,8841
raw_probability_tta,0.12,30,0.28362085398395404,0.16524370774503835,0.5679183167133127,0.9946868940717051,0.18900550994804627,0.9937584286644335,0.0062415711581707,11903,9561759,51074,9056
raw_probability_tta,0.12,50,0.2832325912820921,0.16498017718871533,0.5499785295097332,0.9949120098102183,0.19072753445733728,0.9939440253640509,0.006055974867194891,11527,9563923,48910,9432
raw_probability_tta,0.12,75,0.2723151071098806,0.15761850336859998,0.5000715682997757,0.9952628949238992,0.18710057481520456,0.9941855709568974,0.00581442890688777,10481,9567296,45537,10478
raw_probability_tta,0.12,100,0.26778601794355844,0.1545917656348955,0.47635860489504445,0.9954618997334075,0.1862408595731633,0.9943325535780709,0.00566744664683938,9984,9569209,43624,10975
raw_probability_tta,0.12,150,0.24567799600137516,0.14004156331699738,0.3986831432795464,0.9959731954149199,0.17754169765214545,0.9946737484056113,0.005326251499354839,8356,9574124,38709,12603
raw_probability_tta,0.12,200,0.22503824168742856,0.12678483952317313,0.33341285366652346,0.9964466250479947,0.16983424877262193,0.9950041478993932,0.004995852243155241,6988,9578675,34158,13971
raw_probability_tta,0.13,0,0.3043478260869188,0.17948717948715323,0.5851424209167493,0.9950723163504444,0.2056579410728614,0.9941804846938765,0.005819515325129032,12264,9565464,47369,8695
raw_probability_tta,0.13,3,0.3052214835287586,0.18009520451337271,0.5848561477166921,0.9950997796383221,0.20649225948819863,0.9942072654257006,0.005792734678834677,12258,9565728,47105,8701
raw_probability_tta,0.13,5,0.3060043736332014,0.18064059249639566,0.5841881769165589,0.9951292194507062,0.2072935360443898,0.9942351879716721,0.005764812231063843,12244,9566011,46822,8715
raw_probability_tta,0.13,10,0.3079701907287725,0.18201227250329477,0.5816594303160544,0.9952126495903956,0.20942777138337954,0.9943129351349905,0.005687064956873655,12191,9566813,46020,8768
raw_probability_tta,0.13,15,0.3095268460655134,0.1831007167106476,0.5789875471155213,0.9952858850247362,0.21122347739809383,0.9943801983684089,0.005619801580905914,12135,9567517,45316,8824
raw_probability_tta,0.13,20,0.3096038214427866,0.1831545914325478,0.573643780714455,0.9953515264438684,0.21201594131335755,0.9944340712359153,0.005565928760915995,12023,9568148,44685,8936
raw_probability_tta,0.13,30,0.3127362777770048,0.18535115385813553,0.566391526313008,0.9955177625576134,0.2160013100913032,0.9945841678956729,0.005415832158178091,11871,9569746,43087,9088
raw_probability_tta,0.13,50,0.31447246075585045,0.18657212856745795,0.5486425879094667,0.9957687811699205,0.2204013570237057,0.9947960263206835,0.0052039735019207,11499,9572159,40674,9460
raw_probability_tta,0.13,75,0.30243253405832554,0.17815641506216082,0.49887876329953773,0.9960749344131944,0.21698798431107624,0.9949932487643486,0.005006751045584679,10456,9575102,37731,10503
raw_probability_tta,0.13,100,0.29796459111160156,0.17506368525329483,0.4721599312942067,0.9962998420964965,0.21766193775426865,0.9951595384247439,0.004840461537241936,9896,9577264,35569,11063
raw_probability_tta,0.13,150,0.27399223449811294,0.1587433382250408,0.39224199627826123,0.9967929329470293,0.21052496798970283,0.9954776893667614,0.004522310569882393,8221,9582004,30829,12738
raw_probability_tta,0.13,200,0.25529891552819894,0.14632816922074038,0.33303115606644734,0.9972180937711069,0.2069865369787655,0.9957731078271143,0.004226892255246639,6980,9586091,26742,13979
raw_probability_tta,0.14,0,0.33074466933646357,0.19813905234317333,0.583186220716359,0.9957629556240071,0.2308273374501481,0.9948653655798247,0.005134634207934141,12223,9572103,40730,8736
raw_probability_tta,0.14,3,0.3316505170588264,0.19878959441648386,0.5829953719163209,0.9957860497524498,0.23174085383195864,0.9948879942602031,0.005112005863338709,12219,9572325,40508,8740
raw_probability_tta,0.14,5,0.3328379170699992,0.1996434062877941,0.5823274011161876,0.9958206909451137,0.23300878197780966,0.9949211068704816,0.005078893154859543,12205,9572658,40175,8754
raw_probability_tta,0.14,10,0.33481607976528516,0.20106852804469275,0.5799895033157212,0.9958911176341033,0.23533511441510138,0.9949862940781772,0.00501370569691062,12156,9573335,39498,8803
raw_probability_tta,0.14,15,0.33687198252468425,0.2025532484481064,0.5776038933152452,0.9959628966819657,0.23777350041241355,0.9950527269013064,0.004947273060679436,12106,9574025,38808,8853
raw_probability_tta,0.14,20,0.3374331550801664,0.20295915085232977,0.5720215659141313,0.9960352998954617,0.23929662082588388,0.9951128278459812,0.004887172020971775,11989,9574721,38112,8970
raw_probability_tta,0.14,30,0.3405105502213045,0.20518994577923585,0.5651510091127605,0.9961751129973849,0.24365910353192693,0.9952373893893486,0.004762610420584679,11845,9576065,36768,9114
raw_probability_tta,0.14,50,0.3415485082971267,0.20594422568635384,0.5464955389090383,0.9963946112451959,0.24839521165851658,0.9954158238002222,0.004584176000207663,11454,9578175,34658,9505
raw_probability_tta,0.14,75,0.33044446211332906,0.19792361177251208,0.4957297580989094,0.9967193854298718,0.24781758336110105,0.9956294468470972,0.004370552953332663,10390,9581297,31536,10569
raw_probability_tta,0.14,100,0.32710481455117807,0.1955321632798046,0.47149196049407344,0.9969228634264208,0.2504181237645709,0.9957797511094272,0.00422024866566062,9882,9583253,29580,11077
raw_probability_tta,0.14,150,0.30115334543515393,0.177269293038278,0.3918125864781756,0.9973612357564092,0.24456489368031314,0.996043821581366,0.003956178203225136,8212,9587467,25366,12747
raw_probability_tta,0.14,200,0.27835113284753404,0.16167706328405684,0.3326494584663712,0.9976943321495328,0.2392915980229821,0.9962474797047716,0.0037525203078985214,6972,9590669,22164,13987
raw_probability_tta,0.15,0,0.35601497163571616,0.21655609114028274,0.580896035115902,0.996331778571415,0.2566561966396997,0.9954279685507006,0.004572031553834677,12175,9577571,35262,8784
raw_probability_tta,0.15,3,0.357104085674414,0.21736257456152136,0.580705186315864,0.9963553928378857,0.25782739482263745,0.9954511162375097,0.004548883531242609,12171,9577798,35035,8788
raw_probability_tta,0.15,5,0.35821115449784746,0.2181834500089359,0.5799417911157116,0.9963849366778754,0.25913529186026113,0.9954789349821951,0.004521064925938845,12155,9578082,34751,8804
raw_probability_tta,0.15,10,0.3603810090786783,0.21979558121376472,0.5776516055152547,0.9964501619865851,0.26188055633660057,0.9955390359268698,0.004460963886231184,12107,9578709,34124,8852
raw_probability_tta,0.15,15,0.3625644804715741,0.22142214221418077,0.5751228589147501,0.99651715576459,0.26472526024503346,0.9956003824869782,0.0043996176682412624,12054,9579353,33480,8905
raw_probability_tta,0.15,20,0.3635064243898178,0.2221251765405073,0.5703039267137887,0.9965823810732997,0.26677230728021545,0.9956549819634876,0.004345017950981855,11953,9579980,32853,9006
raw_probability_tta,0.15,30,0.3678662078200583,0.2253897380120546,0.5635765065124464,0.9967285398591644,0.2730466944058546,0.9957861867891679,0.004213813226670027,11812,9581385,31448,9147
raw_probability_tta,0.15,50,0.3677408906881996,0.22529565838554147,0.5417243189080864,0.9969377393740212,0.278345713515168,0.9959473901865424,0.004052609670907259,11354,9583396,29437,9605
raw_probability_tta,0.15,75,0.35649860040772086,0.21691408385545716,0.49219905529820496,0.9972329697187073,0.2794527969659273,0.9961342325015934,0.003865767503157258,10316,9586234,26599,10643
raw_probability_tta,0.15,100,0.35435629521905276,0.21532990050614959,0.47087170189394967,0.9974125213659689,0.28406539635015715,0.9962669943465657,0.0037330056075006723,9869,9587960,24873,11090
raw_probability_tta,0.15,150,0.3199314290269859,0.19042760191728195,0.3828904050763954,0.9977963832306241,0.2747534921938254,0.9964586115207792,0.003541388548910618,8025,9591650,21183,12934
raw_probability_tta,0.15,200,0.3045598687806879,0.17963469377220484,0.33222004866628546,0.9981479965375442,0.2811515787772425,0.9966992229020505,0.003300777170807123,6963,9595030,17803,13996
raw_probability_tta,0.16,0,0.3767881828489187,0.232125086121061,0.5787012739154641,0.996744664138032,0.2793284510155499,0.9958351809962257,0.00416481913998723,12129,9581540,31293,8830
raw_probability_tta,0.16,3,0.3777601171831802,0.23286329055555352,0.578319576315388,0.9967654696591516,0.2804878048779839,0.9958551108431645,0.004144889302551746,12121,9581740,31093,8838
raw_probability_tta,0.16,5,0.3785397261986031,0.2334560595253709,0.5778424543152928,0.9967836744901312,0.28146134002642836,0.9958722380553774,0.00412776181474328,12111,9581915,30918,8848
raw_probability_tta,0.16,10,0.3801019200731458,0.23464557726391597,0.574741161314674,0.9968398493971539,0.28394305110308227,0.9959215436662937,0.004078456200659275,12046,9582455,30378,8913
raw_probability_tta,0.16,15,0.38253942966379123,0.23650618548573074,0.5728326733142932,0.9968994572151613,0.2871493147735555,0.995976869751806,0.004023130051791668,12006,9583028,29805,8953
raw_probability_tta,0.16,20,0.384566995177124,0.23805815160950594,0.568777136313484,0.9969710282078125,0.29048686583159744,0.996039461927348,0.003960538189858198,11921,9583716,29117,9038
raw_probability_tta,0.16,30,0.38838152385341923,0.24098850292536292,0.5620497161121417,0.997095237168896,0.29670301992285303,0.9961487646816529,0.0038512353785336018,11780,9584910,27923,9179
raw_probability_tta,0.16,50,0.38928688003566647,0.24168604279096362,0.5405792261078579,0.9973036044629081,0.30416107382542173,0.9963099680790275,0.003690031822770834,11330,9586913,25920,9629
raw_probability_tta,0.16,75,0.37650585891077704,0.23191082085345527,0.4913402356980336,0.9975609687591567,0.30518018018008974,0.9964596495336406,0.0035403503570705652,10298,9589387,23446,10661
raw_probability_tta,0.16,100,0.3737364158779423,0.22981294024345064,0.47010830669379733,0.9977202350233267,0.3101548728279054,0.9965723777303881,0.0034276223741471767,9853,9590918,21915,11106
raw_probability_tta,0.16,150,0.34382171889403434,0.20759946125150033,0.3824132830763002,0.9981640167888063,0.31230517456346935,0.9968244072531347,0.0031755927484482527,8015,9595184,17649,12944
raw_probability_tta,0.16,200,0.32561078348770817,0.1944654088049771,0.3319337754662284,0.9984587269954643,0.3195241813253481,0.9970086545360322,0.002991345478221774,6957,9598017,14816,14002
raw_probability_tta,0.17,0,0.3951618175873823,0.24623156522442635,0.5767450737150738,0.9970733913717206,0.3005395191565848,0.9961589372076947,0.0038410627748817205,12088,9584700,28133,8871
raw_probability_tta,0.17,3,0.39608601586566644,0.2469496617547371,0.5765065127150262,0.997090347871433,0.3016752802535886,0.9961753378109046,0.003824662184342742,12083,9584863,27970,8876
raw_probability_tta,0.17,5,0.3971437503084294,0.24777253130768884,0.5758385419148929,0.9971131299170589,0.30308890005014993,0.9961966170745632,0.00380338286049664,12069,9585082,27751,8890
raw_probability_tta,0.17,10,0.39857958316733066,0.24889128362410395,0.5730235221143313,0.9971605665052113,0.30555908917432756,0.9962378261851605,0.0037621736992150545,12010,9585538,27295,8949
raw_probability_tta,0.17,15,0.4005427226586039,0.2504241459480447,0.5704470633138172,0.9972137246116718,0.3086215797624397,0.9962852633729263,0.0037147365510463715,11956,9586049,26784,9003
raw_probability_tta,0.17,20,0.4035525667803754,0.25278161897665086,0.5669163605131128,0.9972904969846028,0.31327778949580437,0.9963541874269229,0.003645812626928091,11882,9586787,26046,9077
raw_probability_tta,0.17,30,0.406725547014557,0.2552765132538487,0.5591869841115705,0.9974043031851266,0.319589877835864,0.9964509302256049,0.0035490698646754026,11720,9587881,24952,9239
raw_probability_tta,0.17,50,0.40769412063300503,0.2560400774222348,0.5364759769070392,0.9976119422858996,0.3287719298244653,0.9966087081805369,0.0033912917133420706,11244,9589877,22956,9715
raw_probability_tta,0.17,75,0.394954260953222,0.2460704086774385,0.48924089889761474,0.9978453802328606,0.3311373764773199,0.9967388749933558,0.003261124948039651,10254,9592121,20712,10705
raw_probability_tta,0.17,100,0.39287215937523423,0.24445607215820891,0.4681043942933975,0.9980052706626642,0.3384737459462021,0.9968524336003923,0.003147566458210349,9811,9593658,19175,11148
raw_probability_tta,0.17,150,0.3587794944138982,0.21860529599328477,0.3761629848750531,0.9984285589898411,0.3429317094387373,0.997074775955303,0.0029252241365611553,7884,9597727,15106,13075
raw_probability_tta,0.17,200,0.3438018165168551,0.2075849496428058,0.33140894126612364,0.9986994468748173,0.3571575483338353,0.9972477088980114,0.002752291038632393,6946,9600331,12502,14013
raw_probability_tta,0.18,0,0.40994021563243516,0.2578143411101275,0.5741686149145597,0.9973246180392389,0.31876456876448434,0.9964040120442699,0.0035959880333393812,12034,9587115,25718,8925
raw_probability_tta,0.18,3,0.4108695280875146,0.2585499021946522,0.5738823417145026,0.9973408463457121,0.3199787177439958,0.9964195822371907,0.0035804177168756723,12028,9587271,25562,8931
raw_probability_tta,0.18,5,0.41195728561382017,0.25941196787836557,0.573357507514398,0.9973613397840149,0.32146487614351255,0.9964388892764128,0.0035611107014119625,12017,9587468,25365,8942
raw_probability_tta,0.18,10,0.4135582673626001,0.2606829225773549,0.5707810487138839,0.9974063837372387,0.3242444775713988,0.9964782299638596,0.003521770006045699,11963,9587901,24932,8996
raw_probability_tta,0.18,15,0.4162358530109655,0.26281429201582207,0.5685385753134364,0.997463702947923,0.3282915943465498,0.9965305458120739,0.003469454124569893,11916,9588452,24381,9043
raw_probability_tta,0.18,20,0.41890025847105145,0.26494233568463443,0.5644830383126272,0.9975349618577573,0.33301432713138374,0.9965928265837576,0.0034071733243763447,11831,9589137,23696,9128
raw_probability_tta,0.18,30,0.42253164098563756,0.2678542733178146,0.5567059497110756,0.9976487680582812,0.340472716661704,0.9966894655811533,0.003310534404590726,11668,9590231,22602,9291
raw_probability_tta,0.18,50,0.4237947710441998,0.2688702989045114,0.5351877475067822,0.997840386907792,0.3507833755510677,0.9968338531701734,0.003166146809235215,11217,9592073,20760,9742
raw_probability_tta,0.18,75,0.4090745552667582,0.2571299344171025,0.4882389426974148,0.9980403279657506,0.3520002751882109,0.9969312187765722,0.0030687812250107527,10233,9593995,18838,10726
raw_probability_tta,0.18,100,0.408626465661556,0.25677595915997664,0.465575647692893,0.9982270575177984,0.3640908921307548,0.9970682364742762,0.002931763418018818,9758,9595790,17043,11201
raw_probability_tta,0.18,150,0.3698171880888688,0.22685626752211718,0.3744930578747199,0.9985810634596471,0.36525664293342397,0.9972233155957686,0.002776684472337365,7849,9599193,13640,13110
raw_probability_tta,0.18,200,0.3524552547039028,0.21392757660160508,0.3297867264658,0.9988191826488602,0.3784701308654775,0.9973636549346291,0.0026363451033830643,6912,9601482,11351,14047
raw_probability_tta,0.19,0,0.4222911089191873,0.26766098061974913,0.5719738537141218,0.9975211261862128,0.3347013987770236,0.9965953178146248,0.003404682269319892,11988,9589004,23829,8971
raw_probability_tta,0.19,3,0.42319372837057295,0.2683866344172113,0.5717830049140837,0.9975352739405741,0.33590268240033194,0.9966090195843953,0.0033909804187715054,11984,9589140,23693,8975
raw_probability_tta,0.19,5,0.4241597420314268,0.26916417440573204,0.5711150341139505,0.9975541029371873,0.33735415140061514,0.9966263543991806,0.0033736457116901875,11970,9589321,23512,8989
raw_probability_tta,0.19,10,0.42608353597474863,0.2707154704291299,0.5684908631134269,0.997601747580551,0.3407303611769451,0.9966681863174948,0.0033318137284368277,11915,9589779,23054,9044
raw_probability_tta,0.19,15,0.4283031134868836,0.27250999678258203,0.5657712677128843,0.9976536573557442,0.34457908348579186,0.9967140664859684,0.003285933518782258,11858,9590278,22555,9101
raw_probability_tta,0.19,20,0.4318256729535924,0.27536841121925426,0.5625745503122465,0.9977259565416345,0.3503907759055154,0.996779253693664,0.0032207462936639786,11791,9590973,21860,9168
raw_probability_tta,0.19,30,0.4338653971809141,0.2770294433185655,0.5544157641106187,0.9978168766689269,0.3563761270930637,0.9968522259978201,0.0031477739103138447,11620,9591847,20986,9339
raw_probability_tta,0.19,50,0.43567939911649206,0.2785102995322225,0.5341380791065727,0.9979988209511171,0.3678693480545584,0.9969896589006687,0.0030103411991149187,11195,9593596,19237,9764
raw_probability_tta,0.19,75,0.4205360824741401,0.2662524150174231,0.4865690156970816,0.9981958492361191,0.3702843034020659,0.9970827686543358,0.0029172312933951616,10198,9595490,17343,10761
raw_probability_tta,0.19,100,0.4159841791878042,0.2626136517844314,0.4616632472921124,0.9983474174574749,0.3785306314058452,0.9971798228568761,0.002820177236571908,9676,9596947,15886,11283
raw_probability_tta,0.19,150,0.378827794561842,0.23367523406278443,0.3739205114746057,0.9986914367491863,0.38386559561109723,0.9973322031449289,0.0026677967980504036,7837,9600254,12579,13122
raw_probability_tta,0.19,200,0.35867051272047024,0.21852438252051345,0.32926189226569524,0.9988951228009465,0.39384773427668424,0.9974382880593634,0.0025617119390517473,6901,9602212,10621,14058
raw_probability_tta,0.2,0,0.4339139437309636,0.27706902950448203,0.5699222291137125,0.9976954764531945,0.3503138013958736,0.9967648253148906,0.0032351745758205652,11945,9590680,22153,9014
raw_probability_tta,0.2,3,0.43485543660322723,0.2778372341909921,0.569779092513684,0.9977090000419222,0.35159723244506064,0.9967780080782304,0.0032219919376075268,11942,9590810,22023,9017
raw_probability_tta,0.2,5,0.43560488508362044,0.2784494025391434,0.5692542583135792,0.9977229397410723,0.35277942046116123,0.9967907756364255,0.003209224436432123,11931,9590944,21889,9028
raw_probability_tta,0.2,10,0.4373135977023386,0.2798473174523975,0.5666777995130652,0.9977652789765504,0.3560358523935502,0.9968274174904327,0.003172582481056452,11877,9591351,21482,9082
raw_probability_tta,0.2,15,0.4395948160285194,0.28171837708823827,0.5631948089123703,0.9978215579111788,0.3604825164146097,0.9968759964923459,0.00312400353141129,11804,9591892,20941,9155
raw_probability_tta,0.2,20,0.4420303498135253,0.2837220543805961,0.5600935159117515,0.9978761724041175,0.3650754159538594,0.9969237450839701,0.0030762548558413982,11739,9592417,20416,9220
raw_probability_tta,0.2,30,0.4444145563539092,0.28568958276715356,0.5517915931100951,0.9979691730835218,0.3720204587125255,0.9969984820099905,0.0030015180818736553,11565,9593311,19522,9394
raw_probability_tta,0.2,50,0.44631578947359474,0.2872628726286522,0.531036786105954,0.9981497650068394,0.3849080094064238,0.997133527483258,0.0028664725832641125,11130,9595047,17786,9829
raw_probability_tta,0.2,75,0.42829001715692777,0.2724993935472703,0.4823703420962439,0.9983207863904419,0.38511351516060294,0.997198299485809,0.002801700495183468,10110,9596691,16142,10849
raw_probability_tta,0.2,100,0.4245900918720769,0.2695108680486985,0.4608521398919505,0.9984520692287061,0.3936183218548459,0.9972824823288681,0.0027175177820026875,9659,9597953,14880,11300
raw_probability_tta,0.2,150,0.39133476587866894,0.24326675157645203,0.37363423827454856,0.9988315619339263,0.41079578240549186,0.9974714006696419,0.0025285992305725813,7831,9601601,11232,13128
raw_probability_tta,0.2,200,0.3697213757073439,0.2267841644968867,0.32415668686467664,0.9990638555772259,0.43019059076778937,0.9975955470078647,0.0024044530000537634,6794,9603834,8999,14165
raw_probability_tta,0.21,0,0.44383970177065357,0.2852146416250754,0.5680614533133412,0.9978377862176521,0.3641980973355467,0.99690277722417,0.0030972228851169348,11906,9592048,20785,9053
raw_probability_tta,0.21,3,0.44482642651611587,0.28603008313703543,0.5679660289133222,0.9978508936959574,0.36556828302049393,0.9969156485836512,0.003084351308643818,11904,9592174,20659,9055
raw_probability_tta,0.21,5,0.4454431398984242,0.286540268375464,0.567488906913227,0.9978622327049674,0.36660091234115194,0.9969259249109791,0.0030740750953555107,11894,9592283,20550,9065
raw_probability_tta,0.21,10,0.4474435308571123,0.28819791083291824,0.5647215993126748,0.9979080048514305,0.37050021911964864,0.9969655770022843,0.003034423105418682,11836,9592723,20110,9123
raw_probability_tta,0.21,15,0.44914008665932753,0.28960712879079126,0.5613340331119989,0.9979542971359214,0.3743238943683187,0.9970043986833005,0.002995601389557123,11765,9593168,19665,9194
raw_probability_tta,0.21,20,0.4514026800346185,0.29149132199499705,0.5585190133114373,0.9980026699725243,0.3787614055521974,0.997046542005473,0.0029534578789025545,11706,9593633,19200,9253
raw_probability_tta,0.21,30,0.45295907351055986,0.2927906209555935,0.550503363709838,0.9980808987319337,0.38477956379631,0.9971071619565786,0.002892838092520833,11538,9594385,18448,9421
raw_probability_tta,0.21,50,0.4531391054574368,0.29294108284471104,0.5268858247051258,0.9982587859375057,0.3975018897806423,0.997233280519238,0.002766719553619623,11043,9596095,16738,9916
raw_probability_tta,0.21,75,0.4367105035472321,0.27935357113200343,0.4816546590961011,0.998421069002238,0.3994381355595301,0.9972968069063554,0.0027031931094825268,10095,9597655,15178,10864
raw_probability_tta,0.21,100,0.4321045892579392,0.27559528926322374,0.45889593969156023,0.9985498551779679,0.4082689532216622,0.9973757996851075,0.0026242004241794348,9618,9598893,13940,11341
raw_probability_tta,0.21,150,0.3978543827536105,0.24832598140324066,0.3733479650744915,0.9989023007057327,0.4258039941228569,0.9975413627364998,0.002458637347444892,7825,9602281,10552,13134
raw_probability_tta,0.21,200,0.37600022150223555,0.23152726156775955,0.3239658380646386,0.999129496996358,0.4479482781366618,0.9976606304142741,0.0023393696174025536,6790,9604465,8368,14169
raw_probability_tta,0.22,0,0.45246676964730015,0.2923793562379129,0.5660098287129319,0.9979594985162012,0.37686638287045654,0.9970197612736491,0.0029802387580275536,11863,9593218,19615,9096
raw_probability_tta,0.22,3,0.4531178358550258,0.2929233049276787,0.5658189799128938,0.9979687569730995,0.3778556635334147,0.9970285843829709,0.00297141564078629,11859,9593307,19526,9100
raw_probability_tta,0.22,5,0.45395177815645216,0.29362071101194265,0.5654849945128272,0.9979812402857712,0.3791669332649628,0.9970403139283047,0.0029596860986202955,11852,9593427,19406,9107
raw_probability_tta,0.22,10,0.4558013718480426,0.29517017017009634,0.5627653991122845,0.9980233714660383,0.3830042862708199,0.9970764367758813,0.0029235631227493286,11795,9593832,19001,9164
raw_probability_tta,0.22,15,0.45732896481775936,0.29645268134805786,0.5594255451116181,0.9980659187567277,0.3867467097666699,0.9971116254118826,0.0028883744962513447,11725,9594241,18592,9234
raw_probability_tta,0.22,20,0.45948240124751577,0.2982649478458448,0.55527458371079,0.9981212614429056,0.39187824095885515,0.9971578169842146,0.00284218299202621,11638,9594773,18060,9321
raw_probability_tta,0.22,30,0.4617977528088961,0.3002191380568976,0.5490719977095524,0.9981927284079511,0.3984626571100729,0.9972156343005942,0.00278436578810215,11508,9595460,17373,9451
raw_probability_tta,0.22,50,0.4609559669489675,0.29950797836183995,0.5256930197048878,0.9983534510585995,0.41041495939789524,0.9973251446574714,0.0026748552918434143,11018,9597005,15828,9941
raw_probability_tta,0.22,75,0.4428135094156227,0.28436767984639055,0.48074812729592026,0.9984943044365787,0.4104276985741709,0.9973679107873609,0.002632089192047715,10076,9598359,14474,10883
raw_probability_tta,0.22,100,0.4384526824774492,0.28078091362166957,0.4542678562906368,0.9986528425075095,0.42370165991703806,0.99746849423363,0.0025315056554973125,9521,9599883,12950,11438
raw_probability_tta,0.22,150,0.40352099950943404,0.25275684765376816,0.37291855527440576,0.9989634689378242,0.4395950506184254,0.9976014636811746,0.0023985363077372313,7816,9602869,9964,13143
raw_probability_tta,0.22,200,0.38757785269402106,0.24036996349968448,0.32363185266457195,0.9992447595833601,0.4830164494762636,0.9977749156303136,0.002225084463134408,6783,9605573,7260,14176
raw_probability_tta,0.23,0,0.4603604481246059,0.29900534028490827,0.5636719309124655,0.9980700798609515,0.38905354672976716,0.9971250157777946,0.002874984173104167,11814,9594281,18552,9145
raw_probability_tta,0.23,3,0.46114495470156575,0.2996675717511357,0.5634333699124179,0.9980808987319337,0.3902898502824502,0.9971352921051223,0.00286470795981586,11809,9594385,18448,9150
raw_probability_tta,0.23,5,0.462137975600591,0.30050678686930493,0.5630039601123321,0.9980954625967174,0.3919224126476711,0.9971488900736066,0.002851109951734543,11800,9594525,18308,9159
raw_probability_tta,0.23,10,0.4632795094733024,0.30147285230414106,0.5605706379118467,0.9981261507403687,0.39476513675142977,0.9971742175874246,0.0028257824014872313,11749,9594820,18013,9210
raw_probability_tta,0.23,15,0.46561733197668614,0.3034558077852398,0.5568013741110945,0.9981797249572515,0.400095995611492,0.9972194749481814,0.0027805250138044357,11670,9595335,17498,9289
raw_probability_tta,0.23,20,0.4667136386511391,0.3043877845757151,0.553079822510352,0.998218631281745,0.4036773923943433,0.9972502001288787,0.00274979998357594,11592,9595709,17124,9367
raw_probability_tta,0.23,30,0.4684174918505713,0.30583888844261353,0.5450641729087528,0.9982945714338313,0.41066935077992284,0.997308536451689,0.002691463567316532,11424,9596439,16394,9535
raw_probability_tta,0.23,50,0.4642439449676858,0.30229016089271904,0.5208263753039167,0.9984237737199836,0.418750959030068,0.9973847265957154,0.0026152734644711018,10916,9597681,15152,10043
raw_probability_tta,0.23,75,0.44579879005143497,0.2868346692808123,0.4746409656947017,0.9985724291683826,0.42026107895719644,0.9974325789886257,0.00256742094643414,9948,9599110,13723,11011
raw_probability_tta,0.23,100,0.4432038494778344,0.28468971311958813,0.45264564149031317,0.9987136986567842,0.43414790408180753,0.9975256887422929,0.0024743112735450268,9487,9600468,12365,11472
raw_probability_tta,0.23,150,0.40438854977888755,0.2534379843682177,0.3666682570731587,0.9990258855011828,0.4507595753413979,0.997650146484374,0.002349853515625,7685,9603469,9364,13274
raw_probability_tta,0.23,200,0.39476598472915003,0.24592425837832832,0.32315473066447675,0.9993152902999554,0.5071508798199122,0.9978442548894548,0.002155745169147849,6773,9606251,6582,14186
raw_probability_tta,0.24,0,0.46792077236976853,0.3054155189438425,0.5607614867118847,0.9981771242671116,0.40145511681910045,0.9972254954227775,0.002774504479020834,11753,9595310,17523,9206
raw_probability_tta,0.24,3,0.46857735495313657,0.30597520316724686,0.5604752135118276,0.9981864867516154,0.4025702535982171,0.9972342147308132,0.00276578520424664,11747,9595400,17433,9212
raw_probability_tta,0.24,5,0.46941712640911704,0.3066917411063296,0.56023665251178,0.9981975136778087,0.4039354638961079,0.9972446986607133,0.0027553013060241938,11742,9595506,17327,9217
raw_probability_tta,0.24,10,0.47080615285486216,0.3078786602063651,0.557851042511304,0.9982297622355439,0.40725904768525295,0.9972716869951096,0.002728312974795699,11692,9595816,17017,9267
raw_probability_tta,0.24,15,0.4729842569396809,0.30974419162946204,0.5540340665105424,0.99828042367947,0.4126217042141949,0.9973139341185684,0.0026860658545047045,11612,9596303,16530,9347
raw_probability_tta,0.24,20,0.4746646948876549,0.3111871162338923,0.5513144711099999,0.9983175615346683,0.4167267743795381,0.9973450745044101,0.0026549254544079304,11555,9596660,16173,9404
raw_probability_tta,0.24,30,0.4753539536147238,0.3117798749038978,0.5422491531081911,0.9983883003064747,0.4231513887853067,0.9973959371346185,0.0026040629018098116,11365,9597340,15493,9594
raw_probability_tta,0.24,50,0.4705907784093577,0.3076944821346937,0.5193472971036216,0.9985002340100978,0.43020314599619386,0.9974578027011576,0.0025421972386538982,10885,9598416,14417,10074
raw_probability_tta,0.24,75,0.45375385670198753,0.2934551259310945,0.4736390094945018,0.998661268743563,0.4354711352867014,0.9975190454599799,0.0024809546303004026,9927,9599964,12869,11032
raw_probability_tta,0.24,100,0.4468531135355551,0.28770821190825246,0.447492723889285,0.9987891186708425,0.4462153289878461,0.9975897341358408,0.002410265849903226,9379,9601193,11640,11580
raw_probability_tta,0.24,150,0.41365364393744414,0.2607587191514512,0.36600028627302544,0.9991200304842486,0.4755734655917696,0.9977426334303243,0.0022573666647076607,7671,9604374,8459,13288
raw_probability_tta,0.24,200,0.3968547369655263,0.24754758418731787,0.32267760866438155,0.9993382804007924,0.5153154526055201,0.9978661569608303,0.0021338430233299732,6763,9606472,6361,14196
raw_probability_tta,0.25,0,0.4767048465331438,0.3129431912444642,0.5579941791113325,0.9982926989369305,0.4160885188741537,0.9973347981770824,0.0026652019005268812,11695,9596421,16412,9264
raw_probability_tta,0.25,3,0.47720544700996775,0.3133748055986718,0.5576124815112564,0.9983007090625615,0.4170651630859977,0.997341960465826,0.002658039564266801,11687,9596498,16335,9272
raw_probability_tta,0.25,5,0.4779503550452293,0.3140175858451924,0.5571830717111708,0.9983116319611492,0.4184463236346501,0.9973519253892954,0.002648074645549059,11678,9596603,16230,9281
raw_probability_tta,0.25,10,0.47880360894811547,0.31475463113413643,0.5545111885106376,0.9983391992766327,0.421285388044941,0.9973736198580985,0.0026263801846653223,11622,9596868,15965,9337
raw_probability_tta,0.25,15,0.48158168574391647,0.31716008771921134,0.5520301541101427,0.998385387533518,0.42707910376123914,0.9974143099622652,0.002585690002888441,11570,9597312,15521,9389
raw_probability_tta,0.25,20,0.4826343038000204,0.3180738203115488,0.5493105587096,0.9984149313735078,0.4303925233643251,0.9974378728542188,0.002562127076089382,11513,9597596,15237,9446
raw_probability_tta,0.25,30,0.4818193443879787,0.31736627825345576,0.5392909967076008,0.99847537141236,0.43541738895934534,0.9974763831313765,0.002523616887629032,11303,9598177,14656,9656
raw_probability_tta,0.25,50,0.47489973114714734,0.3113891859086463,0.5140989551025745,0.9985806473492248,0.441254760637028,0.9975266229538681,0.0024733771570026875,10775,9599189,13644,10184
raw_probability_tta,0.25,75,0.4617106613187992,0.3001455251029893,0.47235078009424475,0.9987490680426874,0.451539338654298,0.9976038511107559,0.0023961488623172045,9900,9600808,12025,11059
raw_probability_tta,0.25,100,0.4513539157724616,0.29145065510406526,0.4425783672883045,0.9988694279823639,0.46048451151684844,0.9976591771962682,0.0023408227134495974,9276,9601965,10868,11683
raw_probability_tta,0.25,150,0.4153621832786555,0.2621180555554645,0.36017939787186404,0.9991843195445079,0.490513320337563,0.9977941188682494,0.002205881057307124,7549,9604992,7841,13410
raw_probability_tta,0.25,200,0.4026753456151197,0.2520936144757544,0.32172336466419116,0.9993977841911943,0.5380625598463629,0.9979234552707792,0.002076544798910618,6743,9607044,5789,14216
raw_probability_tta,0.26,0,0.48262836744002274,0.31806866365741543,0.5547497495106852,0.9983775854630982,0.42710208279747747,0.9974124415391147,0.0025875584688037634,11627,9597237,15596,9332
raw_probability_tta,0.26,3,0.4830166715169661,0.31840605130445127,0.5543203397105996,0.9983845553126732,0.42796625778154934,0.9974184620137108,0.0025815379340201616,11618,9597304,15529,9341
raw_probability_tta,0.26,5,0.4835123657256051,0.31883699859969833,0.554081778710552,0.9983913171070371,0.4288879861135174,0.9974246900908791,0.0025753099471330643,11613,9597369,15464,9346
raw_probability_tta,0.26,10,0.48499968552789685,0.3201317391784789,0.551887017510114,0.998421589140266,0.43257292445757944,0.9974501214059833,0.002549878554418683,11567,9597660,15173,9392
raw_probability_tta,0.26,15,0.48645445309844093,0.32140060409432786,0.5483086025094001,0.9984607035199707,0.4371410095475533,0.9974813655931113,0.0025186343118548393,11492,9598036,14797,9467
raw_probability_tta,0.26,20,0.487790300546344,0.32256789565797456,0.5451595973087718,0.9984954487402403,0.44134574529706,0.9975091843377967,0.002490815706551075,11426,9598370,14463,9533
raw_probability_tta,0.26,30,0.4885436556152386,0.32322710307197156,0.5371439477071724,0.9985570330827541,0.4480082772890095,0.9975531960831198,0.0024468039628118277,11258,9598962,13871,9701
raw_probability_tta,0.26,50,0.48169470180793345,0.317258131405795,0.5109976621019557,0.9986685506759548,0.4555702071545129,0.9976075879570568,0.00239241193048656,10710,9600034,12799,10249
raw_probability_tta,0.26,75,0.46900782234468985,0.30634240278285924,0.4705854286938925,0.9988310417958983,0.4674407582936173,0.9976818058766466,0.0023181941360235214,9863,9601596,11237,11096
raw_probability_tta,0.26,100,0.4557873452679253,0.2951584057229512,0.4409561524879808,0.9989230021992467,0.47165093135980013,0.9977091056149012,0.002290894277393818,9242,9602480,10353,11717
raw_probability_tta,0.26,150,0.42042514902698785,0.26616348618617697,0.3566964072711691,0.9992583871996934,0.5118794933238535,0.9978604478900925,0.002139552030712366,7476,9605704,7129,13483
raw_probability_tta,0.26,200,0.40380018758875563,0.2529759648190716,0.31838351066352477,0.9994362744052654,0.5518524644388423,0.997954595656621,0.0020454043988138437,6673,9607414,5419,14286
raw_probability_tta,0.27,0,0.48696896972748793,0.32184995547631295,0.5518393053101045,0.9984419785509632,0.43574577101290896,0.9974703626567805,0.002529637422412634,11566,9597856,14977,9393
raw_probability_tta,0.27,3,0.487360586957794,0.3221921779610509,0.5514576077100284,0.9984485322901158,0.43661226956768034,0.9974760717275182,0.0025239281821995974,11558,9597919,14914,9401
raw_probability_tta,0.27,5,0.487964527026924,0.32272029046213585,0.5513144711099999,0.9984556061672964,0.4376728154234924,0.9974828188111172,0.0025171812158077955,11555,9597987,14846,9404
raw_probability_tta,0.27,10,0.4888841657809801,0.32352527497248207,0.5487380123094857,0.9984822372343294,0.44080334214846467,0.9975037866709174,0.0024962134193629026,11501,9598243,14590,9458
raw_probability_tta,0.27,15,0.49023219946866375,0.32470701739442,0.5459707047089336,0.9985142777368535,0.4448202137996327,0.9975297369924523,0.002470263047143817,11443,9598551,14282,9516
raw_probability_tta,0.27,20,0.491510778934529,0.3258298250135104,0.5428216995083053,0.9985479826810671,0.44906256167339687,0.9975565177242762,0.002443482168018818,11377,9598875,13958,9582
raw_probability_tta,0.27,30,0.49183207447732047,0.32611227579771546,0.5343766401066203,0.9986075904990745,0.4555623347567803,0.9975976230335875,0.0024023770820349455,11200,9599448,13385,9759
raw_probability_tta,0.27,50,0.484017638860218,0.3192765636773718,0.5053676225008323,0.9987291987700182,0.4643984566816624,0.9976558555551117,0.002344144508242607,10592,9600617,12216,10367
raw_probability_tta,0.27,75,0.47031231303087945,0.3074564285489823,0.4688200772935403,0.998855696338425,0.471814078555425,0.9977025661338744,0.002297433791682124,9826,9601833,11000,11133
raw_probability_tta,0.27,100,0.4582317528234096,0.29721182393174866,0.4394293620876762,0.9989567071434603,0.47871510993269983,0.997739415590454,0.002260584384202957,9210,9602804,10029,11749
raw_probability_tta,0.27,150,0.42260386555562474,0.2679123248292246,0.3557421632709787,0.9992852263219376,0.5204159977660917,0.9978851525961938,0.0021148473024368286,7456,9605962,6871,13503
raw_probability_tta,0.27,200,0.3991942867605447,0.2493708533515407,0.3120377880622587,0.9994520866013162,0.5539086982293945,0.9979565678810577,0.002043432090431452,6540,9607566,5267,14419
raw_probability_tta,0.28,0,0.48989318694402106,0.3244096263314196,0.5492628465095905,0.9984887909734821,0.44210607166156835,0.9975114679660917,0.002488532103598118,11512,9598306,14527,9447
raw_probability_tta,0.28,3,0.4901593252107672,0.3246430788329314,0.5489765733095333,0.9984933681881284,0.44272576859423496,0.997515412414965,0.002484587486833334,11506,9598350,14483,9453
raw_probability_tta,0.28,5,0.4910146412258311,0.3253939068200828,0.5488334367095048,0.9985028347002378,0.444217030314561,0.9975245469281453,0.0024754530750215054,11503,9598441,14392,9456
raw_probability_tta,0.28,10,0.4915257878116359,0.32584301663239756,0.5458752803089146,0.9985276972979756,0.4470188325387016,0.997542919755792,0.002457080176100135,11441,9598680,14153,9518
raw_probability_tta,0.28,15,0.49312040909178717,0.32724606004822065,0.5429171239083244,0.9985630666838788,0.45169101301982706,0.9975717765133387,0.002428223378956318,11379,9599020,13813,9580
raw_probability_tta,0.28,20,0.494565454624712,0.32852006495003233,0.5405792261078579,0.9985926105238685,0.45577054587857285,0.9975961698155815,0.0024038301780819893,11330,9599304,13529,9629
raw_probability_tta,0.28,30,0.4933061441616072,0.3274096740024928,0.530941361705935,0.9986446243266673,0.4606532268077739,0.9976271025988511,0.0023728974629193544,11128,9599804,13029,9831
raw_probability_tta,0.28,50,0.48635029241106625,0.3213096728871075,0.501932344100147,0.9987743467508476,0.47170657340127714,0.9976934316206942,0.0023065684363245964,10520,9601051,11782,10439
raw_probability_tta,0.28,75,0.47293969970538485,0.3097059753397693,0.4673887112932547,0.9988899214206666,0.4786241266426547,0.9977336027184301,0.0022663972340524197,9796,9602162,10671,11163
raw_probability_tta,0.28,100,0.46115225304368995,0.2996737357258402,0.4382365570874382,0.9989918684741523,0.4865967365964788,0.9977719053930156,0.0022280944976955652,9185,9603142,9691,11774
raw_probability_tta,0.28,150,0.42445345053929323,0.26940076806018787,0.3547879192707883,0.9993089446160139,0.5281625115416377,0.9979067432637108,0.0020932566840201616,7436,9606190,6643,13523
raw_probability_tta,0.28,200,0.39149564628768607,0.24339110141924197,0.30354501646056414,0.9994611370030032,0.5512042973483354,0.997947121964019,0.0020528780296444893,6362,9607653,5180,14597
raw_probability_tta,0.29,0,0.4927642032033983,0.32693239123612444,0.5474974951092383,0.9985290496568484,0.4479796993947109,0.9975477984162405,0.0024522016756236553,11475,9598693,14140,9484
raw_probability_tta,0.29,3,0.4930046635575223,0.32714412024747525,0.5472589341091907,0.9985330027058611,0.44853746284981677,0.9975512238586831,0.002448776038363576,11470,9598731,14102,9489
raw_probability_tta,0.29,5,0.49389469150414694,0.32792839167229243,0.5471157975091621,0.9985426772731817,0.45010990736361667,0.9975605659744357,0.002439433941617608,11467,9598824,14009,9492
raw_probability_tta,0.29,10,0.49415077989590683,0.32815422241394676,0.5441576411085719,0.998564835153174,0.45256140629322145,0.9975762399686428,0.0024237600155174732,11405,9599037,13796,9554
raw_probability_tta,0.29,15,0.49488181242759355,0.3287993039442202,0.5409132115079245,0.9985934427447133,0.45607048032808106,0.9975977268348736,0.002402273239567876,11337,9599312,13521,9622
raw_probability_tta,0.29,20,0.4961813579838239,0.3299476041330299,0.5378119185073058,0.9986264194956878,0.4605327667917713,0.9976238847589808,0.002376115182414651,11272,9599629,13204,9687
raw_probability_tta,0.29,30,0.4960747914382376,0.3298533654560157,0.5291282981055732,0.9986828024579217,0.46690804984823725,0.997661253221991,0.0023387467954307795,11090,9600171,12662,9869
raw_probability_tta,0.29,50,0.4870104149676165,0.3218861648391272,0.49864020229949013,0.9988027462871758,0.47591074681216944,0.9977146070830666,0.0022853929549455643,10451,9601324,11509,10508
raw_probability_tta,0.29,75,0.47294237931778454,0.309708273553225,0.4634763108924741,0.9989174887361499,0.48280318091427293,0.9977525983537937,0.0022474017459899187,9714,9602427,10406,11245
raw_probability_tta,0.29,100,0.46406749328890096,0.30214055061742995,0.43303592728640056,0.9990554293411724,0.49988984357760524,0.9978240136386576,0.0021759863011538982,9076,9603753,9080,11883
raw_probability_tta,0.29,150,0.4268952030368035,0.2713711151735754,0.35411994847065503,0.9993351595726245,0.5373199160207505,0.9979314479698119,0.002068551955744624,7422,9606442,6391,13537
raw_probability_tta,0.29,200,0.38603020998096027,0.2391805672994699,0.2969130206592409,0.9994737243432805,0.5515865981204116,0.9979452535408685,0.0020547464955598116,6223,9607774,5059,14736
raw_probability_tta,0.3,0,0.49525953504469994,0.32913286149941623,0.5458275681089051,0.9985645230703571,0.45326676968166196,0.9975795616097992,0.002420438453555107,11440,9599034,13799,9519
raw_probability_tta,0.3,3,0.4956438819295879,0.32947244071791587,0.5455890071088575,0.9985698284782426,0.45407616249038874,0.9975843364689616,0.0024156635627150536,11435,9599085,13748,9524
raw_probability_tta,0.3,5,0.4966014462853707,0.3303192257690798,0.545541294908848,0.9985793990179577,0.4557194101233735,0.9975937823860003,0.002406217623502016,11434,9599177,13656,9525
raw_probability_tta,0.3,10,0.4963105270050875,0.3300618484856326,0.5423445775082101,0.9985977078765428,0.4574797762303467,0.9976050967261895,0.0023949032183736563,11367,9599353,13480,9592
raw_probability_tta,0.3,15,0.4971967548313662,0.33084620786507174,0.539481845507639,0.998625067136815,0.46105855488482256,0.9976261683872758,0.0023738315794616938,11307,9599616,13217,9652
raw_probability_tta,0.3,20,0.49874692275266724,0.3322204166050134,0.5364759769070392,0.9986595002742679,0.4659759635306813,0.9976539871319612,0.0023460129741579294,11244,9599947,12886,9715
raw_probability_tta,0.3,30,0.4982889048990233,0.3318140929534238,0.5279832053053447,0.9987109939390386,0.4717568316491999,0.9976868921396674,0.0023131079506129026,11066,9600442,12391,9893
raw_probability_tta,0.3,50,0.4882640127686395,0.3229823308386414,0.49625459229901414,0.9988303136026592,0.4805266805264585,0.9977369243595866,0.0022630756720900536,10401,9601589,11244,10558
raw_probability_tta,0.3,75,0.4728448592634985,0.3096246390759353,0.4604704422918744,0.9989377741192416,0.4859027288286749,0.997766300123564,0.002233699895441532,9651,9602622,10211,11308
raw_probability_tta,0.3,100,0.4664350958444703,0.3041508674204543,0.43246338088628633,0.9990801879113047,0.506199039427842,0.9978474727293252,0.002152527216821909,9064,9603991,8842,11895
raw_probability_tta,0.3,150,0.429282983898868,0.2733038348081588,0.35364282647055983,0.9993590859219119,0.5460841376257672,0.9979542842527627,0.002045715693384409,7412,9606672,6161,13547
raw_probability_tta,0.3,200,0.3863530435321796,0.2394284834012788,0.2966267474591838,0.9994791337787716,0.5539023521021437,0.9979500284000309,0.002049971604719758,6217,9607826,5007,14742
raw_probability_tta,0.31,0,0.4971015124437744,0.33076186885521575,0.5441576411085719,0.9985933387171078,0.45753600513481063,0.997604681521045,0.0023953185882419348,11405,9599311,13522,9554
raw_probability_tta,0.31,3,0.49750201802026806,0.33111659648603714,0.5440145045085433,0.9985981239869652,0.458316584934296,0.997609144976349,0.0023908549919724464,11402,9599357,13476,9557
raw_probability_tta,0.31,5,0.4981539335414987,0.33169440242047843,0.5439667923085338,0.9986046777261178,0.4594583702746597,0.9976155806560896,0.00238441932015121,11401,9599420,13413,9558
raw_probability_tta,0.31,10,0.4977713369781311,0.3313552385405954,0.5408177871079055,0.9986217382534359,0.461072242108501,0.9976257531821313,0.0023742467164993286,11335,9599584,13249,9624
raw_probability_tta,0.31,15,0.49866212600329524,0.3321451717432593,0.5379550551073343,0.9986489934861025,0.4647184898192792,0.9976467210419314,0.0023532789200544357,11275,9599846,12987,9684
raw_probability_tta,0.31,20,0.5003903723035311,0.33368042126548253,0.5351400353067727,0.9986836346787664,0.46987850858798913,0.9976751625943336,0.0023248374927788973,11216,9600179,12654,9743
raw_probability_tta,0.31,30,0.49912858468561166,0.33255919167536346,0.5260747173049639,0.9987312793221302,0.47480837137177034,0.997702981339019,0.0022970186546444893,11026,9600637,12196,9933
raw_probability_tta,0.31,50,0.48916116870865006,0.3237679351215459,0.4952526360988142,0.9988451895502596,0.48321772729366264,0.9977495881164956,0.002250411780551076,10380,9601732,11101,10579
raw_probability_tta,0.31,75,0.4737346672892816,0.31038814623923,0.4597547592917316,0.9989507775699412,0.48859142074815504,0.9977777182650395,0.0022222816478461027,9636,9602747,10086,11323
raw_probability_tta,0.31,100,0.4665678395879258,0.3042637631015555,0.4279784340853915,0.9991134767450959,0.5128058541044404,0.9978709318199926,0.0021290681324899197,8970,9604311,8522,11989
raw_probability_tta,0.31,150,0.4254079254078015,0.2701702442634085,0.3482990600694936,0.9993694886824718,0.5463662899479482,0.997953038637329,0.002046961337327957,7300,9606772,6061,13659
raw_probability_tta,0.31,200,0.3830160320640083,0.2368706429123792,0.2918078152582223,0.9994943218091888,0.5571649813240802,0.9979546994579072,0.002045300556346774,6116,9607972,4861,14843
raw_probability_tta,0.32,0,0.4983984906321578,0.3319112877303767,0.541962879908134,0.9986201778393519,0.46131665515962256,0.9976266873937065,0.0023733125999569893,11359,9599569,13264,9600
raw_probability_tta,0.32,3,0.498824976389603,0.3322896854424778,0.5418197433081055,0.9986251711644206,0.4621520429755567,0.9976313584515828,0.0023686415515840054,11356,9599617,13216,9603
raw_probability_tta,0.32,5,0.4993513489741421,0.3327570038681477,0.5417720311080959,0.9986304765723061,0.4630913539965485,0.9976365485158898,0.002363451523706317,11355,9599668,13165,9604
raw_probability_tta,0.32,10,0.49888434772992407,0.33234237946655315,0.5387184503074867,0.9986460807131458,0.4645355056362772,0.9976454754264977,0.002354524563997984,11291,9599818,13015,9668
raw_probability_tta,0.32,15,0.4993213928133276,0.3327303997152376,0.5353785963068203,0.9986720876145452,0.4678145584922589,0.9976641596580028,0.002335840370506048,11221,9600068,12765,9738
raw_probability_tta,0.32,20,0.5004041311179838,0.3336926578032299,0.5317047569060872,0.9987062086691811,0.4725838598869969,0.9976902137808239,0.002309786155819893,11144,9600396,12437,9815
raw_probability_tta,0.32,30,0.5013338197404179,0.33452000608539956,0.5245479269046593,0.9987614473277535,0.4800873362443318,0.997729762070843,0.002270238008350134,10994,9600927,11906,9965
raw_probability_tta,0.32,50,0.49143047049316546,0.32575924468911854,0.49386898229853815,0.998874837417855,0.4890159210088869,0.9977761612457473,0.00222383881919086,10351,9602017,10816,10608
raw_probability_tta,0.32,75,0.4741957765935282,0.31078415521412744,0.4585619542914936,0.9989632608826129,0.490933237983097,0.9977875793872226,0.0022124205715954304,9611,9602867,9966,11348
raw_probability_tta,0.32,100,0.4680650729715782,0.3055384825512854,0.42692876568518207,0.9991337621281875,0.517973950795648,0.9978888894424948,0.0021111106034368277,8948,9604506,8327,12011
raw_probability_tta,0.32,150,0.4220866811329476,0.26749674781629157,0.3433847034685131,0.9993814518571155,0.5475918740009529,0.9979542842527627,0.002045715693384409,7197,9606887,5946,13762
raw_probability_tta,0.32,200,0.3790915690791392,0.23387599314525864,0.28651176105716564,0.9995093017843949,0.5600634210030218,0.9979581249003499,0.0020418751519173384,6005,9608116,4717,14954
raw_probability_tta,0.33,0,0.5000882924243997,0.33341182010821363,0.5404838017078388,0.9986458726579345,0.46531115218711633,0.9976491084715127,0.002350891474634409,11328,9599816,13017,9631
raw_probability_tta,0.33,3,0.5005081974456449,0.3337852174937128,0.5403883773078199,0.9986504498725808,0.46610971644904475,0.9976534681255305,0.002346531953662634,11326,9599860,12973,9633
raw_probability_tta,0.33,5,0.5007300561920931,0.33398258816575654,0.5399589675077342,0.9986553391700439,0.46681516313968285,0.9976574125744038,0.00234258733689785,11317,9599907,12926,9642
raw_probability_tta,0.33,10,0.5001111753456442,0.333432163187757,0.5365714013070583,0.9986716715041227,0.4682906516758408,0.9976663394850118,0.0023336606100201607,11246,9600064,12769,9713
raw_probability_tta,0.33,15,0.5010415966667785,0.3342598404015858,0.533613244906468,0.9986996549300285,0.4722175308222968,0.9976878263512426,0.0023121736012399197,11184,9600333,12500,9775
raw_probability_tta,0.33,20,0.5020992280257095,0.33520192887271394,0.5306550885058778,0.9987286786319902,0.47645975238809213,0.9977103512303349,0.0022896488662809134,11122,9600612,12221,9837
raw_probability_tta,0.33,30,0.5024497458673698,0.3355144473321096,0.5235459707044594,0.9987780917446492,0.4829878075617399,0.9977441904496164,0.0022558094933629036,10973,9601087,11746,9986
raw_probability_tta,0.33,50,0.4922365063084666,0.326467982789064,0.4923421918982335,0.9988922100279898,0.4921308660814135,0.9977901744193761,0.002209825674071908,10319,9602184,10649,10640
raw_probability_tta,0.33,75,0.4744594326521339,0.311010695360908,0.4564626174910747,0.998980321409931,0.4939336052452403,0.9978000355415594,0.002199964364990592,9567,9603031,9802,11392
raw_probability_tta,0.33,100,0.4687105595286946,0.3060888079946749,0.42525883868484887,0.9991511347383223,0.5220523633804709,0.9979025912122652,0.002097408752888441,8913,9604673,8160,12046
raw_probability_tta,0.33,150,0.41820113314435253,0.2643832549808729,0.3380886492674564,0.999392166700492,0.5480702297157181,0.9979534538424735,0.0020465462002903223,7086,9606990,5843,13873
raw_probability_tta,0.33,200,0.37927218691694986,0.23401349927812648,0.286177775657099,0.9995139830266468,0.5621368322393981,0.997962069349223,0.0020379305351525545,5998,9608161,4672,14961
raw_probability_tta,0.34,0,0.5016982262968673,0.3348445787772736,0.5391478601075723,0.9986696949796163,0.46911325141129645,0.9976699725300266,0.0023300275206565857,11300,9600045,12788,9659
raw_probability_tta,0.34,3,0.5020998600092211,0.3352024922117386,0.5390524357075532,0.9986740641390515,0.46988853768072286,0.9976741245814722,0.0023258754517883062,11298,9600087,12746,9661
raw_probability_tta,0.34,5,0.5022688851320175,0.3353531753103026,0.5386707381074771,0.9986781212156698,0.4704754761009832,0.9976773424213425,0.002322657499462366,11290,9600126,12707,9669
raw_probability_tta,0.34,10,0.5017663104233552,0.33490523802407557,0.5353785963068203,0.998694869660171,0.47212521563492565,0.9976868921396674,0.0023131079506129026,11221,9600287,12546,9738
raw_probability_tta,0.34,15,0.5026234602651604,0.33566938370369187,0.5324681521062395,0.9987217087824152,0.4759467758442187,0.9977073409930369,0.0022926589008420706,11160,9600545,12288,9799
raw_probability_tta,0.34,20,0.5028594771240689,0.335879945429639,0.5286034639054684,0.9987489640150818,0.47950660030275716,0.9977261290258281,0.0022738708648830652,11079,9600807,12026,9880
raw_probability_tta,0.34,30,0.5034714239734003,0.33642620130258805,0.5224485901042404,0.998794424078728,0.48582457074382807,0.9977580998219591,0.0022419001907110214,10950,9601244,11589,10009
raw_probability_tta,0.34,50,0.4913772397558507,0.32571246616770394,0.48804809389737674,0.9989133276319261,0.4947521160819856,0.9978019039647099,0.0021980961319059134,10229,9602387,10446,10730
raw_probability_tta,0.34,75,0.477950924235104,0.3140180772390094,0.455842358890951,0.9990152746854117,0.5023133543635634,0.9978335633569825,0.0021664367523044348,9554,9603367,9466,11405
raw_probability_tta,0.34,100,0.4692855259687664,0.3065794006199426,0.4246385800847251,0.9991603931952204,0.5244240174412088,0.9979104801100118,0.0020895199850201607,8900,9604762,8071,12059
raw_probability_tta,0.34,150,0.4132300109852994,0.26042212409241056,0.3320291998662474,0.9994004889089398,0.5470051878631135,0.997948575182025,0.0020514249335974455,6959,9607070,5763,14000
raw_probability_tta,0.34,200,0.3794118578074833,0.23411985311343303,0.2859392146570514,0.9995174159376315,0.5636756960115089,0.997964975785235,0.0020350241102278233,5993,9608194,4639,14966
raw_probability_tta,0.35,0,0.5029900035700413,0.33599642271565483,0.5377642063072963,0.9986907085559471,0.4724399547300698,0.9976879301525288,0.00231206975877285,11271,9600247,12586,9688
raw_probability_tta,0.35,3,0.5033837357334771,0.3363478987582568,0.5376687819072772,0.9986949736877766,0.4732090367009015,0.9976919784026882,0.00230802153237164,11269,9600288,12545,9690
raw_probability_tta,0.35,5,0.5035665570983423,0.33651116224848737,0.5372393721071915,0.9986994468748173,0.47386583620887385,0.997695507646417,0.002304492285475135,11260,9600331,12502,9699
raw_probability_tta,0.35,10,0.5029536623165466,0.3359639909976487,0.5341857913065823,0.9987135946291786,0.4751718869363911,0.997702981339019,0.0022970186546444893,11196,9600467,12366,9763
raw_probability_tta,0.35,15,0.5039484104535572,0.33685229438266834,0.5313230593060111,0.9987412659722675,0.4792563263898781,0.9977243644039637,0.002275635488331318,11136,9600733,12100,9823
raw_probability_tta,0.35,20,0.504080237063938,0.33697010331260874,0.527553795505259,0.9987668567632446,0.4826066081792664,0.997741699218749,0.00225830078125,11057,9600979,11854,9902
raw_probability_tta,0.35,30,0.5038122083081873,0.33673059699177343,0.520206116703793,0.998812004744074,0.48842001523070894,0.9977707635788681,0.0022292365320026875,10903,9601413,11420,10056
raw_probability_tta,0.35,50,0.4928061903033508,0.32696935664998333,0.4861873180970055,0.9989382942572695,0.49960776622842734,0.997822768023224,0.0021772319450974464,10190,9602627,10206,10769
raw_probability_tta,0.35,75,0.4786033211256513,0.31458154718712833,0.45517438809081767,0.999025573418366,0.5045750251227035,0.9978423864663043,0.0021576136350631714,9540,9603466,9367,11419
raw_probability_tta,0.35,100,0.4710091159634114,0.3080522721757052,0.42401832148460133,0.9991792221918336,0.5297132979671397,0.9979279187260832,0.0020720812026411295,8887,9604943,7890,12072
raw_probability_tta,0.35,150,0.41344437834609954,0.26059242594665893,0.33159979006616175,0.9994058983444309,0.5489297843767877,0.997953038637329,0.002046961337327957,6950,9607122,5711,14009
raw_probability_tta,0.35,200,0.3794819769836796,0.23417325299310032,0.28555751705697524,0.9995215770418555,0.5654761904756561,0.9979682974263915,0.002031702548265457,5985,9608234,4599,14974
raw_probability_tta,0.36,0,0.5038931897227636,0.33680295167521473,0.5357125817068868,0.9987123462979114,0.47564178598641205,0.9977050573647418,0.0022949427366256714,11228,9600455,12378,9731
raw_probability_tta,0.36,3,0.5042447109552837,0.3371171171170159,0.5356171573068679,0.9987161953193185,0.4763440403952661,0.9977086904097567,0.0022913096472620964,11226,9600492,12341,9733
raw_probability_tta,0.36,5,0.5044291559871162,0.3372820204448776,0.5352354597067916,0.9987203564235424,0.4769760619071912,0.9977120120509132,0.0022879878524690866,11218,9600532,12301,9741
raw_probability_tta,0.36,10,0.5041113219480202,0.3369978858349934,0.5323727277062206,0.9987359605643821,0.4786992148953285,0.9977213541666657,0.0022786457557231188,11158,9600682,12151,9801
raw_probability_tta,0.36,15,0.5052114150469926,0.3379818525058346,0.5296054201056684,0.9987638399626823,0.48296567027782145,0.997743152436755,0.0022568474523723125,11100,9600950,11883,9859
raw_probability_tta,0.36,20,0.5044004400438888,0.33725634424410406,0.5250250489047545,0.9987861018702802,0.48533497993186375,0.9977554009885194,0.0022445989307016134,11004,9601164,11669,9955
raw_probability_tta,0.36,30,0.5044083526680965,0.3372634191745773,0.5186316141034788,0.998827504857308,0.49094440178831533,0.9977828045280602,0.002217195462435484,10870,9601562,11271,10089
raw_probability_tta,0.36,50,0.49325373713830006,0.3273635045900057,0.48489908869674847,0.9989507775699412,0.5019013284604168,0.9978324215428349,0.0021675785537809134,10163,9602747,10086,10796
raw_probability_tta,0.36,75,0.4788987593425576,0.31483687380043845,0.4539815830905797,0.999036392289348,0.5067099797632832,0.9978505867679093,0.002149413339793682,9515,9603570,9263,11444
raw_probability_tta,0.36,100,0.4710352891155211,0.3080746637004039,0.4228732286843729,0.9991875444002815,0.5315780003595444,0.997933731598107,0.002066268352791667,8863,9605023,7810,12096
raw_probability_tta,0.36,150,0.4133532041727531,0.2605199879770587,0.3308363948660094,0.9994115158351332,0.5507108251921604,0.9979569830862023,0.002043016953393817,6934,9607176,5657,14025
raw_probability_tta,0.36,200,0.37944940145417094,0.2341484442353499,0.28508039505688004,0.9995257381460794,0.5672109360161693,0.9979714114649757,0.0020285884384065866,5975,9608274,4559,14984
raw_probability_tta,0.37,0,0.5052816901407311,0.3380447585393561,0.5340426547065537,0.9987358565367764,0.47946026986486207,0.9977248834103944,0.0022751165088266134,11193,9600681,12152,9766
raw_probability_tta,0.37,3,0.5056131553385952,0.3383415459958468,0.5339949425065442,0.9987391854201556,0.48009608785154423,0.9977281012502648,0.002271898789331317,11192,9600713,12120,9767
raw_probability_tta,0.37,5,0.5058017235528476,0.3385104450498521,0.5334701083064395,0.9987442827728299,0.4808618613450538,0.9977320456991381,0.0022679544053971767,11181,9600762,12071,9778
raw_probability_tta,0.37,10,0.505405650949281,0.33815573521356207,0.5308459373059159,0.9987575983063464,0.4822922536735522,0.9977396231930262,0.002260376699268818,11126,9600890,11943,9833
raw_probability_tta,0.37,15,0.5068326962253058,0.33943463330870144,0.5282217663053923,0.9987873502015473,0.4871084125305847,0.9977636012901244,0.002236398635432124,11071,9601176,11657,9888
raw_probability_tta,0.37,20,0.5060629812346107,0.3387445219429854,0.5236891073044879,0.9988096121091452,0.48958472724006885,0.9977759536431751,0.0022240462712943554,10976,9601390,11443,9983
raw_probability_tta,0.37,30,0.5055949272658277,0.3383252215149325,0.5173910969032314,0.9988460217711044,0.49432465697201333,0.9977985823235535,0.0022014176938682795,10844,9601740,11093,10115
raw_probability_tta,0.37,50,0.4945864221614089,0.3285385686978558,0.483849420296539,0.9989692944837376,0.5058107636288564,0.9978486145434726,0.0021513854153454304,10141,9602925,9908,10818
raw_probability_tta,0.37,75,0.4789254519600653,0.31485994725058764,0.44997375828978003,0.9990643757152539,0.5118588873809976,0.9978697900058451,0.0021302099339663982,9431,9603839,8994,11528
raw_probability_tta,0.37,100,0.4687516735392094,0.30612387647315564,0.4176248866833257,0.9992058532588667,0.5341429181665136,0.9979405824829922,0.0020594175439327955,8753,9605199,7634,12206
raw_probability_tta,0.37,150,0.4133894711695144,0.26054880114417867,0.3302638484658952,0.9994166131878075,0.5524341580203093,0.9979608237337895,0.0020391761790961027,6922,9607225,5608,14037
raw_probability_tta,0.37,200,0.37959547131396143,0.2342596953994998,0.2847464096568134,0.9995301073055145,0.5691940867901104,0.9979750445099905,0.0020249555818736553,5968,9608316,4517,14991
raw_probability_tta,0.38,0,0.5066690862896954,0.33928788431147794,0.5328498497063158,0.9987561419198681,0.4829405405403317,0.9977425296290382,0.0022574702743440866,11168,9600876,11957,9791
raw_probability_tta,0.38,3,0.5069341988786102,0.33952569169950153,0.5328021375063062,0.9987588466376136,0.4834617715817458,0.9977451246611916,0.0022548753768205643,11167,9600902,11931,9792
raw_probability_tta,0.38,5,0.5071709434733034,0.3397381242386298,0.532325015506211,0.9987640480178934,0.48428683045382226,0.9977492767126372,0.002250723307952285,11157,9600952,11881,9802
raw_probability_tta,0.38,10,0.5068243027341702,0.33942710403217896,0.529748556705697,0.9987774675790155,0.48580179391796724,0.9977570618090976,0.0022429381497204304,11103,9601081,11752,9856
raw_probability_tta,0.38,15,0.508093442472062,0.3405665320715283,0.5271720979051828,0.9988053469773157,0.4903474903472727,0.9977792752843315,0.0022207247093319893,11049,9601349,11484,9910
raw_probability_tta,0.38,20,0.5074931091190079,0.34002731392378793,0.522687151104288,0.9988287531885752,0.49315746826303536,0.9977928732528157,0.0022071267012506723,10955,9601574,11259,10004
raw_probability_tta,0.38,30,0.5072046109508899,0.3397683397682331,0.516436852903041,0.9988663071541959,0.49829665776609045,0.9978167475486278,0.002183252479881048,10824,9601935,10898,10135
raw_probability_tta,0.38,50,0.4956298200512926,0.32946001367043276,0.48294288849635814,0.9989842744589437,0.5090013074522232,0.9978615897042401,0.0021384102292358875,10122,9603069,9764,10837
raw_probability_tta,0.38,75,0.4805042359904868,0.3162261109057481,0.44921036308962775,0.9990831006842614,0.5164847221457477,0.997886813416772,0.0021131865214556456,9415,9604019,8814,11544
raw_probability_tta,0.38,100,0.4704805984606667,0.30760028149179885,0.41710005248322096,0.999223850034635,0.5395297167187931,0.9979573982913468,0.002042601816356182,8742,9605372,7461,12217
raw_probability_tta,0.38,150,0.4154525518938943,0.2621900356410623,0.32992986306582855,0.9994366905156878,0.5608272506078176,0.9979801307730114,0.002019869163632393,6915,9607418,5415,14044
raw_probability_tta,0.38,200,0.3763258243341634,0.23177422537981773,0.28016603845589955,0.9995447751979037,0.5729898516778171,0.9979797155678668,0.0020202845335006714,5872,9608457,4376,15087
raw_probability_tta,0.39,0,0.5076709143546384,0.34018697299268597,0.5312753471060015,0.998775282999298,0.4860747337172664,0.9977582036232452,0.002241796348243952,11135,9601060,11773,9824
raw_probability_tta,0.39,3,0.5078351314977971,0.3403344645203643,0.531132210505973,0.9987776756342267,0.4864959356697463,0.997760279648968,0.002239720430225134,11132,9601083,11750,9827
raw_probability_tta,0.39,5,0.5082461510346502,0.34070376381945283,0.5307982251059064,0.9987835011801403,0.4875323195580492,0.9977653659119888,0.0022346340119838715,11125,9601139,11694,9834
raw_probability_tta,0.39,10,0.5081805456755529,0.3406448040360731,0.5283171907054114,0.998798793238163,0.4895225464188817,0.9977752270341721,0.002224772935733199,11073,9601286,11547,9886
raw_probability_tta,0.39,15,0.5085591517082476,0.3409851301114185,0.5251681855047831,0.9988223034770282,0.4929684700821869,0.9977918352399544,0.0022081646602600813,11007,9601512,11321,9952
raw_probability_tta,0.39,20,0.5082108499684358,0.34067203797378653,0.5204923899038502,0.9988491425992723,0.49649553977767313,0.9978084434457367,0.002191556617617607,10909,9601770,11063,10050
raw_probability_tta,0.39,30,0.5085001177300428,0.3409320535487683,0.5151963357027934,0.9988855522612315,0.5019757333454967,0.997833251953124,0.002166748046875,10798,9602120,10713,10161
raw_probability_tta,0.39,50,0.4966687154270445,0.33037875318887605,0.4819409322961582,0.9989997745721777,0.5123250152158083,0.997874876268866,0.0021251237485557795,10101,9603218,9615,10858
raw_probability_tta,0.39,75,0.48196662479801033,0.31749408983440813,0.44854239228949444,0.9991000571839739,0.5207733215153331,0.9979022798084067,0.00209772028028965,9401,9604182,8651,11558
raw_probability_tta,0.39,100,0.46677121072825756,0.30443676377219986,0.41185171048217384,0.9992307158566045,0.5385911274720543,0.9979528310347567,0.0020471690222620964,8632,9605438,7395,12327
raw_probability_tta,0.39,150,0.41560864071231257,0.2623143822869385,0.3295481654657524,0.9994411637027285,0.5625050899905835,0.9979837638180262,0.002016236074268818,6907,9607461,5372,14052
raw_probability_tta,0.39,200,0.37874483471062154,0.23361210673029326,0.2798797652558424,0.9995681814091633,0.5856044723963406,0.9980024480495313,0.001997551880776882,5866,9608682,4151,15093
raw_probability_tta,0.4,0,0.5088109260064372,0.34121154378082147,0.5297008445056874,0.9987955683823895,0.4895061728392903,0.9977750194315999,0.0022249806206673384,11102,9601255,11578,9857
raw_probability_tta,0.4,3,0.5090925768797421,0.34146491524891825,0.5296054201056684,0.9987986892105575,0.49010950194256,0.9977779258676117,0.002222074195742607,11100,9601285,11548,9859
raw_probability_tta,0.4,5,0.5093780848962306,0.3417218543045305,0.5293191469056112,0.9988030583699926,0.49088495575199514,0.9977816627139128,0.0022183372639119625,11094,9601327,11506,9865
raw_probability_tta,0.4,10,0.5095497324228387,0.34187637354123196,0.5269812491051448,0.998819494731677,0.4932344929216749,0.997792977054102,0.0022070228587836027,11045,9601485,11348,9914
raw_probability_tta,0.4,15,0.5094287041336486,0.34176741867121346,0.5233074097044118,0.9988418606668805,0.4962671372333848,0.9978073016315891,0.0021926984190940857,10968,9601700,11133,9991
raw_probability_tta,0.4,20,0.5094525035094737,0.34178884249510505,0.5194427215036407,0.9988667232646183,0.4998393094896929,0.9978237022347992,0.002176297828555107,10887,9601939,10894,10072
raw_probability_tta,0.4,30,0.509631103845213,0.3419496375428138,0.5131447111023841,0.998908438334463,0.5061652861443401,0.9978516247807707,0.0021483751479536295,10755,9602340,10493,10204
raw_probability_tta,0.4,50,0.4962094085688366,0.3299724119809741,0.47936447349564415,0.999012882050483,0.5142813267810635,0.997882349961468,0.002117650117725134,10047,9603344,9489,10912
raw_probability_tta,0.4,75,0.48350289761739,0.3188287645639054,0.44782670928935164,0.999117845904531,0.5253554237095458,0.9979184728090446,0.002081527141854167,9386,9604353,8480,11573
raw_probability_tta,0.4,100,0.4685096088503443,0.3059174328208775,0.4111837396820405,0.9992497529084289,0.5444093493363585,0.9979703734521143,0.0020296266302466393,8618,9605621,7212,12341
raw_probability_tta,0.4,150,0.41569714871287733,0.2623849022143435,0.32902333126564764,0.9994462610554028,0.5643669694733084,0.9979877082668995,0.0020122916903346777,6896,9607510,5323,14063
raw_probability_tta,0.4,200,0.37869822485194854,0.23357664233567324,0.2794026432557472,0.9995722384857815,0.5874799357939531,0.9980054582868294,0.0019945416133850813,5856,9608721,4112,15103
raw_probability_tta,0.41,0,0.510139183334752,0.3424072756518259,0.5281263419053732,0.998817414179565,0.49333689887217835,0.9977933922592465,0.002206607721745968,11069,9601465,11368,9890
raw_probability_tta,0.41,3,0.5104224312856229,0.3426625386995843,0.5280786297053638,0.9988202229249161,0.4939086973981463,0.9977960910926861,0.002203908981755376,11068,9601492,11341,9891
raw_probability_tta,0.41,5,0.5101913621568038,0.3424542919118864,0.5272675223052019,0.9988233437530841,0.49418656649651455,0.9977974405094059,0.002202559495344758,11051,9601522,11311,9908
raw_probability_tta,0.41,10,0.5112296983757515,0.34339058068125067,0.5256453075048783,0.9988427969153308,0.4975836683074398,0.9978133221061852,0.002186677884310484,11017,9601709,11124,9942
raw_probability_tta,0.41,15,0.5104854323635937,0.34271932846796044,0.5220668925041643,0.9988590252218041,0.4994066636236881,0.9978217300103626,0.0021782699041068554,10942,9601865,10968,10017
raw_probability_tta,0.41,20,0.5107193229900069,0.34293020172353983,0.5182976287034122,0.9988850321232035,0.5033594365411689,0.9978394800302924,0.0021605200599879026,10863,9602115,10718,10096
raw_probability_tta,0.41,30,0.5101749034931826,0.3424394613095095,0.5107591011019081,0.9989283076071321,0.5095920407480794,0.9978662607621164,0.0021337391808629036,10705,9602531,10302,10254
raw_probability_tta,0.41,50,0.49910438849624367,0.33253770926559506,0.47860107829549187,0.9990423218628671,0.5214430524507347,0.9979100649048672,0.0020899351220577955,10031,9603627,9206,10928
raw_probability_tta,0.41,75,0.48787342562701996,0.32264060026147084,0.4472541628892374,0.9991578965326862,0.5366077050772587,0.9979571906887745,0.0020428092684596777,9374,9604738,8095,11585
raw_probability_tta,0.41,100,0.47078126281810534,0.30785737276910413,0.41070661768194533,0.9992715987056043,0.551441383728026,0.9979911337093421,0.002008866285905242,8608,9605831,7002,12351
raw_probability_tta,0.41,150,0.41812058136346814,0.2643188706025763,0.32873705806559056,0.9994686269906062,0.5742623770623652,0.9980094027357027,0.001990597229450941,6890,9607725,5108,14069
raw_probability_tta,0.41,200,0.3770093825863208,0.23229301423017776,0.27415430125470003,0.9996070877336567,0.6033812874087962,0.9980288135762108,0.0019711863715201616,5746,9609056,3777,15213
raw_probability_tta,0.42,0,0.5111569386193408,0.3433249291871811,0.526265566105002,0.9988382197006845,0.49689161185670017,0.9978101042663149,0.002189895836636424,11030,9601665,11168,9929
raw_probability_tta,0.42,3,0.5113496719143705,0.3434988474237295,0.5261224295049735,0.9988408203908246,0.4973838520520986,0.99781238789461,0.0021876120008528233,11027,9601690,11143,9932
raw_probability_tta,0.42,5,0.5112694691394092,0.34342646875379085,0.5254544587048402,0.9988443573294148,0.4978302142661161,0.9978144639203328,0.0021855360828340054,11013,9601724,11109,9946
raw_probability_tta,0.42,10,0.5117852975494722,0.343892112278393,0.5231642731043832,0.9988633943812392,0.500890777031428,0.9978284770939616,0.0021715229377150536,10965,9601907,10926,9994
raw_probability_tta,0.42,15,0.5121956945323586,0.34426281242099716,0.5204923899038502,0.998883887819542,0.5041593492926776,0.9978431130753073,0.0021568869706243277,10909,9602104,10729,10050
raw_probability_tta,0.42,20,0.5109865417818513,0.3431712043713368,0.5153871845028315,0.9989058376443231,0.5066604127577361,0.9978539084090657,0.0021460915450006723,10802,9602315,10518,10157
raw_probability_tta,0.42,30,0.5114525810322902,0.34359172876533317,0.5081826423013941,0.9989555628397987,0.5147648736162994,0.9978878514296334,0.0021121485624462366,10651,9602793,10040,10308
raw_probability_tta,0.42,50,0.5001874390821733,0.33349996667322085,0.47745598549526336,0.9990588622521571,0.5251915608268473,0.997924078078496,0.0020759219769388437,10007,9603786,9047,10952
raw_probability_tta,0.42,75,0.48922932134254704,0.3238276518427673,0.4464430554890756,0.9991744369219762,0.5410859885499676,0.9979719304714063,0.002028069458901882,9357,9604897,7936,11602
raw_probability_tta,0.42,100,0.4683634764442669,0.30579283612077174,0.40650794408110763,0.9992818974385586,0.5524217078385836,0.9979922755234897,0.0020077244844287634,8520,9605930,6903,12439
raw_probability_tta,0.42,150,0.42013676883611545,0.2659323671496557,0.32830764826550485,0.999488600290881,0.5832838857331666,0.9980283983710662,0.00197160174138844,6881,9607917,4916,14078
raw_probability_tta,0.42,200,0.37716763005767956,0.2324131789847679,0.27396345245466197,0.9996102085618247,0.6051217198855462,0.9980315124096504,0.0019684876315295696,5742,9609086,3747,15217
raw_probability_tta,0.43,0,0.5122854414606255,0.344343905569885,0.5247387757046974,0.9988577768905369,0.5004095004092727,0.9978262972669527,0.002173702698200941,10998,9601853,10980,9961
raw_probability_tta,0.43,3,0.5124225050108348,0.3444677717543495,0.5245002147046498,0.9988604816082824,0.5008885041233422,0.9978284770939616,0.0021715229377150536,10993,9601879,10954,9966
raw_probability_tta,0.43,5,0.5125513251211944,0.34458420904032605,0.5241185171045736,0.9988640185468728,0.5014836795249936,0.9978311759274012,0.002168823964893818,10985,9601913,10920,9974
raw_probability_tta,0.43,10,0.5128794632382788,0.3448808960402761,0.5215420583040595,0.9988831596263027,0.5044999307700629,0.9978446700945994,0.0021553297992795706,10931,9602097,10736,10028
raw_probability_tta,0.43,15,0.5130588651644419,0.34504315816186054,0.5187747507035074,0.9989021966781271,0.5074675627739627,0.9978576452553668,0.0021423548460006714,10873,9602280,10553,10086
raw_probability_tta,0.43,20,0.5117075142034109,0.34382187579851015,0.5135264087024602,0.9989238344200915,0.5099014591621613,0.9978678177814084,0.00213218224234879,10763,9602488,10345,10196
raw_probability_tta,0.43,30,0.5127327095590546,0.34474819210677277,0.5072283983012037,0.9989724153119055,0.5183577941389057,0.9979025912122652,0.002097408752888441,10631,9602955,9878,10328
raw_probability_tta,0.43,50,0.500927643784661,0.3341584158414724,0.47664487809510153,0.9990703052887729,0.5278174037087082,0.997933731598107,0.002066268352791667,9990,9603896,8937,10969
raw_probability_tta,0.43,75,0.49058684521452267,0.32501826531665967,0.4457273724889328,0.999190249118027,0.5454863949547206,0.9979861512476075,0.0020138488616794348,9342,9605049,7784,11617
raw_probability_tta,0.43,100,0.46987352957406814,0.3070814985922518,0.4059353976809934,0.9992981257450317,0.5577187807272647,0.9980072229086938,0.0019927769899368286,8508,9606086,6747,12451
raw_probability_tta,0.43,150,0.4201485466270073,0.2659418046740961,0.32792595066542873,0.9994918251466546,0.5845381867659597,0.9980307858006474,0.0019692142959684134,6873,9607948,4885,14086
raw_probability_tta,0.43,200,0.36822603056958636,0.22565994890708987,0.265518393052977,0.9996148898040765,0.600517966978957,0.99801781063988,0.0019821892492473125,5565,9609131,3702,15394
raw_probability_tta,0.44,0,0.5134736497083995,0.3454184647367167,0.5232119853043927,0.9988777501908117,0.5040912016178615,0.997842905472735,0.0021570944227278233,10966,9602045,10788,9993
raw_probability_tta,0.44,3,0.5136002623994299,0.34553306853277044,0.5229734243043451,0.9988803508809516,0.5045571717913346,0.9978449814984578,0.0021550185047090054,10961,9602070,10763,9998
raw_probability_tta,0.44,5,0.5137068217525705,0.3456295361311626,0.522591726704269,0.9988836797643307,0.5051189817374538,0.9978474727293252,0.002152527216821909,10953,9602102,10731,10006
raw_probability_tta,0.44,10,0.5136307895480348,0.3455607031794296,0.5195858581036692,0.9989019886229159,0.5078106784795953,0.9978592022746589,0.0021407976746559143,10890,9602278,10555,10069
raw_probability_tta,0.44,15,0.5139887520465785,0.3458848328062515,0.5167231261030981,0.9989231062268522,0.5112831649511325,0.9978740458585769,0.002125954255461693,10830,9602481,10352,10129
raw_probability_tta,0.44,20,0.5128964463124492,0.34489625489807124,0.5123336037022223,0.9989415191130431,0.5134605269447169,0.9978828689678987,0.0021171311382204294,10738,9602658,10175,10221
raw_probability_tta,0.44,30,0.5132842044020864,0.345247024294686,0.5051290615007847,0.9989903080600683,0.5217069925587534,0.9979158777768911,0.002084122272208333,10587,9603127,9706,10372
raw_probability_tta,0.44,50,0.5006808210195923,0.33393878237459335,0.4736867216945113,0.9990875738713021,0.5309374832875924,0.9979445269318655,0.0020554731599986553,9928,9604062,8771,11031
raw_probability_tta,0.44,75,0.49108764908757246,0.32545803524678923,0.44496397728878045,0.9991994035473196,0.547879215133035,0.9979936249402095,0.0020063749980181456,9326,9605137,7696,11633
raw_probability_tta,0.44,100,0.4704156749874162,0.3075447801699629,0.4055059878809077,0.9993055117050291,0.5600658978579505,0.9980136585884344,0.001986341318115592,8499,9606157,6676,12460
raw_probability_tta,0.44,150,0.4207515837381079,0.2664252054366684,0.3263991602651241,0.9995091977567894,0.5918332035638101,0.9980447989742762,0.001955200918018818,6841,9608115,4718,14118
raw_probability_tta,0.44,200,0.3683513280783042,0.2257540697437479,0.2653275442529389,0.9996178025770333,0.602165674065401,0.9980203018707473,0.00197969819419086,5561,9609159,3674,15398
raw_probability_tta,0.45,0,0.5142305609829529,0.3461038755267148,0.5211126485039739,0.9988975154358752,0.5075278810406564,0.9978580604605114,0.002141939476132393,10922,9602235,10598,10037
raw_probability_tta,0.45,3,0.5142978282375008,0.34616482227214185,0.5208740875039263,0.9988995959879872,0.5078855547799451,0.9978596174798035,0.0021403825376182795,10917,9602255,10578,10042
raw_probability_tta,0.45,5,0.5143921355994922,0.34625027769832545,0.5205401021038596,0.9989025087609439,0.5083876980426335,0.9978617973068123,0.002138202777132392,10910,9602283,10550,10049
raw_probability_tta,0.45,10,0.5139010689482322,0.3458054226474176,0.5172479603032027,0.9989190491502339,0.5105972117555997,0.9978711394225649,0.002128860680386424,10841,9602442,10391,10118
raw_probability_tta,0.45,15,0.5145649582835484,0.34640690695498716,0.5149577747027458,0.9989391264781142,0.5141727406981496,0.9978861906090551,0.0021138093434274197,10793,9602635,10198,10166
raw_probability_tta,0.45,20,0.5142266653848616,0.346100346132583,0.510472827901851,0.9989645092138801,0.5180361206601859,0.9979017608019761,0.0020982392597943544,10699,9602879,9954,10260
raw_probability_tta,0.45,30,0.5136031204289339,0.3455356557107047,0.5026003149002802,0.9990089290014703,0.5250984497280669,0.9979289567389447,0.0020710432436317205,10534,9603306,9527,10425
raw_probability_tta,0.45,50,0.5012401923562386,0.3344366387461718,0.47244620449426383,0.999100265239185,0.5337717643250856,0.9979544918553349,0.0020455082412809134,9902,9604184,8649,11057
raw_probability_tta,0.45,75,0.4913617482867711,0.3256988530741378,0.44305548928839966,0.9992143835225257,0.5514906758519115,0.998004420273968,0.001995579805225134,9286,9605281,7552,11673
raw_probability_tta,0.45,100,0.4716897012927799,0.30863477246196447,0.4038360608805745,0.9993274615298102,0.5669502310934644,0.998031927614795,0.0019680724944919348,8464,9606368,6465,12495
raw_probability_tta,0.45,150,0.42029253841868164,0.26605719643683934,0.324920082064829,0.9995176239928427,0.5949156984357518,0.9980499890385832,0.0019500110065564513,6810,9608196,4637,14149
raw_probability_tta,0.45,200,0.3635147339196697,0.22213138208714298,0.2592680948517299,0.9996354872699849,0.6079659879160797,0.9980247653260513,0.0019752345979213715,5434,9609329,3504,15525
raw_probability_tta,0.46,0,0.5154214241719536,0.34718366044348264,0.5190610239035646,0.9989206095643179,0.5118325099974068,0.9978766408907304,0.0021233591251075268,10879,9602457,10376,10080
raw_probability_tta,0.46,3,0.5154287339430925,0.347190293741907,0.518822462903517,0.9989221699784019,0.5120791146689371,0.9978776789035917,0.002122321166098118,10874,9602472,10361,10085
raw_probability_tta,0.46,5,0.515633154623401,0.34737582305173326,0.5185361897034598,0.9989257069169922,0.5127624439723931,0.9978805853396037,0.0021194147411733866,10868,9602506,10327,10091
raw_probability_tta,0.46,10,0.5152303031747454,0.3470102496544848,0.5152917601028125,0.9989426634167046,0.5151688609041618,0.9978904464617869,0.0021095534320920706,10800,9602669,10164,10159
raw_probability_tta,0.46,15,0.5155544887180712,0.3473044209435829,0.5123813159022318,0.9989636769930353,0.5187672093133091,0.9979050824431326,0.0020949174650013447,10739,9602871,9962,10220
raw_probability_tta,0.46,20,0.5147499758195874,0.346574628809473,0.5078486569013274,0.9989854187626053,0.5218414472714017,0.9979169157897524,0.002083084313198924,10644,9603080,9753,10315
raw_probability_tta,0.46,30,0.513728181996344,0.34564887510709713,0.49992843169974716,0.9990268217496331,0.5283114001913335,0.9979409976881368,0.0020590024068951607,10478,9603478,9355,10481
raw_probability_tta,0.46,50,0.5018045036342953,0.33493926850772376,0.47101483849397824,0.9991142049383351,0.5369010714088558,0.9979652871890934,0.002034712815657258,9872,9604318,8515,11087
raw_probability_tta,0.46,75,0.4926441246107924,0.3268266854922955,0.44176725988814264,0.9992332125191388,0.5567648827416977,0.9980204056720334,0.00197959435172379,9259,9605462,7371,11700
raw_probability_tta,0.46,100,0.4709377277057141,0.30799120234592814,0.4008779044799843,0.9993424415050164,0.5706717380964677,0.9980404393202584,0.0019595606718212366,8402,9606512,6321,12557
raw_probability_tta,0.46,150,0.42019664832093867,0.26598034994313774,0.3242043990646862,0.999522721345517,0.5969428094521682,0.9980535182823119,0.001946481759659946,6795,9608245,4588,14164
raw_probability_tta,0.46,200,0.3632039127666198,0.2218993041341703,0.25864783625160614,0.9996389201809697,0.6096491228063319,0.9980268413517741,0.0019731586799025536,5421,9609362,3471,15538
raw_probability_tta,0.47,0,0.5161782588997077,0.34787080186394087,0.516436852903041,0.9989434956375494,0.5159199237366463,0.9978937681029434,0.0021062318701297045,10824,9602677,10156,10135
raw_probability_tta,0.47,3,0.5162260188984165,0.3479141873853051,0.5161028675029743,0.9989459923000837,0.5163492290799006,0.9978955327248077,0.002104467246681452,10817,9602701,10132,10142
raw_probability_tta,0.47,5,0.5163585996082256,0.3480346392813482,0.5158165943029172,0.9989489050730405,0.5169017451587297,0.9978978163531028,0.0021021836437284946,10811,9602729,10104,10148
raw_probability_tta,0.47,10,0.5163629378855396,0.34803858104597746,0.513049286702365,0.9989662776831753,0.5197196713385598,0.997909130693292,0.002090869238600135,10753,9602896,9937,10206
raw_probability_tta,0.47,15,0.5157624987910948,0.34749324038168306,0.5089460375015463,0.9989869791766892,0.5227640284241496,0.9979208602386257,0.00207913969643414,10667,9603095,9738,10292
raw_probability_tta,0.47,20,0.5150807550105773,0.3468745904860612,0.5051767737007943,0.9990049759524576,0.5253808365997492,0.9979306175595228,0.0020693824626505375,10588,9603268,9565,10371
raw_probability_tta,0.47,30,0.5145152545713159,0.3463618567303672,0.49806765589937585,0.9990450265806127,0.5320862429275028,0.9979551146630518,0.0020448854193091393,10439,9603653,9180,10520
raw_probability_tta,0.47,50,0.503196440443793,0.3361806813133098,0.4694403358936641,0.9991357386526938,0.5421832809827838,0.9979833486128817,0.0020166514441370964,9839,9604525,8308,11120
raw_probability_tta,0.47,75,0.49404395427885167,0.3280600092430132,0.44028818168784756,0.9992541220678639,0.562751555067348,0.9980380518906772,0.0019619481172412634,9228,9605663,7170,11731
raw_probability_tta,0.47,100,0.4725098028151789,0.3093373716479614,0.39958967507972726,0.9993638711917695,0.577984817114853,0.9980590197504774,0.0019409802043810487,8375,9606718,6115,12584
raw_probability_tta,0.47,150,0.4221183800621738,0.2675222112535962,0.3232501550644958,0.9995458154739597,0.6081141728744205,0.9980744861421121,0.0019255138467997313,6775,9608467,4366,14184
raw_probability_tta,0.47,200,0.3567231714728315,0.2170803879663747,0.2520158404502829,0.9996491148863181,0.6102830733672902,0.9980225854990424,0.0019774145912379026,5282,9609460,3373,15677
raw_probability_tta,0.48,0,0.5171942118018485,0.34879430328520833,0.514146667302584,0.9989663817107809,0.5202780996521242,0.9979116219241593,0.002088378183543682,10776,9602897,9936,10183
raw_probability_tta,0.48,3,0.517196656739236,0.3487965272602453,0.5137172575024983,0.9989690864285264,0.5207235092128835,0.9979133865460237,0.0020866135600954294,10767,9602923,9910,10192
raw_probability_tta,0.48,5,0.5173325640654557,0.34892016343461024,0.5133832721024317,0.9989723112843,0.5213430883276703,0.9979158777768911,0.002084122272208333,10760,9602954,9879,10199
raw_probability_tta,0.48,10,0.5171872357899082,0.34878795777389915,0.5107591011019081,0.9989874993147172,0.5237792347585264,0.9979253236939297,0.0020746763329952955,10705,9603100,9733,10254
raw_probability_tta,0.48,15,0.5169681057952847,0.3485886634100421,0.5073238227012227,0.9990071605321751,0.5269861723742246,0.997937468444408,0.002062531653791666,10633,9603289,9544,10326
raw_probability_tta,0.48,20,0.5162505196741297,0.3479364451475646,0.5036022711004802,0.99902453314231,0.529550471603186,0.9979467067588744,0.002053293166682124,10555,9603456,9377,10404
raw_probability_tta,0.48,30,0.5153352971754053,0.347105508870099,0.49663628989909026,0.9990607347490579,0.5354974791642476,0.9979676746186746,0.0020323253702372313,10409,9603804,9029,10550
raw_probability_tta,0.48,50,0.5042124730297688,0.33708829893177966,0.4682952430934356,0.9991513427935335,0.5460969231622177,0.9979964275749352,0.002003572415560484,9815,9604675,8158,11144
raw_probability_tta,0.48,75,0.49433739466467336,0.32831883644648213,0.4394293620876762,0.9992621321934949,0.5649267006069036,0.9980441761665594,0.001955823739990592,9210,9605740,7093,11749
raw_probability_tta,0.48,100,0.4710297378744326,0.3080699144662298,0.395247864878861,0.9993830122711994,0.5827646851912889,0.9980686732700883,0.0019313266966491938,8284,9606902,5931,12675
raw_probability_tta,0.48,150,0.41581240791234336,0.2624767483277546,0.3164273104631345,0.9995518490750844,0.606215722120104,0.9980656630327903,0.0019343369640409946,6632,9608525,4308,14327
raw_probability_tta,0.48,200,0.3475034886490087,0.21028999835219545,0.24357078104859795,0.9996549404322317,0.6061505580614982,0.9980100255434196,0.001989974407479167,5105,9609516,3317,15854
raw_probability_tta,0.49,0,0.5186044264036632,0.35007828810009456,0.5120473305021651,0.9989912443085187,0.5253316363989792,0.9979318631749565,0.0020681368187069893,10732,9603136,9697,10227
raw_probability_tta,0.49,3,0.5186080816384498,0.35008161932734244,0.5116179207020795,0.9989939490262643,0.5257918995780495,0.9979336277968209,0.0020663721952587366,10723,9603162,9671,10236
raw_probability_tta,0.49,5,0.5189147324344655,0.35036114651751793,0.5114747841020509,0.998997381937249,0.5265743196775092,0.997936741835405,0.002063258085399866,10720,9603195,9638,10239
raw_probability_tta,0.49,10,0.518894995379476,0.35034315174191366,0.5090414619015654,0.999012361912455,0.5291375291372666,0.9979463953550161,0.002053604694083333,10669,9603339,9494,10290
raw_probability_tta,0.49,15,0.5192133428031351,0.35063345572414056,0.5057493201009086,0.9990354560408977,0.5334138486309715,0.9979622769517954,0.002037723083049059,10600,9603561,9272,10359
raw_probability_tta,0.49,20,0.5189458373393194,0.3503895066248251,0.5021709051001946,0.9990555333687781,0.536880228524517,0.9979745255035598,0.00202547456137836,10525,9603754,9079,10434
raw_probability_tta,0.49,30,0.516506206930737,0.3481687684463549,0.49530034829882374,0.9990786274972208,0.5396091069754966,0.9979826220038787,0.00201737810857594,10381,9603976,8857,10578
raw_probability_tta,0.49,50,0.5047812975228743,0.3375969660402215,0.46719786249321665,0.9991629938853605,0.5489404641772906,0.9980056658894016,0.0019943341612815857,9792,9604787,8046,11167
raw_probability_tta,0.49,75,0.4947920872021277,0.32872009441035344,0.4385705424875048,0.9992713906503932,0.5675475426027614,0.9980515460578753,0.001948453951627016,9192,9605829,7004,11767
raw_probability_tta,0.49,100,0.4713357647593825,0.30833178005580303,0.3946276062787372,0.9993897740655633,0.5850604795921447,0.9980740709369675,0.001925929100252688,8271,9606967,5866,12688
raw_probability_tta,0.49,150,0.4157769124480543,0.2624484617823254,0.31585476406302027,0.9995563222621251,0.608176389526313,0.9980688808726605,0.0019311191281303763,6620,9608568,4265,14339
raw_probability_tta,0.49,200,0.34745271766899044,0.21025281478112332,0.2432367956485313,0.9996579572327939,0.6079179585015407,0.9980123091717146,0.00198769080452621,5098,9609545,3288,15861
raw_probability_tta,0.5,0,0.5201363525686584,0.3514758629766193,0.5096140083016797,0.9990190196792132,0.5311023817808507,0.9979542842527627,0.002045715693384409,10681,9603403,9430,10278
raw_probability_tta,0.5,3,0.5202300867698839,0.3515614705493637,0.5091845985015939,0.999022452590198,0.5317654093375197,0.99795677548363,0.0020432244054973125,10672,9603436,9397,10287
raw_probability_tta,0.5,5,0.520330755908842,0.35165342388963383,0.5088983253015369,0.999025053280338,0.5322886515617665,0.9979587477080666,0.0020412523299455643,10666,9603461,9372,10293
raw_probability_tta,0.5,10,0.5200863295235886,0.3514301812998073,0.5058924567009371,0.9990416976972335,0.5350996719654125,0.9979688164328222,0.0020311835687607527,10603,9603621,9212,10356
raw_probability_tta,0.5,15,0.5203661214317913,0.3516857304830921,0.5031728613003945,0.9990608387766635,0.538775927250159,0.9979819991961619,0.0020180006977170706,10546,9603805,9028,10413
raw_probability_tta,0.5,20,0.5192770188182086,0.3506915374567661,0.49964215849969,0.9990739462549688,0.540518220294962,0.9979873968630412,0.0020126032177358866,10472,9603931,8902,10487
raw_probability_tta,0.5,30,0.516262105395418,0.3479469704674506,0.4896225964976909,0.9991122284138287,0.5459672270692988,0.9980037974662511,0.001996202627196908,10262,9604299,8534,10697
raw_probability_tta,0.5,50,0.5052905238527219,0.3380526663650683,0.4636671596925122,0.9991898330076046,0.5551239574999685,0.9980247653260513,0.0019752345979213715,9718,9605045,7788,11241
raw_probability_tta,0.5,75,0.49478277366710177,0.32871187295173443,0.4355169616868956,0.999291572005879,0.5727192872376881,0.9980650402250735,0.0019349597860127687,9128,9606023,6810,11831
raw_probability_tta,0.5,100,0.47024356617633556,0.30739767179860783,0.39057206927792804,0.9994100594486548,0.5907483582300709,0.998085489078443,0.0019145109690725803,8186,9607162,5671,12773
raw_probability_tta,0.5,150,0.41566530355444614,0.2623595282530825,0.3152345054628965,0.9995605873939546,0.610008309481479,0.9980717873086725,0.001928212703205645,6607,9608609,4224,14352
raw_probability_tta,0.5,200,0.34740182196583047,0.2102155421586381,0.24290281024846466,0.9996609740333563,0.6097005988016649,0.9980145928000097,0.0019854072015732527,5091,9609574,3259,15868
raw_probability_tta,0.51,0,0.5208210856357729,0.3521014804754903,0.5072283983012037,0.9990394090899104,0.5351623458341127,0.997969439240539,0.0020305607467889786,10631,9603599,9234,10328
raw_probability_tta,0.51,3,0.5208925944088963,0.3521668490333392,0.5067512763011085,0.9990429460285007,0.5358458200895334,0.9979719304714063,0.002028069458901882,10621,9603633,9200,10338
raw_probability_tta,0.51,5,0.5210521150258807,0.35231269493650796,0.5066081397010799,0.9990451306082183,0.5363438904881869,0.9979737988945568,0.00202620099298656,10618,9603654,9179,10341
raw_probability_tta,0.51,10,0.5203324209019456,0.35165494483505494,0.5033637101004326,0.9990593823901851,0.5384850959572588,0.9979809611833005,0.002019038889557123,10550,9603791,9042,10409
raw_probability_tta,0.51,15,0.5211176733335349,0.3523726424591072,0.5009781000999566,0.9990804999941215,0.5429443094262666,0.9979968427800798,0.002003157278522849,10500,9603994,8839,10459
raw_probability_tta,0.51,20,0.5203560120663857,0.3516764953663516,0.49792451929934733,0.99909329538961,0.5449039264825893,0.998002967055962,0.0019970329012721777,10436,9604117,8716,10523
raw_probability_tta,0.51,30,0.5172866963201281,0.34887843458091333,0.48828665489742434,0.9991287688031187,0.5499489494327745,0.9980173954347354,0.001982604619115591,10234,9604458,8375,10725
raw_probability_tta,0.51,50,0.5056343906509533,0.33836056416689764,0.4624266424922647,0.9992005478509811,0.5577487483451932,0.9980327580250841,0.0019672419875860214,9692,9605148,7685,11267
raw_probability_tta,0.51,75,0.4948251443511018,0.3287492762013865,0.4334176248864767,0.9993058237878459,0.5765056800148655,0.9980746937446844,0.0019253062782809138,9084,9606160,6673,11875
raw_probability_tta,0.51,100,0.4704934077953623,0.30761123240220295,0.3899040984777948,0.999416717215413,0.593076420639674,0.9980906791427498,0.00190932082477957,8172,9607226,5607,12787
raw_probability_tta,0.51,150,0.41567119488120036,0.26236422233706186,0.31461424686277273,0.9995657887742345,0.6123699851405903,0.9980756279562597,0.0019243720453232527,6594,9608659,4174,14365
raw_probability_tta,0.51,200,0.3415892672857442,0.20597386434341175,0.23689107304726517,0.9996727291527888,0.6121316730358622,0.9980132433832899,0.0019867566879838705,4965,9609687,3146,15994
raw_probability_tta,0.52,0,0.5215656329284131,0.3527824058645942,0.5051290615007847,0.9990584461417348,0.5391078521231596,0.9979838676193123,0.002016132464632392,10587,9603782,9051,10372
raw_probability_tta,0.52,3,0.5217584259965675,0.3529588364799677,0.5048427883007277,0.999061775025114,0.5398469387752347,0.997986566452752,0.0020134334918111563,10581,9603814,9019,10378
raw_probability_tta,0.52,5,0.5216533004317035,0.35286262727412687,0.504317954100623,0.9990641676600427,0.5402228355307471,0.9979878120681857,0.002012187847867608,10570,9603837,8996,10389
raw_probability_tta,0.52,10,0.5215428500556811,0.3527615596267523,0.5015983587000803,0.9990800838836991,0.5431390783216867,0.997997776991655,0.002002222929149866,10513,9603990,8843,10446
raw_probability_tta,0.52,15,0.5215178504601649,0.35273868583566104,0.4986879144994996,0.9990978726042563,0.546538381091536,0.9980091951331305,0.0019908049143850803,10452,9604161,8672,10507
raw_probability_tta,0.52,20,0.5209017729516963,0.35217523990358,0.49553890929887134,0.9991124364690399,0.5490009514744957,0.9980168764283047,0.0019831235986202955,10386,9604301,8532,10573
raw_probability_tta,0.52,30,0.5169601341564355,0.3485814144735648,0.4853762106968436,0.9991443729439584,0.5529405370145923,0.9980266337492019,0.001973366364836693,10173,9604608,8225,10786
raw_probability_tta,0.52,50,0.50605949320589,0.3387413962634012,0.4602318812918268,0.9992180244887215,0.5620229563592833,0.9980454217819931,0.0019545783288776875,9646,9605316,7517,11313
raw_probability_tta,0.52,75,0.49496000876506663,0.3288683434643727,0.4310797270860103,0.9993223641771359,0.5810663065145147,0.9980861118861597,0.0019138881471008062,9035,9606319,6514,11924
raw_probability_tta,0.52,100,0.4678406684265666,0.3053472695598329,0.38470346867675714,0.9994333616323087,0.596817172464399,0.998095973008343,0.001904026954434812,8063,9607386,5447,12896
raw_probability_tta,0.52,150,0.4122224692689984,0.25962230935414116,0.30960446586177315,0.9995802486114126,0.6165906499424015,0.9980791571999884,0.0019208427984267473,6489,9608798,4035,14470
raw_probability_tta,0.52,200,0.34073053066838704,0.2053497258679991,0.23588911684706526,0.9996757459533512,0.6133234090055659,0.998014073793579,0.001985926181077957,4944,9609716,3117,16015
raw_probability_tta,0.53,0,0.5223400039626208,0.353491334517665,0.503125149100385,0.9990770670831367,0.5430808054794546,0.9979980883955135,0.002001911634579301,10545,9603961,8872,10414
raw_probability_tta,0.53,3,0.5225019825533995,0.3536397182152453,0.5029820125003563,0.9990792516628543,0.5435982055378005,0.997999956818664,0.0020000431686639786,10542,9603982,8851,10417
raw_probability_tta,0.53,5,0.5220389433212149,0.35321562835648723,0.5020754807001755,0.999081124159755,0.5436557139902131,0.9979998530173778,0.002000147011131048,10523,9604000,8833,10436
raw_probability_tta,0.53,10,0.5224502006929465,0.35359227887815825,0.49992843169974716,0.999097664549045,0.5470969089387285,0.9980116863639977,0.001988313626497984,10478,9604159,8674,10481
raw_probability_tta,0.53,15,0.5222013288202276,0.35336432425083864,0.49687485089913785,0.999114517021152,0.5502483356226618,0.9980218588900395,0.0019781410228461027,10414,9604321,8512,10545
raw_probability_tta,0.53,20,0.5220219336945615,0.35320005458503234,0.4939644066985572,0.999131057410442,0.5534587832777967,0.9980320314160811,0.001967968652024865,10353,9604480,8353,10606
raw_probability_tta,0.53,30,0.517712563532675,0.349265972844321,0.4835631470964819,0.9991616415264877,0.5570517753102358,0.9980399203138277,0.001960079651325941,10135,9604774,8059,10824
raw_probability_tta,0.53,50,0.5042829949237246,0.33715134160556537,0.4550312514907891,0.9992376857061795,0.5654906611321876,0.9980537258848843,0.0019462740747258067,9537,9605505,7328,11422
raw_probability_tta,0.53,75,0.49585005221774975,0.32965466837188756,0.43041175628587697,0.9993335991585406,0.5847540027221204,0.9980958692070568,0.0019041307969018817,9021,9606427,6406,11938
raw_probability_tta,0.53,100,0.4686236290110062,0.306014666210606,0.38427405887667143,0.9994424120339956,0.6004174742801547,0.9981040695086619,0.0018959305016323924,8054,9607473,5360,12905
raw_probability_tta,0.53,150,0.40734109221114995,0.25576166385599625,0.3039267140606403,0.9995894030407051,0.6174275467668726,0.9980759393601181,0.0019240606343373656,6370,9608886,3947,14589
raw_probability_tta,0.53,200,0.3409365402531692,0.20549939681342588,0.23569826804702718,0.9996795949747583,0.6159600997498554,0.9980174992360216,0.0019825007766485214,4940,9609753,3080,16019
raw_probability_tta,0.54,0,0.5230577689241726,0.3541491047643544,0.5011212366999851,0.9990951678865108,0.5470027602726175,0.9980117901652839,0.0019882097840309143,10503,9604135,8698,10456
raw_probability_tta,0.54,3,0.5231275064137986,0.354213047291252,0.5010258122999661,0.9990963121901724,0.547269126537134,0.9980127243768592,0.001987275667488575,10501,9604146,8687,10458
raw_probability_tta,0.54,5,0.5226281012341298,0.35375527426148395,0.5000238560997662,0.9990984967698898,0.5473728193875758,0.9980127243768592,0.001987275667488575,10480,9604167,8666,10479
raw_probability_tta,0.54,10,0.5229357798163827,0.35403726708062516,0.49768595829929974,0.9991153492419966,0.550884605228122,0.998024453922193,0.0019755461253225803,10431,9604329,8504,10528
raw_probability_tta,0.54,15,0.5233437531510227,0.3544113630154485,0.4952526360988142,0.9991335540729762,0.5548131915118099,0.9980373252816742,0.001962674781680107,10380,9604504,8329,10579
raw_probability_tta,0.54,20,0.5227808028363878,0.35389521327652107,0.49243761629825256,0.9991464534960703,0.5571089279927901,0.9980440723652733,0.0019559275824576616,10321,9604628,8205,10638
raw_probability_tta,0.54,30,0.5171502603964911,0.34875432525939487,0.4808912638959488,0.9991739167839482,0.5593229744724976,0.9980463559935684,0.0019536439795047045,10079,9604892,7941,10880
raw_probability_tta,0.54,50,0.5052581261948945,0.338023664854373,0.45388615869056065,0.9992526656813856,0.5697430676165959,0.9980661820392209,0.0019338179845362902,9513,9605649,7184,11446
raw_probability_tta,0.54,75,0.4946666666665293,0.32860938883955987,0.42482942888476316,0.9993615825844463,0.5919819160956107,0.9981116470025501,0.0018883530283346772,8904,9606696,6137,12055
raw_probability_tta,0.54,100,0.46871265774810744,0.30609059763977686,0.3836538002765477,0.9994475093866699,0.6022318753740247,0.9981078063549629,0.0018921936862170696,8041,9607522,5311,12918
raw_probability_tta,0.54,150,0.40733745238005975,0.25575879396974643,0.30354501646056414,0.9995926278964786,0.6189920217935211,0.9980783267896993,0.0019216731889173388,6362,9608917,3916,14597
raw_probability_tta,0.54,200,0.3410236927539058,0.20556272640204623,0.23555513144699863,0.9996818835820814,0.6175109443394403,0.9980194714604582,0.0019805284682661295,4937,9609775,3058,16022
raw_probability_tta,0.55,0,0.5236916460379257,0.3547305308084568,0.49964215849969,0.999109315640872,0.550173373962094,0.9980226893003286,0.001977310748770833,10472,9604271,8562,10487
raw_probability_tta,0.55,3,0.523587973385231,0.35463540254799586,0.49935588529963293,0.9991102518893223,0.5502918134494188,0.9980230007041869,0.001976999221369624,10466,9604280,8553,10493
raw_probability_tta,0.55,5,0.5233672932988251,0.35443295473797104,0.49878333889951865,0.9991120203586176,0.550500263296182,0.9980235197106176,0.0019764802418649197,10454,9604297,8536,10505
raw_probability_tta,0.55,10,0.5234355334036844,0.35449555047892717,0.49606374349897603,0.9991292889411467,0.5540043693714743,0.9980348340508068,0.00196516583673656,10397,9604463,8370,10562
raw_probability_tta,0.55,15,0.5243627711543463,0.3553466671239647,0.4942029676986048,0.9991480139101543,0.5584429588092741,0.9980494700321525,0.0019505299860611558,10358,9604643,8190,10601
raw_probability_tta,0.55,20,0.5233630612088007,0.3544290728885834,0.49138794789804313,0.9991574804222637,0.5597891075113818,0.998052791673309,0.0019472083076834679,10299,9604734,8099,10660
raw_probability_tta,0.55,30,0.5175791318691315,0.3491445263595948,0.4790304880955775,0.9991888967591542,0.5628749229127303,0.998057255128613,0.0019427448278293014,10040,9605036,7797,10919
raw_probability_tta,0.55,50,0.5056191744339533,0.3383469365932429,0.45293191469037025,0.9992616120554669,0.5721776866972622,0.9980730329241062,0.0019269670592620969,9493,9605735,7098,11466
raw_probability_tta,0.55,75,0.4970784757749736,0.3307414710367459,0.4241614580846299,0.999384156574861,0.6002700877781226,0.9981327186636364,0.0018672813894227147,8890,9606913,5920,12069
raw_probability_tta,0.55,100,0.46635825964734257,0.30408552882768075,0.3799799608758147,0.9994558315951177,0.6035619552856357,0.9981081177588214,0.0018918822752311826,7964,9607602,5231,12995
raw_probability_tta,0.55,150,0.40234437896486575,0.2518342336530469,0.2980581134594694,0.999599805801265,0.6188825044574807,0.9980735519305369,0.0019264480797573924,6247,9608986,3847,14712
raw_probability_tta,0.55,200,0.34111260934192816,0.20562734472688385,0.23536428264696055,0.9996846923274326,0.6194123555994231,0.9980218588900395,0.0019781410228461027,4933,9609802,3031,16026
raw_probability_tta,0.56,0,0.5243308391501722,0.3553173387781673,0.49816308029939493,0.9991234633952333,0.5534001166054203,0.9980335884353732,0.001966411480680108,10441,9604407,8426,10518
raw_probability_tta,0.56,3,0.5241289220487543,0.3551319148934961,0.4977336704993092,0.9991245036712892,0.5534804753817097,0.9980336922366593,0.001966307871043682,10432,9604417,8416,10527
raw_probability_tta,0.56,5,0.524183006535816,0.35518157661635374,0.49744739729925214,0.9991266882510068,0.5539556877952532,0.9980352492559514,0.001964750699698925,10426,9604438,8395,10533
raw_probability_tta,0.56,10,0.524319951461087,0.35530733913508006,0.494775514098719,0.9991441648887472,0.557616819916891,0.998046874999999,0.001953125,10370,9604606,8227,10589
raw_probability_tta,0.56,15,0.5247758616309337,0.35572618965623726,0.49291473829834775,0.9991591448639533,0.5610405126531112,0.9980577741350437,0.0019422258483245969,10331,9604750,8083,10628
raw_probability_tta,0.56,20,0.5236417483658794,0.35468474388671023,0.4892886110976242,0.9991725644250754,0.5631830413528677,0.9980632756032091,0.0019367244094610214,10255,9604879,7954,10704
raw_probability_tta,0.56,30,0.5179439445649711,0.34947662247022,0.47788539529534907,0.9991988834092916,0.5653327312747275,0.998064728821215,0.0019352711969986558,10016,9605132,7701,10943
raw_probability_tta,0.56,50,0.5066046312635685,0.3392300805728418,0.45197767069017986,0.9992753436994058,0.5762515968121076,0.9980846586681538,0.0019153413595631719,9473,9605867,6966,11486
raw_probability_tta,0.56,75,0.49480483010376447,0.32873134328345943,0.4203444820838683,0.9993923747557032,0.601324141696402,0.9981326148623503,0.0018673851154744625,8810,9606992,5841,12149
raw_probability_tta,0.56,100,0.46675075533118227,0.30441936101002315,0.37959826327573853,0.9994615531134257,0.6058483094725816,0.9981129964192699,0.0018870035419240594,7956,9607657,5176,13003
raw_probability_tta,0.56,150,0.4024897603765593,0.25194815682147537,0.29772412805940274,0.9996038628778832,0.6210191082796367,0.9980768735716934,0.0019231264013797045,6240,9609025,3808,14719
raw_probability_tta,0.56,200,0.34109868808185084,0.20561722727643533,0.23507800944690344,0.9996876051003893,0.6213114754090526,0.9980241425183345,0.0019758574198931456,4927,9609830,3003,16032
raw_probability_tta,0.57,0,0.5246935378094828,0.3556505385534773,0.49625459229901414,0.999138027260017,0.5565901428797791,0.9980439685639871,0.0019560314249247313,10401,9604547,8286,10558
raw_probability_tta,0.57,3,0.5245413480706275,0.35551070671124185,0.49587289469893797,0.9991391715636786,0.5567280908503552,0.9980442799678455,0.001955720130354166,10393,9604558,8275,10566
raw_probability_tta,0.57,5,0.5246092073030822,0.35557305217021923,0.49558662149888083,0.9991414601710017,0.5572424892700872,0.9980459407884238,0.0019540591165423393,10387,9604580,8253,10572
raw_probability_tta,0.57,10,0.5248457456261523,0.35579041586327603,0.4931055870983858,0.9991585206983197,0.5609531046458093,0.9980575665324714,0.0019424334168434143,10335,9604744,8089,10624
raw_probability_tta,0.57,15,0.5247448979590499,0.35569773473963145,0.4907199770979098,0.9991723563698642,0.5638397017704271,0.9980661820392209,0.0019338179845362902,10285,9604877,7956,10674
raw_probability_tta,0.57,20,0.5245119417150601,0.35548369149441705,0.4877618206973196,0.9991886887039431,0.567251137498298,0.9980760431614042,0.001923956791870296,10223,9605034,7799,10736
raw_probability_tta,0.57,30,0.517105913572725,0.3487139899644378,0.4741638436946065,0.9992156318537928,0.5686005263756903,0.9980733443279646,0.0019266556482762098,9938,9605293,7540,11021
raw_probability_tta,0.57,50,0.5058392982077107,0.33854410546398495,0.4484469678894754,0.9992921961715127,0.5800777633767944,0.9980937931813341,0.0019062068313360214,9399,9606029,6804,11560
raw_probability_tta,0.57,75,0.4951984004053916,0.32907886364474714,0.41948566248369695,0.9994010090469678,0.6042611683844644,0.9981393619459493,0.0018606380326673388,8792,9607075,5758,12167
raw_probability_tta,0.57,100,0.46577772521643096,0.303592075849725,0.3758289994749865,0.9994812143308835,0.6123289800990265,0.9981244145607452,0.0018755854107439518,7877,9607846,4987,13082
raw_probability_tta,0.57,150,0.40255756127477554,0.2520012937655648,0.2973901426593361,0.999607295788868,0.6228017585925032,0.998079572405133,0.0019204275449737906,6233,9609058,3775,14726
raw_probability_tta,0.57,200,0.3411287807918993,0.205639097744275,0.23488716064686535,0.9996898937077124,0.6228491902826128,0.998026010941485,0.0019739889539778233,4923,9609852,2981,16036
raw_probability_tta,0.58,0,0.5252939983778069,0.356202522943541,0.4944415286986524,0.9991538394560678,0.5602530140019677,0.998055801910607,0.001944198040291667,10363,9604699,8134,10596
raw_probability_tta,0.58,3,0.5252294741111301,0.3561431862727017,0.49415525549859524,0.999155087787335,0.5604740516258669,0.9980564247183239,0.0019435753347352147,10357,9604711,8122,10602
raw_probability_tta,0.58,5,0.5253781341994403,0.3562799022474938,0.49386898229853815,0.9991580005602917,0.5611818921113791,0.9980587083466189,0.0019412916153669357,10351,9604739,8094,10608
raw_probability_tta,0.58,10,0.5253787685556993,0.356280485695383,0.49138794789804313,0.9991731885907089,0.56442154874743,0.9980684656675161,0.001931534381583333,10299,9604885,7948,10660
raw_probability_tta,0.58,15,0.5251722989417322,0.35609061218804944,0.48900233789756714,0.9991861920414087,0.5671204072595356,0.9980762507639765,0.0019237492233514786,10249,9605010,7823,10710
raw_probability_tta,0.58,20,0.524472639125142,0.35544758642372837,0.48518536189680556,0.9992041888171771,0.570682978842488,0.9980859042835875,0.0019140957156196237,10169,9605183,7650,10790
raw_probability_tta,0.58,30,0.5178912151387862,0.34942861173802575,0.47268476549431143,0.9992309239118157,0.5726589595372412,0.9980853852771567,0.0019146146951243281,9907,9605440,7393,11052
raw_probability_tta,0.58,50,0.5077748279784072,0.34028029917931146,0.4471587384892184,0.9993151862723497,0.5874020683167738,0.9981139306308451,0.00188606942538172,9372,9606250,6583,11587
raw_probability_tta,0.58,75,0.4974472430223232,0.3310680711291082,0.41838828188347804,0.9994249353962553,0.6133454570884708,0.9981608488121801,0.0018391511403024197,8769,9607305,5528,12190
raw_probability_tta,0.58,100,0.4590979968812346,0.29794107344401277,0.3652368910728731,0.9995075333150998,0.6178868350951506,0.9981276324006155,0.0018723675748333335,7655,9608099,4734,13304
raw_probability_tta,0.58,150,0.40252304706440156,0.25197424371269106,0.2968653084592314,0.9996115609206975,0.6249497790270943,0.9980826864437171,0.001917313551530242,6222,9609099,3734,14737
raw_probability_tta,0.58,200,0.34118585851565025,0.20568058228051297,0.23460088744680824,0.9996934306463028,0.6252543234986963,0.9980289173774969,0.001971082529053092,4917,9609886,2947,16042
raw_probability_tta,0.59,0,0.5257046826062369,0.35658031088070585,0.4925330406982716,0.9991687154036683,0.5636671398926703,0.9980664934430794,0.0019335065735504031,10323,9604842,7991,10636
raw_probability_tta,0.59,3,0.525664212751732,0.3565430733610848,0.492294479698224,0.9991698597073299,0.563886763580411,0.9980671162507962,0.001932883751578629,10318,9604853,7980,10641
raw_probability_tta,0.59,5,0.5256099737397636,0.35649316963501415,0.4918173576981288,0.9991723563698642,0.564388961891938,0.9980685694688022,0.0019314305391162634,10308,9604877,7956,10651
raw_probability_tta,0.59,10,0.5260056366895911,0.35685729184760756,0.4897657330977194,0.9991879605107038,0.5680371866523335,0.9980796762064191,0.0019203238189220428,10265,9605027,7806,10694
raw_probability_tta,0.59,15,0.5246517854842757,0.35561217367012576,0.48613960589699595,0.9991997156301363,0.5697908511349011,0.9980835168540063,0.0019164831610396504,10189,9605140,7693,10770
raw_probability_tta,0.59,20,0.5246249902845865,0.35558755355750665,0.4830860250963867,0.9992182325439327,0.5739795918364092,0.9980953502006261,0.0019046497764065862,10125,9605318,7515,10834
raw_probability_tta,0.59,30,0.5186584789795522,0.3501275510202841,0.47149196049407344,0.9992442394453321,0.5763107249078111,0.9980960768096291,0.0019039232283830643,9882,9605568,7265,11077
raw_probability_tta,0.59,50,0.5079847908743867,0.3404689092761248,0.446204494489028,0.999322884315164,0.589622344114123,0.9981195359002967,0.001880464144051075,9352,9606324,6509,11607
raw_probability_tta,0.59,75,0.49874700990987053,0.3322204939488098,0.41781573548336376,0.9994382509297718,0.6185632549264544,0.9981728897613723,0.001827110187150538,8757,9607433,5400,12202
raw_probability_tta,0.59,100,0.45624604632935023,0.29554324071171734,0.3613244906720925,0.999514711219886,0.6188102631143824,0.9981262829838957,0.0018737170612439513,7573,9608168,4665,13386
raw_probability_tta,0.59,150,0.40256543145879675,0.2520074620811696,0.29648361085915526,0.9996152018868933,0.6268536265503613,0.998085489078443,0.0019145109690725803,6214,9609134,3699,14745
raw_probability_tta,0.59,200,0.3411703420731581,0.20566930452614593,0.23436232644676064,0.9996958232812315,0.6268504338940444,0.9980307858006474,0.0019692142959684134,4912,9609909,2924,16047
raw_probability_tta,0.6,0,0.5258607458943761,0.3567239285093331,0.49043370389785274,0.999182759130424,0.5668045216429187,0.9980759393601181,0.0019240606343373656,10279,9604977,7856,10680
raw_probability_tta,0.6,3,0.5258444216989443,0.3567089047039206,0.4902428550978146,0.9991837994064799,0.5670216875445245,0.9980765621678349,0.0019234378123655915,10275,9604987,7846,10684
raw_probability_tta,0.6,5,0.5255552993619437,0.35644286905742406,0.4893840354976433,0.9991868162070423,0.567500276640164,0.9980777039819825,0.001922296010889113,10257,9605016,7817,10702
raw_probability_tta,0.6,10,0.5264377284661159,0.35725516229329607,0.4878572450973387,0.9992029404859099,0.57164421087909,0.9980904715401776,0.0019095285097137094,10225,9605171,7662,10734
raw_probability_tta,0.6,15,0.5250174540375651,0.3559482486587581,0.48437425449664373,0.9992133432464697,0.5731060178386739,0.9980932741749033,0.001906725810840726,10152,9605271,7562,10807
raw_probability_tta,0.6,20,0.5245841901141298,0.35555006703819225,0.48079583949592974,0.9992319641878716,0.5771477663226935,0.9981040695086619,0.0018959305016323924,10077,9605450,7383,10882
raw_probability_tta,0.6,30,0.5193955855593156,0.350799700779984,0.46986974569374973,0.9992599476137775,0.5805919113308686,0.9981082215601075,0.001891778432764113,9848,9605719,7114,11111
raw_probability_tta,0.6,50,0.5057452396584303,0.3384598484015019,0.44100386468799035,0.999339424704454,0.5927659847363607,0.9981247259646037,0.0018752739997580647,9243,9606483,6350,11716
raw_probability_tta,0.6,75,0.49506880733930764,0.328964413624808,0.41194713488219287,0.9994500060492043,0.6202140650810859,0.998171851748511,0.0018281482625752687,8634,9607546,5287,12325
raw_probability_tta,0.6,100,0.4521754927784988,0.29213615023462747,0.3562669974710834,0.9995213689866442,0.6187437852165903,0.9981219233298778,0.0018780766986310482,7467,9608232,4601,13492
raw_probability_tta,0.6,150,0.4023361453600252,0.25182778229071817,0.295815640059022,0.999619154935906,0.6287394787540526,0.9980879803093102,0.001912019681185484,6200,9609172,3661,14759
raw_probability_tta,0.6,200,0.34077474094153254,0.20538184256844438,0.2337897800466464,0.9996984239713714,0.6282856776501753,0.9980321352173672,0.0019678648095577955,4900,9609934,2899,16059
raw_probability_tta,0.61,0,0.5260048799279502,0.3568565952255247,0.4885729280974815,0.9991952424430957,0.569648420115393,0.9980843472642954,0.001915652770549059,10240,9605097,7736,10719
raw_probability_tta,0.61,3,0.5260047281322526,0.3568564554930592,0.4883343670974339,0.9991966988295741,0.5699727125908727,0.9980852814758706,0.0019147185375913978,10235,9605111,7722,10724
raw_probability_tta,0.61,5,0.5259177321018378,0.3567763777877363,0.4877141084973101,0.999199819657742,0.5706151613260184,0.998087046097735,0.001912953914143145,10222,9605141,7692,10737
raw_probability_tta,0.61,10,0.5266885517097406,0.3574862275868074,0.4860918936969864,0.9992156318537928,0.5746841155231415,0.9980992946494994,0.001900705392472446,10188,9605293,7540,10771
raw_probability_tta,0.61,15,0.5256896462152513,0.35656647521041734,0.48279975189632957,0.9992281151664645,0.5769428131589162,0.9981045885150925,0.001895411522127688,10119,9605413,7420,10840
raw_probability_tta,0.61,20,0.5250503096985273,0.3559784534692905,0.4792690490956251,0.9992448636109658,0.5805016181226419,0.9981136192269867,0.0018863807199522853,10045,9605574,7259,10914
raw_probability_tta,0.61,30,0.5191940615056948,0.35061586937827605,0.46719786249321665,0.999275031616589,0.5842133524249243,0.9981174598745739,0.0018825401784852147,9792,9605864,6969,11167
raw_probability_tta,0.61,50,0.5064014506290163,0.33904789934503016,0.43971563528773333,0.9993526362103649,0.5969298529693653,0.9981351060932175,0.001864893944002688,9216,9606610,6223,11743
raw_probability_tta,0.61,75,0.49694242529119165,0.33062101788580234,0.41099289088200247,0.999469979349479,0.6283463418187845,0.998189705569727,0.0018102944595739245,8614,9607738,5095,12345
raw_probability_tta,0.61,100,0.44816155226408927,0.2887939481831659,0.35154348967014093,0.9995262582841073,0.6180171112224307,0.9981165256629986,0.001883474295027554,7368,9608279,4554,13591
raw_probability_tta,0.61,150,0.4022738346596062,0.2517789614930054,0.29543394245894583,0.9996219636812572,0.630164868715011,0.9980899525337469,0.0019100474892184138,6192,9609199,3634,14767
raw_probability_tta,0.61,200,0.34079281662188393,0.20539497419968727,0.23359893124660833,0.999700608551089,0.6297916130683949,0.9980338998392316,0.001966100186109543,4896,9609955,2878,16063
raw_probability_tta,0.62,0,0.5259683325595632,0.3568229531139409,0.4865690156970816,0.9992072056177393,0.5723104551318411,0.9980919247581835,0.0019080752972513437,10198,9605212,7621,10761
raw_probability_tta,0.62,3,0.5260333350532727,0.3568827895251516,0.48637816689704355,0.9992088700594289,0.5727288049887225,0.9980931703736172,0.0019068296533077955,10194,9605228,7605,10765
raw_probability_tta,0.62,5,0.5258970318512759,0.35675732510852487,0.48566248389690075,0.9992121989428081,0.573400180261056,0.9980949349954816,0.0019050650298595428,10179,9605260,7573,10780
raw_probability_tta,0.62,10,0.5266135520202095,0.3574171275582635,0.4840879812965866,0.9992272829456198,0.5773301468074556,0.9981065607395292,0.001893439213745296,10146,9605405,7428,10813
raw_probability_tta,0.62,15,0.5267335004175735,0.3575276438898648,0.4813206736960345,0.9992450716661769,0.5816085327180273,0.998118290284863,0.0018817096715793014,10088,9605576,7257,10871
raw_probability_tta,0.62,20,0.5254348453444591,0.3563320641923082,0.47778997089533,0.9992568267856095,0.5836344562299897,0.9981223385350224,0.0018776614451780915,10014,9605689,7144,10945
raw_probability_tta,0.62,30,0.518358876117359,0.3498545415363467,0.4647645402927311,0.9992838739630648,0.5859248120297227,0.9981209891183026,0.0018790109315887094,9741,9605949,6884,11218
raw_probability_tta,0.62,50,0.5043152176908748,0.33718014895644227,0.4363280690870574,0.9993588778667007,0.5974000522598658,0.9981339642790701,0.0018660357454791665,9145,9606670,6163,11814
raw_probability_tta,0.62,75,0.49680645068047263,0.330500653695174,0.4100863590818216,0.9994749726745478,0.6300395836383008,0.998192715807025,0.0018072841921821237,8595,9607786,5047,12364
raw_probability_tta,0.62,100,0.4481540148652224,0.2887876884420977,0.3509709432700267,0.9995305234159368,0.6197657763917602,0.9981195359002967,0.001880464144051075,7356,9608320,4513,13603
raw_probability_tta,0.62,150,0.4022764227640968,0.2517809892121914,0.2950999570588792,0.9996248764542139,0.6317025840050743,0.9980921323607559,0.0019078676123172045,6185,9609227,3606,14774
raw_probability_tta,0.62,200,0.3408346687102554,0.20542538002846836,0.23340808244657024,0.9997030011860177,0.6314702465462354,0.9980358720636683,0.001964127877727151,4892,9609978,2855,16067
raw_probability_tta,0.63,0,0.5263348791418103,0.3571604373965904,0.48466052769670087,0.9992216654549174,0.575850340135728,0.9981022010855114,0.0018977989675477147,10158,9605351,7482,10801
raw_probability_tta,0.63,3,0.5260920285157418,0.356936822850585,0.48413569349659613,0.9992230178137902,0.5760104450496276,0.9981024086880836,0.0018975912826135755,10147,9605364,7469,10812
raw_probability_tta,0.63,5,0.5262830159305365,0.3571126760562123,0.48389713249654853,0.999225930586747,0.5768071432630514,0.9981047961176649,0.0018952038371935487,10142,9605392,7441,10817
raw_probability_tta,0.63,10,0.5273063788742403,0.3580557227314907,0.48256119089628197,0.9992418468104034,0.5811975634981145,0.9981177712784323,0.0018822287674993277,10114,9605545,7288,10845
raw_probability_tta,0.63,15,0.5272512780179507,0.35800491295512193,0.47979388329572986,0.9992582831720879,0.5851274293025804,0.9981281514070462,0.001871848595328629,10056,9605703,7130,10903
raw_probability_tta,0.63,20,0.5259885666112053,0.356841578495726,0.4763108926950349,0.9992700382915204,0.5872352941173016,0.9981323034584918,0.0018676965264603496,9983,9605816,7017,10976
raw_probability_tta,0.63,30,0.5191179228850998,0.35054642831282096,0.4621880814922171,0.9993056157326348,0.5920425375867302,0.9981370783176542,0.001862921635620296,9687,9606158,6675,11272
raw_probability_tta,0.63,50,0.5044367657220444,0.3372888248122667,0.4353261128868575,0.9993662638266982,0.5996319663508152,0.998139154343377,0.0018608456011861563,9124,9606741,6092,11835
raw_probability_tta,0.63,75,0.49672786239633504,0.3304310975843393,0.40922753948165025,0.9994800700272221,0.6318232044194241,0.9981959336468953,0.0018040663562715054,8577,9607835,4998,12382
raw_probability_tta,0.63,100,0.4479497193066732,0.28861804599949337,0.3502552602698839,0.999534372437344,0.6212236608270955,0.9981218195285917,0.001878180424682796,7341,9608357,4476,13618
raw_probability_tta,0.63,150,0.40190172262190177,0.25148748879279015,0.2944319862587459,0.999627685199565,0.6329230769224278,0.9980934817774757,0.0019065182423219085,6171,9609254,3579,14788
raw_probability_tta,0.63,200,0.3407133642479897,0.20533725572590655,0.23312180924651313,0.9997049777105241,0.6327376327368134,0.9980372214803881,0.0019627786241471767,4886,9609997,2836,16073
raw_probability_tta,0.64,0,0.5268993519167834,0.35768048340918135,0.48294288849635814,0.9992364373749123,0.5796586874352424,0.9981132040218421,0.001886795973405242,10122,9605493,7340,10837
raw_probability_tta,0.64,3,0.5266940986508343,0.3574913384712022,0.48246576649626294,0.9992377897337851,0.5798497620273066,0.9981135154257006,0.001886484562419355,10112,9605506,7327,10847
raw_probability_tta,0.64,5,0.5269414248845111,0.35771926098946777,0.48222720549621534,0.9992411186171642,0.5807953108834727,0.9981163180604263,0.0018836819799616933,10107,9605538,7295,10852
raw_probability_tta,0.64,10,0.5278206907385176,0.35853016505394186,0.4808912638959488,0.9992558905371591,0.5849001857006819,0.9981281514070462,0.001871848595328629,10079,9605680,7153,10880
raw_probability_tta,0.64,15,0.5273052820052327,0.3580547112460726,0.4777422586953205,0.999271182595182,0.5883424408011114,0.9981365593112235,0.0018634407315403223,10013,9605827,7006,10946
raw_probability_tta,0.64,20,0.5268814357941269,0.3576639712487484,0.47483181449473977,0.9992857464599656,0.5917469378043811,0.9981447596128286,0.001855240436270833,9952,9605967,6866,11007
raw_probability_tta,0.64,30,0.5201303422830044,0.35147037414458016,0.4607567154919315,0.9993220520943192,0.5970693705944126,0.99815036488228,0.001849635154940188,9657,9606316,6517,11302
raw_probability_tta,0.64,50,0.5025404670015542,0.3355953572884134,0.431795410086153,0.9993750021455684,0.601009430202815,0.9981401923562384,0.0018598076421767473,9050,9606825,6008,11909
raw_probability_tta,0.64,75,0.49434280561923905,0.328323610091439,0.4054582756808982,0.9994877680700363,0.6331396215164408,0.9981954146404646,0.0018045853357762098,8498,9607909,4924,12461
raw_probability_tta,0.64,100,0.44782781497433494,0.28851684065381583,0.3494441528697221,0.9995395738176238,0.6233191489356397,0.9981252449710343,0.0018747550202533603,7324,9608407,4426,13635
raw_probability_tta,0.64,150,0.4019569471622955,0.2515307372029343,0.29400257645866024,0.999631846303789,0.6351922482211779,0.9980966996173459,0.0019033004064112902,6162,9609294,3539,14797
raw_probability_tta,0.64,200,0.33080843834053136,0.1981848254802162,0.22295911064448543,0.9997274476733332,0.6407514054564092,0.9980375328842465,0.001962467096745968,4673,9610213,2620,16286
raw_probability_tta,0.65,0,0.5266211871715083,0.35742416178805836,0.4806527028959012,0.9992482965219505,0.582312138727987,0.9981200549067274,0.0018799450481310487,10074,9605607,7226,10885
raw_probability_tta,0.65,3,0.526439667346481,0.3572569481417111,0.4802232930958155,0.9992495448532176,0.5824989872095708,0.9981203663105858,0.0018796336371451616,10065,9605619,7214,10894
raw_probability_tta,0.65,5,0.5264343135456476,0.35725201691709946,0.47960303449569175,0.9992532898470191,0.5834010446891564,0.998122753740167,0.0018772463081404567,10052,9605655,7178,10907
raw_probability_tta,0.65,10,0.5272928060579177,0.35804320657012745,0.47841022949545375,0.999267021490958,0.5873015873012433,0.9981338604777839,0.0018661394715309143,10027,9605787,7046,10932
raw_probability_tta,0.65,15,0.5268140469641087,0.35760186681013906,0.4752612242948255,0.9992826256317977,0.5909117873876781,0.9981425797858197,0.0018574201967567205,9961,9605937,6896,10998
raw_probability_tta,0.65,20,0.52634657308435,0.35717120692752763,0.47230306789423526,0.9992971894965813,0.5943560492341072,0.9981506762861385,0.0018493237439543009,9899,9606077,6756,11060
raw_probability_tta,0.65,30,0.5199848763096792,0.3513375424253307,0.4593253494916459,0.9993298541647391,0.5991038645836088,0.9981550359401563,0.001844964106567204,9627,9606391,6442,11332
raw_probability_tta,0.65,50,0.5022683626038849,0.3353527094327156,0.430507180685896,0.9993813478295098,0.6027388109548412,0.9981437215999671,0.001856278395280242,9023,9606886,5947,11936
raw_probability_tta,0.65,75,0.49393868749257086,0.32796718393238344,0.40436089508067924,0.9994921372294714,0.6344987646921955,0.9981973868649012,0.0018026131438091397,8475,9607951,4882,12484
raw_probability_tta,0.65,100,0.44615101062835716,0.28712636406757586,0.34648599646913186,0.9995492483849444,0.6263044415691019,0.9981284628109046,0.001871537184342742,7262,9608500,4333,13697
raw_probability_tta,0.65,150,0.4037275232968881,0.2529189278078223,0.29352545445856504,0.9996499471071629,0.6464221918665057,0.9981137230282728,0.0018862769939005375,6152,9609468,3365,14807
raw_probability_tta,0.65,200,0.3304988662130348,0.19796264855679202,0.22252970084439977,0.9997294241978396,0.6419821059867282,0.9980385708971079,0.001961429137736559,4664,9610232,2601,16295
raw_probability_tta,0.66,0,0.5274546361701302,0.35819245309923736,0.4791736246956061,0.9992635885799733,0.5865553089588912,0.9981320958559196,0.001867904094979167,10043,9605754,7079,10916
raw_probability_tta,0.66,3,0.5272865813603806,0.3580374665475975,0.4787442148955204,0.9992649409388461,0.586783625730651,0.998132511061064,0.0018674889579415321,10034,9605767,7066,10925
raw_probability_tta,0.66,5,0.5271827798535532,0.35794175451121746,0.47793310749535856,0.99926910204307,0.5877486358032108,0.9981348984906453,0.0018651015125215054,10017,9605807,7026,10942
raw_probability_tta,0.66,10,0.5281812899475654,0.3588630082904357,0.47707428789518724,0.9992817934109529,0.5915517955389034,0.9981456938244038,0.0018543062033131719,9999,9605929,6904,10960
raw_probability_tta,0.66,15,0.5271688587749364,0.35792891935761934,0.47330502409443514,0.9992971894965813,0.5948668745498951,0.9981528561131474,0.0018471438670530915,9920,9606077,6756,11039
raw_probability_tta,0.66,20,0.5255919732440065,0.3564766087176146,0.46862922849350225,0.9993140419686882,0.5983187134499279,0.9981594993954603,0.0018405006267130375,9822,9606239,6594,11137
raw_probability_tta,0.66,30,0.5213190392182057,0.3525568077528899,0.458227968891427,0.9993464985816346,0.6045574719875333,0.9981692567163575,0.001830743276514113,9604,9606551,6282,11355
raw_probability_tta,0.66,50,0.5031766912030835,0.33616305160795207,0.42888496588557234,0.9993986164120391,0.608598510493833,0.9981574233697376,0.0018425766611471772,8989,9607052,5781,11970
raw_probability_tta,0.66,75,0.4941870654903038,0.3281862269639852,0.4035974998805269,0.9994990030514408,0.6372128060258853,0.9982025769292082,0.0017974231159314513,8459,9608017,4816,12500
raw_probability_tta,0.66,100,0.44634611832775767,0.2872880012679159,0.34591345006901764,0.999555073930858,0.6289580983771762,0.9981330300674948,0.0018669699784368277,7250,9608556,4277,13709
raw_probability_tta,0.66,150,0.39928675208017456,0.24944302335165877,0.28846796125755597,0.9996588934812444,0.6483646112593583,0.9981116470025501,0.0018883530283346772,6046,9609554,3279,14913
raw_probability_tta,0.66,200,0.3305790985494767,0.19802022261866004,0.2223865642443712,0.9997317128051627,0.6437845303858512,0.9980405431215446,0.001959456829354167,4661,9610254,2579,16298
raw_probability_tta,0.67,0,0.5278620216776477,0.35856830640236514,0.4775036976952729,0.9992768000858843,0.5900943396222935,0.9981416455742443,0.0018583544297143817,10008,9605881,6952,10951
raw_probability_tta,0.67,3,0.5277880403228671,0.35850003584987505,0.47712200009519673,0.9992785685551794,0.5904930617061762,0.9981425797858197,0.0018574201967567205,10000,9605898,6935,10959
raw_probability_tta,0.67,5,0.5278350515462522,0.358543417366818,0.47635860489504445,0.999283561880248,0.59178471934053,0.9981459014269761,0.0018540985183790326,9984,9605946,6887,10975
raw_probability_tta,0.67,10,0.5282448416696207,0.3589216852271024,0.47516579989480645,0.9992938606132022,0.594673672896283,0.9981535827221504,0.0018464173190295696,9959,9606045,6788,11000
raw_probability_tta,0.67,15,0.5282525101472634,0.3589287658306931,0.4719213702941591,0.9993136258582658,0.5998544484197951,0.9981662464790594,0.0018337535439059138,9891,9606235,6598,11068
raw_probability_tta,0.67,20,0.5257075281531632,0.35658292923019047,0.4666253160931024,0.9993271494469935,0.6019202363364095,0.998168218703496,0.0018317813519388437,9780,9606365,6468,11179
raw_probability_tta,0.67,30,0.5205427201393525,0.3518470774555811,0.45579464669094144,0.9993558610661384,0.6067322959665883,0.9981733049665169,0.0018266950501129031,9553,9606641,6192,11406
raw_probability_tta,0.67,50,0.5017002501192981,0.33484638181328175,0.4258790972849726,0.9994072507033037,0.6103665207873288,0.9981594993954603,0.0018405006267130375,8926,9607135,5698,12033
raw_probability_tta,0.67,75,0.49421686041389884,0.32821250777834154,0.4026432558803365,0.9995055567905934,0.6397058823524562,0.9982070403845122,0.0017929596360772848,8439,9608080,4753,12520
raw_probability_tta,0.67,100,0.4462952680608161,0.2872458703937868,0.3451500548688653,0.999560483366349,0.6312941792472019,0.9981367669137958,0.001863233046606183,7234,9608608,4225,13725
raw_probability_tta,0.67,150,0.3994046634693569,0.2495350663304337,0.2880862636574798,0.9996631586130739,0.6509271237595396,0.9981150724449926,0.0018849275074899197,6038,9609595,3238,14921
raw_probability_tta,0.67,200,0.33069356156101753,0.19810236991013994,0.2221480032443236,0.9997353537713586,0.6466666666657686,0.9980436571601287,0.00195634295232594,4656,9610289,2544,16303
raw_probability_tta,0.68,0,0.5272895957586409,0.358040246229037,0.4745455412946827,0.9992905317298231,0.5932243826788779,0.9981489116642741,0.0018510883674025536,9946,9606013,6820,11013
raw_probability_tta,0.68,3,0.5273879943763689,0.3581309892642272,0.4743069802946351,0.9992927163095406,0.5938470728789762,0.9981505724848524,0.0018494274700060487,9941,9606034,6799,11018
raw_probability_tta,0.68,5,0.5274596806332791,0.35819710584231595,0.4735912972944923,0.9992976056070038,0.5951552943994513,0.9981538941260089,0.0018461059080436826,9926,9606081,6752,11033
raw_probability_tta,0.68,10,0.528297860990951,0.3589706415366586,0.47254162889428286,0.9993101929472811,0.5989718778345334,0.9981641704533366,0.0018358295783400536,9904,9606202,6631,11055
raw_probability_tta,0.68,15,0.5279746563572466,0.35867225971170574,0.46915406269360693,0.9993283977782607,0.6036589109211101,0.9981749657870951,0.00182503426913172,9833,9606377,6456,11126
raw_probability_tta,0.68,20,0.5252241546936035,0.35613829475521674,0.4639534328925693,0.999339944842482,0.6051403323165068,0.9981751733896674,0.0018248265841975808,9724,9606488,6345,11235
raw_probability_tta,0.68,30,0.5205029172486043,0.35181070873126274,0.4533136122904464,0.9993709450689501,0.6110753794696352,0.9981829584861278,0.0018170415423810482,9501,9606786,6047,11458
raw_probability_tta,0.68,50,0.5012416751324921,0.3344379589529902,0.4237320482845442,0.9994178615190746,0.6134558264829637,0.9981654160687703,0.0018345839343965054,8881,9607237,5596,12078
raw_probability_tta,0.68,75,0.4907361041560898,0.3251493032513661,0.39744262607929887,0.999515231357914,0.641262509622293,0.998205379563934,0.0017946204170584679,8330,9608173,4660,12629
raw_probability_tta,0.68,100,0.44608146589066294,0.28706875946128313,0.3438141132685988,0.999569013630008,0.6349458102029827,0.9981423721832473,0.001857627765275538,7206,9608690,4143,13753
raw_probability_tta,0.68,150,0.3993900417687465,0.2495236517271769,0.2874182928573465,0.9996688801313818,0.6542847833163307,0.9981193282977244,0.0018806717125698924,6024,9609650,3183,14935
raw_probability_tta,0.68,200,0.3307596513074788,0.19814980602796683,0.22176630564424743,0.9997401390412162,0.6504338091230752,0.998047601609002,0.0019523983355611563,4648,9610335,2498,16311
raw_probability_tta,0.69,0,0.5275093827356259,0.35824295010833035,0.47278018989433046,0.9993029110148892,0.5965683323295625,0.9981574233697376,0.0018425766611471772,9909,9606132,6701,11050
raw_probability_tta,0.69,3,0.5275802370487342,0.35830831011889647,0.47254162889428286,0.9993048875393956,0.5971301097307384,0.9981588765877435,0.0018411234486848116,9904,9606151,6682,11055
raw_probability_tta,0.69,5,0.5277762954265095,0.3584891982019869,0.47187365809414955,0.9993104010024922,0.5987045220651379,0.9981629248379029,0.00183707510586828,9890,9606204,6629,11069
raw_probability_tta,0.69,10,0.5284746579558949,0.35913391557483293,0.47087170189394967,0.9993216359838968,0.6021354484438058,0.9981719555497971,0.0018280444201081991,9869,9606312,6521,11090
raw_probability_tta,0.69,15,0.5282052664203628,0.3588851450335632,0.4675318478932833,0.999339944842482,0.6069747274525477,0.9981829584861278,0.0018170415423810482,9799,9606488,6345,11160
raw_probability_tta,0.69,20,0.5246488421279558,0.3556094691955758,0.4615678228920933,0.9993503476030418,0.6077014887866024,0.9981803634539744,0.0018196365563198924,9674,9606588,6245,11285
raw_probability_tta,0.69,30,0.5188873909812313,0.35033621874638693,0.44992604608977055,0.9993802035258483,0.6128151806598565,0.9981848269092783,0.001815173076465726,9430,9606875,5958,11529
raw_probability_tta,0.69,50,0.5010890781023165,0.3343021061371124,0.42258695548431574,0.9994242072030161,0.6154113396327019,0.9981692567163575,0.001830743276514113,8857,9607298,5535,12102
raw_probability_tta,0.69,75,0.49055712936718293,0.3249921801687813,0.39658380647912755,0.9995197045449548,0.642895815607825,0.9982079745960875,0.0017920254031196237,8312,9608216,4617,12647
raw_probability_tta,0.69,100,0.4459945436506554,0.2869967681441619,0.343193854668475,0.9995730707066263,0.6367177126665161,0.9981450710166869,0.001854929025284946,7193,9608729,4104,13766
raw_probability_tta,0.69,150,0.3992168314858966,0.24938844894056578,0.28698888305726084,0.9996712727663105,0.6555858310619557,0.9981207815157304,0.0018792185001075268,6015,9609673,3160,14944
raw_probability_tta,0.69,200,0.3307221193560993,0.19812286689411343,0.22157545684420937,0.9997419075105113,0.6517894736832958,0.9980489510257218,0.0019510489655658603,4644,9610352,2481,16315
raw_probability_tta,0.7,0,0.5278082448301202,0.3585186800405733,0.47068085309391156,0.9993178909900953,0.6007185482885149,0.9981678034983515,0.0018321964889764786,9865,9606276,6557,11094
raw_probability_tta,0.7,3,0.5277361319338917,0.3584521384927413,0.4702514432938259,0.9993199715422072,0.6012322332699315,0.998168945312499,0.0018310546875,9856,9606296,6537,11103
raw_probability_tta,0.7,5,0.5281986644853635,0.3588790495971871,0.46986974569374973,0.9993256930605151,0.6030618493566423,0.9981738239729476,0.0018261760706081986,9848,9606351,6482,11111
raw_probability_tta,0.7,10,0.5289305129445803,0.3595550839704513,0.46886778949354985,0.9993371360971308,0.6066423853320534,0.998183062287414,0.0018169376999139786,9827,9606461,6372,11132
raw_probability_tta,0.7,15,0.528634122554985,0.35928121662909773,0.46552793549288346,0.9993552369005049,0.6115324349729793,0.9981938576211725,0.001806142390705645,9757,9606635,6198,11202
raw_probability_tta,0.7,20,0.52357590624134,0.3546243308102807,0.45827568109143646,0.9993627268881079,0.6105778399335003,0.9981855535182813,0.001814446528442204,9605,9606707,6126,11354
raw_probability_tta,0.7,30,0.5197574280728492,0.3511299012270461,0.44777899708934216,0.9993998647433062,0.6193084334165109,0.9981997742944825,0.001800225698389113,9385,9607064,5769,11574
raw_probability_tta,0.7,50,0.49720574817504076,0.33085417220038293,0.41600267188300205,0.9994388750954053,0.6177991922336726,0.9981695681202158,0.001830431865528226,8719,9607439,5394,12240
raw_probability_tta,0.7,75,0.4905023965913692,0.32494413736315614,0.3954864258789086,0.9995266743945298,0.6456110288958286,0.9982125418526776,0.0017874581972137094,8289,9608283,4550,12670
raw_probability_tta,0.7,100,0.4459358687545221,0.2869481765833785,0.3423827472683132,0.9995787922249342,0.6392873051219249,0.9981490154655602,0.001850984524935484,7176,9608784,4049,13783
raw_probability_tta,0.7,150,0.3992288003189844,0.24939779051405872,0.28651176105716564,0.99967553789814,0.6581543182807341,0.9981239993556007,0.0018760006641969085,6005,9609714,3119,14954
raw_probability_tta,0.7,200,0.330884974684329,0.19823976758087744,0.2213846080441713,0.9997454444491016,0.6547199096928817,0.998052065064306,0.0019479349721223116,4640,9610386,2447,16319
raw_probability_tta,0.71,0,0.5275895450143789,0.35831689677830436,0.468056682093388,0.9993322467996678,0.6044734734114212,0.9981764190051011,0.0018235809402540326,9810,9606414,6419,11149
raw_probability_tta,0.71,3,0.5275594789534591,0.35828916103075914,0.4676272722933023,0.9993346394345965,0.6051120577881057,0.998177872223107,0.001822127727791667,9801,9606437,6396,11158
raw_probability_tta,0.71,5,0.5279693899545894,0.35866739886496113,0.46743642349326425,0.9993388005388204,0.6065127220945914,0.998181609069408,0.0018183909123763442,9797,9606477,6356,11162
raw_probability_tta,0.71,10,0.5289010305373053,0.3595278370227405,0.46648217949307386,0.9993513878790977,0.6106045465896761,0.9981920929993081,0.0018079070141538978,9777,9606598,6235,11182
raw_probability_tta,0.71,15,0.5281109751120555,0.3587980929148247,0.463190037692417,0.9993656396610646,0.6141971403260696,0.9981991514867656,0.001800848520360887,9708,9606735,6098,11251
raw_probability_tta,0.71,20,0.5229234605791777,0.3540259740258426,0.4552221002908272,0.9993767706148635,0.6142801957245594,0.9981929234095972,0.0018070766236633062,9541,9606842,5991,11418
raw_probability_tta,0.71,30,0.5191174836055021,0.3505460276952938,0.44567966028892325,0.9994082909793597,0.6215317053692051,0.9982036149420697,0.0017963850405067205,9341,9607145,5688,11618
raw_probability_tta,0.71,50,0.4960417622761313,0.32982415989612474,0.41256739348231664,0.9994530228497667,0.6218626393379202,0.9981762114025288,0.0018237886251881719,8647,9607575,5258,12312
raw_probability_tta,0.71,75,0.4871116396609226,0.32197460991222654,0.3908583424779852,0.9995335402164992,0.6462606500468236,0.9982093240128073,0.0017906760331243277,8192,9608349,4484,12767
raw_probability_tta,0.71,100,0.4451988662907013,0.2863381410255263,0.3409990934680371,0.9995837855500028,0.6411015428770711,0.9981509876899969,0.0018490123329684138,7147,9608832,4001,13812
raw_probability_tta,0.71,150,0.3982949247367796,0.24866932801054195,0.28531895605692764,0.9996786587263079,0.659389127797266,0.9981245183620313,0.001875481684692204,5980,9609744,3089,14979
raw_probability_tta,0.71,200,0.3301789094024461,0.19773310521805057,0.22057350064400946,0.9997481491668472,0.6563032367963426,0.9980529992758813,0.0019470007391646504,4623,9610412,2421,16336
raw_probability_tta,0.72,0,0.5273828188353443,0.3581262160870964,0.46543251109286443,0.9993467066368459,0.60835671967533,0.9981851383131368,0.0018148616654798388,9755,9606553,6280,11204
raw_probability_tta,0.72,3,0.5275034497685199,0.358237477490589,0.4650985256927978,0.9993496194098026,0.6092499999996192,0.9981873181401457,0.0018126819049939513,9748,9606581,6252,11211
raw_probability_tta,0.72,5,0.5278041117038578,0.3585148660581548,0.4648599646927502,0.9993532603759985,0.6104636591474871,0.9981904321787299,0.0018095677951350808,9743,9606616,6217,11216
raw_probability_tta,0.72,10,0.5287768806240577,0.3594131125728585,0.46400114509257884,0.999365535633459,0.6145728008085095,0.9982008123073438,0.001799187739379704,9725,9606734,6099,11234
raw_probability_tta,0.72,15,0.5272135808205005,0.35797015368610957,0.4600887446917982,0.9993780189461308,0.6172705159386651,0.9982047567562171,0.001795243239030242,9643,9606854,5979,11316
raw_probability_tta,0.72,20,0.522708505367321,0.35382895472317727,0.4530273390903893,0.9993887337895073,0.6177216836896638,0.9982000856983408,0.001799914287403226,9495,9606957,5876,11464
raw_probability_tta,0.72,30,0.5186982347526371,0.35016378628700245,0.443723460088533,0.9994174454086522,0.6241610738250845,0.9982084936025182,0.0017915064236149192,9300,9607233,5600,11659
raw_probability_tta,0.72,50,0.49571124287591517,0.3295319735179176,0.4108497542819739,0.999461969223848,0.6247551331345681,0.9981814014668358,0.0018185984808951616,8611,9607661,5172,12348
raw_probability_tta,0.72,75,0.48414572188503513,0.31938803674921357,0.38646882007710937,0.9995420704801582,0.647896336585628,0.9982082859999459,0.0017917139921337366,8100,9608431,4402,12859
raw_probability_tta,0.72,100,0.44475672974815916,0.28597245090547124,0.3397585762677896,0.9995899231787331,0.6436771219374097,0.9981544131324395,0.0018455868121236563,7121,9608891,3942,13838
raw_probability_tta,0.72,150,0.39769125546311757,0.2481988922665855,0.28436471205673725,0.9996822996925039,0.6611936986901916,0.9981260753813235,0.0018739246297627687,5960,9609779,3054,14999
raw_probability_tta,0.72,200,0.32976935455021283,0.1974394108074859,0.2200009542438952,0.9997508538845927,0.6581501570073393,0.9980544524938872,0.0019455475267022848,4611,9610438,2395,16348
raw_probability_tta,0.73,0,0.5273172057622921,0.358065706902784,0.46280834009234084,0.9993622067500799,0.6127218748022154,0.9981948956340339,0.0018051043152809143,9700,9606702,6131,11259
raw_probability_tta,0.73,3,0.5272638223768701,0.35801648006490117,0.4622835058922361,0.999365015495431,0.6134996517440553,0.9981965564546121,0.0018034435342997313,9689,9606729,6104,11270
raw_probability_tta,0.73,5,0.5274623532934326,0.358199570974052,0.46209265709219804,0.999367616185571,0.6143745242320385,0.998198736281621,0.0018012637738138437,9685,9606754,6079,11274
raw_probability_tta,0.73,10,0.5282750703800453,0.35894959699871526,0.4610907008919981,0.9993795793602147,0.618377271563464,0.9982084936025182,0.0017915064236149192,9664,9606869,5964,11295
raw_probability_tta,0.73,15,0.5265501319259767,0.35735870173461765,0.457035163891189,0.9993918546176752,0.6210048622362262,0.9982119190449608,0.0017880809027701616,9579,9606987,5846,11380
raw_probability_tta,0.73,20,0.5226386391922216,0.3537649305424219,0.45078486568994186,0.9994020493230238,0.6217425638321783,0.9982084936025182,0.0017915064236149192,9448,9607085,5748,11511
raw_probability_tta,0.73,30,0.5178731510531943,0.34941216497170474,0.44100386468799035,0.9994284723348456,0.6271968514618801,0.998213579865539,0.0017864201217889786,9243,9607339,5494,11716
raw_probability_tta,0.73,50,0.49611368909498377,0.3298877617925985,0.4080824466814218,0.99948319085539,0.6325715553578636,0.9981965564546121,0.0018034435342997313,8553,9607865,4968,12406
raw_probability_tta,0.73,75,0.48472835390561175,0.3198953502198756,0.38503745407682377,0.9995560101793083,0.6540768357913324,0.9982190813337044,0.0017809186829254031,8070,9608565,4268,12889
raw_probability_tta,0.73,100,0.4443540310464308,0.28563956061630963,0.3387089078675802,0.9995949165038018,0.6457745838254837,0.9981571119658791,0.0018428880721330643,7099,9608939,3894,13860
raw_probability_tta,0.73,150,0.39728636834528713,0.2478835647857509,0.28360131685658496,0.9996858366310941,0.6630968317707908,0.998127943804474,0.0018720561638474464,5944,9609813,3020,15015
raw_probability_tta,0.73,200,0.32928706986059036,0.19709374598131205,0.21938069564377147,0.9997534545747326,0.6598737083802241,0.9980556981093209,0.0019443018827587366,4598,9610463,2370,16361
raw_probability_tta,0.74,0,0.5282791817086402,0.3589533932950424,0.460804427691941,0.9993813478295098,0.6189041973722403,0.9982096354166657,0.0017903646221384406,9658,9606886,5947,11301
raw_probability_tta,0.74,3,0.528263666474904,0.3589390670335693,0.4603750178918553,0.9993838444920442,0.6196378114560623,0.9982111924359578,0.0017888075672090054,9649,9606910,5923,11310
raw_probability_tta,0.74,5,0.5285459777989507,0.3591997913793692,0.4600410324917887,0.9993879015686625,0.6210228004633382,0.9982145140771143,0.0017854858888313174,9642,9606949,5884,11317
raw_probability_tta,0.74,10,0.5293955892865508,0.35998504113673896,0.4592776372916364,0.9993986164120391,0.6247809437264719,0.9982235447890084,0.0017764552030712366,9626,9607052,5781,11333
raw_probability_tta,0.74,15,0.5266473269787191,0.3574482448243484,0.454744978290732,0.9994065225100645,0.6255578892093557,0.9982215725645718,0.0017784273950383067,9531,9607128,5705,11428
raw_probability_tta,0.74,20,0.5229510933064812,0.35405130523209627,0.4484469678894754,0.9994186937399194,0.6271435243873843,0.9982200155452796,0.001779984449967742,9399,9607245,5588,11560
raw_probability_tta,0.74,30,0.5184351252461249,0.34992401215792174,0.4394293620876762,0.9994423080063901,0.6320774140411556,0.9982239599941529,0.00177603994961828,9210,9607472,5361,11749
raw_probability_tta,0.74,50,0.4960288598607931,0.3298127514700055,0.40674650508115523,0.9994914090362321,0.6355300432379338,0.9982018503202053,0.0017981496639549732,8525,9607944,4889,12434
raw_probability_tta,0.74,75,0.4800556446002117,0.31583764424977484,0.3786917314755576,0.9995661008570512,0.6555170135442223,0.9982153444874033,0.001784655498340726,7937,9608662,4171,13022
raw_probability_tta,0.74,100,0.4410320956575075,0.2829000484416749,0.33436709766671385,0.9996033427398552,0.6476296090928308,0.9981560739530178,0.0018439260311424732,7008,9609020,3813,13951
raw_probability_tta,0.74,150,0.3933378196499349,0.24481675392659902,0.27887780905564247,0.9996966555020763,0.6671612829578047,0.9981284628109046,0.001871537184342742,5845,9609917,2916,15114
raw_probability_tta,0.74,200,0.3292219433487525,0.1970470835657337,0.2190467102437048,0.9997565754029005,0.6623863800307858,0.9980580855389021,0.0019419144373387098,4591,9610493,2340,16368
raw_probability_tta,0.75,0,0.5276759884280128,0.3583966465809505,0.4568920272911604,0.9994008009917567,0.6244131455394989,0.9982205345517103,0.0017794654704630375,9576,9607073,5760,11383
raw_probability_tta,0.75,3,0.5275173706847559,0.35825031832808096,0.4564149052910652,0.9994025694610518,0.6248611927620191,0.9982212611607133,0.0017787388060241938,9566,9607090,5743,11393
raw_probability_tta,0.75,5,0.5277333186156721,0.3584495426599346,0.4562240564910271,0.9994052741787973,0.6258262975321514,0.9982235447890084,0.0017764552030712366,9562,9607116,5717,11397
raw_probability_tta,0.75,10,0.5283593663452619,0.35902743799150927,0.4551266758908082,0.9994164051325962,0.6296785266350058,0.9982322640970441,0.0017677359282970428,9539,9607223,5610,11420
raw_probability_tta,0.75,15,0.5250299134595194,0.3559597026750345,0.4501168948898086,0.9994232709545657,0.6298571237811257,0.9982282158468847,0.0017717841546982527,9434,9607289,5544,11525
raw_probability_tta,0.75,20,0.5222719641856401,0.3534290150337587,0.44529796268884714,0.999433257604703,0.6314187132124812,0.998227696840454,0.0017723031342029572,9333,9607385,5448,11626
raw_probability_tta,0.75,30,0.5154358610912785,0.3471967613808634,0.43375161028654335,0.9994564557607514,0.6350237496502968,0.9982257246160173,0.0017742753261700273,9091,9607608,5225,11868
raw_probability_tta,0.75,50,0.49596288792962334,0.3297544215826612,0.4029772412804032,0.9995158555235476,0.6447328244269888,0.998218043320843,0.001781956641934812,8446,9608179,4654,12513
raw_probability_tta,0.75,75,0.47905759162289085,0.3149741824439359,0.3754473018749103,0.9995813929150741,0.661649709912838,0.9982235447890084,0.0017764552030712366,7869,9608809,4024,13090
raw_probability_tta,0.75,100,0.4379608441391946,0.28037763489855927,0.32873705806559056,0.9996239402057635,0.6558781532597279,0.9981643780559089,0.0018356218934059143,6890,9609218,3615,14069
raw_probability_tta,0.75,150,0.3888003796480157,0.24131111672126512,0.27362946705459534,0.9997079945110865,0.6713884336213165,0.9981283590096185,0.0018716410268098116,5735,9610026,2807,15224
raw_probability_tta,0.75,200,0.3289265699093516,0.19683549746315382,0.21842645164358107,0.99976084053473,0.6656972517076258,0.998060991974914,0.0019390080124139786,4578,9610534,2299,16381
raw_probability_tta,0.76,0,0.5274037129397264,0.3581454860195092,0.45407700749059876,0.9994159890221739,0.6289736302950043,0.9982295652636045,0.0017704347847029567,9517,9607219,5614,11442
raw_probability_tta,0.76,3,0.5274834988073306,0.35821907488309546,0.4537430220905321,0.9994185897123138,0.6298430359622293,0.9982314336867549,0.0017685663187876344,9510,9607244,5589,11449
raw_probability_tta,0.76,5,0.5274810642841807,0.35821682933249493,0.453552173290494,0.9994197340159754,0.6302041898696432,0.998232160295758,0.0017678396543487906,9506,9607255,5578,11453
raw_probability_tta,0.76,10,0.528106467689248,0.35879393182750396,0.4525025048902846,0.9994305528869576,0.6340419842220657,0.9982406720012214,0.0017593279480934143,9484,9607359,5474,11475
raw_probability_tta,0.76,15,0.5251524816740739,0.3560723906361285,0.44777899708934216,0.999438458984983,0.6348508421831598,0.9982382845716402,0.001761715393513441,9385,9607435,5398,11574
raw_probability_tta,0.76,20,0.5227036004840462,0.3538244597734846,0.44296006488838063,0.9994507342424435,0.6374622356491091,0.9982400491935045,0.0017599507700651884,9284,9607553,5280,11675
raw_probability_tta,0.76,30,0.5148892558217517,0.34670091630550676,0.4314614246860864,0.9994669625489168,0.6383143926020765,0.9982312260841827,0.0017687738873064518,9043,9607709,5124,11916
raw_probability_tta,0.76,50,0.4951230293206144,0.3290122973289226,0.4008301922799748,0.9995240737043898,0.6474260172621398,0.9982215725645718,0.0017784273950383067,8401,9608258,4575,12558
raw_probability_tta,0.76,75,0.47747001625702357,0.3136030300587019,0.3713440526740916,0.9995985574699977,0.6685277443732447,0.9982317450906134,0.0017682549078017473,7783,9608974,3859,13176
raw_probability_tta,0.76,100,0.43434246355904715,0.27741856277611826,0.3234410038645339,0.999638296015336,0.6609789391569217,0.9981671806906347,0.0018328193109482527,6779,9609356,3477,14180
raw_probability_tta,0.76,150,0.38938053097331876,0.24175824175813956,0.27291378405445255,0.9997190214372798,0.6792542453382266,0.9981378049266572,0.001862195087596774,5720,9610132,2701,15239
raw_probability_tta,0.76,200,0.33168640558005824,0.19881538260520062,0.2178061930434573,0.9997917367335926,0.6951423785584054,0.9980904715401776,0.0019095285097137094,4565,9610831,2002,16394
raw_probability_tta,0.77,0,0.5272302038087406,0.3579854809436033,0.45173910969013226,0.9994289924728735,0.6330146419732345,0.9982374541613511,0.0017625457840040326,9468,9607344,5489,11491
raw_probability_tta,0.77,3,0.5273629068210747,0.35810785241235266,0.45150054869008466,0.9994313851078023,0.6338669703257861,0.9982393225845015,0.0017606774345040321,9463,9607367,5466,11496
raw_probability_tta,0.77,5,0.5273310104528147,0.3580784373105852,0.4513096998900466,0.9994323213562527,0.6341512469826802,0.9982398415909323,0.0017601584549993277,9459,9607376,5457,11500
raw_probability_tta,0.77,10,0.5272111698703021,0.3579679306936857,0.44949663628968484,0.9994425160616013,0.6374154262512601,0.9982460696681007,0.0017539303516969085,9421,9607474,5359,11538
raw_probability_tta,0.77,15,0.5238242487278206,0.3548522242533688,0.4445345674886948,0.9994489657731483,0.6375393458323269,0.9982417100140828,0.0017582899890840054,9317,9607536,5297,11642
raw_probability_tta,0.77,20,0.5224049273886754,0.3535508050019681,0.4410992890880094,0.9994600967269472,0.640457222029345,0.9982453430590976,0.0017546568997204304,9245,9607643,5190,11714
raw_probability_tta,0.77,30,0.5145567269505116,0.34639944606849266,0.4296483610857247,0.9994760129506037,0.6412904144704163,0.9982363123472036,0.001763687701895833,9005,9607796,5037,11954
raw_probability_tta,0.77,50,0.49381837587817795,0.3278611078302713,0.39734720167927984,0.9995379093759343,0.6521534847293248,0.9982278006417401,0.0017721994081512094,8328,9608391,4442,12631
raw_probability_tta,0.77,75,0.47396812675303657,0.31058861552122546,0.36681139367318727,0.9996053192643616,0.6695697613650325,0.9982286310520292,0.001771368901245296,7688,9609039,3794,13271
raw_probability_tta,0.77,100,0.43178807947005915,0.27533783783772436,0.31886063266361997,0.999655356542654,0.6685674269701194,0.9981742391780921,0.001825760817155242,6683,9609520,3313,14276
raw_probability_tta,0.77,150,0.38903661280412183,0.24149314372767838,0.27224581325431924,0.9997223503206589,0.6813134328350073,0.9981396733498077,0.0018603266216814518,5706,9610164,2669,15253
raw_probability_tta,0.77,200,0.31998534530122,0.1904658060013126,0.20835917744157242,0.9997951696445773,0.6892361111100234,0.9980733443279646,0.0019266556482762098,4367,9610864,1969,16592
raw_probability_tta,0.78,0,0.5264217976332206,0.35724048902712535,0.4489240898895706,0.9994404355094894,0.6362591290231023,0.9982427480269442,0.0017572520300745964,9409,9607454,5379,11550
raw_probability_tta,0.78,3,0.526477832512168,0.3572921019639261,0.44873324108953255,0.9994419959235733,0.6368068251062111,0.9982438898410917,0.001756110112182796,9405,9607469,5364,11554
raw_probability_tta,0.78,5,0.5265486725662243,0.3573573573572215,0.44854239228949444,0.9994436603652629,0.6373991457043613,0.9982451354565254,0.0017548645846545696,9401,9607485,5348,11558
raw_probability_tta,0.78,10,0.5266501742942409,0.3574508681547959,0.4469201774891708,0.9994542711810338,0.6410045849581598,0.9982521939439829,0.001747806090861559,9367,9607587,5246,11592
raw_probability_tta,0.78,15,0.5221248940377163,0.3532943290886187,0.44081301588795224,0.9994598886717361,0.6402189730436975,0.9982445126488085,0.0017554874066263437,9239,9607641,5192,11720
raw_probability_tta,0.78,20,0.521154337277455,0.35240617084950787,0.43814113268741917,0.9994695632390567,0.6429771740648067,0.9982483532963957,0.0017516467487439513,9183,9607734,5099,11776
raw_probability_tta,0.78,30,0.5147058823527934,0.3465346534652125,0.4275013120852963,0.9994905768153873,0.6466046041707103,0.9982461734693868,0.0017538265092298388,8960,9607936,4897,11999
raw_probability_tta,0.78,50,0.4922599695766122,0.3264886251235108,0.39372107447855637,0.9995510168542396,0.6565881604068614,0.9982329907060471,0.0017670092638581991,8252,9608517,4316,12707
raw_probability_tta,0.78,75,0.47023846392057284,0.3073933111991629,0.36223102247227335,0.9996110407826695,0.6700202982961168,0.9982243751992975,0.001775624812580645,7592,9609094,3739,13367
raw_probability_tta,0.78,100,0.43130378308152906,0.2749441086361369,0.31685672026322015,0.9996676318001145,0.6751728344848767,0.9981821280758387,0.0018178719328716397,6641,9609638,3195,14318
raw_probability_tta,0.78,150,0.3841982427236463,0.2377756064402745,0.2670451834532816,0.9997316087775571,0.6844808609506121,0.9981375973240849,0.0018624026561155915,5597,9610253,2580,15362
raw_probability_tta,0.78,200,0.32005575117359153,0.19051569800437076,0.20816832864153434,0.9997979783899285,0.6919904837419636,0.9980757317575458,0.001924268202856183,4363,9610891,1942,16596
raw_probability_tta,0.79,0,0.5258337313515226,0.35669906613289243,0.44649076768908513,0.9994511503528659,0.6394697280301767,0.9982481456938235,0.0017518543172627687,9358,9607557,5276,11601
raw_probability_tta,0.79,3,0.5259754863374211,0.3568295380858386,0.44634763108905656,0.9994530228497667,0.6401833983435022,0.9982497027131155,0.0017502972623333335,9355,9607575,5258,11604
raw_probability_tta,0.79,5,0.5260167632332435,0.356867534251667,0.44615678228901845,0.999454479236245,0.6406988694754089,0.998250740725977,0.0017492593033239245,9351,9607589,5244,11608
raw_probability_tta,0.79,10,0.525884712062438,0.3567459861285371,0.44420058208862817,0.9994655061624383,0.6443798449607943,0.998257487809576,0.0017425122205168009,9310,9607695,5138,11649
raw_probability_tta,0.79,15,0.521748999801231,0.35295020922094783,0.4386659668875239,0.999470499487507,0.6436572388682136,0.9982504293221185,0.0017495707143098116,9194,9607743,5090,11765
raw_probability_tta,0.79,20,0.5205479452053312,0.35185185185171636,0.4360417958870003,0.9994783015579268,0.6456831990952058,0.9982525053478413,0.0017474946798756719,9139,9607818,5015,11820
raw_probability_tta,0.79,30,0.5139761397036154,0.34587340986644977,0.42549739968489647,0.9994980668029904,0.648912173469658,0.9982492875079709,0.0017507125157862902,8918,9608008,4825,12041
raw_probability_tta,0.79,50,0.48898889888974234,0.32361701282700306,0.3888067178775758,0.9995607954491658,0.6587179694441365,0.9982320564944718,0.0017679434968158603,8149,9608611,4222,12810
raw_probability_tta,0.79,75,0.4696532240537488,0.30689333387418066,0.36089508087200683,0.999616346190555,0.6722360469243936,0.9982267626288787,0.0017732373671606183,7564,9609145,3688,13395
raw_probability_tta,0.79,100,0.43071916693770557,0.2744691439945776,0.3157593396630012,0.9996720009595497,0.6773104083505502,0.9981841003002754,0.0018158997409045696,6618,9609680,3153,14341
raw_probability_tta,0.79,150,0.38389880031611706,0.23754626281523053,0.2664249248531579,0.9997349376609362,0.6866699458919249,0.9981395695485216,0.0018604304641485214,5584,9610285,2548,15375
raw_probability_tta,0.79,200,0.32011456267888666,0.190557377049097,0.20797747984149625,0.999800683107674,0.6946613545805663,0.9980780153858408,0.001921984599903226,4359,9610917,1916,16600
raw_probability_tta,0.8,0,0.5254696226094304,0.3563640537127065,0.44443914308867577,0.9994611370030032,0.642635391513872,0.9982536471619888,0.0017463528783991933,9315,9607653,5180,11644
raw_probability_tta,0.8,3,0.5256710604305722,0.35654937397084024,0.4442960064886472,0.9994634256103264,0.643538355217247,0.9982556193864255,0.0017443805700168014,9312,9607675,5158,11647
raw_probability_tta,0.8,5,0.5255577520472958,0.35644512545475715,0.44396202108858057,0.9994646739415936,0.6439000761188541,0.9982561383928562,0.0017438615905120969,9305,9607687,5146,11654
raw_probability_tta,0.8,10,0.5253126861225431,0.3562197092082636,0.4418626842881617,0.9994758048953926,0.6476223776219246,0.998262677873883,0.0017373220762237906,9261,9607794,5039,11698
raw_probability_tta,0.8,15,0.5215608088862087,0.35277799183156633,0.43685290328716214,0.9994803821100388,0.6470214119138951,0.9982563459954285,0.0017436540219932795,9156,9607838,4995,11803
raw_probability_tta,0.8,20,0.5195985933612033,0.3509849362686941,0.4335607614865053,0.9994870398767971,0.6482379797398714,0.9982558269889977,0.001744173001497984,9087,9607902,4931,11872
raw_probability_tta,0.8,30,0.5133086448326255,0.3452691394541917,0.42325492628444905,0.9995075333150998,0.6520396912894876,0.9982538547645611,0.001746145193465054,8871,9608099,4734,12088
raw_probability_tta,0.8,50,0.48881001082887476,0.32346032883461784,0.38766162507734736,0.9995672451607128,0.6613756613751229,0.9982360009433451,0.00176399911288172,8125,9608673,4160,12834
raw_probability_tta,0.8,75,0.4669784845648684,0.3046131315595539,0.3572689536712833,0.9996231079849188,0.673926739266786,0.9982256208147312,0.0017743791686370969,7488,9609210,3623,13471
raw_probability_tta,0.8,100,0.4303780964796511,0.27419220865509003,0.3149959444628489,0.99967553789814,0.6791482357775134,0.9981859687234259,0.0018140312749892473,6602,9609714,3119,14357
raw_probability_tta,0.8,150,0.383670097414759,0.23737115597570602,0.26590009065305314,0.9997379544614986,0.6887048937213437,0.9981414379716721,0.0018585619982331991,5573,9610314,2519,15386
raw_probability_tta,0.8,200,0.3200147031794449,0.19048660948705123,0.20769120664143914,0.9998030757426027,0.6969260326597871,0.9980797800077053,0.0019202199764549732,4353,9610940,1893,16606
raw_probability_tta,0.81,0,0.5250516894665294,0.3559797219447131,0.44224438188823784,0.9994716437911686,0.6460133816555297,0.9982593562327265,0.0017406437546014786,9269,9607754,5079,11690
raw_probability_tta,0.81,3,0.5251643618225672,0.3560833141186857,0.4421012452882093,0.9994733082328582,0.6466606183260195,0.9982607056494464,0.0017392943846061826,9266,9607770,5063,11693
raw_probability_tta,0.81,5,0.5250205551301282,0.35595109949240505,0.44176725988814264,0.9994743485089141,0.6469396310783629,0.9982610170533047,0.0017389829736202955,9259,9607780,5053,11700
raw_probability_tta,0.81,10,0.5243614203945314,0.3553454264761268,0.4392862254876476,0.9994849593246851,0.6503037152135539,0.9982662071176117,0.0017337928293272853,9207,9607882,4951,11752
raw_probability_tta,0.81,15,0.5216047616320834,0.352818209971991,0.4348489908867623,0.9994930734779217,0.6516050618426742,0.9982646500983197,0.0017353498842567205,9114,9607960,4873,11845
raw_probability_tta,0.81,20,0.5186717223944276,0.35013962147054367,0.4307457416859436,0.9994980668029904,0.6516999927808765,0.9982607056494464,0.0017392943846061826,9028,9608008,4825,11931
raw_probability_tta,0.81,30,0.5120994683785516,0.3441758756685758,0.4205353308839064,0.9995162716339699,0.6546345811046831,0.9982566573992869,0.0017433426110073924,8814,9608183,4650,12145
raw_probability_tta,0.81,50,0.4865893439650579,0.32151838103208336,0.384321771076681,0.9995741109826822,0.66301753230664,0.9982355857382006,0.001764414249919355,8055,9608739,4094,12904
raw_probability_tta,0.81,75,0.46392430840550647,0.30201917193542643,0.35326112887048366,0.9996300778344939,0.675547445254858,0.9982238561928668,0.0017761437920853496,7404,9609277,3556,13555
raw_probability_tta,0.81,100,0.43012016718899226,0.27398286047080705,0.31423254926269656,0.9996796990023639,0.6814278323841888,0.9981884599542933,0.0018115401035174727,6586,9609754,3079,14373
raw_probability_tta,0.81,150,0.3763515386746686,0.23179373345845136,0.2590772460516918,0.9997433638969897,0.6876028871714732,0.9981319920546334,0.0018680079374462366,5430,9610366,2467,15529
raw_probability_tta,0.81,200,0.31976744186034745,0.19031141868503773,0.20730950904136297,0.9998052603223202,0.6988901399377532,0.9980811294244251,0.0019188706064596772,4345,9610961,1872,16614
raw_probability_tta,0.82,0,0.5244725377977494,0.3554474933424586,0.4394293620876762,0.9994848552970795,0.6503318740286327,0.998266414720184,0.0017335852608084679,9210,9607881,4952,11749
raw_probability_tta,0.82,3,0.5244809023325858,0.3554551772062561,0.4392862254876476,0.9994857915455299,0.650671378091413,0.9982670375279008,0.0017329624388366938,9207,9607890,4943,11752
raw_probability_tta,0.82,5,0.5244229125105374,0.35540190814617967,0.43899995228759053,0.9994871439044026,0.6511216474413338,0.9982677641369038,0.0017322358908131719,9201,9607903,4930,11758
raw_probability_tta,0.82,10,0.5237795455844664,0.35481119640212655,0.43666205448712403,0.9994970265269344,0.6543218703076754,0.9982725389960662,0.0017274609999731183,9152,9607998,4835,11807
raw_probability_tta,0.82,15,0.5209219450510056,0.3521936812651645,0.4324156686862768,0.9995033722108759,0.6549830165493568,0.9982696325600543,0.0017303674248978496,9063,9608059,4774,11896
raw_probability_tta,0.82,20,0.5179864416556994,0.3495153190328378,0.4283601316854676,0.9995081574807334,0.6550415876253793,0.9982655843098949,0.0017344156512990594,8978,9608105,4728,11981
raw_probability_tta,0.82,30,0.5119089316986247,0.34400376603493626,0.41838828188347804,0.9995285468914306,0.6592737388161346,0.9982642348931751,0.0017357651377096772,8769,9608301,4532,12190
raw_probability_tta,0.82,50,0.4864963282149401,0.3214371641670056,0.3824609952763097,0.999586074157326,0.6682784493533402,0.9982434746359472,0.0017565253656357527,8016,9608854,3979,12943
raw_probability_tta,0.82,75,0.4633939508148926,0.30156978170210874,0.35197289947022664,0.9996355912975905,0.6780330882346709,0.9982265550263064,0.0017734449356794357,7377,9609330,3503,13582
raw_probability_tta,0.82,100,0.42624565088937627,0.2708463688314892,0.30979531466181126,0.9996864607967277,0.6829704428308794,0.9981855535182813,0.001814446528442204,6493,9609819,3014,14466
raw_probability_tta,0.82,150,0.3702152901356048,0.22715594758918078,0.2531132210505019,0.9997508538845927,0.6889610389601443,0.998126490586468,0.001873509376309812,5305,9610438,2395,15654
raw_probability_tta,0.82,200,0.31944597929777896,0.19008373153294897,0.20688009924127732,0.9998073408744322,0.7007110536510978,0.9980822712385726,0.0019177288049831986,4336,9610981,1852,16623
raw_probability_tta,0.83,0,0.523415820340288,0.35447746735368135,0.436471205687086,0.9994956741680616,0.653615318662008,0.9982707743742019,0.001729225623421371,9148,9607985,4848,11811
raw_probability_tta,0.83,3,0.5232671283840298,0.35434108527118047,0.43618493248702883,0.9994964023613009,0.6537938925833843,0.998270878175488,0.0017291217809543014,9142,9607992,4841,11817
raw_probability_tta,0.83,5,0.523063707945448,0.3541545500366972,0.4358032348869527,0.9994973386097512,0.6540168981808291,0.9982709819767741,0.0017290180549025536,9134,9608001,4832,11825
raw_probability_tta,0.83,10,0.5226893656178402,0.35381141477834077,0.4336084736865148,0.9995082615083389,0.6578356858482389,0.9982771062526563,0.001722893794067204,9088,9608106,4727,11871
raw_probability_tta,0.83,15,0.5201905036800346,0.3515253179369776,0.42993463428578177,0.99951367094383,0.6584100540693713,0.9982745112205028,0.0017254888080060482,9011,9608158,4675,11948
raw_probability_tta,0.83,20,0.5169997103966067,0.34861740353056214,0.4258790972849726,0.999516791771998,0.6577260334532034,0.9982688021497652,0.001731197815388441,8926,9608188,4645,12033
raw_probability_tta,0.83,30,0.5113742964351222,0.3435210712877733,0.41614580848303057,0.9995390536795958,0.6631186801485113,0.9982698401626265,0.0017301598563790321,8722,9608402,4431,12237
raw_probability_tta,0.83,50,0.48580211218294866,0.32083132336375586,0.38079106827597653,0.9995925238688731,0.6707850058827779,0.9982462772706729,0.001753722783178091,7981,9608916,3917,12978
raw_probability_tta,0.83,75,0.4592658060034534,0.29808243874444884,0.34710625506925563,0.9996414168435039,0.678511471739714,0.998221780167144,0.0017782198265194893,7275,9609386,3447,13684
raw_probability_tta,0.83,100,0.4256816761502399,0.27039110813961625,0.3087456462616018,0.9996907259285572,0.6851969504440012,0.998187525742718,0.001812474220059812,6471,9609860,2973,14488
raw_probability_tta,0.83,150,0.3698189697349655,0.22685760836932348,0.25244525025036857,0.9997540787403663,0.6911822338331924,0.9981282552083324,0.0018717447528615594,5291,9610469,2364,15668
raw_probability_tta,0.83,200,0.31948080681429275,0.190108395137495,0.20668925044123923,0.9998098375369665,0.7032467532456116,0.9980843472642954,0.001915652770549059,4332,9611005,1828,16627
raw_probability_tta,0.84,0,0.52246093749985,0.3536021150031672,0.4339424590865814,0.9995046205421431,0.6563469726487289,0.9982741998166444,0.0017258002189919353,9095,9608071,4762,11864
raw_probability_tta,0.84,3,0.5223837710474909,0.35353142501541945,0.4337038980865338,0.9995055567905934,0.6566495701794,0.998274615021789,0.0017253849655389786,9090,9608080,4753,11869
raw_probability_tta,0.84,5,0.5223091076355445,0.3534630350193177,0.4334176248864767,0.9995068051218606,0.6570705244118212,0.9982752378295059,0.0017247621435672045,9084,9608092,4741,11875
raw_probability_tta,0.84,10,0.5217767772099975,0.35297563261467,0.43127057588604834,0.9995163756615756,0.660359438924123,0.9982801164899544,0.0017198835266754031,9039,9608184,4649,11920
raw_probability_tta,0.84,15,0.5185271025869808,0.3500078222777104,0.42697647788519155,0.9995205367657995,0.660053105177268,0.9982749264256474,0.0017250735545530915,8949,9608224,4609,12010
raw_probability_tta,0.84,20,0.5159790819289611,0.34768989819876756,0.4236843360845347,0.9995234495387563,0.6596835301978606,0.9982706705729157,0.0017293294658884406,8880,9608252,4581,12079
raw_probability_tta,0.84,30,0.5105407074180381,0.342769157882134,0.41423732048264983,0.9995453993635374,0.6651854121968547,0.9982720199896356,0.0017279799794778228,8682,9608463,4370,12277
raw_probability_tta,0.84,50,0.48380975699317996,0.31909568025824825,0.3771172288752435,0.9996035507950665,0.6746905676477382,0.9982492875079709,0.0017507125157862902,7904,9609022,3811,13055
raw_probability_tta,0.84,75,0.4588473461123367,0.2977299782437922,0.3460565866690462,0.9996460980857559,0.6807132801495254,0.9982241675967253,0.0017758323810994625,7253,9609431,3402,13706
raw_probability_tta,0.84,100,0.4134557795965883,0.2606014848369361,0.2964358986591457,0.9997001924406667,0.6831225948315743,0.9981701909279327,0.0018298090435564518,6213,9609951,2882,14746
raw_probability_tta,0.84,150,0.3693179829931871,0.22648068669518176,0.2517772794502353,0.999756471375295,0.6927014964548533,0.9981291894199076,0.00187081063631922,5277,9610492,2341,15682
raw_probability_tta,0.84,200,0.3193593623144441,0.1900223969082649,0.20645068944119163,0.9998115019786561,0.7048379214844358,0.998085489078443,0.0019145109690725803,4327,9611021,1812,16632
raw_probability_tta,0.85,0,0.5217892884952205,0.3529870839347746,0.43160456128611496,0.9995143991370692,0.6596179087059504,0.9982788708745207,0.0017211291706189513,9046,9608165,4668,11913
raw_probability_tta,0.85,3,0.5215660252155098,0.3527827648113524,0.43127057588604834,0.9995149192750973,0.6596847175589988,0.9982786632719485,0.0017213367391377687,9039,9608170,4663,11920
raw_probability_tta,0.85,5,0.5215357967665931,0.3527551060255583,0.4309843026859912,0.9995164796891812,0.6602587530146479,0.9982795974835237,0.0017204025061801076,9033,9608185,4648,11926
raw_probability_tta,0.85,10,0.520562237356754,0.3518649114557468,0.4285032682854962,0.9995251139804457,0.6630001476445718,0.998282815323394,0.0017171846702694893,8981,9608268,4565,11978
raw_probability_tta,0.85,15,0.517454037700571,0.34903068832887957,0.42435230688466796,0.9995294831398809,0.6628903629718544,0.9982781442655178,0.0017218557186424732,8894,9608310,4523,12065
raw_probability_tta,0.85,20,0.5153088003730929,0.3470814675149866,0.42158499928411586,0.9995319798024153,0.6626171728528963,0.998274615021789,0.0017253849655389786,8836,9608334,4499,12123
raw_probability_tta,0.85,30,0.5089921152879222,0.3413745296096885,0.4111837396820405,0.9995541376824075,0.6678549287037602,0.9982740960153583,0.001725903945043683,8618,9608547,4286,12341
raw_probability_tta,0.85,50,0.48330263965608244,0.31865463229031504,0.3756381506749484,0.9996101045342191,0.6774804233708996,0.9982526091491274,0.0017473908374086022,7873,9609085,3748,13086
raw_probability_tta,0.85,75,0.45855793011590507,0.2974863208128121,0.3450069182688368,0.9996517155764582,0.6835239625667042,0.9982274892378817,0.0017725108191370964,7231,9609485,3348,13728
raw_probability_tta,0.85,100,0.409016420855353,0.257083998990895,0.2917601030582128,0.9997059139589745,0.6838514873622412,0.9981657274726287,0.0018342725234106183,6115,9610006,2827,14844
raw_probability_tta,0.85,150,0.3596770766941577,0.21927211501091426,0.24233026384835044,0.9997707231572618,0.6973774543447792,0.9981228575414531,0.001877142465673387,5079,9610629,2204,15880
raw_probability_tta,0.85,200,0.31945931971772373,0.19009317862157607,0.20635526504117258,0.9998134785031625,0.7069303694006098,0.9980872537003073,0.0019127463456243277,4325,9611040,1793,16634
raw_probability_tta,0.86,0,0.5214747024238984,0.35269920864986576,0.4295529366857056,0.9995249059252346,0.6634487840820461,0.9982848913491168,0.0017151086358353496,9003,9608266,4567,11956
raw_probability_tta,0.86,3,0.5214519539961988,0.35267839648875243,0.4294098000856771,0.9995256341184738,0.6637168141588026,0.9982853065542614,0.0017146934987977147,9000,9608273,4560,11959
raw_probability_tta,0.86,5,0.5217088662662718,0.35291347851663607,0.42912352688561994,0.9995291710570641,0.6652366863900404,0.9982882129902733,0.0017117869574576616,8994,9608307,4526,11965
raw_probability_tta,0.86,10,0.5200058198747214,0.3513566653557407,0.4263085070850583,0.999534892575372,0.6664926152464071,0.9982877977851287,0.0017122022109106183,8935,9608362,4471,12024
raw_probability_tta,0.86,15,0.517389399912245,0.34897187426126647,0.42268237988433477,0.9995394697900183,0.6667921119970895,0.9982844761439722,0.0017155238892883062,8859,9608406,4427,12100
raw_probability_tta,0.86,20,0.5144698301111558,0.34632068775126335,0.41900854048360175,0.999542382562975,0.6662620438504921,0.9982793898809514,0.001720610074698925,8782,9608434,4399,12177
raw_probability_tta,0.86,30,0.5088280601965551,0.3412269548631829,0.40975237368175493,0.9995621478080385,0.6710947878403758,0.9982789746758068,0.0017210253281518817,8588,9608624,4209,12371
raw_probability_tta,0.86,50,0.48459591282321274,0.3197799959257202,0.3744930578747199,0.9996269570063259,0.6864013992123424,0.9982669337266147,0.0017330662813037634,7849,9609247,3586,13110
raw_probability_tta,0.86,75,0.4596514702601358,0.29840744570825295,0.3441958108686749,0.999665447220397,0.691658676892913,0.9982394263857878,0.0017605735920369625,7214,9609617,3216,13745
raw_probability_tta,0.86,100,0.4104633178668514,0.25822827650382507,0.2912352688581081,0.999721310044603,0.6949789365812421,0.9981799482488298,0.0018200516933575273,6104,9610154,2679,14855
raw_probability_tta,0.86,150,0.35159898748605956,0.21329699801011623,0.23526885824694152,0.9997754043995137,0.6954866008452815,0.9981121660089808,0.0018878340488299727,4931,9610674,2159,16028
raw_probability_tta,0.86,200,0.31961241170149796,0.19020160225363578,0.20616441624113452,0.9998170154417528,0.7106907894725153,0.9980903677388915,0.0019096322357654572,4321,9611074,1759,16638
raw_probability_tta,0.87,0,0.5205224423304766,0.35182854895778537,0.4268810534851725,0.999534892575372,0.6667908779246782,0.9982890434005623,0.00171095656696707,8947,9608362,4471,12012
raw_probability_tta,0.87,3,0.5203829254806878,0.3517010816124477,0.4266424924851249,0.9995354127134,0.6669152744625098,0.9982890434005623,0.00171095656696707,8942,9608367,4466,12017
raw_probability_tta,0.87,5,0.5204545454543938,0.3517665130566971,0.4261176582850202,0.9995391577072015,0.6684379911678254,0.9982916384327158,0.001708361553028226,8931,9608403,4430,12028
raw_probability_tta,0.87,10,0.5193583262716538,0.35076570887261177,0.42401832148460133,0.9995446711702981,0.6700090470441269,0.9982925726442912,0.0017074273200705647,8887,9608456,4377,12072
raw_probability_tta,0.87,15,0.5168157161704979,0.34845010279916633,0.4204876186838969,0.9995492483849444,0.6703940362082227,0.998289458605707,0.0017105414299294353,8813,9608500,4333,12146
raw_probability_tta,0.87,20,0.5127178520959396,0.3447347585113441,0.4154778376828973,0.9995525772683236,0.6693827350290803,0.9982818811118188,0.0017181189032271504,8708,9608532,4301,12251
raw_probability_tta,0.87,30,0.5071126718646191,0.33968583047590317,0.40650794408110763,0.99957109418212,0.6738906905001393,0.9982808430989574,0.0017191568622365594,8520,9608710,4123,12439
raw_probability_tta,0.87,50,0.4840117628848525,0.3192714501570959,0.3730139796744248,0.9996329906074506,0.6890534108930997,0.9982697363613404,0.00173026358243078,7818,9609305,3528,13141
raw_probability_tta,0.87,75,0.4591755276685317,0.29800638289041403,0.34305071806844645,0.9996704405454657,0.6941494497000442,0.998241917616655,0.001758082420565188,7190,9609665,3168,13769
raw_probability_tta,0.87,100,0.40670519449781783,0.25526047853374545,0.28708430745727986,0.9997281758665724,0.6972190034754376,0.9981777684218209,0.0018222315702587366,6017,9610220,2613,14942
raw_probability_tta,0.87,150,0.34683989520139724,0.2098041769787635,0.23054535044599905,0.9997844548012007,0.6998841251438298,0.9981109203935471,0.0018890795763581991,4832,9610761,2072,16127
raw_probability_tta,0.87,200,0.3195735070895859,0.19017404714686487,0.20592585524108692,0.9998194080766816,0.7131526767998791,0.998092236162042,0.0019077638862654567,4316,9611097,1736,16643
raw_probability_tta,0.88,0,0.5191228070173921,0.35055088259671024,0.42354119948450614,0.9995460235291709,0.670417642171535,0.9982928840481495,0.0017071159090846777,8877,9608469,4364,12082
raw_probability_tta,0.88,3,0.519159890013304,0.35058470290757326,0.42339806288447757,0.9995471678328325,0.6709004309362131,0.9982937144584386,0.0017062855185940862,8874,9608480,4353,12085
raw_probability_tta,0.88,5,0.5188742788530416,0.3503242644731294,0.42268237988433477,0.9995496644953669,0.6717470427656417,0.9982946486700139,0.001705351285636425,8859,9608504,4329,12100
raw_probability_tta,0.88,10,0.5175745118189642,0.34914032168594045,0.4204876186838969,0.9995544497652243,0.6729535736097487,0.9982946486700139,0.001705351285636425,8813,9608550,4283,12146
raw_probability_tta,0.88,15,0.5151952837139233,0.34697848010785876,0.41695691588319245,0.9995602753111378,0.673993521517296,0.9982927802468634,0.0017072197515517473,8739,9608606,4227,12220
raw_probability_tta,0.88,20,0.5106181322748243,0.34283896114212986,0.4112791640820596,0.9995647484981784,0.6732271165255598,0.9982848913491168,0.0017151086358353496,8620,9608649,4184,12339
raw_probability_tta,0.88,30,0.5059009829990422,0.33859936807569546,0.4039314852805936,0.9995793123629622,0.6767386091121689,0.9982834381311109,0.0017165618482977152,8466,9608789,4044,12493
raw_probability_tta,0.88,50,0.4828271535927946,0.3182413623709193,0.37091464287400594,0.9996391282361808,0.6914524593073988,0.9982712933806326,0.0017287066439166665,7774,9609364,3469,13185
raw_probability_tta,0.88,75,0.4525862068964061,0.2924791086349759,0.3356553270669709,0.9996781385882799,0.6945404284720164,0.9982335097124778,0.0017664902843534946,7035,9609739,3094,13924
raw_probability_tta,0.88,100,0.40621719548934804,0.2548761313898547,0.286177775657099,0.9997322329431907,0.699720018664606,0.9981798444475437,0.0018201555358245969,5998,9610259,2574,14961
raw_probability_tta,0.88,150,0.3463916043702033,0.20947620082581636,0.2299250918458753,0.9997871595189463,0.7019664967214829,0.9981122698102669,0.0018877302063629031,4819,9610787,2046,16140
raw_probability_tta,0.88,200,0.31903932396860046,0.18979582837227596,0.20535330884097266,0.9998212805735823,0.7147127200253824,0.9980928589697589,0.0019071410642936826,4304,9611115,1718,16655
raw_probability_tta,0.89,0,0.5182749611013363,0.3497780947850888,0.42115558948403015,0.999555073930858,0.673611111110597,0.9982967246957367,0.0017032752512022853,8827,9608556,4277,12132
raw_probability_tta,0.89,3,0.5183705835705841,0.34986520773852287,0.4210601650840111,0.9995563222621251,0.6741787624135415,0.998297762708598,0.0017022372921928763,8825,9608568,4265,12134
raw_probability_tta,0.89,5,0.5182331490411369,0.349740007144703,0.42039219428387786,0.9995595471178986,0.6754311996928513,0.9982995273304625,0.0017004726687446237,8811,9608599,4234,12148
raw_probability_tta,0.89,10,0.516450471697961,0.3481181193114947,0.41791115988338284,0.9995628760012777,0.6757966206306026,0.9982974513047397,0.0017025487031787634,8759,9608631,4202,12200
raw_probability_tta,0.89,15,0.5137126120527459,0.3456347784544187,0.41423732048264983,0.9995672451607128,0.6760629185479862,0.9982938182597249,0.0017061817925423384,8682,9608673,4160,12277
raw_probability_tta,0.89,20,0.5087630553157054,0.3411684891051396,0.4078915978813837,0.9995735908446542,0.6759171410494339,0.9982863445671227,0.001713655423372984,8549,9608734,4099,12410
raw_probability_tta,0.89,30,0.5029267853389059,0.3359400064162913,0.3996850994797463,0.9995862822125372,0.6780799740969093,0.9982811545028157,0.0017188454512506723,8377,9608856,3977,12582
raw_probability_tta,0.89,50,0.481944963267189,0.31747529016104764,0.3693401402736918,0.9996438094784327,0.6933273622922586,0.9982725389960662,0.0017274609999731183,7741,9609409,3424,13218
raw_probability_tta,0.89,75,0.45172313743175097,0.29175863074156005,0.3342716732666948,0.9996822996925039,0.6964214711722699,0.9982346515266253,0.001765348482877016,7006,9609779,3054,13953
raw_probability_tta,0.89,100,0.4029002280694411,0.2522699177286959,0.2823607996563374,0.9997399309860049,0.7030173437862877,0.9981792216398269,0.001820778357796371,5918,9610333,2500,15041
raw_probability_tta,0.89,150,0.34591443888736517,0.2091272948750504,0.22935254544576106,0.9997891360434527,0.7033947907510925,0.9981129964192699,0.0018870035419240594,4807,9610806,2027,16152
raw_probability_tta,0.89,200,0.3187061834636601,0.18956007589454638,0.20497161124089652,0.9998227369600606,0.7159999999988067,0.9980934817774757,0.0019065182423219085,4296,9611129,1704,16663
raw_probability_tta,0.9,0,0.5170541720758536,0.3486669319537013,0.41805429648341136,0.9995661008570512,0.6774916879295774,0.9983009805484684,0.001699019456282258,8762,9608662,4171,12197
raw_probability_tta,0.9,3,0.5168260715549308,0.34845951755419613,0.41767259888333524,0.999566933077896,0.6777115429273998,0.9983009805484684,0.001699019456282258,8754,9608670,4163,12205
raw_probability_tta,0.9,5,0.5171089179125001,0.3487167224612033,0.41748175008329713,0.999570053906064,0.6791896297440975,0.998303679381908,0.0016963205998763442,8750,9608700,4133,12209
raw_probability_tta,0.9,10,0.514715907406706,0.34654374201774163,0.4142850326826593,0.9995737988998655,0.6794209702655091,0.9983004615420378,0.0016995384357869625,8683,9608736,4097,12276
raw_probability_tta,0.9,15,0.5126422438124276,0.34466640031947876,0.41161314948212624,0.9995765036176111,0.6793983304452044,0.9982973475034536,0.001702652545645833,8627,9608762,4071,12332
raw_probability_tta,0.9,20,0.50675918172015,0.3393686909147815,0.40421775848065067,0.9995833694395805,0.6790093772536033,0.9982881091889871,0.0017118907999247313,8472,9608828,4005,12487
raw_probability_tta,0.9,30,0.5029578655075145,0.3359677419353484,0.3975380504793179,0.9996004299668985,0.684465620635271,0.9982906004198545,0.0017093996284529567,8332,9608992,3841,12627
raw_probability_tta,0.9,50,0.48119127150111407,0.31682150785155105,0.3677179254733681,0.9996497390519518,0.6959544879892577,0.9982749264256474,0.0017250735545530915,7707,9609466,3367,13252
raw_probability_tta,0.9,75,0.44777763379537133,0.288475184705811,0.32973901426579044,0.9996881252384173,0.6974467655659526,0.9982306032764658,0.001769396709278226,6911,9609835,2998,14048
raw_probability_tta,0.9,100,0.4025920873122774,0.2520283542573012,0.28159740445618514,0.9997441961178344,0.7058964238718981,0.9981818166719804,0.0018181833438575268,5902,9610374,2459,15057
raw_probability_tta,0.9,150,0.34556332444303844,0.20887068665030983,0.22873228684563732,0.9997926729820429,0.7063503757172442,0.9981151762462788,0.0018848237814381719,4794,9610840,1993,16165
raw_probability_tta,0.9,200,0.307888040712353,0.18195488721796463,0.19628799083916393,0.9998282504231574,0.7136166522103841,0.9980800914115636,0.0019199085654690862,4114,9611182,1651,16845
raw_probability_tta,0.91,0,0.5158097495923795,0.34753613928586075,0.4152392766828497,0.9995752552863438,0.6806663538239631,0.9983039907857665,0.0016960091888904572,8703,9608750,4083,12256
raw_probability_tta,0.91,3,0.5155647791282195,0.3473137607348323,0.41485757908277354,0.9995759834795831,0.6808394017691012,0.9983038869844804,0.0016961130313575268,8695,9608757,4076,12264
raw_probability_tta,0.91,5,0.5158169624308517,0.3475426880472077,0.4146667302827355,0.9995788962525398,0.6822356542894401,0.9983063782153476,0.0016936217434704304,8691,9608785,4048,12268
raw_probability_tta,0.91,10,0.513588331596811,0.34552226850354634,0.41161314948212624,0.999582953329158,0.6827318771757813,0.9983037831831942,0.0016962168738245964,8627,9608824,4009,12332
raw_probability_tta,0.91,15,0.510831294384284,0.34303117736621663,0.4084164320814884,0.9995844097156364,0.6818000796489989,0.9982982817150288,0.0017017183126881719,8560,9608838,3995,12399
raw_probability_tta,0.91,20,0.505778177997747,0.33848935315374107,0.40197528508020325,0.9995910674823947,0.6818549692451586,0.9982909118237129,0.0017090882174670696,8425,9608902,3931,12534
raw_probability_tta,0.91,30,0.5028671986405829,0.3358868352787225,0.39539100147888956,0.999613745500415,0.6905833333327578,0.9982992159266041,0.0017007840797305107,8287,9609120,3713,12672
raw_probability_tta,0.91,50,0.48173623543437866,0.31729416632175533,0.36590486187300636,0.9996659673584251,0.7048713235287638,0.9982871749774119,0.0017128250328823924,7669,9609622,3211,13290
raw_probability_tta,0.91,75,0.44316105455480187,0.28465439912801915,0.3240135502646481,0.9996985279989771,0.7008979254817825,0.9982285272507431,0.0017714727437123656,6791,9609935,2898,14168
raw_probability_tta,0.91,100,0.4021182097709593,0.25165704511428194,0.28078629705602326,0.9997476290288192,0.7080977018400816,0.9981834774925585,0.0018165225628763437,5885,9610407,2426,15074
raw_probability_tta,0.91,150,0.3451113437036326,0.2085405216783527,0.22811202824551355,0.9997953776997884,0.7085062240653401,0.9981165256629986,0.001883474295027554,4781,9610866,1967,16178
raw_probability_tta,0.91,200,0.3075482300055038,0.1817175741477726,0.19585858103907827,0.9998303309752693,0.7156555090643033,0.9980812332257112,0.0019187667639926076,4105,9611202,1631,16854
raw_probability_tta,0.92,0,0.514355492017955,0.346217072290467,0.4119948470822024,0.9995857620745092,0.6843940714903032,0.9983074162282091,0.0016925837844610214,8635,9608851,3982,12324
raw_probability_tta,0.92,3,0.514227823962184,0.34610139579642785,0.41170857388214527,0.9995866983229595,0.6847325821292772,0.9983077276320674,0.0016922723734751344,8629,9608860,3973,12330
raw_probability_tta,0.92,5,0.5145396522411899,0.34638396980269587,0.4115654372821167,0.9995897151235219,0.6862370723940443,0.9983104264655072,0.0016895735170692205,8626,9608889,3944,12333
raw_probability_tta,0.92,10,0.5123986718912051,0.34444623180232264,0.408654993081536,0.9995935641449291,0.6867382937775122,0.9983079352346398,0.001692064804956317,8565,9608926,3907,12394
raw_probability_tta,0.92,15,0.5092250922507697,0.3415841584157041,0.40493344148079347,0.999595644697041,0.6858736059474011,0.9983019147600437,0.0016980852233245969,8487,9608946,3887,12472
raw_probability_tta,0.92,20,0.5044920108530285,0.33733822521455575,0.3992079774796511,0.9996001178840817,0.6852018671683848,0.998293922061011,0.0017060779500752687,8367,9608989,3844,12592
raw_probability_tta,0.92,30,0.500854700854548,0.3340935005699894,0.3914308888780994,0.9996258127026643,0.6951953224297134,0.9983026413690467,0.001697358675301075,8204,9609236,3597,12755
raw_probability_tta,0.92,50,0.4811013925288196,0.3167435865451263,0.3634715396725209,0.9996783466434911,0.7112978524736588,0.9982942334648693,0.0017057665390893817,7618,9609741,3092,13341
raw_probability_tta,0.92,75,0.44210939801615695,0.2837871911244395,0.32220048666428636,0.9997048736829185,0.7041710114695472,0.9982309146803243,0.0017690852982923388,6753,9609996,2837,14206
raw_probability_tta,0.92,100,0.4026393566566765,0.2520654044749346,0.27949806765576624,0.9997627130316308,0.719744440348053,0.998195726044323,0.0018042739247903228,5858,9610552,2281,15101
raw_probability_tta,0.92,150,0.3447477852105063,0.2082750786437398,0.2274440574453803,0.9997993307488012,0.7119175627229511,0.998119016893866,0.0018809831235557795,4767,9610904,1929,16192
raw_probability_tta,0.92,200,0.3071439291609233,0.18143534731141386,0.19528603463896402,0.9998335558310428,0.7189531002973495,0.9980832054501478,0.0019167945720255375,4093,9611233,1600,16866
raw_probability_tta,0.93,0,0.5129603547989233,0.34495405448962396,0.4083687198814789,0.9995991816356313,0.6895746052201985,0.9983129176963744,0.001687082345597446,8559,9608980,3853,12400
raw_probability_tta,0.93,3,0.5128466496775558,0.3448512216755323,0.4080824466814218,0.9996002219116873,0.6899806389152227,0.998313332901519,0.0016866670921444893,8553,9608990,3843,12406
raw_probability_tta,0.93,5,0.513169736605114,0.3451434566803821,0.4080824466814218,0.9996024064914049,0.6911515151509566,0.9983155127285279,0.00168448721524328,8553,9609011,3822,12406
raw_probability_tta,0.93,10,0.5108162589883231,0.3430176175851208,0.4050288658808125,0.9996058394023896,0.691399250691732,0.9983122948886576,0.00168770516756922,8489,9609044,3789,12470
raw_probability_tta,0.93,15,0.5065684172377899,0.3391976057589828,0.4001622214798415,0.9996081280097127,0.6900608853046815,0.9983039907857665,0.0016960091888904572,8387,9609066,3767,12572
raw_probability_tta,0.93,20,0.5022045185025992,0.3352957895162876,0.39400734767861345,0.9996182186874557,0.6923205902073337,0.99830066914461,0.001699330867268145,8258,9609163,3670,12701
raw_probability_tta,0.93,30,0.498738228595895,0.3322127014061202,0.38661195667713794,0.9996429772575879,0.7024707412217577,0.9983092846513596,0.0016907153185456991,8103,9609401,3432,12856
raw_probability_tta,0.93,50,0.4780345352969534,0.31409026445302657,0.35927286607168313,0.9996863567691221,0.7140825035555105,0.9982930916507218,0.0017069083405658603,7530,9609818,3015,13429
raw_probability_tta,0.93,75,0.43942992874094766,0.28158295281571044,0.317763252063401,0.9997198536581245,0.7120709932634319,0.9982362085459174,0.0017637914279475808,6660,9610140,2693,14299
raw_probability_tta,0.93,100,0.40202528157599904,0.2515842565847948,0.2784483992555568,0.9997671862186716,0.7228139707694788,0.998197905871332,0.0018020941643044353,5836,9610595,2238,15123
raw_probability_tta,0.93,150,0.33766614184748356,0.20312775330387528,0.2200009542438952,0.9998188879386536,0.725913098235633,0.9981223385350224,0.0018776614451780915,4611,9611092,1741,16348
raw_probability_tta,0.93,200,0.2968093561938243,0.17426666666658922,0.18707953623732665,0.9998396934597731,0.7178689124849544,0.998071475904814,0.0019285241141915321,3921,9611292,1541,17038
raw_probability_tta,0.94,0,0.5122171945699813,0.34428223844268274,0.40507657808082204,0.9996149938316822,0.6964153884007084,0.998321533203124,0.001678466796875,8490,9609132,3701,12469
raw_probability_tta,0.94,3,0.5121627331440478,0.3442330317658549,0.40483801708077444,0.9996161381353438,0.696919917863904,0.9983221560108408,0.001677843974903226,8485,9609143,3690,12474
raw_probability_tta,0.94,5,0.5120758362515059,0.3441545266402856,0.4046471682807363,0.9996167623009773,0.6971639950672444,0.9983223636134132,0.0016776364063844085,8481,9609149,3684,12478
raw_probability_tta,0.94,10,0.5092637442478478,0.3416189431784486,0.40130731428007,0.9996190509083005,0.6966785388878516,0.9983173811516785,0.0016826188657432795,8411,9609171,3662,12548
raw_probability_tta,0.94,15,0.5044880572035587,0.3373346897251933,0.3955341380789181,0.999623836178158,0.6962875860904617,0.998309596055218,0.001690403907559812,8290,9609217,3616,12669
raw_probability_tta,0.94,20,0.502740606914137,0.3357738874344176,0.391669449878147,0.9996370476840688,0.701743887843476,0.9983143709143805,0.0016856291331350803,8209,9609344,3489,12750
raw_probability_tta,0.94,30,0.49658851259133585,0.33030778116992726,0.3819838732762145,0.9996588934812444,0.709437306157989,0.9983150975233834,0.0016849024686962366,8006,9609554,3279,12953
raw_probability_tta,0.94,50,0.47600473191147613,0.3123400327275994,0.35516961687086446,0.9997010246615115,0.7214576468300818,0.9982988007214595,0.0017011993331834674,7444,9609959,2874,13515
raw_probability_tta,0.94,75,0.4344905559987914,0.27753940269328453,0.31170380266219205,0.9997316087775571,0.7168879622509415,0.9982347553279115,0.0017652446404099464,6533,9610253,2580,14426
raw_probability_tta,0.94,100,0.4020024167096834,0.25156634835576563,0.27778042845542356,0.9997728037093738,0.7272045965516772,0.9982020579227775,0.0017979420954361558,5822,9610649,2184,15137
raw_probability_tta,0.94,150,0.33768615655478773,0.20314223928672795,0.21961925664381907,0.9998231530704831,0.73028716484098,0.998125763977465,0.0018742360407486558,4603,9611133,1700,16356
raw_probability_tta,0.94,200,0.2967399545108807,0.17421881954946397,0.18674555083726,0.9998432303983634,0.7220070097754621,0.9980742785395399,0.0019257214153185487,3914,9611326,1507,17045
raw_probability_tta,0.95,0,0.5100556789483343,0.34233204002436496,0.3999236604797939,0.9996331986626618,0.7038965401404904,0.9983284878892954,0.001671512145549059,8382,9609307,3526,12577
raw_probability_tta,0.95,3,0.5101202252319251,0.3423901940754474,0.39982823607977486,0.9996342389387177,0.7044384667109075,0.9983293182995845,0.0016706817550584674,8380,9609317,3516,12579
raw_probability_tta,0.95,5,0.5097286927923907,0.34203751379169545,0.39935111407967966,0.9996346550491401,0.7044268641636892,0.9983286954918676,0.0016713044606149197,8370,9609321,3512,12589
raw_probability_tta,0.95,10,0.5074945813107099,0.3400286357126856,0.39658380647912755,0.9996373597668856,0.704526190879213,0.9983253738507112,0.0016746261389926076,8312,9609347,3486,12647
raw_probability_tta,0.95,15,0.5029128595080324,0.3359275795681252,0.39128775227807083,0.9996406886502648,0.7036465036458999,0.9983171735491062,0.0016828264342620969,8201,9609379,3454,12758
raw_probability_tta,0.95,20,0.5020685396725835,0.3351745743846262,0.38794789827740445,0.9996567089015268,0.7113113463382806,0.9983258928571419,0.0016741071594879031,8131,9609533,3300,12828
raw_probability_tta,0.95,30,0.4939397725851262,0.3279681407117199,0.37721265327526254,0.9996726251251833,0.7152809192068078,0.9983184191645399,0.0016815807903185487,7906,9609686,3147,13053
raw_probability_tta,0.95,50,0.4700077399379289,0.30719615530529604,0.34767880146936986,0.9997126757533383,0.7251467807734847,0.9982941296635832,0.0017058703815564513,7287,9610071,2762,13672
raw_probability_tta,0.95,75,0.4309721478306002,0.27467463196062525,0.30712343146127813,0.9997424276485393,0.722203522943204,0.9982355857382006,0.001764414249919355,6437,9610357,2476,14522
raw_probability_tta,0.95,100,0.39625986304689204,0.2470848324590372,0.27195954005426215,0.999780501752188,0.7298335467340207,0.9981970754610429,0.0018029245547950268,5700,9610723,2110,15259
raw_probability_tta,0.95,150,0.3374140656592267,0.20294533875809173,0.21895128584368578,0.9998280423679461,0.7351810317194246,0.9981291894199076,0.00187081063631922,4589,9611180,1653,16370
raw_probability_tta,0.95,200,0.2966085602520616,0.17412824400241944,0.18631614103717434,0.9998473915025873,0.7269173492168152,0.9980774963794101,0.0019225035794079304,3905,9611366,1467,17054
raw_probability_tta,0.96,0,0.5069747434398983,0.33956206782995574,0.3936256500785373,0.9996528598801196,0.7120048330018882,0.9983344045626054,0.0016655954532325268,8250,9609496,3337,12709
raw_probability_tta,0.96,3,0.5069011097105817,0.3394960059292022,0.3933870890784897,0.9996539001561757,0.7124956792251015,0.998334923569036,0.0016650764737278223,8245,9609506,3327,12714
raw_probability_tta,0.96,5,0.5063205487034398,0.33897537270392103,0.3927191182783564,0.9996543162665981,0.7123939761115523,0.9983338855561746,0.0016661144327372313,8231,9609510,3323,12728
raw_probability_tta,0.96,10,0.5042706052849113,0.33714026552307363,0.3901426594778424,0.9996572290395548,0.7127789400272726,0.998331186722735,0.001668813289143145,8177,9609538,3295,12782
raw_probability_tta,0.96,15,0.500480099117082,0.3337602247375305,0.3854668638769094,0.9996622223646234,0.7133144976154747,0.998325996658428,0.0016740033170208335,8079,9609586,3247,12880
raw_probability_tta,0.96,20,0.4999844261016975,0.33331949001190525,0.3829381172764049,0.9996754338705344,0.7200789520897899,0.9983336779536024,0.0016663220012560487,8026,9609713,3120,12933
raw_probability_tta,0.96,30,0.4904079382578389,0.3248612328365574,0.37139176487410114,0.9996877091279949,0.7216762469861656,0.998320806594121,0.0016791934613138437,7784,9609831,3002,13175
raw_probability_tta,0.96,50,0.4668833279166503,0.3045321575442809,0.3427167326683798,0.9997266154524884,0.7321373967987644,0.9982972437021674,0.0017027562716975808,7183,9610205,2628,13776
raw_probability_tta,0.96,75,0.43096530564063823,0.27466907340541746,0.30492867026084025,0.9997598002586741,0.7345977011485808,0.9982481456938235,0.0017518543172627687,6391,9610524,2309,14568
raw_probability_tta,0.96,100,0.395644283121459,0.24660633484152167,0.2704327496539575,0.9997893440986638,0.7367736903669092,0.9982025769292082,0.0017974231159314513,5668,9610808,2025,15291
raw_probability_tta,0.96,150,0.33726676008542766,0.2028387669105332,0.21818789064353347,0.9998350122175211,0.7424906640676369,0.9981344832855007,0.001865516765974462,4573,9611247,1586,16386
raw_probability_tta,0.96,200,0.29635553524494596,0.17395386266086643,0.18564817023704105,0.999853425103712,0.7341509433948412,0.9980820636360003,0.001917936373502016,3891,9611424,1409,17068
raw_probability_tta,0.97,0,0.503575648280423,0.3365192819147538,0.38637339567709034,0.9996769942846183,0.7228420958665331,0.9983427086654965,0.0016572913154959679,8098,9609728,3105,12861
raw_probability_tta,0.97,3,0.5033590445382858,0.33632585203643545,0.3860871224770332,0.9996774103950408,0.7229518449024185,0.9983425010629242,0.0016574988840147853,8092,9609732,3101,12867
raw_probability_tta,0.97,5,0.5029880478086084,0.33599467731190286,0.38551457607691897,0.9996786587263079,0.7234309248807204,0.9983425010629242,0.0016574988840147853,8080,9609744,3089,12879
raw_probability_tta,0.97,10,0.5006242197251871,0.33388842631126814,0.3826518440763478,0.9996815714992646,0.7237613933753959,0.9983391794217678,0.0016608205623924732,8020,9609772,3061,12939
raw_probability_tta,0.97,15,0.49811770611102457,0.3316622801519273,0.3787871558755767,0.9996902057905293,0.7272144361997552,0.99833938702434,0.0016606129938736558,7939,9609855,2978,13020
raw_probability_tta,0.97,20,0.49695861829856064,0.33063535332340926,0.3761629848750531,0.9996997763302442,0.7320334261831642,0.9983432276719272,0.0016567723359912634,7884,9609947,2886,13075
raw_probability_tta,0.97,30,0.48767891867751995,0.3224704890386499,0.36495061787281596,0.999712779780944,0.7347742555228292,0.9983318095304519,0.001668190467171371,7649,9610072,2761,13310
raw_probability_tta,0.97,50,0.46348268504826406,0.3016449476606274,0.33684813206720887,0.9997455484767072,0.7426888281077817,0.9983033679780496,0.0016966320108622313,7060,9610387,2446,13899
raw_probability_tta,0.97,75,0.42469674253767725,0.26959681605802494,0.2973424304593266,0.9997756124547249,0.7428775777795411,0.9982474190848205,0.0017525808652862906,6232,9610676,2157,14727
raw_probability_tta,0.97,100,0.3938139991582291,0.24518579974662888,0.26790400305345297,0.9997979783899285,0.7430197168178603,0.9982056909677924,0.0017943090060725808,5615,9610891,1942,15344
raw_probability_tta,0.97,150,0.3270089285713069,0.19546364242819858,0.20969511904183896,0.999841253873857,0.7422732646499878,0.9981222347337363,0.0018777652876451612,4395,9611307,1526,16564
raw_probability_tta,0.97,200,0.2951082598234639,0.17309501411092904,0.18435994083678403,0.9998581063459638,0.7390971690881043,0.9980839320591508,0.0019160679075866938,3864,9611469,1364,17095
raw_probability_tta,0.98,0,0.49892568250742575,0.3323790679070718,0.3766878190751578,0.9997093468699593,0.7386097857603717,0.9983539192043995,0.0016460807528346777,7895,9610039,2794,13064
raw_probability_tta,0.98,3,0.49878307045532166,0.33225249505186666,0.3764492580751102,0.9997099710355928,0.7389024161821137,0.9983540230056857,0.00164597702678293,7890,9610045,2788,13069
raw_probability_tta,0.98,5,0.4975955454313789,0.33119946091630253,0.3752087408748627,0.9997102831184096,0.7384730960646647,0.9983516355761045,0.0016483644722029567,7864,9610048,2785,13095
raw_probability_tta,0.98,10,0.4961117282969382,0.3298860278597172,0.3728708430743963,0.9997159006091119,0.7410392565894737,0.9983521545825351,0.0016478453762829304,7815,9610102,2731,13144
raw_probability_tta,0.98,15,0.4933375836785166,0.32743737305334825,0.36919700367366326,0.9997219342102366,0.7432523292664074,0.9983501823580985,0.0016498176846653223,7738,9610160,2673,13221
raw_probability_tta,0.98,20,0.49042709867436435,0.32487804878035,0.36542773987291116,0.9997278637837556,0.7454014598532891,0.9983478987298035,0.0016521012876182795,7659,9610217,2616,13300
raw_probability_tta,0.98,30,0.4762090992046421,0.3125160407219127,0.3485853332695507,0.9997483572220583,0.7512596401020551,0.9983317057291657,0.0016682943096384406,7306,9610414,2419,13653
raw_probability_tta,0.98,50,0.4561344986321782,0.2954496348471131,0.326208311465086,0.999773011764585,0.758066304467504,0.9983076238307813,0.001692376215942204,6837,9610651,2182,14122
raw_probability_tta,0.98,75,0.41188723788348425,0.25935641832797335,0.2830287704564707,0.9998009951904907,0.7561504142756454,0.9982416062127967,0.001758393831551075,5932,9610920,1913,15027
raw_probability_tta,0.98,100,0.38348355837387027,0.2372283686691774,0.2567870604512349,0.9998202402975263,0.756962025315391,0.9982037187433558,0.0017962813144549727,5382,9611105,1728,15577
raw_probability_tta,0.98,150,0.32529083903777156,0.19423721241894382,0.20745264564139154,0.9998516566344168,0.7530308278476741,0.9981277362019016,0.0018722638487815857,4348,9611407,1426,16611
raw_probability_tta,0.98,200,0.28299624888809194,0.16481981981974558,0.1745789398348325,0.9998709017414523,0.7467346938760271,0.9980754203536873,0.00192457961384207,3659,9611592,1241,17300
raw_probability_tta,0.99,0,0.4886422637589276,0.3233134366812714,0.35922515387167364,0.9997578237341678,0.7638226640958061,0.9983642993330135,0.0016357006970793009,7529,9610505,2328,13430
raw_probability_tta,0.99,3,0.4882626059286054,0.32298109965621863,0.35874803187157844,0.9997585519274069,0.764126016259386,0.998363987929155,0.001636012108065188,7519,9610512,2321,13440
raw_probability_tta,0.99,5,0.4881628941640996,0.3228938437082429,0.3586048952715499,0.9997588640102237,0.7642871669709534,0.998363987929155,0.001636012108065188,7516,9610515,2318,13443
raw_probability_tta,0.99,10,0.48470818389289705,0.31987778112479237,0.3546447826707597,0.9997630251144476,0.7654206569861338,0.9983595244738511,0.0016404754715040326,7433,9610555,2278,13526
raw_probability_tta,0.99,15,0.483137614078544,0.3185111705338055,0.3523545970703028,0.999768330522333,0.7683104452759381,0.9983598358777095,0.0016401641769334674,7385,9610606,2227,13574
raw_probability_tta,0.99,20,0.4794552093955063,0.3153180441366009,0.34767880146936986,0.9997762366203585,0.7720915448179995,0.9983575522494145,0.0016424477798864245,7287,9610682,2151,13672
raw_probability_tta,0.99,30,0.46342197691906223,0.3015935214209763,0.3305024094659428,0.9997910085403534,0.7751790510286759,0.998334923569036,0.0016650764737278223,6927,9610824,2009,14032
raw_probability_tta,0.99,50,0.4428074483321592,0.2843626806831869,0.3097476024618017,0.9998053643499258,0.7762764558163622,0.9983040945870526,0.0016959054628387094,6492,9610962,1871,14467
raw_probability_tta,0.99,75,0.3993584031365534,0.2494989533691491,0.2672837444533292,0.9998445827572362,0.7894588500552573,0.9982508445272631,0.001749155460856855,5602,9611339,1494,15357
raw_probability_tta,0.99,100,0.3772038017846705,0.23244064917054927,0.24805572784949279,0.9998535291313175,0.7868926895704754,0.9982179395195568,0.0017820604844018817,5199,9611425,1408,15760
raw_probability_tta,0.99,150,0.3116318119369899,0.18457574250703648,0.19480891263886882,0.9998791199222946,0.7784556720671526,0.9981276324006155,0.0018723675748333335,4083,9611671,1162,16876
raw_probability_tta,0.99,200,0.27099611292148457,0.15673539831040206,0.1646548022328524,0.9998898347656712,0.7651884700648223,0.9980727215202477,0.001927278470247984,3451,9611774,1059,17508
lung_constrained_probability_tta,0.05,0,0.2569043682870415,0.14738397802912218,0.6042750131205666,0.9932410143815035,0.16312888018751603,0.9923947911684196,0.007605209015309811,12665,9547860,64973,8294
lung_constrained_probability_tta,0.05,3,0.2575625038142831,0.14781735607624394,0.6040841643205286,0.9932700380834651,0.16367397065475228,0.9924233365221079,0.007576663512736559,12661,9548139,64694,8298
lung_constrained_probability_tta,0.05,5,0.2583338436727848,0.14832569533162035,0.6037978911204714,0.9933047833037347,0.16431863922610346,0.9924573833439616,0.0075426166877150536,12655,9548473,64360,8304
lung_constrained_probability_tta,0.05,10,0.260263233898558,0.14959920314943917,0.6019371153201002,0.9934074585504596,0.1660240297937641,0.9925557869632218,0.007444213144481182,12616,9549460,63373,8343
lung_constrained_probability_tta,0.05,15,0.26114822546970134,0.15018429362114152,0.5968319099190816,0.9935157512878868,0.16714100559851325,0.9926527373644761,0.007347262464463711,12509,9550501,62332,8450
lung_constrained_probability_tta,0.05,20,0.2614902653378473,0.15041058449331207,0.5933966315183962,0.9935785839616678,0.16769365603719172,0.9927079596487023,0.007292040158063173,12437,9551105,61728,8522
lung_constrained_probability_tta,0.05,30,0.26328018759834854,0.15159623660552776,0.5865737869170349,0.9937439878545681,0.16973161033794873,0.992858160109746,0.0071418397128582,12294,9552695,60138,8665
lung_constrained_probability_tta,0.05,50,0.2636731008511332,0.15185683121097968,0.5712581707139791,0.9939783620499795,0.17139053508543456,0.9930587041945675,0.0069412956945598125,11973,9554948,57885,8986
lung_constrained_probability_tta,0.05,75,0.2554490674318215,0.14642683263811118,0.530941361705935,0.994274528643116,0.16818305474108028,0.9932665143694187,0.006733485497534275,11128,9557795,55038,9831
lung_constrained_probability_tta,0.05,100,0.24343224343221467,0.13858403270925618,0.49162650889809073,0.9944456540543242,0.16176586024457013,0.9933517352253391,0.006648264825344086,10304,9559440,53393,10655
lung_constrained_probability_tta,0.05,150,0.2283085508867346,0.12886473601314913,0.4333222004864577,0.9948487610260149,0.15498293515355718,0.9936271200374671,0.006372880190610886,9082,9563315,49518,11877
lung_constrained_probability_tta,0.05,200,0.1995522428809076,0.11083478656454457,0.3487284698695793,0.9953202141345835,0.13976479586955928,0.9939135077859259,0.006086492445319891,7309,9567847,44986,13650
lung_constrained_probability_tta,0.06,0,0.2850573150287385,0.16621973289650518,0.6003626127197861,0.994305320814373,0.18689936873372642,0.9934482704214489,0.006551729515194893,12583,9558091,54742,8376
lung_constrained_probability_tta,0.06,3,0.2859903601309242,0.16685458090700675,0.600171763919748,0.9943377774273193,0.1877210523959188,0.9934802412175798,0.006519758608192205,12579,9558403,54430,8380
lung_constrained_probability_tta,0.06,5,0.2869043271863832,0.16747711861017472,0.5997900663196718,0.9943718984819554,0.1885470880266092,0.9935134576291444,0.006486542522907257,12571,9558731,54102,8388
lung_constrained_probability_tta,0.06,10,0.28939507525514224,0.1691770385253079,0.5985972613194338,0.9944657313822045,0.19082529735646414,0.9936044913570887,0.006395508535206318,12546,9559633,53200,8413
lung_constrained_probability_tta,0.06,15,0.29031919239069964,0.16980900241645805,0.5934443437184057,0.9945606045585095,0.1921638908629929,0.9936879475911449,0.0063120522536337376,12438,9560545,52288,8521
lung_constrained_probability_tta,0.06,20,0.29158077018220363,0.17067284486917234,0.5904861873178154,0.9946369608210182,0.19358673549191405,0.9937577020554306,0.0062422980554401875,12376,9561279,51554,8583
lung_constrained_probability_tta,0.06,30,0.2923240708620567,0.17118240403471965,0.5829953719163209,0.9947548240981603,0.19506704980839798,0.9938590121107027,0.006140987854450941,12219,9562412,50421,8740
lung_constrained_probability_tta,0.06,50,0.29288734053232834,0.17156884105332526,0.5635765065124464,0.9950183260231391,0.19785594639862683,0.9940796936450352,0.00592030631378293,11812,9564945,47888,9147
lung_constrained_probability_tta,0.06,75,0.283029795997132,0.16484257871061997,0.5245956391046688,0.9952416732923572,0.19379230118439902,0.9942177493556007,0.00578225078061223,10995,9567092,45741,9964
lung_constrained_probability_tta,0.06,100,0.2725651942522256,0.15778609609190847,0.48871606469751,0.9954271545131379,0.1889817531041514,0.9943247684816104,0.005675231572240591,10243,9568875,43958,10716
lung_constrained_probability_tta,0.06,150,0.25612969752516956,0.14687428139677625,0.4266424924851249,0.9958469059017243,0.18299396295913578,0.9946085611979157,0.0053914389573037624,8942,9572910,39923,12017
lung_constrained_probability_tta,0.06,200,0.22585166868785128,0.12730145766380924,0.34209647406825605,0.996321167755644,0.16857102553247555,0.9948978553823864,0.005102144554257393,7170,9577469,35364,13789
lung_constrained_probability_tta,0.07,0,0.31114037594261335,0.18423104650646852,0.5974521685192054,0.9951096622608538,0.2103406571255442,0.9942445300874246,0.005755470134317875,12522,9565823,47010,8437
lung_constrained_probability_tta,0.07,3,0.31217894369354243,0.18495973997190146,0.5973090319191768,0.9951392061008436,0.21130897122116443,0.9942736982488298,0.005726301576942205,12519,9566107,46726,8440
lung_constrained_probability_tta,0.07,5,0.3130685017203237,0.18558459667128704,0.5969273343191006,0.9951673975819606,0.2121731167112892,0.9943009979870845,0.005699002183973789,12511,9566378,46455,8448
lung_constrained_probability_tta,0.07,10,0.31578547746193264,0.18749718235777482,0.595305119518777,0.9952577975712249,0.21488727761221177,0.994387672061011,0.005612327717244625,12477,9567247,45586,8482
lung_constrained_probability_tta,0.07,15,0.3165244970777031,0.18801847518912942,0.590438475117806,0.9953334256404944,0.2162176328755257,0.9944525478648482,0.005547452252358198,12375,9567974,44859,8584
lung_constrained_probability_tta,0.07,20,0.31834615980575404,0.18930540411871105,0.588148289517349,0.9954063489920183,0.21823492962729607,0.9945203301046972,0.005479669664055109,12327,9568675,44158,8632
lung_constrained_probability_tta,0.07,30,0.31942745128990285,0.1900706110754192,0.5792261081155688,0.995535967388593,0.22051878224220364,0.9946302556667188,0.005369744263589382,12140,9569921,42912,8819
lung_constrained_probability_tta,0.07,50,0.32108865799444747,0.19124813202517849,0.5617634429120847,0.9957759590747067,0.2247847419767035,0.9948317339631155,0.005168266128748655,11774,9572228,40605,9185
lung_constrained_probability_tta,0.07,75,0.30809229769251417,0.18209757971568225,0.5201584045037835,0.9959522858661948,0.21886292459643886,0.9949171624216083,0.005082837771624327,10902,9573923,38910,10057
lung_constrained_probability_tta,0.07,100,0.2995972838707341,0.17619195795730455,0.4862827424970245,0.9961627337123188,0.21648718112104837,0.9950534535103094,0.004946546629071236,10192,9575946,36887,10767
lung_constrained_probability_tta,0.07,150,0.28067721166834425,0.16324870092642654,0.4212033016840397,0.9965548137578163,0.21046106899341763,0.9953030956034749,0.004696904215961695,8828,9579715,33118,12131
lung_constrained_probability_tta,0.07,200,0.24742231575964357,0.1411762331476263,0.33374683906659014,0.997025954783568,0.19657711330929728,0.9955829438709067,0.00441705621778965,6995,9584244,28589,13964
lung_constrained_probability_tta,0.08,0,0.33404831487782743,0.20051500764461247,0.5944462999186056,0.9957165593119105,0.23229234641554353,0.9948435673097354,0.005156432744115591,12459,9571657,41176,8500
lung_constrained_probability_tta,0.08,3,0.3349381387842476,0.20115657357,0.5941600267185485,0.9957402776059868,0.2331978801894659,0.9948666111952584,0.00513338902965188,12453,9571885,40948,8506
lung_constrained_probability_tta,0.08,5,0.33579400531716547,0.20177430341558245,0.5935874803184342,0.9957661804797806,0.23411742566800262,0.9948912121000735,0.005108787678182125,12441,9572134,40699,8518
lung_constrained_probability_tta,0.08,10,0.3383304661259471,0.20360875566945974,0.5911541581179488,0.9958500267298923,0.23697951532998549,0.9949695820711087,0.005030417814850807,12390,9572940,39893,8569
lung_constrained_probability_tta,0.08,15,0.3398402472166954,0.2047033405351164,0.5876711675172538,0.9959209735569099,0.23903508771925186,0.9950327970543676,0.00496720289811492,12317,9573622,39211,8642
lung_constrained_probability_tta,0.08,20,0.3408429929170309,0.20543142780458176,0.5843313135165874,0.995978604850411,0.24059013044156835,0.9950830368768592,0.004916963167488575,12247,9574176,38657,8712
lung_constrained_probability_tta,0.08,30,0.3431015860382663,0.20707460587030913,0.575933966314912,0.9961162333726167,0.24432749721683145,0.9952020969520611,0.004797902889549732,12071,9575499,37334,8888
lung_constrained_probability_tta,0.08,50,0.3444557387191785,0.20806193272820644,0.5578033303112945,0.9963350034271885,0.24915817740073973,0.9953809465680794,0.004619053564965725,11691,9577602,35231,9268
lung_constrained_probability_tta,0.08,75,0.3315719340163992,0.19873313136873247,0.516436852903041,0.9965144510468444,0.24416873449126006,0.995470008071587,0.004529992118477821,10824,9579327,33506,10135
lung_constrained_probability_tta,0.08,100,0.32524799999994797,0.19420666462851685,0.48494680089675796,0.9967359258191618,0.2446739365927049,0.9956224921609259,0.004377508070319891,10164,9581456,31377,10795
lung_constrained_probability_tta,0.08,150,0.3050997312207694,0.1800104329681419,0.41161314948212624,0.997194791587453,0.24237911948971924,0.9959208170572907,0.0040791830979287624,8627,9585867,26966,12332
lung_constrained_probability_tta,0.08,200,0.2685210470876861,0.15508190072772118,0.32840307266552393,0.9975632573664799,0.22710924868834687,0.9961074517697694,0.0038925481494516134,6883,9589409,23424,14076
lung_constrained_probability_tta,0.09,0,0.3545606586902877,0.21548084440965765,0.591726704518063,0.9961930057455477,0.25311237193349667,0.9953130605269442,0.004686939530074596,12402,9576237,36596,8557
lung_constrained_probability_tta,0.09,3,0.3554306686546113,0.21612385800958644,0.5914404313180058,0.9962137072390617,0.2540528354476556,0.9953330941751691,0.004666905850172043,12396,9576436,36397,8563
lung_constrained_probability_tta,0.09,5,0.35672110371837373,0.2170788565018111,0.5909155971179012,0.9962452276035577,0.2554714412425472,0.9953634041507218,0.004636595956981182,12385,9576739,36094,8574
lung_constrained_probability_tta,0.09,10,0.35891913915277873,0.21870899095580446,0.5884345627174061,0.996314197906069,0.258207017837648,0.995426826736553,0.004573173355311155,12333,9577402,35431,8626
lung_constrained_probability_tta,0.09,15,0.3598755101441088,0.21941963086944033,0.5848084355166826,0.9963692285094301,0.2599079709068768,0.9954738487191742,0.004526151344180107,12257,9577931,34902,8702
lung_constrained_probability_tta,0.09,20,0.36185695616009833,0.22089460228814012,0.5812777327159782,0.9964428800541932,0.26269487030203276,0.9955396587345866,0.0044603412970900536,12183,9578639,34194,8776
lung_constrained_probability_tta,0.09,30,0.3636639139328186,0.22224280025924212,0.5725464001142361,0.9965633440214753,0.2664535038635167,0.9956408649885726,0.004359134938567877,12000,9579797,33036,8959
lung_constrained_probability_tta,0.09,50,0.36390977443603323,0.2224264705881927,0.5542249153105805,0.9967475769109887,0.27088920500914837,0.995784837372448,0.004215162713080645,11616,9581568,31265,9343
lung_constrained_probability_tta,0.09,75,0.3528849796576645,0.2142442848856549,0.5110930865019747,0.9969790383334435,0.2694707184543496,0.9959219588714382,0.004078041296452284,10712,9583793,29040,10247
lung_constrained_probability_tta,0.09,100,0.3472818496870037,0.21012769153726213,0.48050956629587266,0.9971944795046362,0.2718952483800562,0.9960703947106176,0.00392960524186492,10071,9585864,26969,10888
lung_constrained_probability_tta,0.09,150,0.3234868509906957,0.19295217051047442,0.3999713726798034,0.9976607312329249,0.2715581470682632,0.9963604155040913,0.00363958440721035,8383,9590346,22487,12576
lung_constrained_probability_tta,0.09,200,0.29126995907455816,0.17045990419692478,0.32768738966538113,0.9979889383285854,0.26213740458005264,0.99653064961336,0.0034693502821028233,6868,9593501,19332,14091
lung_constrained_probability_tta,0.1,0,0.37386202099017424,0.22990793266990983,0.5897705043176726,0.9965872703707628,0.27367325702387285,0.995702211548681,0.004297788254916668,12361,9580027,32806,8598
lung_constrained_probability_tta,0.1,3,0.3746493821544425,0.2305037313432406,0.5894842311176156,0.9966044349256864,0.2745799626632868,0.9957187159531772,0.00428128382191062,12355,9580192,32641,8604
lung_constrained_probability_tta,0.1,5,0.375801123475715,0.23137629812915095,0.5889116847175013,0.9966308579375082,0.2759445562261847,0.9957438358644229,0.004256164189428091,12343,9580446,32387,8616
lung_constrained_probability_tta,0.1,10,0.37778222147015467,0.23288008951086972,0.5859058161169016,0.9966948349149507,0.27876146372462574,0.9958011341743719,0.004198865965008736,12280,9581061,31772,8679
lung_constrained_probability_tta,0.1,15,0.37916220785055926,0.2339297674863202,0.5832339329163685,0.9967443520552153,0.28088235294111197,0.9958447307145505,0.004155269358307123,12224,9581537,31296,8735
lung_constrained_probability_tta,0.1,20,0.3810539188786032,0.2353715934842365,0.579798654515683,0.9968094733363193,0.28377936574651264,0.9959022366270718,0.0040977634489536285,12152,9582163,30670,8807
lung_constrained_probability_tta,0.1,30,0.3829807692307079,0.23684367009568952,0.5701130779137505,0.9969320178557134,0.2883376366399729,0.9960034428810577,0.003996557090431452,11949,9583341,29492,9010
lung_constrained_probability_tta,0.1,50,0.3862326325258411,0.23933600363376156,0.553079822510352,0.9971418415362038,0.2967210177386806,0.9961757530160492,0.003824247047305107,11592,9585358,27475,9367
lung_constrained_probability_tta,0.1,75,0.37252214255581817,0.22889536767082846,0.505701607900899,0.9973633163085212,0.2948671581582154,0.9962936712771037,0.0037063288036733866,10599,9587487,25346,10360
lung_constrained_probability_tta,0.1,100,0.3684696667404921,0.22584297651662724,0.4758337706949397,0.9975865595501338,0.3006360594458444,0.9964514492320355,0.0035485506523400545,9973,9589633,23200,10986
lung_constrained_probability_tta,0.1,150,0.3451049023896608,0.208535817701068,0.39515244047884196,0.9980488582294097,0.30630963828674224,0.9967372141727775,0.003262785729020834,8282,9594077,18756,12677
lung_constrained_probability_tta,0.1,200,0.3136046033702531,0.18596149159146805,0.3276396774653716,0.9983388871938159,0.30072257499439425,0.996879733338647,0.0031202665995806456,6867,9596865,15968,14092
lung_constrained_probability_tta,0.11,0,0.391202784089944,0.2431647570129903,0.5872894699171777,0.9969144371903673,0.29328091493917247,0.9960232689267103,0.0039767310954630375,12309,9583172,29661,8650
lung_constrained_probability_tta,0.11,3,0.3921712382257157,0.24391356066608963,0.5870031967171205,0.996933162159375,0.29444284893732187,0.9960413303504986,0.003958669491112232,12303,9583352,29481,8656
lung_constrained_probability_tta,0.11,5,0.39309242085059276,0.24462665180698842,0.5864783625170158,0.9969531354596497,0.2956157860560603,0.9960601183832899,0.003939881455153227,12292,9583544,29289,8667
lung_constrained_probability_tta,0.11,10,0.39515425617825956,0.24622569346587098,0.5836156305164446,0.9970124311948404,0.29869844448235733,0.9961130570392209,0.00388694298453629,12232,9584114,28719,8727
lung_constrained_probability_tta,0.11,15,0.39693461601167507,0.24760974815894715,0.5807528985158734,0.9970665255497512,0.3015035545316436,0.9961608056308451,0.0038391943089663982,12172,9584634,28199,8787
lung_constrained_probability_tta,0.11,20,0.39953803002798227,0.24963919013643776,0.5776993177152642,0.9971347676590232,0.30536430354838334,0.9962222559922397,0.0037777440156787634,12108,9585290,27543,8851
lung_constrained_probability_tta,0.11,30,0.40214106006105704,0.25167494452071193,0.5681568777133603,0.9972582484268676,0.3112063558435315,0.9963247078616593,0.003675292246043682,11908,9586477,26356,9051
lung_constrained_probability_tta,0.11,50,0.4046693975140373,0.2536586440976255,0.5491197099095619,0.9974603740645438,0.3203886197872278,0.9964849770474586,0.0035150230396538973,11509,9588420,24413,9450
lung_constrained_probability_tta,0.11,75,0.39528123183098046,0.24632430284466322,0.5027911637003183,0.9977299095906473,0.3256489493200477,0.9966531351310045,0.0033468648325651884,10538,9591011,21822,10421
lung_constrained_probability_tta,0.11,100,0.38960530692906686,0.241931564109983,0.47497495109476834,0.9978997866705882,0.3302481422504212,0.996762126481451,0.003237873548641801,9955,9592644,20189,11004
lung_constrained_probability_tta,0.11,150,0.36587686113130996,0.22389797465606417,0.3945321818787182,0.9983383670557879,0.34110221928869683,0.9970247437353839,0.0029752561822533607,8269,9596860,15973,12690
lung_constrained_probability_tta,0.11,200,0.3378255192292646,0.20324311505048376,0.3271148432652669,0.9986711513660947,0.34926133469162035,0.9972101328324289,0.0027898671105504036,6856,9600059,12774,14103
lung_constrained_probability_tta,0.12,0,0.40698446421451223,0.2554805368008137,0.5849515721167112,0.9971882378483004,0.31204662882732775,0.9962913876488085,0.0037086124066263437,12260,9585804,27029,8699
lung_constrained_probability_tta,0.12,3,0.4079615237397181,0.25625104532525167,0.5848084355166826,0.9972044661547735,0.3132379248657518,0.9963072692455879,0.0036927307955920696,12257,9585960,26873,8702
lung_constrained_probability_tta,0.12,5,0.40914785920709495,0.2571878609681283,0.584283601316578,0.9972270401451883,0.31479101331542986,0.9963286523105326,0.0036713476292788982,12246,9586177,26656,8713
lung_constrained_probability_tta,0.12,10,0.4118472435885903,0.2593247040789706,0.5811823083159592,0.9972939298955875,0.31892443839338147,0.9963886494539212,0.003611350432038307,12181,9586820,26013,8778
lung_constrained_probability_tta,0.12,15,0.41348038797872366,0.260621037928385,0.5786535617154546,0.9973393899592338,0.32166348398039424,0.9964285091477988,0.0035714907571673393,12128,9587257,25576,8831
lung_constrained_probability_tta,0.12,20,0.4166580337718125,0.2631510075895788,0.5756954053148644,0.9974104408138569,0.32646987202025857,0.9964929697464914,0.0035070301964879036,12066,9587940,24893,8893
lung_constrained_probability_tta,0.12,30,0.41985368359512876,0.26570557374102827,0.5654372823128176,0.997540475320854,0.3338874175916116,0.9966004040776457,0.0033995958510786295,11851,9589190,23643,9108
lung_constrained_probability_tta,0.12,50,0.42095416276886577,0.2665876777250566,0.5474974951092383,0.9977025503303751,0.34192491060776464,0.9967230971978626,0.0032769027166068554,11475,9590748,22085,9484
lung_constrained_probability_tta,0.12,75,0.40990403980562934,0.2577857249291567,0.4952526360988142,0.9979915390187254,0.3496479940713613,0.9968977947624352,0.003102205228060484,10380,9593526,19307,10579
lung_constrained_probability_tta,0.12,100,0.4054037507906852,0.25423598669049036,0.4739252826945589,0.9981159560350201,0.3541934103550299,0.9969755419257537,0.00302445818670094,9933,9594722,18111,11026
lung_constrained_probability_tta,0.12,150,0.38000046488915185,0.2345682555169069,0.3899995228778138,0.998555264613459,0.37050131447721396,0.9972313082948013,0.0027686916291713715,8174,9598945,13888,12785
lung_constrained_probability_tta,0.12,200,0.35771210577190105,0.21781327563157327,0.32659000906516217,0.9989111430522085,0.3953904805912688,0.997448460585405,0.002551539335399866,6845,9602366,10467,14114
lung_constrained_probability_tta,0.13,0,0.42056686296786505,0.2662770921459452,0.5826613865162542,0.9974094005378009,0.32903138892622147,0.9965070867214063,0.003492913208901882,12212,9587930,24903,8747
lung_constrained_probability_tta,0.13,3,0.42142696842570454,0.26696703921605675,0.5823751133161972,0.9974240684301903,0.3301774507681427,0.9965210998950351,0.0034789000637829304,12206,9588071,24762,8753
lung_constrained_probability_tta,0.13,5,0.4224678609791707,0.26780301366246373,0.5817071425160638,0.9974443538132818,0.3316738757854317,0.9965398879278264,0.003460112027823925,12192,9588266,24567,8767
lung_constrained_probability_tta,0.13,10,0.4251913343490385,0.26999555160136346,0.5791783959155593,0.99750323343805,0.3358882125068246,0.996593137987616,0.0034068620298057795,12139,9588832,24001,8820
lung_constrained_probability_tta,0.13,15,0.4275049532974053,0.2718641016986676,0.5765065127150262,0.9975568076549328,0.33970592369750635,0.996640782777954,0.003359217196702957,12083,9589347,23486,8876
lung_constrained_probability_tta,0.13,20,0.42881450038500013,0.27292417126435803,0.57116274631396,0.9976174557489962,0.3432643229912419,0.9966896731837257,0.0033103267196565866,11971,9589930,22903,8988
lung_constrained_probability_tta,0.13,30,0.43320016127250793,0.27648723887049936,0.563910491912513,0.9977334465292376,0.35168268515477386,0.9967896338222779,0.0032103662379086018,11819,9591045,21788,9140
lung_constrained_probability_tta,0.13,50,0.4374677545716016,0.2799735850901825,0.5461615535089717,0.9979270419032548,0.3648562503983028,0.9969441939373396,0.00305580603890121,11447,9592906,19927,9512
lung_constrained_probability_tta,0.13,75,0.42358426897347007,0.2687008640148754,0.49410754329858575,0.9981709866383813,0.37067792970134916,0.9970743607501584,0.00292563927359879,10356,9595251,17582,10603
lung_constrained_probability_tta,0.13,100,0.41891834390017046,0.2649568049088288,0.4697266090937212,0.9983149608445284,0.37802864493323424,0.9971649792729582,0.0028350206557661295,9845,9596635,16198,11114
lung_constrained_probability_tta,0.13,150,0.39037355627497455,0.24252431848197356,0.38541915167689994,0.9987153630984738,0.39545699319508715,0.9973810935507006,0.0026189065538346767,8078,9600484,12349,12881
lung_constrained_probability_tta,0.13,200,0.36919836919826954,0.2263907284767462,0.326208311465086,0.9990386808966712,0.42523945764372106,0.9975748905519229,0.002425109501928091,6837,9603592,9241,14122
lung_constrained_probability_tta,0.14,0,0.4329823562890522,0.2763098156723245,0.5807528985158734,0.9975976905039327,0.34515808875645965,0.9966908149978732,0.003309184918180108,12172,9589740,23093,8787
lung_constrained_probability_tta,0.14,3,0.4338741308610387,0.2770365648193896,0.5805620497158354,0.9976112140926604,0.34636076399751037,0.9967038939599268,0.0032961061224341393,12168,9589870,22963,8791
lung_constrained_probability_tta,0.14,5,0.43540095649206767,0.2782827704635883,0.5798940789157021,0.997636908911243,0.3485517636936196,0.9967280796595972,0.0032719203736633062,12154,9590117,22716,8805
lung_constrained_probability_tta,0.14,10,0.4380473329955059,0.2804485323076986,0.5775561811152357,0.997690171045309,0.3528228744643234,0.9967761396550798,0.003223860403522849,12105,9590629,22204,8854
lung_constrained_probability_tta,0.14,15,0.44018038084449634,0.28219954117695534,0.5751705711147597,0.9977364633297999,0.3565091382266646,0.9968171411631049,0.0031828589271754026,12055,9591074,21759,8904
lung_constrained_probability_tta,0.14,20,0.4419108256676152,0.28362357748680633,0.5695882437136459,0.9978016886385097,0.36099183550034447,0.9968700798190361,0.0031299202237278223,11938,9591701,21132,9021
lung_constrained_probability_tta,0.14,30,0.4466832048780566,0.2875673566917106,0.5627176869122751,0.9979138303973439,0.37032152725434236,0.9969670302202903,0.0030329697765409946,11794,9592779,20054,9165
lung_constrained_probability_tta,0.14,50,0.44839857651236736,0.28899082568800016,0.5440622167085528,0.9980755933240483,0.3813457293825224,0.9970878549173566,0.002912145107984543,11403,9594334,18499,9556
lung_constrained_probability_tta,0.14,75,0.43533176153577907,0.2782262404476703,0.4933441480984334,0.9983142326512893,0.38952721793166717,0.9972156343005942,0.00278436578810215,10340,9596628,16205,10619
lung_constrained_probability_tta,0.14,100,0.43086901266479016,0.2745908506953375,0.46910635049359745,0.9984555021396908,0.3983953968959851,0.9973038653938128,0.002696134615689516,9832,9597986,14847,11127
lung_constrained_probability_tta,0.14,150,0.39891237177100514,0.249150867658788,0.38498974187681423,0.9988112765508348,0.4138797702090614,0.9974758641249459,0.0025241358671337366,8069,9601406,11427,12890
lung_constrained_probability_tta,0.14,200,0.3744790524236745,0.23037479337441205,0.32582661386500983,0.9990966242729891,0.4402114355698832,0.9976318774580135,0.002368122572079301,6829,9604149,8684,14130
lung_constrained_probability_tta,0.15,0,0.44303149894020993,0.28454750281630575,0.5784627129154165,0.9977479063664156,0.35898498800806594,0.9968357215933239,0.003164278343319893,12124,9591184,21649,8835
lung_constrained_probability_tta,0.15,3,0.44403736948150874,0.2853779138214539,0.5782718641153785,0.9977622621759882,0.3603817906097469,0.9968496309656666,0.0031503690406680107,12120,9591322,21511,8839
lung_constrained_probability_tta,0.15,5,0.4452045977010676,0.28634288282740267,0.5775084689152261,0.997782963669502,0.3622216902081751,0.99686862660103,0.003131373319774866,12104,9591521,21312,8855
lung_constrained_probability_tta,0.15,10,0.4476708564637776,0.28838655663191287,0.5752182833147692,0.9978314405337105,0.36642149413398384,0.9969120155386364,0.003087984398007393,12056,9591987,20846,8903
lung_constrained_probability_tta,0.15,15,0.45005624296954444,0.29036940271420514,0.5726895367142646,0.9978801254531303,0.3706803372346837,0.9969550930723843,0.0030449070036411285,12003,9592455,20378,8956
lung_constrained_probability_tta,0.15,20,0.45100416824546213,0.29115905866228997,0.5678706045133032,0.9979278741240996,0.374029728795332,0.9969922539328222,0.0030077460687607527,11902,9592914,19919,9057
lung_constrained_probability_tta,0.15,30,0.4559410738514333,0.29528735343586454,0.5611431843119609,0.9980369990823715,0.38395742874852795,0.9970865055006368,0.0029134945943951607,11761,9593963,18870,9198
lung_constrained_probability_tta,0.15,50,0.4559223927554896,0.2952716823405707,0.5392909967076008,0.9981981378434422,0.39487842370025333,0.9971997527038149,0.002800247399136424,11303,9595512,17321,9656
lung_constrained_probability_tta,0.15,75,0.4432833887472596,0.2847553533783744,0.48981344529772897,0.9984299113487138,0.4048266887493967,0.997323380035607,0.002676619915291667,10266,9597740,15093,10693
lung_constrained_probability_tta,0.15,100,0.4414620987320292,0.283254002596197,0.4684860918934737,0.9985741976376777,0.4173857598297907,0.9974209532445781,0.0025790466461330652,9819,9599127,13706,11140
lung_constrained_probability_tta,0.15,150,0.4026141152127369,0.2520456196884175,0.38064793167594796,0.9988875287857378,0.42727077977697764,0.9975425045506474,0.0024574955459684134,7978,9602139,10694,12981
lung_constrained_probability_tta,0.15,200,0.3823084253600588,0.23632961397178032,0.3253972040649242,0.9991782859433832,0.4633466947479697,0.9977124272560577,0.002287572715431452,6820,9604934,7899,14139
lung_constrained_probability_tta,0.16,0,0.45141639883390927,0.29150276323085855,0.5763156639149881,0.9978697226925706,0.37101084252223143,0.9969526018415169,0.0030473980586975813,12079,9592355,20478,8880
lung_constrained_probability_tta,0.16,3,0.45244476095870384,0.29236097655486043,0.575933966314912,0.9978852228058046,0.3725617283949467,0.9969672378228626,0.0030327620916068554,12071,9592504,20329,8888
lung_constrained_probability_tta,0.16,5,0.4533273195391079,0.2930984204130515,0.5754568443148168,0.997899578615377,0.3739613047251724,0.9969805243874884,0.0030194756109267473,12061,9592642,20191,8898
lung_constrained_probability_tta,0.16,10,0.45499715531946616,0.2944959984287587,0.572355551314198,0.9979428540993056,0.37757703566133344,0.9970169586389234,0.002983041340485215,11996,9593058,19775,8963
lung_constrained_probability_tta,0.16,15,0.45739206947331484,0.29650571634047657,0.5704470633138172,0.9979856094452063,0.3817369093229943,0.9970554689160811,0.002944531152024865,11956,9593469,19364,9003
lung_constrained_probability_tta,0.16,20,0.45975097306394924,0.2984913251193617,0.566391526313008,0.9980431367111018,0.3869043738998804,0.9971040479179943,0.00289595196954906,11871,9594022,18811,9088
lung_constrained_probability_tta,0.16,30,0.4644992674136807,0.3025067051783829,0.5596641061116657,0.9981465401510659,0.3969946187428852,0.9971925904150714,0.0028074095025658607,11730,9595016,17817,9229
lung_constrained_probability_tta,0.16,50,0.4647713226204234,0.3027375201287433,0.5381936161073819,0.9983042460011519,0.4089771944453033,0.9973032425860959,0.00269675743766129,11280,9596532,16301,9679
lung_constrained_probability_tta,0.16,75,0.44981893997575995,0.2901718719029674,0.4889546256975576,0.998506371638828,0.41648378444264955,0.997397805557769,0.0026021944358944893,10248,9598475,14358,10711
lung_constrained_probability_tta,0.16,100,0.4489169757749579,0.28942162912217256,0.46772269669332134,0.9986567955565223,0.43156504512417715,0.9975017106451947,0.0024982893373817205,9803,9599921,12912,11156
lung_constrained_probability_tta,0.16,150,0.41180422760855556,0.2592905955091899,0.38017080967585276,0.9989835462657045,0.4491797733804334,0.9976372751248928,0.0023627248592674732,7968,9603062,9771,12991
lung_constrained_probability_tta,0.16,200,0.38799681129700836,0.24069233486392064,0.32511093086486703,0.9992352930712508,0.481044828803049,0.9977686875531453,0.0022313124500215054,6814,9605482,7351,14145
lung_constrained_probability_tta,0.17,0,0.4591064243625295,0.2979481721653595,0.5743594637145978,0.9979772872367585,0.3823772314337137,0.9970556765186533,0.002944323467090726,12038,9593389,19444,8921
lung_constrained_probability_tta,0.17,3,0.45994190046623734,0.29865230448479846,0.5741209027145502,0.9979889383285854,0.383644189382948,0.9970667832562703,0.0029332167468965054,12033,9593501,19332,8926
lung_constrained_probability_tta,0.17,5,0.46099263577775756,0.29953894080989424,0.5734529319144169,0.9980062069111146,0.38540965207619515,0.9970825610517635,0.002917438978329301,12019,9593667,19166,8940
lung_constrained_probability_tta,0.17,10,0.46206150517685407,0.30044212218641975,0.5706379121138553,0.9980391836620891,0.38819825375689304,0.9971093417835875,0.0028906583320349455,11960,9593984,18849,8999
lung_constrained_probability_tta,0.17,15,0.46411725724077807,0.3021827411166746,0.5680614533133412,0.9980816269251729,0.3923287310111733,0.9971460874388809,0.0028539125341922045,11906,9594392,18441,9053
lung_constrained_probability_tta,0.17,20,0.4678529062869775,0.3053576958809989,0.5645307505126368,0.9981494529240226,0.399446338746025,0.9972060845822694,0.0027939153369516134,11832,9595044,17789,9127
lung_constrained_probability_tta,0.17,30,0.47113443681863726,0.3081594930022952,0.5568013741110945,0.9982407891617373,0.4083132150728077,0.9972804063031453,0.0027195937000215054,11670,9595922,16911,9289
lung_constrained_probability_tta,0.17,50,0.4703262536500346,0.30746834399969586,0.5340903669065632,0.9983929815487267,0.4201636513773665,0.9973828581725649,0.002617141930386424,11194,9597385,15448,9765
lung_constrained_probability_tta,0.17,75,0.4575169259739817,0.29661066217071785,0.48685528889713875,0.9986015568979499,0.43151351122745735,0.9974882164779965,0.002511783502995968,10204,9599390,13443,10755
lung_constrained_probability_tta,0.17,100,0.45622809067528486,0.29552817221220884,0.4657187842929215,0.9987443868004355,0.4471164857310947,0.9975847516741062,0.0024152484256774187,9761,9600763,12070,11198
lung_constrained_probability_tta,0.17,150,0.4141411472506635,0.26114628457172234,0.3739205114746057,0.9990584461417348,0.46405731880597817,0.9976984140824289,0.0023015858605504036,7837,9603782,9051,13122
lung_constrained_probability_tta,0.17,200,0.3930779453399223,0.24461543993375118,0.32458609666476235,0.999287202846444,0.4982057854262188,0.9978193425807813,0.002180657349526882,6803,9605981,6852,14156
lung_constrained_probability_tta,0.18,0,0.4653736385344778,0.3032488234400326,0.5718307171140933,0.99806893555729,0.3923333769803613,0.9971416239835769,0.002858376130461693,11985,9594270,18563,8974
lung_constrained_probability_tta,0.18,3,0.4661815068492244,0.3039352497906011,0.5715444439140361,0.9980802745663001,0.3936187690992036,0.9971523155160492,0.002847684547305107,11979,9594379,18454,8980
lung_constrained_probability_tta,0.18,5,0.4671532846714417,0.3047619047618272,0.5710196097139315,0.9980951505139006,0.3952574391491148,0.9971660172858197,0.0028339826967567205,11968,9594522,18311,8991
lung_constrained_probability_tta,0.18,10,0.4684741364055466,0.3058871858070025,0.5684431509134173,0.9981285433752974,0.3984082397002413,0.9971937322292188,0.002806267701089382,11914,9594843,17990,9045
lung_constrained_probability_tta,0.18,15,0.4715676534868922,0.30853027584943754,0.56620067751297,0.9981791007916179,0.40403799666323786,0.9972393009938341,0.0027606990188360214,11867,9595329,17504,9092
lung_constrained_probability_tta,0.18,20,0.4743920115959747,0.3109527579835548,0.5621451405121608,0.9982387086096254,0.4103367812487687,0.9972899560214701,0.0027100439183413982,11782,9595902,16931,9177
lung_constrained_probability_tta,0.18,30,0.47726432532337704,0.31342558873504534,0.5543680519106091,0.9983239072186099,0.4189895784499589,0.9973580496651776,0.0026419502682983875,11619,9596721,16112,9340
lung_constrained_probability_tta,0.18,50,0.4770305191891855,0.31322395175983364,0.5328498497063158,0.9984712103081361,0.43179709248359427,0.9974582179063022,0.0025417821016162634,11168,9598137,14696,9791
lung_constrained_probability_tta,0.18,75,0.46097091773215776,0.2995206023351374,0.48590104489694835,0.9986432719677946,0.4384741238265571,0.9975277647680156,0.0024722351226955652,10184,9599791,13042,10775
lung_constrained_probability_tta,0.18,100,0.45929324944404676,0.29810556050222664,0.4632377498924265,0.9987922394990104,0.4554153571929005,0.9976271025988511,0.0023728974629193544,9709,9601223,11610,11250
lung_constrained_probability_tta,0.18,150,0.41567227786053285,0.26236508523578145,0.372298296674282,0.9990864295676405,0.47048537835365056,0.9977228073846717,0.002277192659676075,7803,9604051,8782,13156
lung_constrained_probability_tta,0.18,200,0.3940281200172796,0.24535181775506504,0.3242521112646957,0.9992988539382709,0.5020685579192508,0.997830241715826,0.002169758314266801,6796,9606093,6740,14163
lung_constrained_probability_tta,0.19,0,0.47039357049984826,0.30752588471634795,0.5696836681136649,0.9981413387707859,0.40057704566028096,0.9972091986208537,0.0027908014599233866,11940,9594966,17867,9019
lung_constrained_probability_tta,0.19,3,0.47114549617106044,0.30816895590201693,0.5694928193136268,0.9981511173657122,0.40176377528681484,0.9972185407366062,0.0027814593631774187,11936,9595060,17773,9023
lung_constrained_probability_tta,0.19,5,0.4720369013916275,0.3089321344354101,0.5688248485134936,0.9981657852581014,0.40339717127955493,0.9972317234999459,0.0027682764921337366,11922,9595201,17632,9037
lung_constrained_probability_tta,0.19,10,0.4731375715167608,0.30987570503438744,0.56620067751297,0.9981964734017527,0.4063484454182967,0.9972566358086193,0.00274336407892406,11867,9595496,17337,9092
lung_constrained_probability_tta,0.19,15,0.47591223227408763,0.31226038444242293,0.5634810821124273,0.9982458865144116,0.4119001116069992,0.9973000247462257,0.0026999751571565866,11810,9595971,16862,9149
lung_constrained_probability_tta,0.19,20,0.4792669986122604,0.31515525616587986,0.5602843647117896,0.9983041419735462,0.418719914423099,0.9973511987802924,0.0026488013099879026,11743,9596531,16302,9216
lung_constrained_probability_tta,0.19,30,0.4807544504683159,0.3164428887854969,0.5521255785101616,0.9983761290766199,0.425722904863356,0.997405279250371,0.0025947208050638437,11572,9597223,15610,9387
lung_constrained_probability_tta,0.19,50,0.4816471147405359,0.31721684689803153,0.5318478935061158,0.9985247845250189,0.4401058117496683,0.997509495741655,0.002490504179149866,11147,9598652,14181,9812
lung_constrained_probability_tta,0.19,75,0.4638409688105875,0.301948534880172,0.4842788300966247,0.9986834266235552,0.44505831798629963,0.9975643028207367,0.002435697242617607,10150,9600177,12656,10809
lung_constrained_probability_tta,0.19,100,0.4581925474705044,0.2971788381997971,0.4593730616916554,0.9988100282195677,0.4570180851566635,0.9976364447146037,0.0023635553661733866,9628,9601394,11439,11331
lung_constrained_probability_tta,0.19,150,0.4180257510728493,0.2642430819315436,0.3717734624741773,0.9991127485518567,0.47742172660959653,0.9977479272959174,0.0022520727943629026,7792,9604304,8529,13167
lung_constrained_probability_tta,0.19,200,0.39440876463909963,0.24564705882344048,0.3237749892646005,0.9993065519810852,0.5044603033002494,0.9978368849981389,0.002163114957511425,6786,9606167,6666,14173
lung_constrained_probability_tta,0.2,0,0.47510083463110997,0.3115621317270364,0.5676320435132556,0.998208020465974,0.4085087387973737,0.997271271789965,0.002728728111833334,11897,9595607,17226,9062
lung_constrained_probability_tta,0.2,3,0.4758266157261065,0.3121866715661009,0.567488906913227,0.9982169668400555,0.4096576427635153,0.9972798872967146,0.00272011267952621,11894,9595693,17140,9065
lung_constrained_probability_tta,0.2,5,0.47664507330368894,0.3128916741270439,0.5669640727131223,0.9982295541803328,0.4111480174380973,0.9972913054381899,0.002708694664761424,11883,9595814,17019,9076
lung_constrained_probability_tta,0.2,10,0.4778428600281806,0.3139247896817192,0.5643876139126082,0.9982604503791953,0.41431123253111474,0.9973165291507218,0.002683470956981182,11829,9596111,16722,9130
lung_constrained_probability_tta,0.2,15,0.4803072397449583,0.316055489837532,0.5609046233119133,0.9983109037679101,0.41996213339034044,0.9973592952806113,0.0026407046243548393,11756,9596596,16237,9203
lung_constrained_probability_tta,0.2,20,0.4821030927834058,0.31761254041122616,0.5578033303112945,0.9983511624512764,0.42449439018175644,0.9973927192947482,0.002607280621305108,11691,9596983,15850,9268
lung_constrained_probability_tta,0.2,30,0.4845183003785266,0.31971240596276834,0.549501407509638,0.9984329281492762,0.4332794101047992,0.9974562456818655,0.0025437544099986553,11517,9597769,15064,9442
lung_constrained_probability_tta,0.2,50,0.4852014010506819,0.3203075322272038,0.528746600505497,0.9985811674872528,0.4482828364546546,0.9975590089551436,0.002440991112962365,11082,9599194,13639,9877
lung_constrained_probability_tta,0.2,75,0.46451076795225066,0.302516460719671,0.48008015649578695,0.9987202523959369,0.4499195135036443,0.9975919139628499,0.0024080860894173384,10062,9600531,12302,10897
lung_constrained_probability_tta,0.2,100,0.46024182928278223,0.29890526839575204,0.4585619542914936,0.9988354109553335,0.4619340574831962,0.9976600076065573,0.0023399924393743277,9611,9601638,11195,11348
lung_constrained_probability_tta,0.2,150,0.42140015695601946,0.2669455206225299,0.37148718927412017,0.9991461414132535,0.4868075528320077,0.9977806247010513,0.0022193752229213715,7786,9604625,8208,13173
lung_constrained_probability_tta,0.2,200,0.3980864614209497,0.2485068337546266,0.3235841404645624,0.9993412972013548,0.5171572365407068,0.9978711394225649,0.002128860680386424,6782,9606501,6332,14177
lung_constrained_probability_tta,0.21,0,0.4793435200904521,0.31522143654625046,0.5657712677128843,0.9982670041183479,0.41582214117880006,0.9973260788690467,0.002673921175301075,11858,9596174,16659,9101
lung_constrained_probability_tta,0.21,3,0.48005830667682714,0.31583994885174604,0.5656758433128652,0.9982753263267957,0.4169509407418966,0.9973341753693655,0.0026658247224986553,11856,9596254,16579,9103
lung_constrained_probability_tta,0.21,5,0.4804899813416727,0.3162137632800395,0.56519872131277,0.9982832324248211,0.4178630639527257,0.9973410262542507,0.00265897368080914,11846,9596330,16503,9113
lung_constrained_probability_tta,0.21,10,0.4819493846844757,0.317479127390165,0.5624314137122179,0.9983177695898796,0.42161736828912993,0.9973694678066529,0.0026305322535336018,11788,9596662,16171,9171
lung_constrained_probability_tta,0.21,15,0.4837537673918328,0.3190469707282998,0.559043847511542,0.9983599007701466,0.4263362806096764,0.9974041374362235,0.0025958626065403223,11717,9597067,15766,9242
lung_constrained_probability_tta,0.21,20,0.485578024449573,0.3206358810747489,0.5562288277109804,0.9983979748737953,0.43085224332898553,0.9974360044310684,0.0025639955420047045,11658,9597433,15400,9301
lung_constrained_probability_tta,0.21,30,0.4870295015258378,0.32190284081349196,0.5482131781093811,0.9984671532315178,0.4381315538606527,0.9974875936702796,0.002512406324967742,11490,9598098,14735,9469
lung_constrained_probability_tta,0.21,50,0.48592389623006016,0.3209375638517409,0.5245956391046688,0.9986164328455504,0.45256225560796354,0.9975851668792507,0.00241483305580914,10995,9599533,13300,9964
lung_constrained_probability_tta,0.21,75,0.46585060509100346,0.30365400308269,0.47936447349564415,0.9987383531993108,0.4530777903041925,0.9976084183673459,0.00239158165641129,10047,9600705,12128,10912
lung_constrained_probability_tta,0.21,100,0.4612603928183007,0.2997650743930149,0.45660575409110327,0.9988592332770153,0.4660109076741011,0.9976795222483515,0.0023204777389764786,9570,9601867,10966,11389
lung_constrained_probability_tta,0.21,150,0.4223669923994511,0.26772195457664566,0.3712009160740631,0.9991572723670525,0.48989358352717716,0.9977911086309514,0.002208891324698925,7780,9604732,8101,13179
lung_constrained_probability_tta,0.21,200,0.3987762546330533,0.24904467960014365,0.32339329166452435,0.9993490992717746,0.5199846566931186,0.9978785093138809,0.0021214906591922045,6778,9606576,6257,14181
lung_constrained_probability_tta,0.22,0,0.48331015299016544,0.318661164603307,0.5637196431124749,0.9983232830529762,0.4229764078328776,0.9973777719095441,0.002622228115797043,11815,9596715,16118,9144
lung_constrained_probability_tta,0.22,3,0.48375998361653005,0.3190523785082474,0.5635287943124369,0.9983293166541009,0.42377381507645084,0.9973833771789956,0.002616622718051076,11811,9596773,16060,9148
lung_constrained_probability_tta,0.22,5,0.48444553886553304,0.3196490467936743,0.5631948089123703,0.9983387831662103,0.4250171029415529,0.9973920964870313,0.002607903443276882,11804,9596864,15969,9155
lung_constrained_probability_tta,0.22,10,0.4859956145793542,0.32100013663059956,0.5604752135118276,0.9983734243588743,0.4289887886643432,0.9974207456420059,0.0025792543310672045,11747,9597197,15636,9212
lung_constrained_probability_tta,0.22,15,0.4875370548201563,0.32234644582461774,0.5571353595111612,0.9984119145729454,0.43339642949915247,0.9974518860278476,0.0025481139309704304,11677,9597567,15266,9282
lung_constrained_probability_tta,0.22,20,0.4888129731552501,0.3234629231669997,0.5529843981103331,0.9984529014495509,0.43798654674611215,0.9974837530226925,0.0025162468664348125,11590,9597961,14872,9369
lung_constrained_probability_tta,0.22,30,0.4910762110855332,0.3254479879589,0.5467818121090955,0.9985171905098102,0.44567161857336635,0.9975344080503286,0.002465591998770833,11460,9598579,14254,9499
lung_constrained_probability_tta,0.22,50,0.48770728671131297,0.3224952963310435,0.5234028341044308,0.9986417115537106,0.4565696924291603,0.9976077955596291,0.0023922044783830643,10970,9599776,13057,9989
lung_constrained_probability_tta,0.22,75,0.46740776993160704,0.304978559046165,0.4784579416954633,0.9987597828860639,0.4568564920271267,0.9976278292078541,0.0023721707984805107,10028,9600911,11922,10931
lung_constrained_probability_tta,0.22,100,0.4631707615204833,0.30138075846261725,0.45197767069017986,0.9989105188865749,0.47493231725635465,0.9977206275576628,0.0022793724201619625,9473,9602360,10473,11486
lung_constrained_probability_tta,0.22,150,0.42347619955847976,0.2686138956100005,0.37077150627397737,0.9991707959557802,0.49364756701785434,0.9978036685865743,0.0021963315084576607,7771,9604862,7971,13188
lung_constrained_probability_tta,0.22,200,0.4062518749623789,0.25490343711167607,0.3230593062644577,0.9994170292982298,0.547151515151073,0.997945564944727,0.0020544349681586027,6771,9607229,5604,14188
lung_constrained_probability_tta,0.23,0,0.4873664153755929,0.3221972725778186,0.5613817453120085,0.9983814344845053,0.4305946935039595,0.9974307105654753,0.0025692894123494625,11766,9597274,15559,9193
lung_constrained_probability_tta,0.23,3,0.4878564762002514,0.3226257749491626,0.5611431843119609,0.9983880922512636,0.4315013208099385,0.9974368348413575,0.0025631652679294348,11761,9597338,15495,9198
lung_constrained_probability_tta,0.23,5,0.48861817350259057,0.3232923440894822,0.5607137745118752,0.9983988070946401,0.43295019157072173,0.9974465921622545,0.0025534078013151884,11752,9597441,15392,9207
lung_constrained_probability_tta,0.23,10,0.4896225625574338,0.32417232303634186,0.5582804523113897,0.9984254381616732,0.4360025338150926,0.9974678714259132,0.0025321284774690866,11701,9597697,15136,9258
lung_constrained_probability_tta,0.23,15,0.49164516265483066,0.32594794704949354,0.5545111885106376,0.9984711062805305,0.4415821269803406,0.9975052398889234,0.002494760090485215,11622,9598136,14697,9337
lung_constrained_probability_tta,0.23,20,0.49215552523864,0.32639674281827463,0.5507896369098951,0.9985010662309426,0.4448040688935981,0.9975270381590127,0.002472961787134409,11544,9598424,14409,9415
lung_constrained_probability_tta,0.23,30,0.49392150052090705,0.3279520295202007,0.5427739873082958,0.998571805002749,0.45313682533341837,0.9975801844175161,0.002419815631583333,11376,9599104,13729,9583
lung_constrained_probability_tta,0.23,50,0.4873870439714583,0.3222153043374182,0.5185361897034598,0.9986715674765171,0.45976816989573577,0.9976269987975649,0.002373001305386424,10868,9600063,12770,10091
lung_constrained_probability_tta,0.23,75,0.4665629860030005,0.3042596348883446,0.47235078009424475,0.998795464354784,0.46091531263072727,0.997650146484374,0.002349853515625,9900,9601254,11579,11059
lung_constrained_probability_tta,0.23,100,0.46390131223264763,0.3019996800510952,0.4503554558898562,0.9989289317727658,0.4782873068150604,0.9977354711415807,0.0022645287681370974,9439,9602537,10296,11520
lung_constrained_probability_tta,0.23,150,0.41978903417195373,0.26565379132904576,0.36456892027273985,0.9991881685659151,0.49472321139495323,0.9978075092341615,0.0021924907341599464,7641,9605029,7804,13318
lung_constrained_probability_tta,0.23,200,0.40678679943431106,0.25532477341380083,0.3225821842643625,0.9994256635894945,0.5504803777881855,0.9979531424386151,0.0020468574948608875,6761,9607312,5521,14198
lung_constrained_probability_tta,0.24,0,0.4911669673953063,0.32552771365788985,0.5584713011114277,0.9984397939712456,0.4383402613936867,0.997482611208545,0.0025173889007419348,11705,9597835,14998,9254
lung_constrained_probability_tta,0.24,3,0.49152364346774546,0.32584113190721764,0.5581850279113707,0.9984453074343422,0.43908572286426995,0.9974874898689935,0.0025125101674348116,11699,9597888,14945,9260
lung_constrained_probability_tta,0.24,5,0.49228567218832386,0.32651123830788037,0.5579464669113231,0.9984545658912405,0.44045197740096403,0.9974962091770292,0.002503790892660618,11694,9597977,14856,9265
lung_constrained_probability_tta,0.24,10,0.493588520802761,0.32765849677791387,0.5555608569108471,0.9984834855655966,0.44405461063212415,0.997519875870269,0.0024801241233944893,11644,9598255,14578,9315
lung_constrained_probability_tta,0.24,15,0.49522504389523037,0.329102396266057,0.5517438809100855,0.9985249925802301,0.44920949384281195,0.9975529884805475,0.0024470114149153233,11564,9598654,14179,9395
lung_constrained_probability_tta,0.24,20,0.49626946133598654,0.33002552556849457,0.5490242855095429,0.9985531840613471,0.45276411567953856,0.9975752019557813,0.002424797974526882,11507,9598925,13908,9452
lung_constrained_probability_tta,0.24,30,0.4974068213782311,0.3310322637258809,0.5399589675077342,0.9986239228331534,0.4610715013239107,0.9976260645859897,0.0023739354219287634,11317,9599605,13228,9642
lung_constrained_probability_tta,0.24,50,0.4904396623898603,0.3248890754286111,0.5170571115031647,0.9987103697734051,0.46642850994212515,0.9976624988374246,0.0023375011514872313,10837,9600436,12397,10122
lung_constrained_probability_tta,0.24,75,0.4712701252235012,0.30827560381941327,0.47134882389404487,0.998846645936738,0.47119145282816405,0.9976990368901457,0.0023009630385786295,9879,9601746,11087,11080
lung_constrained_probability_tta,0.24,100,0.46380197330803397,0.301915485666116,0.44520253828882805,0.9989652374071193,0.48402323892494864,0.9977604872515403,0.0022395127452909946,9331,9602886,9947,11628
lung_constrained_probability_tta,0.24,150,0.42438237257945016,0.2693435039021544,0.36390094947260654,0.9992345648780115,0.508975642308636,0.9978523513897737,0.0021476487163454294,7627,9605475,7358,13332
lung_constrained_probability_tta,0.24,200,0.40744764318896515,0.25584568158553234,0.32210506226426733,0.9994353381568151,0.554314804170659,0.9979617579453647,0.0020382420625537634,6751,9607405,5428,14208
lung_constrained_probability_tta,0.25,0,0.49687506665802844,0.3305613895668018,0.5557039935108756,0.9985150059300927,0.4493094668619515,0.9975516390638277,0.002448360901325941,11647,9598558,14275,9312
lung_constrained_probability_tta,0.25,3,0.49718069201185455,0.3308319831726413,0.5553222959107995,0.9985205193931893,0.45005993581050613,0.997556310121704,0.002443689852952957,11639,9598611,14222,9320
lung_constrained_probability_tta,0.25,5,0.4979022176555146,0.331471242090768,0.5548928861107139,0.9985304020157212,0.4515277400316607,0.9975652370323119,0.002434762893244624,11630,9598706,14127,9329
lung_constrained_probability_tta,0.25,10,0.4985999224571364,0.3320899804888293,0.5522210029101807,0.998554744475431,0.4544704912237584,0.9975837136612448,0.0024162863846868277,11574,9598940,13893,9385
lung_constrained_probability_tta,0.25,15,0.5006517771789997,0.3339129426765392,0.5497399685096857,0.9985907380269677,0.45961147233616834,0.9976142312393698,0.0023857688065618277,11522,9599286,13547,9437
lung_constrained_probability_tta,0.25,20,0.5012898430325519,0.33448084721523635,0.5470203731091431,0.9986145603486496,0.4626155025620536,0.9976320850605858,0.0023679148871451616,11465,9599515,13318,9494
lung_constrained_probability_tta,0.25,30,0.5006895324523999,0.33394653294949,0.5370008111071439,0.9986742721942626,0.46897787407789115,0.9976698687287405,0.0023301313631236553,11255,9600089,12744,9704
lung_constrained_probability_tta,0.25,50,0.4912867251367123,0.3256329306052075,0.5118087695021175,0.9987534372021225,0.4723469837074098,0.997694054428411,0.0023059456143528223,10727,9600850,11983,10232
lung_constrained_probability_tta,0.25,75,0.4752761831249758,0.3117129658924534,0.47006059449378784,0.998892418083201,0.48060881018562823,0.9977419068213214,0.0022580930963158607,9852,9602186,10647,11107
lung_constrained_probability_tta,0.25,100,0.4640683932611355,0.302141313600844,0.44028818168784756,0.9990031034555569,0.49056403168332857,0.9977875793872226,0.0022124205715954304,9228,9603250,9583,11731
lung_constrained_probability_tta,0.25,150,0.42292412160817594,0.2681697991852111,0.35808006107144513,0.9992689980154644,0.5164464629778994,0.9978740458585769,0.002125954255461693,7505,9605806,7027,13454
lung_constrained_probability_tta,0.25,200,0.40764292635646576,0.25599969573641046,0.32115081826407693,0.9994451167517412,0.5578947368416428,0.997969439240539,0.0020305607467889786,6731,9607499,5334,14228
lung_constrained_probability_tta,0.26,0,0.5002592240558844,0.3335637945437348,0.5524595639102283,0.9985692043126091,0.45707180357618243,0.9975986610464489,0.002401338890194893,11579,9599079,13754,9380
lung_constrained_probability_tta,0.26,3,0.5005516018082804,0.33382382642305497,0.5520301541101427,0.9985748218033114,0.45785516422617417,0.9976033321043252,0.002396667841821909,11570,9599133,13700,9389
lung_constrained_probability_tta,0.26,5,0.5010180652427109,0.3342388948295326,0.5517915931100951,0.998580855404436,0.4588011266709807,0.9976088335724905,0.0023911665193736553,11565,9599191,13642,9394
lung_constrained_probability_tta,0.26,10,0.5019937681126747,0.33510793041242365,0.5495968319096571,0.9986044696709067,0.4619796262130176,0.9976276216052817,0.00237237848341465,11519,9599418,13415,9440
lung_constrained_probability_tta,0.26,15,0.5030771935993268,0.33607423939846826,0.5460184169089431,0.9986379665599091,0.46639768512839125,0.9976532605229582,0.0023467394057661295,11444,9599740,13093,9515
lung_constrained_probability_tta,0.26,20,0.5038303148384838,0.33674677400250486,0.5428694117083148,0.9986654298477868,0.4700293303587929,0.9976738131776138,0.0023261867463588715,11378,9600004,12829,9581
lung_constrained_probability_tta,0.26,30,0.5042281396184545,0.3371023034821865,0.5348537621067155,0.998720980589176,0.4769198042967552,0.9977118044483408,0.002288195537403226,11210,9600538,12295,9749
lung_constrained_probability_tta,0.26,50,0.49515848136526297,0.3290436070733176,0.5087074765014987,0.9988095080815396,0.4823124943452084,0.9977432562380412,0.0022567438427358866,10662,9601389,11444,10297
lung_constrained_probability_tta,0.26,75,0.47977514359025303,0.31559485530536474,0.4682952430934356,0.9989450560516333,0.491832030466781,0.9977905896245207,0.0022094103042036295,9815,9602692,10141,11144
lung_constrained_probability_tta,0.26,100,0.4665820857649159,0.3042758803282022,0.4386659668875239,0.9990370164549817,0.4982927754590546,0.9978178893627754,0.0021821106784045696,9194,9603576,9257,11765
lung_constrained_probability_tta,0.26,150,0.4257317981324324,0.2704315551996687,0.35459707047075023,0.9993214279286856,0.5325689716943514,0.9979187842129029,0.0020812158472836018,7432,9606310,6523,13527
lung_constrained_probability_tta,0.26,200,0.40414891646588746,0.2532497678736253,0.31232406126231577,0.9994914090362321,0.5724529951897048,0.9979964275749352,0.002003572415560484,6546,9607944,4889,14413
lung_constrained_probability_tta,0.27,0,0.5029145289814425,0.335929069326469,0.5495491197096476,0.9986135200725936,0.4635756258550819,0.9976365485158898,0.002363451523706317,11518,9599505,13328,9441
lung_constrained_probability_tta,0.27,3,0.5032243961087544,0.3362056375053787,0.5491674221095715,0.9986189295080847,0.46437505043150795,0.9976411157724799,0.0023588843178004026,11510,9599557,13276,9449
lung_constrained_probability_tta,0.27,5,0.5037098645187017,0.336639166812844,0.5490242855095429,0.9986244429711814,0.4653052972096784,0.9976463058367869,0.0023536940570920706,11507,9599610,13223,9452
lung_constrained_probability_tta,0.27,10,0.5043374873397102,0.3372000588840462,0.5464478267090288,0.9986470169615961,0.4682529948074458,0.9976632254464276,0.0023367744870483875,11453,9599827,13006,9506
lung_constrained_probability_tta,0.27,15,0.5052654916305276,0.33803025808355447,0.5436805191084767,0.9986735440010235,0.4719208150416334,0.9976836742997971,0.002316325670108199,11395,9600082,12751,9564
lung_constrained_probability_tta,0.27,20,0.5061317488327326,0.33880614869300235,0.5405315139078484,0.998701839509746,0.47584845430087536,0.9977050573647418,0.0022949427366256714,11329,9600354,12479,9630
lung_constrained_probability_tta,0.27,30,0.506333711691145,0.33898717247238774,0.5320864545061634,0.9987580144167688,0.4829587285087337,0.9977427372316104,0.002257262822240591,11152,9600894,11939,9807
lung_constrained_probability_tta,0.27,50,0.4955935230663215,0.3294279376385386,0.5030774369003754,0.9988507030133563,0.4883290107444941,0.9977721129955879,0.0022278870455920696,10544,9601785,11048,10415
lung_constrained_probability_tta,0.27,75,0.48052682015861603,0.31624567418082206,0.46652989169308334,0.9989638850482465,0.4953896038096588,0.9978055370097249,0.0021944630425423384,9778,9602873,9960,11181
lung_constrained_probability_tta,0.27,100,0.4685246739963006,0.3059302791504254,0.4371391764872192,0.9990648958532818,0.5047655776538457,0.9978423864663043,0.0021576136350631714,9162,9603844,8989,11797
lung_constrained_probability_tta,0.27,150,0.4279322190466708,0.2722097763413007,0.35364282647055983,0.9993477469129018,0.541733664668512,0.9979429699125735,0.0020570300985127687,7412,9606563,6270,13547
lung_constrained_probability_tta,0.27,200,0.40423359019577126,0.2533162671630388,0.31160837826217297,0.9994982748582016,0.5752157829834638,0.9980017214405283,0.001998278545215726,6531,9608010,4823,14428
lung_constrained_probability_tta,0.28,0,0.504533051667876,0.3373749264272109,0.5469726609091335,0.9986454565475121,0.46820502348357435,0.997662810241283,0.002337189856916666,11464,9599812,13021,9495
lung_constrained_probability_tta,0.28,3,0.5047688275071026,0.33758581067135984,0.5466863877090764,0.9986495136241305,0.46882160392779504,0.9976662356837257,0.0023337642196565866,11458,9599851,12982,9501
lung_constrained_probability_tta,0.28,5,0.5054494109340102,0.3381949160047421,0.5465432511090479,0.9986567955565223,0.47010300816659,0.997673190369897,0.0023268095683306456,11455,9599921,12912,9504
lung_constrained_probability_tta,0.28,10,0.5057823355751248,0.33849307742577145,0.5435850947084576,0.9986789534365146,0.47289556699299645,0.9976888643641041,0.0023111356422305107,11393,9600134,12699,9566
lung_constrained_probability_tta,0.28,15,0.5070138935497893,0.3395971947490441,0.5406269383078675,0.998709329497349,0.47733591709475215,0.9977127386599162,0.0022872614208608866,11331,9600426,12407,9628
lung_constrained_probability_tta,0.28,20,0.508209644361245,0.3406709544945676,0.538289040507401,0.9987352323711429,0.4813139931738561,0.997733498917144,0.0022665010765194893,11282,9600675,12158,9677
lung_constrained_probability_tta,0.28,30,0.5064216828921554,0.3390660383131345,0.528651176105478,0.9987809004900002,0.48598622746590375,0.9977580998219591,0.0022419001907110214,11080,9601114,11719,9879
lung_constrained_probability_tta,0.28,50,0.4967270657431703,0.3304303925279785,0.49964215849969,0.9988834717091195,0.4938457910867749,0.9977973367081198,0.0022026633378118277,10472,9602100,10733,10487
lung_constrained_probability_tta,0.28,75,0.4819062685385402,0.3174417090008084,0.4650985256927978,0.9989858348730276,0.49997435502872234,0.9978243250425161,0.002175675006583333,9748,9603084,9749,11211
lung_constrained_probability_tta,0.28,100,0.4689970228928065,0.3063331880509919,0.43594637148698123,0.9990774831935592,0.5074701471810567,0.9978523513897737,0.0021476487163454294,9137,9603965,8868,11822
lung_constrained_probability_tta,0.28,150,0.4297674418603402,0.27369668246435364,0.35268858247036944,0.9993707370137389,0.5499590804251544,0.9979638339710875,0.0020361661445349455,7392,9606784,6049,13567
lung_constrained_probability_tta,0.28,200,0.3964183202295032,0.24720806257043185,0.3031156066604785,0.9995069091494662,0.5727035067154307,0.9979918603183451,0.0020081396214663982,6353,9608093,4740,14606
lung_constrained_probability_tta,0.29,0,0.5063470612994293,0.3389991397465697,0.5452550217087908,0.998673439973418,0.47262200165406426,0.9976869959409536,0.002313004108145833,11428,9600081,12752,9531
lung_constrained_probability_tta,0.29,3,0.506529499146286,0.33916270783837915,0.5450164607087432,0.9986766648291914,0.4731196156393004,0.9976896947743932,0.0023103051353245974,11423,9600112,12721,9536
lung_constrained_probability_tta,0.29,5,0.5073638847545355,0.33991130160420874,0.5448733241087147,0.998685299120456,0.4746861750767002,0.9976979988772843,0.002302001230418682,11420,9600195,12638,9539
lung_constrained_probability_tta,0.29,10,0.5072687077107463,0.3398258684138648,0.5419151677081244,0.9987033999238301,0.47678616404983765,0.997709624621332,0.0022903752978891134,11358,9600369,12464,9601
lung_constrained_probability_tta,0.29,15,0.5079522191976902,0.34043964659399323,0.5386707381074771,0.9987304471012854,0.48054822507853895,0.9977295544682707,0.0022704454604536295,11290,9600629,12204,9669
lung_constrained_probability_tta,0.29,20,0.50878186968827,0.3411854103342428,0.5355694451068583,0.9987578063615575,0.484546317879442,0.9977501071229263,0.0022498928010463715,11225,9600892,11941,9734
lung_constrained_probability_tta,0.29,30,0.5079576816926155,0.3404445540585318,0.5268858247051258,0.9988059711429493,0.4903423471424491,0.9977792752843315,0.0022207247093319893,11043,9601355,11478,9916
lung_constrained_probability_tta,0.29,50,0.49731124973100616,0.33094760950461843,0.4963977288990427,0.9989099987485469,0.49822813906690055,0.9978167475486278,0.002183252479881048,10404,9602355,10478,10555
lung_constrained_probability_tta,0.29,75,0.4818082137159884,0.3173566199401473,0.4612338374920267,0.9990115296916102,0.5043038238820469,0.9978415560560152,0.002158443909138441,9667,9603331,9502,11292
lung_constrained_probability_tta,0.29,100,0.4707630543026485,0.3078418002044637,0.43079345388595314,0.9991291849135412,0.5189080459767133,0.997892730090082,0.0021072698291391134,9029,9604462,8371,11930
lung_constrained_probability_tta,0.29,150,0.4291681374278065,0.2732107411706403,0.348060499069446,0.9994026734886574,0.5595612487531183,0.9979856322411768,0.0020143678411841393,7295,9607091,5742,13664
lung_constrained_probability_tta,0.29,200,0.39086677569493306,0.2429051676959413,0.29648361085915526,0.9995190803793211,0.5734059241482204,0.9979895766900501,0.0020104232244193554,6214,9608210,4623,14745
lung_constrained_probability_tta,0.3,0,0.5082303608867136,0.34068957268014094,0.5435850947084576,0.9987015274269293,0.47719371727728704,0.9977113892431964,0.0022886106744408607,11393,9600351,12482,9566
lung_constrained_probability_tta,0.3,3,0.5085290702865705,0.34095808383223325,0.54334653370841,0.9987057925587588,0.4779050736495539,0.9977151260894973,0.00228487397544086,11388,9600392,12441,9571
lung_constrained_probability_tta,0.3,5,0.5094626638628005,0.3417979888937891,0.5432988215084005,0.9987146349052346,0.47959398559555255,0.997723845397533,0.002276154700666666,11387,9600477,12356,9572
lung_constrained_probability_tta,0.3,10,0.5090843676919165,0.341457528957426,0.5401021041077627,0.9987315914049469,0.48143580147132164,0.9977338103210024,0.002266189781948924,11320,9600640,12193,9639
lung_constrained_probability_tta,0.3,15,0.5096983002511125,0.34201014488341225,0.5372393721071915,0.9987554137266288,0.48484326558711466,0.99775135273836,0.0022486471571028233,11260,9600869,11964,9699
lung_constrained_probability_tta,0.3,20,0.5110102001231064,0.34319254582224507,0.5342335035065918,0.9987863099254913,0.4897218334497508,0.9977756422393166,0.0022243577986955643,11197,9601166,11667,9762
lung_constrained_probability_tta,0.3,30,0.5100680461045897,0.34234318202990577,0.5257407319048972,0.9988319780443488,0.4953027374475231,0.997802734374999,0.002197265625,11019,9601605,11228,9940
lung_constrained_probability_tta,0.3,50,0.4984714633029636,0.33197601718543973,0.4940121188985667,0.9989357975947352,0.5030120481925267,0.9978373002032834,0.00216269982047379,10354,9602603,10230,10605
lung_constrained_probability_tta,0.3,75,0.48160870546336,0.3171835265364387,0.458227968891427,0.999030462715829,0.5075036990062843,0.9978539084090657,0.0021460915450006723,9604,9603513,9320,11355
lung_constrained_probability_tta,0.3,100,0.4730725846644965,0.30981995601968465,0.4302209074858389,0.9991526951524062,0.5254049644560509,0.9979149435653157,0.0020850563887506723,9017,9604688,8145,11942
lung_constrained_probability_tta,0.3,150,0.43147358445853135,0.2750821281575822,0.34758337706935083,0.9994253515066777,0.5687407291743549,0.9980072229086938,0.0019927769899368286,7285,9607309,5524,13674
lung_constrained_probability_tta,0.3,200,0.39112903225794127,0.24310776942346368,0.2961973376590981,0.9995238656491786,0.5756142790907968,0.9979937287414956,0.002006271155551076,6208,9608256,4577,14751
lung_constrained_probability_tta,0.31,0,0.5097493661228018,0.3420561310526554,0.541962879908134,0.9987257658590335,0.48115045747183954,0.9977320456991381,0.0022679544053971767,11359,9600584,12249,9600
lung_constrained_probability_tta,0.31,3,0.510152740341305,0.3424194910142497,0.5418197433081055,0.9987303430736798,0.48198293790565677,0.9977363015518698,0.0022636984940618277,11356,9600628,12205,9603
lung_constrained_probability_tta,0.31,5,0.5107732445682807,0.3429788262299988,0.5417720311080959,0.9987362726471989,0.48312981321512866,0.9977421144238936,0.002257885644212365,11355,9600685,12148,9604
lung_constrained_probability_tta,0.31,10,0.510306482234764,0.3425580336821901,0.5386230259074676,0.9987520848432497,0.4848185527161328,0.9977510413345015,0.002248958684504032,11289,9600837,11996,9670
lung_constrained_probability_tta,0.31,15,0.5110362717879873,0.3432160650425335,0.5357602939068964,0.9987768434133819,0.4884934963237967,0.9977695179634344,0.002230481943115592,11229,9601075,11758,9730
lung_constrained_probability_tta,0.31,20,0.5123148190614796,0.34437045258344295,0.5329452741063347,0.9988060751705549,0.493222060316822,0.9977925618489574,0.0022074382286518812,11170,9601356,11477,9789
lung_constrained_probability_tta,0.31,30,0.5107927056195314,0.3429963763587583,0.523879956104526,0.9988501828753283,0.498343393999683,0.997816851349914,0.0021831486374139786,10980,9601780,11053,9979
lung_constrained_probability_tta,0.31,50,0.49928735354499354,0.3327001706318751,0.4930578748983763,0.9989491131282516,0.505676257584407,0.9978485107421865,0.0021514892578125,10334,9602731,10102,10625
lung_constrained_probability_tta,0.31,75,0.4824186327278831,0.31788650225393866,0.45755999809129366,0.9990420097800503,0.5101335177400339,0.9978639771338214,0.0021360227838158607,9590,9603624,9209,11369
lung_constrained_probability_tta,0.31,100,0.47319582162350254,0.309925678960787,0.42578367288495356,0.9991849437101415,0.5324900053699311,0.997937468444408,0.002062531653791666,8924,9604998,7835,12035
lung_constrained_probability_tta,0.31,150,0.42745635464445353,0.2718247953924402,0.34228732286829416,0.9994348180187871,0.5690489410640366,0.9980051468829709,0.00199485314078629,7174,9607400,5433,13785
lung_constrained_probability_tta,0.31,200,0.38772141451324116,0.24048040952934022,0.29137840545813665,0.9995385335415679,0.579246893672978,0.9979978807929412,0.00200211931951344,6107,9608397,4436,14852
lung_constrained_probability_tta,0.32,0,0.510859258590213,0.34305639781675473,0.5398158309077056,0.9987494841531098,0.48485108206535893,0.9977510413345015,0.002248958684504032,11314,9600812,12021,9645
lung_constrained_probability_tta,0.32,3,0.5112663005400341,0.3434236094242339,0.5396726943076771,0.998754061367756,0.48570079010628403,0.9977552971872333,0.002244702773168683,11311,9600856,11977,9648
lung_constrained_probability_tta,0.32,5,0.5117878637041242,0.3438944295790733,0.5396249821076675,0.9987590546928248,0.4866818709925183,0.9977601758476818,0.00223982403986156,11310,9600904,11929,9649
lung_constrained_probability_tta,0.32,10,0.5112515343000157,0.3434102845974278,0.5365714013070583,0.9987736185576084,0.48821358801802117,0.9977680647454285,0.0022319352719932795,11246,9601044,11789,9713
lung_constrained_probability_tta,0.32,15,0.511510824293901,0.34364430231832493,0.5332315473063919,0.9987971287964735,0.49149039095804936,0.9977842577460662,0.00221574236638844,11176,9601270,11563,9783
lung_constrained_probability_tta,0.32,20,0.5121591066400922,0.34422975529561634,0.5295577079056588,0.9988261524984352,0.4958673993653684,0.9978052256058664,0.0021947743371129036,11099,9601549,11284,9860
lung_constrained_probability_tta,0.32,30,0.5122219363288549,0.3442865228600892,0.522400877904231,0.9988720286725038,0.5024320851686387,0.997835431780133,0.0021645682863891125,10949,9601990,10843,10010
lung_constrained_probability_tta,0.32,50,0.500705630444182,0.33396085559403615,0.49091082589794793,0.9989753280848622,0.5108992502107796,0.9978699976084174,0.0021300024818629026,10289,9602983,9850,10670
lung_constrained_probability_tta,0.32,75,0.4828021298608316,0.31821962010567906,0.4564149052910652,0.9990531407338493,0.5124276837366014,0.9978725926405709,0.0021274073515087366,9566,9603731,9102,11393
lung_constrained_probability_tta,0.32,100,0.4747253919162646,0.3112392938296412,0.4247817166847537,0.9992046049275994,0.5379781255661744,0.9979549070604795,0.002045092871412635,8903,9605187,7646,12056
lung_constrained_probability_tta,0.32,150,0.42733920310388684,0.2717300538980218,0.34157163986815137,0.9994396032886446,0.5706201179654307,0.9980083647228413,0.00199163518846035,7159,9607446,5387,13800
lung_constrained_probability_tta,0.32,200,0.38371944195559204,0.23740893253078973,0.28608235125708,0.9995529933787459,0.5825318177396458,0.9980007872289531,0.0019992126617580652,5996,9608536,4297,14963
lung_constrained_probability_tta,0.33,0,0.5124327270248854,0.34447701044136764,0.5383367527074104,0.9987729943919749,0.488907184331186,0.9977712825852988,0.0022287173196673393,11283,9601038,11795,9676
lung_constrained_probability_tta,0.33,3,0.5128310035230111,0.34483707281275755,0.5382413283073915,0.9987771554961987,0.4897117555128973,0.9977752270341721,0.002224772935733199,11281,9601078,11755,9678
lung_constrained_probability_tta,0.33,5,0.5130399162531262,0.34502601775318487,0.5378119185073058,0.998781732710845,0.49044946264609035,0.9977788600791869,0.002221139846369624,11272,9601122,11711,9687
lung_constrained_probability_tta,0.33,10,0.5123619147815767,0.3444130127297385,0.5344243523066299,0.9987971287964735,0.492048849059703,0.9977868527782197,0.002213147236034274,11201,9601270,11563,9758
lung_constrained_probability_tta,0.33,15,0.5131524393051751,0.3451278079007451,0.5314661959060396,0.9988228236150561,0.496058784234916,0.9978060560161555,0.002193944063037634,11139,9601517,11316,9820
lung_constrained_probability_tta,0.33,20,0.5139781453725927,0.3458752263784594,0.5285080395054494,0.9988487264888499,0.500225794797462,0.9978254668566636,0.0021745332051068544,11077,9601766,11067,9882
lung_constrained_probability_tta,0.33,30,0.5132323588116677,0.34520011371881565,0.521398921704031,0.9988871126753155,0.5053176731709491,0.9978483031396143,0.0021516969427466393,10928,9602135,10698,10031
lung_constrained_probability_tta,0.33,50,0.5013931661532725,0.33457285448663127,0.4893840354976433,0.9989911402809131,0.5140065146577228,0.9978824537627541,0.0021175462752580643,10257,9603135,9698,10702
lung_constrained_probability_tta,0.33,75,0.4829580036517339,0.3183550651954803,0.45431556849064636,0.9990688489022945,0.5154549883611133,0.9978836993781878,0.002116300631314516,9522,9603882,8951,11437
lung_constrained_probability_tta,0.33,100,0.47531757517273004,0.31174857624962676,0.4231117896844205,0.9992211453168894,0.5422195047382805,0.9979677784199608,0.0020322215277701616,8868,9605346,7487,12091
lung_constrained_probability_tta,0.33,150,0.42336687190256095,0.2685259267724812,0.33627558566709465,0.9994499020215987,0.5713359273665926,0.9980071191074076,0.0019928808324038982,7048,9607545,5288,13911
lung_constrained_probability_tta,0.33,200,0.38386104345584415,0.23751735078316974,0.2857483658570133,0.9995572585105754,0.5845778428496001,0.9980043164726818,0.00199568341486156,5989,9608577,4256,14970
lung_constrained_probability_tta,0.34,0,0.5138565493310245,0.34576510706265684,0.5370008111071439,0.9987941119959112,0.4926248522779828,0.9977894478103732,0.002210552105680108,11255,9601241,11592,9704
lung_constrained_probability_tta,0.34,3,0.5142347941323141,0.3461077107617426,0.5369053867071248,0.9987980650449239,0.4934011487698981,0.9977931846566742,0.002206815406680107,11253,9601279,11554,9706
lung_constrained_probability_tta,0.34,5,0.5144216473385681,0.3462770216171872,0.5365236891070487,0.9988021221215422,0.49406854130031014,0.9977964024965446,0.002203597454354167,11245,9601318,11515,9714
lung_constrained_probability_tta,0.34,10,0.5138745200817266,0.3457813805264856,0.5332315473063919,0.9988180383451987,0.4958736356373698,0.9978051218045803,0.0021948781795799732,11176,9601471,11362,9783
lung_constrained_probability_tta,0.34,15,0.5144166242420247,0.34627246954723,0.5303211031058112,0.9988411324736413,0.49943832846528896,0.9978218338116487,0.0021781662944704294,11115,9601693,11140,9844
lung_constrained_probability_tta,0.34,20,0.514585519412262,0.34642554393885705,0.52645641490504,0.9988669313198295,0.5032381647357004,0.997839168626434,0.002160831354558468,11034,9601941,10892,9925
lung_constrained_probability_tta,0.34,30,0.5141079131601928,0.34599276603834445,0.520301541103812,0.9989015725124936,0.5080600074541054,0.9978603440888064,0.0021396558731794357,10905,9602274,10559,10054
lung_constrained_probability_tta,0.34,50,0.5004183688535462,0.333705320510607,0.4850899374967865,0.9990109055259766,0.5167471410416687,0.9978928338913681,0.0021071662195026875,10167,9603325,9508,10792
lung_constrained_probability_tta,0.34,75,0.486443625946264,0.32139115151913966,0.4536953098905226,0.9991024498189026,0.5242873683627257,0.9979158777768911,0.002084122272208333,9509,9604205,8628,11450
lung_constrained_probability_tta,0.34,100,0.47583223622330645,0.31219151036514164,0.4224915310842967,0.9992296755805485,0.5445879458791238,0.9979749407087044,0.0020250591915100813,8855,9605428,7405,12104
lung_constrained_probability_tta,0.34,150,0.4182884080743327,0.2644530205187939,0.33021613626588564,0.9994578081196241,0.5704277590038981,0.9980018252418145,0.0019981747027486563,6921,9607621,5212,14038
lung_constrained_probability_tta,0.34,200,0.383983572895154,0.237611181702574,0.28550980485696575,0.999560483366349,0.5861494759520166,0.9980070153061215,0.001992984674870968,5984,9608608,4225,14975
lung_constrained_probability_tta,0.35,0,0.5150840808459669,0.3468776071438535,0.5356171573068679,0.9988136691857635,0.49606716747658147,0.9978059522148693,0.00219404767267406,11226,9601429,11404,9733
lung_constrained_probability_tta,0.35,3,0.5154890118721117,0.34724499582330004,0.5355217329068488,0.9988178302899874,0.4969010093852944,0.9978098966637426,0.0021901032887399197,11224,9601469,11364,9735
lung_constrained_probability_tta,0.35,5,0.515691458788248,0.3474287484509456,0.5350923231067631,0.9988223034770282,0.49764820731252324,0.9978134259074714,0.0021865740418434143,11215,9601512,11321,9744
lung_constrained_probability_tta,0.35,10,0.515022053899149,0.34682134859406977,0.5320387423061539,0.9988356190105446,0.4990601503757165,0.9978200691897843,0.002179930917918682,11151,9601640,11193,9808
lung_constrained_probability_tta,0.35,15,0.5157165442200977,0.34745152094221754,0.5291760103055827,0.9988596493874377,0.5029247721396168,0.9978378192097141,0.0021621808409690857,11091,9601871,10962,9868
lung_constrained_probability_tta,0.35,20,0.5157724643449766,0.34750228786003107,0.5254067465048307,0.9988837837919363,0.5064851439607642,0.9978537008064935,0.0021462992299348116,11012,9602103,10730,9947
lung_constrained_probability_tta,0.35,30,0.5143899377026994,0.3462482859783965,0.5180590677033646,0.9989181129017836,0.510772415090549,0.9978719698328541,0.0021280301734805107,10858,9602433,10400,10101
lung_constrained_probability_tta,0.35,50,0.5020661668273818,0.3351724593629129,0.4840402690965771,0.9990316070194906,0.5214865837357245,0.9979112067190148,0.002088793320581317,10145,9603524,9309,10814
lung_constrained_probability_tta,0.35,75,0.4870604529481426,0.3219298840441032,0.4530273390903893,0.9991121243862232,0.5266222961727528,0.997924078078496,0.0020759219769388437,9495,9604298,8535,11464
lung_constrained_probability_tta,0.35,100,0.476298211592201,0.3125928020927976,0.42187127248417294,0.9992377897337851,0.5468489084046343,0.9979816877923035,0.0020183122251182795,8842,9605506,7327,12117
lung_constrained_probability_tta,0.35,150,0.4185032695566668,0.26462480857570264,0.3297867264658,0.9994631135275096,0.5725171871112626,0.9980061848958324,0.0019938151817768812,6912,9607672,5161,14047
lung_constrained_probability_tta,0.35,200,0.38404935574037335,0.2376615629348826,0.2851281072568896,0.9995645404429673,0.5880732139336862,0.9980102331459918,0.0019897669553756714,5976,9608647,4186,14983
lung_constrained_probability_tta,0.36,0,0.5159281216118392,0.3476436209896955,0.5335655327064585,0.998833954568855,0.49941943551246004,0.9978217300103626,0.0021782699041068554,11183,9601624,11209,9776
lung_constrained_probability_tta,0.36,3,0.516288412254862,0.3479708701604793,0.5334701083064395,0.9988376995626566,0.5001789388921445,0.9978252592540913,0.00217474065721035,11181,9601660,11173,9778
lung_constrained_probability_tta,0.36,5,0.5164436432548669,0.34811191425711985,0.5330884107063633,0.9988414445564581,0.5008068130880767,0.9978281656901032,0.0021718342322856188,11173,9601696,11137,9786
lung_constrained_probability_tta,0.36,10,0.5160316686400326,0.3477376556729621,0.5302256787057922,0.9988558003660306,0.5025777858174283,0.9978362621904221,0.002163737779483199,11113,9601834,10999,9846
lung_constrained_probability_tta,0.36,15,0.5169511339722898,0.34857323033254023,0.52745837110524,0.9988810790741908,0.5068543395532039,0.9978554654283579,0.002144534606486559,11055,9602077,10756,9904
lung_constrained_probability_tta,0.36,20,0.516021188934546,0.3477281380884796,0.5228779999043262,0.9989017805677047,0.5093418851085195,0.9978661569608303,0.0021338430233299732,10959,9602276,10557,10000
lung_constrained_probability_tta,0.36,30,0.5149367329463146,0.34674397001814705,0.5164845651030505,0.9989326767665673,0.5133981503436028,0.9978830765704709,0.00211692345328629,10825,9602573,10260,10134
lung_constrained_probability_tta,0.36,50,0.5024831148191045,0.3355442064069989,0.4827520396963201,0.9990434661665287,0.5238958214671341,0.9979202374309089,0.0020797625184059143,10118,9603638,9195,10841
lung_constrained_probability_tta,0.36,75,0.48731539134449464,0.322152673833065,0.4518345340901513,0.9991223190915717,0.5288434690341605,0.9979316555723843,0.0020683445036411285,9470,9604396,8437,11489
lung_constrained_probability_tta,0.36,100,0.4763268062118903,0.3126174353882679,0.4207261796839445,0.9992460079146274,0.5488609485867366,0.9979873968630412,0.0020126032177358866,8818,9605585,7248,12141
lung_constrained_probability_tta,0.36,150,0.41840851864198697,0.264549046687281,0.32902333126564764,0.9994686269906062,0.5744751749412075,0.9980100255434196,0.001989974407479167,6896,9607725,5108,14063
lung_constrained_probability_tta,0.36,200,0.38401132852716785,0.237632438460831,0.2846509852567944,0.9995685975195856,0.5899337486397805,0.9980132433832899,0.0019867566879838705,5966,9608686,4147,14993
lung_constrained_probability_tta,0.37,0,0.5171166156414053,0.34872372372361465,0.5318956057061254,0.9988547600899745,0.5031367062325661,0.9978388572225756,0.0021611428819596767,11148,9601824,11009,9811
lung_constrained_probability_tta,0.37,3,0.5174662860059612,0.34904183366722535,0.5318478935061158,0.9988580889733537,0.5038419815582608,0.9978420750624459,0.0021579249296337366,11147,9601856,10977,9812
lung_constrained_probability_tta,0.37,5,0.5175923774109883,0.3491565811750332,0.5313230593060111,0.9988624581327888,0.5045534864752369,0.9978452929023162,0.00215470721013844,11136,9601898,10935,9823
lung_constrained_probability_tta,0.37,10,0.5171512577587817,0.3487552324299409,0.5286988883054875,0.9988750454730662,0.5060972824843544,0.9978521437872014,0.002147856168448925,11081,9602019,10814,9878
lung_constrained_probability_tta,0.37,15,0.5182365106221757,0.34974306921260234,0.5260747173049639,0.9989007402916488,0.5106284444030423,0.9978720736341402,0.002127926331013441,11026,9602266,10567,9933
lung_constrained_probability_tta,0.37,20,0.5175295315198927,0.3490993868164445,0.5215420583040595,0.9989230021992467,0.5135782747601421,0.9978844259871907,0.0021155739668756723,10931,9602480,10353,10028
lung_constrained_probability_tta,0.37,30,0.5159702811819403,0.34768190598829757,0.515244047902803,0.9989492171558573,0.5166985645930542,0.9978968821415275,0.002103117760270834,10799,9602732,10101,10160
lung_constrained_probability_tta,0.37,50,0.5036793135272759,0.33661187610431215,0.4817023712961106,0.9990602146110299,0.5277574490326566,0.9979346658096823,0.0020653342362493277,10096,9603799,9034,10863
lung_constrained_probability_tta,0.37,75,0.48720477549948427,0.32205599780389715,0.44782670928935164,0.9991485340481824,0.534175630299622,0.9979490941884557,0.0020509057212620974,9386,9604648,8185,11573
lung_constrained_probability_tta,0.37,100,0.47398214674491784,0.3106006562989333,0.4154778376828973,0.9992637966351845,0.5516629711748168,0.9979937287414956,0.002006271155551076,8708,9605756,7077,12251
lung_constrained_probability_tta,0.37,150,0.4183912237516582,0.26453521884476633,0.3284507848655334,0.9994732042052525,0.5761633746228857,0.998013347184576,0.001986652845516801,6884,9607769,5064,14075
lung_constrained_probability_tta,0.37,200,0.3841170593352937,0.23771341949886798,0.28431699985672776,0.9995725505685983,0.591875248310894,0.9980164612231601,0.0019835387356579304,5959,9608724,4109,15000
lung_constrained_probability_tta,0.38,0,0.5183856084260339,0.3498788965429367,0.5307028007058874,0.9988731729761654,0.506627191983372,0.9978546350180688,0.0021453648805618286,11123,9602001,10832,9836
lung_constrained_probability_tta,0.38,3,0.518641143416606,0.3501117511882299,0.5306550885058778,0.9988756696386997,0.5071591427266269,0.99785702244765,0.0021429776679724455,11122,9602025,10808,9837
lung_constrained_probability_tta,0.38,5,0.5188522867881029,0.35030421487331725,0.5301779665057826,0.9988804549085573,0.5080003657307726,0.997860759293951,0.002139240736141801,11112,9602071,10762,9847
lung_constrained_probability_tta,0.38,10,0.5184612138686456,0.3499477831575841,0.5276015077052686,0.9988931462764401,0.5096322241678912,0.9978678177814084,0.00213218224234879,11058,9602193,10640,9901
lung_constrained_probability_tta,0.38,15,0.5193996035116305,0.35080336648802896,0.5250250489047545,0.9989171766533331,0.513893429224997,0.9978861906090551,0.0021138093434274197,11004,9602424,10409,9955
lung_constrained_probability_tta,0.38,20,0.5186347214298064,0.3501058982092452,0.5205401021038596,0.9989386063400862,0.5167432387626028,0.9978978163531028,0.0021021836437284946,10910,9602630,10203,10049
lung_constrained_probability_tta,0.38,30,0.5174996399249803,0.3490721849799705,0.5142898039026126,0.9989680461524704,0.5207497946758197,0.9979135941485959,0.00208640587516129,10779,9602913,9920,10180
lung_constrained_probability_tta,0.38,50,0.5046321798786858,0.3374635812597242,0.48079583949592974,0.9990739462549688,0.5309552663467353,0.9979463953550161,0.002053604694083333,10077,9603931,8902,10882
lung_constrained_probability_tta,0.38,75,0.48872082409688655,0.32338222605683403,0.44706331408919936,0.9991661147135283,0.5389393765095255,0.997964975785235,0.0020350241102278233,9370,9604817,8016,11589
lung_constrained_probability_tta,0.38,100,0.4757268276671839,0.312100767960844,0.4149530034827926,0.9992814813281361,0.5573570879258155,0.9980102331459918,0.0019897669553756714,8697,9605926,6907,12262
lung_constrained_probability_tta,0.38,150,0.4204830327115804,0.2662098865790786,0.3281167994654668,0.9994929694503161,0.5852267892089309,0.9980323428199395,0.0019676571246236563,6877,9607959,4874,14082
lung_constrained_probability_tta,0.38,200,0.38080083135765247,0.23517849979934408,0.27973662865581383,0.9995869063781708,0.5961968680083423,0.998020820877178,0.0019791792146861553,5863,9608862,3971,15096
lung_constrained_probability_tta,0.39,0,0.5191096964447495,0.35053892594103403,0.5291282981055732,0.9988891932274274,0.5094634325613242,0.9978671949736916,0.0021328050643205643,11090,9602155,10678,9869
lung_constrained_probability_tta,0.39,3,0.5192487823153524,0.3506657810670365,0.5289851615055446,0.9988912737795393,0.5098643366288756,0.997868959595556,0.0021310404408723116,11087,9602175,10658,9872
lung_constrained_probability_tta,0.39,5,0.5196388791181804,0.3510217012512748,0.528651176105478,0.9988966832150304,0.5109287097664341,0.9978736306534323,0.0021263693924993277,11080,9602227,10606,9879
lung_constrained_probability_tta,0.39,10,0.5195025438099399,0.3508972890415073,0.526170141704983,0.9989109349969973,0.5130018142063948,0.9978824537627541,0.0021175462752580643,11028,9602364,10469,9931
lung_constrained_probability_tta,0.39,15,0.5196738409025032,0.35105360917173156,0.5230211365043547,0.998931948573328,0.5163691177160882,0.9978965707376691,0.002103429287672043,10962,9602566,10267,9997
lung_constrained_probability_tta,0.39,20,0.5191875746713216,0.35060995288183355,0.5183453409034218,0.9989569151986715,0.5200325499016226,0.9979113105203009,0.0020886894781142473,10864,9602806,10027,10095
lung_constrained_probability_tta,0.39,30,0.518304292290141,0.34980481457373136,0.513049286702365,0.9989825059896484,0.5236680627249811,0.9979253236939297,0.0020746763329952955,10753,9603052,9781,10206
lung_constrained_probability_tta,0.39,50,0.5055806938158609,0.3383124747677505,0.47979388329572986,0.9990881980369357,0.5342967961316963,0.9979584363042082,0.0020415636245161295,10056,9604068,8765,10903
lung_constrained_probability_tta,0.39,75,0.49011236543636816,0.32460188044258936,0.44639534328906605,0.9991819269095792,0.5433217189311594,0.9979793003627222,0.0020206996705383062,9356,9604969,7864,11603
lung_constrained_probability_tta,0.39,100,0.4719298727706104,0.3088404546107363,0.40970466148174545,0.9992879310396832,0.5564411612230712,0.9980052506842572,0.0019947492983192205,8587,9605988,6845,12372
lung_constrained_probability_tta,0.39,150,0.4205982304134891,0.2663022408310978,0.3277351018653906,0.9994970265269344,0.5868933697876051,0.9980355606598098,0.00196443940512836,6869,9607998,4835,14090
lung_constrained_probability_tta,0.39,200,0.38323627560021484,0.2370391355375624,0.27945035545575675,0.9996098964790079,0.6096596231907883,0.998043138153698,0.0019568619318306446,5857,9609083,3750,15102
lung_constrained_probability_tta,0.4,0,0.5201458308830954,0.35148451904114963,0.527553795505259,0.9989078141688293,0.5129430321021929,0.997882349961468,0.002117650117725134,11057,9602334,10499,9902
lung_constrained_probability_tta,0.4,3,0.5204189714015487,0.3517340120902476,0.52745837110524,0.9989107269417862,0.5135649911732261,0.9978850487949076,0.0021149511449038982,11055,9602362,10471,9904
lung_constrained_probability_tta,0.4,5,0.5206757616454559,0.35196865443413866,0.5271720979051828,0.9989146799907989,0.5143375849546065,0.997888370436064,0.002111629582941532,11049,9602400,10433,9910
lung_constrained_probability_tta,0.4,10,0.5207963449564376,0.35207886566579644,0.5248342001047164,0.9989301801040329,0.5168201465887442,0.997898750564678,0.0021012495271861553,11000,9602549,10284,9959
lung_constrained_probability_tta,0.4,15,0.5206387035270447,0.3519347875115662,0.5211603607039834,0.998951609790786,0.5201180896145325,0.99791214093059,0.002087858971208334,10923,9602755,10078,10036
lung_constrained_probability_tta,0.4,20,0.5203618823641093,0.3516818579907387,0.5172956725032123,0.9989732475327503,0.5234646581689245,0.9979253236939297,0.0020746763329952955,10842,9602963,9870,10117
lung_constrained_probability_tta,0.4,30,0.5193986420949275,0.35080248935461816,0.5109976621019557,0.999004351786824,0.5280804694046013,0.997942658508715,0.002057341393083334,10710,9603262,9571,10249
lung_constrained_probability_tta,0.4,50,0.5050622364732232,0.33784833642954304,0.47721742449521576,0.9991005773220019,0.5363577863574988,0.9979651833878073,0.0020348166581243277,10002,9604187,8646,10957
lung_constrained_probability_tta,0.4,75,0.4916315789472391,0.32593600614106355,0.44567966028892325,0.9991989874368972,0.5481485828293244,0.997994766754357,0.002005233196541667,9341,9605133,7700,11618
lung_constrained_probability_tta,0.4,100,0.4736464088396482,0.3103123755745067,0.40903669068161214,0.9993063439258739,0.5624958992188422,0.9980221702938978,0.0019778297282755375,8573,9606165,6668,12386
lung_constrained_probability_tta,0.4,150,0.4206200742125117,0.26631975457253454,0.32721026766528594,0.9995014997139752,0.5886695278964904,0.9980388823009663,0.00196111761033535,6858,9608041,4792,14101
lung_constrained_probability_tta,0.4,200,0.3831334774915198,0.2369604863220924,0.27897323345566155,0.9996134334175982,0.6114190107700392,0.9980456293845653,0.001954370643943548,5847,9609117,3716,15112
lung_constrained_probability_tta,0.41,0,0.5211800302570629,0.3524296675190689,0.5259792929049448,0.9989263310826257,0.5164675568046303,0.9978974011479582,0.0021025987807661295,11024,9602512,10321,9935
lung_constrained_probability_tta,0.41,3,0.5214532380906095,0.35267957126848415,0.5259315807049354,0.9989289317727658,0.5170505183167516,0.9978998923788256,0.0021001077257096767,11023,9602537,10296,9936
lung_constrained_probability_tta,0.41,5,0.5211914571197327,0.35244011784284857,0.5251204733047735,0.9989317405181168,0.5173207990596863,0.9979009303916869,0.002099069533869624,11006,9602564,10269,9953
lung_constrained_probability_tta,0.41,10,0.5222275107090618,0.3533883019839109,0.5234982585044499,0.9989504654871244,0.5209629172401495,0.9979160853794633,0.0020839145872741938,10972,9602744,10089,9987
lung_constrained_probability_tta,0.41,15,0.5214249826541327,0.35265372168273373,0.5199198435037359,0.9989658615727529,0.5229388616947294,0.9979236628733515,0.0020763371139764786,10897,9602892,9941,10062
lung_constrained_probability_tta,0.41,20,0.5213619605290438,0.3525960692283978,0.5161505797029838,0.9989886436183788,0.5266796494642032,0.997938195053411,0.0020618049893528223,10818,9603111,9722,10141
lung_constrained_probability_tta,0.41,30,0.5197337948854197,0.3511083297650436,0.5086120521014798,0.99902193245217,0.5313528063002037,0.9979550108617656,0.0020449890289455652,10660,9603431,9402,10299
lung_constrained_probability_tta,0.41,50,0.5078573971417109,0.34035446489422616,0.4764540292950635,0.9991281446374852,0.5436924919689967,0.997991029908056,0.0020089701283723116,9986,9604452,8381,10973
lung_constrained_probability_tta,0.41,75,0.4940291789126767,0.3280469793936535,0.445107113888809,0.9992219775377342,0.5550333174675421,0.9980164612231601,0.0019835387356579304,9329,9605354,7479,11630
lung_constrained_probability_tta,0.41,100,0.4732075682000521,0.30993575704471094,0.4051242902808315,0.999330374302767,0.5687968917466715,0.9980376366855326,0.0019623632542788982,8491,9606396,6437,12468
lung_constrained_probability_tta,0.41,150,0.4230543635969428,0.2682745389764425,0.3269239944652288,0.9995233455111506,0.5992653489587202,0.9980600577633387,0.0019399422453716397,6852,9608251,4582,14107
lung_constrained_probability_tta,0.41,200,0.38146214967240216,0.2356831813325792,0.27372489145461437,0.9996480746102622,0.6290570175431698,0.9980687770713744,0.001931222970597446,5737,9609450,3383,15222
lung_constrained_probability_tta,0.42,0,0.5221131680884712,0.35328359168960144,0.5241185171045736,0.9989456802172669,0.5201231060603597,0.9979126599370207,0.0020873399917036295,10985,9602698,10135,9974
lung_constrained_probability_tta,0.42,3,0.5222560395661684,0.35341443007004136,0.5239753805045451,0.9989477607693789,0.5205479452052327,0.9979144245588851,0.002085575368255377,10982,9602718,10115,9977
lung_constrained_probability_tta,0.42,5,0.5221862502379256,0.3533505154638037,0.5233074097044118,0.9989512977079692,0.5210698845548382,0.9979165005846079,0.002083499450236559,10968,9602752,10081,9991
lung_constrained_probability_tta,0.42,10,0.5225880551300435,0.3537185799428758,0.5210172241039548,0.9989687743457096,0.5241683866939355,0.9979289567389447,0.0020710432436317205,10920,9602920,9913,10039
lung_constrained_probability_tta,0.42,15,0.5228984670178993,0.35400306298662254,0.5183453409034218,0.998987811397534,0.5275322909582755,0.9979421395022843,0.002057860605418682,10864,9603103,9730,10095
lung_constrained_probability_tta,0.42,20,0.5215515151513888,0.3527694880791156,0.5132401355024031,0.9990082008082312,0.5301365137250357,0.9979513778167507,0.00204862211830914,10757,9603299,9534,10202
lung_constrained_probability_tta,0.42,30,0.5206165324954545,0.3519145265112642,0.5060355933009657,0.9990451306082183,0.5360626737424634,0.9979725532791232,0.002027446636930108,10606,9603654,9179,10353
lung_constrained_probability_tta,0.42,50,0.5089144316729224,0.3413046457447097,0.47530893649483497,0.9991439568335361,0.5476334451099183,0.9980043164726818,0.00199568341486156,9962,9604604,8229,10997
lung_constrained_probability_tta,0.42,75,0.49441185059319487,0.32838452586651323,0.4442960064886472,0.9992304037737877,0.5572710951522697,0.998023104505473,0.0019768953789025545,9312,9605435,7398,11647
lung_constrained_probability_tta,0.42,100,0.47360482654587077,0.31027667984178364,0.4045040316807078,0.9993378642903701,0.5711783332206621,0.9980437609614149,0.0019562391098588705,8478,9606468,6365,12481
lung_constrained_probability_tta,0.42,150,0.42513667992034504,0.2699514773757269,0.32649458466514314,0.9995433188114253,0.6091872162373282,0.9980790533987023,0.001920946640893817,6843,9608443,4390,14116
lung_constrained_probability_tta,0.42,200,0.38162755866188,0.23580947680148245,0.2735340426545763,0.9996511954384302,0.6309707241903687,0.998071475904814,0.0019285241141915321,5733,9609480,3353,15226
lung_constrained_probability_tta,0.43,0,0.5231283582088303,0.354213828342166,0.522591726704269,0.9989635729654297,0.523666092942951,0.9979271921170803,0.0020728078670799732,10953,9602870,9963,10006
lung_constrained_probability_tta,0.43,3,0.523239419791019,0.35431567364628164,0.5223531657042214,0.9989659656003584,0.5241286863268269,0.9979290605402308,0.002070939401164651,10948,9602893,9940,10011
lung_constrained_probability_tta,0.43,5,0.5233322968737537,0.35440085522681186,0.5219714681041452,0.9989690864285264,0.5247002398079018,0.9979313441685258,0.0020686557982116938,10940,9602923,9910,10019
lung_constrained_probability_tta,0.43,10,0.5236171236169977,0.35466214895407744,0.5193950093036311,0.998987291259506,0.5279084428492663,0.9979439041241487,0.0020560959819704294,10886,9603098,9735,10073
lung_constrained_probability_tta,0.43,15,0.5236989746564801,0.35473725592964395,0.516627701703079,0.9990049759524576,0.5309665081152695,0.9979555298681964,0.0020444700494408607,10828,9603268,9565,10131
lung_constrained_probability_tta,0.43,20,0.5222051694315277,0.3533678414821953,0.5113793597020319,0.999025053280338,0.533499253359615,0.9979641453749459,0.0020358546171337366,10718,9603461,9372,10241
lung_constrained_probability_tta,0.43,30,0.5218891737328629,0.35307851377481386,0.5050813493007753,0.9990613589146915,0.539854148604957,0.9979866702540382,0.0020133296493440866,10586,9603810,9023,10373
lung_constrained_probability_tta,0.43,50,0.5096210510132185,0.3419405858890311,0.47449782909467314,0.9991547757045182,0.5503597122299112,0.998013347184576,0.001986652845516801,9945,9604708,8125,11014
lung_constrained_probability_tta,0.43,75,0.495773896813626,0.32958735110595233,0.4435803234885044,0.9992459038870217,0.5618880696237387,0.9980370138778157,0.0019629860762506723,9297,9605584,7249,11662
lung_constrained_probability_tta,0.43,100,0.4751241687009358,0.31158220161189815,0.4039314852805936,0.9993537805140265,0.5767815778712516,0.9980583969427606,0.0019416030263528228,8466,9606621,6212,12493
lung_constrained_probability_tta,0.43,150,0.42512828487002796,0.26994470774080964,0.32611288706506697,0.9995463356119877,0.6104858878165322,0.9980812332257112,0.0019187667639926076,6835,9608472,4361,14124
lung_constrained_probability_tta,0.43,200,0.3725983301477475,0.22895289899854576,0.2650889832528913,0.999655876680682,0.6268050541509174,0.9980577741350437,0.0019422258483245969,5556,9609525,3308,15403
lung_constrained_probability_tta,0.44,0,0.5242038063694233,0.35520067651065007,0.5210649363039643,0.9989818818240149,0.5273807224258609,0.9979421395022843,0.002057860605418682,10921,9603046,9787,10038
lung_constrained_probability_tta,0.44,3,0.5243161459207656,0.3553038440255329,0.5208263753039167,0.9989842744589437,0.5278529980655088,0.9979440079254348,0.00205599213950336,10916,9603069,9764,10043
lung_constrained_probability_tta,0.44,5,0.5243852606781905,0.3553673236682341,0.5204446777038406,0.9989871872319004,0.5283859717106527,0.9979460839511576,0.0020539159886538982,10908,9603097,9736,10051
lung_constrained_probability_tta,0.44,10,0.5242549488795775,0.3552476415093176,0.5174388091032409,0.9990045598420352,0.5312530616241151,0.9979568792849162,0.0020431207958608866,10845,9603264,9569,10114
lung_constrained_probability_tta,0.44,15,0.5245367443216468,0.3555064772388979,0.5145760771026697,0.9990244291147043,0.5348906412733547,0.9979704772534004,0.0020295227877795696,10785,9603455,9378,10174
lung_constrained_probability_tta,0.44,20,0.5232945091512863,0.3543661971829811,0.5101865547017939,0.9990412815868112,0.537093776683642,0.9979777433434301,0.0020222566090524197,10693,9603617,9216,10266
lung_constrained_probability_tta,0.44,30,0.5223725286158956,0.35352112676044484,0.5029820125003563,0.9990782113867983,0.5433180436012249,0.9979989188058026,0.0020010811276733875,10542,9603972,8861,10417
lung_constrained_probability_tta,0.44,50,0.5092886037462294,0.3416413163715633,0.4715396726940829,0.9991710040109915,0.5536074389421053,0.998023104505473,0.0019768953789025545,9883,9604864,7969,11076
lung_constrained_probability_tta,0.44,75,0.49624381767130166,0.3300028445454665,0.4428169282883521,0.9992546422058919,0.5643317524014566,0.9980440723652733,0.0019559275824576616,9281,9605668,7165,11678
lung_constrained_probability_tta,0.44,100,0.47476171676711,0.31127052211199846,0.4016412996801366,0.9993669920199374,0.580431634833772,0.9980665972443655,0.0019334027310833335,8418,9606748,6085,12541
lung_constrained_probability_tta,0.44,150,0.4253768531205851,0.27014517979339764,0.32582661386500983,0.9995506007438172,0.6125213023584065,0.9980848662707261,0.0019151336746290326,6829,9608513,4320,14130
lung_constrained_probability_tta,0.44,200,0.3727175080557288,0.22904290429033455,0.2648981344528532,0.9996586854260332,0.6285520208302631,0.9980601615646248,0.00193983840290457,5552,9609552,3281,15407
lung_constrained_probability_tta,0.45,0,0.5247617898925281,0.3557132578977187,0.5189655995035455,0.9989993584617554,0.5306889149099674,0.9979550108617656,0.0020449890289455652,10877,9603214,9619,10082
lung_constrained_probability_tta,0.45,3,0.5248117397179657,0.3557591623035485,0.5187270385034979,0.9990012309586561,0.5310408831140864,0.9979563602784854,0.002043639775365591,10872,9603232,9601,10087
lung_constrained_probability_tta,0.45,5,0.5248665491170443,0.35580953628492407,0.5183930531034312,0.9990037276211904,0.5315037667544606,0.9979581249003499,0.0020418751519173384,10865,9603256,9577,10094
lung_constrained_probability_tta,0.45,10,0.5243067359524733,0.3552952017375254,0.5151009113027744,0.9990193317620301,0.533847599267896,0.9979665328045271,0.00203346717171371,10796,9603406,9427,10163
lung_constrained_probability_tta,0.45,15,0.5249200263728542,0.3558586895340344,0.5128107257023174,0.9990383688138544,0.5376150460181385,0.9979805459781559,0.002019454026594758,10748,9603589,9244,10211
lung_constrained_probability_tta,0.45,20,0.5242336269250297,0.3552280608160992,0.5083257789014226,0.9990603186386355,0.5411692995374912,0.9979926907286343,0.0020073093473911285,10654,9603800,9033,10305
lung_constrained_probability_tta,0.45,30,0.5225427190752447,0.3536770408334108,0.5004532658998518,0.9990951678865108,0.54667222598606,0.9980103369472779,0.0019896631129086018,10489,9604135,8698,10470
lung_constrained_probability_tta,0.45,50,0.5096954340967709,0.3420075639289608,0.47029915549383544,0.9991821349647904,0.5562955020031851,0.9980315124096504,0.0019684876315295696,9857,9604971,7862,11102
lung_constrained_probability_tta,0.45,75,0.49642761214061343,0.33016542213000455,0.4409084402879713,0.9992686859326476,0.5679429660128031,0.9980539334874565,0.0019460665062069893,9241,9605803,7030,11718
lung_constrained_probability_tta,0.45,100,0.4759552603189474,0.31229743322269776,0.3999713726798034,0.9993879015686625,0.5875797294451618,0.9980838282578647,0.0019161717500537634,8383,9606949,5884,12576
lung_constrained_probability_tta,0.45,150,0.42486172307102127,0.26972979407202724,0.32434753566471475,0.9995585068418427,0.615649338887325,0.9980895373286024,0.0019104626262560487,6798,9608589,4244,14161
lung_constrained_probability_tta,0.45,200,0.3628608476078745,0.22164325315760489,0.2536857674506161,0.9996847963550382,0.6369953276618701,0.9980618223852031,0.001938177621923387,5317,9609803,3030,15642
lung_constrained_probability_tta,0.46,0,0.5257691934386767,0.35663967344777253,0.5169139749031362,0.9990201639828749,0.5349330963311435,0.9979713076636895,0.0020286922808736563,10834,9603414,9419,10125
lung_constrained_probability_tta,0.46,3,0.5257817051853453,0.35665118730021517,0.5166754139030886,0.9990217243969588,0.5352147481833958,0.9979723456765509,0.0020276543218642473,10829,9603429,9404,10130
lung_constrained_probability_tta,0.46,5,0.5259628234721113,0.35681788210459026,0.5163891407030314,0.9990249492527323,0.5358981976626381,0.9979749407087044,0.0020250591915100813,10823,9603460,9373,10136
lung_constrained_probability_tta,0.46,10,0.525492878606375,0.3563854463515288,0.5131447111023841,0.9990409695039943,0.538449984980205,0.9979838676193123,0.002016132464632392,10755,9603614,9219,10204
lung_constrained_probability_tta,0.46,15,0.5257620452309426,0.35663309544442184,0.5102342669018034,0.9990609428042692,0.5422645910448038,0.9979974655877967,0.002002534456551075,10694,9603806,9027,10265
lung_constrained_probability_tta,0.46,20,0.5243784786640633,0.3553610943470947,0.505701607900899,0.9990775872211647,0.5444878249252314,0.9980042126713957,0.0019957872573286295,10599,9603966,8867,10360
lung_constrained_probability_tta,0.46,30,0.5225644878536132,0.3536969861340632,0.49778138269931876,0.9991118123034064,0.5499446523638448,0.9980211322810365,0.0019788676872849464,10433,9604295,8538,10526
lung_constrained_probability_tta,0.46,50,0.5101622323165451,0.3424280437659968,0.46886778949354985,0.9991949303602788,0.5594329955592853,0.9980411659292614,0.001958834007382393,9827,9605094,7739,11132
lung_constrained_probability_tta,0.46,75,0.4976639930863654,0.331260111450537,0.43962021088771425,0.9992867867360216,0.5733665214682182,0.998069192276519,0.0019308077171444893,9214,9605977,6856,11745
lung_constrained_probability_tta,0.46,100,0.47598713240513685,0.31232487764773326,0.39887399207958446,0.9993958076666879,0.5900621118008257,0.99808932972603,0.001910670311190188,8360,9607025,5808,12599
lung_constrained_probability_tta,0.46,150,0.42473387601739987,0.26962674404727527,0.32363185266457195,0.9995632921117001,0.6177033057092999,0.9980927551684726,0.0019072447903454304,6783,9608635,4198,14176
lung_constrained_probability_tta,0.46,200,0.36249316566417356,0.22136894824698605,0.25306550885049234,0.9996878131556005,0.6386514148095862,0.9980634832057813,0.001936516840942204,5304,9609832,3001,15655
lung_constrained_probability_tta,0.47,0,0.5262669661164617,0.357097896305994,0.5142898039026126,0.9990402413107552,0.5388152961756867,0.9979856322411768,0.0020143678411841393,10779,9603607,9226,10180
lung_constrained_probability_tta,0.47,3,0.5263235042629355,0.3571499618711723,0.5139558185025459,0.9990427379732896,0.5393010914185745,0.9979873968630412,0.0020126032177358866,10772,9603631,9202,10187
lung_constrained_probability_tta,0.47,5,0.5264290254753982,0.357247146270123,0.5136695453024888,0.9990453386634295,0.5398385398382691,0.9979893690874778,0.0020106309093534946,10766,9603656,9177,10193
lung_constrained_probability_tta,0.47,10,0.5263856458152817,0.3572071921805527,0.5109022377019367,0.9990618790527195,0.5428368650509262,0.9979998530173778,0.002000147011131048,10708,9603815,9018,10251
lung_constrained_probability_tta,0.47,15,0.5253994163326593,0.35629947672066403,0.5067989885011179,0.9990790436076431,0.5454172015401564,0.9980080533189829,0.001991946715861559,10622,9603980,8853,10337
lung_constrained_probability_tta,0.47,20,0.5245273631839492,0.35549785885276475,0.5030297247003659,0.9990951678865108,0.5479444935291575,0.9980159422167295,0.001984057715162635,10543,9604135,8698,10416
lung_constrained_probability_tta,0.47,30,0.5231791412894441,0.3542603953645691,0.4959206068989475,0.9991281446374852,0.5536085219704109,0.9980333808328009,0.0019666191656142473,10394,9604452,8381,10565
lung_constrained_probability_tta,0.47,50,0.5113959742055423,0.3435406362901738,0.4672932868932357,0.9992145915777368,0.5646909594092685,0.9980573589298991,0.0019426411017775536,9794,9605283,7550,11165
lung_constrained_probability_tta,0.47,75,0.49900828691740284,0.3324523930199361,0.43814113268741917,0.9993068640639019,0.579515335099975,0.9980860080848736,0.001913991873152554,9183,9606170,6663,11776
lung_constrained_probability_tta,0.47,100,0.47752213403613725,0.31364799759096895,0.39758576267932744,0.9994165091602019,0.5976904317884107,0.998107183547246,0.0018928165081888437,8333,9607224,5609,12626
lung_constrained_probability_tta,0.47,150,0.42668769716074867,0.27120343265016994,0.32267760866438155,0.9995861781849316,0.6296434223995627,0.9981135154257006,0.001886484562419355,6763,9608855,3978,14196
lung_constrained_probability_tta,0.47,200,0.35582653026063316,0.2164166596831407,0.2464335130491691,0.9996975917505266,0.6398662041617444,0.998058812147905,0.001941187889315188,5165,9609926,2907,15794
lung_constrained_probability_tta,0.48,0,0.5269981583792445,0.35777155431074287,0.5119996183021556,0.9990601105834244,0.5429019528480508,0.9980004758250947,0.001999524189159274,10731,9603798,9035,10228
lung_constrained_probability_tta,0.48,3,0.5269831907990448,0.35775775775763835,0.5115702085020699,0.9990626072459586,0.5433537728675095,0.9980020328443868,0.0019979672506451607,10722,9603822,9011,10237
lung_constrained_probability_tta,0.48,5,0.5271314015839703,0.3578943852498888,0.5112362231020033,0.9990658321017322,0.5440467123632677,0.9980045240752541,0.0019954759627580643,10715,9603853,8980,10244
lung_constrained_probability_tta,0.48,10,0.5268490374872052,0.3576341127921771,0.5086120521014798,0.9990795637456711,0.5464424851340237,0.9980125167742869,0.0019874831195920706,10660,9603985,8848,10299
lung_constrained_probability_tta,0.48,15,0.52637335321886,0.3571958707238522,0.5051767737007943,0.9990967283005947,0.5494265995534484,0.9980221702938978,0.0019778297282755375,10588,9604150,8683,10371
lung_constrained_probability_tta,0.48,20,0.5252373813092142,0.3561504574719227,0.5014552221000518,0.9991104599445336,0.5513876501754622,0.9980277755633494,0.0019722243305295706,10510,9604282,8551,10449
lung_constrained_probability_tta,0.48,30,0.523844423664858,0.35487074131129775,0.4944892408986619,0.9991421883642408,0.5569048898438705,0.9980442799678455,0.001955720130354166,10364,9604587,8246,10595
lung_constrained_probability_tta,0.48,50,0.5122558657751968,0.34431718061661876,0.46614819409300723,0.9992285312768869,0.5684859769576582,0.9980687770713744,0.001931222970597446,9770,9605417,7416,11189
lung_constrained_probability_tta,0.48,75,0.49922379279339296,0.33264372822287575,0.4372823130872478,0.9993141459962938,0.5816093412865962,0.9980914057517528,0.0019085942767560482,9165,9606240,6593,11794
lung_constrained_probability_tta,0.48,100,0.4759622325526302,0.312303436777571,0.39324395247846117,0.9994349220463926,0.6027497440393427,0.9981161104578541,0.0018838895484805107,8242,9607401,5432,12717
lung_constrained_probability_tta,0.48,150,0.42029077518874347,0.26605578329705565,0.31585476406302027,0.9995918997032395,0.6279047709374675,0.9981043809125203,0.0018956190906465054,6620,9608910,3923,14339
lung_constrained_probability_tta,0.48,200,0.34635281047101124,0.2094478269997021,0.23798845364748414,0.9997028971584122,0.6359000509935799,0.9980457331858515,0.0019542668014764786,4988,9609977,2856,15971
lung_constrained_probability_tta,0.49,0,0.528144304422899,0.3588288621024212,0.5099002815017367,0.9990820604082055,0.5477422992155462,0.99801781063988,0.0019821892492473125,10687,9604009,8824,10272
lung_constrained_probability_tta,0.49,3,0.5281040579637162,0.35879170726778037,0.5094708717016511,0.9990843490155286,0.5481519507184044,0.9980191600565999,0.0019808399956673384,10678,9604031,8802,10281
lung_constrained_probability_tta,0.49,5,0.5284261069721238,0.35908907427329145,0.5093277351016225,0.9990877819265133,0.5490125488579772,0.998022274095184,0.001977725885808468,10675,9604064,8769,10284
lung_constrained_probability_tta,0.49,10,0.5283469265962482,0.35901595025670485,0.506894412901137,0.9991019296808746,0.5516954873549609,0.9980310972045059,0.0019689027685672045,10624,9604200,8633,10335
lung_constrained_probability_tta,0.49,15,0.528265058431839,0.3589403523089305,0.5036022711004802,0.9991212788155157,0.5554678454896561,0.9980432419549842,0.001956758089363575,10555,9604386,8447,10404
lung_constrained_probability_tta,0.49,20,0.5276141569751479,0.35833960199673176,0.5000238560997662,0.9991379232324114,0.558427026162648,0.998052065064306,0.0019479349721223116,10480,9604546,8287,10479
lung_constrained_probability_tta,0.49,30,0.5249098572950778,0.355849342422242,0.49315329929839535,0.9991587287535308,0.5610378331430489,0.9980578779363298,0.0019421220058575273,10336,9604746,8087,10623
lung_constrained_probability_tta,0.49,50,0.5127166565843843,0.3447336775835238,0.46505081349278826,0.9992390380650523,0.5712694877502219,0.9980768735716934,0.0019231264013797045,9747,9605518,7315,11212
lung_constrained_probability_tta,0.49,75,0.4996040090666905,0.33298143429183363,0.43642349348707643,0.9993226762599527,0.5841742240384569,0.9980980490340657,0.0019019509200006723,9147,9606322,6511,11812
lung_constrained_probability_tta,0.49,100,0.47618772061788206,0.31249762655211616,0.3926236938783374,0.9994409556475173,0.6049400867451261,0.9981207815157304,0.0018792185001075268,8229,9607459,5374,12730
lung_constrained_probability_tta,0.49,150,0.4201824945154929,0.26596900784855465,0.315282217662906,0.9995957487246466,0.6296931579944447,0.9981069759446738,0.0018930240767076612,6608,9608947,3886,14351
lung_constrained_probability_tta,0.49,200,0.34621533328687487,0.20934728701710192,0.23765446824741748,0.9997051857657353,0.6373640435052625,0.9980472902051436,0.0019527097465470433,4981,9609999,2834,15978
lung_constrained_probability_tta,0.5,0,0.5294307971824761,0.36001760146215345,0.5074669593012513,0.9991070270335489,0.5533818938602739,0.9980374290829603,0.0019625709392130375,10636,9604249,8584,10323
lung_constrained_probability_tta,0.5,3,0.5295099529134932,0.3600908105176335,0.5070375495011655,0.9991102518893223,0.5540667361832357,0.9980397127112555,0.0019602873362600803,10627,9604280,8553,10332
lung_constrained_probability_tta,0.5,5,0.529620025929857,0.3601926272593481,0.5067512763011085,0.9991128525794624,0.5546503733873546,0.998041684935692,0.0019583150278776884,10621,9604305,8528,10338
lung_constrained_probability_tta,0.5,10,0.5291169690286336,0.3597274275978331,0.5037454077005087,0.9991271043614293,0.5571797984059543,0.9980493662308664,0.0019506337121129036,10558,9604442,8391,10401
lung_constrained_probability_tta,0.5,15,0.5291509196269768,0.3597588132514441,0.5010258122999661,0.9991438528059304,0.5606214297151456,0.9980601615646248,0.00193983840290457,10501,9604603,8230,10458
lung_constrained_probability_tta,0.5,20,0.5278424622859857,0.35855025618088837,0.4974951094992616,0.999155087787335,0.5621327295268952,0.9980636908083537,0.0019363091560080647,10427,9604711,8122,10532
lung_constrained_probability_tta,0.5,30,0.5246078406201319,0.3555717964779162,0.4874755474972625,0.9991911853664773,0.5678634948863006,0.9980779115845547,0.0019220884423702955,10217,9605058,7775,10742
lung_constrained_probability_tta,0.5,50,0.513156498673604,0.34513148035810287,0.4615201106920838,0.9992647328836349,0.5778029986257823,0.9980948311941955,0.0019051687559112906,9673,9605765,7068,11286
lung_constrained_probability_tta,0.5,75,0.49953253038538764,0.3329179342446458,0.4333699126864672,0.9993421294221996,0.5895372233396575,0.998110816592261,0.0018891834188252687,9083,9606509,6324,11876
lung_constrained_probability_tta,0.5,100,0.47502114380691335,0.3114935934211851,0.3885681568775282,0.9994605128373697,0.6109527381840878,0.9981314730482027,0.001868526916950941,8144,9607647,5186,12815
lung_constrained_probability_tta,0.5,150,0.4199968157935297,0.2658202337765958,0.31466195906278227,0.9995993896908425,0.6313421405316567,0.9981092595729688,0.001890740473754704,6595,9608982,3851,14364
lung_constrained_probability_tta,0.5,200,0.34607757870922035,0.20924656093550575,0.23732048284735086,0.9997074743730585,0.6388389416893927,0.9980488472244357,0.00195115280803293,4974,9610021,2812,15985
lung_constrained_probability_tta,0.51,0,0.5299757190416456,0.3605217450531756,0.5050813493007753,0.9991257520025565,0.5574512901524183,0.9980509232501584,0.0019490767735987902,10586,9604429,8404,10373
lung_constrained_probability_tta,0.51,3,0.5300057631109449,0.36054955169932823,0.5046042273006801,0.9991288728307244,0.5581002638519482,0.9980529992758813,0.0019470007391646504,10576,9604459,8374,10383
lung_constrained_probability_tta,0.51,5,0.530134376253377,0.3606685996928669,0.5044610907006515,0.9991307453276251,0.5585609382426125,0.9980545562951734,0.0019454436842352152,10573,9604477,8356,10386
lung_constrained_probability_tta,0.51,10,0.5292858042573299,0.35988352175390204,0.5012166611000042,0.9991437487783248,0.560685311699103,0.9980604729684833,0.001939526991918683,10505,9604602,8231,10454
lung_constrained_probability_tta,0.51,15,0.5298365640439555,0.3603929679419647,0.4988310510995282,0.9991624737473325,0.5649519074891576,0.9980739671356814,0.0019260328263044357,10455,9604782,8051,10504
lung_constrained_probability_tta,0.51,20,0.5288578990226668,0.3594879778583776,0.49577747029891894,0.9991733966459202,0.5666684844846122,0.9980782229884132,0.0019217770313844085,10391,9604887,7946,10568
lung_constrained_probability_tta,0.51,30,0.5255583638519303,0.3564456882979337,0.48613960589699595,0.9992066854797114,0.5719337636819691,0.9980904715401776,0.0019095285097137094,10189,9605207,7626,10770
lung_constrained_probability_tta,0.51,50,0.5134113890365851,0.34536211649291326,0.4602795934918363,0.9992745114785611,0.5804103242882014,0.9981018896816529,0.00189811026211828,9647,9605859,6974,11312
lung_constrained_probability_tta,0.51,75,0.4995302569769275,0.3329159146991518,0.43127057588604834,0.9993558610661384,0.5934607051404416,0.9981199511054412,0.0018800488905981183,9039,9606641,6192,11920
lung_constrained_probability_tta,0.51,100,0.47521627308847464,0.31166142758555865,0.38790018607739496,0.9994666504661,0.6132609187594378,0.998136144106079,0.0018638558685779572,8130,9607706,5127,12829
lung_constrained_probability_tta,0.51,150,0.41998468606418454,0.2658105161132922,0.3140417004626585,0.9996043830159111,0.6337987481939009,0.9981128926179837,0.001887107384391129,6582,9609030,3803,14377
lung_constrained_probability_tta,0.51,200,0.345896614184079,0.20911426525704033,0.23689107304726517,0.9997103871460152,0.6407278358489602,0.9980508194488723,0.001949180499650538,4965,9610049,2784,15994
lung_constrained_probability_tta,0.52,0,0.5305752680053021,0.36107685984369053,0.5029820125003563,0.9991431246126913,0.561371745034048,0.9980636908083537,0.0019363091560080647,10542,9604596,8237,10417
lung_constrained_probability_tta,0.52,3,0.5307407500691307,0.3612301573695062,0.5026957393002993,0.9991461414132535,0.562099871958727,0.9980660782379348,0.001933921710588038,10536,9604625,8208,10423
lung_constrained_probability_tta,0.52,5,0.530587553247667,0.36108823933019035,0.5021709051001946,0.9991481179377599,0.5624131666129302,0.998066908648224,0.0019330913200974464,10525,9604644,8189,10434
lung_constrained_probability_tta,0.52,10,0.5304416124045377,0.3609530705836485,0.49945130969965196,0.9991634099957828,0.5655321447862963,0.9980762507639765,0.0019237492233514786,10468,9604791,8042,10491
lung_constrained_probability_tta,0.52,15,0.530157921548515,0.36069039614585635,0.4965408654990712,0.9991788060814113,0.568657450412235,0.9980852814758706,0.0019147185375913978,10407,9604939,7894,10552
lung_constrained_probability_tta,0.52,20,0.5293304668303314,0.3599248198808395,0.49339186029844295,0.9991914974492941,0.5709159167445641,0.9980910943478944,0.0019089056877419353,10341,9605061,7772,10618
lung_constrained_probability_tta,0.52,30,0.5251205475189182,0.356043028896732,0.4832291616964153,0.9992211453168894,0.5749645188756316,0.9980985680404965,0.0019014319404959679,10128,9605346,7487,10831
lung_constrained_probability_tta,0.52,50,0.5137521404108215,0.3456705670565812,0.4580848322913984,0.9992909478402455,0.5848206127790797,0.9981135154257006,0.001886484562419355,9601,9606017,6816,11358
lung_constrained_probability_tta,0.52,75,0.4996248645342764,0.3329999629587239,0.4289326780855819,0.9993718813174005,0.598216662230105,0.9981308502404859,0.0018691497389227152,8990,9606795,6038,11969
lung_constrained_probability_tta,0.52,100,0.47249057492917285,0.3093208900542558,0.3826995562763573,0.9994827747449676,0.6173324097586259,0.9981409189652414,0.0018590809777379036,8021,9607861,4972,12938
lung_constrained_probability_tta,0.52,150,0.41651393845843654,0.2630360623780608,0.3090319194616589,0.9996187388254837,0.6386314336416499,0.9981163180604263,0.0018836819799616933,6477,9609168,3665,14482
lung_constrained_probability_tta,0.52,200,0.3450225060189312,0.20847564832375776,0.23588911684706526,0.999713299918972,0.6420779220770882,0.9980515460578753,0.001948453951627016,4944,9610077,2756,16015
lung_constrained_probability_tta,0.53,0,0.5311883442099127,0.36164496796846396,0.5009781000999566,0.9991599770847981,0.5652759084788342,0.9980761469626903,0.0019238530658185482,10500,9604758,8075,10459
lung_constrained_probability_tta,0.53,3,0.5313457011970005,0.3617908595849032,0.5008349634999281,0.99916205763691,0.5658150064680003,0.9980779115845547,0.0019220884423702955,10497,9604778,8055,10462
lung_constrained_probability_tta,0.53,5,0.5308407427108112,0.3613228042345042,0.49992843169974716,0.999163618050994,0.5658278431793035,0.9980774963794101,0.0019225035794079304,10478,9604793,8040,10481
lung_constrained_probability_tta,0.53,10,0.5312253366937725,0.3616792622892735,0.49778138269931876,0.9991795342746504,0.5694868995630079,0.9980887069183132,0.001911293133161962,10433,9604946,7887,10526
lung_constrained_probability_tta,0.53,15,0.5307093868357737,0.3612011007766882,0.4947278018987095,0.9991939941118285,0.5723353756137483,0.9980964920147737,0.0019035079749301076,10369,9605085,7748,10590
lung_constrained_probability_tta,0.53,20,0.5303560403373816,0.3608738271949444,0.4918173576981288,0.9992088700594289,0.5754479986598696,0.9981050037202371,0.0018949962686747313,10308,9605228,7605,10651
lung_constrained_probability_tta,0.53,30,0.52576728674886,0.3566379188461909,0.4814160980960535,0.9992371655681516,0.5791195546113878,0.9981106089896886,0.0018893909873440862,10090,9605500,7333,10869
lung_constrained_probability_tta,0.53,50,0.5112020680739684,0.34336564896529326,0.45288420249036077,0.9993045754565788,0.5867589787966948,0.9981157990539956,0.0018842009594663978,9492,9606148,6685,11467
lung_constrained_probability_tta,0.53,75,0.5005018400801549,0.33377956269510123,0.4282647072854486,0.9993828042159882,0.6020524515389348,0.9981402961575245,0.0018597037997096777,8976,9606900,5933,11983
lung_constrained_probability_tta,0.53,100,0.4732567411912717,0.30997794715041976,0.3822701464762716,0.9994915130638378,0.6210852713173479,0.9981487040617019,0.001851295935921371,8012,9607945,4888,12947
lung_constrained_probability_tta,0.53,150,0.4115743138268994,0.25910832178651105,0.3033541676605261,0.999627685199565,0.6398309348891619,0.9981128926179837,0.001887107384391129,6358,9609254,3579,14601
lung_constrained_probability_tta,0.53,200,0.3452131376658472,0.20861486486477676,0.23569826804702718,0.9997169408851678,0.6448244354514492,0.9980547638977456,0.0019452361157163978,4940,9610112,2721,16019
lung_constrained_probability_tta,0.54,0,0.531740180500691,0.36215673373260304,0.49897418769955676,0.9991763094188769,0.5691118850671696,0.9980880841105964,0.0019119158387184143,10458,9604915,7918,10501
lung_constrained_probability_tta,0.54,3,0.5318007273095817,0.36221290747207463,0.49887876329953773,0.9991773496949329,0.5693748638637718,0.9980889145208856,0.0019110854482278228,10456,9604925,7908,10503
lung_constrained_probability_tta,0.54,5,0.5312595458709574,0.36171097785006007,0.4978768070993378,0.9991792221918336,0.5694406548427997,0.9980886031170271,0.0019113968592137098,10435,9604943,7890,10524
lung_constrained_probability_tta,0.54,10,0.5315522800551381,0.36198243412785375,0.49553890929887134,0.9991955545259125,0.573210442077061,0.9980998136559301,0.0019001862965524197,10386,9605100,7733,10573
lung_constrained_probability_tta,0.54,15,0.5317178576939519,0.3621360243875531,0.4931055870983858,0.999211470749569,0.5768908735693123,0.9981104013871164,0.0018895985558629036,10335,9605253,7580,10624
lung_constrained_probability_tta,0.54,20,0.5309771094919312,0.3614491734082443,0.49029056729782416,0.999222809758579,0.5790274412573511,0.9981155914514234,0.0018844085279852152,10276,9605362,7471,10683
lung_constrained_probability_tta,0.54,30,0.5250516731638302,0.3559797069569816,0.4787442148955204,0.9992480884667393,0.5812767929552883,0.9981156952527095,0.0018843048019334674,10034,9605605,7228,10925
lung_constrained_probability_tta,0.54,50,0.5113829701043746,0.34352889953182264,0.45173910969013226,0.9993132097478434,0.5891723708770447,0.9981219233298778,0.0018780766986310482,9468,9606231,6602,11491
lung_constrained_probability_tta,0.54,75,0.49929549681550495,0.3327074022607381,0.42268237988433477,0.9994103715314716,0.6098299717762719,0.9981556587478732,0.00184434128459543,8859,9607165,5668,12100
lung_constrained_probability_tta,0.54,100,0.47329960652037717,0.31001472754038056,0.38164988787614784,0.9994961943060896,0.6228780563770262,0.9981520257028583,0.001847974257543683,7999,9607990,4843,12960
lung_constrained_probability_tta,0.54,150,0.4115359688916359,0.2590779273764753,0.3029724700604499,0.9996305979725219,0.6413493586499935,0.9981149686437065,0.0018850313499569893,6350,9609282,3551,14609
lung_constrained_probability_tta,0.54,200,0.3452688999229508,0.20865559359274388,0.23555513144699863,0.9997189174096742,0.6462887812532448,0.9980564247183239,0.0019435753347352147,4937,9610131,2702,16022
lung_constrained_probability_tta,0.55,0,0.5321526998059273,0.3625395500850587,0.4974951094992616,0.9991883766211263,0.5720006582914191,0.9980969072199183,0.0019030928378924727,10427,9605031,7802,10532
lung_constrained_probability_tta,0.55,3,0.5320501365735246,0.36244435169714717,0.49720883629920454,0.9991893128695766,0.572142308114323,0.9980972186237766,0.0019027814269065857,10421,9605040,7793,10538
lung_constrained_probability_tta,0.55,5,0.5317904309396553,0.3622033544434678,0.49663628989909026,0.999190769256055,0.5723004178576137,0.998097426226349,0.0019025737419724464,10409,9605054,7779,10550
lung_constrained_probability_tta,0.55,10,0.5317170887049845,0.3621353109912677,0.49391669449854764,0.9992065814521058,0.5757828577781992,0.9981072873485322,0.001892712665721774,10352,9605206,7627,10607
lung_constrained_probability_tta,0.55,15,0.5323663018788632,0.36273785656488944,0.4920559186981764,0.9992227057309735,0.5798706775369245,0.9981193282977244,0.0018806717125698924,10313,9605361,7472,10646
lung_constrained_probability_tta,0.55,20,0.5313779343938096,0.3618207480591525,0.48924089889761474,0.9992321722430828,0.5814573291746065,0.9981226499388809,0.0018773500341922045,10254,9605452,7381,10705
lung_constrained_probability_tta,0.55,30,0.5253061439006346,0.35621369257623,0.47688343909514913,0.9992614040002558,0.584673881251486,0.9981249335671759,0.0018750664312392473,9995,9605733,7100,10964
lung_constrained_probability_tta,0.55,50,0.5115737607275871,0.34370111681023546,0.45078486568994186,0.9993206997354465,0.5913130554508753,0.9981273209967572,0.0018726789858192205,9448,9606303,6530,11511
lung_constrained_probability_tta,0.55,75,0.5016589626519293,0.3348095995153551,0.4220144090842015,0.9994321133010415,0.618358501118136,0.9981758999986704,0.001824100036174059,8845,9607374,5459,12114
lung_constrained_probability_tta,0.55,100,0.4708189706405353,0.307889623008042,0.3779760484754148,0.9995036842936926,0.6241235326553027,0.9981515066964276,0.0018484933534637094,7922,9608062,4771,13037
lung_constrained_probability_tta,0.55,150,0.40642722117189023,0.25504151838660977,0.29748556705935514,0.9996371517116744,0.6412629846748521,0.9981095709768273,0.001890429062768817,6235,9609345,3488,14724
lung_constrained_probability_tta,0.55,200,0.3452910089943845,0.20867174280871037,0.23536428264696055,0.9997211019893918,0.6478854741257579,0.9980581893401882,0.001941810711286962,4933,9610152,2681,16026
lung_constrained_probability_tta,0.56,0,0.5327047731289148,0.36305220883521455,0.49601603129896654,0.9992014840994315,0.5752545374056135,0.9981067683421015,0.0018932316452264786,10396,9605157,7676,10563
lung_constrained_probability_tta,0.56,3,0.5324755216074916,0.3628392776049314,0.49558662149888083,0.9992023163202763,0.5752977014674188,0.9981066645408153,0.0018933354876935482,10387,9605165,7668,10572
lung_constrained_probability_tta,0.56,5,0.5325364865210115,0.3628958959657544,0.49530034829882374,0.9992045008999939,0.5758264921230443,0.9981082215601075,0.001891778432764113,10381,9605186,7647,10578
lung_constrained_probability_tta,0.56,10,0.5325321711322349,0.36289188809209794,0.4926284650982906,0.9992205211512559,0.5794701986751715,0.9981183940861491,0.0018816059455275536,10325,9605340,7493,10634
lung_constrained_probability_tta,0.56,15,0.5326911623810734,0.3630395651712268,0.49076768929791936,0.9992329004363221,0.5824462061151855,0.9981266981890403,0.0018733018077909946,10286,9605459,7374,10673
lung_constrained_probability_tta,0.56,20,0.5313142351623523,0.3617616837329973,0.4871415620971959,0.9992443434729378,0.5842966693369668,0.998130227432769,0.0018697725608944893,10210,9605569,7264,10749
lung_constrained_probability_tta,0.56,30,0.5255916925832783,0.35647635050575366,0.4757383462949207,0.9992705584295484,0.5871165282926532,0.9981315768494888,0.0018684231908991933,9971,9605821,7012,10988
lung_constrained_probability_tta,0.56,50,0.5125305789615351,0.3445654557414134,0.44983062168975146,0.9993339112413573,0.5955403954263182,0.998138427734374,0.001861572265625,9428,9606430,6403,11531
lung_constrained_probability_tta,0.56,75,0.49930217323179266,0.3327133313087106,0.41819743308343993,0.9994398113438557,0.6194346289748273,0.9981752771909536,0.001824722858145833,8765,9607448,5385,12194
lung_constrained_probability_tta,0.56,100,0.47115556349334076,0.3081775700933379,0.3775943508753387,0.9995088856739726,0.6263553620889384,0.9981558663504455,0.0018441335996612906,7914,9608112,4721,13045
lung_constrained_probability_tta,0.56,150,0.40655395260773985,0.2551413355181257,0.2971515816592885,0.9996410007330816,0.643454902365282,0.9981126850154115,0.0018873149529099464,6228,9609382,3451,14731
lung_constrained_probability_tta,0.56,200,0.3452697967763331,0.20865624867648808,0.23507800944690344,0.9997239107347429,0.6499142593316846,0.9980603691671972,0.0019396308343857527,4927,9610179,2654,16032
lung_constrained_probability_tta,0.57,0,0.5328805186784674,0.3632154882153608,0.49410754329858575,0.99921427949492,0.5782567424196894,0.9981153838488511,0.0018846160965040326,10356,9605280,7553,10603
lung_constrained_probability_tta,0.57,3,0.5327018609558228,0.36304950356090127,0.4937258456985096,0.9992152157433705,0.5783590431474522,0.9981154876501372,0.0018845123704522848,10348,9605289,7544,10611
lung_constrained_probability_tta,0.57,5,0.5327769621099522,0.36311927249732695,0.49343957249845244,0.9992175043506936,0.5789296909983325,0.9981171484707154,0.00188285147305578,10342,9605311,7522,10617
lung_constrained_probability_tta,0.57,10,0.532870718003021,0.3632063817018943,0.4909585380979574,0.9992331084915332,0.5826067263047319,0.9981273209967572,0.0018726789858192205,10290,9605461,7372,10669
lung_constrained_probability_tta,0.57,15,0.5324736103165378,0.3628375026573727,0.4885729280974815,0.9992444475005433,0.5850425641315288,0.9981334452726394,0.001866554724983871,10240,9605570,7263,10719
lung_constrained_probability_tta,0.57,20,0.5320160995241933,0.36241276171472636,0.4856147716968912,0.9992588033101159,0.5882216956593722,0.998141334170386,0.0018586658407002687,10178,9605708,7125,10781
lung_constrained_probability_tta,0.57,30,0.5245632174764643,0.35553079853361763,0.4720167946941781,0.9992856424323601,0.5902744630068076,0.9981385315356601,0.0018614684231579304,9893,9605966,6867,11066
lung_constrained_probability_tta,0.57,50,0.5109660503098596,0.343152720202376,0.446299918889047,0.9993446260847338,0.5975469528551184,0.9981414379716721,0.0018585619982331991,9354,9606533,6300,11605
lung_constrained_probability_tta,0.57,75,0.4996715318041474,0.33304142552530724,0.41733861348326856,0.9994481335523036,0.6224736692281365,0.9981817128706942,0.0018182871863245964,8747,9607528,5305,12212
lung_constrained_probability_tta,0.57,100,0.4668993740971152,0.3045458114154414,0.3701512476738536,0.9995303153607257,0.6321192862375685,0.9981610564147524,0.0018389435717836022,7758,9608318,4515,13201
lung_constrained_probability_tta,0.57,150,0.40658801999921357,0.2551681706315606,0.2968175962592219,0.9996441215612495,0.6451980916815544,0.9981150724449926,0.0018849275074899197,6221,9609412,3421,14738
lung_constrained_probability_tta,0.57,200,0.34526773503512104,0.2086547427311144,0.23488716064686535,0.9997258872592493,0.6513627943891884,0.9980619261864893,0.0019380737794563174,4923,9610198,2635,16036
lung_constrained_probability_tta,0.58,0,0.5333540099763425,0.36365558805894205,0.492294479698224,0.9992287393320981,0.5818858560790763,0.9981258677787511,0.0018741321982815862,10318,9605419,7414,10641
lung_constrained_probability_tta,0.58,3,0.5332643826760095,0.36357225963390205,0.4920082064981669,0.9992297796081541,0.5820727026413512,0.9981262829838957,0.0018737170612439513,10312,9605429,7404,10647
lung_constrained_probability_tta,0.58,5,0.5333678354248846,0.36366844278190347,0.49172193329810976,0.9992322762706884,0.5827207961095879,0.9981281514070462,0.001871848595328629,10306,9605453,7380,10653
lung_constrained_probability_tta,0.58,10,0.5332847930100548,0.3635912346640793,0.48924089889761474,0.9992465280526553,0.5860433217119586,0.9981369745163681,0.0018630254780873656,10254,9605590,7243,10705
lung_constrained_probability_tta,0.58,15,0.5328042189905405,0.36314459589296305,0.48685528889713875,0.9992572428960319,0.5883302583022438,0.9981424759845334,0.0018575240392237902,10204,9605693,7140,10755
lung_constrained_probability_tta,0.58,20,0.5318763298220254,0.36228305600273314,0.48303831289637716,0.9992732631472939,0.5917007597892509,0.9981501572797078,0.0018498427234590054,10124,9605847,6986,10835
lung_constrained_probability_tta,0.58,30,0.5252589811188716,0.3561703203436902,0.47053771649388304,0.9992998942143269,0.5943828351008954,0.998149534471991,0.0018504655454307795,9862,9606103,6730,11097
lung_constrained_probability_tta,0.58,50,0.5121770407181263,0.34424595851467327,0.44501168948879,0.9993617906396575,0.6032207993787329,0.9981557625491593,0.0018442374421283603,9327,9606698,6135,11632
lung_constrained_probability_tta,0.58,75,0.5019129534273504,0.33503590767681746,0.41624123288304965,0.999471539763563,0.6319907273249551,0.9982026807304943,0.0017973192734643817,8724,9607753,5080,12235
lung_constrained_probability_tta,0.58,100,0.4633315075161393,0.30151689175797003,0.3632329786724733,0.9995537215719852,0.6395866588249688,0.9981693605176436,0.0018306394340470433,7613,9608543,4290,13346
lung_constrained_probability_tta,0.58,150,0.406506726016952,0.25510413671270793,0.2962927620591172,0.9996479705826566,0.6472795497178994,0.9981177712784323,0.0018822287674993277,6210,9609449,3384,14749
lung_constrained_probability_tta,0.58,200,0.3452828201255766,0.2086657613307551,0.23460088744680824,0.9997290080874172,0.653682531240822,0.9980644174173566,0.0019355826079845428,4917,9610228,2605,16042
lung_constrained_probability_tta,0.59,0,0.5336310064638682,0.3639131820272762,0.4903859916978432,0.9992422629208259,0.5852408609494446,0.9981352098945037,0.0018647901015356183,10278,9605549,7284,10681
lung_constrained_probability_tta,0.59,3,0.5335653257847837,0.3638520932208104,0.4901474306977956,0.9992431991692762,0.5854228402093768,0.9981356250996483,0.0018643748480826616,10273,9605558,7275,10686
lung_constrained_probability_tta,0.59,5,0.5334754132444814,0.36376847552533803,0.4896703086977004,0.9992453837489937,0.585887994519275,0.9981367669137958,0.001863233046606183,10263,9605579,7254,10696
lung_constrained_probability_tta,0.59,10,0.5336675282628304,0.36394715287904134,0.4876186840972911,0.9992591153929327,0.5893207242529181,0.9981460052282622,0.0018539947923272848,10220,9605711,7122,10739
lung_constrained_probability_tta,0.59,15,0.5321861392370463,0.3625705911786537,0.48399255689656756,0.9992698302363092,0.591038862669352,0.998148807862988,0.0018511920934543014,10144,9605814,7019,10815
lung_constrained_probability_tta,0.59,20,0.5319401567322273,0.36234228405033886,0.4809389760959583,0.9992863706255992,0.5950413223136983,0.9981586689851712,0.001841331017203629,10080,9605973,6860,10879
lung_constrained_probability_tta,0.59,30,0.5259443419679403,0.35680087051129605,0.46934491149364505,0.999312273499393,0.5980666342408815,0.9981592917928881,0.001840708195231855,9837,9606222,6611,11122
lung_constrained_probability_tta,0.59,50,0.5123589320119702,0.344410317137126,0.4440574454885996,0.999369176599655,0.6054908594101844,0.9981610564147524,0.0018389435717836022,9307,9606769,6064,11652
lung_constrained_probability_tta,0.59,75,0.5032056835902203,0.3361889326231627,0.4156686864829354,0.9994845432142627,0.6374478671247256,0.9982144102758281,0.001785589731298387,8712,9607878,4955,12247
lung_constrained_probability_tta,0.59,100,0.460414501436553,0.29905094706734736,0.35932057827169267,0.9995605873939546,0.6406635474260819,0.9981676996970653,0.0018323003314435482,7531,9608609,4224,13428
lung_constrained_probability_tta,0.59,150,0.40651525579247977,0.2551108551683373,0.29591106445904103,0.9996512994660357,0.6491521875647381,0.9981202625092996,0.0018797374796122313,6202,9609481,3352,14757
lung_constrained_probability_tta,0.59,200,0.3452347483833479,0.20863064899753286,0.23436232644676064,0.9997310886395291,0.6551954114970586,0.9980659744366487,0.0019340255530551076,4912,9610248,2585,16047
lung_constrained_probability_tta,0.6,0,0.5337018591430384,0.3639790873847267,0.48828665489742434,0.9992553703991311,0.588431462741152,0.9981437215999671,0.001856278395280242,10234,9605675,7158,10725
lung_constrained_probability_tta,0.6,3,0.5336741614062983,0.3639533228972663,0.4880958060973863,0.9992563066475815,0.588641463835325,0.9981442406063978,0.0018557594157755375,10230,9605684,7149,10729
lung_constrained_probability_tta,0.6,5,0.5333472606673283,0.3636493127268842,0.4872369864972149,0.999259011365327,0.5890972021917571,0.9981450710166869,0.001854929025284946,10212,9605710,7123,10747
lung_constrained_probability_tta,0.6,10,0.533906749881855,0.3641697073762738,0.4857101960969103,0.9992723268988435,0.5927219796211978,0.9981550359401563,0.001844964106567204,10180,9605838,6995,10779
lung_constrained_probability_tta,0.6,15,0.5324938752929237,0.36285632225161096,0.48222720549621534,0.9992827296594032,0.5944594753554908,0.9981578385748822,0.0018421614076942205,10107,9605938,6895,10852
lung_constrained_probability_tta,0.6,20,0.5318489065604952,0.36225761022628017,0.47864879049550135,0.9992994781039045,0.598353811284386,0.9981667654854901,0.0018332345644012094,10032,9606099,6734,10927
lung_constrained_probability_tta,0.6,30,0.5266466100782942,0.35744758432074475,0.46772269669332134,0.9993273575022047,0.6025570102645507,0.9981708137356495,0.0018291862215846777,9803,9606367,6466,11156
lung_constrained_probability_tta,0.6,50,0.510093167701722,0.34236581552879386,0.43885681568756196,0.9993855089337338,0.6089374379340556,0.9981660388764871,0.0018339611124247313,9198,9606926,5907,11761
lung_constrained_probability_tta,0.6,75,0.49947662247019675,0.3328682711311348,0.4098000858817645,0.9994960902784841,0.6393955184987423,0.9982131646603944,0.0017868353752419353,8589,9607989,4844,12370
lung_constrained_probability_tta,0.6,100,0.4523684778252373,0.2922972757685629,0.3501598358698649,0.9995683894643744,0.6388405292473547,0.998155554946587,0.0018444450106471777,7339,9608684,4149,13620
lung_constrained_probability_tta,0.6,150,0.4062766725755347,0.2549229628407947,0.2952430936589077,0.9996551484874429,0.6511627906969891,0.9981226499388809,0.0018773500341922045,6188,9609518,3315,14771
lung_constrained_probability_tta,0.6,200,0.3448275862067752,0.20833333333324475,0.2337897800466464,0.9997335853020635,0.6567484251432023,0.9980672200520824,0.0019327799091115594,4900,9610272,2561,16059
lung_constrained_probability_tta,0.61,0,0.5336997775158923,0.3639771510173638,0.4864258790970531,0.99926650135293,0.5911515713785277,0.9981507800874246,0.0018492199014872313,10195,9605782,7051,10764
lung_constrained_probability_tta,0.61,3,0.5336615255700506,0.3639415693416322,0.4861873180970055,0.9992676456565917,0.5914103308179969,0.9981514028951415,0.0018485970795154572,10190,9605793,7040,10769
lung_constrained_probability_tta,0.61,5,0.5335815026475821,0.36386713861762526,0.4855670594968817,0.9992707664847595,0.5921335893404363,0.9981531675170059,0.0018468324560672045,10177,9605823,7010,10782
lung_constrained_probability_tta,0.61,10,0.5340529156244481,0.3643057251632913,0.4839448446965581,0.9992839779906705,0.5957359332781653,0.9981628210366168,0.0018371789483353496,10143,9605950,6883,10816
lung_constrained_probability_tta,0.61,15,0.5330722827811057,0.36339369453850245,0.4806527028959012,0.9992964613033422,0.5983251173008265,0.9981681149022099,0.0018318850779905915,10074,9606070,6763,10885
lung_constrained_probability_tta,0.61,20,0.5322121397587664,0.3625947278725252,0.47712200009519673,0.9993113372509427,0.6016847172078209,0.9981752771909536,0.001824722858145833,10000,9606213,6620,10959
lung_constrained_probability_tta,0.61,30,0.5263385263383843,0.35716379626223627,0.46505081349278826,0.9993414012289603,0.6062321184223123,0.9981790140372545,0.0018209859263151884,9747,9606502,6331,11212
lung_constrained_probability_tta,0.61,50,0.5107342744965582,0.34294368409231063,0.43756858628730494,0.9993984083568279,0.6132807275641211,0.9981761076012426,0.0018238923512399197,9171,9607050,5783,11788
lung_constrained_probability_tta,0.61,75,0.501360325307755,0.33454360896371726,0.4088458418815741,0.999515751495942,0.6479885057466364,0.998230707077752,0.0017692928668111563,8569,9608178,4655,12390
lung_constrained_probability_tta,0.61,100,0.4522281199850474,0.29218008533704504,0.34958728946975065,0.999571614320148,0.6401922236779028,0.9981575271710237,0.0018424728186801076,7327,9608715,4118,13632
lung_constrained_probability_tta,0.61,150,0.40617811370344853,0.25484536082463716,0.2948613960588316,0.9996576451499772,0.6525182134931342,0.9981243107594591,0.0018756892532110214,6180,9609542,3291,14779
lung_constrained_probability_tta,0.61,200,0.344813015000935,0.20832269594068234,0.23359893124660833,0.9997354577989642,0.6581529775498614,0.9980686732700883,0.0019313266966491938,4896,9610290,2543,16063
lung_constrained_probability_tta,0.62,0,0.5335645411312017,0.3638513634570667,0.48446967889666276,0.9992772161963066,0.5937317272830115,0.9981572157671653,0.0018427842296659946,10154,9605885,6948,10805
lung_constrained_probability_tta,0.62,3,0.5335926821573617,0.36387753638762316,0.4842788300966247,0.9992785685551794,0.5940883816209575,0.9981581499787405,0.0018418499967083335,10150,9605898,6935,10809
lung_constrained_probability_tta,0.62,5,0.5334631681447132,0.36375708850751426,0.4835631470964819,0.9992818974385586,0.5948468130058723,0.9981599146006049,0.0018400853732600808,10135,9605930,6903,10824
lung_constrained_probability_tta,0.62,10,0.5338900192900844,0.36415414008133656,0.48198864449616774,0.9992944847788359,0.5983179341384752,0.9981690491137851,0.0018309508450329304,10102,9606051,6782,10857
lung_constrained_probability_tta,0.62,15,0.5340564683361159,0.36430903155590705,0.4792213368956156,0.999312273499393,0.6030621435000882,0.9981807786591189,0.0018192213028669357,10044,9606222,6611,10915
lung_constrained_probability_tta,0.62,20,0.5325143543862912,0.36287534121915815,0.47569063409491114,0.9993221561219248,0.6047555501634084,0.9981829584861278,0.0018170415423810482,9970,9606317,6516,10989
lung_constrained_probability_tta,0.62,30,0.5253975564162964,0.3562977660198573,0.46266520349231227,0.9993490992717746,0.6078099536162669,0.9981815052681219,0.0018184947548434138,9697,9606576,6257,11262
lung_constrained_probability_tta,0.62,50,0.5085778150319898,0.3410019108994938,0.43422873228663855,0.9994039218199245,0.6136470905531565,0.9981743429793782,0.0018256569746881723,9101,9607103,5730,11858
lung_constrained_probability_tta,0.62,75,0.5011721955220663,0.3343760997926194,0.4079870222814027,0.9995200166277715,0.6495252563610714,0.9982330945073332,0.0017669055378064513,8551,9608219,4614,12408
lung_constrained_probability_tta,0.62,100,0.4521293034178713,0.29209759214139996,0.3490147430696364,0.9995751512587383,0.6417229581536611,0.9981598107993188,0.0018401892157271504,7315,9608749,4084,13644
lung_constrained_probability_tta,0.62,150,0.40611842105249796,0.25479836545991874,0.2945274106587649,0.999660037784906,0.6538502277294207,0.9981259715800374,0.0018740284722298384,6173,9609565,3268,14786
lung_constrained_probability_tta,0.62,200,0.34481057268710313,0.20832091300080555,0.23340808244657024,0.9997374343234706,0.65965480043061,0.9980702302893805,0.0019297697581350803,4892,9610309,2524,16067
lung_constrained_probability_tta,0.63,0,0.5337766518892406,0.3640486646028493,0.48256119089628197,0.9992902196470064,0.5971541595320321,0.9981660388764871,0.0018339611124247313,10114,9606010,6823,10845
lung_constrained_probability_tta,0.63,3,0.5335058351374206,0.3637967664108733,0.4820363566961773,0.9992913639506679,0.5972805202479472,0.9981660388764871,0.0018339611124247313,10103,9606021,6812,10856
lung_constrained_probability_tta,0.63,5,0.5337068259294063,0.3639837076017864,0.4817977956961297,0.9992942767236246,0.5981518777392499,0.9981684263060684,0.0018315736670047045,10098,9606049,6784,10861
lung_constrained_probability_tta,0.63,10,0.5344726925321017,0.3646965087641733,0.4804618540958631,0.9993079043399579,0.6021646833698486,0.9981791178385407,0.0018208822002634406,10070,9606180,6653,10889
lung_constrained_probability_tta,0.63,15,0.5344579085035674,0.36468274204109974,0.47769454649531096,0.9993243407016423,0.6065305627911756,0.9981894979671546,0.001810502028092742,10012,9606338,6495,10947
lung_constrained_probability_tta,0.63,20,0.5329651178377529,0.36329410044580623,0.47421155589461605,0.9993343273517797,0.608336393683065,0.9981918853967359,0.0018081145826727152,9939,9606434,6399,11020
lung_constrained_probability_tta,0.63,30,0.5260774686305166,0.3569234185881641,0.4600887446917982,0.9993698007652885,0.6141647028847753,0.9981965564546121,0.0018034435342997313,9643,9606775,6058,11316
lung_constrained_probability_tta,0.63,50,0.5086834733892133,0.34109691960918814,0.4332267760864386,0.9994110997247108,0.6159690658702829,0.998179325441113,0.0018206745153293014,9080,9607172,5661,11879
lung_constrained_probability_tta,0.63,75,0.5010716697494052,0.33428660973112345,0.4071282026812314,0.9995249059252346,0.6513740458010294,0.9982361047446313,0.0017638952704146504,8533,9608266,4567,12426
lung_constrained_probability_tta,0.63,100,0.4519004580907354,0.29190658989111806,0.3482990600694936,0.9995787922249342,0.6432284782794578,0.9981618868250416,0.0018381131812930107,7300,9608784,4049,13659
lung_constrained_probability_tta,0.63,150,0.4057178617303759,0.25448310057009565,0.29385943985863167,0.9996626384750459,0.655073388640018,0.9981271133941848,0.001872886554338038,6159,9609590,3243,14800
lung_constrained_probability_tta,0.63,200,0.3446670428892689,0.20821614250395967,0.23312180924651313,0.9997392027927657,0.6608954416330841,0.9980713721035279,0.00192862784024328,4886,9610326,2507,16073
lung_constrained_probability_tta,0.64,0,0.5342309629196283,0.36447144768711276,0.4808435516959393,0.9993038472633397,0.6009540846746565,0.9981758999986704,0.001824100036174059,10078,9606141,6692,10881
lung_constrained_probability_tta,0.64,3,0.534012252366793,0.3642678823400397,0.4803664296958441,0.9993050955946068,0.6011464055406012,0.9981761076012426,0.0018238923512399197,10068,9606153,6680,10891
lung_constrained_probability_tta,0.64,5,0.5342713034243339,0.3645090013401078,0.4801278686957965,0.999308424477986,0.6021782059717538,0.9981789102359684,0.001821089768782258,10063,9606185,6648,10896
lung_constrained_probability_tta,0.64,10,0.5348862000958012,0.3650816749734911,0.4787919270955299,0.9993209077906576,0.6058685020825901,0.9981884599542933,0.0018115401035174727,10035,9606305,6528,10924
lung_constrained_probability_tta,0.64,15,0.5344018869440258,0.364630577907694,0.47564292189490165,0.9993361998486805,0.6097247706418288,0.9981968678584705,0.0018031321233138442,9969,9606452,6381,10990
lung_constrained_probability_tta,0.64,20,0.533764309764166,0.36403718264306717,0.4727324776943209,0.999348995244169,0.6128912532471774,0.9982033035382112,0.0017966964514926076,9908,9606575,6258,11051
lung_constrained_probability_tta,0.64,30,0.5269996162489647,0.3577728981352645,0.45865737869151263,0.999385196850917,0.6192746247499714,0.9982088050063765,0.0017911950126290321,9613,9606923,5910,11346
lung_constrained_probability_tta,0.64,50,0.5067094269557187,0.33932406465455733,0.42969607328573417,0.9994193179055529,0.6173567315597632,0.9981798444475437,0.0018201555358245969,9006,9607251,5582,11953
lung_constrained_probability_tta,0.64,75,0.4985992745715259,0.3320894056643233,0.4033589388804793,0.9995320838300208,0.6527177269914664,0.9982350667317699,0.0017649332294240594,8454,9608335,4498,12505
lung_constrained_probability_tta,0.64,100,0.45171494138793905,0.29175179265300977,0.3474879526693318,0.9995834734671861,0.6452556037914013,0.9981647932610535,0.0018352067563682795,7283,9608829,4004,13676
lung_constrained_probability_tta,0.64,150,0.4057263491224417,0.2544897790282817,0.293430030058546,0.9996663834688474,0.657261942929724,0.9981299160289105,0.0018700839718803763,6150,9609626,3207,14809
lung_constrained_probability_tta,0.64,200,0.3346582160631881,0.2009546744645218,0.22295911064448543,0.9997612566451525,0.6706371986213108,0.9980712683022418,0.0019287316827103496,4673,9610538,2295,16286
lung_constrained_probability_tta,0.65,0,0.5338193816187181,0.36408841784314033,0.47860107829549187,0.9993142500238994,0.6034410154601435,0.9981814014668358,0.0018185984808951616,10031,9606241,6592,10928
lung_constrained_probability_tta,0.65,3,0.5336244076458833,0.363907044299069,0.47817166849540615,0.999315394327561,0.6036258507495009,0.998181609069408,0.0018183909123763442,10022,9606252,6581,10937
lung_constrained_probability_tta,0.65,5,0.5336283421745706,0.3639107038974826,0.4775514098952824,0.9993191393213625,0.6046272804152443,0.9981839964989893,0.0018160034669563174,10009,9606288,6545,10950
lung_constrained_probability_tta,0.65,10,0.5342179891913601,0.3644593706649761,0.47635860489504445,0.9993305823579782,0.6080760095008173,0.9981928196083111,0.001807180349715054,9984,9606398,6435,10975
lung_constrained_probability_tta,0.65,15,0.5337710564553755,0.3640434591101292,0.4732095996944161,0.9993461864988179,0.6121088687276355,0.9982015389163468,0.0017984610749408603,9918,9606548,6285,11041
lung_constrained_probability_tta,0.65,20,0.5326731065831825,0.363022792653108,0.46963118469370213,0.9993597100875455,0.6152644080506218,0.9982072479870845,0.0017927520675584674,9843,9606678,6155,11116
lung_constrained_probability_tta,0.65,30,0.5267236404604088,0.35751855858531073,0.4572737248912366,0.999391646562464,0.6210471747015156,0.9982122304488192,0.0017877696081995964,9584,9606985,5848,11375
lung_constrained_probability_tta,0.65,50,0.5064004962497868,0.3390470437210832,0.4284555560854867,0.9994250394238609,0.6190115116835879,0.9981828546848417,0.001817145268432796,8980,9607306,5527,11979
lung_constrained_probability_tta,0.65,75,0.4981537825302047,0.3316942685180238,0.4023092704802699,0.9995358288238223,0.6539475725138405,0.9982365199497758,0.0017634800169616938,8432,9608371,4462,12527
lung_constrained_probability_tta,0.65,100,0.4499968845409527,0.2903199871360788,0.34457750846875107,0.9995925238688731,0.6483526348858529,0.9981674920944931,0.0018325078999623656,7222,9608916,3917,13737
lung_constrained_probability_tta,0.65,150,0.4074725420578002,0.25586531649778893,0.2929529080584508,0.9996839641341934,0.6689910655909032,0.9981464204334067,0.0018535795388743281,6140,9609795,3038,14819
lung_constrained_probability_tta,0.65,200,0.3342889908255683,0.2006884681582613,0.22252970084439977,0.9997627130316308,0.6715622750170316,0.9980717873086725,0.001928212703205645,4664,9610552,2281,16295
lung_constrained_probability_tta,0.66,0,0.5345412758223004,0.36476037639493586,0.47716971229520627,0.9993280856954438,0.6075941676788532,0.9981920929993081,0.0018079070141538978,10001,9606374,6459,10958
lung_constrained_probability_tta,0.66,3,0.5343601262098149,0.36459169524908247,0.47674030249512056,0.999329334026711,0.6078228602709362,0.9981924044031666,0.0018075956031680107,9992,9606386,6447,10967
lung_constrained_probability_tta,0.66,5,0.5342652848074411,0.3645033983774156,0.47592919509495873,0.999333495130935,0.6089000122081498,0.9981947918327477,0.001805208157747984,9975,9606426,6407,10984
lung_constrained_probability_tta,0.66,10,0.5350061791412243,0.36519347148345305,0.47507037549478737,0.9993440019191003,0.6122486626079984,0.9982034073394973,0.001796592609025538,9957,9606527,6306,11002
lung_constrained_probability_tta,0.66,15,0.5340181105553362,0.3642733340707437,0.4713011116940353,0.9993593980047287,0.6159890246940534,0.998210569628241,0.0017894303891807795,9878,9606675,6158,11081
lung_constrained_probability_tta,0.66,20,0.5317978874004868,0.3622102725754266,0.46600505749297866,0.9993752102007796,0.6192227223732839,0.9982148254809726,0.0017851744778454304,9767,9606827,6006,11192
lung_constrained_probability_tta,0.66,30,0.5271369111605814,0.357899464760131,0.4562240564910271,0.9994010090469678,0.6241514360309242,0.9982192889362766,0.0017807111144065857,9562,9607075,5758,11397
lung_constrained_probability_tta,0.66,50,0.5073289671399996,0.3398799574531455,0.4268810534851725,0.9994418918959677,0.6251397428726766,0.9981962450507537,0.0018037549452856183,8947,9607468,5365,12012
lung_constrained_probability_tta,0.66,75,0.4984012316436232,0.33191371899509764,0.4015935874801271,0.9995422785353694,0.6567059374263425,0.9982413986102244,0.0017586014000698924,8417,9608433,4400,12542
lung_constrained_probability_tta,0.66,100,0.45014671911080406,0.29044473090545825,0.34400496206863684,0.9995979333043642,0.651015801353814,0.9981716441459386,0.0018283558310940862,7210,9608968,3865,13749
lung_constrained_probability_tta,0.66,150,0.4029785955186152,0.2523313678751088,0.2878954148574417,0.9996927024530636,0.6713395638621814,0.9981441368051117,0.0018558631418272853,6034,9609879,2954,14925
lung_constrained_probability_tta,0.66,200,0.3343495570458971,0.20073212747622707,0.2223865642443712,0.9997647935837428,0.6733603004902148,0.9980735519305369,0.0019264480797573924,4661,9610572,2261,16298
lung_constrained_probability_tta,0.67,0,0.5348001073247828,0.3650014649866814,0.4754997852948731,0.999339944842482,0.6109987125249151,0.9982002933009132,0.0017997067188844085,9966,9606488,6345,10993
lung_constrained_probability_tta,0.67,3,0.534715137195797,0.36492231017283605,0.4751180876947969,0.9993416092841716,0.6114078713080301,0.9982011237112023,0.001798876328393817,9958,9606504,6329,11001
lung_constrained_probability_tta,0.67,5,0.5347748910761835,0.36497797356814793,0.47435469249464457,0.9993466026092402,0.6128336312638767,0.9982044453523587,0.001795554650016129,9942,9606552,6281,11017
lung_constrained_probability_tta,0.67,10,0.5349119447664352,0.3651056623222277,0.47316188749440663,0.9993547167624769,0.6151985111658714,0.9982099468205241,0.0017900532111525536,9917,9606630,6203,11042
lung_constrained_probability_tta,0.67,15,0.5349664593572867,0.3651564585494716,0.46991745789375927,0.9993744820075404,0.6209179170340304,0.9982226105774331,0.0017773894360288978,9849,9606820,6013,11110
lung_constrained_probability_tta,0.67,20,0.5321747684234959,0.3625600357420743,0.4646214036927026,0.9993862371269729,0.6227139020331098,0.9982228181800055,0.0017771818675100803,9738,9606933,5900,11221
lung_constrained_probability_tta,0.67,30,0.5262109601923909,0.35704632479902504,0.4537907342905416,0.99940922722781,0.626135615536125,0.9982221953722886,0.0017778045730665326,9511,9607154,5679,11448
lung_constrained_probability_tta,0.67,50,0.5057497438231511,0.33846388296238245,0.42387518488457276,0.9994497979939931,0.6268256544128789,0.9981975944674735,0.0018024055752903223,8884,9607544,5289,12075
lung_constrained_probability_tta,0.67,75,0.49833827893160293,0.33185788246439873,0.4006393434799367,0.9995481040812829,0.659053449493243,0.9982451354565254,0.0017548645846545696,8397,9608489,4344,12562
lung_constrained_probability_tta,0.67,100,0.45000469145827726,0.2903264861373379,0.3432415668684845,0.999602614546616,0.6531686943883664,0.9981746543832367,0.0018253455637022853,7194,9609013,3820,13765
lung_constrained_probability_tta,0.67,150,0.40302300695545645,0.25236619482358136,0.2875137172573656,0.9996963434192595,0.6736724427046689,0.9981469394398375,0.0018530605593696237,6026,9609914,2919,14933
lung_constrained_probability_tta,0.67,200,0.33439867849307486,0.20076753913147308,0.2221480032443236,0.9997678103843051,0.6759581881523288,0.9980760431614042,0.001923956791870296,4656,9610601,2232,16303
lung_constrained_probability_tta,0.68,0,0.5341206287577087,0.36436874632123145,0.47258934109429235,0.9993524281551537,0.6140731556102826,0.9982064175767954,0.001793582458049059,9905,9606608,6225,11054
lung_constrained_probability_tta,0.68,3,0.5342110943231885,0.36445295243691483,0.47235078009424475,0.9993545087072656,0.6147159267304472,0.9982079745960875,0.0017920254031196237,9900,9606628,6205,11059
lung_constrained_probability_tta,0.68,5,0.5342376911850689,0.36447771099872256,0.47163509709410195,0.9993589818943064,0.616002991212927,0.9982108810320994,0.0017891189781948924,9885,9606671,6162,11074
lung_constrained_probability_tta,0.68,10,0.534898855686172,0.3650934665924986,0.4705854286938925,0.9993700088204998,0.619574093849727,0.9982196003401351,0.0017803997034206986,9863,9606777,6056,11096
lung_constrained_probability_tta,0.68,15,0.5344103039893756,0.36463841513355005,0.46719786249321665,0.9993867572650009,0.6242111302348287,0.9982289424558877,0.001771057490259409,9792,9606938,5895,11167
lung_constrained_probability_tta,0.68,20,0.5314197903516461,0.3618595612689705,0.461997232692179,0.9993966398875327,0.625395595168491,0.9982274892378817,0.0017725108191370964,9683,9607033,5800,11276
lung_constrained_probability_tta,0.68,30,0.5254825718648728,0.35637596534173804,0.4513574120900561,0.9994189017951306,0.6287385351584283,0.9982265550263064,0.0017734449356794357,9460,9607247,5586,11499
lung_constrained_probability_tta,0.68,50,0.5050851331274983,0.3378688273962934,0.4217758480841539,0.9994585363128633,0.6294054823776223,0.9982017465189191,0.0017982535064220428,8840,9607628,5205,12119
lung_constrained_probability_tta,0.68,75,0.4946146731507908,0.32856350087191666,0.3954864258789086,0.9995559061517026,0.6600573339698518,0.9982417100140828,0.0017582899890840054,8289,9608564,4269,12670
lung_constrained_probability_tta,0.68,100,0.4495467519837993,0.28994537730111675,0.341905625268218,0.9996092723133743,0.6561069401202562,0.9981783912295378,0.0018216087482869625,7166,9609077,3756,13793
lung_constrained_probability_tta,0.68,150,0.4027735905937752,0.2521706304264703,0.28684574645723226,0.9997001924406667,0.6759613222389521,0.9981493268694187,0.0018506731139495969,6012,9609951,2882,14947
lung_constrained_probability_tta,0.68,200,0.33425622954933865,0.20066485342995266,0.22176630564424743,0.9997707231572618,0.678342089899769,0.998078119187127,0.0019218807574361563,4648,9610629,2204,16311
lung_constrained_probability_tta,0.69,0,0.5341705686522494,0.3644152295135107,0.4708239896939401,0.9993633510537414,0.6172129096818756,0.9982134760642528,0.0017865239642560482,9868,9606713,6120,11091
lung_constrained_probability_tta,0.69,3,0.5342469463476602,0.3644863266813139,0.4705854286938925,0.9993653275782478,0.6178276121268993,0.9982149292822589,0.0017850707517936826,9863,9606732,6101,11096
lung_constrained_probability_tta,0.69,5,0.5344004340747329,0.3646292251303674,0.46991745789375927,0.9993704249309221,0.6193950066029688,0.9982185623272737,0.0017814376624301076,9849,9606781,6052,11110
lung_constrained_probability_tta,0.69,10,0.5349299224382814,0.3651224133445907,0.46891550169355933,0.9993802035258483,0.6225769669323308,0.9982261398211619,0.0017738601891323924,9828,9606875,5958,11131
lung_constrained_probability_tta,0.69,15,0.5343043311612182,0.3645397489538387,0.465575647692893,0.9993957036390824,0.626838825720674,0.9982343401227669,0.0017656598938629031,9758,9607024,5809,11201
lung_constrained_probability_tta,0.69,20,0.530714561181056,0.3612058944840972,0.459611622691703,0.9994060023720365,0.6278433161698312,0.9982316412893273,0.001768358750268817,9633,9607123,5710,11326
lung_constrained_probability_tta,0.69,30,0.5237497559477523,0.35478385731546447,0.4479698458893802,0.9994273280311841,0.6303880757347721,0.9982275930391679,0.0017724069766700268,9389,9607328,5505,11570
lung_constrained_probability_tta,0.69,50,0.5048677127475362,0.3376742760838296,0.42063075528392546,0.9994643618587767,0.6312925170063506,0.9982050681600756,0.001794931828044355,8816,9607684,5149,12143
lung_constrained_probability_tta,0.69,75,0.4943665760137192,0.3283445811828788,0.3946276062787372,0.9995598592007154,0.661574148135769,0.9982437860398056,0.0017562139546498656,8271,9608602,4231,12688
lung_constrained_probability_tta,0.69,100,0.4493937299741002,0.2898180786838905,0.3412853666680942,0.9996128092519646,0.6577471264361767,0.9981805710565467,0.001819428987801075,7153,9609111,3722,13806
lung_constrained_probability_tta,0.69,150,0.4025481978204853,0.25199395516738643,0.2864163366571466,0.9997021689651729,0.6770809835318327,0.99815036488228,0.001849635154940188,6003,9609970,2863,14956
lung_constrained_probability_tta,0.69,200,0.33417284305953293,0.20060475161978375,0.22157545684420937,0.9997720755161346,0.6794440380385085,0.9980790533987023,0.001920946640893817,4644,9610642,2191,16315
lung_constrained_probability_tta,0.7,0,0.5343050607781432,0.3645404282161251,0.4687246528935213,0.9993768746424692,0.6212217022887181,0.9982224029748609,0.0017775970045477152,9824,9606843,5990,11135
lung_constrained_probability_tta,0.7,3,0.5342368822119165,0.36447695792626367,0.4682952430934356,0.9993789551945811,0.6217928413046425,0.9982235447890084,0.0017764552030712366,9815,9606863,5970,11144
lung_constrained_probability_tta,0.7,5,0.5346599427557491,0.3648708981321657,0.46791354549335945,0.9993842606024665,0.6236169400988022,0.9982280082443123,0.00177199172321707,9807,9606914,5919,11152
lung_constrained_probability_tta,0.7,10,0.5352366888176402,0.3654083118627514,0.4669115892931595,0.9993943512802096,0.6269861609427043,0.998235897142059,0.0017641028389334679,9786,9607011,5822,11173
lung_constrained_probability_tta,0.7,15,0.5345951745576125,0.3648105733487159,0.4635717352924931,0.999409747365838,0.631319038336172,0.9982439936423778,0.0017560063861310482,9716,9607159,5674,11243
lung_constrained_probability_tta,0.7,20,0.5294801527983919,0.36006324824924324,0.4563194808910462,0.9994171333258355,0.6305795477018326,0.9982355857382006,0.001764414249919355,9564,9607230,5603,11395
lung_constrained_probability_tta,0.7,30,0.5241634645049438,0.355163632216977,0.4458227968889518,0.9994434523100516,0.6359058118955792,0.9982390111806432,0.0017609888454899192,9344,9607483,5350,11615
lung_constrained_probability_tta,0.7,50,0.5009235742321344,0.33415479399294024,0.4140464716826117,0.9994787176683493,0.6339396595802221,0.9982050681600756,0.001794931828044355,8678,9607822,5011,12281
lung_constrained_probability_tta,0.7,75,0.49427698208171206,0.3282655416698526,0.39353022567851825,0.9995665169674737,0.6643576318963638,0.9982480418925374,0.0017519581597298384,8248,9608666,4167,12711
lung_constrained_probability_tta,0.7,100,0.4492995435226037,0.28973973770746286,0.3404742592679324,0.9996182186874557,0.6603738663699237,0.9981842041015615,0.0018157958984375,7136,9609163,3670,13823
lung_constrained_probability_tta,0.7,150,0.40252543909715466,0.2519761183988177,0.2859392146570514,0.9997061220141857,0.6796325697429353,0.998153271318292,0.0018467287300154567,5993,9610008,2825,14966
lung_constrained_probability_tta,0.7,200,0.33430599084969403,0.20070072234949576,0.2213846080441713,0.9997753003719081,0.6823529411754672,0.998081856033428,0.0019181439420208335,4640,9610673,2160,16319
lung_constrained_probability_tta,0.71,0,0.5339272538462182,0.3641887861615105,0.4661004818929977,0.9993898780931688,0.624856082895852,0.9982296690648906,0.001770330942235887,9769,9606968,5865,11190
lung_constrained_probability_tta,0.71,3,0.5338730410522841,0.3641383427226937,0.46567107209291203,0.9993920626728864,0.6254806459878073,0.9982309146803243,0.0017690852982923388,9760,9606989,5844,11199
lung_constrained_probability_tta,0.71,5,0.5342972151481327,0.36453312408909144,0.4654802232928739,0.9993962237771103,0.6269922879173349,0.9982346515266253,0.001765348482877016,9756,9607029,5804,11203
lung_constrained_probability_tta,0.71,10,0.5351067630326376,0.3652872096948316,0.4645259792926835,0.9994076668137261,0.6309786130909715,0.9982439936423778,0.0017560063861310482,9736,9607139,5694,11223
lung_constrained_probability_tta,0.71,15,0.5339851409946879,0.36424265259971206,0.4612338374920267,0.9994194219331586,0.6339847848894058,0.998248560898968,0.001751439063809812,9667,9607252,5581,11292
lung_constrained_probability_tta,0.71,20,0.5287471475481359,0.3593856397063027,0.4532659000904369,0.999430448859352,0.6343906510847183,0.9982422290205135,0.0017577710095793009,9500,9607358,5475,11459
lung_constrained_probability_tta,0.71,30,0.5234718000673975,0.3545288197619874,0.443723460088533,0.9994514624356826,0.6381664722427515,0.9982424366230858,0.0017575633246451616,9300,9607560,5273,11659
lung_constrained_probability_tta,0.71,50,0.49972418198168,0.33308820683502993,0.4106111932819263,0.9994925533398937,0.6382379115984587,0.99821140003853,0.001788599998690188,8606,9607955,4878,12353
lung_constrained_probability_tta,0.71,75,0.4882317441157248,0.32295409181623835,0.38599169807701417,0.999574423065499,0.6641490846394679,0.9982395301870739,0.0017604698659852147,8090,9608742,4091,12869
lung_constrained_probability_tta,0.71,100,0.448518506831451,0.2890904653431951,0.33909060546765635,0.9996228999297075,0.6622251211324429,0.9981858649221398,0.001814135117456317,7107,9609208,3625,13852
lung_constrained_probability_tta,0.71,150,0.40154751892333,0.2512101696341073,0.2847464096568134,0.9997089307595368,0.6808122290660725,0.9981534789208643,0.0018465210450813174,5968,9610035,2798,14991
lung_constrained_probability_tta,0.71,200,0.3335618168042377,0.20016453065457215,0.22057350064400946,0.9997776930068368,0.6838757396439588,0.9980824788411449,0.0019175211200490594,4623,9610696,2137,16336
lung_constrained_probability_tta,0.72,0,0.5336043285999249,0.3638883686082173,0.4634763108924741,0.9994032976542909,0.628737864077263,0.9982373503600649,0.0017626496264711022,9714,9607097,5736,11245
lung_constrained_probability_tta,0.72,3,0.5337035407959826,0.3639806516928404,0.46314232549240747,0.9994060023720365,0.6296296296292212,0.9982393225845015,0.0017606774345040321,9707,9607123,5710,11252
lung_constrained_probability_tta,0.72,5,0.5339570720967161,0.36421653277259397,0.46290376449235987,0.99940922722781,0.6307782328843178,0.9982420214179412,0.0017579785780981183,9702,9607154,5679,11257
lung_constrained_probability_tta,0.72,10,0.534879867439786,0.3650757747114661,0.4620449448921885,0.999420878319637,0.6349747557533046,0.9982517787388383,0.0017482212278991938,9684,9607266,5567,11275
lung_constrained_probability_tta,0.72,15,0.5330150711925025,0.36334052294987573,0.4581325444914079,0.9994311770525911,0.6371599203711764,0.9982535433607027,0.001746456604450941,9602,9607365,5468,11357
lung_constrained_probability_tta,0.72,20,0.5281859321748343,0.35886729426041647,0.451071138889999,0.9994398113438557,0.6371049262075361,0.9982467962771037,0.0017532036872580647,9454,9607448,5385,11505
lung_constrained_probability_tta,0.72,30,0.523003925777241,0.35409973994173394,0.44176725988814264,0.9994602007545529,0.6408499446285708,0.9982469000783898,0.001753099961206317,9259,9607644,5189,11700
lung_constrained_probability_tta,0.72,50,0.49934450109235273,0.3327509221509094,0.4088935540815836,0.9995010836035527,0.6411791111771351,0.9982161748976924,0.0017838251078501344,8570,9608037,4796,12389
lung_constrained_probability_tta,0.72,75,0.4878196398848577,0.32259355613355106,0.3845603320767286,0.9995811848598629,0.6668873076281094,0.9982431632320887,0.0017568367766216397,8060,9608807,4026,12899
lung_constrained_probability_tta,0.72,100,0.4480227776018829,0.2886787068366877,0.3378500882674088,0.9996286214480155,0.664820204674993,0.9981888751594378,0.001811124850064516,7081,9609263,3570,13878
lung_constrained_probability_tta,0.72,150,0.39650442028235733,0.2472750316855736,0.27925950665571864,0.9997179811612238,0.6834423166736531,0.9981505724848524,0.0018494274700060487,5853,9610122,2711,15106
lung_constrained_probability_tta,0.72,200,0.33312863490216627,0.1998526352287622,0.2200009542438952,0.9997801896693712,0.68575252825597,0.9980837244565786,0.001916275592520833,4611,9610720,2113,16348
lung_constrained_probability_tta,0.73,0,0.5333664651148476,0.36366716867456184,0.4608521398919505,0.9994173413810467,0.6329619921358892,0.9982456544629561,0.0017543454887345433,9659,9607232,5601,11300
lung_constrained_probability_tta,0.73,3,0.5332891136720191,0.3635952515544136,0.4603273056918458,0.9994199420711866,0.6337362059901249,0.998247107680962,0.0017528922762721777,9648,9607257,5576,11311
lung_constrained_probability_tta,0.73,5,0.5334513372236266,0.36374608682519377,0.4601364568918077,0.9994222306785098,0.6345571785757109,0.9982489761041126,0.0017510239267721772,9644,9607279,5554,11315
lung_constrained_probability_tta,0.73,10,0.5341363232680578,0.36438335415942885,0.4591345006916078,0.9994330495494919,0.6384263252168524,0.9982575916108621,0.0017424083780497313,9623,9607383,5450,11336
lung_constrained_probability_tta,0.73,15,0.5321208401906519,0.3625099768156427,0.45507896369079864,0.9994432442548404,0.640564137004271,0.998258941027582,0.0017410590080544353,9538,9607481,5352,11421
lung_constrained_probability_tta,0.73,20,0.527653129907862,0.3583755571639459,0.4488286654895516,0.9994496939663875,0.6400625978086412,0.9982517787388383,0.0017482212278991938,9407,9607543,5290,11552
lung_constrained_probability_tta,0.73,30,0.5220992907799937,0.3532708845207489,0.4390476644876,0.9994706035151126,0.6439017563496998,0.9982513635336938,0.0017486364813521504,9202,9607744,5089,11757
lung_constrained_probability_tta,0.73,50,0.4997064694139663,0.3330724683047687,0.40612624648103146,0.9995217850970667,0.6493248912955608,0.9982308108790382,0.0017691891407594085,8512,9608236,4597,12447
lung_constrained_probability_tta,0.73,75,0.4871388516394956,0.3219983883963247,0.3813159024760812,0.9995983494147865,0.6742596810928252,0.9982532319568442,0.0017467680154368281,7992,9608972,3861,12967
lung_constrained_probability_tta,0.73,100,0.4475653056047275,0.28829895854593085,0.3368004198671994,0.9996331986626618,0.6668871043923789,0.9981911587877329,0.001808841247111559,7059,9609307,3526,13900
lung_constrained_probability_tta,0.73,150,0.39106716672335795,0.24305997033259458,0.27362946705459534,0.9997257832316436,0.6851033329343147,0.9981461090295484,0.0018538909498602152,5735,9610197,2636,15224
lung_constrained_probability_tta,0.73,200,0.33259792397543037,0.19947073879649496,0.21938069564377147,0.9997823742490888,0.6872944693562223,0.9980845548668676,0.0019154450856149197,4598,9610741,2092,16361
lung_constrained_probability_tta,0.74,0,0.5340700838561299,0.36432170322371316,0.4588482274915507,0.9994342978807591,0.638791099302133,0.998258214418579,0.0017417855560779572,9617,9607395,5438,11342
lung_constrained_probability_tta,0.74,3,0.5340002778934184,0.3642567388253538,0.45841881769146503,0.999436378432871,0.6394249966720089,0.9982593562327265,0.0017406437546014786,9608,9607415,5418,11351
lung_constrained_probability_tta,0.74,5,0.5342496243947098,0.3644888197105787,0.4580848322913984,0.9994401234266725,0.6407928986180065,0.9982623664700245,0.0017376334872096777,9601,9607451,5382,11358
lung_constrained_probability_tta,0.74,10,0.5348026224018595,0.365003808072976,0.45732143709124606,0.9994485496627259,0.6438935912934005,0.9982691135536236,0.001730886404402554,9585,9607532,5301,11374
lung_constrained_probability_tta,0.74,15,0.5320401412792141,0.36243507485473475,0.4527887780903417,0.9994564557607514,0.6449201495068672,0.9982671413291869,0.001732858712784946,9490,9607608,5225,11469
lung_constrained_probability_tta,0.74,20,0.5278357493370952,0.3585440613025446,0.44649076768908513,0.9994651940796215,0.6454238223321295,0.9982621588674523,0.001737841172143817,9358,9607692,5141,11601
lung_constrained_probability_tta,0.74,30,0.5225841383829123,0.35371499112709137,0.4374731618872859,0.9994837109934179,0.6488112086041262,0.9982610170533047,0.0017389829736202955,9169,9607870,4963,11790
lung_constrained_probability_tta,0.74,50,0.4995583819111761,0.33294089945831057,0.4047903048807649,0.9995294831398809,0.6522641654488719,0.9982355857382006,0.001764414249919355,8484,9608310,4523,12475
lung_constrained_probability_tta,0.74,75,0.48355887575761325,0.3188774480111775,0.3767832434751769,0.9996040709330944,0.6747842433558277,0.9982490799053987,0.0017509200843051076,7897,9609027,3806,13062
lung_constrained_probability_tta,0.74,100,0.444146986646128,0.28546847474280573,0.33245860966633306,0.9996411047606871,0.6688423881736716,0.9981896017684407,0.0018103981856256723,6968,9609383,3450,13991
lung_constrained_probability_tta,0.74,150,0.3869151820957722,0.23986040771152067,0.2689059592536529,0.9997359779369922,0.6895033031555059,0.9981460052282622,0.0018539947923272848,5636,9610295,2538,15323
lung_constrained_probability_tta,0.74,200,0.3325004526524235,0.19940062543424278,0.2190467102437048,0.9997851829944399,0.6897536057681944,0.9980866308925904,0.00191336905118078,4591,9610768,2065,16368
lung_constrained_probability_tta,0.75,0,0.5331581301720719,0.36347348759182574,0.4549358270907701,0.9994513584080771,0.6438652170972761,0.9982667261240424,0.0017332738498225808,9535,9607559,5274,11424
lung_constrained_probability_tta,0.75,3,0.5329565801251867,0.3632861665203237,0.4544587050906749,0.9994528147945554,0.6442340209667607,0.9982671413291869,0.001732858712784946,9525,9607573,5260,11434
lung_constrained_probability_tta,0.75,5,0.5331802654419743,0.363494063299216,0.4542678562906368,0.9994555195123009,0.6452727888846863,0.998269424957482,0.001730574993416667,9521,9607599,5234,11438
lung_constrained_probability_tta,0.75,10,0.5335355578023443,0.36382440818188777,0.45317047569041785,0.999464569913988,0.6485489928298747,0.998276068239795,0.001723931753076613,9498,9607686,5147,11461
lung_constrained_probability_tta,0.75,15,0.5301837270339711,0.36071428571414715,0.44816069468941827,0.9994714357359574,0.6489567500340963,0.9982720199896356,0.0017279799794778228,9393,9607752,5081,11566
lung_constrained_probability_tta,0.75,20,0.5269365997503327,0.357714813674023,0.4433417624884568,0.9994780935027157,0.6493815081412752,0.9982681793420484,0.0017318206373602152,9292,9607816,5017,11667
lung_constrained_probability_tta,0.75,30,0.5193538205501939,0.3507615983875234,0.431795410086153,0.9994962983336952,0.6514540742868906,0.998261224655877,0.0017387752886861563,9050,9607991,4842,11909
lung_constrained_probability_tta,0.75,50,0.49931681815466666,0.3327263370411572,0.40102104108001285,0.9995524732407179,0.6614464468398037,0.9982503255208324,0.0017496744403615594,8405,9608531,4302,12554
lung_constrained_probability_tta,0.75,75,0.4823634515262985,0.31783858395570075,0.37353881387452953,0.9996179066046389,0.6806642323068329,0.9982558269889977,0.001744173001497984,7829,9609160,3673,13130
lung_constrained_probability_tta,0.75,100,0.44086886564748484,0.2827657378739803,0.32682857006520977,0.9996602458401171,0.6771451166462266,0.998196452653326,0.0018035473767668009,6850,9609567,3266,14109
lung_constrained_probability_tta,0.75,150,0.3820387846104663,0.23612357390068106,0.2636576172526057,0.9997457565319184,0.6933500627343873,0.998144344407684,0.0018556555733084679,5526,9610389,2444,15433
lung_constrained_probability_tta,0.75,200,0.3320880635449087,0.19910407515322093,0.21842645164358107,0.9997884078502134,0.6923774954617478,0.998088499315741,0.0019115007016807795,4578,9610799,2034,16381
lung_constrained_probability_tta,0.76,0,0.5326288572872429,0.36298169003280356,0.4521208072902084,0.999464569913988,0.6480202420839444,0.9982737846114998,0.00172621535602957,9476,9607686,5147,11483
lung_constrained_probability_tta,0.76,3,0.5326995021235598,0.36304731232253545,0.4517868218901418,0.9994670665765223,0.648917214911836,0.9982755492333643,0.0017244507325813174,9469,9607710,5123,11490
lung_constrained_probability_tta,0.76,5,0.5326992345788686,0.3630470637872107,0.4515959730901037,0.9994682108801839,0.6493105577274821,0.9982762758423672,0.0017237241845577955,9465,9607721,5112,11494
lung_constrained_probability_tta,0.76,10,0.5330811787285388,0.36340196267063174,0.45054630468989426,0.9994771572542653,0.652636671504145,0.9982829191246801,0.0017170808278024197,9443,9607807,5026,11516
lung_constrained_probability_tta,0.76,15,0.5297202301651041,0.3602853287062424,0.4458227968889518,0.9994823586345452,0.6525139664799913,0.9982778328616593,0.0017221671296283603,9344,9607857,4976,11615
lung_constrained_probability_tta,0.76,20,0.5269669327250494,0.35774277199351406,0.44100386468799035,0.9994925533398937,0.6545570427018946,0.9982775214578009,0.0017224785406142473,9243,9607955,4878,11716
lung_constrained_probability_tta,0.76,30,0.5187276708538324,0.3501906169764451,0.4295052244856961,0.999506180956227,0.6547385264378102,0.9982661033163256,0.001733896671794355,9002,9608086,4747,11957
lung_constrained_probability_tta,0.76,50,0.4983903660425366,0.33190408130842786,0.39887399207958446,0.9995600672559266,0.6640718087213725,0.9982532319568442,0.0017467680154368281,8360,9608604,4229,12599
lung_constrained_probability_tta,0.76,75,0.47971005513893816,0.3155385305023369,0.36943556467371086,0.9996275811719595,0.6838293738402509,0.9982565535980007,0.001743446453474462,7743,9609253,3580,13216
lung_constrained_probability_tta,0.76,100,0.4326114484235096,0.2760077888717421,0.3178586764634201,0.9996694002694098,0.6770325203245151,0.998186072524712,0.0018139274325221777,6662,9609655,3178,14297
lung_constrained_probability_tta,0.76,150,0.3817042346177827,0.23586803029644576,0.2629896464524724,0.9997492934705087,0.6957838929554458,0.9981464204334067,0.0018535795388743281,5512,9610423,2410,15447
lung_constrained_probability_tta,0.76,200,0.33168640558005824,0.19881538260520062,0.2178061930434573,0.9997917367335926,0.6951423785584054,0.9980904715401776,0.0019095285097137094,4565,9610831,2002,16394
lung_constrained_probability_tta,0.77,0,0.5323432250047908,0.3627164293957819,0.449782909489742,0.9994766371162372,0.6520265596896859,0.9982807392976712,0.001719260704703629,9427,9607802,5031,11532
lung_constrained_probability_tta,0.77,3,0.5324667985305079,0.3628311768328855,0.4495443484896944,0.9994789257235605,0.6529000069290742,0.9982825039195355,0.0017174960812553763,9422,9607824,5009,11537
lung_constrained_probability_tta,0.77,5,0.5324363286879803,0.36280288146678885,0.44935349968965627,0.9994798619720108,0.653211263697702,0.9982830229259663,0.0017169771017506719,9418,9607833,5000,11541
lung_constrained_probability_tta,0.77,10,0.532077826308772,0.3624700517812959,0.44754043608929456,0.9994882882080642,0.6559899293652312,0.9982874863812703,0.0017125136218965054,9380,9607914,4919,11579
lung_constrained_probability_tta,0.77,15,0.5283061852145665,0.35897832817323566,0.4425783672883045,0.9994922412570769,0.6552235643140105,0.9982806354963851,0.0017193645471706986,9276,9607952,4881,11683
lung_constrained_probability_tta,0.77,20,0.5265898103382651,0.3573952549216179,0.43914308888761905,0.9995012916587639,0.6575225032142752,0.9982821925156772,0.0017178074922412634,9204,9608039,4794,11755
lung_constrained_probability_tta,0.77,30,0.5183300566669024,0.3498282859817554,0.42769216088533435,0.999514711219886,0.6577151661892598,0.9982706705729157,0.0017293294658884406,8964,9608168,4665,11995
lung_constrained_probability_tta,0.77,50,0.49701622334827816,0.3306863527532599,0.39539100147888956,0.9995733827894431,0.6689538262829601,0.998258941027582,0.0017410590080544353,8287,9608732,4101,12672
lung_constrained_probability_tta,0.77,75,0.47329339822773203,0.31000940041676134,0.3618970370722067,0.9996350711595625,0.6837645361933797,0.9982476266873928,0.0017523732967674732,7585,9609325,3508,13374
lung_constrained_probability_tta,0.77,100,0.4299652936937889,0.27385719052374297,0.31327830526250616,0.9996861487139109,0.6851716581439161,0.9981928196083111,0.001807180349715054,6566,9609816,3017,14393
lung_constrained_probability_tta,0.77,150,0.381276005547718,0.2355410847398528,0.26232167565233916,0.9997521022158599,0.697627204668573,0.9981477698501265,0.0018522301688790321,5498,9610450,2383,15461
lung_constrained_probability_tta,0.77,200,0.31998534530122,0.1904658060013126,0.20835917744157242,0.9997951696445773,0.6892361111100234,0.9980733443279646,0.0019266556482762098,4367,9610864,1969,16592
lung_constrained_probability_tta,0.78,0,0.5313784987095451,0.36182127133684955,0.4470156018891898,0.9994866237663746,0.6549916107377971,0.9982846837465446,0.001715316204354167,9369,9607898,4935,11590
lung_constrained_probability_tta,0.78,3,0.5314379752580493,0.36187642490035865,0.44682475308915176,0.9994881841804586,0.6555827791384979,0.998285825560692,0.0017141744028776884,9365,9607913,4920,11594
lung_constrained_probability_tta,0.78,5,0.5314673403921619,0.3619036573106155,0.44663390428911365,0.9994895365393314,0.6560835435935968,0.9982867597722673,0.0017132401699200273,9361,9607926,4907,11598
lung_constrained_probability_tta,0.78,10,0.5312259718067689,0.3616798510933916,0.44501168948879,0.999497650692568,0.658872562870402,0.9982913270288575,0.001708672964014113,9327,9608004,4829,11632
lung_constrained_probability_tta,0.78,15,0.5264844756043707,0.3572982210827479,0.4389045278875715,0.9995020198520032,0.6577291577286875,0.9982824001182494,0.001717599923722446,9199,9608046,4787,11760
lung_constrained_probability_tta,0.78,20,0.5252333764180597,0.3561467746960283,0.4362326446870384,0.9995097178948174,0.6598585450341657,0.9982842685414,0.0017157314578071237,9143,9608120,4713,11816
lung_constrained_probability_tta,0.78,30,0.5179572046568192,0.34948869646971376,0.4255928240849155,0.9995252180080514,0.6615247700974032,0.9982765872462257,0.0017234127735719085,8920,9608269,4564,12039
lung_constrained_probability_tta,0.78,50,0.49538517222642964,0.3292438457219432,0.3918125864781756,0.9995856580469036,0.6733907339067868,0.998263404482886,0.0017365955282002687,8212,9608850,3983,12747
lung_constrained_probability_tta,0.78,75,0.4694894537247408,0.3067534914197867,0.35736437807130234,0.9996402725398423,0.6841432225057689,0.9982429556295165,0.0017570443451404572,7490,9609375,3458,13469
lung_constrained_probability_tta,0.78,100,0.4296913438513367,0.2736349584324378,0.3125149100623539,0.9996902057905293,0.6874475230891189,0.9981952070378923,0.0018047929042950273,6550,9609855,2978,14409
lung_constrained_probability_tta,0.78,150,0.3810251423807539,0.23534963534953438,0.26174912925222493,0.9997554310992389,0.7000127599837949,0.9981498458758494,0.0018501541344448924,5486,9610482,2351,15473
lung_constrained_probability_tta,0.78,200,0.32005575117359153,0.19051569800437076,0.20816832864153434,0.9997979783899285,0.6919904837419636,0.9980757317575458,0.001924268202856183,4363,9610891,1942,16596
lung_constrained_probability_tta,0.79,0,0.5306075963781873,0.36110680514634896,0.44458227968870434,0.9994959862508784,0.6579114594360955,0.998288731996704,0.0017112679779529572,9318,9607988,4845,11641
lung_constrained_probability_tta,0.79,3,0.5307389892312316,0.36122852600133354,0.44443914308867577,0.9994977547201737,0.6586297108105362,0.9982901852147099,0.0017098147654905915,9315,9608005,4828,11644
lung_constrained_probability_tta,0.79,5,0.5306320168688293,0.3611294263660702,0.44424829428863766,0.999498170830596,0.6587194906256394,0.9982901852147099,0.0017098147654905915,9311,9608009,4824,11648
lung_constrained_probability_tta,0.79,10,0.530335535913347,0.36085484059310957,0.4422920940882474,0.9995079494255222,0.6621428571423842,0.9982956866828753,0.001704313326627016,9270,9608103,4730,11689
lung_constrained_probability_tta,0.79,15,0.5259861522106112,0.3568393560205992,0.4367574788871431,0.9995116944193237,0.6610340843438323,0.9982873825799842,0.001712617464363575,9154,9608139,4694,11805
lung_constrained_probability_tta,0.79,20,0.5244985012680066,0.3554713442980211,0.4341333078866195,0.9995175199652372,0.6623716968765652,0.9982874863812703,0.0017125136218965054,9099,9608195,4638,11860
lung_constrained_probability_tta,0.79,30,0.5171550066987485,0.3487586423631565,0.4235889116845157,0.9995321878576264,0.6637757009340831,0.9982791822783791,0.0017208177596330643,8878,9608336,4497,12081
lung_constrained_probability_tta,0.79,50,0.49202111522344155,0.3262785176838505,0.386898229877195,0.9995949165038018,0.6755811047232562,0.9982619512648799,0.0017380487406626344,8109,9608939,3894,12850
lung_constrained_probability_tta,0.79,75,0.4688511199772332,0.3062087077843546,0.3560284364710358,0.9996452658649111,0.6863502575416792,0.9982450316552393,0.0017549683107063174,7462,9609423,3410,13497
lung_constrained_probability_tta,0.79,100,0.4291724183262903,0.27321421098871274,0.31151295386215394,0.9996943668947531,0.6896588148297351,0.998197179262329,0.0018028207123279572,6529,9609895,2938,14430
lung_constrained_probability_tta,0.79,150,0.3806907105344205,0.23509450171811205,0.26112887065210116,0.9997585519274069,0.7022068257625068,0.9981516104977137,0.0018483895109966397,5473,9610512,2321,15486
lung_constrained_probability_tta,0.79,200,0.32011456267888666,0.190557377049097,0.20797747984149625,0.999800683107674,0.6946613545805663,0.9980780153858408,0.001921984599903226,4359,9610917,1916,16600
lung_constrained_probability_tta,0.8,0,0.5300454324654885,0.3605862685637351,0.442530655088295,0.9995045165145374,0.6607066533689552,0.9982927802468634,0.0017072197515517473,9275,9608070,4763,11684
lung_constrained_probability_tta,0.8,3,0.5301769734395374,0.36070803345638563,0.4423875184882664,0.9995062849838326,0.6614352974742035,0.9982942334648693,0.0017057665390893817,9272,9608087,4746,11687
lung_constrained_probability_tta,0.8,5,0.5299433735627381,0.3604918096570715,0.4420535330881998,0.999506701094255,0.6614549867918459,0.998293922061011,0.0017060779500752687,9265,9608091,4742,11694
lung_constrained_probability_tta,0.8,10,0.5294860752223574,0.36006872583843175,0.43995419628778093,0.9995162716339699,0.6647682214687731,0.9982989045227456,0.0017010954907163978,9221,9608183,4650,11738
lung_constrained_probability_tta,0.8,15,0.5257057178280541,0.35658126344597824,0.43494441528678135,0.9995208488486163,0.664334645094983,0.9982925726442912,0.0017074273200705647,9116,9608227,4606,11843
lung_constrained_probability_tta,0.8,20,0.5234472184451866,0.35450626959233755,0.4316522734861245,0.9995255300908682,0.6648295120512456,0.9982900814134238,0.0017099186079576612,9047,9608272,4561,11912
lung_constrained_probability_tta,0.8,30,0.516417648606615,0.3480882932596184,0.42134643828406826,0.9995411342317079,0.6668932185465436,0.9982832305285386,0.0017167694168165326,8831,9608422,4411,12128
lung_constrained_probability_tta,0.8,50,0.4917733645568895,0.3260606549442144,0.38575313707696657,0.9996008460773209,0.6781580271760793,0.9982653767073226,0.0017346233362331986,8085,9608996,3837,12874
lung_constrained_probability_tta,0.8,75,0.46611132146899337,0.3038755862748688,0.3524023092703123,0.9996518196040637,0.6881580173290895,0.9982436822385194,0.0017563177971169353,7386,9609486,3347,13573
lung_constrained_probability_tta,0.8,100,0.42886299295528707,0.2729634596043107,0.31079727086201114,0.9996977998057379,0.6915808472229625,0.9981990476854795,0.0018009523628279567,6514,9609928,2905,14445
lung_constrained_probability_tta,0.8,150,0.3804150995959115,0.23488432097693518,0.2606040364519965,0.9997612566451525,0.704138197755957,0.9981531675170059,0.0018468324560672045,5462,9610538,2295,15497
lung_constrained_probability_tta,0.8,200,0.3200147031794449,0.19048660948705123,0.20769120664143914,0.9998030757426027,0.6969260326597871,0.9980797800077053,0.0019202199764549732,4353,9610940,1893,16606
lung_constrained_probability_tta,0.81,0,0.529474197527171,0.36005774032445376,0.44033589388785704,0.9995138789990412,0.6638613149182392,0.9982973475034536,0.001702652545645833,9229,9608160,4673,11730
lung_constrained_probability_tta,0.81,3,0.5295147358451145,0.3600952343779087,0.44019275728782853,0.9995150233027028,0.6643145161285539,0.9982981779137426,0.0017018220387399197,9226,9608171,4662,11733
lung_constrained_probability_tta,0.81,5,0.5292648620717831,0.359864158013756,0.43985877188776185,0.9995153353855196,0.6642888024206194,0.998297762708598,0.0017022372921928763,9219,9608174,4659,11740
lung_constrained_probability_tta,0.81,10,0.5283878033314519,0.3590536994240887,0.4373777374872668,0.9995243857872066,0.667224688841497,0.998301395753613,0.0016986042028293014,9167,9608261,4572,11792
lung_constrained_probability_tta,0.81,15,0.525617632577251,0.3565002160844079,0.43294050288638153,0.9995324999404432,0.6687794811315825,0.9982998387343209,0.0017001612577587366,9074,9608339,4494,11885
lung_constrained_probability_tta,0.81,20,0.5223910958703547,0.35353813475972407,0.4288372536855628,0.9995356207686111,0.6681534344330448,0.9982940258622971,0.0017059741076081991,8988,9608369,4464,11971
lung_constrained_probability_tta,0.81,30,0.5150874721144432,0.34688068316583104,0.41862684288352564,0.9995490403297332,0.6693111602710585,0.9982852027529753,0.0017147972248494625,8774,9608498,4335,12185
lung_constrained_probability_tta,0.81,50,0.4894208164136142,0.3239954725522176,0.3824132830763002,0.9996068796784455,0.6795828387309821,0.9982641310918889,0.001735868863761425,8015,9609054,3779,12944
lung_constrained_probability_tta,0.81,75,0.465814938966395,0.3036236962525029,0.3514003530701124,0.999656916956738,0.6907061802488129,0.9982465886745313,0.001753411372192204,7365,9609535,3298,13594
lung_constrained_probability_tta,0.81,100,0.428514903719194,0.2726814939151185,0.31003387566185886,0.9997013367443282,0.6935638808830252,0.9982009161086299,0.0017990838969126344,6498,9609962,2871,14461
lung_constrained_probability_tta,0.81,150,0.3729229474863728,0.22919808678406117,0.25378119185063513,0.9997661459426155,0.7029205761851421,0.9981432025935365,0.0018567973747849464,5319,9610585,2248,15640
lung_constrained_probability_tta,0.81,200,0.31976744186034745,0.19031141868503773,0.20730950904136297,0.9998052603223202,0.6988901399377532,0.9980811294244251,0.0019188706064596772,4345,9610961,1872,16614
lung_constrained_probability_tta,0.82,0,0.5287588294650343,0.35939643347036665,0.4375208740872954,0.9995260502288962,0.6680751857783271,0.9983033679780496,0.0016966320108622313,9170,9608277,4556,11789
lung_constrained_probability_tta,0.82,3,0.5287230361055114,0.3593633619505432,0.4373777374872668,0.9995266743945298,0.6682948166503839,0.998303679381908,0.0016963205998763442,9167,9608283,4550,11792
lung_constrained_probability_tta,0.82,5,0.5285751377548024,0.3592267273153638,0.43709146428720974,0.999527402587769,0.6684909515465057,0.9983037831831942,0.0016962168738245964,9161,9608290,4543,11798
lung_constrained_probability_tta,0.82,10,0.5277423838756725,0.3584579071595757,0.4347535664867433,0.9995359328514279,0.6713327930445212,0.9983072086256368,0.0016927913529798388,9112,9608372,4461,11847
lung_constrained_probability_tta,0.82,15,0.5248676633120456,0.3558105603531859,0.430507180685896,0.9995422785353694,0.6722044252397584,0.9983043021896248,0.00169569777790457,9023,9608433,4400,11936
lung_constrained_probability_tta,0.82,20,0.5216376316786245,0.3528482886580266,0.42645164368508687,0.9995451913083261,0.6715251690453257,0.9982983855163149,0.0017016144702211022,8938,9608461,4372,12021
lung_constrained_probability_tta,0.82,30,0.5148485652775031,0.3466640190626105,0.41647979388309725,0.9995608994767714,0.6740540540535335,0.9982923650417188,0.001707635005004704,8729,9608612,4221,12230
lung_constrained_probability_tta,0.82,50,0.48928012759546996,0.32387217281831976,0.38055250727592893,0.9996184267426669,0.6849879766397414,0.998271604784491,0.0017283952329307795,7976,9609165,3668,12983
lung_constrained_probability_tta,0.82,75,0.46522538515169426,0.30312293456696005,0.3501121236698554,0.9996620143094123,0.6931141966556218,0.9982488723028264,0.001751127652823925,7338,9609584,3249,13621
lung_constrained_probability_tta,0.82,100,0.4281844608878078,0.2724139380436836,0.309222768261697,0.9997053938209465,0.6959089444854548,0.9982031997369251,0.0017968002939596772,6481,9610001,2832,14478
lung_constrained_probability_tta,0.82,150,0.3725159750016247,0.2288907106181866,0.2531132210505019,0.9997692667707835,0.7051708095165424,0.9981448634141147,0.0018551365938037634,5305,9610615,2218,15654
lung_constrained_probability_tta,0.82,200,0.31944597929777896,0.19008373153294897,0.20688009924127732,0.9998073408744322,0.7007110536510978,0.9980822712385726,0.0019177288049831986,4336,9610981,1852,16623
lung_constrained_probability_tta,0.83,0,0.5275871057431786,0.35831464652411255,0.4345627176867052,0.9995360368790336,0.6712853773579958,0.9983068972217783,0.001693102763965726,9108,9608373,4460,11851
lung_constrained_probability_tta,0.83,3,0.5273770206847074,0.35812086874395727,0.4342764444866481,0.9995363489618503,0.6712884431000286,0.99830658581792,0.001693414174951613,9102,9608376,4457,11857
lung_constrained_probability_tta,0.83,5,0.5271272895894601,0.35789059425408976,0.4338947468865719,0.9995369731274839,0.6713916574376734,0.9983063782153476,0.0016936217434704304,9094,9608382,4451,11865
lung_constrained_probability_tta,0.83,10,0.5265822784808595,0.3573883161510616,0.431699985686134,0.9995466476948045,0.6749216768606034,0.9983112568757962,0.001688743126578629,9048,9608475,4358,11911
lung_constrained_probability_tta,0.83,15,0.524068232269972,0.35507619236083315,0.428026146285401,0.9995520571302956,0.6756797469302736,0.9983086618436428,0.0016913381405174732,8971,9608527,4306,11988
lung_constrained_probability_tta,0.83,20,0.5205928876909836,0.3518929193725836,0.4239706092845918,0.9995534094891684,0.6742544957882431,0.9983011881510407,0.0016988118877634406,8886,9608540,4293,12073
lung_constrained_probability_tta,0.83,30,0.5142755597676477,0.3461446455624168,0.41423732048264983,0.99957109418212,0.6780163998432814,0.9982976589073119,0.001702341134659946,8682,9608710,4123,12277
lung_constrained_probability_tta,0.83,50,0.4885416346241076,0.3232253337673709,0.37888258027559574,0.9996245643713971,0.6875324675318722,0.9982740960153583,0.001725903945043683,7941,9609224,3609,13018
lung_constrained_probability_tta,0.83,75,0.4610238603419894,0.29956530738965037,0.3452454792688844,0.999667527772509,0.6936349693244884,0.9982437860398056,0.0017562139546498656,7236,9609637,3196,13723
lung_constrained_probability_tta,0.83,100,0.4275784456505933,0.2719235464992751,0.30817309986148755,0.9997093468699593,0.6980438776605445,0.9982048605575032,0.0017951393965631723,6459,9610039,2794,14500
lung_constrained_probability_tta,0.83,150,0.37210774316042894,0.22858253769377085,0.25244525025036857,0.9997723875989514,0.707447519720942,0.998146524234693,0.0018534758128225803,5291,9610645,2188,15668
lung_constrained_probability_tta,0.83,200,0.31948080681429275,0.190108395137495,0.20668925044123923,0.9998098375369665,0.7032467532456116,0.9980843472642954,0.001915652770549059,4332,9611005,1828,16627
lung_constrained_probability_tta,0.84,0,0.5264840979125164,0.3572978731798298,0.4320339710862006,0.999543942977059,0.6737852518783586,0.9983092846513596,0.0016907153185456991,9055,9608449,4384,11904
lung_constrained_probability_tta,0.84,3,0.5263463999067912,0.35717104743848876,0.431795410086153,0.9995444631150869,0.6739146622975098,0.9983092846513596,0.0016907153185456991,9050,9608454,4379,11909
lung_constrained_probability_tta,0.84,5,0.526211671612112,0.35704697986563083,0.43150913688609593,0.9995452953359317,0.674170704434831,0.9983094922539318,0.0016905077500268817,9044,9608462,4371,11915
lung_constrained_probability_tta,0.84,10,0.5255964722715517,0.35648074790035,0.42936208788566754,0.9995542417100132,0.6774314965366776,0.9983137481066636,0.0016862518386915326,8999,9608548,4285,11960
lung_constrained_probability_tta,0.84,15,0.5218921375991901,0.353081226935299,0.4245431556847061,0.9995587148970538,0.6771689497711741,0.9983077276320674,0.0016922723734751344,8898,9608591,4242,12061
lung_constrained_probability_tta,0.84,20,0.5195110484248592,0.3509050492218359,0.4217758480841539,0.9995596511455042,0.6762028608577402,0.9983026413690467,0.001697358675301075,8840,9608600,4233,12119
lung_constrained_probability_tta,0.84,30,0.5133810556329601,0.34533466533452734,0.41232883248226904,0.9995770237556391,0.680044066729084,0.9982994235291763,0.0017005765112116933,8642,9608767,4066,12317
lung_constrained_probability_tta,0.84,50,0.4864831425918693,0.3214256519249892,0.3752087408748627,0.999635175187168,0.6915838536622182,0.9982766910475118,0.0017233089311048388,7864,9609326,3507,13095
lung_constrained_probability_tta,0.84,75,0.46056117725908624,0.2991747190311039,0.3441958108686749,0.999671896931944,0.6957947530857486,0.9982458620655283,0.001754137920215726,7214,9609679,3154,13745
lung_constrained_probability_tta,0.84,100,0.41526870919122205,0.2620436105475566,0.2958633522590315,0.9997186053268574,0.6962721760603006,0.9981873181401457,0.0018126819049939513,6201,9610128,2705,14758
lung_constrained_probability_tta,0.84,150,0.3715804668519623,0.22818472714683552,0.2517772794502353,0.9997745721786689,0.7088930682419279,0.9981472508436959,0.0018527491483837366,5277,9610666,2167,15682
lung_constrained_probability_tta,0.84,200,0.3193593623144441,0.1900223969082649,0.20645068944119163,0.9998115019786561,0.7048379214844358,0.998085489078443,0.0019145109690725803,4327,9611021,1812,16632
lung_constrained_probability_tta,0.85,0,0.5256982751071052,0.3565744150135184,0.42969607328573417,0.9995528893511404,0.6769392663855405,0.9983131252989468,0.0016868746606633067,9006,9608535,4298,11953
lung_constrained_probability_tta,0.85,3,0.5254276872772449,0.3563254801028088,0.42936208788566754,0.9995530974063516,0.6768710041363845,0.9983126062925161,0.001687393756583333,8999,9608537,4296,11960
lung_constrained_probability_tta,0.85,5,0.5253380845282808,0.35624306765950076,0.4290758146856104,0.9995542417100132,0.6772857358030747,0.9983131252989468,0.0016868746606633067,8993,9608548,4285,11966
lung_constrained_probability_tta,0.85,10,0.5242758297172146,0.3552668176579031,0.4265947802851154,0.9995622518356442,0.6799756635480416,0.9983157203311003,0.0016842796467244625,8941,9608625,4208,12018
lung_constrained_probability_tta,0.85,15,0.5211300765154441,0.3523839847168859,0.42244381888428717,0.9995665169674737,0.6799784962747254,0.9983109454719378,0.001689054537564516,8854,9608666,4167,12105
lung_constrained_probability_tta,0.85,20,0.5187391265884709,0.35020105904353616,0.41967651128373507,0.999567453215924,0.6790180639179566,0.998305859208917,0.0016941408393904567,8796,9608675,4158,12163
lung_constrained_probability_tta,0.85,30,0.5117527741318125,0.34386274352587837,0.40927525168165974,0.9995852419364812,0.6826900119373794,0.9983009805484684,0.001699019456282258,8578,9608846,3987,12381
lung_constrained_probability_tta,0.85,50,0.4859030427094427,0.32091937069800025,0.3737296626745676,0.9996412087882928,0.6942917922348038,0.9982794936822376,0.0017205063486471772,7833,9609384,3449,13126
lung_constrained_probability_tta,0.85,75,0.4602290906762462,0.2988945224834598,0.3431461424684655,0.9996772023398296,0.698591549295096,0.9982488723028264,0.001751127652823925,7192,9609730,3103,13767
lung_constrained_probability_tta,0.85,100,0.4107827959882847,0.25848121638208527,0.2911875566580986,0.999724118789954,0.6970873786399804,0.9981826470822694,0.0018173529533669353,6103,9610181,2652,14856
lung_constrained_probability_tta,0.85,150,0.3618810117561945,0.22091253099029146,0.24233026384835044,0.9997886159054247,0.7142455350854813,0.9981407113626691,0.0018592886626720428,5079,9610801,2032,15880
lung_constrained_probability_tta,0.85,200,0.31945931971772373,0.19009317862157607,0.20635526504117258,0.9998134785031625,0.7069303694006098,0.9980872537003073,0.0019127463456243277,4325,9611040,1793,16634
lung_constrained_probability_tta,0.86,0,0.5253472425714923,0.35625149034243847,0.42769216088533435,0.9995627719736722,0.68079289131869,0.9983186267671121,0.0016813732217997313,8964,9608630,4203,11995
lung_constrained_probability_tta,0.86,3,0.5252945659181297,0.3562030448780235,0.4275490242853058,0.9995632921117001,0.6809787977804689,0.9983188343696844,0.0016811656532809138,8961,9608635,4198,11998
lung_constrained_probability_tta,0.86,5,0.5254973299687444,0.3563895411309124,0.4272627510852487,0.999566412939868,0.6823896974771908,0.9983213256005518,0.0016786743653938174,8955,9608665,4168,12004
lung_constrained_probability_tta,0.86,10,0.5237100050038196,0.3547473780753859,0.424447731284687,0.999571614320148,0.6835715383427973,0.9983203913889765,0.0016796085983514786,8896,9608715,4118,12063
lung_constrained_probability_tta,0.86,15,0.520845635998429,0.35212392206948573,0.4208216040839635,0.9995746311207103,0.6832442481984017,0.9983155127285279,0.00168448721524328,8820,9608744,4089,12139
lung_constrained_probability_tta,0.86,20,0.5176129299625488,0.3491752865528379,0.4171477646832305,0.9995755673691606,0.6818217265845108,0.9983084542410705,0.0016915457090362906,8743,9608753,4080,12216
lung_constrained_probability_tta,0.86,30,0.5116098144821929,0.3437336657149516,0.4078915978813837,0.9995930440069011,0.6860605087868661,0.9983057554076309,0.0016942445654422045,8549,9608921,3912,12410
lung_constrained_probability_tta,0.86,50,0.487241874103036,0.32208841966334456,0.3726322820743487,0.9996578532051884,0.7036669970261251,0.9982937144584386,0.0017062855185940862,7810,9609544,3289,13149
lung_constrained_probability_tta,0.86,75,0.46136042175631303,0.29984957379228655,0.3423827472683132,0.9996907259285572,0.7070647354412187,0.9982607056494464,0.0017392943846061826,7176,9609860,2973,13783
lung_constrained_probability_tta,0.86,100,0.4122741728126354,0.25966332836127864,0.2907104346580034,0.9997393068203714,0.7085707640415064,0.9981967640571844,0.0018032359657809138,6093,9610327,2506,14866
lung_constrained_probability_tta,0.86,150,0.35374296065125943,0.21487711347384744,0.23526885824694152,0.9997930890924653,0.7125722543342304,0.9981298122276244,0.001870187814347446,4931,9610844,1989,16028
lung_constrained_probability_tta,0.86,200,0.31961241170149796,0.19020160225363578,0.20616441624113452,0.9998170154417528,0.7106907894725153,0.9980903677388915,0.0019096322357654572,4321,9611074,1759,16638
lung_constrained_probability_tta,0.87,0,0.5242312785050687,0.3552259042148761,0.4250202776848013,0.999571614320148,0.6838630431439552,0.9983216370044101,0.0016783629544079304,8908,9608715,4118,12051
lung_constrained_probability_tta,0.87,3,0.5240758182244749,0.35508315718088973,0.4247817166847537,0.9995720304305703,0.6839517553962633,0.998321533203124,0.001678466796875,8903,9608719,4114,12056
lung_constrained_probability_tta,0.87,5,0.5240915922551723,0.3550976398704704,0.42425688248464893,0.9995753593139495,0.6853707414824376,0.998323713030133,0.0016762869199737906,8892,9608751,4082,12067
lung_constrained_probability_tta,0.87,10,0.5229159894800618,0.3540191253549578,0.4221575456842301,0.9995803526390181,0.6868498680323809,0.9983241282352775,0.0016758717829361558,8848,9608799,4034,12111
lung_constrained_probability_tta,0.87,15,0.520125674313676,0.3514661111999874,0.41862684288352564,0.9995833694395805,0.6865951952416569,0.9983194571774012,0.0016805428313091397,8774,9608828,4005,12185
lung_constrained_probability_tta,0.87,20,0.5157663017609128,0.34749669298899766,0.41361706188252606,0.9995851379088756,0.684917436990847,0.9983103226642209,0.0016896773595362902,8669,9608845,3988,12290
lung_constrained_probability_tta,0.87,30,0.5098286744813617,0.3421275565773762,0.4046471682807363,0.9996015742705601,0.6888961091701008,0.9983072086256368,0.0016927913529798388,8481,9609003,3830,12478
lung_constrained_probability_tta,0.87,50,0.48659806711897957,0.3215259981812344,0.37115320387405354,0.9996634706958907,0.7062829126559775,0.9982961018880199,0.0017038980731740594,7779,9609598,3235,13180
lung_constrained_probability_tta,0.87,75,0.46083958890413323,0.29940972076849354,0.3412376544680847,0.9996954071708092,0.7095238095231056,0.9982628854764553,0.0017371145077049732,7152,9609905,2928,13807
lung_constrained_probability_tta,0.87,100,0.4084602829160744,0.2566447312194442,0.2865594732571752,0.999745860559524,0.7108533554258363,0.998194272826317,0.0018057271372526884,6006,9610390,2443,14953
lung_constrained_probability_tta,0.87,150,0.3489312536105037,0.21133659902020147,0.23054535044599905,0.9998018274113355,0.7172331898460483,0.9981282552083324,0.0018717447528615594,4832,9610928,1905,16127
lung_constrained_probability_tta,0.87,200,0.3195735070895859,0.19017404714686487,0.20592585524108692,0.9998194080766816,0.7131526767998791,0.998092236162042,0.0019077638862654567,4316,9611097,1736,16643
lung_constrained_probability_tta,0.88,0,0.5226184140498721,0.3537463976943829,0.4216804236841349,0.9995812888874686,0.6870869937023345,0.9983240244339914,0.0016759755089879036,8838,9608808,4025,12121
lung_constrained_probability_tta,0.88,3,0.5226109845906591,0.3537395900062645,0.4215372870841063,0.9995821211083133,0.6874416433234614,0.9983245434404221,0.0016754565294831991,8835,9608816,4017,12124
lung_constrained_probability_tta,0.88,5,0.5222797927459594,0.3534361851330982,0.4208216040839635,0.9995843056880308,0.6882022471904742,0.9983251662481389,0.001674833707511425,8820,9608837,3996,12139
lung_constrained_probability_tta,0.88,10,0.5209749725379209,0.3522421614676012,0.41862684288352564,0.9995890909578884,0.6895630304930135,0.9983251662481389,0.001674833707511425,8774,9608883,3950,12185
lung_constrained_probability_tta,0.88,15,0.5181655747467189,0.3496784565914993,0.41509614008282114,0.9995921077584506,0.6893273116229385,0.9983204951902627,0.001679504755884409,8700,9608912,3921,12259
lung_constrained_probability_tta,0.88,20,0.5135555688549543,0.3454926118289868,0.4094183882816883,0.9995965809454914,0.6887390641297947,0.9983126062925161,0.001687393756583333,8581,9608955,3878,12378
lung_constrained_probability_tta,0.88,30,0.5085083272989053,0.3409394343972404,0.4020707094802223,0.9996090642581631,0.691588018054418,0.9983090770487874,0.0016909230034798384,8427,9609075,3758,12532
lung_constrained_probability_tta,0.88,50,0.48530288295621127,0.32039599039005867,0.3690538670736347,0.9996688801313818,0.7084630884770943,0.998296932298309,0.0017030676826834679,7735,9609650,3183,13224
lung_constrained_probability_tta,0.88,75,0.45411474558656084,0.2937570846801739,0.33384226346660917,0.9997024810479898,0.7098508674031552,0.9982538547645611,0.001746145193465054,6997,9609973,2860,13962
lung_constrained_probability_tta,0.88,100,0.40790325327868915,0.25620506675784993,0.28565294145699427,0.9997493974981143,0.71307765602583,0.9981958298456092,0.001804170198738575,5987,9610424,2409,14972
lung_constrained_probability_tta,0.88,150,0.3484202154579031,0.21096178260289325,0.2299250918458753,0.9998040119910531,0.7189318215713577,0.9981290856186215,0.0018709143623709679,4819,9610949,1884,16140
lung_constrained_probability_tta,0.88,200,0.31903932396860046,0.18979582837227596,0.20535330884097266,0.9998212805735823,0.7147127200253824,0.9980928589697589,0.0019071410642936826,4304,9611115,1718,16655
lung_constrained_probability_tta,0.89,0,0.5216513815924609,0.35286087131084004,0.4192948136836589,0.9995895070683107,0.6901209360761033,0.9983270346712895,0.0016729653580114245,8788,9608887,3946,12171
lung_constrained_probability_tta,0.89,3,0.5217184762921168,0.35292227354876365,0.41919938928363987,0.9995905473443667,0.690614683225365,0.9983278650815786,0.001672134967520833,8786,9608897,3936,12173
lung_constrained_probability_tta,0.89,5,0.5215840171243544,0.3527992277990859,0.41853141848350656,0.9995937722001402,0.6919618206194746,0.998329629703443,0.0016703703440725803,8772,9608928,3905,12187
lung_constrained_probability_tta,0.89,10,0.5197901764423821,0.3511597938142916,0.41605038408301154,0.9995971010835194,0.692448185499331,0.9983275536777201,0.00167244637850672,8720,9608960,3873,12239
lung_constrained_probability_tta,0.89,15,0.5166477374617382,0.34829740076552557,0.4123765446822785,0.9995988695528145,0.6914953196250168,0.9983213256005518,0.0016786743653938174,8643,9608977,3856,12316
lung_constrained_probability_tta,0.89,20,0.5113721719795358,0.3435191539174329,0.40603082208101243,0.9996032387122497,0.6905225576106049,0.9983118796835131,0.001688120304606855,8510,9609019,3814,12449
lung_constrained_probability_tta,0.89,30,0.505501833944495,0.33824185631400827,0.39782432367937504,0.9996159300801325,0.6931005818780606,0.9983066896192061,0.0016933103324845433,8338,9609141,3692,12621
lung_constrained_probability_tta,0.89,50,0.4844025157231181,0.3196115860236038,0.3674793644733205,0.9996734573460281,0.7104510653992154,0.9982980741124565,0.0017019258812069893,7702,9609694,3139,13257
lung_constrained_probability_tta,0.89,75,0.45323273058395563,0.2930193439864201,0.33245860966633306,0.9997065381246081,0.7118193891094985,0.9982548927774225,0.001745107234455645,6968,9610012,2821,13991
lung_constrained_probability_tta,0.89,100,0.4045613314155179,0.25357372826775976,0.28183596545623274,0.999756991513323,0.7166080310557847,0.9981951032366062,0.0018048967467620969,5907,9610497,2336,15052
lung_constrained_probability_tta,0.89,150,0.34792993630560654,0.21060240963846194,0.22935254544576106,0.9998058844879538,0.7203656526289219,0.9981297084263383,0.0018702915403991938,4807,9610967,1866,16152
lung_constrained_probability_tta,0.89,200,0.3187061834636601,0.18956007589454638,0.20497161124089652,0.9998227369600606,0.7159999999988067,0.9980934817774757,0.0019065182423219085,4296,9611129,1704,16663
lung_constrained_probability_tta,0.9,0,0.5202325928133233,0.35156375947108187,0.4161935206830401,0.9995991816356313,0.693622773536344,0.9983299411073013,0.0016700589330866933,8723,9608980,3853,12236
lung_constrained_probability_tta,0.9,3,0.5200035800589159,0.3513546202224031,0.41581182308296394,0.9996000138564761,0.6938694267510399,0.9983299411073013,0.0016700589330866933,8715,9608988,3845,12244
lung_constrained_probability_tta,0.9,5,0.5202926683588114,0.35161863243709063,0.4156209742829259,0.999603134684644,0.6954334983229319,0.998332639940741,0.0016673600766807795,8711,9609018,3815,12248
lung_constrained_probability_tta,0.9,10,0.5178838895211438,0.34942194195151205,0.41242425688228807,0.9996068796784455,0.6958061659818917,0.9983294221008706,0.0016705779125913978,8644,9609054,3779,12315
lung_constrained_probability_tta,0.9,15,0.5154707241677875,0.34722839930443244,0.40975237368175493,0.9996073998164735,0.69470959391628,0.9983241282352775,0.0016758717829361558,8588,9609059,3774,12371
lung_constrained_probability_tta,0.9,20,0.5092545064764911,0.34161062950646454,0.4023569826802794,0.9996122891139366,0.6935032894731139,0.9983129176963744,0.001687082345597446,8433,9609106,3727,12526
lung_constrained_probability_tta,0.9,30,0.5054395855552323,0.338186118587253,0.39567727467894664,0.9996293496412546,0.6994770580290995,0.9983154089272418,0.0016845910577103496,8293,9609270,3563,12666
lung_constrained_probability_tta,0.9,50,0.4835414301928101,0.31886227544896917,0.3658571496729969,0.9996786587263079,0.712838151900425,0.9982997349330347,0.0017002651002258062,7668,9609744,3089,13291
lung_constrained_probability_tta,0.9,75,0.44917164983810437,0.2896333754739614,0.32792595066542873,0.999711739504888,0.7126710908329399,0.9982502217195462,0.001749778282828629,6873,9610062,2771,14086
lung_constrained_probability_tta,0.9,100,0.4042129820226416,0.2533000816957246,0.2810725702560804,0.9997609445623357,0.7193796556347303,0.9981973868649012,0.0018026131438091397,5891,9610535,2298,15068
lung_constrained_probability_tta,0.9,150,0.3475424097432407,0.2103185048696103,0.22873228684563732,0.9998091093437274,0.723186000904023,0.9981315768494888,0.0018684231908991933,4794,9610998,1835,16165
lung_constrained_probability_tta,0.9,200,0.307888040712353,0.18195488721796463,0.19628799083916393,0.9998282504231574,0.7136166522103841,0.9980800914115636,0.0019199085654690862,4114,9611182,1651,16845
lung_constrained_probability_tta,0.91,0,0.5189111490430574,0.3503578794126934,0.41337850088247846,0.999607815926896,0.696799099243448,0.9983324323381687,0.0016675676451995969,8664,9609063,3770,12295
lung_constrained_probability_tta,0.91,3,0.5186649889146987,0.35013348434578506,0.4129968032824023,0.9996085441201351,0.6969965375628496,0.9983323285368826,0.0016676714876666665,8656,9609070,3763,12303
lung_constrained_probability_tta,0.91,5,0.5189228093322981,0.3503685105692272,0.41280595448236423,0.9996114568930918,0.6984742068291769,0.9983348197677498,0.00166518019977957,8652,9609098,3735,12307
lung_constrained_probability_tta,0.91,10,0.516540358474523,0.3481998053842247,0.40975237368175493,0.9996145777212597,0.6986089644507454,0.9983312905240211,0.0016687094466760755,8588,9609128,3705,12371
lung_constrained_probability_tta,0.91,15,0.5136071848345398,0.34553933495525324,0.4065556562811171,0.9996149938316822,0.6971854033703999,0.9983247510429943,0.0016752489609643817,8521,9609132,3701,12438
lung_constrained_probability_tta,0.91,20,0.5082424242422703,0.3407004143981715,0.400114509279832,0.9996197791015397,0.6964537829078179,0.9983155127285279,0.00168448721524328,8386,9609178,3655,12573
lung_constrained_probability_tta,0.91,30,0.5053302291384312,0.3380882111820224,0.39353022567851825,0.9996424571195599,0.7058622165162979,0.9983238168314191,0.0016761831939220428,8248,9609396,3437,12711
lung_constrained_probability_tta,0.91,50,0.4840756249205418,0.31932702770556654,0.3640440860726351,0.9996946789775699,0.7221959299567229,0.998311775882227,0.0016882241470739245,7630,9609898,2935,13329
lung_constrained_probability_tta,0.91,75,0.4444956392955588,0.2857566012185656,0.32220048666428636,0.9997219342102366,0.7164226607248924,0.9982479380912511,0.0017520618857815862,6753,9610160,2673,14206
lung_constrained_probability_tta,0.91,100,0.40372521392473837,0.25291711517750143,0.2802614628559186,0.9997642734457147,0.7216216216207351,0.9981989438841934,0.0018010560888797045,5874,9610567,2266,15085
lung_constrained_probability_tta,0.91,150,0.3470780399272787,0.20997847951152443,0.22811202824551355,0.9998117100338673,0.7253830981630627,0.9981328224649225,0.001867177546955645,4781,9611023,1810,16178
lung_constrained_probability_tta,0.91,200,0.3075482300055038,0.1817175741477726,0.19585858103907827,0.9998303309752693,0.7156555090643033,0.9980812332257112,0.0019187667639926076,4105,9611202,1631,16854
lung_constrained_probability_tta,0.92,0,0.5172704296544358,0.34886363636349477,0.4101340712818311,0.9996170743837941,0.700171051559257,0.9983346121651776,0.0016653878847137094,8596,9609152,3681,12363
lung_constrained_probability_tta,0.92,3,0.5171427711385819,0.3487475132961111,0.409847798081774,0.9996180106322445,0.7005382482460442,0.998334923569036,0.0016650764737278223,8590,9609161,3672,12369
lung_constrained_probability_tta,0.92,5,0.5174606044169703,0.3490366636857373,0.40970466148174545,0.9996210274328068,0.7021259198686001,0.9983376224024757,0.0016623776173219085,8587,9609190,3643,12372
lung_constrained_probability_tta,0.92,10,0.5150416817686013,0.3468391505978574,0.4067942172811647,0.9996231079849188,0.7017861552385366,0.9983333665497439,0.0016666334122419357,8526,9609210,3623,12433
lung_constrained_probability_tta,0.92,15,0.5118448954860613,0.3439459327414934,0.4030726656804222,0.9996251885370308,0.7010206621851289,0.9983273460751478,0.0016726539470255375,8448,9609230,3603,12511
lung_constrained_probability_tta,0.92,20,0.5068005476949622,0.33940579532936405,0.39734720167927984,0.9996277892271707,0.6994792541569801,0.9983174849529646,0.0016825150232762098,8328,9609255,3578,12631
lung_constrained_probability_tta,0.92,30,0.503158219072407,0.3361465623712078,0.38957011307772815,0.9996534840457533,0.7102470424489298,0.9983262042610003,0.001673795748502016,8165,9609502,3331,12794
lung_constrained_probability_tta,0.92,50,0.48255443779431983,0.3180044476145185,0.36161076387214963,0.9997010246615115,0.7250550081309431,0.9983128138950883,0.0016871860716491938,7579,9609959,2874,13380
lung_constrained_probability_tta,0.92,75,0.4433221099886303,0.28478731074248914,0.3203874230639246,0.9997274476733332,0.7193358328862138,0.9982494951105433,0.0017505049472674727,6715,9610213,2620,14244
lung_constrained_probability_tta,0.92,100,0.4042031039368137,0.2532923236872928,0.27897323345566155,0.9997789413381041,0.7334420471641577,0.9982107772308132,0.001789222820661962,5847,9610708,2125,15112
lung_constrained_probability_tta,0.92,150,0.3466656970400892,0.20967670991853543,0.2274440574453803,0.9998152469724576,0.7285648784949892,0.9981348984906453,0.0018651015125215054,4767,9611057,1776,16192
lung_constrained_probability_tta,0.92,200,0.3071439291609233,0.18143534731141386,0.19528603463896402,0.9998335558310428,0.7189531002973495,0.9980832054501478,0.0019167945720255375,4093,9611233,1600,16866
lung_constrained_probability_tta,0.93,0,0.515658567581314,0.347398891063133,0.4065556562811171,0.9996287254756211,0.7047973531838669,0.9983384528127648,0.001661547226831317,8521,9609264,3569,12438
lung_constrained_probability_tta,0.93,3,0.5155450609994504,0.3472958642628488,0.40626938308106003,0.9996297657516771,0.7052343879404461,0.9983388680179093,0.0016611319733783603,8515,9609274,3559,12444
lung_constrained_probability_tta,0.93,5,0.5158730158728596,0.34759358288755865,0.40626938308106003,0.9996319503313946,0.7064631212140492,0.9983410478449183,0.0016589522128924727,8515,9609295,3538,12444
lung_constrained_probability_tta,0.93,10,0.5133017492709812,0.3452628998650385,0.4032158022804508,0.9996340308835066,0.7060740245628656,0.9983364805883281,0.001663519418798387,8451,9609315,3518,12508
lung_constrained_probability_tta,0.93,15,0.509023289842547,0.3414025761601548,0.3983491578794798,0.9996363194908297,0.7048543689314437,0.9983281764854369,0.001671823556534946,8349,9609337,3496,12610
lung_constrained_probability_tta,0.93,20,0.5043718361710372,0.3372307692306309,0.39219428407825174,0.9996446416992775,0.7064283258845767,0.9983230902224162,0.0016769097419455647,8220,9609417,3416,12739
lung_constrained_probability_tta,0.93,30,0.5009005651821312,0.3341343166092165,0.38479889307677617,0.9996694002694098,0.7173352308096439,0.9983317057291657,0.0016682943096384406,8065,9609655,3178,12894
lung_constrained_probability_tta,0.93,50,0.479429266107723,0.31529560277706065,0.3575075146713309,0.999708098538692,0.727546363723927,0.9983109454719378,0.001689054537564516,7493,9610027,2806,13466
lung_constrained_probability_tta,0.93,75,0.4405494395847805,0.2825029858384736,0.3159979006630488,0.9997414914000889,0.7271629336838744,0.9982539585658472,0.0017460414674133062,6623,9610348,2485,14336
lung_constrained_probability_tta,0.93,100,0.40351910221315385,0.2527553588474127,0.2779235650554521,0.9997828943871168,0.7362234580374921,0.9982124380513915,0.0017875619232654572,5825,9610746,2087,15134
lung_constrained_probability_tta,0.93,150,0.33766614184748356,0.20312775330387528,0.2200009542438952,0.9998188879386536,0.725913098235633,0.9981223385350224,0.0018776614451780915,4611,9611092,1741,16348
lung_constrained_probability_tta,0.93,200,0.2968093561938243,0.17426666666658922,0.18707953623732665,0.9998396934597731,0.7178689124849544,0.998071475904814,0.0019285241141915321,3921,9611292,1541,17038
lung_constrained_probability_tta,0.94,0,0.5146754353913913,0.3465070514921505,0.4032635144804603,0.9996428732299824,0.7111485065202262,0.9983454074989361,0.001654592459090054,8452,9609400,3433,12507
lung_constrained_probability_tta,0.94,3,0.5146059886074767,0.3464440981050174,0.4030249534804127,0.9996439135060383,0.7116259477668815,0.9983459265053668,0.0016540734795853496,8447,9609410,3423,12512
lung_constrained_probability_tta,0.94,5,0.5145190286113184,0.34636527732181394,0.4028341046803746,0.9996445376716719,0.7118887015171063,0.998346134107939,0.0016538659110665321,8443,9609416,3417,12516
lung_constrained_probability_tta,0.94,10,0.5116094341926825,0.3437333223858353,0.39949425067970823,0.9996463061409671,0.7112036014603659,0.9983406326397737,0.0016593673499301076,8373,9609433,3400,12586
lung_constrained_probability_tta,0.94,15,0.5065839958253763,0.33921157561543175,0.39372107447855637,0.9996496350243461,0.710154905335017,0.9983313943253073,0.0016686057206243277,8252,9609465,3368,12707
lung_constrained_probability_tta,0.94,20,0.5048345741557243,0.337644628099034,0.38985638627778524,0.999662846530257,0.7160007010158465,0.9983361691844697,0.001663830829784274,8171,9609592,3241,12788
lung_constrained_probability_tta,0.94,30,0.4986544840101074,0.33213839099611,0.38017080967585276,0.9996846923274326,0.7244294935896677,0.9983368957934726,0.0016631041653454304,7968,9609802,3031,12991
lung_constrained_probability_tta,0.94,50,0.47733204446577177,0.3134840020313554,0.35340426547051224,0.9997223503206589,0.7351131401342446,0.9983162393375309,0.001683760667219758,7407,9610164,2669,13552
lung_constrained_probability_tta,0.94,75,0.43552009654371776,0.2783801157059017,0.3099384512618398,0.999752830409099,0.7321911632092738,0.9982520901426968,0.0017479098169133067,6496,9610457,2376,14463
lung_constrained_probability_tta,0.94,100,0.4034716195103616,0.2527181003739007,0.2772555942553188,0.9997883038226079,0.7406321692572768,0.9982163825002648,0.001783617539331317,5811,9610798,2035,15148
lung_constrained_probability_tta,0.94,150,0.33768615655478773,0.20314223928672795,0.21961925664381907,0.9998231530704831,0.73028716484098,0.998125763977465,0.0018742360407486558,4603,9611133,1700,16356
lung_constrained_probability_tta,0.94,200,0.2967399545108807,0.17421881954946397,0.18674555083726,0.9998432303983634,0.7220070097754621,0.9980742785395399,0.0019257214153185487,3914,9611326,1507,17045
lung_constrained_probability_tta,0.95,0,0.512308920129992,0.3443651219410125,0.39815830907944166,0.9996594136192724,0.718220156639368,0.9983508051658153,0.0016491948626935482,8345,9609559,3274,12614
lung_constrained_probability_tta,0.95,3,0.5123748694956358,0.3444247203070039,0.39806288467942263,0.9996604538953283,0.7187903851118128,0.9983516355761045,0.0016483644722029567,8343,9609569,3264,12616
lung_constrained_probability_tta,0.95,5,0.5119179260349822,0.34401188952634104,0.39758576267932744,0.9996604538953283,0.7185479003184284,0.9983505975632431,0.0016494024312123656,8333,9609569,3264,12626
lung_constrained_probability_tta,0.95,10,0.50966986942581,0.3419845435383138,0.3948184550787753,0.9996631586130739,0.7187527143223149,0.9983472759220866,0.0016527241095900536,8275,9609595,3238,12684
lung_constrained_probability_tta,0.95,15,0.5048543689318827,0.337662337662198,0.3895224008777186,0.9996651351375803,0.7172098743734364,0.9983377262037618,0.0016622737748548388,8164,9609614,3219,12795
lung_constrained_probability_tta,0.95,20,0.5040164393796301,0.33691308691294664,0.3861825468770522,0.9996811553888423,0.7253338112727615,0.9983464455117975,0.001653554500080645,8094,9609768,3065,12865
lung_constrained_probability_tta,0.95,30,0.4958412098297114,0.3296468518284405,0.3754473018749103,0.9996970716124987,0.7298951859746499,0.9983389718191955,0.0016610281309112906,7869,9609921,2912,13090
lung_constrained_probability_tta,0.95,50,0.47111573201622226,0.30814348860918556,0.34591345006901764,0.9997327530812187,0.7383643955588772,0.9983103226642209,0.0016896773595362902,7250,9610264,2569,13709
lung_constrained_probability_tta,0.95,75,0.43181971526872953,0.27536356595806066,0.3053580800609259,0.9997625049764196,0.7370724403999342,0.9982517787388383,0.0017482212278991938,6400,9610550,2283,14559
lung_constrained_probability_tta,0.95,100,0.39759583464360426,0.2481245638519504,0.2714347058541574,0.9997951696445773,0.7428832593356713,0.998210569628241,0.0017894303891807795,5689,9610864,1969,15270
lung_constrained_probability_tta,0.95,150,0.3374140656592267,0.20294533875809173,0.21895128584368578,0.9998280423679461,0.7351810317194246,0.9981291894199076,0.00187081063631922,4589,9611180,1653,16370
lung_constrained_probability_tta,0.95,200,0.2966085602520616,0.17412824400241944,0.18631614103717434,0.9998473915025873,0.7269173492168152,0.9980774963794101,0.0019225035794079304,3905,9611366,1467,17054
lung_constrained_probability_tta,0.96,0,0.5089703467293065,0.34135494596827043,0.39186029867818506,0.9996774103950408,0.7259147958275358,0.9983550610185471,0.0016449389513581991,8213,9609732,3101,12746
lung_constrained_probability_tta,0.96,3,0.5088654680717579,0.3412606020287954,0.39162173767813746,0.9996782426158856,0.7263074064235675,0.9983553724224055,0.001644627540372312,8208,9609740,3093,12751
lung_constrained_probability_tta,0.96,5,0.5082811239995942,0.34073519627397675,0.3909537668780042,0.9996786587263079,0.7262252946904846,0.9983543344095441,0.0016456656157970428,8194,9609744,3089,12765
lung_constrained_probability_tta,0.96,10,0.5062189054724794,0.3388842631139305,0.38837730807749016,0.9996815714992646,0.7267208284968067,0.9983516355761045,0.0016483644722029567,8140,9609772,3061,12819
lung_constrained_probability_tta,0.96,15,0.5022169487290007,0.33530687124735853,0.3837015124765572,0.9996853164930661,0.7266648594915273,0.9983451998963638,0.0016548001440241933,8042,9609808,3025,12917
lung_constrained_probability_tta,0.96,20,0.5017270614832312,0.33487026868410324,0.3811727658760527,0.9996985279989771,0.7338109672079234,0.9983528811915382,0.0016471188282594085,7989,9609935,2898,12970
lung_constrained_probability_tta,0.96,30,0.4920917233054398,0.3263406209190251,0.3696264134737489,0.9997108032564376,0.7359171653835509,0.9983400098320568,0.0016599901719018817,7747,9610053,2780,13212
lung_constrained_probability_tta,0.96,50,0.4678232405890449,0.30533242180810743,0.3409513812680276,0.9997456525043128,0.7450735064114846,0.9983123986899438,0.0016876013251021504,7146,9610388,2445,13813
lung_constrained_probability_tta,0.96,75,0.43167227147646603,0.27524366471722966,0.30316331886048803,0.9997788373104984,0.749292452829305,0.9982633006815999,0.0017366993706673384,6354,9610707,2126,14605
lung_constrained_probability_tta,0.96,100,0.3968571328351058,0.2475494486258325,0.2699079154538528,0.9998030757426027,0.7492715231778155,0.9982151368848311,0.0017848630668595433,5657,9610940,1893,15302
lung_constrained_probability_tta,0.96,150,0.33726676008542766,0.2028387669105332,0.21818789064353347,0.9998350122175211,0.7424906640676369,0.9981344832855007,0.001865516765974462,4573,9611247,1586,16386
lung_constrained_probability_tta,0.96,200,0.29635553524494596,0.17395386266086643,0.18564817023704105,0.999853425103712,0.7341509433948412,0.9980820636360003,0.001917936373502016,3891,9611424,1409,17068
lung_constrained_probability_tta,0.97,0,0.505312646920387,0.3380724710617606,0.3846080442767381,0.9996998803578498,0.7364334003282145,0.99836170430086,0.001638295711018145,8061,9609948,2885,12898
lung_constrained_probability_tta,0.97,3,0.5050948424516366,0.33787751677838174,0.384321771076681,0.9997002964682722,0.73655815654651,0.9983614966982878,0.0016385032795369625,8055,9609952,2881,12904
lung_constrained_probability_tta,0.97,5,0.504722161212229,0.3375440658047937,0.38374922467656675,0.9997015447995394,0.7370784457471251,0.9983614966982878,0.0016385032795369625,8043,9609964,2869,12916
lung_constrained_probability_tta,0.97,10,0.5023440203880998,0.33542016806708597,0.38088649267599556,0.9997044575724962,0.7375277161855713,0.9983581750571313,0.0016418249579146504,7983,9609992,2841,12976
lung_constrained_probability_tta,0.97,15,0.49963643261341734,0.33301024063368323,0.3770218044752245,0.9997118435324935,0.7404422788598758,0.9983571370442699,0.0016428629169240594,7902,9610063,2770,13057
lung_constrained_probability_tta,0.97,20,0.498475416084202,0.33197952362806954,0.3743976334747009,0.9997214140722085,0.7455581947736384,0.998360977691857,0.001639022259041667,7847,9610155,2678,13112
lung_constrained_probability_tta,0.97,30,0.48914021334003044,0.3237495746851294,0.36318526647246374,0.9997344175229083,0.7488440727980827,0.9983495595503817,0.0016504405066370964,7612,9610280,2553,13347
lung_constrained_probability_tta,0.97,50,0.464238498148974,0.30228554211668646,0.33508278066685665,0.99976344122487,0.7554049693441374,0.9983173811516785,0.0016826188657432795,7023,9610559,2274,13936
lung_constrained_probability_tta,0.97,75,0.42300696660818043,0.2682364206126966,0.2940502886586697,0.9997901763195086,0.7534229828841645,0.9982547889761364,0.0017452110769227147,6163,9610816,2017,14796
lung_constrained_probability_tta,0.97,100,0.3948981748994451,0.2460268680304478,0.2673791688533482,0.9998107737854169,0.7549508285049779,0.99821731671184,0.0017826833063736558,5604,9611014,1819,15355
lung_constrained_probability_tta,0.97,150,0.3270089285713069,0.19546364242819858,0.20969511904183896,0.999841253873857,0.7422732646499878,0.9981222347337363,0.0018777652876451612,4395,9611307,1526,16564
lung_constrained_probability_tta,0.97,200,0.2951082598234639,0.17309501411092904,0.18435994083678403,0.9998581063459638,0.7390971690881043,0.9980839320591508,0.0019160679075866938,3864,9611469,1364,17095
lung_constrained_probability_tta,0.98,0,0.500206881186384,0.3335172530875882,0.3749224676748056,0.999729320170234,0.7512428298271976,0.9983700084037511,0.0016299915732815862,7858,9610231,2602,13101
lung_constrained_probability_tta,0.98,3,0.5000636780436513,0.3333899384418028,0.374683906674758,0.9997299443358676,0.7515551727430839,0.9983701122050374,0.0016298878472298384,7853,9610237,2596,13106
lung_constrained_probability_tta,0.98,5,0.4988686701295456,0.3323284646737719,0.3734433894745105,0.9997302564186843,0.7511516314772061,0.9983677247754561,0.0016322751762345433,7827,9610240,2593,13132
lung_constrained_probability_tta,0.98,10,0.49737818135295514,0.33100689420362117,0.371105491674044,0.9997358739093866,0.753901327904668,0.9983682437818868,0.0016317561967298388,7778,9610294,2539,13181
lung_constrained_probability_tta,0.98,15,0.49439861329551105,0.3283728466653896,0.367431652273311,0.9997406591792442,0.7554443790457568,0.9983650259420165,0.0016349740326404572,7701,9610340,2493,13258
lung_constrained_probability_tta,0.98,20,0.4914724183510683,0.32579611027983507,0.36366238847255894,0.9997465887527631,0.7578047325504496,0.9983627423137214,0.0016372576355934143,7622,9610397,2436,13337
lung_constrained_probability_tta,0.98,30,0.47673389080161443,0.3129682252646547,0.3468199818691985,0.9997641694181092,0.762269295301214,0.9983436428770718,0.0016563570825383067,7269,9610566,2267,13690
lung_constrained_probability_tta,0.98,50,0.45654436201267024,0.29579364043660195,0.3244429600647338,0.9997888239606358,0.7701019252539409,0.9983195609786873,0.00168043898884207,6800,9610803,2030,14159
lung_constrained_probability_tta,0.98,75,0.4128290047061486,0.2601036724651818,0.282503936256366,0.9998122301718952,0.766373285010657,0.9982516749375522,0.0017483250703662634,5921,9611028,1805,15038
lung_constrained_probability_tta,0.98,100,0.38432915921274263,0.23787590238706857,0.25626222625113015,0.9998314752789309,0.7682734944918206,0.9982137874681113,0.0017862125532701612,5371,9611213,1620,15588
lung_constrained_probability_tta,0.98,150,0.32529083903777156,0.19423721241894382,0.20745264564139154,0.9998516566344168,0.7530308278476741,0.9981277362019016,0.0018722638487815857,4348,9611407,1426,16611
lung_constrained_probability_tta,0.98,200,0.28299624888809194,0.16481981981974558,0.1745789398348325,0.9998709017414523,0.7467346938760271,0.9980754203536873,0.00192457961384207,3659,9611592,1241,17300
lung_constrained_probability_tta,0.99,0,0.4892443283824092,0.3238408020395299,0.35755522687134045,0.999773011764585,0.7744935923927505,0.998375821275775,0.0016241787234321237,7494,9610651,2182,13465
lung_constrained_probability_tta,0.99,3,0.48884679447385976,0.3234925437647186,0.35707810487124525,0.9997736359302185,0.7747412008273553,0.9983754060706305,0.0016245939768850803,7484,9610657,2176,13475
lung_constrained_probability_tta,0.99,5,0.4887466109167711,0.32340480719335835,0.3569349682712167,0.9997739480130353,0.7749119535935622,0.9983754060706305,0.0016245939768850803,7481,9610660,2173,13478
lung_constrained_probability_tta,0.99,10,0.48516247499738163,0.32027360491782314,0.3529748556704265,0.9997773809240201,0.775634304884907,0.9983702160063235,0.0016297840047627687,7398,9610693,2140,13561
lung_constrained_probability_tta,0.99,15,0.4835844463449952,0.31889968760833093,0.3506846700699696,0.9997826863319056,0.7786841826456418,0.9983705274101818,0.0016294725937768817,7350,9610744,2089,13609
lung_constrained_probability_tta,0.99,20,0.4796137693857744,0.3154552177126819,0.34600887446903666,0.9997888239606358,0.7812971342374689,0.9983664791600224,0.0016335208201780915,7252,9610803,2030,13707
lung_constrained_probability_tta,0.99,30,0.4631876071102983,0.3013950233960286,0.3288324824656096,0.9998015153285187,0.7831818181809281,0.9983417744539212,0.001658225548453629,6892,9610925,1908,14067
lung_constrained_probability_tta,0.99,50,0.4424724182825867,0.2840864094327581,0.3080776754614685,0.9998158711380912,0.7848547465652305,0.9983109454719378,0.001689054537564516,6457,9611063,1770,14502
lung_constrained_probability_tta,0.99,75,0.39885897664453596,0.24910921076062306,0.26685433465324354,0.9998446867848417,0.7893028506903905,0.998250014116974,0.0017499858513474464,5593,9611340,1493,15366
lung_constrained_probability_tta,0.99,100,0.3766874727825603,0.23204864526503083,0.2476263180494071,0.9998536331589232,0.7867212369246829,0.9982171091092678,0.0017828908748924732,5190,9611426,1407,15769
lung_constrained_probability_tta,0.99,150,0.3116318119369899,0.18457574250703648,0.19480891263886882,0.9998791199222946,0.7784556720671526,0.9981276324006155,0.0018723675748333335,4083,9611671,1162,16876
lung_constrained_probability_tta,0.99,200,0.27099611292148457,0.15673539831040206,0.1646548022328524,0.9998898347656712,0.7651884700648223,0.9980727215202477,0.001927278470247984,3451,9611774,1059,17508
