case_id,slice_idx,image_path,lung_mask_path,old_lung_pixels,new_lung_pixels,lesion_pixels
study_0255,8,data/dataset2_mosmed/processed/images/study_0255_slice_008.npy,data/dataset2_mosmed/processed/lung_masks/study_0255_slice_008.npy,62500,8993,0
study_0255,9,data/dataset2_mosmed/processed/images/study_0255_slice_009.npy,data/dataset2_mosmed/processed/lung_masks/study_0255_slice_009.npy,62500,10196,0
study_0255,10,data/dataset2_mosmed/processed/images/study_0255_slice_010.npy,data/dataset2_mosmed/processed/lung_masks/study_0255_slice_010.npy,62500,10753,17
study_0255,11,data/dataset2_mosmed/processed/images/study_0255_slice_011.npy,data/dataset2_mosmed/processed/lung_masks/study_0255_slice_011.npy,62500,10665,542
study_0255,12,data/dataset2_mosmed/processed/images/study_0255_slice_012.npy,data/dataset2_mosmed/processed/lung_masks/study_0255_slice_012.npy,62500,10279,509
study_0255,13,data/dataset2_mosmed/processed/images/study_0255_slice_013.npy,data/dataset2_mosmed/processed/lung_masks/study_0255_slice_013.npy,62500,10930,672
study_0255,14,data/dataset2_mosmed/processed/images/study_0255_slice_014.npy,data/dataset2_mosmed/processed/lung_masks/study_0255_slice_014.npy,62500,11172,915
study_0255,15,data/dataset2_mosmed/processed/images/study_0255_slice_015.npy,data/dataset2_mosmed/processed/lung_masks/study_0255_slice_015.npy,62500,11151,1052
study_0255,16,data/dataset2_mosmed/processed/images/study_0255_slice_016.npy,data/dataset2_mosmed/processed/lung_masks/study_0255_slice_016.npy,62500,10891,1536
study_0255,17,data/dataset2_mosmed/processed/images/study_0255_slice_017.npy,data/dataset2_mosmed/processed/lung_masks/study_0255_slice_017.npy,62500,11298,1289
study_0255,18,data/dataset2_mosmed/processed/images/study_0255_slice_018.npy,data/dataset2_mosmed/processed/lung_masks/study_0255_slice_018.npy,62500,11334,754
study_0255,19,data/dataset2_mosmed/processed/images/study_0255_slice_019.npy,data/dataset2_mosmed/processed/lung_masks/study_0255_slice_019.npy,62500,11265,386
study_0255,20,data/dataset2_mosmed/processed/images/study_0255_slice_020.npy,data/dataset2_mosmed/processed/lung_masks/study_0255_slice_020.npy,62500,10236,256
study_0255,21,data/dataset2_mosmed/processed/images/study_0255_slice_021.npy,data/dataset2_mosmed/processed/lung_masks/study_0255_slice_021.npy,62500,10995,414
study_0255,22,data/dataset2_mosmed/processed/images/study_0255_slice_022.npy,data/dataset2_mosmed/processed/lung_masks/study_0255_slice_022.npy,62500,10427,670
study_0255,23,data/dataset2_mosmed/processed/images/study_0255_slice_023.npy,data/dataset2_mosmed/processed/lung_masks/study_0255_slice_023.npy,62500,10457,946
study_0255,24,data/dataset2_mosmed/processed/images/study_0255_slice_024.npy,data/dataset2_mosmed/processed/lung_masks/study_0255_slice_024.npy,62500,9827,659
study_0255,25,data/dataset2_mosmed/processed/images/study_0255_slice_025.npy,data/dataset2_mosmed/processed/lung_masks/study_0255_slice_025.npy,62500,9314,448
study_0255,26,data/dataset2_mosmed/processed/images/study_0255_slice_026.npy,data/dataset2_mosmed/processed/lung_masks/study_0255_slice_026.npy,62500,8677,42
study_0255,27,data/dataset2_mosmed/processed/images/study_0255_slice_027.npy,data/dataset2_mosmed/processed/lung_masks/study_0255_slice_027.npy,62500,8284,0
study_0255,28,data/dataset2_mosmed/processed/images/study_0255_slice_028.npy,data/dataset2_mosmed/processed/lung_masks/study_0255_slice_028.npy,62500,10530,33
study_0255,29,data/dataset2_mosmed/processed/images/study_0255_slice_029.npy,data/dataset2_mosmed/processed/lung_masks/study_0255_slice_029.npy,62500,8406,138
study_0255,30,data/dataset2_mosmed/processed/images/study_0255_slice_030.npy,data/dataset2_mosmed/processed/lung_masks/study_0255_slice_030.npy,62500,6076,92
study_0255,31,data/dataset2_mosmed/processed/images/study_0255_slice_031.npy,data/dataset2_mosmed/processed/lung_masks/study_0255_slice_031.npy,62500,4109,1
study_0255,32,data/dataset2_mosmed/processed/images/study_0255_slice_032.npy,data/dataset2_mosmed/processed/lung_masks/study_0255_slice_032.npy,62500,3117,0
study_0256,3,data/dataset2_mosmed/processed/images/study_0256_slice_003.npy,data/dataset2_mosmed/processed/lung_masks/study_0256_slice_003.npy,23367,1648,0
study_0256,4,data/dataset2_mosmed/processed/images/study_0256_slice_004.npy,data/dataset2_mosmed/processed/lung_masks/study_0256_slice_004.npy,23174,2290,0
study_0256,5,data/dataset2_mosmed/processed/images/study_0256_slice_005.npy,data/dataset2_mosmed/processed/lung_masks/study_0256_slice_005.npy,23203,2981,26
study_0256,6,data/dataset2_mosmed/processed/images/study_0256_slice_006.npy,data/dataset2_mosmed/processed/lung_masks/study_0256_slice_006.npy,23365,2735,149
study_0256,7,data/dataset2_mosmed/processed/images/study_0256_slice_007.npy,data/dataset2_mosmed/processed/lung_masks/study_0256_slice_007.npy,23644,3813,353
study_0256,8,data/dataset2_mosmed/processed/images/study_0256_slice_008.npy,data/dataset2_mosmed/processed/lung_masks/study_0256_slice_008.npy,23915,5217,389
study_0256,9,data/dataset2_mosmed/processed/images/study_0256_slice_009.npy,data/dataset2_mosmed/processed/lung_masks/study_0256_slice_009.npy,24304,6612,78
study_0256,10,data/dataset2_mosmed/processed/images/study_0256_slice_010.npy,data/dataset2_mosmed/processed/lung_masks/study_0256_slice_010.npy,28671,9303,30
study_0256,11,data/dataset2_mosmed/processed/images/study_0256_slice_011.npy,data/dataset2_mosmed/processed/lung_masks/study_0256_slice_011.npy,30297,11677,244
study_0256,12,data/dataset2_mosmed/processed/images/study_0256_slice_012.npy,data/dataset2_mosmed/processed/lung_masks/study_0256_slice_012.npy,32460,12346,176
study_0256,13,data/dataset2_mosmed/processed/images/study_0256_slice_013.npy,data/dataset2_mosmed/processed/lung_masks/study_0256_slice_013.npy,24845,15843,0
study_0256,14,data/dataset2_mosmed/processed/images/study_0256_slice_014.npy,data/dataset2_mosmed/processed/lung_masks/study_0256_slice_014.npy,25920,17146,8
study_0256,15,data/dataset2_mosmed/processed/images/study_0256_slice_015.npy,data/dataset2_mosmed/processed/lung_masks/study_0256_slice_015.npy,20497,16896,68
study_0256,16,data/dataset2_mosmed/processed/images/study_0256_slice_016.npy,data/dataset2_mosmed/processed/lung_masks/study_0256_slice_016.npy,22391,16664,0
study_0256,17,data/dataset2_mosmed/processed/images/study_0256_slice_017.npy,data/dataset2_mosmed/processed/lung_masks/study_0256_slice_017.npy,22080,20408,0
study_0256,18,data/dataset2_mosmed/processed/images/study_0256_slice_018.npy,data/dataset2_mosmed/processed/lung_masks/study_0256_slice_018.npy,21618,19115,211
study_0256,19,data/dataset2_mosmed/processed/images/study_0256_slice_019.npy,data/dataset2_mosmed/processed/lung_masks/study_0256_slice_019.npy,21315,19767,170
study_0256,20,data/dataset2_mosmed/processed/images/study_0256_slice_020.npy,data/dataset2_mosmed/processed/lung_masks/study_0256_slice_020.npy,21211,19751,0
study_0256,21,data/dataset2_mosmed/processed/images/study_0256_slice_021.npy,data/dataset2_mosmed/processed/lung_masks/study_0256_slice_021.npy,29770,19971,50
study_0256,22,data/dataset2_mosmed/processed/images/study_0256_slice_022.npy,data/dataset2_mosmed/processed/lung_masks/study_0256_slice_022.npy,29557,20586,80
study_0256,23,data/dataset2_mosmed/processed/images/study_0256_slice_023.npy,data/dataset2_mosmed/processed/lung_masks/study_0256_slice_023.npy,29284,20547,177
study_0256,24,data/dataset2_mosmed/processed/images/study_0256_slice_024.npy,data/dataset2_mosmed/processed/lung_masks/study_0256_slice_024.npy,29099,20192,164
study_0256,25,data/dataset2_mosmed/processed/images/study_0256_slice_025.npy,data/dataset2_mosmed/processed/lung_masks/study_0256_slice_025.npy,28161,19334,594
study_0256,26,data/dataset2_mosmed/processed/images/study_0256_slice_026.npy,data/dataset2_mosmed/processed/lung_masks/study_0256_slice_026.npy,28026,18780,1069
study_0256,27,data/dataset2_mosmed/processed/images/study_0256_slice_027.npy,data/dataset2_mosmed/processed/lung_masks/study_0256_slice_027.npy,27988,18738,1238
study_0256,28,data/dataset2_mosmed/processed/images/study_0256_slice_028.npy,data/dataset2_mosmed/processed/lung_masks/study_0256_slice_028.npy,27317,16634,1178
study_0256,29,data/dataset2_mosmed/processed/images/study_0256_slice_029.npy,data/dataset2_mosmed/processed/lung_masks/study_0256_slice_029.npy,26784,16465,1163
study_0256,30,data/dataset2_mosmed/processed/images/study_0256_slice_030.npy,data/dataset2_mosmed/processed/lung_masks/study_0256_slice_030.npy,26070,14482,1141
study_0256,31,data/dataset2_mosmed/processed/images/study_0256_slice_031.npy,data/dataset2_mosmed/processed/lung_masks/study_0256_slice_031.npy,24951,13736,892
study_0256,32,data/dataset2_mosmed/processed/images/study_0256_slice_032.npy,data/dataset2_mosmed/processed/lung_masks/study_0256_slice_032.npy,24327,11056,586
study_0256,33,data/dataset2_mosmed/processed/images/study_0256_slice_033.npy,data/dataset2_mosmed/processed/lung_masks/study_0256_slice_033.npy,25280,8738,184
study_0256,34,data/dataset2_mosmed/processed/images/study_0256_slice_034.npy,data/dataset2_mosmed/processed/lung_masks/study_0256_slice_034.npy,26247,6194,0
study_0256,35,data/dataset2_mosmed/processed/images/study_0256_slice_035.npy,data/dataset2_mosmed/processed/lung_masks/study_0256_slice_035.npy,27317,3608,0
study_0257,13,data/dataset2_mosmed/processed/images/study_0257_slice_013.npy,data/dataset2_mosmed/processed/lung_masks/study_0257_slice_013.npy,21503,18761,0
study_0257,14,data/dataset2_mosmed/processed/images/study_0257_slice_014.npy,data/dataset2_mosmed/processed/lung_masks/study_0257_slice_014.npy,22812,19590,0
study_0257,15,data/dataset2_mosmed/processed/images/study_0257_slice_015.npy,data/dataset2_mosmed/processed/lung_masks/study_0257_slice_015.npy,22823,19179,123
study_0257,16,data/dataset2_mosmed/processed/images/study_0257_slice_016.npy,data/dataset2_mosmed/processed/lung_masks/study_0257_slice_016.npy,22944,19379,239
study_0257,17,data/dataset2_mosmed/processed/images/study_0257_slice_017.npy,data/dataset2_mosmed/processed/lung_masks/study_0257_slice_017.npy,23035,19458,383
study_0257,18,data/dataset2_mosmed/processed/images/study_0257_slice_018.npy,data/dataset2_mosmed/processed/lung_masks/study_0257_slice_018.npy,22746,19011,547
study_0257,19,data/dataset2_mosmed/processed/images/study_0257_slice_019.npy,data/dataset2_mosmed/processed/lung_masks/study_0257_slice_019.npy,22880,18427,502
study_0257,20,data/dataset2_mosmed/processed/images/study_0257_slice_020.npy,data/dataset2_mosmed/processed/lung_masks/study_0257_slice_020.npy,31509,19711,129
study_0257,21,data/dataset2_mosmed/processed/images/study_0257_slice_021.npy,data/dataset2_mosmed/processed/lung_masks/study_0257_slice_021.npy,31301,17384,0
study_0257,22,data/dataset2_mosmed/processed/images/study_0257_slice_022.npy,data/dataset2_mosmed/processed/lung_masks/study_0257_slice_022.npy,31473,20412,0
study_0258,9,data/dataset2_mosmed/processed/images/study_0258_slice_009.npy,data/dataset2_mosmed/processed/lung_masks/study_0258_slice_009.npy,62500,7382,0
study_0258,10,data/dataset2_mosmed/processed/images/study_0258_slice_010.npy,data/dataset2_mosmed/processed/lung_masks/study_0258_slice_010.npy,62500,7734,0
study_0258,11,data/dataset2_mosmed/processed/images/study_0258_slice_011.npy,data/dataset2_mosmed/processed/lung_masks/study_0258_slice_011.npy,62500,8205,8
study_0258,12,data/dataset2_mosmed/processed/images/study_0258_slice_012.npy,data/dataset2_mosmed/processed/lung_masks/study_0258_slice_012.npy,62500,10333,26
study_0258,13,data/dataset2_mosmed/processed/images/study_0258_slice_013.npy,data/dataset2_mosmed/processed/lung_masks/study_0258_slice_013.npy,62500,12083,0
study_0258,14,data/dataset2_mosmed/processed/images/study_0258_slice_014.npy,data/dataset2_mosmed/processed/lung_masks/study_0258_slice_014.npy,62500,12951,0
study_0258,15,data/dataset2_mosmed/processed/images/study_0258_slice_015.npy,data/dataset2_mosmed/processed/lung_masks/study_0258_slice_015.npy,62500,14113,118
study_0258,16,data/dataset2_mosmed/processed/images/study_0258_slice_016.npy,data/dataset2_mosmed/processed/lung_masks/study_0258_slice_016.npy,62500,14306,263
study_0258,17,data/dataset2_mosmed/processed/images/study_0258_slice_017.npy,data/dataset2_mosmed/processed/lung_masks/study_0258_slice_017.npy,62500,19708,749
study_0258,18,data/dataset2_mosmed/processed/images/study_0258_slice_018.npy,data/dataset2_mosmed/processed/lung_masks/study_0258_slice_018.npy,62500,19466,749
study_0258,19,data/dataset2_mosmed/processed/images/study_0258_slice_019.npy,data/dataset2_mosmed/processed/lung_masks/study_0258_slice_019.npy,62500,19284,693
study_0258,20,data/dataset2_mosmed/processed/images/study_0258_slice_020.npy,data/dataset2_mosmed/processed/lung_masks/study_0258_slice_020.npy,62500,19368,563
study_0258,21,data/dataset2_mosmed/processed/images/study_0258_slice_021.npy,data/dataset2_mosmed/processed/lung_masks/study_0258_slice_021.npy,44905,19410,527
study_0258,22,data/dataset2_mosmed/processed/images/study_0258_slice_022.npy,data/dataset2_mosmed/processed/lung_masks/study_0258_slice_022.npy,44860,19469,418
study_0258,23,data/dataset2_mosmed/processed/images/study_0258_slice_023.npy,data/dataset2_mosmed/processed/lung_masks/study_0258_slice_023.npy,44412,19024,262
study_0258,24,data/dataset2_mosmed/processed/images/study_0258_slice_024.npy,data/dataset2_mosmed/processed/lung_masks/study_0258_slice_024.npy,44211,18983,31
study_0258,25,data/dataset2_mosmed/processed/images/study_0258_slice_025.npy,data/dataset2_mosmed/processed/lung_masks/study_0258_slice_025.npy,31668,18592,165
study_0258,26,data/dataset2_mosmed/processed/images/study_0258_slice_026.npy,data/dataset2_mosmed/processed/lung_masks/study_0258_slice_026.npy,31883,18317,358
study_0258,27,data/dataset2_mosmed/processed/images/study_0258_slice_027.npy,data/dataset2_mosmed/processed/lung_masks/study_0258_slice_027.npy,32059,17651,389
study_0258,28,data/dataset2_mosmed/processed/images/study_0258_slice_028.npy,data/dataset2_mosmed/processed/lung_masks/study_0258_slice_028.npy,32336,17005,331
study_0258,29,data/dataset2_mosmed/processed/images/study_0258_slice_029.npy,data/dataset2_mosmed/processed/lung_masks/study_0258_slice_029.npy,32614,11515,206
study_0258,30,data/dataset2_mosmed/processed/images/study_0258_slice_030.npy,data/dataset2_mosmed/processed/lung_masks/study_0258_slice_030.npy,32909,16326,86
study_0258,31,data/dataset2_mosmed/processed/images/study_0258_slice_031.npy,data/dataset2_mosmed/processed/lung_masks/study_0258_slice_031.npy,33343,15583,0
study_0258,32,data/dataset2_mosmed/processed/images/study_0258_slice_032.npy,data/dataset2_mosmed/processed/lung_masks/study_0258_slice_032.npy,33587,10727,0
study_0259,12,data/dataset2_mosmed/processed/images/study_0259_slice_012.npy,data/dataset2_mosmed/processed/lung_masks/study_0259_slice_012.npy,62500,6719,0
study_0259,13,data/dataset2_mosmed/processed/images/study_0259_slice_013.npy,data/dataset2_mosmed/processed/lung_masks/study_0259_slice_013.npy,62500,6984,0
study_0259,14,data/dataset2_mosmed/processed/images/study_0259_slice_014.npy,data/dataset2_mosmed/processed/lung_masks/study_0259_slice_014.npy,62500,8311,194
study_0259,15,data/dataset2_mosmed/processed/images/study_0259_slice_015.npy,data/dataset2_mosmed/processed/lung_masks/study_0259_slice_015.npy,62500,9774,0
study_0259,16,data/dataset2_mosmed/processed/images/study_0259_slice_016.npy,data/dataset2_mosmed/processed/lung_masks/study_0259_slice_016.npy,62500,13675,657
study_0259,17,data/dataset2_mosmed/processed/images/study_0259_slice_017.npy,data/dataset2_mosmed/processed/lung_masks/study_0259_slice_017.npy,62500,13324,642
study_0259,18,data/dataset2_mosmed/processed/images/study_0259_slice_018.npy,data/dataset2_mosmed/processed/lung_masks/study_0259_slice_018.npy,62500,13249,440
study_0259,19,data/dataset2_mosmed/processed/images/study_0259_slice_019.npy,data/dataset2_mosmed/processed/lung_masks/study_0259_slice_019.npy,62500,12972,190
study_0259,20,data/dataset2_mosmed/processed/images/study_0259_slice_020.npy,data/dataset2_mosmed/processed/lung_masks/study_0259_slice_020.npy,37710,12720,266
study_0259,21,data/dataset2_mosmed/processed/images/study_0259_slice_021.npy,data/dataset2_mosmed/processed/lung_masks/study_0259_slice_021.npy,43030,16234,435
study_0259,22,data/dataset2_mosmed/processed/images/study_0259_slice_022.npy,data/dataset2_mosmed/processed/lung_masks/study_0259_slice_022.npy,31165,15892,201
study_0259,23,data/dataset2_mosmed/processed/images/study_0259_slice_023.npy,data/dataset2_mosmed/processed/lung_masks/study_0259_slice_023.npy,31266,15619,167
study_0259,24,data/dataset2_mosmed/processed/images/study_0259_slice_024.npy,data/dataset2_mosmed/processed/lung_masks/study_0259_slice_024.npy,31314,15213,0
study_0259,25,data/dataset2_mosmed/processed/images/study_0259_slice_025.npy,data/dataset2_mosmed/processed/lung_masks/study_0259_slice_025.npy,31427,10912,0
study_0259,26,data/dataset2_mosmed/processed/images/study_0259_slice_026.npy,data/dataset2_mosmed/processed/lung_masks/study_0259_slice_026.npy,31471,10430,14
study_0259,27,data/dataset2_mosmed/processed/images/study_0259_slice_027.npy,data/dataset2_mosmed/processed/lung_masks/study_0259_slice_027.npy,31234,9542,0
study_0259,28,data/dataset2_mosmed/processed/images/study_0259_slice_028.npy,data/dataset2_mosmed/processed/lung_masks/study_0259_slice_028.npy,31104,8639,0
study_0260,8,data/dataset2_mosmed/processed/images/study_0260_slice_008.npy,data/dataset2_mosmed/processed/lung_masks/study_0260_slice_008.npy,12028,5912,0
study_0260,9,data/dataset2_mosmed/processed/images/study_0260_slice_009.npy,data/dataset2_mosmed/processed/lung_masks/study_0260_slice_009.npy,12347,6880,0
study_0260,10,data/dataset2_mosmed/processed/images/study_0260_slice_010.npy,data/dataset2_mosmed/processed/lung_masks/study_0260_slice_010.npy,13430,8299,238
study_0260,11,data/dataset2_mosmed/processed/images/study_0260_slice_011.npy,data/dataset2_mosmed/processed/lung_masks/study_0260_slice_011.npy,14536,11440,778
study_0260,12,data/dataset2_mosmed/processed/images/study_0260_slice_012.npy,data/dataset2_mosmed/processed/lung_masks/study_0260_slice_012.npy,22494,18074,612
study_0260,13,data/dataset2_mosmed/processed/images/study_0260_slice_013.npy,data/dataset2_mosmed/processed/lung_masks/study_0260_slice_013.npy,17183,15950,1380
study_0260,14,data/dataset2_mosmed/processed/images/study_0260_slice_014.npy,data/dataset2_mosmed/processed/lung_masks/study_0260_slice_014.npy,19147,17392,1388
study_0260,15,data/dataset2_mosmed/processed/images/study_0260_slice_015.npy,data/dataset2_mosmed/processed/lung_masks/study_0260_slice_015.npy,19230,17099,1275
study_0260,16,data/dataset2_mosmed/processed/images/study_0260_slice_016.npy,data/dataset2_mosmed/processed/lung_masks/study_0260_slice_016.npy,19244,16851,757
study_0260,17,data/dataset2_mosmed/processed/images/study_0260_slice_017.npy,data/dataset2_mosmed/processed/lung_masks/study_0260_slice_017.npy,19025,16593,121
study_0260,18,data/dataset2_mosmed/processed/images/study_0260_slice_018.npy,data/dataset2_mosmed/processed/lung_masks/study_0260_slice_018.npy,18594,16237,0
study_0260,19,data/dataset2_mosmed/processed/images/study_0260_slice_019.npy,data/dataset2_mosmed/processed/lung_masks/study_0260_slice_019.npy,18382,15834,0
study_0261,2,data/dataset2_mosmed/processed/images/study_0261_slice_002.npy,data/dataset2_mosmed/processed/lung_masks/study_0261_slice_002.npy,17306,5698,0
study_0261,3,data/dataset2_mosmed/processed/images/study_0261_slice_003.npy,data/dataset2_mosmed/processed/lung_masks/study_0261_slice_003.npy,19989,6744,0
study_0261,4,data/dataset2_mosmed/processed/images/study_0261_slice_004.npy,data/dataset2_mosmed/processed/lung_masks/study_0261_slice_004.npy,21731,8073,76
study_0261,5,data/dataset2_mosmed/processed/images/study_0261_slice_005.npy,data/dataset2_mosmed/processed/lung_masks/study_0261_slice_005.npy,19523,14676,64
study_0261,6,data/dataset2_mosmed/processed/images/study_0261_slice_006.npy,data/dataset2_mosmed/processed/lung_masks/study_0261_slice_006.npy,22321,17833,227
study_0261,7,data/dataset2_mosmed/processed/images/study_0261_slice_007.npy,data/dataset2_mosmed/processed/lung_masks/study_0261_slice_007.npy,26600,21746,0
study_0261,8,data/dataset2_mosmed/processed/images/study_0261_slice_008.npy,data/dataset2_mosmed/processed/lung_masks/study_0261_slice_008.npy,28770,23086,0
study_0261,9,data/dataset2_mosmed/processed/images/study_0261_slice_009.npy,data/dataset2_mosmed/processed/lung_masks/study_0261_slice_009.npy,30461,24329,0
study_0261,10,data/dataset2_mosmed/processed/images/study_0261_slice_010.npy,data/dataset2_mosmed/processed/lung_masks/study_0261_slice_010.npy,31225,24451,0
study_0261,11,data/dataset2_mosmed/processed/images/study_0261_slice_011.npy,data/dataset2_mosmed/processed/lung_masks/study_0261_slice_011.npy,22872,20240,57
study_0261,12,data/dataset2_mosmed/processed/images/study_0261_slice_012.npy,data/dataset2_mosmed/processed/lung_masks/study_0261_slice_012.npy,22734,20106,486
study_0261,13,data/dataset2_mosmed/processed/images/study_0261_slice_013.npy,data/dataset2_mosmed/processed/lung_masks/study_0261_slice_013.npy,21211,19933,564
study_0261,14,data/dataset2_mosmed/processed/images/study_0261_slice_014.npy,data/dataset2_mosmed/processed/lung_masks/study_0261_slice_014.npy,20394,20057,385
study_0261,15,data/dataset2_mosmed/processed/images/study_0261_slice_015.npy,data/dataset2_mosmed/processed/lung_masks/study_0261_slice_015.npy,19922,20095,35
study_0261,16,data/dataset2_mosmed/processed/images/study_0261_slice_016.npy,data/dataset2_mosmed/processed/lung_masks/study_0261_slice_016.npy,19603,20213,0
study_0261,17,data/dataset2_mosmed/processed/images/study_0261_slice_017.npy,data/dataset2_mosmed/processed/lung_masks/study_0261_slice_017.npy,19504,20306,0
study_0261,18,data/dataset2_mosmed/processed/images/study_0261_slice_018.npy,data/dataset2_mosmed/processed/lung_masks/study_0261_slice_018.npy,28456,23587,0
study_0261,19,data/dataset2_mosmed/processed/images/study_0261_slice_019.npy,data/dataset2_mosmed/processed/lung_masks/study_0261_slice_019.npy,28021,23152,0
study_0261,20,data/dataset2_mosmed/processed/images/study_0261_slice_020.npy,data/dataset2_mosmed/processed/lung_masks/study_0261_slice_020.npy,28128,23058,151
study_0261,21,data/dataset2_mosmed/processed/images/study_0261_slice_021.npy,data/dataset2_mosmed/processed/lung_masks/study_0261_slice_021.npy,27927,22646,0
study_0261,22,data/dataset2_mosmed/processed/images/study_0261_slice_022.npy,data/dataset2_mosmed/processed/lung_masks/study_0261_slice_022.npy,27755,22174,0
study_0261,23,data/dataset2_mosmed/processed/images/study_0261_slice_023.npy,data/dataset2_mosmed/processed/lung_masks/study_0261_slice_023.npy,27748,21849,0
study_0261,24,data/dataset2_mosmed/processed/images/study_0261_slice_024.npy,data/dataset2_mosmed/processed/lung_masks/study_0261_slice_024.npy,27270,20988,0
study_0261,25,data/dataset2_mosmed/processed/images/study_0261_slice_025.npy,data/dataset2_mosmed/processed/lung_masks/study_0261_slice_025.npy,26706,20157,119
study_0261,26,data/dataset2_mosmed/processed/images/study_0261_slice_026.npy,data/dataset2_mosmed/processed/lung_masks/study_0261_slice_026.npy,26305,19299,84
study_0261,27,data/dataset2_mosmed/processed/images/study_0261_slice_027.npy,data/dataset2_mosmed/processed/lung_masks/study_0261_slice_027.npy,26967,19432,0
study_0261,28,data/dataset2_mosmed/processed/images/study_0261_slice_028.npy,data/dataset2_mosmed/processed/lung_masks/study_0261_slice_028.npy,26158,17931,0
study_0262,4,data/dataset2_mosmed/processed/images/study_0262_slice_004.npy,data/dataset2_mosmed/processed/lung_masks/study_0262_slice_004.npy,23779,5783,0
study_0262,5,data/dataset2_mosmed/processed/images/study_0262_slice_005.npy,data/dataset2_mosmed/processed/lung_masks/study_0262_slice_005.npy,24753,5836,0
study_0262,6,data/dataset2_mosmed/processed/images/study_0262_slice_006.npy,data/dataset2_mosmed/processed/lung_masks/study_0262_slice_006.npy,22240,6378,36
study_0262,7,data/dataset2_mosmed/processed/images/study_0262_slice_007.npy,data/dataset2_mosmed/processed/lung_masks/study_0262_slice_007.npy,22001,6502,161
study_0262,8,data/dataset2_mosmed/processed/images/study_0262_slice_008.npy,data/dataset2_mosmed/processed/lung_masks/study_0262_slice_008.npy,21760,6720,272
study_0262,9,data/dataset2_mosmed/processed/images/study_0262_slice_009.npy,data/dataset2_mosmed/processed/lung_masks/study_0262_slice_009.npy,21534,7170,348
study_0262,10,data/dataset2_mosmed/processed/images/study_0262_slice_010.npy,data/dataset2_mosmed/processed/lung_masks/study_0262_slice_010.npy,21333,9756,318
study_0262,11,data/dataset2_mosmed/processed/images/study_0262_slice_011.npy,data/dataset2_mosmed/processed/lung_masks/study_0262_slice_011.npy,21151,11020,323
study_0262,12,data/dataset2_mosmed/processed/images/study_0262_slice_012.npy,data/dataset2_mosmed/processed/lung_masks/study_0262_slice_012.npy,21706,12161,167
study_0262,13,data/dataset2_mosmed/processed/images/study_0262_slice_013.npy,data/dataset2_mosmed/processed/lung_masks/study_0262_slice_013.npy,23999,13680,0
study_0262,14,data/dataset2_mosmed/processed/images/study_0262_slice_014.npy,data/dataset2_mosmed/processed/lung_masks/study_0262_slice_014.npy,24760,19641,0
study_0263,0,data/dataset2_mosmed/processed/images/study_0263_slice_000.npy,data/dataset2_mosmed/processed/lung_masks/study_0263_slice_000.npy,62500,8227,0
study_0263,1,data/dataset2_mosmed/processed/images/study_0263_slice_001.npy,data/dataset2_mosmed/processed/lung_masks/study_0263_slice_001.npy,62500,8016,207
study_0263,2,data/dataset2_mosmed/processed/images/study_0263_slice_002.npy,data/dataset2_mosmed/processed/lung_masks/study_0263_slice_002.npy,62500,8289,376
study_0263,3,data/dataset2_mosmed/processed/images/study_0263_slice_003.npy,data/dataset2_mosmed/processed/lung_masks/study_0263_slice_003.npy,62500,8672,380
study_0263,4,data/dataset2_mosmed/processed/images/study_0263_slice_004.npy,data/dataset2_mosmed/processed/lung_masks/study_0263_slice_004.npy,62500,9783,107
study_0263,5,data/dataset2_mosmed/processed/images/study_0263_slice_005.npy,data/dataset2_mosmed/processed/lung_masks/study_0263_slice_005.npy,62500,10635,185
study_0263,6,data/dataset2_mosmed/processed/images/study_0263_slice_006.npy,data/dataset2_mosmed/processed/lung_masks/study_0263_slice_006.npy,62500,11746,720
study_0263,7,data/dataset2_mosmed/processed/images/study_0263_slice_007.npy,data/dataset2_mosmed/processed/lung_masks/study_0263_slice_007.npy,62500,12150,938
study_0263,8,data/dataset2_mosmed/processed/images/study_0263_slice_008.npy,data/dataset2_mosmed/processed/lung_masks/study_0263_slice_008.npy,62500,11733,319
study_0263,9,data/dataset2_mosmed/processed/images/study_0263_slice_009.npy,data/dataset2_mosmed/processed/lung_masks/study_0263_slice_009.npy,62500,12607,351
study_0263,10,data/dataset2_mosmed/processed/images/study_0263_slice_010.npy,data/dataset2_mosmed/processed/lung_masks/study_0263_slice_010.npy,62500,14631,135
study_0263,11,data/dataset2_mosmed/processed/images/study_0263_slice_011.npy,data/dataset2_mosmed/processed/lung_masks/study_0263_slice_011.npy,33124,14678,117
study_0263,12,data/dataset2_mosmed/processed/images/study_0263_slice_012.npy,data/dataset2_mosmed/processed/lung_masks/study_0263_slice_012.npy,25898,14911,72
study_0263,13,data/dataset2_mosmed/processed/images/study_0263_slice_013.npy,data/dataset2_mosmed/processed/lung_masks/study_0263_slice_013.npy,25804,14625,184
study_0263,14,data/dataset2_mosmed/processed/images/study_0263_slice_014.npy,data/dataset2_mosmed/processed/lung_masks/study_0263_slice_014.npy,25840,14638,101
study_0263,15,data/dataset2_mosmed/processed/images/study_0263_slice_015.npy,data/dataset2_mosmed/processed/lung_masks/study_0263_slice_015.npy,25971,14720,55
study_0263,16,data/dataset2_mosmed/processed/images/study_0263_slice_016.npy,data/dataset2_mosmed/processed/lung_masks/study_0263_slice_016.npy,26187,14633,143
study_0263,17,data/dataset2_mosmed/processed/images/study_0263_slice_017.npy,data/dataset2_mosmed/processed/lung_masks/study_0263_slice_017.npy,26373,14665,73
study_0263,18,data/dataset2_mosmed/processed/images/study_0263_slice_018.npy,data/dataset2_mosmed/processed/lung_masks/study_0263_slice_018.npy,29245,20979,0
study_0263,19,data/dataset2_mosmed/processed/images/study_0263_slice_019.npy,data/dataset2_mosmed/processed/lung_masks/study_0263_slice_019.npy,29107,20561,70
study_0263,20,data/dataset2_mosmed/processed/images/study_0263_slice_020.npy,data/dataset2_mosmed/processed/lung_masks/study_0263_slice_020.npy,28988,20309,127
study_0263,21,data/dataset2_mosmed/processed/images/study_0263_slice_021.npy,data/dataset2_mosmed/processed/lung_masks/study_0263_slice_021.npy,28565,20067,86
study_0263,22,data/dataset2_mosmed/processed/images/study_0263_slice_022.npy,data/dataset2_mosmed/processed/lung_masks/study_0263_slice_022.npy,28608,13902,128
study_0263,23,data/dataset2_mosmed/processed/images/study_0263_slice_023.npy,data/dataset2_mosmed/processed/lung_masks/study_0263_slice_023.npy,29285,13515,0
study_0263,24,data/dataset2_mosmed/processed/images/study_0263_slice_024.npy,data/dataset2_mosmed/processed/lung_masks/study_0263_slice_024.npy,30068,13082,0
study_0263,25,data/dataset2_mosmed/processed/images/study_0263_slice_025.npy,data/dataset2_mosmed/processed/lung_masks/study_0263_slice_025.npy,30835,12456,54
study_0263,26,data/dataset2_mosmed/processed/images/study_0263_slice_026.npy,data/dataset2_mosmed/processed/lung_masks/study_0263_slice_026.npy,31737,11892,0
study_0263,27,data/dataset2_mosmed/processed/images/study_0263_slice_027.npy,data/dataset2_mosmed/processed/lung_masks/study_0263_slice_027.npy,32712,15304,0
study_0264,7,data/dataset2_mosmed/processed/images/study_0264_slice_007.npy,data/dataset2_mosmed/processed/lung_masks/study_0264_slice_007.npy,62500,4084,0
study_0264,8,data/dataset2_mosmed/processed/images/study_0264_slice_008.npy,data/dataset2_mosmed/processed/lung_masks/study_0264_slice_008.npy,62500,4849,0
study_0264,9,data/dataset2_mosmed/processed/images/study_0264_slice_009.npy,data/dataset2_mosmed/processed/lung_masks/study_0264_slice_009.npy,62500,5436,43
study_0264,10,data/dataset2_mosmed/processed/images/study_0264_slice_010.npy,data/dataset2_mosmed/processed/lung_masks/study_0264_slice_010.npy,62500,6236,302
study_0264,11,data/dataset2_mosmed/processed/images/study_0264_slice_011.npy,data/dataset2_mosmed/processed/lung_masks/study_0264_slice_011.npy,62500,7173,411
study_0264,12,data/dataset2_mosmed/processed/images/study_0264_slice_012.npy,data/dataset2_mosmed/processed/lung_masks/study_0264_slice_012.npy,62500,9125,462
study_0264,13,data/dataset2_mosmed/processed/images/study_0264_slice_013.npy,data/dataset2_mosmed/processed/lung_masks/study_0264_slice_013.npy,62500,9986,671
study_0264,14,data/dataset2_mosmed/processed/images/study_0264_slice_014.npy,data/dataset2_mosmed/processed/lung_masks/study_0264_slice_014.npy,62500,10805,514
study_0264,15,data/dataset2_mosmed/processed/images/study_0264_slice_015.npy,data/dataset2_mosmed/processed/lung_masks/study_0264_slice_015.npy,28504,11748,239
study_0264,16,data/dataset2_mosmed/processed/images/study_0264_slice_016.npy,data/dataset2_mosmed/processed/lung_masks/study_0264_slice_016.npy,29233,12826,375
study_0264,17,data/dataset2_mosmed/processed/images/study_0264_slice_017.npy,data/dataset2_mosmed/processed/lung_masks/study_0264_slice_017.npy,29250,13049,403
study_0264,18,data/dataset2_mosmed/processed/images/study_0264_slice_018.npy,data/dataset2_mosmed/processed/lung_masks/study_0264_slice_018.npy,29275,13183,0
study_0264,19,data/dataset2_mosmed/processed/images/study_0264_slice_019.npy,data/dataset2_mosmed/processed/lung_masks/study_0264_slice_019.npy,29072,13102,0
study_0264,20,data/dataset2_mosmed/processed/images/study_0264_slice_020.npy,data/dataset2_mosmed/processed/lung_masks/study_0264_slice_020.npy,21928,13106,84
study_0264,21,data/dataset2_mosmed/processed/images/study_0264_slice_021.npy,data/dataset2_mosmed/processed/lung_masks/study_0264_slice_021.npy,22096,13274,0
study_0264,22,data/dataset2_mosmed/processed/images/study_0264_slice_022.npy,data/dataset2_mosmed/processed/lung_masks/study_0264_slice_022.npy,22327,13432,63
study_0264,23,data/dataset2_mosmed/processed/images/study_0264_slice_023.npy,data/dataset2_mosmed/processed/lung_masks/study_0264_slice_023.npy,22594,13669,0
study_0264,24,data/dataset2_mosmed/processed/images/study_0264_slice_024.npy,data/dataset2_mosmed/processed/lung_masks/study_0264_slice_024.npy,22811,13822,0
study_0264,25,data/dataset2_mosmed/processed/images/study_0264_slice_025.npy,data/dataset2_mosmed/processed/lung_masks/study_0264_slice_025.npy,23078,14208,146
study_0264,26,data/dataset2_mosmed/processed/images/study_0264_slice_026.npy,data/dataset2_mosmed/processed/lung_masks/study_0264_slice_026.npy,26807,18455,255
study_0264,27,data/dataset2_mosmed/processed/images/study_0264_slice_027.npy,data/dataset2_mosmed/processed/lung_masks/study_0264_slice_027.npy,27336,18275,29
study_0264,28,data/dataset2_mosmed/processed/images/study_0264_slice_028.npy,data/dataset2_mosmed/processed/lung_masks/study_0264_slice_028.npy,27722,18259,59
study_0264,29,data/dataset2_mosmed/processed/images/study_0264_slice_029.npy,data/dataset2_mosmed/processed/lung_masks/study_0264_slice_029.npy,28269,18214,74
study_0264,30,data/dataset2_mosmed/processed/images/study_0264_slice_030.npy,data/dataset2_mosmed/processed/lung_masks/study_0264_slice_030.npy,28253,17462,34
study_0264,31,data/dataset2_mosmed/processed/images/study_0264_slice_031.npy,data/dataset2_mosmed/processed/lung_masks/study_0264_slice_031.npy,28164,16963,18
study_0264,32,data/dataset2_mosmed/processed/images/study_0264_slice_032.npy,data/dataset2_mosmed/processed/lung_masks/study_0264_slice_032.npy,27920,15434,60
study_0264,33,data/dataset2_mosmed/processed/images/study_0264_slice_033.npy,data/dataset2_mosmed/processed/lung_masks/study_0264_slice_033.npy,27984,11019,127
study_0264,34,data/dataset2_mosmed/processed/images/study_0264_slice_034.npy,data/dataset2_mosmed/processed/lung_masks/study_0264_slice_034.npy,28647,9169,105
study_0264,35,data/dataset2_mosmed/processed/images/study_0264_slice_035.npy,data/dataset2_mosmed/processed/lung_masks/study_0264_slice_035.npy,29383,7034,0
study_0264,36,data/dataset2_mosmed/processed/images/study_0264_slice_036.npy,data/dataset2_mosmed/processed/lung_masks/study_0264_slice_036.npy,30114,6136,0
study_0265,5,data/dataset2_mosmed/processed/images/study_0265_slice_005.npy,data/dataset2_mosmed/processed/lung_masks/study_0265_slice_005.npy,62500,6149,0
study_0265,6,data/dataset2_mosmed/processed/images/study_0265_slice_006.npy,data/dataset2_mosmed/processed/lung_masks/study_0265_slice_006.npy,62500,6134,0
study_0265,7,data/dataset2_mosmed/processed/images/study_0265_slice_007.npy,data/dataset2_mosmed/processed/lung_masks/study_0265_slice_007.npy,62500,6395,49
study_0265,8,data/dataset2_mosmed/processed/images/study_0265_slice_008.npy,data/dataset2_mosmed/processed/lung_masks/study_0265_slice_008.npy,62500,7300,192
study_0265,9,data/dataset2_mosmed/processed/images/study_0265_slice_009.npy,data/dataset2_mosmed/processed/lung_masks/study_0265_slice_009.npy,62500,8323,670
study_0265,10,data/dataset2_mosmed/processed/images/study_0265_slice_010.npy,data/dataset2_mosmed/processed/lung_masks/study_0265_slice_010.npy,62500,9797,575
study_0265,11,data/dataset2_mosmed/processed/images/study_0265_slice_011.npy,data/dataset2_mosmed/processed/lung_masks/study_0265_slice_011.npy,62500,10652,524
study_0265,12,data/dataset2_mosmed/processed/images/study_0265_slice_012.npy,data/dataset2_mosmed/processed/lung_masks/study_0265_slice_012.npy,62500,11392,647
study_0265,13,data/dataset2_mosmed/processed/images/study_0265_slice_013.npy,data/dataset2_mosmed/processed/lung_masks/study_0265_slice_013.npy,62500,11407,626
study_0265,14,data/dataset2_mosmed/processed/images/study_0265_slice_014.npy,data/dataset2_mosmed/processed/lung_masks/study_0265_slice_014.npy,62500,13540,556
study_0265,15,data/dataset2_mosmed/processed/images/study_0265_slice_015.npy,data/dataset2_mosmed/processed/lung_masks/study_0265_slice_015.npy,62500,13339,496
study_0265,16,data/dataset2_mosmed/processed/images/study_0265_slice_016.npy,data/dataset2_mosmed/processed/lung_masks/study_0265_slice_016.npy,62500,12999,468
study_0265,17,data/dataset2_mosmed/processed/images/study_0265_slice_017.npy,data/dataset2_mosmed/processed/lung_masks/study_0265_slice_017.npy,62500,12849,577
study_0265,18,data/dataset2_mosmed/processed/images/study_0265_slice_018.npy,data/dataset2_mosmed/processed/lung_masks/study_0265_slice_018.npy,62500,12757,703
study_0265,19,data/dataset2_mosmed/processed/images/study_0265_slice_019.npy,data/dataset2_mosmed/processed/lung_masks/study_0265_slice_019.npy,62500,17263,591
study_0265,20,data/dataset2_mosmed/processed/images/study_0265_slice_020.npy,data/dataset2_mosmed/processed/lung_masks/study_0265_slice_020.npy,62500,16901,469
study_0265,21,data/dataset2_mosmed/processed/images/study_0265_slice_021.npy,data/dataset2_mosmed/processed/lung_masks/study_0265_slice_021.npy,62500,16864,667
study_0265,22,data/dataset2_mosmed/processed/images/study_0265_slice_022.npy,data/dataset2_mosmed/processed/lung_masks/study_0265_slice_022.npy,62500,17202,545
study_0265,23,data/dataset2_mosmed/processed/images/study_0265_slice_023.npy,data/dataset2_mosmed/processed/lung_masks/study_0265_slice_023.npy,37989,16917,385
study_0265,24,data/dataset2_mosmed/processed/images/study_0265_slice_024.npy,data/dataset2_mosmed/processed/lung_masks/study_0265_slice_024.npy,37839,16590,448
study_0265,25,data/dataset2_mosmed/processed/images/study_0265_slice_025.npy,data/dataset2_mosmed/processed/lung_masks/study_0265_slice_025.npy,37596,16642,115
study_0265,26,data/dataset2_mosmed/processed/images/study_0265_slice_026.npy,data/dataset2_mosmed/processed/lung_masks/study_0265_slice_026.npy,37580,16418,0
study_0265,27,data/dataset2_mosmed/processed/images/study_0265_slice_027.npy,data/dataset2_mosmed/processed/lung_masks/study_0265_slice_027.npy,37492,15954,23
study_0265,28,data/dataset2_mosmed/processed/images/study_0265_slice_028.npy,data/dataset2_mosmed/processed/lung_masks/study_0265_slice_028.npy,37396,15676,0
study_0265,29,data/dataset2_mosmed/processed/images/study_0265_slice_029.npy,data/dataset2_mosmed/processed/lung_masks/study_0265_slice_029.npy,28719,15162,7
study_0265,30,data/dataset2_mosmed/processed/images/study_0265_slice_030.npy,data/dataset2_mosmed/processed/lung_masks/study_0265_slice_030.npy,29102,14570,31
study_0265,31,data/dataset2_mosmed/processed/images/study_0265_slice_031.npy,data/dataset2_mosmed/processed/lung_masks/study_0265_slice_031.npy,29651,10228,44
study_0265,32,data/dataset2_mosmed/processed/images/study_0265_slice_032.npy,data/dataset2_mosmed/processed/lung_masks/study_0265_slice_032.npy,30287,9714,12
study_0265,33,data/dataset2_mosmed/processed/images/study_0265_slice_033.npy,data/dataset2_mosmed/processed/lung_masks/study_0265_slice_033.npy,31050,9107,0
study_0265,34,data/dataset2_mosmed/processed/images/study_0265_slice_034.npy,data/dataset2_mosmed/processed/lung_masks/study_0265_slice_034.npy,31769,8609,0
study_0266,0,data/dataset2_mosmed/processed/images/study_0266_slice_000.npy,data/dataset2_mosmed/processed/lung_masks/study_0266_slice_000.npy,62500,4095,0
study_0266,1,data/dataset2_mosmed/processed/images/study_0266_slice_001.npy,data/dataset2_mosmed/processed/lung_masks/study_0266_slice_001.npy,62500,4462,0
study_0266,2,data/dataset2_mosmed/processed/images/study_0266_slice_002.npy,data/dataset2_mosmed/processed/lung_masks/study_0266_slice_002.npy,62500,4255,26
study_0266,3,data/dataset2_mosmed/processed/images/study_0266_slice_003.npy,data/dataset2_mosmed/processed/lung_masks/study_0266_slice_003.npy,62500,3928,45
study_0266,4,data/dataset2_mosmed/processed/images/study_0266_slice_004.npy,data/dataset2_mosmed/processed/lung_masks/study_0266_slice_004.npy,62500,4351,90
study_0266,5,data/dataset2_mosmed/processed/images/study_0266_slice_005.npy,data/dataset2_mosmed/processed/lung_masks/study_0266_slice_005.npy,62500,4300,106
study_0266,6,data/dataset2_mosmed/processed/images/study_0266_slice_006.npy,data/dataset2_mosmed/processed/lung_masks/study_0266_slice_006.npy,62500,5583,48
study_0266,7,data/dataset2_mosmed/processed/images/study_0266_slice_007.npy,data/dataset2_mosmed/processed/lung_masks/study_0266_slice_007.npy,62500,6126,0
study_0266,8,data/dataset2_mosmed/processed/images/study_0266_slice_008.npy,data/dataset2_mosmed/processed/lung_masks/study_0266_slice_008.npy,62500,6321,12
study_0266,9,data/dataset2_mosmed/processed/images/study_0266_slice_009.npy,data/dataset2_mosmed/processed/lung_masks/study_0266_slice_009.npy,62500,7085,54
study_0266,10,data/dataset2_mosmed/processed/images/study_0266_slice_010.npy,data/dataset2_mosmed/processed/lung_masks/study_0266_slice_010.npy,62500,7149,57
study_0266,11,data/dataset2_mosmed/processed/images/study_0266_slice_011.npy,data/dataset2_mosmed/processed/lung_masks/study_0266_slice_011.npy,62500,7013,7
study_0266,12,data/dataset2_mosmed/processed/images/study_0266_slice_012.npy,data/dataset2_mosmed/processed/lung_masks/study_0266_slice_012.npy,62500,8514,0
study_0266,13,data/dataset2_mosmed/processed/images/study_0266_slice_013.npy,data/dataset2_mosmed/processed/lung_masks/study_0266_slice_013.npy,62500,8201,4
study_0266,14,data/dataset2_mosmed/processed/images/study_0266_slice_014.npy,data/dataset2_mosmed/processed/lung_masks/study_0266_slice_014.npy,62500,8002,0
study_0266,15,data/dataset2_mosmed/processed/images/study_0266_slice_015.npy,data/dataset2_mosmed/processed/lung_masks/study_0266_slice_015.npy,62500,7929,0
study_0266,16,data/dataset2_mosmed/processed/images/study_0266_slice_016.npy,data/dataset2_mosmed/processed/lung_masks/study_0266_slice_016.npy,62500,7909,7
study_0266,17,data/dataset2_mosmed/processed/images/study_0266_slice_017.npy,data/dataset2_mosmed/processed/lung_masks/study_0266_slice_017.npy,62500,7878,34
study_0266,18,data/dataset2_mosmed/processed/images/study_0266_slice_018.npy,data/dataset2_mosmed/processed/lung_masks/study_0266_slice_018.npy,62500,8281,20
study_0266,19,data/dataset2_mosmed/processed/images/study_0266_slice_019.npy,data/dataset2_mosmed/processed/lung_masks/study_0266_slice_019.npy,62500,9998,8
study_0266,20,data/dataset2_mosmed/processed/images/study_0266_slice_020.npy,data/dataset2_mosmed/processed/lung_masks/study_0266_slice_020.npy,62500,9758,0
study_0266,21,data/dataset2_mosmed/processed/images/study_0266_slice_021.npy,data/dataset2_mosmed/processed/lung_masks/study_0266_slice_021.npy,62500,9622,10
study_0266,22,data/dataset2_mosmed/processed/images/study_0266_slice_022.npy,data/dataset2_mosmed/processed/lung_masks/study_0266_slice_022.npy,62500,9433,0
study_0266,23,data/dataset2_mosmed/processed/images/study_0266_slice_023.npy,data/dataset2_mosmed/processed/lung_masks/study_0266_slice_023.npy,62500,9261,49
study_0266,24,data/dataset2_mosmed/processed/images/study_0266_slice_024.npy,data/dataset2_mosmed/processed/lung_masks/study_0266_slice_024.npy,62500,8778,29
study_0266,25,data/dataset2_mosmed/processed/images/study_0266_slice_025.npy,data/dataset2_mosmed/processed/lung_masks/study_0266_slice_025.npy,62500,6492,0
study_0266,26,data/dataset2_mosmed/processed/images/study_0266_slice_026.npy,data/dataset2_mosmed/processed/lung_masks/study_0266_slice_026.npy,62500,6081,0
study_0267,3,data/dataset2_mosmed/processed/images/study_0267_slice_003.npy,data/dataset2_mosmed/processed/lung_masks/study_0267_slice_003.npy,21902,8191,0
study_0267,4,data/dataset2_mosmed/processed/images/study_0267_slice_004.npy,data/dataset2_mosmed/processed/lung_masks/study_0267_slice_004.npy,24713,9321,0
study_0267,5,data/dataset2_mosmed/processed/images/study_0267_slice_005.npy,data/dataset2_mosmed/processed/lung_masks/study_0267_slice_005.npy,24629,10977,135
study_0267,6,data/dataset2_mosmed/processed/images/study_0267_slice_006.npy,data/dataset2_mosmed/processed/lung_masks/study_0267_slice_006.npy,25308,12060,0
study_0267,7,data/dataset2_mosmed/processed/images/study_0267_slice_007.npy,data/dataset2_mosmed/processed/lung_masks/study_0267_slice_007.npy,28759,12053,178
study_0267,8,data/dataset2_mosmed/processed/images/study_0267_slice_008.npy,data/dataset2_mosmed/processed/lung_masks/study_0267_slice_008.npy,31678,17893,0
study_0267,9,data/dataset2_mosmed/processed/images/study_0267_slice_009.npy,data/dataset2_mosmed/processed/lung_masks/study_0267_slice_009.npy,36960,21390,0
study_0267,10,data/dataset2_mosmed/processed/images/study_0267_slice_010.npy,data/dataset2_mosmed/processed/lung_masks/study_0267_slice_010.npy,37579,22019,0
study_0267,11,data/dataset2_mosmed/processed/images/study_0267_slice_011.npy,data/dataset2_mosmed/processed/lung_masks/study_0267_slice_011.npy,38140,22445,108
study_0267,12,data/dataset2_mosmed/processed/images/study_0267_slice_012.npy,data/dataset2_mosmed/processed/lung_masks/study_0267_slice_012.npy,32701,16641,183
study_0267,13,data/dataset2_mosmed/processed/images/study_0267_slice_013.npy,data/dataset2_mosmed/processed/lung_masks/study_0267_slice_013.npy,32395,16373,173
study_0267,14,data/dataset2_mosmed/processed/images/study_0267_slice_014.npy,data/dataset2_mosmed/processed/lung_masks/study_0267_slice_014.npy,25346,16620,210
study_0267,15,data/dataset2_mosmed/processed/images/study_0267_slice_015.npy,data/dataset2_mosmed/processed/lung_masks/study_0267_slice_015.npy,24912,16457,130
study_0267,16,data/dataset2_mosmed/processed/images/study_0267_slice_016.npy,data/dataset2_mosmed/processed/lung_masks/study_0267_slice_016.npy,24783,16045,66
study_0267,17,data/dataset2_mosmed/processed/images/study_0267_slice_017.npy,data/dataset2_mosmed/processed/lung_masks/study_0267_slice_017.npy,24802,16246,191
study_0267,18,data/dataset2_mosmed/processed/images/study_0267_slice_018.npy,data/dataset2_mosmed/processed/lung_masks/study_0267_slice_018.npy,24667,15957,23
study_0267,19,data/dataset2_mosmed/processed/images/study_0267_slice_019.npy,data/dataset2_mosmed/processed/lung_masks/study_0267_slice_019.npy,24346,15819,47
study_0267,20,data/dataset2_mosmed/processed/images/study_0267_slice_020.npy,data/dataset2_mosmed/processed/lung_masks/study_0267_slice_020.npy,24157,15950,174
study_0267,21,data/dataset2_mosmed/processed/images/study_0267_slice_021.npy,data/dataset2_mosmed/processed/lung_masks/study_0267_slice_021.npy,30565,15859,0
study_0267,22,data/dataset2_mosmed/processed/images/study_0267_slice_022.npy,data/dataset2_mosmed/processed/lung_masks/study_0267_slice_022.npy,24705,15493,102
study_0267,23,data/dataset2_mosmed/processed/images/study_0267_slice_023.npy,data/dataset2_mosmed/processed/lung_masks/study_0267_slice_023.npy,25194,15408,89
study_0267,24,data/dataset2_mosmed/processed/images/study_0267_slice_024.npy,data/dataset2_mosmed/processed/lung_masks/study_0267_slice_024.npy,25742,14941,0
study_0267,25,data/dataset2_mosmed/processed/images/study_0267_slice_025.npy,data/dataset2_mosmed/processed/lung_masks/study_0267_slice_025.npy,26202,14687,0
study_0267,30,data/dataset2_mosmed/processed/images/study_0267_slice_030.npy,data/dataset2_mosmed/processed/lung_masks/study_0267_slice_030.npy,29505,10319,0
study_0267,31,data/dataset2_mosmed/processed/images/study_0267_slice_031.npy,data/dataset2_mosmed/processed/lung_masks/study_0267_slice_031.npy,30204,10714,0
study_0267,32,data/dataset2_mosmed/processed/images/study_0267_slice_032.npy,data/dataset2_mosmed/processed/lung_masks/study_0267_slice_032.npy,30851,9932,120
study_0267,33,data/dataset2_mosmed/processed/images/study_0267_slice_033.npy,data/dataset2_mosmed/processed/lung_masks/study_0267_slice_033.npy,31190,8771,0
study_0267,34,data/dataset2_mosmed/processed/images/study_0267_slice_034.npy,data/dataset2_mosmed/processed/lung_masks/study_0267_slice_034.npy,31747,5598,0
study_0268,4,data/dataset2_mosmed/processed/images/study_0268_slice_004.npy,data/dataset2_mosmed/processed/lung_masks/study_0268_slice_004.npy,24641,5024,0
study_0268,5,data/dataset2_mosmed/processed/images/study_0268_slice_005.npy,data/dataset2_mosmed/processed/lung_masks/study_0268_slice_005.npy,25312,5508,0
study_0268,6,data/dataset2_mosmed/processed/images/study_0268_slice_006.npy,data/dataset2_mosmed/processed/lung_masks/study_0268_slice_006.npy,25864,6241,185
study_0268,7,data/dataset2_mosmed/processed/images/study_0268_slice_007.npy,data/dataset2_mosmed/processed/lung_masks/study_0268_slice_007.npy,62488,7115,205
study_0268,8,data/dataset2_mosmed/processed/images/study_0268_slice_008.npy,data/dataset2_mosmed/processed/lung_masks/study_0268_slice_008.npy,62488,8115,137
study_0268,9,data/dataset2_mosmed/processed/images/study_0268_slice_009.npy,data/dataset2_mosmed/processed/lung_masks/study_0268_slice_009.npy,62487,8531,71
study_0268,10,data/dataset2_mosmed/processed/images/study_0268_slice_010.npy,data/dataset2_mosmed/processed/lung_masks/study_0268_slice_010.npy,62487,8662,67
study_0268,11,data/dataset2_mosmed/processed/images/study_0268_slice_011.npy,data/dataset2_mosmed/processed/lung_masks/study_0268_slice_011.npy,62487,10573,194
study_0268,12,data/dataset2_mosmed/processed/images/study_0268_slice_012.npy,data/dataset2_mosmed/processed/lung_masks/study_0268_slice_012.npy,62487,12885,298
study_0268,13,data/dataset2_mosmed/processed/images/study_0268_slice_013.npy,data/dataset2_mosmed/processed/lung_masks/study_0268_slice_013.npy,62487,14135,390
study_0268,14,data/dataset2_mosmed/processed/images/study_0268_slice_014.npy,data/dataset2_mosmed/processed/lung_masks/study_0268_slice_014.npy,62488,13617,456
study_0268,15,data/dataset2_mosmed/processed/images/study_0268_slice_015.npy,data/dataset2_mosmed/processed/lung_masks/study_0268_slice_015.npy,33754,13565,519
study_0268,16,data/dataset2_mosmed/processed/images/study_0268_slice_016.npy,data/dataset2_mosmed/processed/lung_masks/study_0268_slice_016.npy,35147,16513,379
study_0268,17,data/dataset2_mosmed/processed/images/study_0268_slice_017.npy,data/dataset2_mosmed/processed/lung_masks/study_0268_slice_017.npy,34971,16697,228
study_0268,18,data/dataset2_mosmed/processed/images/study_0268_slice_018.npy,data/dataset2_mosmed/processed/lung_masks/study_0268_slice_018.npy,34777,16152,169
study_0268,19,data/dataset2_mosmed/processed/images/study_0268_slice_019.npy,data/dataset2_mosmed/processed/lung_masks/study_0268_slice_019.npy,34572,16211,292
study_0268,20,data/dataset2_mosmed/processed/images/study_0268_slice_020.npy,data/dataset2_mosmed/processed/lung_masks/study_0268_slice_020.npy,34195,16052,244
study_0268,21,data/dataset2_mosmed/processed/images/study_0268_slice_021.npy,data/dataset2_mosmed/processed/lung_masks/study_0268_slice_021.npy,33819,15183,0
study_0268,22,data/dataset2_mosmed/processed/images/study_0268_slice_022.npy,data/dataset2_mosmed/processed/lung_masks/study_0268_slice_022.npy,33710,15444,143
study_0268,23,data/dataset2_mosmed/processed/images/study_0268_slice_023.npy,data/dataset2_mosmed/processed/lung_masks/study_0268_slice_023.npy,25357,14596,253
study_0268,24,data/dataset2_mosmed/processed/images/study_0268_slice_024.npy,data/dataset2_mosmed/processed/lung_masks/study_0268_slice_024.npy,25543,14238,141
study_0268,25,data/dataset2_mosmed/processed/images/study_0268_slice_025.npy,data/dataset2_mosmed/processed/lung_masks/study_0268_slice_025.npy,25908,14325,63
study_0268,26,data/dataset2_mosmed/processed/images/study_0268_slice_026.npy,data/dataset2_mosmed/processed/lung_masks/study_0268_slice_026.npy,27341,14115,0
study_0268,27,data/dataset2_mosmed/processed/images/study_0268_slice_027.npy,data/dataset2_mosmed/processed/lung_masks/study_0268_slice_027.npy,27302,13762,0
study_0269,12,data/dataset2_mosmed/processed/images/study_0269_slice_012.npy,data/dataset2_mosmed/processed/lung_masks/study_0269_slice_012.npy,27525,7045,0
study_0269,13,data/dataset2_mosmed/processed/images/study_0269_slice_013.npy,data/dataset2_mosmed/processed/lung_masks/study_0269_slice_013.npy,28409,9149,0
study_0269,14,data/dataset2_mosmed/processed/images/study_0269_slice_014.npy,data/dataset2_mosmed/processed/lung_masks/study_0269_slice_014.npy,34373,11554,102
study_0269,15,data/dataset2_mosmed/processed/images/study_0269_slice_015.npy,data/dataset2_mosmed/processed/lung_masks/study_0269_slice_015.npy,37749,14961,396
study_0269,16,data/dataset2_mosmed/processed/images/study_0269_slice_016.npy,data/dataset2_mosmed/processed/lung_masks/study_0269_slice_016.npy,31374,15577,411
study_0269,17,data/dataset2_mosmed/processed/images/study_0269_slice_017.npy,data/dataset2_mosmed/processed/lung_masks/study_0269_slice_017.npy,32204,16167,1016
study_0269,18,data/dataset2_mosmed/processed/images/study_0269_slice_018.npy,data/dataset2_mosmed/processed/lung_masks/study_0269_slice_018.npy,32207,15933,1488
study_0269,19,data/dataset2_mosmed/processed/images/study_0269_slice_019.npy,data/dataset2_mosmed/processed/lung_masks/study_0269_slice_019.npy,32209,15731,1005
study_0269,20,data/dataset2_mosmed/processed/images/study_0269_slice_020.npy,data/dataset2_mosmed/processed/lung_masks/study_0269_slice_020.npy,24417,15550,1023
study_0269,21,data/dataset2_mosmed/processed/images/study_0269_slice_021.npy,data/dataset2_mosmed/processed/lung_masks/study_0269_slice_021.npy,24920,16522,422
study_0269,22,data/dataset2_mosmed/processed/images/study_0269_slice_022.npy,data/dataset2_mosmed/processed/lung_masks/study_0269_slice_022.npy,25164,15748,378
study_0269,23,data/dataset2_mosmed/processed/images/study_0269_slice_023.npy,data/dataset2_mosmed/processed/lung_masks/study_0269_slice_023.npy,25358,15639,270
study_0269,24,data/dataset2_mosmed/processed/images/study_0269_slice_024.npy,data/dataset2_mosmed/processed/lung_masks/study_0269_slice_024.npy,25596,15933,200
study_0269,25,data/dataset2_mosmed/processed/images/study_0269_slice_025.npy,data/dataset2_mosmed/processed/lung_masks/study_0269_slice_025.npy,31754,18867,108
study_0269,26,data/dataset2_mosmed/processed/images/study_0269_slice_026.npy,data/dataset2_mosmed/processed/lung_masks/study_0269_slice_026.npy,31468,15341,82
study_0269,27,data/dataset2_mosmed/processed/images/study_0269_slice_027.npy,data/dataset2_mosmed/processed/lung_masks/study_0269_slice_027.npy,31426,15936,47
study_0269,28,data/dataset2_mosmed/processed/images/study_0269_slice_028.npy,data/dataset2_mosmed/processed/lung_masks/study_0269_slice_028.npy,31304,16774,199
study_0269,29,data/dataset2_mosmed/processed/images/study_0269_slice_029.npy,data/dataset2_mosmed/processed/lung_masks/study_0269_slice_029.npy,27483,14034,0
study_0269,30,data/dataset2_mosmed/processed/images/study_0269_slice_030.npy,data/dataset2_mosmed/processed/lung_masks/study_0269_slice_030.npy,27875,13007,79
study_0269,31,data/dataset2_mosmed/processed/images/study_0269_slice_031.npy,data/dataset2_mosmed/processed/lung_masks/study_0269_slice_031.npy,28171,11904,28
study_0269,32,data/dataset2_mosmed/processed/images/study_0269_slice_032.npy,data/dataset2_mosmed/processed/lung_masks/study_0269_slice_032.npy,28596,10644,0
study_0269,33,data/dataset2_mosmed/processed/images/study_0269_slice_033.npy,data/dataset2_mosmed/processed/lung_masks/study_0269_slice_033.npy,28939,9048,0
study_0270,2,data/dataset2_mosmed/processed/images/study_0270_slice_002.npy,data/dataset2_mosmed/processed/lung_masks/study_0270_slice_002.npy,62458,3043,0
study_0270,3,data/dataset2_mosmed/processed/images/study_0270_slice_003.npy,data/dataset2_mosmed/processed/lung_masks/study_0270_slice_003.npy,62450,4006,0
study_0270,4,data/dataset2_mosmed/processed/images/study_0270_slice_004.npy,data/dataset2_mosmed/processed/lung_masks/study_0270_slice_004.npy,62442,4547,84
study_0270,5,data/dataset2_mosmed/processed/images/study_0270_slice_005.npy,data/dataset2_mosmed/processed/lung_masks/study_0270_slice_005.npy,62432,4774,326
study_0270,6,data/dataset2_mosmed/processed/images/study_0270_slice_006.npy,data/dataset2_mosmed/processed/lung_masks/study_0270_slice_006.npy,62426,4608,365
study_0270,7,data/dataset2_mosmed/processed/images/study_0270_slice_007.npy,data/dataset2_mosmed/processed/lung_masks/study_0270_slice_007.npy,62432,7001,350
study_0270,8,data/dataset2_mosmed/processed/images/study_0270_slice_008.npy,data/dataset2_mosmed/processed/lung_masks/study_0270_slice_008.npy,62432,8307,315
study_0270,9,data/dataset2_mosmed/processed/images/study_0270_slice_009.npy,data/dataset2_mosmed/processed/lung_masks/study_0270_slice_009.npy,62434,10132,295
study_0270,10,data/dataset2_mosmed/processed/images/study_0270_slice_010.npy,data/dataset2_mosmed/processed/lung_masks/study_0270_slice_010.npy,62432,11203,227
study_0270,11,data/dataset2_mosmed/processed/images/study_0270_slice_011.npy,data/dataset2_mosmed/processed/lung_masks/study_0270_slice_011.npy,62432,11440,320
study_0270,12,data/dataset2_mosmed/processed/images/study_0270_slice_012.npy,data/dataset2_mosmed/processed/lung_masks/study_0270_slice_012.npy,62430,11930,578
study_0270,13,data/dataset2_mosmed/processed/images/study_0270_slice_013.npy,data/dataset2_mosmed/processed/lung_masks/study_0270_slice_013.npy,62435,12509,774
study_0270,14,data/dataset2_mosmed/processed/images/study_0270_slice_014.npy,data/dataset2_mosmed/processed/lung_masks/study_0270_slice_014.npy,62448,11194,883
study_0270,15,data/dataset2_mosmed/processed/images/study_0270_slice_015.npy,data/dataset2_mosmed/processed/lung_masks/study_0270_slice_015.npy,62446,11712,950
study_0270,16,data/dataset2_mosmed/processed/images/study_0270_slice_016.npy,data/dataset2_mosmed/processed/lung_masks/study_0270_slice_016.npy,62444,12901,748
study_0270,17,data/dataset2_mosmed/processed/images/study_0270_slice_017.npy,data/dataset2_mosmed/processed/lung_masks/study_0270_slice_017.npy,62444,13961,315
study_0270,18,data/dataset2_mosmed/processed/images/study_0270_slice_018.npy,data/dataset2_mosmed/processed/lung_masks/study_0270_slice_018.npy,62444,14093,288
study_0270,19,data/dataset2_mosmed/processed/images/study_0270_slice_019.npy,data/dataset2_mosmed/processed/lung_masks/study_0270_slice_019.npy,62446,13387,319
study_0270,20,data/dataset2_mosmed/processed/images/study_0270_slice_020.npy,data/dataset2_mosmed/processed/lung_masks/study_0270_slice_020.npy,47682,13781,407
study_0270,21,data/dataset2_mosmed/processed/images/study_0270_slice_021.npy,data/dataset2_mosmed/processed/lung_masks/study_0270_slice_021.npy,47834,14215,166
study_0270,22,data/dataset2_mosmed/processed/images/study_0270_slice_022.npy,data/dataset2_mosmed/processed/lung_masks/study_0270_slice_022.npy,48204,19356,92
study_0270,23,data/dataset2_mosmed/processed/images/study_0270_slice_023.npy,data/dataset2_mosmed/processed/lung_masks/study_0270_slice_023.npy,48018,20139,0
study_0270,24,data/dataset2_mosmed/processed/images/study_0270_slice_024.npy,data/dataset2_mosmed/processed/lung_masks/study_0270_slice_024.npy,48094,18733,0
study_0271,11,data/dataset2_mosmed/processed/images/study_0271_slice_011.npy,data/dataset2_mosmed/processed/lung_masks/study_0271_slice_011.npy,26973,20441,0
study_0271,12,data/dataset2_mosmed/processed/images/study_0271_slice_012.npy,data/dataset2_mosmed/processed/lung_masks/study_0271_slice_012.npy,27286,21837,0
study_0271,13,data/dataset2_mosmed/processed/images/study_0271_slice_013.npy,data/dataset2_mosmed/processed/lung_masks/study_0271_slice_013.npy,27366,22024,321
study_0271,14,data/dataset2_mosmed/processed/images/study_0271_slice_014.npy,data/dataset2_mosmed/processed/lung_masks/study_0271_slice_014.npy,27477,22291,112
study_0271,15,data/dataset2_mosmed/processed/images/study_0271_slice_015.npy,data/dataset2_mosmed/processed/lung_masks/study_0271_slice_015.npy,27297,22036,0
study_0271,16,data/dataset2_mosmed/processed/images/study_0271_slice_016.npy,data/dataset2_mosmed/processed/lung_masks/study_0271_slice_016.npy,26971,16039,0
study_0271,17,data/dataset2_mosmed/processed/images/study_0271_slice_017.npy,data/dataset2_mosmed/processed/lung_masks/study_0271_slice_017.npy,26650,15890,0
study_0271,18,data/dataset2_mosmed/processed/images/study_0271_slice_018.npy,data/dataset2_mosmed/processed/lung_masks/study_0271_slice_018.npy,26506,15766,0
study_0271,19,data/dataset2_mosmed/processed/images/study_0271_slice_019.npy,data/dataset2_mosmed/processed/lung_masks/study_0271_slice_019.npy,26195,20872,22
study_0271,20,data/dataset2_mosmed/processed/images/study_0271_slice_020.npy,data/dataset2_mosmed/processed/lung_masks/study_0271_slice_020.npy,26131,15178,85
study_0271,21,data/dataset2_mosmed/processed/images/study_0271_slice_021.npy,data/dataset2_mosmed/processed/lung_masks/study_0271_slice_021.npy,25843,14724,198
study_0271,22,data/dataset2_mosmed/processed/images/study_0271_slice_022.npy,data/dataset2_mosmed/processed/lung_masks/study_0271_slice_022.npy,28202,20191,231
study_0271,23,data/dataset2_mosmed/processed/images/study_0271_slice_023.npy,data/dataset2_mosmed/processed/lung_masks/study_0271_slice_023.npy,27745,19884,232
study_0271,24,data/dataset2_mosmed/processed/images/study_0271_slice_024.npy,data/dataset2_mosmed/processed/lung_masks/study_0271_slice_024.npy,24896,19728,206
study_0271,25,data/dataset2_mosmed/processed/images/study_0271_slice_025.npy,data/dataset2_mosmed/processed/lung_masks/study_0271_slice_025.npy,24455,19216,17
study_0271,26,data/dataset2_mosmed/processed/images/study_0271_slice_026.npy,data/dataset2_mosmed/processed/lung_masks/study_0271_slice_026.npy,24001,18834,18
study_0271,27,data/dataset2_mosmed/processed/images/study_0271_slice_027.npy,data/dataset2_mosmed/processed/lung_masks/study_0271_slice_027.npy,23366,18096,0
study_0271,28,data/dataset2_mosmed/processed/images/study_0271_slice_028.npy,data/dataset2_mosmed/processed/lung_masks/study_0271_slice_028.npy,24204,18893,0
study_0272,10,data/dataset2_mosmed/processed/images/study_0272_slice_010.npy,data/dataset2_mosmed/processed/lung_masks/study_0272_slice_010.npy,62500,10649,0
study_0272,11,data/dataset2_mosmed/processed/images/study_0272_slice_011.npy,data/dataset2_mosmed/processed/lung_masks/study_0272_slice_011.npy,62500,10969,0
study_0272,12,data/dataset2_mosmed/processed/images/study_0272_slice_012.npy,data/dataset2_mosmed/processed/lung_masks/study_0272_slice_012.npy,62500,10693,20
study_0272,13,data/dataset2_mosmed/processed/images/study_0272_slice_013.npy,data/dataset2_mosmed/processed/lung_masks/study_0272_slice_013.npy,62500,11334,7
study_0272,14,data/dataset2_mosmed/processed/images/study_0272_slice_014.npy,data/dataset2_mosmed/processed/lung_masks/study_0272_slice_014.npy,62500,10896,0
study_0272,15,data/dataset2_mosmed/processed/images/study_0272_slice_015.npy,data/dataset2_mosmed/processed/lung_masks/study_0272_slice_015.npy,62500,11047,0
study_0272,16,data/dataset2_mosmed/processed/images/study_0272_slice_016.npy,data/dataset2_mosmed/processed/lung_masks/study_0272_slice_016.npy,62500,10712,84
study_0272,17,data/dataset2_mosmed/processed/images/study_0272_slice_017.npy,data/dataset2_mosmed/processed/lung_masks/study_0272_slice_017.npy,62500,10580,194
study_0272,18,data/dataset2_mosmed/processed/images/study_0272_slice_018.npy,data/dataset2_mosmed/processed/lung_masks/study_0272_slice_018.npy,62500,11072,310
study_0272,19,data/dataset2_mosmed/processed/images/study_0272_slice_019.npy,data/dataset2_mosmed/processed/lung_masks/study_0272_slice_019.npy,62500,13573,246
study_0272,20,data/dataset2_mosmed/processed/images/study_0272_slice_020.npy,data/dataset2_mosmed/processed/lung_masks/study_0272_slice_020.npy,62500,13429,12
study_0272,21,data/dataset2_mosmed/processed/images/study_0272_slice_021.npy,data/dataset2_mosmed/processed/lung_masks/study_0272_slice_021.npy,62500,12800,0
study_0272,22,data/dataset2_mosmed/processed/images/study_0272_slice_022.npy,data/dataset2_mosmed/processed/lung_masks/study_0272_slice_022.npy,62500,12386,0
study_0273,12,data/dataset2_mosmed/processed/images/study_0273_slice_012.npy,data/dataset2_mosmed/processed/lung_masks/study_0273_slice_012.npy,62500,9941,0
study_0273,13,data/dataset2_mosmed/processed/images/study_0273_slice_013.npy,data/dataset2_mosmed/processed/lung_masks/study_0273_slice_013.npy,62500,10349,0
study_0273,14,data/dataset2_mosmed/processed/images/study_0273_slice_014.npy,data/dataset2_mosmed/processed/lung_masks/study_0273_slice_014.npy,62500,12028,163
study_0273,15,data/dataset2_mosmed/processed/images/study_0273_slice_015.npy,data/dataset2_mosmed/processed/lung_masks/study_0273_slice_015.npy,62500,13427,205
study_0273,16,data/dataset2_mosmed/processed/images/study_0273_slice_016.npy,data/dataset2_mosmed/processed/lung_masks/study_0273_slice_016.npy,62500,13260,421
study_0273,17,data/dataset2_mosmed/processed/images/study_0273_slice_017.npy,data/dataset2_mosmed/processed/lung_masks/study_0273_slice_017.npy,62500,13031,637
study_0273,18,data/dataset2_mosmed/processed/images/study_0273_slice_018.npy,data/dataset2_mosmed/processed/lung_masks/study_0273_slice_018.npy,62500,13406,584
study_0273,19,data/dataset2_mosmed/processed/images/study_0273_slice_019.npy,data/dataset2_mosmed/processed/lung_masks/study_0273_slice_019.npy,62500,13289,609
study_0273,20,data/dataset2_mosmed/processed/images/study_0273_slice_020.npy,data/dataset2_mosmed/processed/lung_masks/study_0273_slice_020.npy,62500,20675,460
study_0273,21,data/dataset2_mosmed/processed/images/study_0273_slice_021.npy,data/dataset2_mosmed/processed/lung_masks/study_0273_slice_021.npy,62500,13236,310
study_0273,22,data/dataset2_mosmed/processed/images/study_0273_slice_022.npy,data/dataset2_mosmed/processed/lung_masks/study_0273_slice_022.npy,62500,13273,453
study_0273,23,data/dataset2_mosmed/processed/images/study_0273_slice_023.npy,data/dataset2_mosmed/processed/lung_masks/study_0273_slice_023.npy,62500,17655,491
study_0273,24,data/dataset2_mosmed/processed/images/study_0273_slice_024.npy,data/dataset2_mosmed/processed/lung_masks/study_0273_slice_024.npy,62500,17762,338
study_0273,25,data/dataset2_mosmed/processed/images/study_0273_slice_025.npy,data/dataset2_mosmed/processed/lung_masks/study_0273_slice_025.npy,62500,17534,164
study_0273,26,data/dataset2_mosmed/processed/images/study_0273_slice_026.npy,data/dataset2_mosmed/processed/lung_masks/study_0273_slice_026.npy,62500,17025,169
study_0273,27,data/dataset2_mosmed/processed/images/study_0273_slice_027.npy,data/dataset2_mosmed/processed/lung_masks/study_0273_slice_027.npy,62500,16386,38
study_0273,28,data/dataset2_mosmed/processed/images/study_0273_slice_028.npy,data/dataset2_mosmed/processed/lung_masks/study_0273_slice_028.npy,62500,14766,0
study_0273,29,data/dataset2_mosmed/processed/images/study_0273_slice_029.npy,data/dataset2_mosmed/processed/lung_masks/study_0273_slice_029.npy,62500,12197,0
study_0274,5,data/dataset2_mosmed/processed/images/study_0274_slice_005.npy,data/dataset2_mosmed/processed/lung_masks/study_0274_slice_005.npy,62500,2307,0
study_0274,6,data/dataset2_mosmed/processed/images/study_0274_slice_006.npy,data/dataset2_mosmed/processed/lung_masks/study_0274_slice_006.npy,62500,3039,0
study_0274,7,data/dataset2_mosmed/processed/images/study_0274_slice_007.npy,data/dataset2_mosmed/processed/lung_masks/study_0274_slice_007.npy,62500,5008,260
study_0274,8,data/dataset2_mosmed/processed/images/study_0274_slice_008.npy,data/dataset2_mosmed/processed/lung_masks/study_0274_slice_008.npy,62500,7057,475
study_0274,9,data/dataset2_mosmed/processed/images/study_0274_slice_009.npy,data/dataset2_mosmed/processed/lung_masks/study_0274_slice_009.npy,62500,9976,850
study_0274,10,data/dataset2_mosmed/processed/images/study_0274_slice_010.npy,data/dataset2_mosmed/processed/lung_masks/study_0274_slice_010.npy,62500,11632,822
study_0274,11,data/dataset2_mosmed/processed/images/study_0274_slice_011.npy,data/dataset2_mosmed/processed/lung_masks/study_0274_slice_011.npy,62500,12676,771
study_0274,12,data/dataset2_mosmed/processed/images/study_0274_slice_012.npy,data/dataset2_mosmed/processed/lung_masks/study_0274_slice_012.npy,62500,17214,542
study_0274,13,data/dataset2_mosmed/processed/images/study_0274_slice_013.npy,data/dataset2_mosmed/processed/lung_masks/study_0274_slice_013.npy,62500,16465,194
study_0274,14,data/dataset2_mosmed/processed/images/study_0274_slice_014.npy,data/dataset2_mosmed/processed/lung_masks/study_0274_slice_014.npy,35077,16108,174
study_0274,15,data/dataset2_mosmed/processed/images/study_0274_slice_015.npy,data/dataset2_mosmed/processed/lung_masks/study_0274_slice_015.npy,34392,17107,108
study_0274,16,data/dataset2_mosmed/processed/images/study_0274_slice_016.npy,data/dataset2_mosmed/processed/lung_masks/study_0274_slice_016.npy,33590,16892,153
study_0274,17,data/dataset2_mosmed/processed/images/study_0274_slice_017.npy,data/dataset2_mosmed/processed/lung_masks/study_0274_slice_017.npy,32961,16293,318
study_0274,18,data/dataset2_mosmed/processed/images/study_0274_slice_018.npy,data/dataset2_mosmed/processed/lung_masks/study_0274_slice_018.npy,32391,17171,84
study_0274,19,data/dataset2_mosmed/processed/images/study_0274_slice_019.npy,data/dataset2_mosmed/processed/lung_masks/study_0274_slice_019.npy,31945,17559,0
study_0274,20,data/dataset2_mosmed/processed/images/study_0274_slice_020.npy,data/dataset2_mosmed/processed/lung_masks/study_0274_slice_020.npy,27879,18652,272
study_0274,21,data/dataset2_mosmed/processed/images/study_0274_slice_021.npy,data/dataset2_mosmed/processed/lung_masks/study_0274_slice_021.npy,28300,19291,229
study_0274,22,data/dataset2_mosmed/processed/images/study_0274_slice_022.npy,data/dataset2_mosmed/processed/lung_masks/study_0274_slice_022.npy,28580,19473,207
study_0274,23,data/dataset2_mosmed/processed/images/study_0274_slice_023.npy,data/dataset2_mosmed/processed/lung_masks/study_0274_slice_023.npy,28247,18324,0
study_0274,24,data/dataset2_mosmed/processed/images/study_0274_slice_024.npy,data/dataset2_mosmed/processed/lung_masks/study_0274_slice_024.npy,28335,18005,0
study_0274,25,data/dataset2_mosmed/processed/images/study_0274_slice_025.npy,data/dataset2_mosmed/processed/lung_masks/study_0274_slice_025.npy,28378,17649,0
study_0274,26,data/dataset2_mosmed/processed/images/study_0274_slice_026.npy,data/dataset2_mosmed/processed/lung_masks/study_0274_slice_026.npy,28374,16458,151
study_0274,27,data/dataset2_mosmed/processed/images/study_0274_slice_027.npy,data/dataset2_mosmed/processed/lung_masks/study_0274_slice_027.npy,28214,16698,235
study_0274,28,data/dataset2_mosmed/processed/images/study_0274_slice_028.npy,data/dataset2_mosmed/processed/lung_masks/study_0274_slice_028.npy,28064,15886,80
study_0274,29,data/dataset2_mosmed/processed/images/study_0274_slice_029.npy,data/dataset2_mosmed/processed/lung_masks/study_0274_slice_029.npy,24511,13915,40
study_0274,30,data/dataset2_mosmed/processed/images/study_0274_slice_030.npy,data/dataset2_mosmed/processed/lung_masks/study_0274_slice_030.npy,25934,12454,123
study_0274,31,data/dataset2_mosmed/processed/images/study_0274_slice_031.npy,data/dataset2_mosmed/processed/lung_masks/study_0274_slice_031.npy,26833,11250,129
study_0274,32,data/dataset2_mosmed/processed/images/study_0274_slice_032.npy,data/dataset2_mosmed/processed/lung_masks/study_0274_slice_032.npy,27979,9667,136
study_0274,33,data/dataset2_mosmed/processed/images/study_0274_slice_033.npy,data/dataset2_mosmed/processed/lung_masks/study_0274_slice_033.npy,29227,7934,273
study_0274,34,data/dataset2_mosmed/processed/images/study_0274_slice_034.npy,data/dataset2_mosmed/processed/lung_masks/study_0274_slice_034.npy,30637,6470,153
study_0274,35,data/dataset2_mosmed/processed/images/study_0274_slice_035.npy,data/dataset2_mosmed/processed/lung_masks/study_0274_slice_035.npy,32150,4939,46
study_0274,36,data/dataset2_mosmed/processed/images/study_0274_slice_036.npy,data/dataset2_mosmed/processed/lung_masks/study_0274_slice_036.npy,33729,3541,0
study_0274,37,data/dataset2_mosmed/processed/images/study_0274_slice_037.npy,data/dataset2_mosmed/processed/lung_masks/study_0274_slice_037.npy,35349,1981,0
study_0275,6,data/dataset2_mosmed/processed/images/study_0275_slice_006.npy,data/dataset2_mosmed/processed/lung_masks/study_0275_slice_006.npy,62500,9378,0
study_0275,7,data/dataset2_mosmed/processed/images/study_0275_slice_007.npy,data/dataset2_mosmed/processed/lung_masks/study_0275_slice_007.npy,62500,13701,0
study_0275,8,data/dataset2_mosmed/processed/images/study_0275_slice_008.npy,data/dataset2_mosmed/processed/lung_masks/study_0275_slice_008.npy,62500,14653,11
study_0275,9,data/dataset2_mosmed/processed/images/study_0275_slice_009.npy,data/dataset2_mosmed/processed/lung_masks/study_0275_slice_009.npy,62500,17324,0
study_0275,10,data/dataset2_mosmed/processed/images/study_0275_slice_010.npy,data/dataset2_mosmed/processed/lung_masks/study_0275_slice_010.npy,62500,19417,106
study_0275,11,data/dataset2_mosmed/processed/images/study_0275_slice_011.npy,data/dataset2_mosmed/processed/lung_masks/study_0275_slice_011.npy,62500,20466,101
study_0275,12,data/dataset2_mosmed/processed/images/study_0275_slice_012.npy,data/dataset2_mosmed/processed/lung_masks/study_0275_slice_012.npy,42659,20885,0
study_0275,13,data/dataset2_mosmed/processed/images/study_0275_slice_013.npy,data/dataset2_mosmed/processed/lung_masks/study_0275_slice_013.npy,43844,16186,9
study_0275,14,data/dataset2_mosmed/processed/images/study_0275_slice_014.npy,data/dataset2_mosmed/processed/lung_masks/study_0275_slice_014.npy,44231,19767,0
study_0275,15,data/dataset2_mosmed/processed/images/study_0275_slice_015.npy,data/dataset2_mosmed/processed/lung_masks/study_0275_slice_015.npy,43945,22908,99
study_0275,16,data/dataset2_mosmed/processed/images/study_0275_slice_016.npy,data/dataset2_mosmed/processed/lung_masks/study_0275_slice_016.npy,43701,17235,63
study_0275,17,data/dataset2_mosmed/processed/images/study_0275_slice_017.npy,data/dataset2_mosmed/processed/lung_masks/study_0275_slice_017.npy,43425,24286,73
study_0275,18,data/dataset2_mosmed/processed/images/study_0275_slice_018.npy,data/dataset2_mosmed/processed/lung_masks/study_0275_slice_018.npy,43382,22635,14
study_0275,19,data/dataset2_mosmed/processed/images/study_0275_slice_019.npy,data/dataset2_mosmed/processed/lung_masks/study_0275_slice_019.npy,43386,23083,36
study_0275,20,data/dataset2_mosmed/processed/images/study_0275_slice_020.npy,data/dataset2_mosmed/processed/lung_masks/study_0275_slice_020.npy,43454,23603,114
study_0275,21,data/dataset2_mosmed/processed/images/study_0275_slice_021.npy,data/dataset2_mosmed/processed/lung_masks/study_0275_slice_021.npy,43658,24544,37
study_0275,22,data/dataset2_mosmed/processed/images/study_0275_slice_022.npy,data/dataset2_mosmed/processed/lung_masks/study_0275_slice_022.npy,34963,28305,53
study_0275,23,data/dataset2_mosmed/processed/images/study_0275_slice_023.npy,data/dataset2_mosmed/processed/lung_masks/study_0275_slice_023.npy,34648,20989,175
study_0275,24,data/dataset2_mosmed/processed/images/study_0275_slice_024.npy,data/dataset2_mosmed/processed/lung_masks/study_0275_slice_024.npy,34238,23242,303
study_0275,25,data/dataset2_mosmed/processed/images/study_0275_slice_025.npy,data/dataset2_mosmed/processed/lung_masks/study_0275_slice_025.npy,33570,22599,92
study_0275,26,data/dataset2_mosmed/processed/images/study_0275_slice_026.npy,data/dataset2_mosmed/processed/lung_masks/study_0275_slice_026.npy,32885,23398,172
study_0275,27,data/dataset2_mosmed/processed/images/study_0275_slice_027.npy,data/dataset2_mosmed/processed/lung_masks/study_0275_slice_027.npy,32336,23256,290
study_0275,28,data/dataset2_mosmed/processed/images/study_0275_slice_028.npy,data/dataset2_mosmed/processed/lung_masks/study_0275_slice_028.npy,31853,20950,216
study_0275,29,data/dataset2_mosmed/processed/images/study_0275_slice_029.npy,data/dataset2_mosmed/processed/lung_masks/study_0275_slice_029.npy,31364,22462,175
study_0275,30,data/dataset2_mosmed/processed/images/study_0275_slice_030.npy,data/dataset2_mosmed/processed/lung_masks/study_0275_slice_030.npy,30751,22004,0
study_0275,31,data/dataset2_mosmed/processed/images/study_0275_slice_031.npy,data/dataset2_mosmed/processed/lung_masks/study_0275_slice_031.npy,28753,21552,6
study_0275,32,data/dataset2_mosmed/processed/images/study_0275_slice_032.npy,data/dataset2_mosmed/processed/lung_masks/study_0275_slice_032.npy,28008,20933,0
study_0275,33,data/dataset2_mosmed/processed/images/study_0275_slice_033.npy,data/dataset2_mosmed/processed/lung_masks/study_0275_slice_033.npy,26716,13477,0
study_0275,34,data/dataset2_mosmed/processed/images/study_0275_slice_034.npy,data/dataset2_mosmed/processed/lung_masks/study_0275_slice_034.npy,27080,12746,16
study_0275,35,data/dataset2_mosmed/processed/images/study_0275_slice_035.npy,data/dataset2_mosmed/processed/lung_masks/study_0275_slice_035.npy,27555,12338,50
study_0275,36,data/dataset2_mosmed/processed/images/study_0275_slice_036.npy,data/dataset2_mosmed/processed/lung_masks/study_0275_slice_036.npy,28069,16486,0
study_0275,37,data/dataset2_mosmed/processed/images/study_0275_slice_037.npy,data/dataset2_mosmed/processed/lung_masks/study_0275_slice_037.npy,28572,15154,38
study_0275,38,data/dataset2_mosmed/processed/images/study_0275_slice_038.npy,data/dataset2_mosmed/processed/lung_masks/study_0275_slice_038.npy,29213,13180,29
study_0275,39,data/dataset2_mosmed/processed/images/study_0275_slice_039.npy,data/dataset2_mosmed/processed/lung_masks/study_0275_slice_039.npy,29844,8393,0
study_0275,40,data/dataset2_mosmed/processed/images/study_0275_slice_040.npy,data/dataset2_mosmed/processed/lung_masks/study_0275_slice_040.npy,30431,6871,0
study_0276,12,data/dataset2_mosmed/processed/images/study_0276_slice_012.npy,data/dataset2_mosmed/processed/lung_masks/study_0276_slice_012.npy,62500,8219,0
study_0276,13,data/dataset2_mosmed/processed/images/study_0276_slice_013.npy,data/dataset2_mosmed/processed/lung_masks/study_0276_slice_013.npy,62500,11970,0
study_0276,14,data/dataset2_mosmed/processed/images/study_0276_slice_014.npy,data/dataset2_mosmed/processed/lung_masks/study_0276_slice_014.npy,62500,15243,134
study_0276,15,data/dataset2_mosmed/processed/images/study_0276_slice_015.npy,data/dataset2_mosmed/processed/lung_masks/study_0276_slice_015.npy,40090,14278,163
study_0276,16,data/dataset2_mosmed/processed/images/study_0276_slice_016.npy,data/dataset2_mosmed/processed/lung_masks/study_0276_slice_016.npy,39812,14042,375
study_0276,17,data/dataset2_mosmed/processed/images/study_0276_slice_017.npy,data/dataset2_mosmed/processed/lung_masks/study_0276_slice_017.npy,39627,15569,561
study_0276,18,data/dataset2_mosmed/processed/images/study_0276_slice_018.npy,data/dataset2_mosmed/processed/lung_masks/study_0276_slice_018.npy,46442,15338,645
study_0276,19,data/dataset2_mosmed/processed/images/study_0276_slice_019.npy,data/dataset2_mosmed/processed/lung_masks/study_0276_slice_019.npy,46441,13758,593
study_0276,20,data/dataset2_mosmed/processed/images/study_0276_slice_020.npy,data/dataset2_mosmed/processed/lung_masks/study_0276_slice_020.npy,46110,15417,613
study_0276,21,data/dataset2_mosmed/processed/images/study_0276_slice_021.npy,data/dataset2_mosmed/processed/lung_masks/study_0276_slice_021.npy,31325,19224,612
study_0276,22,data/dataset2_mosmed/processed/images/study_0276_slice_022.npy,data/dataset2_mosmed/processed/lung_masks/study_0276_slice_022.npy,31274,15028,464
study_0276,23,data/dataset2_mosmed/processed/images/study_0276_slice_023.npy,data/dataset2_mosmed/processed/lung_masks/study_0276_slice_023.npy,31124,15317,442
study_0276,24,data/dataset2_mosmed/processed/images/study_0276_slice_024.npy,data/dataset2_mosmed/processed/lung_masks/study_0276_slice_024.npy,31121,13485,325
study_0276,25,data/dataset2_mosmed/processed/images/study_0276_slice_025.npy,data/dataset2_mosmed/processed/lung_masks/study_0276_slice_025.npy,30791,15407,153
study_0276,26,data/dataset2_mosmed/processed/images/study_0276_slice_026.npy,data/dataset2_mosmed/processed/lung_masks/study_0276_slice_026.npy,32459,14939,195
study_0276,27,data/dataset2_mosmed/processed/images/study_0276_slice_027.npy,data/dataset2_mosmed/processed/lung_masks/study_0276_slice_027.npy,30597,14728,296
study_0276,28,data/dataset2_mosmed/processed/images/study_0276_slice_028.npy,data/dataset2_mosmed/processed/lung_masks/study_0276_slice_028.npy,30533,14417,332
study_0276,29,data/dataset2_mosmed/processed/images/study_0276_slice_029.npy,data/dataset2_mosmed/processed/lung_masks/study_0276_slice_029.npy,30359,13960,186
study_0276,30,data/dataset2_mosmed/processed/images/study_0276_slice_030.npy,data/dataset2_mosmed/processed/lung_masks/study_0276_slice_030.npy,30616,12607,73
study_0276,31,data/dataset2_mosmed/processed/images/study_0276_slice_031.npy,data/dataset2_mosmed/processed/lung_masks/study_0276_slice_031.npy,31177,11368,157
study_0276,32,data/dataset2_mosmed/processed/images/study_0276_slice_032.npy,data/dataset2_mosmed/processed/lung_masks/study_0276_slice_032.npy,31828,10723,419
study_0276,33,data/dataset2_mosmed/processed/images/study_0276_slice_033.npy,data/dataset2_mosmed/processed/lung_masks/study_0276_slice_033.npy,32663,9939,600
study_0276,34,data/dataset2_mosmed/processed/images/study_0276_slice_034.npy,data/dataset2_mosmed/processed/lung_masks/study_0276_slice_034.npy,33531,8438,588
study_0276,35,data/dataset2_mosmed/processed/images/study_0276_slice_035.npy,data/dataset2_mosmed/processed/lung_masks/study_0276_slice_035.npy,34398,6855,307
study_0276,36,data/dataset2_mosmed/processed/images/study_0276_slice_036.npy,data/dataset2_mosmed/processed/lung_masks/study_0276_slice_036.npy,35367,5293,226
study_0276,37,data/dataset2_mosmed/processed/images/study_0276_slice_037.npy,data/dataset2_mosmed/processed/lung_masks/study_0276_slice_037.npy,36394,3865,109
study_0276,38,data/dataset2_mosmed/processed/images/study_0276_slice_038.npy,data/dataset2_mosmed/processed/lung_masks/study_0276_slice_038.npy,37501,2508,0
study_0276,39,data/dataset2_mosmed/processed/images/study_0276_slice_039.npy,data/dataset2_mosmed/processed/lung_masks/study_0276_slice_039.npy,38650,1297,0
study_0277,5,data/dataset2_mosmed/processed/images/study_0277_slice_005.npy,data/dataset2_mosmed/processed/lung_masks/study_0277_slice_005.npy,17843,4015,0
study_0277,6,data/dataset2_mosmed/processed/images/study_0277_slice_006.npy,data/dataset2_mosmed/processed/lung_masks/study_0277_slice_006.npy,17199,4784,0
study_0277,7,data/dataset2_mosmed/processed/images/study_0277_slice_007.npy,data/dataset2_mosmed/processed/lung_masks/study_0277_slice_007.npy,16594,6766,181
study_0277,8,data/dataset2_mosmed/processed/images/study_0277_slice_008.npy,data/dataset2_mosmed/processed/lung_masks/study_0277_slice_008.npy,19912,19870,603
study_0277,9,data/dataset2_mosmed/processed/images/study_0277_slice_009.npy,data/dataset2_mosmed/processed/lung_masks/study_0277_slice_009.npy,20233,19029,772
study_0277,10,data/dataset2_mosmed/processed/images/study_0277_slice_010.npy,data/dataset2_mosmed/processed/lung_masks/study_0277_slice_010.npy,20440,18851,111
study_0277,11,data/dataset2_mosmed/processed/images/study_0277_slice_011.npy,data/dataset2_mosmed/processed/lung_masks/study_0277_slice_011.npy,20427,18803,872
study_0277,12,data/dataset2_mosmed/processed/images/study_0277_slice_012.npy,data/dataset2_mosmed/processed/lung_masks/study_0277_slice_012.npy,28062,20881,624
study_0277,13,data/dataset2_mosmed/processed/images/study_0277_slice_013.npy,data/dataset2_mosmed/processed/lung_masks/study_0277_slice_013.npy,28354,20815,1008
study_0277,14,data/dataset2_mosmed/processed/images/study_0277_slice_014.npy,data/dataset2_mosmed/processed/lung_masks/study_0277_slice_014.npy,28495,20611,659
study_0277,15,data/dataset2_mosmed/processed/images/study_0277_slice_015.npy,data/dataset2_mosmed/processed/lung_masks/study_0277_slice_015.npy,28359,20424,877
study_0277,16,data/dataset2_mosmed/processed/images/study_0277_slice_016.npy,data/dataset2_mosmed/processed/lung_masks/study_0277_slice_016.npy,28266,20210,567
study_0277,17,data/dataset2_mosmed/processed/images/study_0277_slice_017.npy,data/dataset2_mosmed/processed/lung_masks/study_0277_slice_017.npy,27882,19592,357
study_0277,18,data/dataset2_mosmed/processed/images/study_0277_slice_018.npy,data/dataset2_mosmed/processed/lung_masks/study_0277_slice_018.npy,26999,18777,366
study_0277,19,data/dataset2_mosmed/processed/images/study_0277_slice_019.npy,data/dataset2_mosmed/processed/lung_masks/study_0277_slice_019.npy,26300,17709,690
study_0277,20,data/dataset2_mosmed/processed/images/study_0277_slice_020.npy,data/dataset2_mosmed/processed/lung_masks/study_0277_slice_020.npy,25235,16465,501
study_0277,21,data/dataset2_mosmed/processed/images/study_0277_slice_021.npy,data/dataset2_mosmed/processed/lung_masks/study_0277_slice_021.npy,24688,15656,212
study_0277,22,data/dataset2_mosmed/processed/images/study_0277_slice_022.npy,data/dataset2_mosmed/processed/lung_masks/study_0277_slice_022.npy,20879,13975,146
study_0277,23,data/dataset2_mosmed/processed/images/study_0277_slice_023.npy,data/dataset2_mosmed/processed/lung_masks/study_0277_slice_023.npy,23280,12778,272
study_0277,24,data/dataset2_mosmed/processed/images/study_0277_slice_024.npy,data/dataset2_mosmed/processed/lung_masks/study_0277_slice_024.npy,23028,10917,118
study_0277,25,data/dataset2_mosmed/processed/images/study_0277_slice_025.npy,data/dataset2_mosmed/processed/lung_masks/study_0277_slice_025.npy,24356,9056,335
study_0277,26,data/dataset2_mosmed/processed/images/study_0277_slice_026.npy,data/dataset2_mosmed/processed/lung_masks/study_0277_slice_026.npy,25681,7450,365
study_0277,27,data/dataset2_mosmed/processed/images/study_0277_slice_027.npy,data/dataset2_mosmed/processed/lung_masks/study_0277_slice_027.npy,26935,5655,0
study_0277,28,data/dataset2_mosmed/processed/images/study_0277_slice_028.npy,data/dataset2_mosmed/processed/lung_masks/study_0277_slice_028.npy,28238,3855,0
study_0278,17,data/dataset2_mosmed/processed/images/study_0278_slice_017.npy,data/dataset2_mosmed/processed/lung_masks/study_0278_slice_017.npy,62500,11421,0
study_0278,18,data/dataset2_mosmed/processed/images/study_0278_slice_018.npy,data/dataset2_mosmed/processed/lung_masks/study_0278_slice_018.npy,62454,11463,0
study_0278,19,data/dataset2_mosmed/processed/images/study_0278_slice_019.npy,data/dataset2_mosmed/processed/lung_masks/study_0278_slice_019.npy,62452,11029,31
study_0278,20,data/dataset2_mosmed/processed/images/study_0278_slice_020.npy,data/dataset2_mosmed/processed/lung_masks/study_0278_slice_020.npy,62452,12719,91
study_0278,21,data/dataset2_mosmed/processed/images/study_0278_slice_021.npy,data/dataset2_mosmed/processed/lung_masks/study_0278_slice_021.npy,62452,12609,122
study_0278,22,data/dataset2_mosmed/processed/images/study_0278_slice_022.npy,data/dataset2_mosmed/processed/lung_masks/study_0278_slice_022.npy,62452,11924,157
study_0278,23,data/dataset2_mosmed/processed/images/study_0278_slice_023.npy,data/dataset2_mosmed/processed/lung_masks/study_0278_slice_023.npy,62452,11719,259
study_0278,24,data/dataset2_mosmed/processed/images/study_0278_slice_024.npy,data/dataset2_mosmed/processed/lung_masks/study_0278_slice_024.npy,62465,11782,374
study_0278,25,data/dataset2_mosmed/processed/images/study_0278_slice_025.npy,data/dataset2_mosmed/processed/lung_masks/study_0278_slice_025.npy,62457,13688,390
study_0278,26,data/dataset2_mosmed/processed/images/study_0278_slice_026.npy,data/dataset2_mosmed/processed/lung_masks/study_0278_slice_026.npy,62500,12477,525
study_0278,27,data/dataset2_mosmed/processed/images/study_0278_slice_027.npy,data/dataset2_mosmed/processed/lung_masks/study_0278_slice_027.npy,62500,11570,671
study_0278,28,data/dataset2_mosmed/processed/images/study_0278_slice_028.npy,data/dataset2_mosmed/processed/lung_masks/study_0278_slice_028.npy,62500,10704,721
study_0278,29,data/dataset2_mosmed/processed/images/study_0278_slice_029.npy,data/dataset2_mosmed/processed/lung_masks/study_0278_slice_029.npy,62500,11170,215
study_0278,30,data/dataset2_mosmed/processed/images/study_0278_slice_030.npy,data/dataset2_mosmed/processed/lung_masks/study_0278_slice_030.npy,62500,9882,0
study_0278,31,data/dataset2_mosmed/processed/images/study_0278_slice_031.npy,data/dataset2_mosmed/processed/lung_masks/study_0278_slice_031.npy,62500,9615,0
study_0279,8,data/dataset2_mosmed/processed/images/study_0279_slice_008.npy,data/dataset2_mosmed/processed/lung_masks/study_0279_slice_008.npy,22979,15725,0
study_0279,9,data/dataset2_mosmed/processed/images/study_0279_slice_009.npy,data/dataset2_mosmed/processed/lung_masks/study_0279_slice_009.npy,25244,18041,0
study_0279,10,data/dataset2_mosmed/processed/images/study_0279_slice_010.npy,data/dataset2_mosmed/processed/lung_masks/study_0279_slice_010.npy,29206,21180,86
study_0279,11,data/dataset2_mosmed/processed/images/study_0279_slice_011.npy,data/dataset2_mosmed/processed/lung_masks/study_0279_slice_011.npy,23364,16242,280
study_0279,12,data/dataset2_mosmed/processed/images/study_0279_slice_012.npy,data/dataset2_mosmed/processed/lung_masks/study_0279_slice_012.npy,23555,17753,252
study_0279,13,data/dataset2_mosmed/processed/images/study_0279_slice_013.npy,data/dataset2_mosmed/processed/lung_masks/study_0279_slice_013.npy,23744,17445,131
study_0279,14,data/dataset2_mosmed/processed/images/study_0279_slice_014.npy,data/dataset2_mosmed/processed/lung_masks/study_0279_slice_014.npy,23876,17203,441
study_0279,15,data/dataset2_mosmed/processed/images/study_0279_slice_015.npy,data/dataset2_mosmed/processed/lung_masks/study_0279_slice_015.npy,24036,17040,706
study_0279,16,data/dataset2_mosmed/processed/images/study_0279_slice_016.npy,data/dataset2_mosmed/processed/lung_masks/study_0279_slice_016.npy,24161,16559,863
study_0279,17,data/dataset2_mosmed/processed/images/study_0279_slice_017.npy,data/dataset2_mosmed/processed/lung_masks/study_0279_slice_017.npy,24275,15558,848
study_0279,18,data/dataset2_mosmed/processed/images/study_0279_slice_018.npy,data/dataset2_mosmed/processed/lung_masks/study_0279_slice_018.npy,24236,16140,830
study_0279,19,data/dataset2_mosmed/processed/images/study_0279_slice_019.npy,data/dataset2_mosmed/processed/lung_masks/study_0279_slice_019.npy,24387,16334,864
study_0279,20,data/dataset2_mosmed/processed/images/study_0279_slice_020.npy,data/dataset2_mosmed/processed/lung_masks/study_0279_slice_020.npy,24563,16415,715
study_0279,21,data/dataset2_mosmed/processed/images/study_0279_slice_021.npy,data/dataset2_mosmed/processed/lung_masks/study_0279_slice_021.npy,24693,16520,248
study_0279,22,data/dataset2_mosmed/processed/images/study_0279_slice_022.npy,data/dataset2_mosmed/processed/lung_masks/study_0279_slice_022.npy,29082,22550,0
study_0279,23,data/dataset2_mosmed/processed/images/study_0279_slice_023.npy,data/dataset2_mosmed/processed/lung_masks/study_0279_slice_023.npy,28800,22280,0
study_0279,25,data/dataset2_mosmed/processed/images/study_0279_slice_025.npy,data/dataset2_mosmed/processed/lung_masks/study_0279_slice_025.npy,28162,21954,0
study_0279,26,data/dataset2_mosmed/processed/images/study_0279_slice_026.npy,data/dataset2_mosmed/processed/lung_masks/study_0279_slice_026.npy,27651,21646,0
study_0279,27,data/dataset2_mosmed/processed/images/study_0279_slice_027.npy,data/dataset2_mosmed/processed/lung_masks/study_0279_slice_027.npy,27301,20978,40
study_0279,28,data/dataset2_mosmed/processed/images/study_0279_slice_028.npy,data/dataset2_mosmed/processed/lung_masks/study_0279_slice_028.npy,27347,20778,42
study_0279,29,data/dataset2_mosmed/processed/images/study_0279_slice_029.npy,data/dataset2_mosmed/processed/lung_masks/study_0279_slice_029.npy,27461,20270,0
study_0279,30,data/dataset2_mosmed/processed/images/study_0279_slice_030.npy,data/dataset2_mosmed/processed/lung_masks/study_0279_slice_030.npy,27385,20140,0
study_0280,8,data/dataset2_mosmed/processed/images/study_0280_slice_008.npy,data/dataset2_mosmed/processed/lung_masks/study_0280_slice_008.npy,21196,6782,0
study_0280,9,data/dataset2_mosmed/processed/images/study_0280_slice_009.npy,data/dataset2_mosmed/processed/lung_masks/study_0280_slice_009.npy,20891,10372,0
study_0280,10,data/dataset2_mosmed/processed/images/study_0280_slice_010.npy,data/dataset2_mosmed/processed/lung_masks/study_0280_slice_010.npy,20965,12118,31
study_0280,11,data/dataset2_mosmed/processed/images/study_0280_slice_011.npy,data/dataset2_mosmed/processed/lung_masks/study_0280_slice_011.npy,20907,15775,47
study_0280,12,data/dataset2_mosmed/processed/images/study_0280_slice_012.npy,data/dataset2_mosmed/processed/lung_masks/study_0280_slice_012.npy,21760,16918,0
study_0280,13,data/dataset2_mosmed/processed/images/study_0280_slice_013.npy,data/dataset2_mosmed/processed/lung_masks/study_0280_slice_013.npy,22748,17933,0
study_0280,14,data/dataset2_mosmed/processed/images/study_0280_slice_014.npy,data/dataset2_mosmed/processed/lung_masks/study_0280_slice_014.npy,20168,14672,130
study_0280,15,data/dataset2_mosmed/processed/images/study_0280_slice_015.npy,data/dataset2_mosmed/processed/lung_masks/study_0280_slice_015.npy,19962,16036,220
study_0280,16,data/dataset2_mosmed/processed/images/study_0280_slice_016.npy,data/dataset2_mosmed/processed/lung_masks/study_0280_slice_016.npy,19851,15866,240
study_0280,17,data/dataset2_mosmed/processed/images/study_0280_slice_017.npy,data/dataset2_mosmed/processed/lung_masks/study_0280_slice_017.npy,19754,15725,279
study_0280,18,data/dataset2_mosmed/processed/images/study_0280_slice_018.npy,data/dataset2_mosmed/processed/lung_masks/study_0280_slice_018.npy,19752,15486,684
study_0280,19,data/dataset2_mosmed/processed/images/study_0280_slice_019.npy,data/dataset2_mosmed/processed/lung_masks/study_0280_slice_019.npy,19831,15302,608
study_0280,20,data/dataset2_mosmed/processed/images/study_0280_slice_020.npy,data/dataset2_mosmed/processed/lung_masks/study_0280_slice_020.npy,19995,15071,793
study_0280,21,data/dataset2_mosmed/processed/images/study_0280_slice_021.npy,data/dataset2_mosmed/processed/lung_masks/study_0280_slice_021.npy,20274,14881,562
study_0280,22,data/dataset2_mosmed/processed/images/study_0280_slice_022.npy,data/dataset2_mosmed/processed/lung_masks/study_0280_slice_022.npy,20529,14867,689
study_0280,23,data/dataset2_mosmed/processed/images/study_0280_slice_023.npy,data/dataset2_mosmed/processed/lung_masks/study_0280_slice_023.npy,20931,14586,758
study_0280,24,data/dataset2_mosmed/processed/images/study_0280_slice_024.npy,data/dataset2_mosmed/processed/lung_masks/study_0280_slice_024.npy,21356,14014,419
study_0280,25,data/dataset2_mosmed/processed/images/study_0280_slice_025.npy,data/dataset2_mosmed/processed/lung_masks/study_0280_slice_025.npy,24582,18577,153
study_0280,26,data/dataset2_mosmed/processed/images/study_0280_slice_026.npy,data/dataset2_mosmed/processed/lung_masks/study_0280_slice_026.npy,24547,18052,12
study_0280,27,data/dataset2_mosmed/processed/images/study_0280_slice_027.npy,data/dataset2_mosmed/processed/lung_masks/study_0280_slice_027.npy,24243,16688,0
study_0280,28,data/dataset2_mosmed/processed/images/study_0280_slice_028.npy,data/dataset2_mosmed/processed/lung_masks/study_0280_slice_028.npy,23916,11604,15
study_0280,29,data/dataset2_mosmed/processed/images/study_0280_slice_029.npy,data/dataset2_mosmed/processed/lung_masks/study_0280_slice_029.npy,24754,9922,68
study_0280,30,data/dataset2_mosmed/processed/images/study_0280_slice_030.npy,data/dataset2_mosmed/processed/lung_masks/study_0280_slice_030.npy,25648,8408,0
study_0280,31,data/dataset2_mosmed/processed/images/study_0280_slice_031.npy,data/dataset2_mosmed/processed/lung_masks/study_0280_slice_031.npy,26588,7381,0
study_0281,28,data/dataset2_mosmed/processed/images/study_0281_slice_028.npy,data/dataset2_mosmed/processed/lung_masks/study_0281_slice_028.npy,27616,9698,0
study_0281,29,data/dataset2_mosmed/processed/images/study_0281_slice_029.npy,data/dataset2_mosmed/processed/lung_masks/study_0281_slice_029.npy,28592,10463,0
study_0281,30,data/dataset2_mosmed/processed/images/study_0281_slice_030.npy,data/dataset2_mosmed/processed/lung_masks/study_0281_slice_030.npy,29737,11351,69
study_0281,31,data/dataset2_mosmed/processed/images/study_0281_slice_031.npy,data/dataset2_mosmed/processed/lung_masks/study_0281_slice_031.npy,30109,11324,262
study_0281,32,data/dataset2_mosmed/processed/images/study_0281_slice_032.npy,data/dataset2_mosmed/processed/lung_masks/study_0281_slice_032.npy,30096,10938,223
study_0281,33,data/dataset2_mosmed/processed/images/study_0281_slice_033.npy,data/dataset2_mosmed/processed/lung_masks/study_0281_slice_033.npy,30112,10809,67
study_0281,34,data/dataset2_mosmed/processed/images/study_0281_slice_034.npy,data/dataset2_mosmed/processed/lung_masks/study_0281_slice_034.npy,30029,10670,173
study_0281,35,data/dataset2_mosmed/processed/images/study_0281_slice_035.npy,data/dataset2_mosmed/processed/lung_masks/study_0281_slice_035.npy,30178,10535,87
study_0281,36,data/dataset2_mosmed/processed/images/study_0281_slice_036.npy,data/dataset2_mosmed/processed/lung_masks/study_0281_slice_036.npy,30372,10407,70
study_0281,37,data/dataset2_mosmed/processed/images/study_0281_slice_037.npy,data/dataset2_mosmed/processed/lung_masks/study_0281_slice_037.npy,30437,9692,62
study_0281,38,data/dataset2_mosmed/processed/images/study_0281_slice_038.npy,data/dataset2_mosmed/processed/lung_masks/study_0281_slice_038.npy,30557,9557,0
study_0281,39,data/dataset2_mosmed/processed/images/study_0281_slice_039.npy,data/dataset2_mosmed/processed/lung_masks/study_0281_slice_039.npy,30534,9305,0
study_0282,4,data/dataset2_mosmed/processed/images/study_0282_slice_004.npy,data/dataset2_mosmed/processed/lung_masks/study_0282_slice_004.npy,62500,1496,0
study_0282,5,data/dataset2_mosmed/processed/images/study_0282_slice_005.npy,data/dataset2_mosmed/processed/lung_masks/study_0282_slice_005.npy,62500,2764,0
study_0282,6,data/dataset2_mosmed/processed/images/study_0282_slice_006.npy,data/dataset2_mosmed/processed/lung_masks/study_0282_slice_006.npy,62500,5646,216
study_0282,7,data/dataset2_mosmed/processed/images/study_0282_slice_007.npy,data/dataset2_mosmed/processed/lung_masks/study_0282_slice_007.npy,62500,8954,112
study_0282,8,data/dataset2_mosmed/processed/images/study_0282_slice_008.npy,data/dataset2_mosmed/processed/lung_masks/study_0282_slice_008.npy,62500,12409,0
study_0282,9,data/dataset2_mosmed/processed/images/study_0282_slice_009.npy,data/dataset2_mosmed/processed/lung_masks/study_0282_slice_009.npy,36475,18367,37
study_0282,10,data/dataset2_mosmed/processed/images/study_0282_slice_010.npy,data/dataset2_mosmed/processed/lung_masks/study_0282_slice_010.npy,37316,19145,63
study_0282,11,data/dataset2_mosmed/processed/images/study_0282_slice_011.npy,data/dataset2_mosmed/processed/lung_masks/study_0282_slice_011.npy,29821,22915,62
study_0282,12,data/dataset2_mosmed/processed/images/study_0282_slice_012.npy,data/dataset2_mosmed/processed/lung_masks/study_0282_slice_012.npy,29232,20777,0
study_0282,13,data/dataset2_mosmed/processed/images/study_0282_slice_013.npy,data/dataset2_mosmed/processed/lung_masks/study_0282_slice_013.npy,28802,20147,105
study_0282,14,data/dataset2_mosmed/processed/images/study_0282_slice_014.npy,data/dataset2_mosmed/processed/lung_masks/study_0282_slice_014.npy,28601,22251,37
study_0282,15,data/dataset2_mosmed/processed/images/study_0282_slice_015.npy,data/dataset2_mosmed/processed/lung_masks/study_0282_slice_015.npy,29030,23136,0
study_0282,16,data/dataset2_mosmed/processed/images/study_0282_slice_016.npy,data/dataset2_mosmed/processed/lung_masks/study_0282_slice_016.npy,29650,21883,82
study_0282,17,data/dataset2_mosmed/processed/images/study_0282_slice_017.npy,data/dataset2_mosmed/processed/lung_masks/study_0282_slice_017.npy,29962,21986,120
study_0282,18,data/dataset2_mosmed/processed/images/study_0282_slice_018.npy,data/dataset2_mosmed/processed/lung_masks/study_0282_slice_018.npy,30136,22048,34
study_0282,19,data/dataset2_mosmed/processed/images/study_0282_slice_019.npy,data/dataset2_mosmed/processed/lung_masks/study_0282_slice_019.npy,29827,21779,81
study_0282,20,data/dataset2_mosmed/processed/images/study_0282_slice_020.npy,data/dataset2_mosmed/processed/lung_masks/study_0282_slice_020.npy,31989,20409,0
study_0282,21,data/dataset2_mosmed/processed/images/study_0282_slice_021.npy,data/dataset2_mosmed/processed/lung_masks/study_0282_slice_021.npy,28607,19287,36
study_0282,22,data/dataset2_mosmed/processed/images/study_0282_slice_022.npy,data/dataset2_mosmed/processed/lung_masks/study_0282_slice_022.npy,27960,18594,0
study_0282,23,data/dataset2_mosmed/processed/images/study_0282_slice_023.npy,data/dataset2_mosmed/processed/lung_masks/study_0282_slice_023.npy,27175,18862,0
study_0282,24,data/dataset2_mosmed/processed/images/study_0282_slice_024.npy,data/dataset2_mosmed/processed/lung_masks/study_0282_slice_024.npy,26136,17779,35
study_0282,25,data/dataset2_mosmed/processed/images/study_0282_slice_025.npy,data/dataset2_mosmed/processed/lung_masks/study_0282_slice_025.npy,25132,16383,0
study_0282,26,data/dataset2_mosmed/processed/images/study_0282_slice_026.npy,data/dataset2_mosmed/processed/lung_masks/study_0282_slice_026.npy,24270,14655,0
study_0282,27,data/dataset2_mosmed/processed/images/study_0282_slice_027.npy,data/dataset2_mosmed/processed/lung_masks/study_0282_slice_027.npy,23315,12143,0
study_0282,28,data/dataset2_mosmed/processed/images/study_0282_slice_028.npy,data/dataset2_mosmed/processed/lung_masks/study_0282_slice_028.npy,23485,10907,48
study_0282,29,data/dataset2_mosmed/processed/images/study_0282_slice_029.npy,data/dataset2_mosmed/processed/lung_masks/study_0282_slice_029.npy,25038,7985,55
study_0282,30,data/dataset2_mosmed/processed/images/study_0282_slice_030.npy,data/dataset2_mosmed/processed/lung_masks/study_0282_slice_030.npy,26830,5898,0
study_0282,31,data/dataset2_mosmed/processed/images/study_0282_slice_031.npy,data/dataset2_mosmed/processed/lung_masks/study_0282_slice_031.npy,28671,4194,0
study_0283,11,data/dataset2_mosmed/processed/images/study_0283_slice_011.npy,data/dataset2_mosmed/processed/lung_masks/study_0283_slice_011.npy,62492,8366,0
study_0283,12,data/dataset2_mosmed/processed/images/study_0283_slice_012.npy,data/dataset2_mosmed/processed/lung_masks/study_0283_slice_012.npy,62492,9539,0
study_0283,13,data/dataset2_mosmed/processed/images/study_0283_slice_013.npy,data/dataset2_mosmed/processed/lung_masks/study_0283_slice_013.npy,62491,10389,114
study_0283,14,data/dataset2_mosmed/processed/images/study_0283_slice_014.npy,data/dataset2_mosmed/processed/lung_masks/study_0283_slice_014.npy,34461,10958,524
study_0283,15,data/dataset2_mosmed/processed/images/study_0283_slice_015.npy,data/dataset2_mosmed/processed/lung_masks/study_0283_slice_015.npy,34009,12002,552
study_0283,16,data/dataset2_mosmed/processed/images/study_0283_slice_016.npy,data/dataset2_mosmed/processed/lung_masks/study_0283_slice_016.npy,33657,12279,601
study_0283,17,data/dataset2_mosmed/processed/images/study_0283_slice_017.npy,data/dataset2_mosmed/processed/lung_masks/study_0283_slice_017.npy,26489,14535,0
study_0283,18,data/dataset2_mosmed/processed/images/study_0283_slice_018.npy,data/dataset2_mosmed/processed/lung_masks/study_0283_slice_018.npy,26485,12239,2
study_0284,0,data/dataset2_mosmed/processed/images/study_0284_slice_000.npy,data/dataset2_mosmed/processed/lung_masks/study_0284_slice_000.npy,62500,5118,0
study_0284,1,data/dataset2_mosmed/processed/images/study_0284_slice_001.npy,data/dataset2_mosmed/processed/lung_masks/study_0284_slice_001.npy,62500,6772,6
study_0284,2,data/dataset2_mosmed/processed/images/study_0284_slice_002.npy,data/dataset2_mosmed/processed/lung_masks/study_0284_slice_002.npy,62500,7684,0
study_0284,3,data/dataset2_mosmed/processed/images/study_0284_slice_003.npy,data/dataset2_mosmed/processed/lung_masks/study_0284_slice_003.npy,62500,8315,0
study_0284,9,data/dataset2_mosmed/processed/images/study_0284_slice_009.npy,data/dataset2_mosmed/processed/lung_masks/study_0284_slice_009.npy,62500,11099,0
study_0284,10,data/dataset2_mosmed/processed/images/study_0284_slice_010.npy,data/dataset2_mosmed/processed/lung_masks/study_0284_slice_010.npy,62500,11725,0
study_0284,11,data/dataset2_mosmed/processed/images/study_0284_slice_011.npy,data/dataset2_mosmed/processed/lung_masks/study_0284_slice_011.npy,62500,16510,90
study_0284,12,data/dataset2_mosmed/processed/images/study_0284_slice_012.npy,data/dataset2_mosmed/processed/lung_masks/study_0284_slice_012.npy,62500,12198,55
study_0284,13,data/dataset2_mosmed/processed/images/study_0284_slice_013.npy,data/dataset2_mosmed/processed/lung_masks/study_0284_slice_013.npy,62500,18676,289
study_0284,14,data/dataset2_mosmed/processed/images/study_0284_slice_014.npy,data/dataset2_mosmed/processed/lung_masks/study_0284_slice_014.npy,62500,19038,499
study_0284,15,data/dataset2_mosmed/processed/images/study_0284_slice_015.npy,data/dataset2_mosmed/processed/lung_masks/study_0284_slice_015.npy,62500,19024,876
study_0284,16,data/dataset2_mosmed/processed/images/study_0284_slice_016.npy,data/dataset2_mosmed/processed/lung_masks/study_0284_slice_016.npy,62500,13485,1116
study_0284,17,data/dataset2_mosmed/processed/images/study_0284_slice_017.npy,data/dataset2_mosmed/processed/lung_masks/study_0284_slice_017.npy,62500,13120,670
study_0284,18,data/dataset2_mosmed/processed/images/study_0284_slice_018.npy,data/dataset2_mosmed/processed/lung_masks/study_0284_slice_018.npy,62500,12744,528
study_0284,19,data/dataset2_mosmed/processed/images/study_0284_slice_019.npy,data/dataset2_mosmed/processed/lung_masks/study_0284_slice_019.npy,62500,18510,296
study_0284,20,data/dataset2_mosmed/processed/images/study_0284_slice_020.npy,data/dataset2_mosmed/processed/lung_masks/study_0284_slice_020.npy,62500,18455,0
study_0284,21,data/dataset2_mosmed/processed/images/study_0284_slice_021.npy,data/dataset2_mosmed/processed/lung_masks/study_0284_slice_021.npy,38168,19128,0
study_0284,22,data/dataset2_mosmed/processed/images/study_0284_slice_022.npy,data/dataset2_mosmed/processed/lung_masks/study_0284_slice_022.npy,27196,18462,0
study_0284,23,data/dataset2_mosmed/processed/images/study_0284_slice_023.npy,data/dataset2_mosmed/processed/lung_masks/study_0284_slice_023.npy,26899,18326,0
study_0284,24,data/dataset2_mosmed/processed/images/study_0284_slice_024.npy,data/dataset2_mosmed/processed/lung_masks/study_0284_slice_024.npy,26791,18506,55
study_0284,25,data/dataset2_mosmed/processed/images/study_0284_slice_025.npy,data/dataset2_mosmed/processed/lung_masks/study_0284_slice_025.npy,27329,17831,289
study_0284,26,data/dataset2_mosmed/processed/images/study_0284_slice_026.npy,data/dataset2_mosmed/processed/lung_masks/study_0284_slice_026.npy,28042,11819,288
study_0284,27,data/dataset2_mosmed/processed/images/study_0284_slice_027.npy,data/dataset2_mosmed/processed/lung_masks/study_0284_slice_027.npy,28741,11464,157
study_0284,28,data/dataset2_mosmed/processed/images/study_0284_slice_028.npy,data/dataset2_mosmed/processed/lung_masks/study_0284_slice_028.npy,29526,10855,0
study_0284,29,data/dataset2_mosmed/processed/images/study_0284_slice_029.npy,data/dataset2_mosmed/processed/lung_masks/study_0284_slice_029.npy,30295,13651,0
study_0285,2,data/dataset2_mosmed/processed/images/study_0285_slice_002.npy,data/dataset2_mosmed/processed/lung_masks/study_0285_slice_002.npy,19861,7462,0
study_0285,3,data/dataset2_mosmed/processed/images/study_0285_slice_003.npy,data/dataset2_mosmed/processed/lung_masks/study_0285_slice_003.npy,19796,8049,0
study_0285,4,data/dataset2_mosmed/processed/images/study_0285_slice_004.npy,data/dataset2_mosmed/processed/lung_masks/study_0285_slice_004.npy,19702,8609,75
study_0285,5,data/dataset2_mosmed/processed/images/study_0285_slice_005.npy,data/dataset2_mosmed/processed/lung_masks/study_0285_slice_005.npy,19684,9510,0
study_0285,6,data/dataset2_mosmed/processed/images/study_0285_slice_006.npy,data/dataset2_mosmed/processed/lung_masks/study_0285_slice_006.npy,19785,10396,180
study_0285,7,data/dataset2_mosmed/processed/images/study_0285_slice_007.npy,data/dataset2_mosmed/processed/lung_masks/study_0285_slice_007.npy,21993,11691,0
study_0285,8,data/dataset2_mosmed/processed/images/study_0285_slice_008.npy,data/dataset2_mosmed/processed/lung_masks/study_0285_slice_008.npy,24084,19223,93
study_0285,9,data/dataset2_mosmed/processed/images/study_0285_slice_009.npy,data/dataset2_mosmed/processed/lung_masks/study_0285_slice_009.npy,26583,21760,208
study_0285,10,data/dataset2_mosmed/processed/images/study_0285_slice_010.npy,data/dataset2_mosmed/processed/lung_masks/study_0285_slice_010.npy,20470,16446,37
study_0285,11,data/dataset2_mosmed/processed/images/study_0285_slice_011.npy,data/dataset2_mosmed/processed/lung_masks/study_0285_slice_011.npy,20638,16519,86
study_0285,12,data/dataset2_mosmed/processed/images/study_0285_slice_012.npy,data/dataset2_mosmed/processed/lung_masks/study_0285_slice_012.npy,20772,16303,0
study_0285,13,data/dataset2_mosmed/processed/images/study_0285_slice_013.npy,data/dataset2_mosmed/processed/lung_masks/study_0285_slice_013.npy,20859,16021,129
study_0285,14,data/dataset2_mosmed/processed/images/study_0285_slice_014.npy,data/dataset2_mosmed/processed/lung_masks/study_0285_slice_014.npy,20966,15530,295
study_0285,15,data/dataset2_mosmed/processed/images/study_0285_slice_015.npy,data/dataset2_mosmed/processed/lung_masks/study_0285_slice_015.npy,21065,15172,273
study_0285,16,data/dataset2_mosmed/processed/images/study_0285_slice_016.npy,data/dataset2_mosmed/processed/lung_masks/study_0285_slice_016.npy,21172,15353,97
study_0285,17,data/dataset2_mosmed/processed/images/study_0285_slice_017.npy,data/dataset2_mosmed/processed/lung_masks/study_0285_slice_017.npy,21344,15663,182
study_0285,18,data/dataset2_mosmed/processed/images/study_0285_slice_018.npy,data/dataset2_mosmed/processed/lung_masks/study_0285_slice_018.npy,21598,15648,391
study_0285,19,data/dataset2_mosmed/processed/images/study_0285_slice_019.npy,data/dataset2_mosmed/processed/lung_masks/study_0285_slice_019.npy,21893,15294,50
study_0285,20,data/dataset2_mosmed/processed/images/study_0285_slice_020.npy,data/dataset2_mosmed/processed/lung_masks/study_0285_slice_020.npy,22233,14869,0
study_0285,21,data/dataset2_mosmed/processed/images/study_0285_slice_021.npy,data/dataset2_mosmed/processed/lung_masks/study_0285_slice_021.npy,22560,14409,0
study_0285,22,data/dataset2_mosmed/processed/images/study_0285_slice_022.npy,data/dataset2_mosmed/processed/lung_masks/study_0285_slice_022.npy,22918,14045,45
study_0285,23,data/dataset2_mosmed/processed/images/study_0285_slice_023.npy,data/dataset2_mosmed/processed/lung_masks/study_0285_slice_023.npy,23316,13447,0
study_0285,24,data/dataset2_mosmed/processed/images/study_0285_slice_024.npy,data/dataset2_mosmed/processed/lung_masks/study_0285_slice_024.npy,23759,12479,0
study_0285,26,data/dataset2_mosmed/processed/images/study_0285_slice_026.npy,data/dataset2_mosmed/processed/lung_masks/study_0285_slice_026.npy,24771,10544,0
study_0285,27,data/dataset2_mosmed/processed/images/study_0285_slice_027.npy,data/dataset2_mosmed/processed/lung_masks/study_0285_slice_027.npy,25361,9167,0
study_0285,28,data/dataset2_mosmed/processed/images/study_0285_slice_028.npy,data/dataset2_mosmed/processed/lung_masks/study_0285_slice_028.npy,25975,7582,16
study_0285,29,data/dataset2_mosmed/processed/images/study_0285_slice_029.npy,data/dataset2_mosmed/processed/lung_masks/study_0285_slice_029.npy,26658,7644,0
study_0285,30,data/dataset2_mosmed/processed/images/study_0285_slice_030.npy,data/dataset2_mosmed/processed/lung_masks/study_0285_slice_030.npy,27498,6502,0
study_0286,5,data/dataset2_mosmed/processed/images/study_0286_slice_005.npy,data/dataset2_mosmed/processed/lung_masks/study_0286_slice_005.npy,19081,4633,0
study_0286,6,data/dataset2_mosmed/processed/images/study_0286_slice_006.npy,data/dataset2_mosmed/processed/lung_masks/study_0286_slice_006.npy,18790,7709,0
study_0286,7,data/dataset2_mosmed/processed/images/study_0286_slice_007.npy,data/dataset2_mosmed/processed/lung_masks/study_0286_slice_007.npy,18390,9430,36
study_0286,8,data/dataset2_mosmed/processed/images/study_0286_slice_008.npy,data/dataset2_mosmed/processed/lung_masks/study_0286_slice_008.npy,18036,12944,248
study_0286,9,data/dataset2_mosmed/processed/images/study_0286_slice_009.npy,data/dataset2_mosmed/processed/lung_masks/study_0286_slice_009.npy,21074,16418,111
study_0286,10,data/dataset2_mosmed/processed/images/study_0286_slice_010.npy,data/dataset2_mosmed/processed/lung_masks/study_0286_slice_010.npy,24547,19483,288
study_0286,11,data/dataset2_mosmed/processed/images/study_0286_slice_011.npy,data/dataset2_mosmed/processed/lung_masks/study_0286_slice_011.npy,25410,17205,408
study_0286,12,data/dataset2_mosmed/processed/images/study_0286_slice_012.npy,data/dataset2_mosmed/processed/lung_masks/study_0286_slice_012.npy,26759,18668,140
study_0286,13,data/dataset2_mosmed/processed/images/study_0286_slice_013.npy,data/dataset2_mosmed/processed/lung_masks/study_0286_slice_013.npy,19195,18165,432
study_0286,14,data/dataset2_mosmed/processed/images/study_0286_slice_014.npy,data/dataset2_mosmed/processed/lung_masks/study_0286_slice_014.npy,18998,17846,428
study_0286,15,data/dataset2_mosmed/processed/images/study_0286_slice_015.npy,data/dataset2_mosmed/processed/lung_masks/study_0286_slice_015.npy,18826,17892,536
study_0286,16,data/dataset2_mosmed/processed/images/study_0286_slice_016.npy,data/dataset2_mosmed/processed/lung_masks/study_0286_slice_016.npy,18592,17932,388
study_0286,17,data/dataset2_mosmed/processed/images/study_0286_slice_017.npy,data/dataset2_mosmed/processed/lung_masks/study_0286_slice_017.npy,18448,18143,1097
study_0286,18,data/dataset2_mosmed/processed/images/study_0286_slice_018.npy,data/dataset2_mosmed/processed/lung_masks/study_0286_slice_018.npy,26090,21652,974
study_0286,19,data/dataset2_mosmed/processed/images/study_0286_slice_019.npy,data/dataset2_mosmed/processed/lung_masks/study_0286_slice_019.npy,26351,21743,654
study_0286,20,data/dataset2_mosmed/processed/images/study_0286_slice_020.npy,data/dataset2_mosmed/processed/lung_masks/study_0286_slice_020.npy,26363,21588,699
study_0286,21,data/dataset2_mosmed/processed/images/study_0286_slice_021.npy,data/dataset2_mosmed/processed/lung_masks/study_0286_slice_021.npy,25872,21184,419
study_0286,22,data/dataset2_mosmed/processed/images/study_0286_slice_022.npy,data/dataset2_mosmed/processed/lung_masks/study_0286_slice_022.npy,26027,19088,331
study_0286,23,data/dataset2_mosmed/processed/images/study_0286_slice_023.npy,data/dataset2_mosmed/processed/lung_masks/study_0286_slice_023.npy,25468,18801,74
study_0286,24,data/dataset2_mosmed/processed/images/study_0286_slice_024.npy,data/dataset2_mosmed/processed/lung_masks/study_0286_slice_024.npy,25370,18324,177
study_0286,25,data/dataset2_mosmed/processed/images/study_0286_slice_025.npy,data/dataset2_mosmed/processed/lung_masks/study_0286_slice_025.npy,25182,17998,65
study_0286,26,data/dataset2_mosmed/processed/images/study_0286_slice_026.npy,data/dataset2_mosmed/processed/lung_masks/study_0286_slice_026.npy,18129,16160,57
study_0286,27,data/dataset2_mosmed/processed/images/study_0286_slice_027.npy,data/dataset2_mosmed/processed/lung_masks/study_0286_slice_027.npy,18683,15383,40
study_0286,28,data/dataset2_mosmed/processed/images/study_0286_slice_028.npy,data/dataset2_mosmed/processed/lung_masks/study_0286_slice_028.npy,19346,14079,0
study_0286,29,data/dataset2_mosmed/processed/images/study_0286_slice_029.npy,data/dataset2_mosmed/processed/lung_masks/study_0286_slice_029.npy,20103,13036,0
study_0286,30,data/dataset2_mosmed/processed/images/study_0286_slice_030.npy,data/dataset2_mosmed/processed/lung_masks/study_0286_slice_030.npy,23125,15342,107
study_0286,31,data/dataset2_mosmed/processed/images/study_0286_slice_031.npy,data/dataset2_mosmed/processed/lung_masks/study_0286_slice_031.npy,22366,12881,113
study_0286,32,data/dataset2_mosmed/processed/images/study_0286_slice_032.npy,data/dataset2_mosmed/processed/lung_masks/study_0286_slice_032.npy,22843,9135,160
study_0286,33,data/dataset2_mosmed/processed/images/study_0286_slice_033.npy,data/dataset2_mosmed/processed/lung_masks/study_0286_slice_033.npy,24200,9846,0
study_0286,34,data/dataset2_mosmed/processed/images/study_0286_slice_034.npy,data/dataset2_mosmed/processed/lung_masks/study_0286_slice_034.npy,25461,5324,0
study_0287,26,data/dataset2_mosmed/processed/images/study_0287_slice_026.npy,data/dataset2_mosmed/processed/lung_masks/study_0287_slice_026.npy,27844,22827,0
study_0287,27,data/dataset2_mosmed/processed/images/study_0287_slice_027.npy,data/dataset2_mosmed/processed/lung_masks/study_0287_slice_027.npy,27612,22033,0
study_0287,28,data/dataset2_mosmed/processed/images/study_0287_slice_028.npy,data/dataset2_mosmed/processed/lung_masks/study_0287_slice_028.npy,27325,20689,23
study_0287,29,data/dataset2_mosmed/processed/images/study_0287_slice_029.npy,data/dataset2_mosmed/processed/lung_masks/study_0287_slice_029.npy,26744,21146,0
study_0287,30,data/dataset2_mosmed/processed/images/study_0287_slice_030.npy,data/dataset2_mosmed/processed/lung_masks/study_0287_slice_030.npy,26656,21467,0
study_0288,0,data/dataset2_mosmed/processed/images/study_0288_slice_000.npy,data/dataset2_mosmed/processed/lung_masks/study_0288_slice_000.npy,62500,2693,0
study_0288,1,data/dataset2_mosmed/processed/images/study_0288_slice_001.npy,data/dataset2_mosmed/processed/lung_masks/study_0288_slice_001.npy,62500,2624,0
study_0288,2,data/dataset2_mosmed/processed/images/study_0288_slice_002.npy,data/dataset2_mosmed/processed/lung_masks/study_0288_slice_002.npy,62500,2623,40
study_0288,3,data/dataset2_mosmed/processed/images/study_0288_slice_003.npy,data/dataset2_mosmed/processed/lung_masks/study_0288_slice_003.npy,62500,2623,248
study_0288,4,data/dataset2_mosmed/processed/images/study_0288_slice_004.npy,data/dataset2_mosmed/processed/lung_masks/study_0288_slice_004.npy,62500,3491,418
study_0288,5,data/dataset2_mosmed/processed/images/study_0288_slice_005.npy,data/dataset2_mosmed/processed/lung_masks/study_0288_slice_005.npy,62500,4177,716
study_0288,6,data/dataset2_mosmed/processed/images/study_0288_slice_006.npy,data/dataset2_mosmed/processed/lung_masks/study_0288_slice_006.npy,62500,4781,725
study_0288,7,data/dataset2_mosmed/processed/images/study_0288_slice_007.npy,data/dataset2_mosmed/processed/lung_masks/study_0288_slice_007.npy,62500,5331,861
study_0288,8,data/dataset2_mosmed/processed/images/study_0288_slice_008.npy,data/dataset2_mosmed/processed/lung_masks/study_0288_slice_008.npy,62500,6088,1229
study_0288,9,data/dataset2_mosmed/processed/images/study_0288_slice_009.npy,data/dataset2_mosmed/processed/lung_masks/study_0288_slice_009.npy,28381,6787,1253
study_0288,10,data/dataset2_mosmed/processed/images/study_0288_slice_010.npy,data/dataset2_mosmed/processed/lung_masks/study_0288_slice_010.npy,29100,8277,1665
study_0288,11,data/dataset2_mosmed/processed/images/study_0288_slice_011.npy,data/dataset2_mosmed/processed/lung_masks/study_0288_slice_011.npy,24957,10248,1756
study_0288,12,data/dataset2_mosmed/processed/images/study_0288_slice_012.npy,data/dataset2_mosmed/processed/lung_masks/study_0288_slice_012.npy,25019,12110,1569
study_0288,13,data/dataset2_mosmed/processed/images/study_0288_slice_013.npy,data/dataset2_mosmed/processed/lung_masks/study_0288_slice_013.npy,27556,14191,1428
study_0288,14,data/dataset2_mosmed/processed/images/study_0288_slice_014.npy,data/dataset2_mosmed/processed/lung_masks/study_0288_slice_014.npy,25213,16774,1496
study_0288,15,data/dataset2_mosmed/processed/images/study_0288_slice_015.npy,data/dataset2_mosmed/processed/lung_masks/study_0288_slice_015.npy,25308,17354,1161
study_0288,16,data/dataset2_mosmed/processed/images/study_0288_slice_016.npy,data/dataset2_mosmed/processed/lung_masks/study_0288_slice_016.npy,25402,17724,1102
study_0288,17,data/dataset2_mosmed/processed/images/study_0288_slice_017.npy,data/dataset2_mosmed/processed/lung_masks/study_0288_slice_017.npy,25487,17467,802
study_0288,18,data/dataset2_mosmed/processed/images/study_0288_slice_018.npy,data/dataset2_mosmed/processed/lung_masks/study_0288_slice_018.npy,25562,17308,756
study_0288,19,data/dataset2_mosmed/processed/images/study_0288_slice_019.npy,data/dataset2_mosmed/processed/lung_masks/study_0288_slice_019.npy,25569,16993,959
study_0288,20,data/dataset2_mosmed/processed/images/study_0288_slice_020.npy,data/dataset2_mosmed/processed/lung_masks/study_0288_slice_020.npy,25527,16712,613
study_0288,21,data/dataset2_mosmed/processed/images/study_0288_slice_021.npy,data/dataset2_mosmed/processed/lung_masks/study_0288_slice_021.npy,25550,17062,325
study_0288,22,data/dataset2_mosmed/processed/images/study_0288_slice_022.npy,data/dataset2_mosmed/processed/lung_masks/study_0288_slice_022.npy,25589,17225,617
study_0288,23,data/dataset2_mosmed/processed/images/study_0288_slice_023.npy,data/dataset2_mosmed/processed/lung_masks/study_0288_slice_023.npy,25651,17564,312
study_0288,24,data/dataset2_mosmed/processed/images/study_0288_slice_024.npy,data/dataset2_mosmed/processed/lung_masks/study_0288_slice_024.npy,25702,17532,23
study_0288,25,data/dataset2_mosmed/processed/images/study_0288_slice_025.npy,data/dataset2_mosmed/processed/lung_masks/study_0288_slice_025.npy,31794,20514,0
study_0288,26,data/dataset2_mosmed/processed/images/study_0288_slice_026.npy,data/dataset2_mosmed/processed/lung_masks/study_0288_slice_026.npy,32035,19913,0
study_0289,6,data/dataset2_mosmed/processed/images/study_0289_slice_006.npy,data/dataset2_mosmed/processed/lung_masks/study_0289_slice_006.npy,62500,5535,0
study_0289,7,data/dataset2_mosmed/processed/images/study_0289_slice_007.npy,data/dataset2_mosmed/processed/lung_masks/study_0289_slice_007.npy,28870,6283,0
study_0289,8,data/dataset2_mosmed/processed/images/study_0289_slice_008.npy,data/dataset2_mosmed/processed/lung_masks/study_0289_slice_008.npy,29728,8294,95
study_0289,9,data/dataset2_mosmed/processed/images/study_0289_slice_009.npy,data/dataset2_mosmed/processed/lung_masks/study_0289_slice_009.npy,30806,10406,178
study_0289,10,data/dataset2_mosmed/processed/images/study_0289_slice_010.npy,data/dataset2_mosmed/processed/lung_masks/study_0289_slice_010.npy,38795,13770,181
study_0289,11,data/dataset2_mosmed/processed/images/study_0289_slice_011.npy,data/dataset2_mosmed/processed/lung_masks/study_0289_slice_011.npy,39421,16953,199
study_0289,12,data/dataset2_mosmed/processed/images/study_0289_slice_012.npy,data/dataset2_mosmed/processed/lung_masks/study_0289_slice_012.npy,34768,16041,117
study_0289,13,data/dataset2_mosmed/processed/images/study_0289_slice_013.npy,data/dataset2_mosmed/processed/lung_masks/study_0289_slice_013.npy,34578,15828,132
study_0289,14,data/dataset2_mosmed/processed/images/study_0289_slice_014.npy,data/dataset2_mosmed/processed/lung_masks/study_0289_slice_014.npy,25341,15994,357
study_0289,15,data/dataset2_mosmed/processed/images/study_0289_slice_015.npy,data/dataset2_mosmed/processed/lung_masks/study_0289_slice_015.npy,25124,15458,322
study_0289,16,data/dataset2_mosmed/processed/images/study_0289_slice_016.npy,data/dataset2_mosmed/processed/lung_masks/study_0289_slice_016.npy,25030,15724,223
study_0289,17,data/dataset2_mosmed/processed/images/study_0289_slice_017.npy,data/dataset2_mosmed/processed/lung_masks/study_0289_slice_017.npy,25000,15523,205
study_0289,18,data/dataset2_mosmed/processed/images/study_0289_slice_018.npy,data/dataset2_mosmed/processed/lung_masks/study_0289_slice_018.npy,24915,15796,110
study_0289,19,data/dataset2_mosmed/processed/images/study_0289_slice_019.npy,data/dataset2_mosmed/processed/lung_masks/study_0289_slice_019.npy,24728,16033,117
study_0289,20,data/dataset2_mosmed/processed/images/study_0289_slice_020.npy,data/dataset2_mosmed/processed/lung_masks/study_0289_slice_020.npy,24611,16177,261
study_0289,21,data/dataset2_mosmed/processed/images/study_0289_slice_021.npy,data/dataset2_mosmed/processed/lung_masks/study_0289_slice_021.npy,24545,16239,208
study_0289,22,data/dataset2_mosmed/processed/images/study_0289_slice_022.npy,data/dataset2_mosmed/processed/lung_masks/study_0289_slice_022.npy,24495,15870,322
study_0289,23,data/dataset2_mosmed/processed/images/study_0289_slice_023.npy,data/dataset2_mosmed/processed/lung_masks/study_0289_slice_023.npy,24556,15449,122
study_0289,24,data/dataset2_mosmed/processed/images/study_0289_slice_024.npy,data/dataset2_mosmed/processed/lung_masks/study_0289_slice_024.npy,24758,14999,202
study_0289,25,data/dataset2_mosmed/processed/images/study_0289_slice_025.npy,data/dataset2_mosmed/processed/lung_masks/study_0289_slice_025.npy,25008,14580,95
study_0289,26,data/dataset2_mosmed/processed/images/study_0289_slice_026.npy,data/dataset2_mosmed/processed/lung_masks/study_0289_slice_026.npy,25267,14182,163
study_0289,27,data/dataset2_mosmed/processed/images/study_0289_slice_027.npy,data/dataset2_mosmed/processed/lung_masks/study_0289_slice_027.npy,25618,13813,187
study_0289,28,data/dataset2_mosmed/processed/images/study_0289_slice_028.npy,data/dataset2_mosmed/processed/lung_masks/study_0289_slice_028.npy,25952,13167,115
study_0289,29,data/dataset2_mosmed/processed/images/study_0289_slice_029.npy,data/dataset2_mosmed/processed/lung_masks/study_0289_slice_029.npy,26381,12320,21
study_0289,30,data/dataset2_mosmed/processed/images/study_0289_slice_030.npy,data/dataset2_mosmed/processed/lung_masks/study_0289_slice_030.npy,26965,11412,88
study_0289,31,data/dataset2_mosmed/processed/images/study_0289_slice_031.npy,data/dataset2_mosmed/processed/lung_masks/study_0289_slice_031.npy,27648,10245,20
study_0289,32,data/dataset2_mosmed/processed/images/study_0289_slice_032.npy,data/dataset2_mosmed/processed/lung_masks/study_0289_slice_032.npy,28324,8927,0
study_0289,33,data/dataset2_mosmed/processed/images/study_0289_slice_033.npy,data/dataset2_mosmed/processed/lung_masks/study_0289_slice_033.npy,29129,7418,12
study_0289,34,data/dataset2_mosmed/processed/images/study_0289_slice_034.npy,data/dataset2_mosmed/processed/lung_masks/study_0289_slice_034.npy,30016,5771,0
study_0289,35,data/dataset2_mosmed/processed/images/study_0289_slice_035.npy,data/dataset2_mosmed/processed/lung_masks/study_0289_slice_035.npy,31056,4127,0
study_0290,5,data/dataset2_mosmed/processed/images/study_0290_slice_005.npy,data/dataset2_mosmed/processed/lung_masks/study_0290_slice_005.npy,31148,6533,0
study_0290,6,data/dataset2_mosmed/processed/images/study_0290_slice_006.npy,data/dataset2_mosmed/processed/lung_masks/study_0290_slice_006.npy,31442,7980,0
study_0290,7,data/dataset2_mosmed/processed/images/study_0290_slice_007.npy,data/dataset2_mosmed/processed/lung_masks/study_0290_slice_007.npy,31764,8755,56
study_0290,8,data/dataset2_mosmed/processed/images/study_0290_slice_008.npy,data/dataset2_mosmed/processed/lung_masks/study_0290_slice_008.npy,32270,9708,51
study_0290,9,data/dataset2_mosmed/processed/images/study_0290_slice_009.npy,data/dataset2_mosmed/processed/lung_masks/study_0290_slice_009.npy,32990,10556,152
study_0290,10,data/dataset2_mosmed/processed/images/study_0290_slice_010.npy,data/dataset2_mosmed/processed/lung_masks/study_0290_slice_010.npy,33817,12834,344
study_0290,11,data/dataset2_mosmed/processed/images/study_0290_slice_011.npy,data/dataset2_mosmed/processed/lung_masks/study_0290_slice_011.npy,42379,15747,491
study_0290,12,data/dataset2_mosmed/processed/images/study_0290_slice_012.npy,data/dataset2_mosmed/processed/lung_masks/study_0290_slice_012.npy,43734,17375,540
study_0290,13,data/dataset2_mosmed/processed/images/study_0290_slice_013.npy,data/dataset2_mosmed/processed/lung_masks/study_0290_slice_013.npy,43537,17653,885
study_0290,14,data/dataset2_mosmed/processed/images/study_0290_slice_014.npy,data/dataset2_mosmed/processed/lung_masks/study_0290_slice_014.npy,36217,17585,758
study_0290,15,data/dataset2_mosmed/processed/images/study_0290_slice_015.npy,data/dataset2_mosmed/processed/lung_masks/study_0290_slice_015.npy,26029,17054,537
study_0290,16,data/dataset2_mosmed/processed/images/study_0290_slice_016.npy,data/dataset2_mosmed/processed/lung_masks/study_0290_slice_016.npy,25552,17065,357
study_0290,17,data/dataset2_mosmed/processed/images/study_0290_slice_017.npy,data/dataset2_mosmed/processed/lung_masks/study_0290_slice_017.npy,24961,17122,277
study_0290,18,data/dataset2_mosmed/processed/images/study_0290_slice_018.npy,data/dataset2_mosmed/processed/lung_masks/study_0290_slice_018.npy,24482,17300,0
study_0290,19,data/dataset2_mosmed/processed/images/study_0290_slice_019.npy,data/dataset2_mosmed/processed/lung_masks/study_0290_slice_019.npy,24202,17494,109
study_0290,20,data/dataset2_mosmed/processed/images/study_0290_slice_020.npy,data/dataset2_mosmed/processed/lung_masks/study_0290_slice_020.npy,24090,17940,0
study_0290,21,data/dataset2_mosmed/processed/images/study_0290_slice_021.npy,data/dataset2_mosmed/processed/lung_masks/study_0290_slice_021.npy,24065,18507,0
study_0290,23,data/dataset2_mosmed/processed/images/study_0290_slice_023.npy,data/dataset2_mosmed/processed/lung_masks/study_0290_slice_023.npy,30677,23822,0
study_0290,24,data/dataset2_mosmed/processed/images/study_0290_slice_024.npy,data/dataset2_mosmed/processed/lung_masks/study_0290_slice_024.npy,30974,22470,0
study_0290,25,data/dataset2_mosmed/processed/images/study_0290_slice_025.npy,data/dataset2_mosmed/processed/lung_masks/study_0290_slice_025.npy,30858,23469,50
study_0290,26,data/dataset2_mosmed/processed/images/study_0290_slice_026.npy,data/dataset2_mosmed/processed/lung_masks/study_0290_slice_026.npy,31104,23128,0
study_0290,27,data/dataset2_mosmed/processed/images/study_0290_slice_027.npy,data/dataset2_mosmed/processed/lung_masks/study_0290_slice_027.npy,31428,21982,0
study_0291,12,data/dataset2_mosmed/processed/images/study_0291_slice_012.npy,data/dataset2_mosmed/processed/lung_masks/study_0291_slice_012.npy,62500,14469,0
study_0291,13,data/dataset2_mosmed/processed/images/study_0291_slice_013.npy,data/dataset2_mosmed/processed/lung_masks/study_0291_slice_013.npy,62500,14960,0
study_0291,14,data/dataset2_mosmed/processed/images/study_0291_slice_014.npy,data/dataset2_mosmed/processed/lung_masks/study_0291_slice_014.npy,62500,15475,88
study_0291,15,data/dataset2_mosmed/processed/images/study_0291_slice_015.npy,data/dataset2_mosmed/processed/lung_masks/study_0291_slice_015.npy,62500,15285,380
study_0291,16,data/dataset2_mosmed/processed/images/study_0291_slice_016.npy,data/dataset2_mosmed/processed/lung_masks/study_0291_slice_016.npy,62500,15025,631
study_0291,17,data/dataset2_mosmed/processed/images/study_0291_slice_017.npy,data/dataset2_mosmed/processed/lung_masks/study_0291_slice_017.npy,62500,15217,797
study_0291,18,data/dataset2_mosmed/processed/images/study_0291_slice_018.npy,data/dataset2_mosmed/processed/lung_masks/study_0291_slice_018.npy,62500,15515,827
study_0291,19,data/dataset2_mosmed/processed/images/study_0291_slice_019.npy,data/dataset2_mosmed/processed/lung_masks/study_0291_slice_019.npy,41404,15790,904
study_0291,20,data/dataset2_mosmed/processed/images/study_0291_slice_020.npy,data/dataset2_mosmed/processed/lung_masks/study_0291_slice_020.npy,29069,22510,942
study_0291,21,data/dataset2_mosmed/processed/images/study_0291_slice_021.npy,data/dataset2_mosmed/processed/lung_masks/study_0291_slice_021.npy,28893,22651,935
study_0291,22,data/dataset2_mosmed/processed/images/study_0291_slice_022.npy,data/dataset2_mosmed/processed/lung_masks/study_0291_slice_022.npy,28777,22048,581
study_0291,23,data/dataset2_mosmed/processed/images/study_0291_slice_023.npy,data/dataset2_mosmed/processed/lung_masks/study_0291_slice_023.npy,28545,22138,422
study_0291,24,data/dataset2_mosmed/processed/images/study_0291_slice_024.npy,data/dataset2_mosmed/processed/lung_masks/study_0291_slice_024.npy,28179,21823,348
study_0291,25,data/dataset2_mosmed/processed/images/study_0291_slice_025.npy,data/dataset2_mosmed/processed/lung_masks/study_0291_slice_025.npy,27884,21543,221
study_0291,26,data/dataset2_mosmed/processed/images/study_0291_slice_026.npy,data/dataset2_mosmed/processed/lung_masks/study_0291_slice_026.npy,27830,21359,28
study_0291,27,data/dataset2_mosmed/processed/images/study_0291_slice_027.npy,data/dataset2_mosmed/processed/lung_masks/study_0291_slice_027.npy,27339,21076,0
study_0291,28,data/dataset2_mosmed/processed/images/study_0291_slice_028.npy,data/dataset2_mosmed/processed/lung_masks/study_0291_slice_028.npy,27609,20387,0
study_0292,7,data/dataset2_mosmed/processed/images/study_0292_slice_007.npy,data/dataset2_mosmed/processed/lung_masks/study_0292_slice_007.npy,62500,7329,0
study_0292,8,data/dataset2_mosmed/processed/images/study_0292_slice_008.npy,data/dataset2_mosmed/processed/lung_masks/study_0292_slice_008.npy,62500,8083,0
study_0292,9,data/dataset2_mosmed/processed/images/study_0292_slice_009.npy,data/dataset2_mosmed/processed/lung_masks/study_0292_slice_009.npy,62500,8868,97
study_0292,10,data/dataset2_mosmed/processed/images/study_0292_slice_010.npy,data/dataset2_mosmed/processed/lung_masks/study_0292_slice_010.npy,62500,9941,176
study_0292,11,data/dataset2_mosmed/processed/images/study_0292_slice_011.npy,data/dataset2_mosmed/processed/lung_masks/study_0292_slice_011.npy,62500,10917,87
study_0292,12,data/dataset2_mosmed/processed/images/study_0292_slice_012.npy,data/dataset2_mosmed/processed/lung_masks/study_0292_slice_012.npy,62500,18871,0
study_0292,13,data/dataset2_mosmed/processed/images/study_0292_slice_013.npy,data/dataset2_mosmed/processed/lung_masks/study_0292_slice_013.npy,62500,21650,9
study_0292,14,data/dataset2_mosmed/processed/images/study_0292_slice_014.npy,data/dataset2_mosmed/processed/lung_masks/study_0292_slice_014.npy,62500,23628,34
study_0292,15,data/dataset2_mosmed/processed/images/study_0292_slice_015.npy,data/dataset2_mosmed/processed/lung_masks/study_0292_slice_015.npy,62500,23139,189
study_0292,16,data/dataset2_mosmed/processed/images/study_0292_slice_016.npy,data/dataset2_mosmed/processed/lung_masks/study_0292_slice_016.npy,62500,22924,268
study_0292,17,data/dataset2_mosmed/processed/images/study_0292_slice_017.npy,data/dataset2_mosmed/processed/lung_masks/study_0292_slice_017.npy,62500,16647,508
study_0292,18,data/dataset2_mosmed/processed/images/study_0292_slice_018.npy,data/dataset2_mosmed/processed/lung_masks/study_0292_slice_018.npy,62500,16413,698
study_0292,19,data/dataset2_mosmed/processed/images/study_0292_slice_019.npy,data/dataset2_mosmed/processed/lung_masks/study_0292_slice_019.npy,62500,16089,874
study_0292,20,data/dataset2_mosmed/processed/images/study_0292_slice_020.npy,data/dataset2_mosmed/processed/lung_masks/study_0292_slice_020.npy,62500,15889,660
study_0292,21,data/dataset2_mosmed/processed/images/study_0292_slice_021.npy,data/dataset2_mosmed/processed/lung_masks/study_0292_slice_021.npy,62500,15778,364
study_0292,22,data/dataset2_mosmed/processed/images/study_0292_slice_022.npy,data/dataset2_mosmed/processed/lung_masks/study_0292_slice_022.npy,62500,15803,305
study_0292,23,data/dataset2_mosmed/processed/images/study_0292_slice_023.npy,data/dataset2_mosmed/processed/lung_masks/study_0292_slice_023.npy,62500,15799,142
study_0292,24,data/dataset2_mosmed/processed/images/study_0292_slice_024.npy,data/dataset2_mosmed/processed/lung_masks/study_0292_slice_024.npy,62500,15871,88
study_0292,25,data/dataset2_mosmed/processed/images/study_0292_slice_025.npy,data/dataset2_mosmed/processed/lung_masks/study_0292_slice_025.npy,62500,22711,60
study_0292,26,data/dataset2_mosmed/processed/images/study_0292_slice_026.npy,data/dataset2_mosmed/processed/lung_masks/study_0292_slice_026.npy,40720,22388,0
study_0292,27,data/dataset2_mosmed/processed/images/study_0292_slice_027.npy,data/dataset2_mosmed/processed/lung_masks/study_0292_slice_027.npy,40969,22009,0
study_0293,6,data/dataset2_mosmed/processed/images/study_0293_slice_006.npy,data/dataset2_mosmed/processed/lung_masks/study_0293_slice_006.npy,62500,4092,0
study_0293,7,data/dataset2_mosmed/processed/images/study_0293_slice_007.npy,data/dataset2_mosmed/processed/lung_masks/study_0293_slice_007.npy,62500,6828,0
study_0293,8,data/dataset2_mosmed/processed/images/study_0293_slice_008.npy,data/dataset2_mosmed/processed/lung_masks/study_0293_slice_008.npy,62500,8236,36
study_0293,9,data/dataset2_mosmed/processed/images/study_0293_slice_009.npy,data/dataset2_mosmed/processed/lung_masks/study_0293_slice_009.npy,62500,9810,175
study_0293,10,data/dataset2_mosmed/processed/images/study_0293_slice_010.npy,data/dataset2_mosmed/processed/lung_masks/study_0293_slice_010.npy,62500,11263,251
study_0293,11,data/dataset2_mosmed/processed/images/study_0293_slice_011.npy,data/dataset2_mosmed/processed/lung_masks/study_0293_slice_011.npy,62500,11857,47
study_0293,12,data/dataset2_mosmed/processed/images/study_0293_slice_012.npy,data/dataset2_mosmed/processed/lung_masks/study_0293_slice_012.npy,62500,14451,186
study_0293,13,data/dataset2_mosmed/processed/images/study_0293_slice_013.npy,data/dataset2_mosmed/processed/lung_masks/study_0293_slice_013.npy,62500,14353,144
study_0293,14,data/dataset2_mosmed/processed/images/study_0293_slice_014.npy,data/dataset2_mosmed/processed/lung_masks/study_0293_slice_014.npy,62500,15073,66
study_0293,15,data/dataset2_mosmed/processed/images/study_0293_slice_015.npy,data/dataset2_mosmed/processed/lung_masks/study_0293_slice_015.npy,62500,16856,36
study_0293,16,data/dataset2_mosmed/processed/images/study_0293_slice_016.npy,data/dataset2_mosmed/processed/lung_masks/study_0293_slice_016.npy,62500,16769,226
study_0293,17,data/dataset2_mosmed/processed/images/study_0293_slice_017.npy,data/dataset2_mosmed/processed/lung_masks/study_0293_slice_017.npy,62500,16082,33
study_0293,18,data/dataset2_mosmed/processed/images/study_0293_slice_018.npy,data/dataset2_mosmed/processed/lung_masks/study_0293_slice_018.npy,62500,16862,0
study_0293,19,data/dataset2_mosmed/processed/images/study_0293_slice_019.npy,data/dataset2_mosmed/processed/lung_masks/study_0293_slice_019.npy,62500,16969,0
study_0293,20,data/dataset2_mosmed/processed/images/study_0293_slice_020.npy,data/dataset2_mosmed/processed/lung_masks/study_0293_slice_020.npy,62500,19366,0
study_0293,21,data/dataset2_mosmed/processed/images/study_0293_slice_021.npy,data/dataset2_mosmed/processed/lung_masks/study_0293_slice_021.npy,62500,18861,0
study_0293,22,data/dataset2_mosmed/processed/images/study_0293_slice_022.npy,data/dataset2_mosmed/processed/lung_masks/study_0293_slice_022.npy,62500,16354,65
study_0293,23,data/dataset2_mosmed/processed/images/study_0293_slice_023.npy,data/dataset2_mosmed/processed/lung_masks/study_0293_slice_023.npy,62500,17837,0
study_0293,24,data/dataset2_mosmed/processed/images/study_0293_slice_024.npy,data/dataset2_mosmed/processed/lung_masks/study_0293_slice_024.npy,62500,16970,0
study_0293,25,data/dataset2_mosmed/processed/images/study_0293_slice_025.npy,data/dataset2_mosmed/processed/lung_masks/study_0293_slice_025.npy,39462,14677,51
study_0293,26,data/dataset2_mosmed/processed/images/study_0293_slice_026.npy,data/dataset2_mosmed/processed/lung_masks/study_0293_slice_026.npy,34014,11951,67
study_0293,27,data/dataset2_mosmed/processed/images/study_0293_slice_027.npy,data/dataset2_mosmed/processed/lung_masks/study_0293_slice_027.npy,34042,10915,0
study_0293,28,data/dataset2_mosmed/processed/images/study_0293_slice_028.npy,data/dataset2_mosmed/processed/lung_masks/study_0293_slice_028.npy,34378,10051,0
study_0294,10,data/dataset2_mosmed/processed/images/study_0294_slice_010.npy,data/dataset2_mosmed/processed/lung_masks/study_0294_slice_010.npy,62500,5164,0
study_0294,11,data/dataset2_mosmed/processed/images/study_0294_slice_011.npy,data/dataset2_mosmed/processed/lung_masks/study_0294_slice_011.npy,62500,5643,0
study_0294,12,data/dataset2_mosmed/processed/images/study_0294_slice_012.npy,data/dataset2_mosmed/processed/lung_masks/study_0294_slice_012.npy,62500,6076,7
study_0294,13,data/dataset2_mosmed/processed/images/study_0294_slice_013.npy,data/dataset2_mosmed/processed/lung_masks/study_0294_slice_013.npy,62500,6604,0
study_0294,14,data/dataset2_mosmed/processed/images/study_0294_slice_014.npy,data/dataset2_mosmed/processed/lung_masks/study_0294_slice_014.npy,62500,6973,0
study_0294,15,data/dataset2_mosmed/processed/images/study_0294_slice_015.npy,data/dataset2_mosmed/processed/lung_masks/study_0294_slice_015.npy,62500,7529,0
study_0294,16,data/dataset2_mosmed/processed/images/study_0294_slice_016.npy,data/dataset2_mosmed/processed/lung_masks/study_0294_slice_016.npy,62500,8325,0
study_0294,17,data/dataset2_mosmed/processed/images/study_0294_slice_017.npy,data/dataset2_mosmed/processed/lung_masks/study_0294_slice_017.npy,30102,8825,9
study_0294,18,data/dataset2_mosmed/processed/images/study_0294_slice_018.npy,data/dataset2_mosmed/processed/lung_masks/study_0294_slice_018.npy,29504,9721,0
study_0294,19,data/dataset2_mosmed/processed/images/study_0294_slice_019.npy,data/dataset2_mosmed/processed/lung_masks/study_0294_slice_019.npy,29266,10566,67
study_0294,20,data/dataset2_mosmed/processed/images/study_0294_slice_020.npy,data/dataset2_mosmed/processed/lung_masks/study_0294_slice_020.npy,30555,12559,38
study_0294,21,data/dataset2_mosmed/processed/images/study_0294_slice_021.npy,data/dataset2_mosmed/processed/lung_masks/study_0294_slice_021.npy,23057,12432,0
study_0294,22,data/dataset2_mosmed/processed/images/study_0294_slice_022.npy,data/dataset2_mosmed/processed/lung_masks/study_0294_slice_022.npy,22721,12312,28
study_0294,23,data/dataset2_mosmed/processed/images/study_0294_slice_023.npy,data/dataset2_mosmed/processed/lung_masks/study_0294_slice_023.npy,22526,16856,0
study_0294,24,data/dataset2_mosmed/processed/images/study_0294_slice_024.npy,data/dataset2_mosmed/processed/lung_masks/study_0294_slice_024.npy,22510,17138,0
study_0294,25,data/dataset2_mosmed/processed/images/study_0294_slice_025.npy,data/dataset2_mosmed/processed/lung_masks/study_0294_slice_025.npy,22716,17109,0
study_0294,26,data/dataset2_mosmed/processed/images/study_0294_slice_026.npy,data/dataset2_mosmed/processed/lung_masks/study_0294_slice_026.npy,23128,17104,32
study_0294,27,data/dataset2_mosmed/processed/images/study_0294_slice_027.npy,data/dataset2_mosmed/processed/lung_masks/study_0294_slice_027.npy,23231,16998,102
study_0294,28,data/dataset2_mosmed/processed/images/study_0294_slice_028.npy,data/dataset2_mosmed/processed/lung_masks/study_0294_slice_028.npy,23450,16868,39
study_0294,29,data/dataset2_mosmed/processed/images/study_0294_slice_029.npy,data/dataset2_mosmed/processed/lung_masks/study_0294_slice_029.npy,23730,16371,70
study_0294,30,data/dataset2_mosmed/processed/images/study_0294_slice_030.npy,data/dataset2_mosmed/processed/lung_masks/study_0294_slice_030.npy,24242,16304,69
study_0294,31,data/dataset2_mosmed/processed/images/study_0294_slice_031.npy,data/dataset2_mosmed/processed/lung_masks/study_0294_slice_031.npy,25003,15859,107
study_0294,32,data/dataset2_mosmed/processed/images/study_0294_slice_032.npy,data/dataset2_mosmed/processed/lung_masks/study_0294_slice_032.npy,26070,14958,0
study_0294,33,data/dataset2_mosmed/processed/images/study_0294_slice_033.npy,data/dataset2_mosmed/processed/lung_masks/study_0294_slice_033.npy,27109,9725,28
study_0294,34,data/dataset2_mosmed/processed/images/study_0294_slice_034.npy,data/dataset2_mosmed/processed/lung_masks/study_0294_slice_034.npy,28053,9013,27
study_0294,35,data/dataset2_mosmed/processed/images/study_0294_slice_035.npy,data/dataset2_mosmed/processed/lung_masks/study_0294_slice_035.npy,28931,8174,0
study_0294,36,data/dataset2_mosmed/processed/images/study_0294_slice_036.npy,data/dataset2_mosmed/processed/lung_masks/study_0294_slice_036.npy,29763,7117,33
study_0294,37,data/dataset2_mosmed/processed/images/study_0294_slice_037.npy,data/dataset2_mosmed/processed/lung_masks/study_0294_slice_037.npy,30597,6136,0
study_0294,38,data/dataset2_mosmed/processed/images/study_0294_slice_038.npy,data/dataset2_mosmed/processed/lung_masks/study_0294_slice_038.npy,31445,5288,0
study_0295,4,data/dataset2_mosmed/processed/images/study_0295_slice_004.npy,data/dataset2_mosmed/processed/lung_masks/study_0295_slice_004.npy,17574,6647,0
study_0295,5,data/dataset2_mosmed/processed/images/study_0295_slice_005.npy,data/dataset2_mosmed/processed/lung_masks/study_0295_slice_005.npy,17415,8344,0
study_0295,6,data/dataset2_mosmed/processed/images/study_0295_slice_006.npy,data/dataset2_mosmed/processed/lung_masks/study_0295_slice_006.npy,21710,10131,51
study_0295,7,data/dataset2_mosmed/processed/images/study_0295_slice_007.npy,data/dataset2_mosmed/processed/lung_masks/study_0295_slice_007.npy,17150,11760,60
study_0295,8,data/dataset2_mosmed/processed/images/study_0295_slice_008.npy,data/dataset2_mosmed/processed/lung_masks/study_0295_slice_008.npy,51521,16666,100
study_0295,9,data/dataset2_mosmed/processed/images/study_0295_slice_009.npy,data/dataset2_mosmed/processed/lung_masks/study_0295_slice_009.npy,51785,18451,95
study_0295,10,data/dataset2_mosmed/processed/images/study_0295_slice_010.npy,data/dataset2_mosmed/processed/lung_masks/study_0295_slice_010.npy,52008,20287,266
study_0295,11,data/dataset2_mosmed/processed/images/study_0295_slice_011.npy,data/dataset2_mosmed/processed/lung_masks/study_0295_slice_011.npy,35908,18509,476
study_0295,12,data/dataset2_mosmed/processed/images/study_0295_slice_012.npy,data/dataset2_mosmed/processed/lung_masks/study_0295_slice_012.npy,51822,24313,337
study_0295,13,data/dataset2_mosmed/processed/images/study_0295_slice_013.npy,data/dataset2_mosmed/processed/lung_masks/study_0295_slice_013.npy,39301,23651,0
study_0295,14,data/dataset2_mosmed/processed/images/study_0295_slice_014.npy,data/dataset2_mosmed/processed/lung_masks/study_0295_slice_014.npy,22536,23436,329
study_0295,15,data/dataset2_mosmed/processed/images/study_0295_slice_015.npy,data/dataset2_mosmed/processed/lung_masks/study_0295_slice_015.npy,21706,22609,600
study_0295,16,data/dataset2_mosmed/processed/images/study_0295_slice_016.npy,data/dataset2_mosmed/processed/lung_masks/study_0295_slice_016.npy,21571,21949,559
study_0295,17,data/dataset2_mosmed/processed/images/study_0295_slice_017.npy,data/dataset2_mosmed/processed/lung_masks/study_0295_slice_017.npy,21541,21445,472
study_0295,18,data/dataset2_mosmed/processed/images/study_0295_slice_018.npy,data/dataset2_mosmed/processed/lung_masks/study_0295_slice_018.npy,21509,21138,429
study_0295,19,data/dataset2_mosmed/processed/images/study_0295_slice_019.npy,data/dataset2_mosmed/processed/lung_masks/study_0295_slice_019.npy,21505,21178,170
study_0295,20,data/dataset2_mosmed/processed/images/study_0295_slice_020.npy,data/dataset2_mosmed/processed/lung_masks/study_0295_slice_020.npy,21518,21085,124
study_0295,21,data/dataset2_mosmed/processed/images/study_0295_slice_021.npy,data/dataset2_mosmed/processed/lung_masks/study_0295_slice_021.npy,21354,20494,210
study_0295,22,data/dataset2_mosmed/processed/images/study_0295_slice_022.npy,data/dataset2_mosmed/processed/lung_masks/study_0295_slice_022.npy,21330,20349,149
study_0295,23,data/dataset2_mosmed/processed/images/study_0295_slice_023.npy,data/dataset2_mosmed/processed/lung_masks/study_0295_slice_023.npy,21462,20447,49
study_0295,24,data/dataset2_mosmed/processed/images/study_0295_slice_024.npy,data/dataset2_mosmed/processed/lung_masks/study_0295_slice_024.npy,30438,23066,0
study_0295,25,data/dataset2_mosmed/processed/images/study_0295_slice_025.npy,data/dataset2_mosmed/processed/lung_masks/study_0295_slice_025.npy,30749,23057,0
study_0295,26,data/dataset2_mosmed/processed/images/study_0295_slice_026.npy,data/dataset2_mosmed/processed/lung_masks/study_0295_slice_026.npy,30773,22938,0
study_0295,27,data/dataset2_mosmed/processed/images/study_0295_slice_027.npy,data/dataset2_mosmed/processed/lung_masks/study_0295_slice_027.npy,30726,22593,19
study_0295,28,data/dataset2_mosmed/processed/images/study_0295_slice_028.npy,data/dataset2_mosmed/processed/lung_masks/study_0295_slice_028.npy,30262,21768,0
study_0295,29,data/dataset2_mosmed/processed/images/study_0295_slice_029.npy,data/dataset2_mosmed/processed/lung_masks/study_0295_slice_029.npy,29968,21158,0
study_0296,8,data/dataset2_mosmed/processed/images/study_0296_slice_008.npy,data/dataset2_mosmed/processed/lung_masks/study_0296_slice_008.npy,24973,7166,0
study_0296,9,data/dataset2_mosmed/processed/images/study_0296_slice_009.npy,data/dataset2_mosmed/processed/lung_masks/study_0296_slice_009.npy,25139,11508,0
study_0296,10,data/dataset2_mosmed/processed/images/study_0296_slice_010.npy,data/dataset2_mosmed/processed/lung_masks/study_0296_slice_010.npy,25349,12499,53
study_0296,11,data/dataset2_mosmed/processed/images/study_0296_slice_011.npy,data/dataset2_mosmed/processed/lung_masks/study_0296_slice_011.npy,26002,14536,150
study_0296,12,data/dataset2_mosmed/processed/images/study_0296_slice_012.npy,data/dataset2_mosmed/processed/lung_masks/study_0296_slice_012.npy,26363,15369,148
study_0296,13,data/dataset2_mosmed/processed/images/study_0296_slice_013.npy,data/dataset2_mosmed/processed/lung_masks/study_0296_slice_013.npy,26581,13693,79
study_0296,14,data/dataset2_mosmed/processed/images/study_0296_slice_014.npy,data/dataset2_mosmed/processed/lung_masks/study_0296_slice_014.npy,26745,13352,328
study_0296,15,data/dataset2_mosmed/processed/images/study_0296_slice_015.npy,data/dataset2_mosmed/processed/lung_masks/study_0296_slice_015.npy,26944,12921,557
study_0296,16,data/dataset2_mosmed/processed/images/study_0296_slice_016.npy,data/dataset2_mosmed/processed/lung_masks/study_0296_slice_016.npy,27116,12522,206
study_0296,17,data/dataset2_mosmed/processed/images/study_0296_slice_017.npy,data/dataset2_mosmed/processed/lung_masks/study_0296_slice_017.npy,27270,12543,0
study_0296,18,data/dataset2_mosmed/processed/images/study_0296_slice_018.npy,data/dataset2_mosmed/processed/lung_masks/study_0296_slice_018.npy,27445,12220,0
study_0297,0,data/dataset2_mosmed/processed/images/study_0297_slice_000.npy,data/dataset2_mosmed/processed/lung_masks/study_0297_slice_000.npy,62500,5186,0
study_0297,1,data/dataset2_mosmed/processed/images/study_0297_slice_001.npy,data/dataset2_mosmed/processed/lung_masks/study_0297_slice_001.npy,62500,5033,0
study_0297,2,data/dataset2_mosmed/processed/images/study_0297_slice_002.npy,data/dataset2_mosmed/processed/lung_masks/study_0297_slice_002.npy,62500,5644,221
study_0297,3,data/dataset2_mosmed/processed/images/study_0297_slice_003.npy,data/dataset2_mosmed/processed/lung_masks/study_0297_slice_003.npy,62500,6220,288
study_0297,4,data/dataset2_mosmed/processed/images/study_0297_slice_004.npy,data/dataset2_mosmed/processed/lung_masks/study_0297_slice_004.npy,62500,6842,288
study_0297,5,data/dataset2_mosmed/processed/images/study_0297_slice_005.npy,data/dataset2_mosmed/processed/lung_masks/study_0297_slice_005.npy,62500,7227,216
study_0297,6,data/dataset2_mosmed/processed/images/study_0297_slice_006.npy,data/dataset2_mosmed/processed/lung_masks/study_0297_slice_006.npy,62500,7577,650
study_0297,7,data/dataset2_mosmed/processed/images/study_0297_slice_007.npy,data/dataset2_mosmed/processed/lung_masks/study_0297_slice_007.npy,62500,8031,1021
study_0297,8,data/dataset2_mosmed/processed/images/study_0297_slice_008.npy,data/dataset2_mosmed/processed/lung_masks/study_0297_slice_008.npy,62500,8831,1251
study_0297,9,data/dataset2_mosmed/processed/images/study_0297_slice_009.npy,data/dataset2_mosmed/processed/lung_masks/study_0297_slice_009.npy,62500,9270,1453
study_0297,10,data/dataset2_mosmed/processed/images/study_0297_slice_010.npy,data/dataset2_mosmed/processed/lung_masks/study_0297_slice_010.npy,62500,9840,1558
study_0297,11,data/dataset2_mosmed/processed/images/study_0297_slice_011.npy,data/dataset2_mosmed/processed/lung_masks/study_0297_slice_011.npy,62500,10034,1554
study_0297,12,data/dataset2_mosmed/processed/images/study_0297_slice_012.npy,data/dataset2_mosmed/processed/lung_masks/study_0297_slice_012.npy,62500,14353,1335
study_0297,13,data/dataset2_mosmed/processed/images/study_0297_slice_013.npy,data/dataset2_mosmed/processed/lung_masks/study_0297_slice_013.npy,62500,10525,1319
study_0297,14,data/dataset2_mosmed/processed/images/study_0297_slice_014.npy,data/dataset2_mosmed/processed/lung_masks/study_0297_slice_014.npy,62500,11715,1243
study_0297,15,data/dataset2_mosmed/processed/images/study_0297_slice_015.npy,data/dataset2_mosmed/processed/lung_masks/study_0297_slice_015.npy,62500,11393,1330
study_0297,16,data/dataset2_mosmed/processed/images/study_0297_slice_016.npy,data/dataset2_mosmed/processed/lung_masks/study_0297_slice_016.npy,62500,11631,1672
study_0297,17,data/dataset2_mosmed/processed/images/study_0297_slice_017.npy,data/dataset2_mosmed/processed/lung_masks/study_0297_slice_017.npy,62500,12402,825
study_0297,18,data/dataset2_mosmed/processed/images/study_0297_slice_018.npy,data/dataset2_mosmed/processed/lung_masks/study_0297_slice_018.npy,62500,13812,561
study_0297,19,data/dataset2_mosmed/processed/images/study_0297_slice_019.npy,data/dataset2_mosmed/processed/lung_masks/study_0297_slice_019.npy,62500,14532,634
study_0297,20,data/dataset2_mosmed/processed/images/study_0297_slice_020.npy,data/dataset2_mosmed/processed/lung_masks/study_0297_slice_020.npy,34869,15070,565
study_0297,21,data/dataset2_mosmed/processed/images/study_0297_slice_021.npy,data/dataset2_mosmed/processed/lung_masks/study_0297_slice_021.npy,34672,15022,315
study_0297,22,data/dataset2_mosmed/processed/images/study_0297_slice_022.npy,data/dataset2_mosmed/processed/lung_masks/study_0297_slice_022.npy,34258,14365,387
study_0297,23,data/dataset2_mosmed/processed/images/study_0297_slice_023.npy,data/dataset2_mosmed/processed/lung_masks/study_0297_slice_023.npy,28560,19893,506
study_0297,24,data/dataset2_mosmed/processed/images/study_0297_slice_024.npy,data/dataset2_mosmed/processed/lung_masks/study_0297_slice_024.npy,28214,19848,625
study_0297,25,data/dataset2_mosmed/processed/images/study_0297_slice_025.npy,data/dataset2_mosmed/processed/lung_masks/study_0297_slice_025.npy,28514,19949,641
study_0297,26,data/dataset2_mosmed/processed/images/study_0297_slice_026.npy,data/dataset2_mosmed/processed/lung_masks/study_0297_slice_026.npy,28673,18645,426
study_0297,27,data/dataset2_mosmed/processed/images/study_0297_slice_027.npy,data/dataset2_mosmed/processed/lung_masks/study_0297_slice_027.npy,28561,19428,337
study_0297,28,data/dataset2_mosmed/processed/images/study_0297_slice_028.npy,data/dataset2_mosmed/processed/lung_masks/study_0297_slice_028.npy,28546,18272,387
study_0297,29,data/dataset2_mosmed/processed/images/study_0297_slice_029.npy,data/dataset2_mosmed/processed/lung_masks/study_0297_slice_029.npy,28799,18491,621
study_0297,30,data/dataset2_mosmed/processed/images/study_0297_slice_030.npy,data/dataset2_mosmed/processed/lung_masks/study_0297_slice_030.npy,29082,17696,1039
study_0297,31,data/dataset2_mosmed/processed/images/study_0297_slice_031.npy,data/dataset2_mosmed/processed/lung_masks/study_0297_slice_031.npy,29368,16260,911
study_0297,32,data/dataset2_mosmed/processed/images/study_0297_slice_032.npy,data/dataset2_mosmed/processed/lung_masks/study_0297_slice_032.npy,29687,15254,1025
study_0297,33,data/dataset2_mosmed/processed/images/study_0297_slice_033.npy,data/dataset2_mosmed/processed/lung_masks/study_0297_slice_033.npy,30033,10265,735
study_0297,34,data/dataset2_mosmed/processed/images/study_0297_slice_034.npy,data/dataset2_mosmed/processed/lung_masks/study_0297_slice_034.npy,30402,8998,651
study_0297,35,data/dataset2_mosmed/processed/images/study_0297_slice_035.npy,data/dataset2_mosmed/processed/lung_masks/study_0297_slice_035.npy,30800,7692,414
study_0297,36,data/dataset2_mosmed/processed/images/study_0297_slice_036.npy,data/dataset2_mosmed/processed/lung_masks/study_0297_slice_036.npy,31222,5069,196
study_0297,37,data/dataset2_mosmed/processed/images/study_0297_slice_037.npy,data/dataset2_mosmed/processed/lung_masks/study_0297_slice_037.npy,31735,3343,172
study_0297,38,data/dataset2_mosmed/processed/images/study_0297_slice_038.npy,data/dataset2_mosmed/processed/lung_masks/study_0297_slice_038.npy,32308,1606,0
study_0297,39,data/dataset2_mosmed/processed/images/study_0297_slice_039.npy,data/dataset2_mosmed/processed/lung_masks/study_0297_slice_039.npy,33021,33178,0
study_0298,4,data/dataset2_mosmed/processed/images/study_0298_slice_004.npy,data/dataset2_mosmed/processed/lung_masks/study_0298_slice_004.npy,62500,5706,0
study_0298,5,data/dataset2_mosmed/processed/images/study_0298_slice_005.npy,data/dataset2_mosmed/processed/lung_masks/study_0298_slice_005.npy,62500,5895,0
study_0298,6,data/dataset2_mosmed/processed/images/study_0298_slice_006.npy,data/dataset2_mosmed/processed/lung_masks/study_0298_slice_006.npy,62500,6606,264
study_0298,7,data/dataset2_mosmed/processed/images/study_0298_slice_007.npy,data/dataset2_mosmed/processed/lung_masks/study_0298_slice_007.npy,62500,7635,398
study_0298,8,data/dataset2_mosmed/processed/images/study_0298_slice_008.npy,data/dataset2_mosmed/processed/lung_masks/study_0298_slice_008.npy,62500,8675,582
study_0298,9,data/dataset2_mosmed/processed/images/study_0298_slice_009.npy,data/dataset2_mosmed/processed/lung_masks/study_0298_slice_009.npy,62500,8603,820
study_0298,10,data/dataset2_mosmed/processed/images/study_0298_slice_010.npy,data/dataset2_mosmed/processed/lung_masks/study_0298_slice_010.npy,62500,10239,1038
study_0298,11,data/dataset2_mosmed/processed/images/study_0298_slice_011.npy,data/dataset2_mosmed/processed/lung_masks/study_0298_slice_011.npy,62500,12991,914
study_0298,12,data/dataset2_mosmed/processed/images/study_0298_slice_012.npy,data/dataset2_mosmed/processed/lung_masks/study_0298_slice_012.npy,62500,20277,882
study_0298,13,data/dataset2_mosmed/processed/images/study_0298_slice_013.npy,data/dataset2_mosmed/processed/lung_masks/study_0298_slice_013.npy,62500,21374,674
study_0298,14,data/dataset2_mosmed/processed/images/study_0298_slice_014.npy,data/dataset2_mosmed/processed/lung_masks/study_0298_slice_014.npy,36056,15296,640
study_0298,15,data/dataset2_mosmed/processed/images/study_0298_slice_015.npy,data/dataset2_mosmed/processed/lung_masks/study_0298_slice_015.npy,35960,15000,677
study_0298,16,data/dataset2_mosmed/processed/images/study_0298_slice_016.npy,data/dataset2_mosmed/processed/lung_masks/study_0298_slice_016.npy,35796,15213,574
study_0298,17,data/dataset2_mosmed/processed/images/study_0298_slice_017.npy,data/dataset2_mosmed/processed/lung_masks/study_0298_slice_017.npy,27406,15163,522
study_0298,18,data/dataset2_mosmed/processed/images/study_0298_slice_018.npy,data/dataset2_mosmed/processed/lung_masks/study_0298_slice_018.npy,27339,15159,508
study_0298,19,data/dataset2_mosmed/processed/images/study_0298_slice_019.npy,data/dataset2_mosmed/processed/lung_masks/study_0298_slice_019.npy,27314,15052,324
study_0298,20,data/dataset2_mosmed/processed/images/study_0298_slice_020.npy,data/dataset2_mosmed/processed/lung_masks/study_0298_slice_020.npy,27285,15371,472
study_0298,21,data/dataset2_mosmed/processed/images/study_0298_slice_021.npy,data/dataset2_mosmed/processed/lung_masks/study_0298_slice_021.npy,27328,14962,235
study_0298,22,data/dataset2_mosmed/processed/images/study_0298_slice_022.npy,data/dataset2_mosmed/processed/lung_masks/study_0298_slice_022.npy,29520,21110,193
study_0298,23,data/dataset2_mosmed/processed/images/study_0298_slice_023.npy,data/dataset2_mosmed/processed/lung_masks/study_0298_slice_023.npy,29288,21008,331
study_0298,24,data/dataset2_mosmed/processed/images/study_0298_slice_024.npy,data/dataset2_mosmed/processed/lung_masks/study_0298_slice_024.npy,28832,19914,0
study_0298,25,data/dataset2_mosmed/processed/images/study_0298_slice_025.npy,data/dataset2_mosmed/processed/lung_masks/study_0298_slice_025.npy,28345,20090,0
study_0299,6,data/dataset2_mosmed/processed/images/study_0299_slice_006.npy,data/dataset2_mosmed/processed/lung_masks/study_0299_slice_006.npy,62500,5628,0
study_0299,7,data/dataset2_mosmed/processed/images/study_0299_slice_007.npy,data/dataset2_mosmed/processed/lung_masks/study_0299_slice_007.npy,62500,6337,0
study_0299,8,data/dataset2_mosmed/processed/images/study_0299_slice_008.npy,data/dataset2_mosmed/processed/lung_masks/study_0299_slice_008.npy,62500,7241,237
study_0299,9,data/dataset2_mosmed/processed/images/study_0299_slice_009.npy,data/dataset2_mosmed/processed/lung_masks/study_0299_slice_009.npy,62500,7456,444
study_0299,10,data/dataset2_mosmed/processed/images/study_0299_slice_010.npy,data/dataset2_mosmed/processed/lung_masks/study_0299_slice_010.npy,62500,8211,843
study_0299,11,data/dataset2_mosmed/processed/images/study_0299_slice_011.npy,data/dataset2_mosmed/processed/lung_masks/study_0299_slice_011.npy,62500,8553,681
study_0299,12,data/dataset2_mosmed/processed/images/study_0299_slice_012.npy,data/dataset2_mosmed/processed/lung_masks/study_0299_slice_012.npy,62500,9599,834
study_0299,13,data/dataset2_mosmed/processed/images/study_0299_slice_013.npy,data/dataset2_mosmed/processed/lung_masks/study_0299_slice_013.npy,62500,13527,897
study_0299,14,data/dataset2_mosmed/processed/images/study_0299_slice_014.npy,data/dataset2_mosmed/processed/lung_masks/study_0299_slice_014.npy,62500,10848,506
study_0299,15,data/dataset2_mosmed/processed/images/study_0299_slice_015.npy,data/dataset2_mosmed/processed/lung_masks/study_0299_slice_015.npy,62500,10817,289
study_0299,16,data/dataset2_mosmed/processed/images/study_0299_slice_016.npy,data/dataset2_mosmed/processed/lung_masks/study_0299_slice_016.npy,62500,12361,192
study_0299,17,data/dataset2_mosmed/processed/images/study_0299_slice_017.npy,data/dataset2_mosmed/processed/lung_masks/study_0299_slice_017.npy,33954,13726,134
study_0299,18,data/dataset2_mosmed/processed/images/study_0299_slice_018.npy,data/dataset2_mosmed/processed/lung_masks/study_0299_slice_018.npy,32728,12382,0
study_0299,19,data/dataset2_mosmed/processed/images/study_0299_slice_019.npy,data/dataset2_mosmed/processed/lung_masks/study_0299_slice_019.npy,31999,12487,0
study_0299,21,data/dataset2_mosmed/processed/images/study_0299_slice_021.npy,data/dataset2_mosmed/processed/lung_masks/study_0299_slice_021.npy,31419,12793,0
study_0299,22,data/dataset2_mosmed/processed/images/study_0299_slice_022.npy,data/dataset2_mosmed/processed/lung_masks/study_0299_slice_022.npy,31340,12977,0
study_0299,23,data/dataset2_mosmed/processed/images/study_0299_slice_023.npy,data/dataset2_mosmed/processed/lung_masks/study_0299_slice_023.npy,37019,18657,176
study_0299,24,data/dataset2_mosmed/processed/images/study_0299_slice_024.npy,data/dataset2_mosmed/processed/lung_masks/study_0299_slice_024.npy,36991,18492,0
study_0299,25,data/dataset2_mosmed/processed/images/study_0299_slice_025.npy,data/dataset2_mosmed/processed/lung_masks/study_0299_slice_025.npy,37366,17759,0
study_0299,26,data/dataset2_mosmed/processed/images/study_0299_slice_026.npy,data/dataset2_mosmed/processed/lung_masks/study_0299_slice_026.npy,37501,18541,73
study_0299,27,data/dataset2_mosmed/processed/images/study_0299_slice_027.npy,data/dataset2_mosmed/processed/lung_masks/study_0299_slice_027.npy,32203,12656,158
study_0299,28,data/dataset2_mosmed/processed/images/study_0299_slice_028.npy,data/dataset2_mosmed/processed/lung_masks/study_0299_slice_028.npy,32351,12425,116
study_0299,29,data/dataset2_mosmed/processed/images/study_0299_slice_029.npy,data/dataset2_mosmed/processed/lung_masks/study_0299_slice_029.npy,32697,10876,18
study_0299,30,data/dataset2_mosmed/processed/images/study_0299_slice_030.npy,data/dataset2_mosmed/processed/lung_masks/study_0299_slice_030.npy,37297,16528,0
study_0299,31,data/dataset2_mosmed/processed/images/study_0299_slice_031.npy,data/dataset2_mosmed/processed/lung_masks/study_0299_slice_031.npy,29539,13764,0
study_0300,17,data/dataset2_mosmed/processed/images/study_0300_slice_017.npy,data/dataset2_mosmed/processed/lung_masks/study_0300_slice_017.npy,28288,12693,0
study_0300,18,data/dataset2_mosmed/processed/images/study_0300_slice_018.npy,data/dataset2_mosmed/processed/lung_masks/study_0300_slice_018.npy,28437,12468,0
study_0300,19,data/dataset2_mosmed/processed/images/study_0300_slice_019.npy,data/dataset2_mosmed/processed/lung_masks/study_0300_slice_019.npy,28538,12243,76
study_0300,20,data/dataset2_mosmed/processed/images/study_0300_slice_020.npy,data/dataset2_mosmed/processed/lung_masks/study_0300_slice_020.npy,28653,12053,240
study_0300,21,data/dataset2_mosmed/processed/images/study_0300_slice_021.npy,data/dataset2_mosmed/processed/lung_masks/study_0300_slice_021.npy,28815,11751,135
study_0300,22,data/dataset2_mosmed/processed/images/study_0300_slice_022.npy,data/dataset2_mosmed/processed/lung_masks/study_0300_slice_022.npy,28943,11888,0
study_0300,23,data/dataset2_mosmed/processed/images/study_0300_slice_023.npy,data/dataset2_mosmed/processed/lung_masks/study_0300_slice_023.npy,29141,11032,0
study_0300,27,data/dataset2_mosmed/processed/images/study_0300_slice_027.npy,data/dataset2_mosmed/processed/lung_masks/study_0300_slice_027.npy,30370,15845,0
study_0300,28,data/dataset2_mosmed/processed/images/study_0300_slice_028.npy,data/dataset2_mosmed/processed/lung_masks/study_0300_slice_028.npy,30919,15515,0
study_0300,29,data/dataset2_mosmed/processed/images/study_0300_slice_029.npy,data/dataset2_mosmed/processed/lung_masks/study_0300_slice_029.npy,31640,15133,44
study_0300,30,data/dataset2_mosmed/processed/images/study_0300_slice_030.npy,data/dataset2_mosmed/processed/lung_masks/study_0300_slice_030.npy,32496,14965,48
study_0300,31,data/dataset2_mosmed/processed/images/study_0300_slice_031.npy,data/dataset2_mosmed/processed/lung_masks/study_0300_slice_031.npy,33461,15177,37
study_0300,32,data/dataset2_mosmed/processed/images/study_0300_slice_032.npy,data/dataset2_mosmed/processed/lung_masks/study_0300_slice_032.npy,34524,12569,0
study_0300,33,data/dataset2_mosmed/processed/images/study_0300_slice_033.npy,data/dataset2_mosmed/processed/lung_masks/study_0300_slice_033.npy,35313,11964,0
study_0301,8,data/dataset2_mosmed/processed/images/study_0301_slice_008.npy,data/dataset2_mosmed/processed/lung_masks/study_0301_slice_008.npy,62500,7107,0
study_0301,9,data/dataset2_mosmed/processed/images/study_0301_slice_009.npy,data/dataset2_mosmed/processed/lung_masks/study_0301_slice_009.npy,62500,7888,0
study_0301,10,data/dataset2_mosmed/processed/images/study_0301_slice_010.npy,data/dataset2_mosmed/processed/lung_masks/study_0301_slice_010.npy,62500,15211,43
study_0301,11,data/dataset2_mosmed/processed/images/study_0301_slice_011.npy,data/dataset2_mosmed/processed/lung_masks/study_0301_slice_011.npy,62500,15251,0
study_0301,12,data/dataset2_mosmed/processed/images/study_0301_slice_012.npy,data/dataset2_mosmed/processed/lung_masks/study_0301_slice_012.npy,62500,20185,0
study_0301,19,data/dataset2_mosmed/processed/images/study_0301_slice_019.npy,data/dataset2_mosmed/processed/lung_masks/study_0301_slice_019.npy,29109,19887,0
study_0301,20,data/dataset2_mosmed/processed/images/study_0301_slice_020.npy,data/dataset2_mosmed/processed/lung_masks/study_0301_slice_020.npy,28622,19714,0
study_0301,21,data/dataset2_mosmed/processed/images/study_0301_slice_021.npy,data/dataset2_mosmed/processed/lung_masks/study_0301_slice_021.npy,28387,17501,76
study_0301,22,data/dataset2_mosmed/processed/images/study_0301_slice_022.npy,data/dataset2_mosmed/processed/lung_masks/study_0301_slice_022.npy,27725,14105,0
study_0301,23,data/dataset2_mosmed/processed/images/study_0301_slice_023.npy,data/dataset2_mosmed/processed/lung_masks/study_0301_slice_023.npy,27174,13645,0
study_0301,24,data/dataset2_mosmed/processed/images/study_0301_slice_024.npy,data/dataset2_mosmed/processed/lung_masks/study_0301_slice_024.npy,26884,13059,0
study_0301,25,data/dataset2_mosmed/processed/images/study_0301_slice_025.npy,data/dataset2_mosmed/processed/lung_masks/study_0301_slice_025.npy,26742,12593,0
study_0301,26,data/dataset2_mosmed/processed/images/study_0301_slice_026.npy,data/dataset2_mosmed/processed/lung_masks/study_0301_slice_026.npy,26548,11964,77
study_0301,27,data/dataset2_mosmed/processed/images/study_0301_slice_027.npy,data/dataset2_mosmed/processed/lung_masks/study_0301_slice_027.npy,25928,10928,78
study_0301,28,data/dataset2_mosmed/processed/images/study_0301_slice_028.npy,data/dataset2_mosmed/processed/lung_masks/study_0301_slice_028.npy,26480,9466,0
study_0301,29,data/dataset2_mosmed/processed/images/study_0301_slice_029.npy,data/dataset2_mosmed/processed/lung_masks/study_0301_slice_029.npy,27690,7739,0
study_0302,14,data/dataset2_mosmed/processed/images/study_0302_slice_014.npy,data/dataset2_mosmed/processed/lung_masks/study_0302_slice_014.npy,26307,17441,0
study_0302,15,data/dataset2_mosmed/processed/images/study_0302_slice_015.npy,data/dataset2_mosmed/processed/lung_masks/study_0302_slice_015.npy,26164,17744,0
study_0302,16,data/dataset2_mosmed/processed/images/study_0302_slice_016.npy,data/dataset2_mosmed/processed/lung_masks/study_0302_slice_016.npy,26001,17692,53
study_0302,17,data/dataset2_mosmed/processed/images/study_0302_slice_017.npy,data/dataset2_mosmed/processed/lung_masks/study_0302_slice_017.npy,25803,17841,0
study_0302,18,data/dataset2_mosmed/processed/images/study_0302_slice_018.npy,data/dataset2_mosmed/processed/lung_masks/study_0302_slice_018.npy,25592,17863,294
study_0302,19,data/dataset2_mosmed/processed/images/study_0302_slice_019.npy,data/dataset2_mosmed/processed/lung_masks/study_0302_slice_019.npy,31986,22645,101
study_0302,20,data/dataset2_mosmed/processed/images/study_0302_slice_020.npy,data/dataset2_mosmed/processed/lung_masks/study_0302_slice_020.npy,32125,22779,203
study_0302,21,data/dataset2_mosmed/processed/images/study_0302_slice_021.npy,data/dataset2_mosmed/processed/lung_masks/study_0302_slice_021.npy,32262,22355,199
study_0302,22,data/dataset2_mosmed/processed/images/study_0302_slice_022.npy,data/dataset2_mosmed/processed/lung_masks/study_0302_slice_022.npy,32338,22095,132
study_0302,23,data/dataset2_mosmed/processed/images/study_0302_slice_023.npy,data/dataset2_mosmed/processed/lung_masks/study_0302_slice_023.npy,32088,21566,88
study_0302,24,data/dataset2_mosmed/processed/images/study_0302_slice_024.npy,data/dataset2_mosmed/processed/lung_masks/study_0302_slice_024.npy,32040,21133,156
study_0302,25,data/dataset2_mosmed/processed/images/study_0302_slice_025.npy,data/dataset2_mosmed/processed/lung_masks/study_0302_slice_025.npy,31647,20574,103
study_0302,26,data/dataset2_mosmed/processed/images/study_0302_slice_026.npy,data/dataset2_mosmed/processed/lung_masks/study_0302_slice_026.npy,31581,20147,76
study_0302,27,data/dataset2_mosmed/processed/images/study_0302_slice_027.npy,data/dataset2_mosmed/processed/lung_masks/study_0302_slice_027.npy,33386,20097,0
study_0302,28,data/dataset2_mosmed/processed/images/study_0302_slice_028.npy,data/dataset2_mosmed/processed/lung_masks/study_0302_slice_028.npy,31629,19674,0
study_0303,5,data/dataset2_mosmed/processed/images/study_0303_slice_005.npy,data/dataset2_mosmed/processed/lung_masks/study_0303_slice_005.npy,62500,4046,0
study_0303,6,data/dataset2_mosmed/processed/images/study_0303_slice_006.npy,data/dataset2_mosmed/processed/lung_masks/study_0303_slice_006.npy,62500,4799,0
study_0303,7,data/dataset2_mosmed/processed/images/study_0303_slice_007.npy,data/dataset2_mosmed/processed/lung_masks/study_0303_slice_007.npy,62500,6178,211
study_0303,8,data/dataset2_mosmed/processed/images/study_0303_slice_008.npy,data/dataset2_mosmed/processed/lung_masks/study_0303_slice_008.npy,62500,6372,339
study_0303,9,data/dataset2_mosmed/processed/images/study_0303_slice_009.npy,data/dataset2_mosmed/processed/lung_masks/study_0303_slice_009.npy,62500,10786,341
study_0303,10,data/dataset2_mosmed/processed/images/study_0303_slice_010.npy,data/dataset2_mosmed/processed/lung_masks/study_0303_slice_010.npy,62500,14340,339
study_0303,11,data/dataset2_mosmed/processed/images/study_0303_slice_011.npy,data/dataset2_mosmed/processed/lung_masks/study_0303_slice_011.npy,62500,11835,240
study_0303,12,data/dataset2_mosmed/processed/images/study_0303_slice_012.npy,data/dataset2_mosmed/processed/lung_masks/study_0303_slice_012.npy,62500,14300,455
study_0303,13,data/dataset2_mosmed/processed/images/study_0303_slice_013.npy,data/dataset2_mosmed/processed/lung_masks/study_0303_slice_013.npy,38161,14453,633
study_0303,14,data/dataset2_mosmed/processed/images/study_0303_slice_014.npy,data/dataset2_mosmed/processed/lung_masks/study_0303_slice_014.npy,37366,14600,811
study_0303,15,data/dataset2_mosmed/processed/images/study_0303_slice_015.npy,data/dataset2_mosmed/processed/lung_masks/study_0303_slice_015.npy,36496,14783,611
study_0303,16,data/dataset2_mosmed/processed/images/study_0303_slice_016.npy,data/dataset2_mosmed/processed/lung_masks/study_0303_slice_016.npy,35796,14916,522
study_0303,17,data/dataset2_mosmed/processed/images/study_0303_slice_017.npy,data/dataset2_mosmed/processed/lung_masks/study_0303_slice_017.npy,35264,15045,589
study_0303,18,data/dataset2_mosmed/processed/images/study_0303_slice_018.npy,data/dataset2_mosmed/processed/lung_masks/study_0303_slice_018.npy,26903,14758,576
study_0303,19,data/dataset2_mosmed/processed/images/study_0303_slice_019.npy,data/dataset2_mosmed/processed/lung_masks/study_0303_slice_019.npy,29314,17503,528
study_0303,20,data/dataset2_mosmed/processed/images/study_0303_slice_020.npy,data/dataset2_mosmed/processed/lung_masks/study_0303_slice_020.npy,27857,14854,526
study_0303,21,data/dataset2_mosmed/processed/images/study_0303_slice_021.npy,data/dataset2_mosmed/processed/lung_masks/study_0303_slice_021.npy,29595,19415,431
study_0303,22,data/dataset2_mosmed/processed/images/study_0303_slice_022.npy,data/dataset2_mosmed/processed/lung_masks/study_0303_slice_022.npy,29728,19627,223
study_0303,23,data/dataset2_mosmed/processed/images/study_0303_slice_023.npy,data/dataset2_mosmed/processed/lung_masks/study_0303_slice_023.npy,30037,18533,90
study_0303,24,data/dataset2_mosmed/processed/images/study_0303_slice_024.npy,data/dataset2_mosmed/processed/lung_masks/study_0303_slice_024.npy,29869,17904,0
study_0303,25,data/dataset2_mosmed/processed/images/study_0303_slice_025.npy,data/dataset2_mosmed/processed/lung_masks/study_0303_slice_025.npy,29804,17768,0
study_0303,26,data/dataset2_mosmed/processed/images/study_0303_slice_026.npy,data/dataset2_mosmed/processed/lung_masks/study_0303_slice_026.npy,30122,18256,0
study_0303,27,data/dataset2_mosmed/processed/images/study_0303_slice_027.npy,data/dataset2_mosmed/processed/lung_masks/study_0303_slice_027.npy,30255,17701,20
study_0303,28,data/dataset2_mosmed/processed/images/study_0303_slice_028.npy,data/dataset2_mosmed/processed/lung_masks/study_0303_slice_028.npy,30211,17570,0
study_0303,29,data/dataset2_mosmed/processed/images/study_0303_slice_029.npy,data/dataset2_mosmed/processed/lung_masks/study_0303_slice_029.npy,30374,13423,0
study_0303,30,data/dataset2_mosmed/processed/images/study_0303_slice_030.npy,data/dataset2_mosmed/processed/lung_masks/study_0303_slice_030.npy,30681,12863,0
study_0303,31,data/dataset2_mosmed/processed/images/study_0303_slice_031.npy,data/dataset2_mosmed/processed/lung_masks/study_0303_slice_031.npy,31127,12186,64
study_0303,32,data/dataset2_mosmed/processed/images/study_0303_slice_032.npy,data/dataset2_mosmed/processed/lung_masks/study_0303_slice_032.npy,31877,11260,46
study_0303,33,data/dataset2_mosmed/processed/images/study_0303_slice_033.npy,data/dataset2_mosmed/processed/lung_masks/study_0303_slice_033.npy,32520,9974,51
study_0303,34,data/dataset2_mosmed/processed/images/study_0303_slice_034.npy,data/dataset2_mosmed/processed/lung_masks/study_0303_slice_034.npy,33333,8471,0
study_0303,35,data/dataset2_mosmed/processed/images/study_0303_slice_035.npy,data/dataset2_mosmed/processed/lung_masks/study_0303_slice_035.npy,34200,6954,0
study_0303,36,data/dataset2_mosmed/processed/images/study_0303_slice_036.npy,data/dataset2_mosmed/processed/lung_masks/study_0303_slice_036.npy,34966,5175,0
study_0303,37,data/dataset2_mosmed/processed/images/study_0303_slice_037.npy,data/dataset2_mosmed/processed/lung_masks/study_0303_slice_037.npy,35862,3700,0
study_0303,38,data/dataset2_mosmed/processed/images/study_0303_slice_038.npy,data/dataset2_mosmed/processed/lung_masks/study_0303_slice_038.npy,36944,2358,79
study_0303,39,data/dataset2_mosmed/processed/images/study_0303_slice_039.npy,data/dataset2_mosmed/processed/lung_masks/study_0303_slice_039.npy,38234,1096,0
study_0303,40,data/dataset2_mosmed/processed/images/study_0303_slice_040.npy,data/dataset2_mosmed/processed/lung_masks/study_0303_slice_040.npy,39661,1086,0
study_0304,7,data/dataset2_mosmed/processed/images/study_0304_slice_007.npy,data/dataset2_mosmed/processed/lung_masks/study_0304_slice_007.npy,62500,4706,0
study_0304,8,data/dataset2_mosmed/processed/images/study_0304_slice_008.npy,data/dataset2_mosmed/processed/lung_masks/study_0304_slice_008.npy,62500,5317,0
study_0304,9,data/dataset2_mosmed/processed/images/study_0304_slice_009.npy,data/dataset2_mosmed/processed/lung_masks/study_0304_slice_009.npy,62500,7406,15
study_0304,10,data/dataset2_mosmed/processed/images/study_0304_slice_010.npy,data/dataset2_mosmed/processed/lung_masks/study_0304_slice_010.npy,62500,8342,0
study_0304,11,data/dataset2_mosmed/processed/images/study_0304_slice_011.npy,data/dataset2_mosmed/processed/lung_masks/study_0304_slice_011.npy,62500,8649,38
study_0304,12,data/dataset2_mosmed/processed/images/study_0304_slice_012.npy,data/dataset2_mosmed/processed/lung_masks/study_0304_slice_012.npy,62500,10166,44
study_0304,13,data/dataset2_mosmed/processed/images/study_0304_slice_013.npy,data/dataset2_mosmed/processed/lung_masks/study_0304_slice_013.npy,62500,10914,50
study_0304,14,data/dataset2_mosmed/processed/images/study_0304_slice_014.npy,data/dataset2_mosmed/processed/lung_masks/study_0304_slice_014.npy,62500,13620,15
study_0304,15,data/dataset2_mosmed/processed/images/study_0304_slice_015.npy,data/dataset2_mosmed/processed/lung_masks/study_0304_slice_015.npy,62500,13255,151
study_0304,16,data/dataset2_mosmed/processed/images/study_0304_slice_016.npy,data/dataset2_mosmed/processed/lung_masks/study_0304_slice_016.npy,62500,13147,34
study_0304,17,data/dataset2_mosmed/processed/images/study_0304_slice_017.npy,data/dataset2_mosmed/processed/lung_masks/study_0304_slice_017.npy,62500,13168,79
study_0304,18,data/dataset2_mosmed/processed/images/study_0304_slice_018.npy,data/dataset2_mosmed/processed/lung_masks/study_0304_slice_018.npy,62500,13221,76
study_0304,19,data/dataset2_mosmed/processed/images/study_0304_slice_019.npy,data/dataset2_mosmed/processed/lung_masks/study_0304_slice_019.npy,62500,13334,24
study_0304,20,data/dataset2_mosmed/processed/images/study_0304_slice_020.npy,data/dataset2_mosmed/processed/lung_masks/study_0304_slice_020.npy,62500,19082,98
study_0304,21,data/dataset2_mosmed/processed/images/study_0304_slice_021.npy,data/dataset2_mosmed/processed/lung_masks/study_0304_slice_021.npy,62500,18500,10
study_0304,22,data/dataset2_mosmed/processed/images/study_0304_slice_022.npy,data/dataset2_mosmed/processed/lung_masks/study_0304_slice_022.npy,62500,17224,134
study_0304,23,data/dataset2_mosmed/processed/images/study_0304_slice_023.npy,data/dataset2_mosmed/processed/lung_masks/study_0304_slice_023.npy,62500,19804,15
study_0304,24,data/dataset2_mosmed/processed/images/study_0304_slice_024.npy,data/dataset2_mosmed/processed/lung_masks/study_0304_slice_024.npy,62500,16311,39
study_0304,25,data/dataset2_mosmed/processed/images/study_0304_slice_025.npy,data/dataset2_mosmed/processed/lung_masks/study_0304_slice_025.npy,44504,15317,0
study_0304,26,data/dataset2_mosmed/processed/images/study_0304_slice_026.npy,data/dataset2_mosmed/processed/lung_masks/study_0304_slice_026.npy,44172,14760,0
study_0304,27,data/dataset2_mosmed/processed/images/study_0304_slice_027.npy,data/dataset2_mosmed/processed/lung_masks/study_0304_slice_027.npy,43951,14673,0
study_0304,28,data/dataset2_mosmed/processed/images/study_0304_slice_028.npy,data/dataset2_mosmed/processed/lung_masks/study_0304_slice_028.npy,38926,9716,0
study_0304,29,data/dataset2_mosmed/processed/images/study_0304_slice_029.npy,data/dataset2_mosmed/processed/lung_masks/study_0304_slice_029.npy,38685,9829,8
study_0304,30,data/dataset2_mosmed/processed/images/study_0304_slice_030.npy,data/dataset2_mosmed/processed/lung_masks/study_0304_slice_030.npy,38313,10076,86
study_0304,31,data/dataset2_mosmed/processed/images/study_0304_slice_031.npy,data/dataset2_mosmed/processed/lung_masks/study_0304_slice_031.npy,40657,7150,83
study_0304,32,data/dataset2_mosmed/processed/images/study_0304_slice_032.npy,data/dataset2_mosmed/processed/lung_masks/study_0304_slice_032.npy,37347,5562,52
study_0304,33,data/dataset2_mosmed/processed/images/study_0304_slice_033.npy,data/dataset2_mosmed/processed/lung_masks/study_0304_slice_033.npy,37234,4619,61
study_0304,34,data/dataset2_mosmed/processed/images/study_0304_slice_034.npy,data/dataset2_mosmed/processed/lung_masks/study_0304_slice_034.npy,37201,3593,136
study_0304,35,data/dataset2_mosmed/processed/images/study_0304_slice_035.npy,data/dataset2_mosmed/processed/lung_masks/study_0304_slice_035.npy,37205,2569,100
study_0304,36,data/dataset2_mosmed/processed/images/study_0304_slice_036.npy,data/dataset2_mosmed/processed/lung_masks/study_0304_slice_036.npy,37118,1475,0
study_0304,37,data/dataset2_mosmed/processed/images/study_0304_slice_037.npy,data/dataset2_mosmed/processed/lung_masks/study_0304_slice_037.npy,37188,500,0
