dataset_root,relative_path,full_path,suffix,name,size_mb
/kaggle/input/datasets,mathurinache/mosmeddata-chest-ct-scans-with-covid19/MosMedData Chest CT Scans with COVID-19 Related Findings COVID19_1110 1.0/dataset_registry.xlsx,/kaggle/input/datasets/mathurinache/mosmeddata-chest-ct-scans-with-covid19/MosMedData Chest CT Scans with COVID-19 Related Findings COVID19_1110 1.0/dataset_registry.xlsx,.xlsx,dataset_registry.xlsx,0.0336
/kaggle/input/datasets,mathurinache/mosmeddata-chest-ct-scans-with-covid19/MosMedData Chest CT Scans with COVID-19 Related Findings COVID19_1110 1.0/LICENSE,/kaggle/input/datasets/mathurinache/mosmeddata-chest-ct-scans-with-covid19/MosMedData Chest CT Scans with COVID-19 Related Findings COVID19_1110 1.0/LICENSE,,LICENSE,0.0293
/kaggle/input/datasets,mathurinache/mosmeddata-chest-ct-scans-with-covid19/MosMedData Chest CT Scans with COVID-19 Related Findings COVID19_1110 1.0/README_RU.md,/kaggle/input/datasets/mathurinache/mosmeddata-chest-ct-scans-with-covid19/MosMedData Chest CT Scans with COVID-19 Related Findings COVID19_1110 1.0/README_RU.md,.md,README_RU.md,0.0139
/kaggle/input/datasets,mathurinache/mosmeddata-chest-ct-scans-with-covid19/MosMedData Chest CT Scans with COVID-19 Related Findings COVID19_1110 1.0/README_EN.pdf,/kaggle/input/datasets/mathurinache/mosmeddata-chest-ct-scans-with-covid19/MosMedData Chest CT Scans with COVID-19 Related Findings COVID19_1110 1.0/README_EN.pdf,.pdf,README_EN.pdf,0.2736
/kaggle/input/datasets,mathurinache/mosmeddata-chest-ct-scans-with-covid19/MosMedData Chest CT Scans with COVID-19 Related Findings COVID19_1110 1.0/README_EN.md,/kaggle/input/datasets/mathurinache/mosmeddata-chest-ct-scans-with-covid19/MosMedData Chest CT Scans with COVID-19 Related Findings COVID19_1110 1.0/README_EN.md,.md,README_EN.md,0.009
/kaggle/input/datasets,mathurinache/mosmeddata-chest-ct-scans-with-covid19/MosMedData Chest CT Scans with COVID-19 Related Findings COVID19_1110 1.0/README_RU.pdf,/kaggle/input/datasets/mathurinache/mosmeddata-chest-ct-scans-with-covid19/MosMedData Chest CT Scans with COVID-19 Related Findings COVID19_1110 1.0/README_RU.pdf,.pdf,README_RU.pdf,0.2832
/kaggle/input/datasets,mathurinache/mosmeddata-chest-ct-scans-with-covid19/MosMedData Chest CT Scans with COVID-19 Related Findings COVID19_1110 1.0/masks/study_0257_mask.nii,/kaggle/input/datasets/mathurinache/mosmeddata-chest-ct-scans-with-covid19/MosMedData Chest CT Scans with COVID-19 Related Findings COVID19_1110 1.0/masks/study_0257_mask.nii,.nii,study_0257_mask.nii,19.0003
/kaggle/input/datasets,mathurinache/mosmeddata-chest-ct-scans-with-covid19/MosMedData Chest CT Scans with COVID-19 Related Findings COVID19_1110 1.0/masks/study_0278_mask.nii,/kaggle/input/datasets/mathurinache/mosmeddata-chest-ct-scans-with-covid19/MosMedData Chest CT Scans with COVID-19 Related Findings COVID19_1110 1.0/masks/study_0278_mask.nii,.nii,study_0278_mask.nii,22.5003
/kaggle/input/datasets,mathurinache/mosmeddata-chest-ct-scans-with-covid19/MosMedData Chest CT Scans with COVID-19 Related Findings COVID19_1110 1.0/masks/study_0259_mask.nii,/kaggle/input/datasets/mathurinache/mosmeddata-chest-ct-scans-with-covid19/MosMedData Chest CT Scans with COVID-19 Related Findings COVID19_1110 1.0/masks/study_0259_mask.nii,.nii,study_0259_mask.nii,18.5003
/kaggle/input/datasets,mathurinache/mosmeddata-chest-ct-scans-with-covid19/MosMedData Chest CT Scans with COVID-19 Related Findings COVID19_1110 1.0/masks/study_0272_mask.nii,/kaggle/input/datasets/mathurinache/mosmeddata-chest-ct-scans-with-covid19/MosMedData Chest CT Scans with COVID-19 Related Findings COVID19_1110 1.0/masks/study_0272_mask.nii,.nii,study_0272_mask.nii,18.5003
/kaggle/input/datasets,mathurinache/mosmeddata-chest-ct-scans-with-covid19/MosMedData Chest CT Scans with COVID-19 Related Findings COVID19_1110 1.0/masks/study_0299_mask.nii,/kaggle/input/datasets/mathurinache/mosmeddata-chest-ct-scans-with-covid19/MosMedData Chest CT Scans with COVID-19 Related Findings COVID19_1110 1.0/masks/study_0299_mask.nii,.nii,study_0299_mask.nii,20.0003
/kaggle/input/datasets,mathurinache/mosmeddata-chest-ct-scans-with-covid19/MosMedData Chest CT Scans with COVID-19 Related Findings COVID19_1110 1.0/masks/study_0285_mask.nii,/kaggle/input/datasets/mathurinache/mosmeddata-chest-ct-scans-with-covid19/MosMedData Chest CT Scans with COVID-19 Related Findings COVID19_1110 1.0/masks/study_0285_mask.nii,.nii,study_0285_mask.nii,19.0003
/kaggle/input/datasets,mathurinache/mosmeddata-chest-ct-scans-with-covid19/MosMedData Chest CT Scans with COVID-19 Related Findings COVID19_1110 1.0/masks/study_0288_mask.nii,/kaggle/input/datasets/mathurinache/mosmeddata-chest-ct-scans-with-covid19/MosMedData Chest CT Scans with COVID-19 Related Findings COVID19_1110 1.0/masks/study_0288_mask.nii,.nii,study_0288_mask.nii,23.5003
/kaggle/input/datasets,mathurinache/mosmeddata-chest-ct-scans-with-covid19/MosMedData Chest CT Scans with COVID-19 Related Findings COVID19_1110 1.0/masks/study_0277_mask.nii,/kaggle/input/datasets/mathurinache/mosmeddata-chest-ct-scans-with-covid19/MosMedData Chest CT Scans with COVID-19 Related Findings COVID19_1110 1.0/masks/study_0277_mask.nii,.nii,study_0277_mask.nii,16.5003
/kaggle/input/datasets,mathurinache/mosmeddata-chest-ct-scans-with-covid19/MosMedData Chest CT Scans with COVID-19 Related Findings COVID19_1110 1.0/masks/study_0286_mask.nii,/kaggle/input/datasets/mathurinache/mosmeddata-chest-ct-scans-with-covid19/MosMedData Chest CT Scans with COVID-19 Related Findings COVID19_1110 1.0/masks/study_0286_mask.nii,.nii,study_0286_mask.nii,20.5003
/kaggle/input/datasets,mathurinache/mosmeddata-chest-ct-scans-with-covid19/MosMedData Chest CT Scans with COVID-19 Related Findings COVID19_1110 1.0/masks/study_0267_mask.nii,/kaggle/input/datasets/mathurinache/mosmeddata-chest-ct-scans-with-covid19/MosMedData Chest CT Scans with COVID-19 Related Findings COVID19_1110 1.0/masks/study_0267_mask.nii,.nii,study_0267_mask.nii,19.0003
/kaggle/input/datasets,mathurinache/mosmeddata-chest-ct-scans-with-covid19/MosMedData Chest CT Scans with COVID-19 Related Findings COVID19_1110 1.0/masks/study_0281_mask.nii,/kaggle/input/datasets/mathurinache/mosmeddata-chest-ct-scans-with-covid19/MosMedData Chest CT Scans with COVID-19 Related Findings COVID19_1110 1.0/masks/study_0281_mask.nii,.nii,study_0281_mask.nii,26.5003
/kaggle/input/datasets,mathurinache/mosmeddata-chest-ct-scans-with-covid19/MosMedData Chest CT Scans with COVID-19 Related Findings COVID19_1110 1.0/masks/study_0295_mask.nii,/kaggle/input/datasets/mathurinache/mosmeddata-chest-ct-scans-with-covid19/MosMedData Chest CT Scans with COVID-19 Related Findings COVID19_1110 1.0/masks/study_0295_mask.nii,.nii,study_0295_mask.nii,20.5003
/kaggle/input/datasets,mathurinache/mosmeddata-chest-ct-scans-with-covid19/MosMedData Chest CT Scans with COVID-19 Related Findings COVID19_1110 1.0/masks/study_0294_mask.nii,/kaggle/input/datasets/mathurinache/mosmeddata-chest-ct-scans-with-covid19/MosMedData Chest CT Scans with COVID-19 Related Findings COVID19_1110 1.0/masks/study_0294_mask.nii,.nii,study_0294_mask.nii,24.0003
/kaggle/input/datasets,mathurinache/mosmeddata-chest-ct-scans-with-covid19/MosMedData Chest CT Scans with COVID-19 Related Findings COVID19_1110 1.0/masks/study_0298_mask.nii,/kaggle/input/datasets/mathurinache/mosmeddata-chest-ct-scans-with-covid19/MosMedData Chest CT Scans with COVID-19 Related Findings COVID19_1110 1.0/masks/study_0298_mask.nii,.nii,study_0298_mask.nii,21.5003
/kaggle/input/datasets,mathurinache/mosmeddata-chest-ct-scans-with-covid19/MosMedData Chest CT Scans with COVID-19 Related Findings COVID19_1110 1.0/masks/study_0280_mask.nii,/kaggle/input/datasets/mathurinache/mosmeddata-chest-ct-scans-with-covid19/MosMedData Chest CT Scans with COVID-19 Related Findings COVID19_1110 1.0/masks/study_0280_mask.nii,.nii,study_0280_mask.nii,19.0003
/kaggle/input/datasets,mathurinache/mosmeddata-chest-ct-scans-with-covid19/MosMedData Chest CT Scans with COVID-19 Related Findings COVID19_1110 1.0/masks/study_0290_mask.nii,/kaggle/input/datasets/mathurinache/mosmeddata-chest-ct-scans-with-covid19/MosMedData Chest CT Scans with COVID-19 Related Findings COVID19_1110 1.0/masks/study_0290_mask.nii,.nii,study_0290_mask.nii,21.5003
/kaggle/input/datasets,mathurinache/mosmeddata-chest-ct-scans-with-covid19/MosMedData Chest CT Scans with COVID-19 Related Findings COVID19_1110 1.0/masks/study_0261_mask.nii,/kaggle/input/datasets/mathurinache/mosmeddata-chest-ct-scans-with-covid19/MosMedData Chest CT Scans with COVID-19 Related Findings COVID19_1110 1.0/masks/study_0261_mask.nii,.nii,study_0261_mask.nii,20.5003
/kaggle/input/datasets,mathurinache/mosmeddata-chest-ct-scans-with-covid19/MosMedData Chest CT Scans with COVID-19 Related Findings COVID19_1110 1.0/masks/study_0275_mask.nii,/kaggle/input/datasets/mathurinache/mosmeddata-chest-ct-scans-with-covid19/MosMedData Chest CT Scans with COVID-19 Related Findings COVID19_1110 1.0/masks/study_0275_mask.nii,.nii,study_0275_mask.nii,22.5003
/kaggle/input/datasets,mathurinache/mosmeddata-chest-ct-scans-with-covid19/MosMedData Chest CT Scans with COVID-19 Related Findings COVID19_1110 1.0/masks/study_0268_mask.nii,/kaggle/input/datasets/mathurinache/mosmeddata-chest-ct-scans-with-covid19/MosMedData Chest CT Scans with COVID-19 Related Findings COVID19_1110 1.0/masks/study_0268_mask.nii,.nii,study_0268_mask.nii,21.5003
/kaggle/input/datasets,mathurinache/mosmeddata-chest-ct-scans-with-covid19/MosMedData Chest CT Scans with COVID-19 Related Findings COVID19_1110 1.0/masks/study_0255_mask.nii,/kaggle/input/datasets/mathurinache/mosmeddata-chest-ct-scans-with-covid19/MosMedData Chest CT Scans with COVID-19 Related Findings COVID19_1110 1.0/masks/study_0255_mask.nii,.nii,study_0255_mask.nii,19.0003
/kaggle/input/datasets,mathurinache/mosmeddata-chest-ct-scans-with-covid19/MosMedData Chest CT Scans with COVID-19 Related Findings COVID19_1110 1.0/masks/study_0270_mask.nii,/kaggle/input/datasets/mathurinache/mosmeddata-chest-ct-scans-with-covid19/MosMedData Chest CT Scans with COVID-19 Related Findings COVID19_1110 1.0/masks/study_0270_mask.nii,.nii,study_0270_mask.nii,23.0003
/kaggle/input/datasets,mathurinache/mosmeddata-chest-ct-scans-with-covid19/MosMedData Chest CT Scans with COVID-19 Related Findings COVID19_1110 1.0/masks/study_0273_mask.nii,/kaggle/input/datasets/mathurinache/mosmeddata-chest-ct-scans-with-covid19/MosMedData Chest CT Scans with COVID-19 Related Findings COVID19_1110 1.0/masks/study_0273_mask.nii,.nii,study_0273_mask.nii,19.5003
/kaggle/input/datasets,mathurinache/mosmeddata-chest-ct-scans-with-covid19/MosMedData Chest CT Scans with COVID-19 Related Findings COVID19_1110 1.0/masks/study_0269_mask.nii,/kaggle/input/datasets/mathurinache/mosmeddata-chest-ct-scans-with-covid19/MosMedData Chest CT Scans with COVID-19 Related Findings COVID19_1110 1.0/masks/study_0269_mask.nii,.nii,study_0269_mask.nii,21.0003
/kaggle/input/datasets,mathurinache/mosmeddata-chest-ct-scans-with-covid19/MosMedData Chest CT Scans with COVID-19 Related Findings COVID19_1110 1.0/masks/study_0262_mask.nii,/kaggle/input/datasets/mathurinache/mosmeddata-chest-ct-scans-with-covid19/MosMedData Chest CT Scans with COVID-19 Related Findings COVID19_1110 1.0/masks/study_0262_mask.nii,.nii,study_0262_mask.nii,19.0003
/kaggle/input/datasets,mathurinache/mosmeddata-chest-ct-scans-with-covid19/MosMedData Chest CT Scans with COVID-19 Related Findings COVID19_1110 1.0/masks/study_0296_mask.nii,/kaggle/input/datasets/mathurinache/mosmeddata-chest-ct-scans-with-covid19/MosMedData Chest CT Scans with COVID-19 Related Findings COVID19_1110 1.0/masks/study_0296_mask.nii,.nii,study_0296_mask.nii,16.5003
/kaggle/input/datasets,mathurinache/mosmeddata-chest-ct-scans-with-covid19/MosMedData Chest CT Scans with COVID-19 Related Findings COVID19_1110 1.0/masks/study_0284_mask.nii,/kaggle/input/datasets/mathurinache/mosmeddata-chest-ct-scans-with-covid19/MosMedData Chest CT Scans with COVID-19 Related Findings COVID19_1110 1.0/masks/study_0284_mask.nii,.nii,study_0284_mask.nii,19.5003
/kaggle/input/datasets,mathurinache/mosmeddata-chest-ct-scans-with-covid19/MosMedData Chest CT Scans with COVID-19 Related Findings COVID19_1110 1.0/masks/study_0274_mask.nii,/kaggle/input/datasets/mathurinache/mosmeddata-chest-ct-scans-with-covid19/MosMedData Chest CT Scans with COVID-19 Related Findings COVID19_1110 1.0/masks/study_0274_mask.nii,.nii,study_0274_mask.nii,20.5003
/kaggle/input/datasets,mathurinache/mosmeddata-chest-ct-scans-with-covid19/MosMedData Chest CT Scans with COVID-19 Related Findings COVID19_1110 1.0/masks/study_0282_mask.nii,/kaggle/input/datasets/mathurinache/mosmeddata-chest-ct-scans-with-covid19/MosMedData Chest CT Scans with COVID-19 Related Findings COVID19_1110 1.0/masks/study_0282_mask.nii,.nii,study_0282_mask.nii,19.0003
/kaggle/input/datasets,mathurinache/mosmeddata-chest-ct-scans-with-covid19/MosMedData Chest CT Scans with COVID-19 Related Findings COVID19_1110 1.0/masks/study_0289_mask.nii,/kaggle/input/datasets/mathurinache/mosmeddata-chest-ct-scans-with-covid19/MosMedData Chest CT Scans with COVID-19 Related Findings COVID19_1110 1.0/masks/study_0289_mask.nii,.nii,study_0289_mask.nii,21.0003
/kaggle/input/datasets,mathurinache/mosmeddata-chest-ct-scans-with-covid19/MosMedData Chest CT Scans with COVID-19 Related Findings COVID19_1110 1.0/masks/study_0265_mask.nii,/kaggle/input/datasets/mathurinache/mosmeddata-chest-ct-scans-with-covid19/MosMedData Chest CT Scans with COVID-19 Related Findings COVID19_1110 1.0/masks/study_0265_mask.nii,.nii,study_0265_mask.nii,23.0003
/kaggle/input/datasets,mathurinache/mosmeddata-chest-ct-scans-with-covid19/MosMedData Chest CT Scans with COVID-19 Related Findings COVID19_1110 1.0/masks/study_0279_mask.nii,/kaggle/input/datasets/mathurinache/mosmeddata-chest-ct-scans-with-covid19/MosMedData Chest CT Scans with COVID-19 Related Findings COVID19_1110 1.0/masks/study_0279_mask.nii,.nii,study_0279_mask.nii,20.5003
/kaggle/input/datasets,mathurinache/mosmeddata-chest-ct-scans-with-covid19/MosMedData Chest CT Scans with COVID-19 Related Findings COVID19_1110 1.0/masks/study_0303_mask.nii,/kaggle/input/datasets/mathurinache/mosmeddata-chest-ct-scans-with-covid19/MosMedData Chest CT Scans with COVID-19 Related Findings COVID19_1110 1.0/masks/study_0303_mask.nii,.nii,study_0303_mask.nii,21.5003
/kaggle/input/datasets,mathurinache/mosmeddata-chest-ct-scans-with-covid19/MosMedData Chest CT Scans with COVID-19 Related Findings COVID19_1110 1.0/masks/study_0283_mask.nii,/kaggle/input/datasets/mathurinache/mosmeddata-chest-ct-scans-with-covid19/MosMedData Chest CT Scans with COVID-19 Related Findings COVID19_1110 1.0/masks/study_0283_mask.nii,.nii,study_0283_mask.nii,20.5003
/kaggle/input/datasets,mathurinache/mosmeddata-chest-ct-scans-with-covid19/MosMedData Chest CT Scans with COVID-19 Related Findings COVID19_1110 1.0/masks/study_0302_mask.nii,/kaggle/input/datasets/mathurinache/mosmeddata-chest-ct-scans-with-covid19/MosMedData Chest CT Scans with COVID-19 Related Findings COVID19_1110 1.0/masks/study_0302_mask.nii,.nii,study_0302_mask.nii,20.5003
/kaggle/input/datasets,mathurinache/mosmeddata-chest-ct-scans-with-covid19/MosMedData Chest CT Scans with COVID-19 Related Findings COVID19_1110 1.0/masks/study_0304_mask.nii,/kaggle/input/datasets/mathurinache/mosmeddata-chest-ct-scans-with-covid19/MosMedData Chest CT Scans with COVID-19 Related Findings COVID19_1110 1.0/masks/study_0304_mask.nii,.nii,study_0304_mask.nii,20.5003
/kaggle/input/datasets,mathurinache/mosmeddata-chest-ct-scans-with-covid19/MosMedData Chest CT Scans with COVID-19 Related Findings COVID19_1110 1.0/masks/study_0260_mask.nii,/kaggle/input/datasets/mathurinache/mosmeddata-chest-ct-scans-with-covid19/MosMedData Chest CT Scans with COVID-19 Related Findings COVID19_1110 1.0/masks/study_0260_mask.nii,.nii,study_0260_mask.nii,19.0003
/kaggle/input/datasets,mathurinache/mosmeddata-chest-ct-scans-with-covid19/MosMedData Chest CT Scans with COVID-19 Related Findings COVID19_1110 1.0/masks/study_0276_mask.nii,/kaggle/input/datasets/mathurinache/mosmeddata-chest-ct-scans-with-covid19/MosMedData Chest CT Scans with COVID-19 Related Findings COVID19_1110 1.0/masks/study_0276_mask.nii,.nii,study_0276_mask.nii,22.5003
/kaggle/input/datasets,mathurinache/mosmeddata-chest-ct-scans-with-covid19/MosMedData Chest CT Scans with COVID-19 Related Findings COVID19_1110 1.0/masks/study_0297_mask.nii,/kaggle/input/datasets/mathurinache/mosmeddata-chest-ct-scans-with-covid19/MosMedData Chest CT Scans with COVID-19 Related Findings COVID19_1110 1.0/masks/study_0297_mask.nii,.nii,study_0297_mask.nii,22.5003
/kaggle/input/datasets,mathurinache/mosmeddata-chest-ct-scans-with-covid19/MosMedData Chest CT Scans with COVID-19 Related Findings COVID19_1110 1.0/masks/study_0256_mask.nii,/kaggle/input/datasets/mathurinache/mosmeddata-chest-ct-scans-with-covid19/MosMedData Chest CT Scans with COVID-19 Related Findings COVID19_1110 1.0/masks/study_0256_mask.nii,.nii,study_0256_mask.nii,19.5003
/kaggle/input/datasets,mathurinache/mosmeddata-chest-ct-scans-with-covid19/MosMedData Chest CT Scans with COVID-19 Related Findings COVID19_1110 1.0/masks/study_0301_mask.nii,/kaggle/input/datasets/mathurinache/mosmeddata-chest-ct-scans-with-covid19/MosMedData Chest CT Scans with COVID-19 Related Findings COVID19_1110 1.0/masks/study_0301_mask.nii,.nii,study_0301_mask.nii,20.5003
/kaggle/input/datasets,mathurinache/mosmeddata-chest-ct-scans-with-covid19/MosMedData Chest CT Scans with COVID-19 Related Findings COVID19_1110 1.0/masks/study_0291_mask.nii,/kaggle/input/datasets/mathurinache/mosmeddata-chest-ct-scans-with-covid19/MosMedData Chest CT Scans with COVID-19 Related Findings COVID19_1110 1.0/masks/study_0291_mask.nii,.nii,study_0291_mask.nii,20.5003
/kaggle/input/datasets,mathurinache/mosmeddata-chest-ct-scans-with-covid19/MosMedData Chest CT Scans with COVID-19 Related Findings COVID19_1110 1.0/masks/study_0300_mask.nii,/kaggle/input/datasets/mathurinache/mosmeddata-chest-ct-scans-with-covid19/MosMedData Chest CT Scans with COVID-19 Related Findings COVID19_1110 1.0/masks/study_0300_mask.nii,.nii,study_0300_mask.nii,20.5003
/kaggle/input/datasets,mathurinache/mosmeddata-chest-ct-scans-with-covid19/MosMedData Chest CT Scans with COVID-19 Related Findings COVID19_1110 1.0/masks/study_0266_mask.nii,/kaggle/input/datasets/mathurinache/mosmeddata-chest-ct-scans-with-covid19/MosMedData Chest CT Scans with COVID-19 Related Findings COVID19_1110 1.0/masks/study_0266_mask.nii,.nii,study_0266_mask.nii,17.0003
/kaggle/input/datasets,mathurinache/mosmeddata-chest-ct-scans-with-covid19/MosMedData Chest CT Scans with COVID-19 Related Findings COVID19_1110 1.0/masks/study_0287_mask.nii,/kaggle/input/datasets/mathurinache/mosmeddata-chest-ct-scans-with-covid19/MosMedData Chest CT Scans with COVID-19 Related Findings COVID19_1110 1.0/masks/study_0287_mask.nii,.nii,study_0287_mask.nii,21.5003
/kaggle/input/datasets,mathurinache/mosmeddata-chest-ct-scans-with-covid19/MosMedData Chest CT Scans with COVID-19 Related Findings COVID19_1110 1.0/masks/study_0263_mask.nii,/kaggle/input/datasets/mathurinache/mosmeddata-chest-ct-scans-with-covid19/MosMedData Chest CT Scans with COVID-19 Related Findings COVID19_1110 1.0/masks/study_0263_mask.nii,.nii,study_0263_mask.nii,21.0003
/kaggle/input/datasets,mathurinache/mosmeddata-chest-ct-scans-with-covid19/MosMedData Chest CT Scans with COVID-19 Related Findings COVID19_1110 1.0/masks/study_0258_mask.nii,/kaggle/input/datasets/mathurinache/mosmeddata-chest-ct-scans-with-covid19/MosMedData Chest CT Scans with COVID-19 Related Findings COVID19_1110 1.0/masks/study_0258_mask.nii,.nii,study_0258_mask.nii,20.5003
/kaggle/input/datasets,mathurinache/mosmeddata-chest-ct-scans-with-covid19/MosMedData Chest CT Scans with COVID-19 Related Findings COVID19_1110 1.0/masks/study_0264_mask.nii,/kaggle/input/datasets/mathurinache/mosmeddata-chest-ct-scans-with-covid19/MosMedData Chest CT Scans with COVID-19 Related Findings COVID19_1110 1.0/masks/study_0264_mask.nii,.nii,study_0264_mask.nii,20.5003
/kaggle/input/datasets,mathurinache/mosmeddata-chest-ct-scans-with-covid19/MosMedData Chest CT Scans with COVID-19 Related Findings COVID19_1110 1.0/masks/study_0293_mask.nii,/kaggle/input/datasets/mathurinache/mosmeddata-chest-ct-scans-with-covid19/MosMedData Chest CT Scans with COVID-19 Related Findings COVID19_1110 1.0/masks/study_0293_mask.nii,.nii,study_0293_mask.nii,19.5003
/kaggle/input/datasets,mathurinache/mosmeddata-chest-ct-scans-with-covid19/MosMedData Chest CT Scans with COVID-19 Related Findings COVID19_1110 1.0/masks/study_0292_mask.nii,/kaggle/input/datasets/mathurinache/mosmeddata-chest-ct-scans-with-covid19/MosMedData Chest CT Scans with COVID-19 Related Findings COVID19_1110 1.0/masks/study_0292_mask.nii,.nii,study_0292_mask.nii,20.5003
/kaggle/input/datasets,mathurinache/mosmeddata-chest-ct-scans-with-covid19/MosMedData Chest CT Scans with COVID-19 Related Findings COVID19_1110 1.0/masks/study_0271_mask.nii,/kaggle/input/datasets/mathurinache/mosmeddata-chest-ct-scans-with-covid19/MosMedData Chest CT Scans with COVID-19 Related Findings COVID19_1110 1.0/masks/study_0271_mask.nii,.nii,study_0271_mask.nii,20.0003
/kaggle/input/datasets,mathurinache/mosmeddata-chest-ct-scans-with-covid19/MosMedData Chest CT Scans with COVID-19 Related Findings COVID19_1110 1.0/studies/CT-4/study_1110.nii,/kaggle/input/datasets/mathurinache/mosmeddata-chest-ct-scans-with-covid19/MosMedData Chest CT Scans with COVID-19 Related Findings COVID19_1110 1.0/studies/CT-4/study_1110.nii,.nii,study_1110.nii,21.0003
/kaggle/input/datasets,mathurinache/mosmeddata-chest-ct-scans-with-covid19/MosMedData Chest CT Scans with COVID-19 Related Findings COVID19_1110 1.0/studies/CT-4/study_1109.nii,/kaggle/input/datasets/mathurinache/mosmeddata-chest-ct-scans-with-covid19/MosMedData Chest CT Scans with COVID-19 Related Findings COVID19_1110 1.0/studies/CT-4/study_1109.nii,.nii,study_1109.nii,18.0003
/kaggle/input/datasets,mathurinache/mosmeddata-chest-ct-scans-with-covid19/MosMedData Chest CT Scans with COVID-19 Related Findings COVID19_1110 1.0/studies/CT-1/study_0367.nii,/kaggle/input/datasets/mathurinache/mosmeddata-chest-ct-scans-with-covid19/MosMedData Chest CT Scans with COVID-19 Related Findings COVID19_1110 1.0/studies/CT-1/study_0367.nii,.nii,study_0367.nii,18.5003
/kaggle/input/datasets,mathurinache/mosmeddata-chest-ct-scans-with-covid19/MosMedData Chest CT Scans with COVID-19 Related Findings COVID19_1110 1.0/studies/CT-1/study_0704.nii,/kaggle/input/datasets/mathurinache/mosmeddata-chest-ct-scans-with-covid19/MosMedData Chest CT Scans with COVID-19 Related Findings COVID19_1110 1.0/studies/CT-1/study_0704.nii,.nii,study_0704.nii,18.0003
/kaggle/input/datasets,mathurinache/mosmeddata-chest-ct-scans-with-covid19/MosMedData Chest CT Scans with COVID-19 Related Findings COVID19_1110 1.0/studies/CT-1/study_0298.nii,/kaggle/input/datasets/mathurinache/mosmeddata-chest-ct-scans-with-covid19/MosMedData Chest CT Scans with COVID-19 Related Findings COVID19_1110 1.0/studies/CT-1/study_0298.nii,.nii,study_0298.nii,21.5003
/kaggle/input/datasets,mathurinache/mosmeddata-chest-ct-scans-with-covid19/MosMedData Chest CT Scans with COVID-19 Related Findings COVID19_1110 1.0/studies/CT-1/study_0523.nii,/kaggle/input/datasets/mathurinache/mosmeddata-chest-ct-scans-with-covid19/MosMedData Chest CT Scans with COVID-19 Related Findings COVID19_1110 1.0/studies/CT-1/study_0523.nii,.nii,study_0523.nii,20.5003
/kaggle/input/datasets,mathurinache/mosmeddata-chest-ct-scans-with-covid19/MosMedData Chest CT Scans with COVID-19 Related Findings COVID19_1110 1.0/studies/CT-1/study_0926.nii,/kaggle/input/datasets/mathurinache/mosmeddata-chest-ct-scans-with-covid19/MosMedData Chest CT Scans with COVID-19 Related Findings COVID19_1110 1.0/studies/CT-1/study_0926.nii,.nii,study_0926.nii,26.5003
/kaggle/input/datasets,mathurinache/mosmeddata-chest-ct-scans-with-covid19/MosMedData Chest CT Scans with COVID-19 Related Findings COVID19_1110 1.0/studies/CT-1/study_0729.nii,/kaggle/input/datasets/mathurinache/mosmeddata-chest-ct-scans-with-covid19/MosMedData Chest CT Scans with COVID-19 Related Findings COVID19_1110 1.0/studies/CT-1/study_0729.nii,.nii,study_0729.nii,16.5003
/kaggle/input/datasets,mathurinache/mosmeddata-chest-ct-scans-with-covid19/MosMedData Chest CT Scans with COVID-19 Related Findings COVID19_1110 1.0/studies/CT-1/study_0765.nii,/kaggle/input/datasets/mathurinache/mosmeddata-chest-ct-scans-with-covid19/MosMedData Chest CT Scans with COVID-19 Related Findings COVID19_1110 1.0/studies/CT-1/study_0765.nii,.nii,study_0765.nii,21.5003
/kaggle/input/datasets,mathurinache/mosmeddata-chest-ct-scans-with-covid19/MosMedData Chest CT Scans with COVID-19 Related Findings COVID19_1110 1.0/studies/CT-1/study_0401.nii,/kaggle/input/datasets/mathurinache/mosmeddata-chest-ct-scans-with-covid19/MosMedData Chest CT Scans with COVID-19 Related Findings COVID19_1110 1.0/studies/CT-1/study_0401.nii,.nii,study_0401.nii,19.5003
/kaggle/input/datasets,mathurinache/mosmeddata-chest-ct-scans-with-covid19/MosMedData Chest CT Scans with COVID-19 Related Findings COVID19_1110 1.0/studies/CT-1/study_0885.nii,/kaggle/input/datasets/mathurinache/mosmeddata-chest-ct-scans-with-covid19/MosMedData Chest CT Scans with COVID-19 Related Findings COVID19_1110 1.0/studies/CT-1/study_0885.nii,.nii,study_0885.nii,20.5003
/kaggle/input/datasets,mathurinache/mosmeddata-chest-ct-scans-with-covid19/MosMedData Chest CT Scans with COVID-19 Related Findings COVID19_1110 1.0/studies/CT-1/study_0362.nii,/kaggle/input/datasets/mathurinache/mosmeddata-chest-ct-scans-with-covid19/MosMedData Chest CT Scans with COVID-19 Related Findings COVID19_1110 1.0/studies/CT-1/study_0362.nii,.nii,study_0362.nii,21.5003
/kaggle/input/datasets,mathurinache/mosmeddata-chest-ct-scans-with-covid19/MosMedData Chest CT Scans with COVID-19 Related Findings COVID19_1110 1.0/studies/CT-1/study_0809.nii,/kaggle/input/datasets/mathurinache/mosmeddata-chest-ct-scans-with-covid19/MosMedData Chest CT Scans with COVID-19 Related Findings COVID19_1110 1.0/studies/CT-1/study_0809.nii,.nii,study_0809.nii,18.5003
/kaggle/input/datasets,mathurinache/mosmeddata-chest-ct-scans-with-covid19/MosMedData Chest CT Scans with COVID-19 Related Findings COVID19_1110 1.0/studies/CT-1/study_0346.nii,/kaggle/input/datasets/mathurinache/mosmeddata-chest-ct-scans-with-covid19/MosMedData Chest CT Scans with COVID-19 Related Findings COVID19_1110 1.0/studies/CT-1/study_0346.nii,.nii,study_0346.nii,17.0003
/kaggle/input/datasets,mathurinache/mosmeddata-chest-ct-scans-with-covid19/MosMedData Chest CT Scans with COVID-19 Related Findings COVID19_1110 1.0/studies/CT-1/study_0635.nii,/kaggle/input/datasets/mathurinache/mosmeddata-chest-ct-scans-with-covid19/MosMedData Chest CT Scans with COVID-19 Related Findings COVID19_1110 1.0/studies/CT-1/study_0635.nii,.nii,study_0635.nii,19.0003
/kaggle/input/datasets,mathurinache/mosmeddata-chest-ct-scans-with-covid19/MosMedData Chest CT Scans with COVID-19 Related Findings COVID19_1110 1.0/studies/CT-1/study_0700.nii,/kaggle/input/datasets/mathurinache/mosmeddata-chest-ct-scans-with-covid19/MosMedData Chest CT Scans with COVID-19 Related Findings COVID19_1110 1.0/studies/CT-1/study_0700.nii,.nii,study_0700.nii,20.5003
/kaggle/input/datasets,mathurinache/mosmeddata-chest-ct-scans-with-covid19/MosMedData Chest CT Scans with COVID-19 Related Findings COVID19_1110 1.0/studies/CT-1/study_0607.nii,/kaggle/input/datasets/mathurinache/mosmeddata-chest-ct-scans-with-covid19/MosMedData Chest CT Scans with COVID-19 Related Findings COVID19_1110 1.0/studies/CT-1/study_0607.nii,.nii,study_0607.nii,21.0003
/kaggle/input/datasets,mathurinache/mosmeddata-chest-ct-scans-with-covid19/MosMedData Chest CT Scans with COVID-19 Related Findings COVID19_1110 1.0/studies/CT-1/study_0735.nii,/kaggle/input/datasets/mathurinache/mosmeddata-chest-ct-scans-with-covid19/MosMedData Chest CT Scans with COVID-19 Related Findings COVID19_1110 1.0/studies/CT-1/study_0735.nii,.nii,study_0735.nii,22.5003
/kaggle/input/datasets,mathurinache/mosmeddata-chest-ct-scans-with-covid19/MosMedData Chest CT Scans with COVID-19 Related Findings COVID19_1110 1.0/studies/CT-1/study_0379.nii,/kaggle/input/datasets/mathurinache/mosmeddata-chest-ct-scans-with-covid19/MosMedData Chest CT Scans with COVID-19 Related Findings COVID19_1110 1.0/studies/CT-1/study_0379.nii,.nii,study_0379.nii,20.0003
/kaggle/input/datasets,mathurinache/mosmeddata-chest-ct-scans-with-covid19/MosMedData Chest CT Scans with COVID-19 Related Findings COVID19_1110 1.0/studies/CT-1/study_0583.nii,/kaggle/input/datasets/mathurinache/mosmeddata-chest-ct-scans-with-covid19/MosMedData Chest CT Scans with COVID-19 Related Findings COVID19_1110 1.0/studies/CT-1/study_0583.nii,.nii,study_0583.nii,22.5003
/kaggle/input/datasets,mathurinache/mosmeddata-chest-ct-scans-with-covid19/MosMedData Chest CT Scans with COVID-19 Related Findings COVID19_1110 1.0/studies/CT-1/study_0544.nii,/kaggle/input/datasets/mathurinache/mosmeddata-chest-ct-scans-with-covid19/MosMedData Chest CT Scans with COVID-19 Related Findings COVID19_1110 1.0/studies/CT-1/study_0544.nii,.nii,study_0544.nii,22.5003
/kaggle/input/datasets,mathurinache/mosmeddata-chest-ct-scans-with-covid19/MosMedData Chest CT Scans with COVID-19 Related Findings COVID19_1110 1.0/studies/CT-1/study_0883.nii,/kaggle/input/datasets/mathurinache/mosmeddata-chest-ct-scans-with-covid19/MosMedData Chest CT Scans with COVID-19 Related Findings COVID19_1110 1.0/studies/CT-1/study_0883.nii,.nii,study_0883.nii,22.5003
/kaggle/input/datasets,mathurinache/mosmeddata-chest-ct-scans-with-covid19/MosMedData Chest CT Scans with COVID-19 Related Findings COVID19_1110 1.0/studies/CT-1/study_0814.nii,/kaggle/input/datasets/mathurinache/mosmeddata-chest-ct-scans-with-covid19/MosMedData Chest CT Scans with COVID-19 Related Findings COVID19_1110 1.0/studies/CT-1/study_0814.nii,.nii,study_0814.nii,23.5003
/kaggle/input/datasets,mathurinache/mosmeddata-chest-ct-scans-with-covid19/MosMedData Chest CT Scans with COVID-19 Related Findings COVID19_1110 1.0/studies/CT-1/study_0907.nii,/kaggle/input/datasets/mathurinache/mosmeddata-chest-ct-scans-with-covid19/MosMedData Chest CT Scans with COVID-19 Related Findings COVID19_1110 1.0/studies/CT-1/study_0907.nii,.nii,study_0907.nii,22.0003
/kaggle/input/datasets,mathurinache/mosmeddata-chest-ct-scans-with-covid19/MosMedData Chest CT Scans with COVID-19 Related Findings COVID19_1110 1.0/studies/CT-1/study_0361.nii,/kaggle/input/datasets/mathurinache/mosmeddata-chest-ct-scans-with-covid19/MosMedData Chest CT Scans with COVID-19 Related Findings COVID19_1110 1.0/studies/CT-1/study_0361.nii,.nii,study_0361.nii,22.5003
/kaggle/input/datasets,mathurinache/mosmeddata-chest-ct-scans-with-covid19/MosMedData Chest CT Scans with COVID-19 Related Findings COVID19_1110 1.0/studies/CT-1/study_0472.nii,/kaggle/input/datasets/mathurinache/mosmeddata-chest-ct-scans-with-covid19/MosMedData Chest CT Scans with COVID-19 Related Findings COVID19_1110 1.0/studies/CT-1/study_0472.nii,.nii,study_0472.nii,18.5003
/kaggle/input/datasets,mathurinache/mosmeddata-chest-ct-scans-with-covid19/MosMedData Chest CT Scans with COVID-19 Related Findings COVID19_1110 1.0/studies/CT-1/study_0796.nii,/kaggle/input/datasets/mathurinache/mosmeddata-chest-ct-scans-with-covid19/MosMedData Chest CT Scans with COVID-19 Related Findings COVID19_1110 1.0/studies/CT-1/study_0796.nii,.nii,study_0796.nii,21.5003
/kaggle/input/datasets,mathurinache/mosmeddata-chest-ct-scans-with-covid19/MosMedData Chest CT Scans with COVID-19 Related Findings COVID19_1110 1.0/studies/CT-1/study_0863.nii,/kaggle/input/datasets/mathurinache/mosmeddata-chest-ct-scans-with-covid19/MosMedData Chest CT Scans with COVID-19 Related Findings COVID19_1110 1.0/studies/CT-1/study_0863.nii,.nii,study_0863.nii,23.5003
/kaggle/input/datasets,mathurinache/mosmeddata-chest-ct-scans-with-covid19/MosMedData Chest CT Scans with COVID-19 Related Findings COVID19_1110 1.0/studies/CT-1/study_0835.nii,/kaggle/input/datasets/mathurinache/mosmeddata-chest-ct-scans-with-covid19/MosMedData Chest CT Scans with COVID-19 Related Findings COVID19_1110 1.0/studies/CT-1/study_0835.nii,.nii,study_0835.nii,21.5003
/kaggle/input/datasets,mathurinache/mosmeddata-chest-ct-scans-with-covid19/MosMedData Chest CT Scans with COVID-19 Related Findings COVID19_1110 1.0/studies/CT-1/study_0657.nii,/kaggle/input/datasets/mathurinache/mosmeddata-chest-ct-scans-with-covid19/MosMedData Chest CT Scans with COVID-19 Related Findings COVID19_1110 1.0/studies/CT-1/study_0657.nii,.nii,study_0657.nii,20.5003
/kaggle/input/datasets,mathurinache/mosmeddata-chest-ct-scans-with-covid19/MosMedData Chest CT Scans with COVID-19 Related Findings COVID19_1110 1.0/studies/CT-1/study_0906.nii,/kaggle/input/datasets/mathurinache/mosmeddata-chest-ct-scans-with-covid19/MosMedData Chest CT Scans with COVID-19 Related Findings COVID19_1110 1.0/studies/CT-1/study_0906.nii,.nii,study_0906.nii,19.0003
/kaggle/input/datasets,mathurinache/mosmeddata-chest-ct-scans-with-covid19/MosMedData Chest CT Scans with COVID-19 Related Findings COVID19_1110 1.0/studies/CT-1/study_0555.nii,/kaggle/input/datasets/mathurinache/mosmeddata-chest-ct-scans-with-covid19/MosMedData Chest CT Scans with COVID-19 Related Findings COVID19_1110 1.0/studies/CT-1/study_0555.nii,.nii,study_0555.nii,17.5003
/kaggle/input/datasets,mathurinache/mosmeddata-chest-ct-scans-with-covid19/MosMedData Chest CT Scans with COVID-19 Related Findings COVID19_1110 1.0/studies/CT-1/study_0486.nii,/kaggle/input/datasets/mathurinache/mosmeddata-chest-ct-scans-with-covid19/MosMedData Chest CT Scans with COVID-19 Related Findings COVID19_1110 1.0/studies/CT-1/study_0486.nii,.nii,study_0486.nii,17.5003
/kaggle/input/datasets,mathurinache/mosmeddata-chest-ct-scans-with-covid19/MosMedData Chest CT Scans with COVID-19 Related Findings COVID19_1110 1.0/studies/CT-1/study_0721.nii,/kaggle/input/datasets/mathurinache/mosmeddata-chest-ct-scans-with-covid19/MosMedData Chest CT Scans with COVID-19 Related Findings COVID19_1110 1.0/studies/CT-1/study_0721.nii,.nii,study_0721.nii,23.5003
/kaggle/input/datasets,mathurinache/mosmeddata-chest-ct-scans-with-covid19/MosMedData Chest CT Scans with COVID-19 Related Findings COVID19_1110 1.0/studies/CT-1/study_0538.nii,/kaggle/input/datasets/mathurinache/mosmeddata-chest-ct-scans-with-covid19/MosMedData Chest CT Scans with COVID-19 Related Findings COVID19_1110 1.0/studies/CT-1/study_0538.nii,.nii,study_0538.nii,21.0003
/kaggle/input/datasets,mathurinache/mosmeddata-chest-ct-scans-with-covid19/MosMedData Chest CT Scans with COVID-19 Related Findings COVID19_1110 1.0/studies/CT-1/study_0291.nii,/kaggle/input/datasets/mathurinache/mosmeddata-chest-ct-scans-with-covid19/MosMedData Chest CT Scans with COVID-19 Related Findings COVID19_1110 1.0/studies/CT-1/study_0291.nii,.nii,study_0291.nii,20.5003
/kaggle/input/datasets,mathurinache/mosmeddata-chest-ct-scans-with-covid19/MosMedData Chest CT Scans with COVID-19 Related Findings COVID19_1110 1.0/studies/CT-1/study_0615.nii,/kaggle/input/datasets/mathurinache/mosmeddata-chest-ct-scans-with-covid19/MosMedData Chest CT Scans with COVID-19 Related Findings COVID19_1110 1.0/studies/CT-1/study_0615.nii,.nii,study_0615.nii,23.0003
/kaggle/input/datasets,mathurinache/mosmeddata-chest-ct-scans-with-covid19/MosMedData Chest CT Scans with COVID-19 Related Findings COVID19_1110 1.0/studies/CT-1/study_0271.nii,/kaggle/input/datasets/mathurinache/mosmeddata-chest-ct-scans-with-covid19/MosMedData Chest CT Scans with COVID-19 Related Findings COVID19_1110 1.0/studies/CT-1/study_0271.nii,.nii,study_0271.nii,20.0003
/kaggle/input/datasets,mathurinache/mosmeddata-chest-ct-scans-with-covid19/MosMedData Chest CT Scans with COVID-19 Related Findings COVID19_1110 1.0/studies/CT-1/study_0422.nii,/kaggle/input/datasets/mathurinache/mosmeddata-chest-ct-scans-with-covid19/MosMedData Chest CT Scans with COVID-19 Related Findings COVID19_1110 1.0/studies/CT-1/study_0422.nii,.nii,study_0422.nii,20.0003
/kaggle/input/datasets,mathurinache/mosmeddata-chest-ct-scans-with-covid19/MosMedData Chest CT Scans with COVID-19 Related Findings COVID19_1110 1.0/studies/CT-1/study_0736.nii,/kaggle/input/datasets/mathurinache/mosmeddata-chest-ct-scans-with-covid19/MosMedData Chest CT Scans with COVID-19 Related Findings COVID19_1110 1.0/studies/CT-1/study_0736.nii,.nii,study_0736.nii,19.0003
/kaggle/input/datasets,mathurinache/mosmeddata-chest-ct-scans-with-covid19/MosMedData Chest CT Scans with COVID-19 Related Findings COVID19_1110 1.0/studies/CT-1/study_0581.nii,/kaggle/input/datasets/mathurinache/mosmeddata-chest-ct-scans-with-covid19/MosMedData Chest CT Scans with COVID-19 Related Findings COVID19_1110 1.0/studies/CT-1/study_0581.nii,.nii,study_0581.nii,21.0003
/kaggle/input/datasets,mathurinache/mosmeddata-chest-ct-scans-with-covid19/MosMedData Chest CT Scans with COVID-19 Related Findings COVID19_1110 1.0/studies/CT-1/study_0627.nii,/kaggle/input/datasets/mathurinache/mosmeddata-chest-ct-scans-with-covid19/MosMedData Chest CT Scans with COVID-19 Related Findings COVID19_1110 1.0/studies/CT-1/study_0627.nii,.nii,study_0627.nii,19.0003
/kaggle/input/datasets,mathurinache/mosmeddata-chest-ct-scans-with-covid19/MosMedData Chest CT Scans with COVID-19 Related Findings COVID19_1110 1.0/studies/CT-1/study_0374.nii,/kaggle/input/datasets/mathurinache/mosmeddata-chest-ct-scans-with-covid19/MosMedData Chest CT Scans with COVID-19 Related Findings COVID19_1110 1.0/studies/CT-1/study_0374.nii,.nii,study_0374.nii,20.5003
/kaggle/input/datasets,mathurinache/mosmeddata-chest-ct-scans-with-covid19/MosMedData Chest CT Scans with COVID-19 Related Findings COVID19_1110 1.0/studies/CT-1/study_0511.nii,/kaggle/input/datasets/mathurinache/mosmeddata-chest-ct-scans-with-covid19/MosMedData Chest CT Scans with COVID-19 Related Findings COVID19_1110 1.0/studies/CT-1/study_0511.nii,.nii,study_0511.nii,20.5003
/kaggle/input/datasets,mathurinache/mosmeddata-chest-ct-scans-with-covid19/MosMedData Chest CT Scans with COVID-19 Related Findings COVID19_1110 1.0/studies/CT-1/study_0543.nii,/kaggle/input/datasets/mathurinache/mosmeddata-chest-ct-scans-with-covid19/MosMedData Chest CT Scans with COVID-19 Related Findings COVID19_1110 1.0/studies/CT-1/study_0543.nii,.nii,study_0543.nii,20.5003
/kaggle/input/datasets,mathurinache/mosmeddata-chest-ct-scans-with-covid19/MosMedData Chest CT Scans with COVID-19 Related Findings COVID19_1110 1.0/studies/CT-1/study_0313.nii,/kaggle/input/datasets/mathurinache/mosmeddata-chest-ct-scans-with-covid19/MosMedData Chest CT Scans with COVID-19 Related Findings COVID19_1110 1.0/studies/CT-1/study_0313.nii,.nii,study_0313.nii,22.5003
/kaggle/input/datasets,mathurinache/mosmeddata-chest-ct-scans-with-covid19/MosMedData Chest CT Scans with COVID-19 Related Findings COVID19_1110 1.0/studies/CT-1/study_0535.nii,/kaggle/input/datasets/mathurinache/mosmeddata-chest-ct-scans-with-covid19/MosMedData Chest CT Scans with COVID-19 Related Findings COVID19_1110 1.0/studies/CT-1/study_0535.nii,.nii,study_0535.nii,20.0003
/kaggle/input/datasets,mathurinache/mosmeddata-chest-ct-scans-with-covid19/MosMedData Chest CT Scans with COVID-19 Related Findings COVID19_1110 1.0/studies/CT-1/study_0826.nii,/kaggle/input/datasets/mathurinache/mosmeddata-chest-ct-scans-with-covid19/MosMedData Chest CT Scans with COVID-19 Related Findings COVID19_1110 1.0/studies/CT-1/study_0826.nii,.nii,study_0826.nii,23.0003
/kaggle/input/datasets,mathurinache/mosmeddata-chest-ct-scans-with-covid19/MosMedData Chest CT Scans with COVID-19 Related Findings COVID19_1110 1.0/studies/CT-1/study_0625.nii,/kaggle/input/datasets/mathurinache/mosmeddata-chest-ct-scans-with-covid19/MosMedData Chest CT Scans with COVID-19 Related Findings COVID19_1110 1.0/studies/CT-1/study_0625.nii,.nii,study_0625.nii,17.5003
/kaggle/input/datasets,mathurinache/mosmeddata-chest-ct-scans-with-covid19/MosMedData Chest CT Scans with COVID-19 Related Findings COVID19_1110 1.0/studies/CT-1/study_0354.nii,/kaggle/input/datasets/mathurinache/mosmeddata-chest-ct-scans-with-covid19/MosMedData Chest CT Scans with COVID-19 Related Findings COVID19_1110 1.0/studies/CT-1/study_0354.nii,.nii,study_0354.nii,22.5003
/kaggle/input/datasets,mathurinache/mosmeddata-chest-ct-scans-with-covid19/MosMedData Chest CT Scans with COVID-19 Related Findings COVID19_1110 1.0/studies/CT-1/study_0481.nii,/kaggle/input/datasets/mathurinache/mosmeddata-chest-ct-scans-with-covid19/MosMedData Chest CT Scans with COVID-19 Related Findings COVID19_1110 1.0/studies/CT-1/study_0481.nii,.nii,study_0481.nii,20.0003
/kaggle/input/datasets,mathurinache/mosmeddata-chest-ct-scans-with-covid19/MosMedData Chest CT Scans with COVID-19 Related Findings COVID19_1110 1.0/studies/CT-1/study_0284.nii,/kaggle/input/datasets/mathurinache/mosmeddata-chest-ct-scans-with-covid19/MosMedData Chest CT Scans with COVID-19 Related Findings COVID19_1110 1.0/studies/CT-1/study_0284.nii,.nii,study_0284.nii,19.5003
/kaggle/input/datasets,mathurinache/mosmeddata-chest-ct-scans-with-covid19/MosMedData Chest CT Scans with COVID-19 Related Findings COVID19_1110 1.0/studies/CT-1/study_0441.nii,/kaggle/input/datasets/mathurinache/mosmeddata-chest-ct-scans-with-covid19/MosMedData Chest CT Scans with COVID-19 Related Findings COVID19_1110 1.0/studies/CT-1/study_0441.nii,.nii,study_0441.nii,17.5003
/kaggle/input/datasets,mathurinache/mosmeddata-chest-ct-scans-with-covid19/MosMedData Chest CT Scans with COVID-19 Related Findings COVID19_1110 1.0/studies/CT-1/study_0398.nii,/kaggle/input/datasets/mathurinache/mosmeddata-chest-ct-scans-with-covid19/MosMedData Chest CT Scans with COVID-19 Related Findings COVID19_1110 1.0/studies/CT-1/study_0398.nii,.nii,study_0398.nii,20.5003
/kaggle/input/datasets,mathurinache/mosmeddata-chest-ct-scans-with-covid19/MosMedData Chest CT Scans with COVID-19 Related Findings COVID19_1110 1.0/studies/CT-1/study_0836.nii,/kaggle/input/datasets/mathurinache/mosmeddata-chest-ct-scans-with-covid19/MosMedData Chest CT Scans with COVID-19 Related Findings COVID19_1110 1.0/studies/CT-1/study_0836.nii,.nii,study_0836.nii,20.0003
/kaggle/input/datasets,mathurinache/mosmeddata-chest-ct-scans-with-covid19/MosMedData Chest CT Scans with COVID-19 Related Findings COVID19_1110 1.0/studies/CT-1/study_0629.nii,/kaggle/input/datasets/mathurinache/mosmeddata-chest-ct-scans-with-covid19/MosMedData Chest CT Scans with COVID-19 Related Findings COVID19_1110 1.0/studies/CT-1/study_0629.nii,.nii,study_0629.nii,22.5003
/kaggle/input/datasets,mathurinache/mosmeddata-chest-ct-scans-with-covid19/MosMedData Chest CT Scans with COVID-19 Related Findings COVID19_1110 1.0/studies/CT-1/study_0475.nii,/kaggle/input/datasets/mathurinache/mosmeddata-chest-ct-scans-with-covid19/MosMedData Chest CT Scans with COVID-19 Related Findings COVID19_1110 1.0/studies/CT-1/study_0475.nii,.nii,study_0475.nii,22.5003
/kaggle/input/datasets,mathurinache/mosmeddata-chest-ct-scans-with-covid19/MosMedData Chest CT Scans with COVID-19 Related Findings COVID19_1110 1.0/studies/CT-1/study_0342.nii,/kaggle/input/datasets/mathurinache/mosmeddata-chest-ct-scans-with-covid19/MosMedData Chest CT Scans with COVID-19 Related Findings COVID19_1110 1.0/studies/CT-1/study_0342.nii,.nii,study_0342.nii,22.5003
/kaggle/input/datasets,mathurinache/mosmeddata-chest-ct-scans-with-covid19/MosMedData Chest CT Scans with COVID-19 Related Findings COVID19_1110 1.0/studies/CT-1/study_0901.nii,/kaggle/input/datasets/mathurinache/mosmeddata-chest-ct-scans-with-covid19/MosMedData Chest CT Scans with COVID-19 Related Findings COVID19_1110 1.0/studies/CT-1/study_0901.nii,.nii,study_0901.nii,23.5003
/kaggle/input/datasets,mathurinache/mosmeddata-chest-ct-scans-with-covid19/MosMedData Chest CT Scans with COVID-19 Related Findings COVID19_1110 1.0/studies/CT-1/study_0360.nii,/kaggle/input/datasets/mathurinache/mosmeddata-chest-ct-scans-with-covid19/MosMedData Chest CT Scans with COVID-19 Related Findings COVID19_1110 1.0/studies/CT-1/study_0360.nii,.nii,study_0360.nii,19.5003
/kaggle/input/datasets,mathurinache/mosmeddata-chest-ct-scans-with-covid19/MosMedData Chest CT Scans with COVID-19 Related Findings COVID19_1110 1.0/studies/CT-1/study_0517.nii,/kaggle/input/datasets/mathurinache/mosmeddata-chest-ct-scans-with-covid19/MosMedData Chest CT Scans with COVID-19 Related Findings COVID19_1110 1.0/studies/CT-1/study_0517.nii,.nii,study_0517.nii,19.0003
/kaggle/input/datasets,mathurinache/mosmeddata-chest-ct-scans-with-covid19/MosMedData Chest CT Scans with COVID-19 Related Findings COVID19_1110 1.0/studies/CT-1/study_0706.nii,/kaggle/input/datasets/mathurinache/mosmeddata-chest-ct-scans-with-covid19/MosMedData Chest CT Scans with COVID-19 Related Findings COVID19_1110 1.0/studies/CT-1/study_0706.nii,.nii,study_0706.nii,18.0003
/kaggle/input/datasets,mathurinache/mosmeddata-chest-ct-scans-with-covid19/MosMedData Chest CT Scans with COVID-19 Related Findings COVID19_1110 1.0/studies/CT-1/study_0819.nii,/kaggle/input/datasets/mathurinache/mosmeddata-chest-ct-scans-with-covid19/MosMedData Chest CT Scans with COVID-19 Related Findings COVID19_1110 1.0/studies/CT-1/study_0819.nii,.nii,study_0819.nii,21.5003
/kaggle/input/datasets,mathurinache/mosmeddata-chest-ct-scans-with-covid19/MosMedData Chest CT Scans with COVID-19 Related Findings COVID19_1110 1.0/studies/CT-1/study_0673.nii,/kaggle/input/datasets/mathurinache/mosmeddata-chest-ct-scans-with-covid19/MosMedData Chest CT Scans with COVID-19 Related Findings COVID19_1110 1.0/studies/CT-1/study_0673.nii,.nii,study_0673.nii,20.0003
/kaggle/input/datasets,mathurinache/mosmeddata-chest-ct-scans-with-covid19/MosMedData Chest CT Scans with COVID-19 Related Findings COVID19_1110 1.0/studies/CT-1/study_0292.nii,/kaggle/input/datasets/mathurinache/mosmeddata-chest-ct-scans-with-covid19/MosMedData Chest CT Scans with COVID-19 Related Findings COVID19_1110 1.0/studies/CT-1/study_0292.nii,.nii,study_0292.nii,20.5003
/kaggle/input/datasets,mathurinache/mosmeddata-chest-ct-scans-with-covid19/MosMedData Chest CT Scans with COVID-19 Related Findings COVID19_1110 1.0/studies/CT-1/study_0713.nii,/kaggle/input/datasets/mathurinache/mosmeddata-chest-ct-scans-with-covid19/MosMedData Chest CT Scans with COVID-19 Related Findings COVID19_1110 1.0/studies/CT-1/study_0713.nii,.nii,study_0713.nii,20.0003
/kaggle/input/datasets,mathurinache/mosmeddata-chest-ct-scans-with-covid19/MosMedData Chest CT Scans with COVID-19 Related Findings COVID19_1110 1.0/studies/CT-1/study_0590.nii,/kaggle/input/datasets/mathurinache/mosmeddata-chest-ct-scans-with-covid19/MosMedData Chest CT Scans with COVID-19 Related Findings COVID19_1110 1.0/studies/CT-1/study_0590.nii,.nii,study_0590.nii,20.5003
/kaggle/input/datasets,mathurinache/mosmeddata-chest-ct-scans-with-covid19/MosMedData Chest CT Scans with COVID-19 Related Findings COVID19_1110 1.0/studies/CT-1/study_0703.nii,/kaggle/input/datasets/mathurinache/mosmeddata-chest-ct-scans-with-covid19/MosMedData Chest CT Scans with COVID-19 Related Findings COVID19_1110 1.0/studies/CT-1/study_0703.nii,.nii,study_0703.nii,16.5003
/kaggle/input/datasets,mathurinache/mosmeddata-chest-ct-scans-with-covid19/MosMedData Chest CT Scans with COVID-19 Related Findings COVID19_1110 1.0/studies/CT-1/study_0453.nii,/kaggle/input/datasets/mathurinache/mosmeddata-chest-ct-scans-with-covid19/MosMedData Chest CT Scans with COVID-19 Related Findings COVID19_1110 1.0/studies/CT-1/study_0453.nii,.nii,study_0453.nii,20.0003
/kaggle/input/datasets,mathurinache/mosmeddata-chest-ct-scans-with-covid19/MosMedData Chest CT Scans with COVID-19 Related Findings COVID19_1110 1.0/studies/CT-1/study_0499.nii,/kaggle/input/datasets/mathurinache/mosmeddata-chest-ct-scans-with-covid19/MosMedData Chest CT Scans with COVID-19 Related Findings COVID19_1110 1.0/studies/CT-1/study_0499.nii,.nii,study_0499.nii,23.5003
/kaggle/input/datasets,mathurinache/mosmeddata-chest-ct-scans-with-covid19/MosMedData Chest CT Scans with COVID-19 Related Findings COVID19_1110 1.0/studies/CT-1/study_0578.nii,/kaggle/input/datasets/mathurinache/mosmeddata-chest-ct-scans-with-covid19/MosMedData Chest CT Scans with COVID-19 Related Findings COVID19_1110 1.0/studies/CT-1/study_0578.nii,.nii,study_0578.nii,17.5003
/kaggle/input/datasets,mathurinache/mosmeddata-chest-ct-scans-with-covid19/MosMedData Chest CT Scans with COVID-19 Related Findings COVID19_1110 1.0/studies/CT-1/study_0749.nii,/kaggle/input/datasets/mathurinache/mosmeddata-chest-ct-scans-with-covid19/MosMedData Chest CT Scans with COVID-19 Related Findings COVID19_1110 1.0/studies/CT-1/study_0749.nii,.nii,study_0749.nii,21.5003
/kaggle/input/datasets,mathurinache/mosmeddata-chest-ct-scans-with-covid19/MosMedData Chest CT Scans with COVID-19 Related Findings COVID19_1110 1.0/studies/CT-1/study_0878.nii,/kaggle/input/datasets/mathurinache/mosmeddata-chest-ct-scans-with-covid19/MosMedData Chest CT Scans with COVID-19 Related Findings COVID19_1110 1.0/studies/CT-1/study_0878.nii,.nii,study_0878.nii,19.0003
/kaggle/input/datasets,mathurinache/mosmeddata-chest-ct-scans-with-covid19/MosMedData Chest CT Scans with COVID-19 Related Findings COVID19_1110 1.0/studies/CT-1/study_0813.nii,/kaggle/input/datasets/mathurinache/mosmeddata-chest-ct-scans-with-covid19/MosMedData Chest CT Scans with COVID-19 Related Findings COVID19_1110 1.0/studies/CT-1/study_0813.nii,.nii,study_0813.nii,19.0003
/kaggle/input/datasets,mathurinache/mosmeddata-chest-ct-scans-with-covid19/MosMedData Chest CT Scans with COVID-19 Related Findings COVID19_1110 1.0/studies/CT-1/study_0764.nii,/kaggle/input/datasets/mathurinache/mosmeddata-chest-ct-scans-with-covid19/MosMedData Chest CT Scans with COVID-19 Related Findings COVID19_1110 1.0/studies/CT-1/study_0764.nii,.nii,study_0764.nii,18.5003
/kaggle/input/datasets,mathurinache/mosmeddata-chest-ct-scans-with-covid19/MosMedData Chest CT Scans with COVID-19 Related Findings COVID19_1110 1.0/studies/CT-1/study_0577.nii,/kaggle/input/datasets/mathurinache/mosmeddata-chest-ct-scans-with-covid19/MosMedData Chest CT Scans with COVID-19 Related Findings COVID19_1110 1.0/studies/CT-1/study_0577.nii,.nii,study_0577.nii,20.0003
/kaggle/input/datasets,mathurinache/mosmeddata-chest-ct-scans-with-covid19/MosMedData Chest CT Scans with COVID-19 Related Findings COVID19_1110 1.0/studies/CT-1/study_0900.nii,/kaggle/input/datasets/mathurinache/mosmeddata-chest-ct-scans-with-covid19/MosMedData Chest CT Scans with COVID-19 Related Findings COVID19_1110 1.0/studies/CT-1/study_0900.nii,.nii,study_0900.nii,19.0003
/kaggle/input/datasets,mathurinache/mosmeddata-chest-ct-scans-with-covid19/MosMedData Chest CT Scans with COVID-19 Related Findings COVID19_1110 1.0/studies/CT-1/study_0391.nii,/kaggle/input/datasets/mathurinache/mosmeddata-chest-ct-scans-with-covid19/MosMedData Chest CT Scans with COVID-19 Related Findings COVID19_1110 1.0/studies/CT-1/study_0391.nii,.nii,study_0391.nii,21.5003
/kaggle/input/datasets,mathurinache/mosmeddata-chest-ct-scans-with-covid19/MosMedData Chest CT Scans with COVID-19 Related Findings COVID19_1110 1.0/studies/CT-1/study_0268.nii,/kaggle/input/datasets/mathurinache/mosmeddata-chest-ct-scans-with-covid19/MosMedData Chest CT Scans with COVID-19 Related Findings COVID19_1110 1.0/studies/CT-1/study_0268.nii,.nii,study_0268.nii,21.5003
/kaggle/input/datasets,mathurinache/mosmeddata-chest-ct-scans-with-covid19/MosMedData Chest CT Scans with COVID-19 Related Findings COVID19_1110 1.0/studies/CT-1/study_0521.nii,/kaggle/input/datasets/mathurinache/mosmeddata-chest-ct-scans-with-covid19/MosMedData Chest CT Scans with COVID-19 Related Findings COVID19_1110 1.0/studies/CT-1/study_0521.nii,.nii,study_0521.nii,19.0003
/kaggle/input/datasets,mathurinache/mosmeddata-chest-ct-scans-with-covid19/MosMedData Chest CT Scans with COVID-19 Related Findings COVID19_1110 1.0/studies/CT-1/study_0562.nii,/kaggle/input/datasets/mathurinache/mosmeddata-chest-ct-scans-with-covid19/MosMedData Chest CT Scans with COVID-19 Related Findings COVID19_1110 1.0/studies/CT-1/study_0562.nii,.nii,study_0562.nii,22.5003
/kaggle/input/datasets,mathurinache/mosmeddata-chest-ct-scans-with-covid19/MosMedData Chest CT Scans with COVID-19 Related Findings COVID19_1110 1.0/studies/CT-1/study_0933.nii,/kaggle/input/datasets/mathurinache/mosmeddata-chest-ct-scans-with-covid19/MosMedData Chest CT Scans with COVID-19 Related Findings COVID19_1110 1.0/studies/CT-1/study_0933.nii,.nii,study_0933.nii,23.5003
/kaggle/input/datasets,mathurinache/mosmeddata-chest-ct-scans-with-covid19/MosMedData Chest CT Scans with COVID-19 Related Findings COVID19_1110 1.0/studies/CT-1/study_0509.nii,/kaggle/input/datasets/mathurinache/mosmeddata-chest-ct-scans-with-covid19/MosMedData Chest CT Scans with COVID-19 Related Findings COVID19_1110 1.0/studies/CT-1/study_0509.nii,.nii,study_0509.nii,32.0003
/kaggle/input/datasets,mathurinache/mosmeddata-chest-ct-scans-with-covid19/MosMedData Chest CT Scans with COVID-19 Related Findings COVID19_1110 1.0/studies/CT-1/study_0408.nii,/kaggle/input/datasets/mathurinache/mosmeddata-chest-ct-scans-with-covid19/MosMedData Chest CT Scans with COVID-19 Related Findings COVID19_1110 1.0/studies/CT-1/study_0408.nii,.nii,study_0408.nii,18.0003
/kaggle/input/datasets,mathurinache/mosmeddata-chest-ct-scans-with-covid19/MosMedData Chest CT Scans with COVID-19 Related Findings COVID19_1110 1.0/studies/CT-1/study_0324.nii,/kaggle/input/datasets/mathurinache/mosmeddata-chest-ct-scans-with-covid19/MosMedData Chest CT Scans with COVID-19 Related Findings COVID19_1110 1.0/studies/CT-1/study_0324.nii,.nii,study_0324.nii,20.5003
/kaggle/input/datasets,mathurinache/mosmeddata-chest-ct-scans-with-covid19/MosMedData Chest CT Scans with COVID-19 Related Findings COVID19_1110 1.0/studies/CT-1/study_0842.nii,/kaggle/input/datasets/mathurinache/mosmeddata-chest-ct-scans-with-covid19/MosMedData Chest CT Scans with COVID-19 Related Findings COVID19_1110 1.0/studies/CT-1/study_0842.nii,.nii,study_0842.nii,20.0003
/kaggle/input/datasets,mathurinache/mosmeddata-chest-ct-scans-with-covid19/MosMedData Chest CT Scans with COVID-19 Related Findings COVID19_1110 1.0/studies/CT-1/study_0455.nii,/kaggle/input/datasets/mathurinache/mosmeddata-chest-ct-scans-with-covid19/MosMedData Chest CT Scans with COVID-19 Related Findings COVID19_1110 1.0/studies/CT-1/study_0455.nii,.nii,study_0455.nii,22.5003
/kaggle/input/datasets,mathurinache/mosmeddata-chest-ct-scans-with-covid19/MosMedData Chest CT Scans with COVID-19 Related Findings COVID19_1110 1.0/studies/CT-1/study_0260.nii,/kaggle/input/datasets/mathurinache/mosmeddata-chest-ct-scans-with-covid19/MosMedData Chest CT Scans with COVID-19 Related Findings COVID19_1110 1.0/studies/CT-1/study_0260.nii,.nii,study_0260.nii,19.0003
/kaggle/input/datasets,mathurinache/mosmeddata-chest-ct-scans-with-covid19/MosMedData Chest CT Scans with COVID-19 Related Findings COVID19_1110 1.0/studies/CT-1/study_0302.nii,/kaggle/input/datasets/mathurinache/mosmeddata-chest-ct-scans-with-covid19/MosMedData Chest CT Scans with COVID-19 Related Findings COVID19_1110 1.0/studies/CT-1/study_0302.nii,.nii,study_0302.nii,20.5003
/kaggle/input/datasets,mathurinache/mosmeddata-chest-ct-scans-with-covid19/MosMedData Chest CT Scans with COVID-19 Related Findings COVID19_1110 1.0/studies/CT-1/study_0817.nii,/kaggle/input/datasets/mathurinache/mosmeddata-chest-ct-scans-with-covid19/MosMedData Chest CT Scans with COVID-19 Related Findings COVID19_1110 1.0/studies/CT-1/study_0817.nii,.nii,study_0817.nii,20.0003
/kaggle/input/datasets,mathurinache/mosmeddata-chest-ct-scans-with-covid19/MosMedData Chest CT Scans with COVID-19 Related Findings COVID19_1110 1.0/studies/CT-1/study_0890.nii,/kaggle/input/datasets/mathurinache/mosmeddata-chest-ct-scans-with-covid19/MosMedData Chest CT Scans with COVID-19 Related Findings COVID19_1110 1.0/studies/CT-1/study_0890.nii,.nii,study_0890.nii,22.0003
/kaggle/input/datasets,mathurinache/mosmeddata-chest-ct-scans-with-covid19/MosMedData Chest CT Scans with COVID-19 Related Findings COVID19_1110 1.0/studies/CT-1/study_0802.nii,/kaggle/input/datasets/mathurinache/mosmeddata-chest-ct-scans-with-covid19/MosMedData Chest CT Scans with COVID-19 Related Findings COVID19_1110 1.0/studies/CT-1/study_0802.nii,.nii,study_0802.nii,26.0003
/kaggle/input/datasets,mathurinache/mosmeddata-chest-ct-scans-with-covid19/MosMedData Chest CT Scans with COVID-19 Related Findings COVID19_1110 1.0/studies/CT-1/study_0587.nii,/kaggle/input/datasets/mathurinache/mosmeddata-chest-ct-scans-with-covid19/MosMedData Chest CT Scans with COVID-19 Related Findings COVID19_1110 1.0/studies/CT-1/study_0587.nii,.nii,study_0587.nii,22.5003
/kaggle/input/datasets,mathurinache/mosmeddata-chest-ct-scans-with-covid19/MosMedData Chest CT Scans with COVID-19 Related Findings COVID19_1110 1.0/studies/CT-1/study_0741.nii,/kaggle/input/datasets/mathurinache/mosmeddata-chest-ct-scans-with-covid19/MosMedData Chest CT Scans with COVID-19 Related Findings COVID19_1110 1.0/studies/CT-1/study_0741.nii,.nii,study_0741.nii,22.0003
/kaggle/input/datasets,mathurinache/mosmeddata-chest-ct-scans-with-covid19/MosMedData Chest CT Scans with COVID-19 Related Findings COVID19_1110 1.0/studies/CT-1/study_0322.nii,/kaggle/input/datasets/mathurinache/mosmeddata-chest-ct-scans-with-covid19/MosMedData Chest CT Scans with COVID-19 Related Findings COVID19_1110 1.0/studies/CT-1/study_0322.nii,.nii,study_0322.nii,18.0003
/kaggle/input/datasets,mathurinache/mosmeddata-chest-ct-scans-with-covid19/MosMedData Chest CT Scans with COVID-19 Related Findings COVID19_1110 1.0/studies/CT-1/study_0568.nii,/kaggle/input/datasets/mathurinache/mosmeddata-chest-ct-scans-with-covid19/MosMedData Chest CT Scans with COVID-19 Related Findings COVID19_1110 1.0/studies/CT-1/study_0568.nii,.nii,study_0568.nii,22.5003
/kaggle/input/datasets,mathurinache/mosmeddata-chest-ct-scans-with-covid19/MosMedData Chest CT Scans with COVID-19 Related Findings COVID19_1110 1.0/studies/CT-1/study_0470.nii,/kaggle/input/datasets/mathurinache/mosmeddata-chest-ct-scans-with-covid19/MosMedData Chest CT Scans with COVID-19 Related Findings COVID19_1110 1.0/studies/CT-1/study_0470.nii,.nii,study_0470.nii,20.5003
/kaggle/input/datasets,mathurinache/mosmeddata-chest-ct-scans-with-covid19/MosMedData Chest CT Scans with COVID-19 Related Findings COVID19_1110 1.0/studies/CT-1/study_0294.nii,/kaggle/input/datasets/mathurinache/mosmeddata-chest-ct-scans-with-covid19/MosMedData Chest CT Scans with COVID-19 Related Findings COVID19_1110 1.0/studies/CT-1/study_0294.nii,.nii,study_0294.nii,24.0003
/kaggle/input/datasets,mathurinache/mosmeddata-chest-ct-scans-with-covid19/MosMedData Chest CT Scans with COVID-19 Related Findings COVID19_1110 1.0/studies/CT-1/study_0921.nii,/kaggle/input/datasets/mathurinache/mosmeddata-chest-ct-scans-with-covid19/MosMedData Chest CT Scans with COVID-19 Related Findings COVID19_1110 1.0/studies/CT-1/study_0921.nii,.nii,study_0921.nii,21.5003
/kaggle/input/datasets,mathurinache/mosmeddata-chest-ct-scans-with-covid19/MosMedData Chest CT Scans with COVID-19 Related Findings COVID19_1110 1.0/studies/CT-1/study_0864.nii,/kaggle/input/datasets/mathurinache/mosmeddata-chest-ct-scans-with-covid19/MosMedData Chest CT Scans with COVID-19 Related Findings COVID19_1110 1.0/studies/CT-1/study_0864.nii,.nii,study_0864.nii,19.0003
/kaggle/input/datasets,mathurinache/mosmeddata-chest-ct-scans-with-covid19/MosMedData Chest CT Scans with COVID-19 Related Findings COVID19_1110 1.0/studies/CT-1/study_0848.nii,/kaggle/input/datasets/mathurinache/mosmeddata-chest-ct-scans-with-covid19/MosMedData Chest CT Scans with COVID-19 Related Findings COVID19_1110 1.0/studies/CT-1/study_0848.nii,.nii,study_0848.nii,16.5003
/kaggle/input/datasets,mathurinache/mosmeddata-chest-ct-scans-with-covid19/MosMedData Chest CT Scans with COVID-19 Related Findings COVID19_1110 1.0/studies/CT-1/study_0307.nii,/kaggle/input/datasets/mathurinache/mosmeddata-chest-ct-scans-with-covid19/MosMedData Chest CT Scans with COVID-19 Related Findings COVID19_1110 1.0/studies/CT-1/study_0307.nii,.nii,study_0307.nii,21.5003
/kaggle/input/datasets,mathurinache/mosmeddata-chest-ct-scans-with-covid19/MosMedData Chest CT Scans with COVID-19 Related Findings COVID19_1110 1.0/studies/CT-1/study_0530.nii,/kaggle/input/datasets/mathurinache/mosmeddata-chest-ct-scans-with-covid19/MosMedData Chest CT Scans with COVID-19 Related Findings COVID19_1110 1.0/studies/CT-1/study_0530.nii,.nii,study_0530.nii,22.5003
/kaggle/input/datasets,mathurinache/mosmeddata-chest-ct-scans-with-covid19/MosMedData Chest CT Scans with COVID-19 Related Findings COVID19_1110 1.0/studies/CT-1/study_0616.nii,/kaggle/input/datasets/mathurinache/mosmeddata-chest-ct-scans-with-covid19/MosMedData Chest CT Scans with COVID-19 Related Findings COVID19_1110 1.0/studies/CT-1/study_0616.nii,.nii,study_0616.nii,19.5003
/kaggle/input/datasets,mathurinache/mosmeddata-chest-ct-scans-with-covid19/MosMedData Chest CT Scans with COVID-19 Related Findings COVID19_1110 1.0/studies/CT-1/study_0393.nii,/kaggle/input/datasets/mathurinache/mosmeddata-chest-ct-scans-with-covid19/MosMedData Chest CT Scans with COVID-19 Related Findings COVID19_1110 1.0/studies/CT-1/study_0393.nii,.nii,study_0393.nii,20.0003
/kaggle/input/datasets,mathurinache/mosmeddata-chest-ct-scans-with-covid19/MosMedData Chest CT Scans with COVID-19 Related Findings COVID19_1110 1.0/studies/CT-1/study_0256.nii,/kaggle/input/datasets/mathurinache/mosmeddata-chest-ct-scans-with-covid19/MosMedData Chest CT Scans with COVID-19 Related Findings COVID19_1110 1.0/studies/CT-1/study_0256.nii,.nii,study_0256.nii,19.5003
/kaggle/input/datasets,mathurinache/mosmeddata-chest-ct-scans-with-covid19/MosMedData Chest CT Scans with COVID-19 Related Findings COVID19_1110 1.0/studies/CT-1/study_0579.nii,/kaggle/input/datasets/mathurinache/mosmeddata-chest-ct-scans-with-covid19/MosMedData Chest CT Scans with COVID-19 Related Findings COVID19_1110 1.0/studies/CT-1/study_0579.nii,.nii,study_0579.nii,20.0003
/kaggle/input/datasets,mathurinache/mosmeddata-chest-ct-scans-with-covid19/MosMedData Chest CT Scans with COVID-19 Related Findings COVID19_1110 1.0/studies/CT-1/study_0811.nii,/kaggle/input/datasets/mathurinache/mosmeddata-chest-ct-scans-with-covid19/MosMedData Chest CT Scans with COVID-19 Related Findings COVID19_1110 1.0/studies/CT-1/study_0811.nii,.nii,study_0811.nii,20.0003
/kaggle/input/datasets,mathurinache/mosmeddata-chest-ct-scans-with-covid19/MosMedData Chest CT Scans with COVID-19 Related Findings COVID19_1110 1.0/studies/CT-1/study_0344.nii,/kaggle/input/datasets/mathurinache/mosmeddata-chest-ct-scans-with-covid19/MosMedData Chest CT Scans with COVID-19 Related Findings COVID19_1110 1.0/studies/CT-1/study_0344.nii,.nii,study_0344.nii,21.0003
/kaggle/input/datasets,mathurinache/mosmeddata-chest-ct-scans-with-covid19/MosMedData Chest CT Scans with COVID-19 Related Findings COVID19_1110 1.0/studies/CT-1/study_0492.nii,/kaggle/input/datasets/mathurinache/mosmeddata-chest-ct-scans-with-covid19/MosMedData Chest CT Scans with COVID-19 Related Findings COVID19_1110 1.0/studies/CT-1/study_0492.nii,.nii,study_0492.nii,19.5003
/kaggle/input/datasets,mathurinache/mosmeddata-chest-ct-scans-with-covid19/MosMedData Chest CT Scans with COVID-19 Related Findings COVID19_1110 1.0/studies/CT-1/study_0352.nii,/kaggle/input/datasets/mathurinache/mosmeddata-chest-ct-scans-with-covid19/MosMedData Chest CT Scans with COVID-19 Related Findings COVID19_1110 1.0/studies/CT-1/study_0352.nii,.nii,study_0352.nii,20.0003
/kaggle/input/datasets,mathurinache/mosmeddata-chest-ct-scans-with-covid19/MosMedData Chest CT Scans with COVID-19 Related Findings COVID19_1110 1.0/studies/CT-1/study_0384.nii,/kaggle/input/datasets/mathurinache/mosmeddata-chest-ct-scans-with-covid19/MosMedData Chest CT Scans with COVID-19 Related Findings COVID19_1110 1.0/studies/CT-1/study_0384.nii,.nii,study_0384.nii,22.5003
/kaggle/input/datasets,mathurinache/mosmeddata-chest-ct-scans-with-covid19/MosMedData Chest CT Scans with COVID-19 Related Findings COVID19_1110 1.0/studies/CT-1/study_0454.nii,/kaggle/input/datasets/mathurinache/mosmeddata-chest-ct-scans-with-covid19/MosMedData Chest CT Scans with COVID-19 Related Findings COVID19_1110 1.0/studies/CT-1/study_0454.nii,.nii,study_0454.nii,20.5003
/kaggle/input/datasets,mathurinache/mosmeddata-chest-ct-scans-with-covid19/MosMedData Chest CT Scans with COVID-19 Related Findings COVID19_1110 1.0/studies/CT-1/study_0478.nii,/kaggle/input/datasets/mathurinache/mosmeddata-chest-ct-scans-with-covid19/MosMedData Chest CT Scans with COVID-19 Related Findings COVID19_1110 1.0/studies/CT-1/study_0478.nii,.nii,study_0478.nii,19.0003
/kaggle/input/datasets,mathurinache/mosmeddata-chest-ct-scans-with-covid19/MosMedData Chest CT Scans with COVID-19 Related Findings COVID19_1110 1.0/studies/CT-1/study_0437.nii,/kaggle/input/datasets/mathurinache/mosmeddata-chest-ct-scans-with-covid19/MosMedData Chest CT Scans with COVID-19 Related Findings COVID19_1110 1.0/studies/CT-1/study_0437.nii,.nii,study_0437.nii,19.5003
/kaggle/input/datasets,mathurinache/mosmeddata-chest-ct-scans-with-covid19/MosMedData Chest CT Scans with COVID-19 Related Findings COVID19_1110 1.0/studies/CT-1/study_0524.nii,/kaggle/input/datasets/mathurinache/mosmeddata-chest-ct-scans-with-covid19/MosMedData Chest CT Scans with COVID-19 Related Findings COVID19_1110 1.0/studies/CT-1/study_0524.nii,.nii,study_0524.nii,21.5003
/kaggle/input/datasets,mathurinache/mosmeddata-chest-ct-scans-with-covid19/MosMedData Chest CT Scans with COVID-19 Related Findings COVID19_1110 1.0/studies/CT-1/study_0804.nii,/kaggle/input/datasets/mathurinache/mosmeddata-chest-ct-scans-with-covid19/MosMedData Chest CT Scans with COVID-19 Related Findings COVID19_1110 1.0/studies/CT-1/study_0804.nii,.nii,study_0804.nii,19.0003
/kaggle/input/datasets,mathurinache/mosmeddata-chest-ct-scans-with-covid19/MosMedData Chest CT Scans with COVID-19 Related Findings COVID19_1110 1.0/studies/CT-1/study_0851.nii,/kaggle/input/datasets/mathurinache/mosmeddata-chest-ct-scans-with-covid19/MosMedData Chest CT Scans with COVID-19 Related Findings COVID19_1110 1.0/studies/CT-1/study_0851.nii,.nii,study_0851.nii,22.5003
/kaggle/input/datasets,mathurinache/mosmeddata-chest-ct-scans-with-covid19/MosMedData Chest CT Scans with COVID-19 Related Findings COVID19_1110 1.0/studies/CT-1/study_0855.nii,/kaggle/input/datasets/mathurinache/mosmeddata-chest-ct-scans-with-covid19/MosMedData Chest CT Scans with COVID-19 Related Findings COVID19_1110 1.0/studies/CT-1/study_0855.nii,.nii,study_0855.nii,17.5003
/kaggle/input/datasets,mathurinache/mosmeddata-chest-ct-scans-with-covid19/MosMedData Chest CT Scans with COVID-19 Related Findings COVID19_1110 1.0/studies/CT-1/study_0445.nii,/kaggle/input/datasets/mathurinache/mosmeddata-chest-ct-scans-with-covid19/MosMedData Chest CT Scans with COVID-19 Related Findings COVID19_1110 1.0/studies/CT-1/study_0445.nii,.nii,study_0445.nii,20.0003
/kaggle/input/datasets,mathurinache/mosmeddata-chest-ct-scans-with-covid19/MosMedData Chest CT Scans with COVID-19 Related Findings COVID19_1110 1.0/studies/CT-1/study_0648.nii,/kaggle/input/datasets/mathurinache/mosmeddata-chest-ct-scans-with-covid19/MosMedData Chest CT Scans with COVID-19 Related Findings COVID19_1110 1.0/studies/CT-1/study_0648.nii,.nii,study_0648.nii,20.5003
/kaggle/input/datasets,mathurinache/mosmeddata-chest-ct-scans-with-covid19/MosMedData Chest CT Scans with COVID-19 Related Findings COVID19_1110 1.0/studies/CT-1/study_0797.nii,/kaggle/input/datasets/mathurinache/mosmeddata-chest-ct-scans-with-covid19/MosMedData Chest CT Scans with COVID-19 Related Findings COVID19_1110 1.0/studies/CT-1/study_0797.nii,.nii,study_0797.nii,22.5003
/kaggle/input/datasets,mathurinache/mosmeddata-chest-ct-scans-with-covid19/MosMedData Chest CT Scans with COVID-19 Related Findings COVID19_1110 1.0/studies/CT-1/study_0417.nii,/kaggle/input/datasets/mathurinache/mosmeddata-chest-ct-scans-with-covid19/MosMedData Chest CT Scans with COVID-19 Related Findings COVID19_1110 1.0/studies/CT-1/study_0417.nii,.nii,study_0417.nii,20.5003
/kaggle/input/datasets,mathurinache/mosmeddata-chest-ct-scans-with-covid19/MosMedData Chest CT Scans with COVID-19 Related Findings COVID19_1110 1.0/studies/CT-1/study_0832.nii,/kaggle/input/datasets/mathurinache/mosmeddata-chest-ct-scans-with-covid19/MosMedData Chest CT Scans with COVID-19 Related Findings COVID19_1110 1.0/studies/CT-1/study_0832.nii,.nii,study_0832.nii,19.0003
/kaggle/input/datasets,mathurinache/mosmeddata-chest-ct-scans-with-covid19/MosMedData Chest CT Scans with COVID-19 Related Findings COVID19_1110 1.0/studies/CT-1/study_0628.nii,/kaggle/input/datasets/mathurinache/mosmeddata-chest-ct-scans-with-covid19/MosMedData Chest CT Scans with COVID-19 Related Findings COVID19_1110 1.0/studies/CT-1/study_0628.nii,.nii,study_0628.nii,22.0003
/kaggle/input/datasets,mathurinache/mosmeddata-chest-ct-scans-with-covid19/MosMedData Chest CT Scans with COVID-19 Related Findings COVID19_1110 1.0/studies/CT-1/study_0752.nii,/kaggle/input/datasets/mathurinache/mosmeddata-chest-ct-scans-with-covid19/MosMedData Chest CT Scans with COVID-19 Related Findings COVID19_1110 1.0/studies/CT-1/study_0752.nii,.nii,study_0752.nii,20.5003
/kaggle/input/datasets,mathurinache/mosmeddata-chest-ct-scans-with-covid19/MosMedData Chest CT Scans with COVID-19 Related Findings COVID19_1110 1.0/studies/CT-1/study_0330.nii,/kaggle/input/datasets/mathurinache/mosmeddata-chest-ct-scans-with-covid19/MosMedData Chest CT Scans with COVID-19 Related Findings COVID19_1110 1.0/studies/CT-1/study_0330.nii,.nii,study_0330.nii,21.5003
/kaggle/input/datasets,mathurinache/mosmeddata-chest-ct-scans-with-covid19/MosMedData Chest CT Scans with COVID-19 Related Findings COVID19_1110 1.0/studies/CT-1/study_0858.nii,/kaggle/input/datasets/mathurinache/mosmeddata-chest-ct-scans-with-covid19/MosMedData Chest CT Scans with COVID-19 Related Findings COVID19_1110 1.0/studies/CT-1/study_0858.nii,.nii,study_0858.nii,18.5003
/kaggle/input/datasets,mathurinache/mosmeddata-chest-ct-scans-with-covid19/MosMedData Chest CT Scans with COVID-19 Related Findings COVID19_1110 1.0/studies/CT-1/study_0496.nii,/kaggle/input/datasets/mathurinache/mosmeddata-chest-ct-scans-with-covid19/MosMedData Chest CT Scans with COVID-19 Related Findings COVID19_1110 1.0/studies/CT-1/study_0496.nii,.nii,study_0496.nii,22.5003
/kaggle/input/datasets,mathurinache/mosmeddata-chest-ct-scans-with-covid19/MosMedData Chest CT Scans with COVID-19 Related Findings COVID19_1110 1.0/studies/CT-1/study_0701.nii,/kaggle/input/datasets/mathurinache/mosmeddata-chest-ct-scans-with-covid19/MosMedData Chest CT Scans with COVID-19 Related Findings COVID19_1110 1.0/studies/CT-1/study_0701.nii,.nii,study_0701.nii,21.5003
/kaggle/input/datasets,mathurinache/mosmeddata-chest-ct-scans-with-covid19/MosMedData Chest CT Scans with COVID-19 Related Findings COVID19_1110 1.0/studies/CT-1/study_0915.nii,/kaggle/input/datasets/mathurinache/mosmeddata-chest-ct-scans-with-covid19/MosMedData Chest CT Scans with COVID-19 Related Findings COVID19_1110 1.0/studies/CT-1/study_0915.nii,.nii,study_0915.nii,22.5003
/kaggle/input/datasets,mathurinache/mosmeddata-chest-ct-scans-with-covid19/MosMedData Chest CT Scans with COVID-19 Related Findings COVID19_1110 1.0/studies/CT-1/study_0892.nii,/kaggle/input/datasets/mathurinache/mosmeddata-chest-ct-scans-with-covid19/MosMedData Chest CT Scans with COVID-19 Related Findings COVID19_1110 1.0/studies/CT-1/study_0892.nii,.nii,study_0892.nii,22.5003
/kaggle/input/datasets,mathurinache/mosmeddata-chest-ct-scans-with-covid19/MosMedData Chest CT Scans with COVID-19 Related Findings COVID19_1110 1.0/studies/CT-1/study_0378.nii,/kaggle/input/datasets/mathurinache/mosmeddata-chest-ct-scans-with-covid19/MosMedData Chest CT Scans with COVID-19 Related Findings COVID19_1110 1.0/studies/CT-1/study_0378.nii,.nii,study_0378.nii,18.0003
/kaggle/input/datasets,mathurinache/mosmeddata-chest-ct-scans-with-covid19/MosMedData Chest CT Scans with COVID-19 Related Findings COVID19_1110 1.0/studies/CT-1/study_0705.nii,/kaggle/input/datasets/mathurinache/mosmeddata-chest-ct-scans-with-covid19/MosMedData Chest CT Scans with COVID-19 Related Findings COVID19_1110 1.0/studies/CT-1/study_0705.nii,.nii,study_0705.nii,19.5003
/kaggle/input/datasets,mathurinache/mosmeddata-chest-ct-scans-with-covid19/MosMedData Chest CT Scans with COVID-19 Related Findings COVID19_1110 1.0/studies/CT-1/study_0772.nii,/kaggle/input/datasets/mathurinache/mosmeddata-chest-ct-scans-with-covid19/MosMedData Chest CT Scans with COVID-19 Related Findings COVID19_1110 1.0/studies/CT-1/study_0772.nii,.nii,study_0772.nii,20.5003
/kaggle/input/datasets,mathurinache/mosmeddata-chest-ct-scans-with-covid19/MosMedData Chest CT Scans with COVID-19 Related Findings COVID19_1110 1.0/studies/CT-1/study_0498.nii,/kaggle/input/datasets/mathurinache/mosmeddata-chest-ct-scans-with-covid19/MosMedData Chest CT Scans with COVID-19 Related Findings COVID19_1110 1.0/studies/CT-1/study_0498.nii,.nii,study_0498.nii,20.0003
/kaggle/input/datasets,mathurinache/mosmeddata-chest-ct-scans-with-covid19/MosMedData Chest CT Scans with COVID-19 Related Findings COVID19_1110 1.0/studies/CT-1/study_0502.nii,/kaggle/input/datasets/mathurinache/mosmeddata-chest-ct-scans-with-covid19/MosMedData Chest CT Scans with COVID-19 Related Findings COVID19_1110 1.0/studies/CT-1/study_0502.nii,.nii,study_0502.nii,20.0003
/kaggle/input/datasets,mathurinache/mosmeddata-chest-ct-scans-with-covid19/MosMedData Chest CT Scans with COVID-19 Related Findings COVID19_1110 1.0/studies/CT-1/study_0695.nii,/kaggle/input/datasets/mathurinache/mosmeddata-chest-ct-scans-with-covid19/MosMedData Chest CT Scans with COVID-19 Related Findings COVID19_1110 1.0/studies/CT-1/study_0695.nii,.nii,study_0695.nii,19.5003
/kaggle/input/datasets,mathurinache/mosmeddata-chest-ct-scans-with-covid19/MosMedData Chest CT Scans with COVID-19 Related Findings COVID19_1110 1.0/studies/CT-1/study_0372.nii,/kaggle/input/datasets/mathurinache/mosmeddata-chest-ct-scans-with-covid19/MosMedData Chest CT Scans with COVID-19 Related Findings COVID19_1110 1.0/studies/CT-1/study_0372.nii,.nii,study_0372.nii,22.5003
/kaggle/input/datasets,mathurinache/mosmeddata-chest-ct-scans-with-covid19/MosMedData Chest CT Scans with COVID-19 Related Findings COVID19_1110 1.0/studies/CT-1/study_0556.nii,/kaggle/input/datasets/mathurinache/mosmeddata-chest-ct-scans-with-covid19/MosMedData Chest CT Scans with COVID-19 Related Findings COVID19_1110 1.0/studies/CT-1/study_0556.nii,.nii,study_0556.nii,17.5003
/kaggle/input/datasets,mathurinache/mosmeddata-chest-ct-scans-with-covid19/MosMedData Chest CT Scans with COVID-19 Related Findings COVID19_1110 1.0/studies/CT-1/study_0315.nii,/kaggle/input/datasets/mathurinache/mosmeddata-chest-ct-scans-with-covid19/MosMedData Chest CT Scans with COVID-19 Related Findings COVID19_1110 1.0/studies/CT-1/study_0315.nii,.nii,study_0315.nii,19.5003
/kaggle/input/datasets,mathurinache/mosmeddata-chest-ct-scans-with-covid19/MosMedData Chest CT Scans with COVID-19 Related Findings COVID19_1110 1.0/studies/CT-1/study_0554.nii,/kaggle/input/datasets/mathurinache/mosmeddata-chest-ct-scans-with-covid19/MosMedData Chest CT Scans with COVID-19 Related Findings COVID19_1110 1.0/studies/CT-1/study_0554.nii,.nii,study_0554.nii,21.5003
/kaggle/input/datasets,mathurinache/mosmeddata-chest-ct-scans-with-covid19/MosMedData Chest CT Scans with COVID-19 Related Findings COVID19_1110 1.0/studies/CT-1/study_0415.nii,/kaggle/input/datasets/mathurinache/mosmeddata-chest-ct-scans-with-covid19/MosMedData Chest CT Scans with COVID-19 Related Findings COVID19_1110 1.0/studies/CT-1/study_0415.nii,.nii,study_0415.nii,22.5003
/kaggle/input/datasets,mathurinache/mosmeddata-chest-ct-scans-with-covid19/MosMedData Chest CT Scans with COVID-19 Related Findings COVID19_1110 1.0/studies/CT-1/study_0411.nii,/kaggle/input/datasets/mathurinache/mosmeddata-chest-ct-scans-with-covid19/MosMedData Chest CT Scans with COVID-19 Related Findings COVID19_1110 1.0/studies/CT-1/study_0411.nii,.nii,study_0411.nii,18.0003
/kaggle/input/datasets,mathurinache/mosmeddata-chest-ct-scans-with-covid19/MosMedData Chest CT Scans with COVID-19 Related Findings COVID19_1110 1.0/studies/CT-1/study_0380.nii,/kaggle/input/datasets/mathurinache/mosmeddata-chest-ct-scans-with-covid19/MosMedData Chest CT Scans with COVID-19 Related Findings COVID19_1110 1.0/studies/CT-1/study_0380.nii,.nii,study_0380.nii,21.5003
/kaggle/input/datasets,mathurinache/mosmeddata-chest-ct-scans-with-covid19/MosMedData Chest CT Scans with COVID-19 Related Findings COVID19_1110 1.0/studies/CT-1/study_0610.nii,/kaggle/input/datasets/mathurinache/mosmeddata-chest-ct-scans-with-covid19/MosMedData Chest CT Scans with COVID-19 Related Findings COVID19_1110 1.0/studies/CT-1/study_0610.nii,.nii,study_0610.nii,21.5003
/kaggle/input/datasets,mathurinache/mosmeddata-chest-ct-scans-with-covid19/MosMedData Chest CT Scans with COVID-19 Related Findings COVID19_1110 1.0/studies/CT-1/study_0606.nii,/kaggle/input/datasets/mathurinache/mosmeddata-chest-ct-scans-with-covid19/MosMedData Chest CT Scans with COVID-19 Related Findings COVID19_1110 1.0/studies/CT-1/study_0606.nii,.nii,study_0606.nii,19.5003
/kaggle/input/datasets,mathurinache/mosmeddata-chest-ct-scans-with-covid19/MosMedData Chest CT Scans with COVID-19 Related Findings COVID19_1110 1.0/studies/CT-1/study_0549.nii,/kaggle/input/datasets/mathurinache/mosmeddata-chest-ct-scans-with-covid19/MosMedData Chest CT Scans with COVID-19 Related Findings COVID19_1110 1.0/studies/CT-1/study_0549.nii,.nii,study_0549.nii,22.5003
/kaggle/input/datasets,mathurinache/mosmeddata-chest-ct-scans-with-covid19/MosMedData Chest CT Scans with COVID-19 Related Findings COVID19_1110 1.0/studies/CT-1/study_0600.nii,/kaggle/input/datasets/mathurinache/mosmeddata-chest-ct-scans-with-covid19/MosMedData Chest CT Scans with COVID-19 Related Findings COVID19_1110 1.0/studies/CT-1/study_0600.nii,.nii,study_0600.nii,16.5003
/kaggle/input/datasets,mathurinache/mosmeddata-chest-ct-scans-with-covid19/MosMedData Chest CT Scans with COVID-19 Related Findings COVID19_1110 1.0/studies/CT-1/study_0898.nii,/kaggle/input/datasets/mathurinache/mosmeddata-chest-ct-scans-with-covid19/MosMedData Chest CT Scans with COVID-19 Related Findings COVID19_1110 1.0/studies/CT-1/study_0898.nii,.nii,study_0898.nii,18.0003
/kaggle/input/datasets,mathurinache/mosmeddata-chest-ct-scans-with-covid19/MosMedData Chest CT Scans with COVID-19 Related Findings COVID19_1110 1.0/studies/CT-1/study_0909.nii,/kaggle/input/datasets/mathurinache/mosmeddata-chest-ct-scans-with-covid19/MosMedData Chest CT Scans with COVID-19 Related Findings COVID19_1110 1.0/studies/CT-1/study_0909.nii,.nii,study_0909.nii,22.5003
/kaggle/input/datasets,mathurinache/mosmeddata-chest-ct-scans-with-covid19/MosMedData Chest CT Scans with COVID-19 Related Findings COVID19_1110 1.0/studies/CT-1/study_0923.nii,/kaggle/input/datasets/mathurinache/mosmeddata-chest-ct-scans-with-covid19/MosMedData Chest CT Scans with COVID-19 Related Findings COVID19_1110 1.0/studies/CT-1/study_0923.nii,.nii,study_0923.nii,20.5003
/kaggle/input/datasets,mathurinache/mosmeddata-chest-ct-scans-with-covid19/MosMedData Chest CT Scans with COVID-19 Related Findings COVID19_1110 1.0/studies/CT-1/study_0548.nii,/kaggle/input/datasets/mathurinache/mosmeddata-chest-ct-scans-with-covid19/MosMedData Chest CT Scans with COVID-19 Related Findings COVID19_1110 1.0/studies/CT-1/study_0548.nii,.nii,study_0548.nii,24.5003
/kaggle/input/datasets,mathurinache/mosmeddata-chest-ct-scans-with-covid19/MosMedData Chest CT Scans with COVID-19 Related Findings COVID19_1110 1.0/studies/CT-1/study_0774.nii,/kaggle/input/datasets/mathurinache/mosmeddata-chest-ct-scans-with-covid19/MosMedData Chest CT Scans with COVID-19 Related Findings COVID19_1110 1.0/studies/CT-1/study_0774.nii,.nii,study_0774.nii,21.0003
/kaggle/input/datasets,mathurinache/mosmeddata-chest-ct-scans-with-covid19/MosMedData Chest CT Scans with COVID-19 Related Findings COVID19_1110 1.0/studies/CT-1/study_0852.nii,/kaggle/input/datasets/mathurinache/mosmeddata-chest-ct-scans-with-covid19/MosMedData Chest CT Scans with COVID-19 Related Findings COVID19_1110 1.0/studies/CT-1/study_0852.nii,.nii,study_0852.nii,22.0003
/kaggle/input/datasets,mathurinache/mosmeddata-chest-ct-scans-with-covid19/MosMedData Chest CT Scans with COVID-19 Related Findings COVID19_1110 1.0/studies/CT-1/study_0927.nii,/kaggle/input/datasets/mathurinache/mosmeddata-chest-ct-scans-with-covid19/MosMedData Chest CT Scans with COVID-19 Related Findings COVID19_1110 1.0/studies/CT-1/study_0927.nii,.nii,study_0927.nii,22.0003
/kaggle/input/datasets,mathurinache/mosmeddata-chest-ct-scans-with-covid19/MosMedData Chest CT Scans with COVID-19 Related Findings COVID19_1110 1.0/studies/CT-1/study_0503.nii,/kaggle/input/datasets/mathurinache/mosmeddata-chest-ct-scans-with-covid19/MosMedData Chest CT Scans with COVID-19 Related Findings COVID19_1110 1.0/studies/CT-1/study_0503.nii,.nii,study_0503.nii,20.0003
/kaggle/input/datasets,mathurinache/mosmeddata-chest-ct-scans-with-covid19/MosMedData Chest CT Scans with COVID-19 Related Findings COVID19_1110 1.0/studies/CT-1/study_0856.nii,/kaggle/input/datasets/mathurinache/mosmeddata-chest-ct-scans-with-covid19/MosMedData Chest CT Scans with COVID-19 Related Findings COVID19_1110 1.0/studies/CT-1/study_0856.nii,.nii,study_0856.nii,19.0003
/kaggle/input/datasets,mathurinache/mosmeddata-chest-ct-scans-with-covid19/MosMedData Chest CT Scans with COVID-19 Related Findings COVID19_1110 1.0/studies/CT-1/study_0771.nii,/kaggle/input/datasets/mathurinache/mosmeddata-chest-ct-scans-with-covid19/MosMedData Chest CT Scans with COVID-19 Related Findings COVID19_1110 1.0/studies/CT-1/study_0771.nii,.nii,study_0771.nii,19.5003
/kaggle/input/datasets,mathurinache/mosmeddata-chest-ct-scans-with-covid19/MosMedData Chest CT Scans with COVID-19 Related Findings COVID19_1110 1.0/studies/CT-1/study_0387.nii,/kaggle/input/datasets/mathurinache/mosmeddata-chest-ct-scans-with-covid19/MosMedData Chest CT Scans with COVID-19 Related Findings COVID19_1110 1.0/studies/CT-1/study_0387.nii,.nii,study_0387.nii,19.0003
/kaggle/input/datasets,mathurinache/mosmeddata-chest-ct-scans-with-covid19/MosMedData Chest CT Scans with COVID-19 Related Findings COVID19_1110 1.0/studies/CT-1/study_0604.nii,/kaggle/input/datasets/mathurinache/mosmeddata-chest-ct-scans-with-covid19/MosMedData Chest CT Scans with COVID-19 Related Findings COVID19_1110 1.0/studies/CT-1/study_0604.nii,.nii,study_0604.nii,21.5003
/kaggle/input/datasets,mathurinache/mosmeddata-chest-ct-scans-with-covid19/MosMedData Chest CT Scans with COVID-19 Related Findings COVID19_1110 1.0/studies/CT-1/study_0585.nii,/kaggle/input/datasets/mathurinache/mosmeddata-chest-ct-scans-with-covid19/MosMedData Chest CT Scans with COVID-19 Related Findings COVID19_1110 1.0/studies/CT-1/study_0585.nii,.nii,study_0585.nii,20.5003
/kaggle/input/datasets,mathurinache/mosmeddata-chest-ct-scans-with-covid19/MosMedData Chest CT Scans with COVID-19 Related Findings COVID19_1110 1.0/studies/CT-1/study_0552.nii,/kaggle/input/datasets/mathurinache/mosmeddata-chest-ct-scans-with-covid19/MosMedData Chest CT Scans with COVID-19 Related Findings COVID19_1110 1.0/studies/CT-1/study_0552.nii,.nii,study_0552.nii,19.0003
/kaggle/input/datasets,mathurinache/mosmeddata-chest-ct-scans-with-covid19/MosMedData Chest CT Scans with COVID-19 Related Findings COVID19_1110 1.0/studies/CT-1/study_0310.nii,/kaggle/input/datasets/mathurinache/mosmeddata-chest-ct-scans-with-covid19/MosMedData Chest CT Scans with COVID-19 Related Findings COVID19_1110 1.0/studies/CT-1/study_0310.nii,.nii,study_0310.nii,20.0003
/kaggle/input/datasets,mathurinache/mosmeddata-chest-ct-scans-with-covid19/MosMedData Chest CT Scans with COVID-19 Related Findings COVID19_1110 1.0/studies/CT-1/study_0608.nii,/kaggle/input/datasets/mathurinache/mosmeddata-chest-ct-scans-with-covid19/MosMedData Chest CT Scans with COVID-19 Related Findings COVID19_1110 1.0/studies/CT-1/study_0608.nii,.nii,study_0608.nii,20.0003
/kaggle/input/datasets,mathurinache/mosmeddata-chest-ct-scans-with-covid19/MosMedData Chest CT Scans with COVID-19 Related Findings COVID19_1110 1.0/studies/CT-1/study_0316.nii,/kaggle/input/datasets/mathurinache/mosmeddata-chest-ct-scans-with-covid19/MosMedData Chest CT Scans with COVID-19 Related Findings COVID19_1110 1.0/studies/CT-1/study_0316.nii,.nii,study_0316.nii,20.0003
/kaggle/input/datasets,mathurinache/mosmeddata-chest-ct-scans-with-covid19/MosMedData Chest CT Scans with COVID-19 Related Findings COVID19_1110 1.0/studies/CT-1/study_0894.nii,/kaggle/input/datasets/mathurinache/mosmeddata-chest-ct-scans-with-covid19/MosMedData Chest CT Scans with COVID-19 Related Findings COVID19_1110 1.0/studies/CT-1/study_0894.nii,.nii,study_0894.nii,20.0003
/kaggle/input/datasets,mathurinache/mosmeddata-chest-ct-scans-with-covid19/MosMedData Chest CT Scans with COVID-19 Related Findings COVID19_1110 1.0/studies/CT-1/study_0862.nii,/kaggle/input/datasets/mathurinache/mosmeddata-chest-ct-scans-with-covid19/MosMedData Chest CT Scans with COVID-19 Related Findings COVID19_1110 1.0/studies/CT-1/study_0862.nii,.nii,study_0862.nii,21.0003
/kaggle/input/datasets,mathurinache/mosmeddata-chest-ct-scans-with-covid19/MosMedData Chest CT Scans with COVID-19 Related Findings COVID19_1110 1.0/studies/CT-1/study_0891.nii,/kaggle/input/datasets/mathurinache/mosmeddata-chest-ct-scans-with-covid19/MosMedData Chest CT Scans with COVID-19 Related Findings COVID19_1110 1.0/studies/CT-1/study_0891.nii,.nii,study_0891.nii,23.0003
/kaggle/input/datasets,mathurinache/mosmeddata-chest-ct-scans-with-covid19/MosMedData Chest CT Scans with COVID-19 Related Findings COVID19_1110 1.0/studies/CT-1/study_0480.nii,/kaggle/input/datasets/mathurinache/mosmeddata-chest-ct-scans-with-covid19/MosMedData Chest CT Scans with COVID-19 Related Findings COVID19_1110 1.0/studies/CT-1/study_0480.nii,.nii,study_0480.nii,22.5003
/kaggle/input/datasets,mathurinache/mosmeddata-chest-ct-scans-with-covid19/MosMedData Chest CT Scans with COVID-19 Related Findings COVID19_1110 1.0/studies/CT-1/study_0827.nii,/kaggle/input/datasets/mathurinache/mosmeddata-chest-ct-scans-with-covid19/MosMedData Chest CT Scans with COVID-19 Related Findings COVID19_1110 1.0/studies/CT-1/study_0827.nii,.nii,study_0827.nii,20.0003
/kaggle/input/datasets,mathurinache/mosmeddata-chest-ct-scans-with-covid19/MosMedData Chest CT Scans with COVID-19 Related Findings COVID19_1110 1.0/studies/CT-1/study_0350.nii,/kaggle/input/datasets/mathurinache/mosmeddata-chest-ct-scans-with-covid19/MosMedData Chest CT Scans with COVID-19 Related Findings COVID19_1110 1.0/studies/CT-1/study_0350.nii,.nii,study_0350.nii,18.5003
/kaggle/input/datasets,mathurinache/mosmeddata-chest-ct-scans-with-covid19/MosMedData Chest CT Scans with COVID-19 Related Findings COVID19_1110 1.0/studies/CT-1/study_0418.nii,/kaggle/input/datasets/mathurinache/mosmeddata-chest-ct-scans-with-covid19/MosMedData Chest CT Scans with COVID-19 Related Findings COVID19_1110 1.0/studies/CT-1/study_0418.nii,.nii,study_0418.nii,17.5003
/kaggle/input/datasets,mathurinache/mosmeddata-chest-ct-scans-with-covid19/MosMedData Chest CT Scans with COVID-19 Related Findings COVID19_1110 1.0/studies/CT-1/study_0679.nii,/kaggle/input/datasets/mathurinache/mosmeddata-chest-ct-scans-with-covid19/MosMedData Chest CT Scans with COVID-19 Related Findings COVID19_1110 1.0/studies/CT-1/study_0679.nii,.nii,study_0679.nii,20.0003
/kaggle/input/datasets,mathurinache/mosmeddata-chest-ct-scans-with-covid19/MosMedData Chest CT Scans with COVID-19 Related Findings COVID19_1110 1.0/studies/CT-1/study_0321.nii,/kaggle/input/datasets/mathurinache/mosmeddata-chest-ct-scans-with-covid19/MosMedData Chest CT Scans with COVID-19 Related Findings COVID19_1110 1.0/studies/CT-1/study_0321.nii,.nii,study_0321.nii,19.5003
/kaggle/input/datasets,mathurinache/mosmeddata-chest-ct-scans-with-covid19/MosMedData Chest CT Scans with COVID-19 Related Findings COVID19_1110 1.0/studies/CT-1/study_0910.nii,/kaggle/input/datasets/mathurinache/mosmeddata-chest-ct-scans-with-covid19/MosMedData Chest CT Scans with COVID-19 Related Findings COVID19_1110 1.0/studies/CT-1/study_0910.nii,.nii,study_0910.nii,22.5003
/kaggle/input/datasets,mathurinache/mosmeddata-chest-ct-scans-with-covid19/MosMedData Chest CT Scans with COVID-19 Related Findings COVID19_1110 1.0/studies/CT-1/study_0803.nii,/kaggle/input/datasets/mathurinache/mosmeddata-chest-ct-scans-with-covid19/MosMedData Chest CT Scans with COVID-19 Related Findings COVID19_1110 1.0/studies/CT-1/study_0803.nii,.nii,study_0803.nii,17.5003
/kaggle/input/datasets,mathurinache/mosmeddata-chest-ct-scans-with-covid19/MosMedData Chest CT Scans with COVID-19 Related Findings COVID19_1110 1.0/studies/CT-1/study_0420.nii,/kaggle/input/datasets/mathurinache/mosmeddata-chest-ct-scans-with-covid19/MosMedData Chest CT Scans with COVID-19 Related Findings COVID19_1110 1.0/studies/CT-1/study_0420.nii,.nii,study_0420.nii,19.5003
/kaggle/input/datasets,mathurinache/mosmeddata-chest-ct-scans-with-covid19/MosMedData Chest CT Scans with COVID-19 Related Findings COVID19_1110 1.0/studies/CT-1/study_0323.nii,/kaggle/input/datasets/mathurinache/mosmeddata-chest-ct-scans-with-covid19/MosMedData Chest CT Scans with COVID-19 Related Findings COVID19_1110 1.0/studies/CT-1/study_0323.nii,.nii,study_0323.nii,18.5003
/kaggle/input/datasets,mathurinache/mosmeddata-chest-ct-scans-with-covid19/MosMedData Chest CT Scans with COVID-19 Related Findings COVID19_1110 1.0/studies/CT-1/study_0355.nii,/kaggle/input/datasets/mathurinache/mosmeddata-chest-ct-scans-with-covid19/MosMedData Chest CT Scans with COVID-19 Related Findings COVID19_1110 1.0/studies/CT-1/study_0355.nii,.nii,study_0355.nii,18.0003
/kaggle/input/datasets,mathurinache/mosmeddata-chest-ct-scans-with-covid19/MosMedData Chest CT Scans with COVID-19 Related Findings COVID19_1110 1.0/studies/CT-1/study_0762.nii,/kaggle/input/datasets/mathurinache/mosmeddata-chest-ct-scans-with-covid19/MosMedData Chest CT Scans with COVID-19 Related Findings COVID19_1110 1.0/studies/CT-1/study_0762.nii,.nii,study_0762.nii,21.5003
/kaggle/input/datasets,mathurinache/mosmeddata-chest-ct-scans-with-covid19/MosMedData Chest CT Scans with COVID-19 Related Findings COVID19_1110 1.0/studies/CT-1/study_0399.nii,/kaggle/input/datasets/mathurinache/mosmeddata-chest-ct-scans-with-covid19/MosMedData Chest CT Scans with COVID-19 Related Findings COVID19_1110 1.0/studies/CT-1/study_0399.nii,.nii,study_0399.nii,19.5003
/kaggle/input/datasets,mathurinache/mosmeddata-chest-ct-scans-with-covid19/MosMedData Chest CT Scans with COVID-19 Related Findings COVID19_1110 1.0/studies/CT-1/study_0424.nii,/kaggle/input/datasets/mathurinache/mosmeddata-chest-ct-scans-with-covid19/MosMedData Chest CT Scans with COVID-19 Related Findings COVID19_1110 1.0/studies/CT-1/study_0424.nii,.nii,study_0424.nii,20.0003
/kaggle/input/datasets,mathurinache/mosmeddata-chest-ct-scans-with-covid19/MosMedData Chest CT Scans with COVID-19 Related Findings COVID19_1110 1.0/studies/CT-1/study_0296.nii,/kaggle/input/datasets/mathurinache/mosmeddata-chest-ct-scans-with-covid19/MosMedData Chest CT Scans with COVID-19 Related Findings COVID19_1110 1.0/studies/CT-1/study_0296.nii,.nii,study_0296.nii,16.5003
/kaggle/input/datasets,mathurinache/mosmeddata-chest-ct-scans-with-covid19/MosMedData Chest CT Scans with COVID-19 Related Findings COVID19_1110 1.0/studies/CT-1/study_0518.nii,/kaggle/input/datasets/mathurinache/mosmeddata-chest-ct-scans-with-covid19/MosMedData Chest CT Scans with COVID-19 Related Findings COVID19_1110 1.0/studies/CT-1/study_0518.nii,.nii,study_0518.nii,17.5003
/kaggle/input/datasets,mathurinache/mosmeddata-chest-ct-scans-with-covid19/MosMedData Chest CT Scans with COVID-19 Related Findings COVID19_1110 1.0/studies/CT-1/study_0479.nii,/kaggle/input/datasets/mathurinache/mosmeddata-chest-ct-scans-with-covid19/MosMedData Chest CT Scans with COVID-19 Related Findings COVID19_1110 1.0/studies/CT-1/study_0479.nii,.nii,study_0479.nii,18.0003
/kaggle/input/datasets,mathurinache/mosmeddata-chest-ct-scans-with-covid19/MosMedData Chest CT Scans with COVID-19 Related Findings COVID19_1110 1.0/studies/CT-1/study_0382.nii,/kaggle/input/datasets/mathurinache/mosmeddata-chest-ct-scans-with-covid19/MosMedData Chest CT Scans with COVID-19 Related Findings COVID19_1110 1.0/studies/CT-1/study_0382.nii,.nii,study_0382.nii,20.0003
/kaggle/input/datasets,mathurinache/mosmeddata-chest-ct-scans-with-covid19/MosMedData Chest CT Scans with COVID-19 Related Findings COVID19_1110 1.0/studies/CT-1/study_0612.nii,/kaggle/input/datasets/mathurinache/mosmeddata-chest-ct-scans-with-covid19/MosMedData Chest CT Scans with COVID-19 Related Findings COVID19_1110 1.0/studies/CT-1/study_0612.nii,.nii,study_0612.nii,20.5003
/kaggle/input/datasets,mathurinache/mosmeddata-chest-ct-scans-with-covid19/MosMedData Chest CT Scans with COVID-19 Related Findings COVID19_1110 1.0/studies/CT-1/study_0621.nii,/kaggle/input/datasets/mathurinache/mosmeddata-chest-ct-scans-with-covid19/MosMedData Chest CT Scans with COVID-19 Related Findings COVID19_1110 1.0/studies/CT-1/study_0621.nii,.nii,study_0621.nii,22.5003
/kaggle/input/datasets,mathurinache/mosmeddata-chest-ct-scans-with-covid19/MosMedData Chest CT Scans with COVID-19 Related Findings COVID19_1110 1.0/studies/CT-1/study_0833.nii,/kaggle/input/datasets/mathurinache/mosmeddata-chest-ct-scans-with-covid19/MosMedData Chest CT Scans with COVID-19 Related Findings COVID19_1110 1.0/studies/CT-1/study_0833.nii,.nii,study_0833.nii,20.5003
/kaggle/input/datasets,mathurinache/mosmeddata-chest-ct-scans-with-covid19/MosMedData Chest CT Scans with COVID-19 Related Findings COVID19_1110 1.0/studies/CT-1/study_0699.nii,/kaggle/input/datasets/mathurinache/mosmeddata-chest-ct-scans-with-covid19/MosMedData Chest CT Scans with COVID-19 Related Findings COVID19_1110 1.0/studies/CT-1/study_0699.nii,.nii,study_0699.nii,20.5003
/kaggle/input/datasets,mathurinache/mosmeddata-chest-ct-scans-with-covid19/MosMedData Chest CT Scans with COVID-19 Related Findings COVID19_1110 1.0/studies/CT-1/study_0643.nii,/kaggle/input/datasets/mathurinache/mosmeddata-chest-ct-scans-with-covid19/MosMedData Chest CT Scans with COVID-19 Related Findings COVID19_1110 1.0/studies/CT-1/study_0643.nii,.nii,study_0643.nii,20.0003
/kaggle/input/datasets,mathurinache/mosmeddata-chest-ct-scans-with-covid19/MosMedData Chest CT Scans with COVID-19 Related Findings COVID19_1110 1.0/studies/CT-1/study_0776.nii,/kaggle/input/datasets/mathurinache/mosmeddata-chest-ct-scans-with-covid19/MosMedData Chest CT Scans with COVID-19 Related Findings COVID19_1110 1.0/studies/CT-1/study_0776.nii,.nii,study_0776.nii,17.5003
/kaggle/input/datasets,mathurinache/mosmeddata-chest-ct-scans-with-covid19/MosMedData Chest CT Scans with COVID-19 Related Findings COVID19_1110 1.0/studies/CT-1/study_0902.nii,/kaggle/input/datasets/mathurinache/mosmeddata-chest-ct-scans-with-covid19/MosMedData Chest CT Scans with COVID-19 Related Findings COVID19_1110 1.0/studies/CT-1/study_0902.nii,.nii,study_0902.nii,23.0003
/kaggle/input/datasets,mathurinache/mosmeddata-chest-ct-scans-with-covid19/MosMedData Chest CT Scans with COVID-19 Related Findings COVID19_1110 1.0/studies/CT-1/study_0781.nii,/kaggle/input/datasets/mathurinache/mosmeddata-chest-ct-scans-with-covid19/MosMedData Chest CT Scans with COVID-19 Related Findings COVID19_1110 1.0/studies/CT-1/study_0781.nii,.nii,study_0781.nii,23.0003
/kaggle/input/datasets,mathurinache/mosmeddata-chest-ct-scans-with-covid19/MosMedData Chest CT Scans with COVID-19 Related Findings COVID19_1110 1.0/studies/CT-1/study_0660.nii,/kaggle/input/datasets/mathurinache/mosmeddata-chest-ct-scans-with-covid19/MosMedData Chest CT Scans with COVID-19 Related Findings COVID19_1110 1.0/studies/CT-1/study_0660.nii,.nii,study_0660.nii,23.5003
/kaggle/input/datasets,mathurinache/mosmeddata-chest-ct-scans-with-covid19/MosMedData Chest CT Scans with COVID-19 Related Findings COVID19_1110 1.0/studies/CT-1/study_0505.nii,/kaggle/input/datasets/mathurinache/mosmeddata-chest-ct-scans-with-covid19/MosMedData Chest CT Scans with COVID-19 Related Findings COVID19_1110 1.0/studies/CT-1/study_0505.nii,.nii,study_0505.nii,19.5003
/kaggle/input/datasets,mathurinache/mosmeddata-chest-ct-scans-with-covid19/MosMedData Chest CT Scans with COVID-19 Related Findings COVID19_1110 1.0/studies/CT-1/study_0593.nii,/kaggle/input/datasets/mathurinache/mosmeddata-chest-ct-scans-with-covid19/MosMedData Chest CT Scans with COVID-19 Related Findings COVID19_1110 1.0/studies/CT-1/study_0593.nii,.nii,study_0593.nii,21.0003
/kaggle/input/datasets,mathurinache/mosmeddata-chest-ct-scans-with-covid19/MosMedData Chest CT Scans with COVID-19 Related Findings COVID19_1110 1.0/studies/CT-1/study_0783.nii,/kaggle/input/datasets/mathurinache/mosmeddata-chest-ct-scans-with-covid19/MosMedData Chest CT Scans with COVID-19 Related Findings COVID19_1110 1.0/studies/CT-1/study_0783.nii,.nii,study_0783.nii,18.0003
/kaggle/input/datasets,mathurinache/mosmeddata-chest-ct-scans-with-covid19/MosMedData Chest CT Scans with COVID-19 Related Findings COVID19_1110 1.0/studies/CT-1/study_0276.nii,/kaggle/input/datasets/mathurinache/mosmeddata-chest-ct-scans-with-covid19/MosMedData Chest CT Scans with COVID-19 Related Findings COVID19_1110 1.0/studies/CT-1/study_0276.nii,.nii,study_0276.nii,22.5003
/kaggle/input/datasets,mathurinache/mosmeddata-chest-ct-scans-with-covid19/MosMedData Chest CT Scans with COVID-19 Related Findings COVID19_1110 1.0/studies/CT-1/study_0467.nii,/kaggle/input/datasets/mathurinache/mosmeddata-chest-ct-scans-with-covid19/MosMedData Chest CT Scans with COVID-19 Related Findings COVID19_1110 1.0/studies/CT-1/study_0467.nii,.nii,study_0467.nii,20.5003
/kaggle/input/datasets,mathurinache/mosmeddata-chest-ct-scans-with-covid19/MosMedData Chest CT Scans with COVID-19 Related Findings COVID19_1110 1.0/studies/CT-1/study_0888.nii,/kaggle/input/datasets/mathurinache/mosmeddata-chest-ct-scans-with-covid19/MosMedData Chest CT Scans with COVID-19 Related Findings COVID19_1110 1.0/studies/CT-1/study_0888.nii,.nii,study_0888.nii,21.0003
/kaggle/input/datasets,mathurinache/mosmeddata-chest-ct-scans-with-covid19/MosMedData Chest CT Scans with COVID-19 Related Findings COVID19_1110 1.0/studies/CT-1/study_0305.nii,/kaggle/input/datasets/mathurinache/mosmeddata-chest-ct-scans-with-covid19/MosMedData Chest CT Scans with COVID-19 Related Findings COVID19_1110 1.0/studies/CT-1/study_0305.nii,.nii,study_0305.nii,22.5003
/kaggle/input/datasets,mathurinache/mosmeddata-chest-ct-scans-with-covid19/MosMedData Chest CT Scans with COVID-19 Related Findings COVID19_1110 1.0/studies/CT-1/study_0488.nii,/kaggle/input/datasets/mathurinache/mosmeddata-chest-ct-scans-with-covid19/MosMedData Chest CT Scans with COVID-19 Related Findings COVID19_1110 1.0/studies/CT-1/study_0488.nii,.nii,study_0488.nii,22.5003
/kaggle/input/datasets,mathurinache/mosmeddata-chest-ct-scans-with-covid19/MosMedData Chest CT Scans with COVID-19 Related Findings COVID19_1110 1.0/studies/CT-1/study_0609.nii,/kaggle/input/datasets/mathurinache/mosmeddata-chest-ct-scans-with-covid19/MosMedData Chest CT Scans with COVID-19 Related Findings COVID19_1110 1.0/studies/CT-1/study_0609.nii,.nii,study_0609.nii,20.5003
/kaggle/input/datasets,mathurinache/mosmeddata-chest-ct-scans-with-covid19/MosMedData Chest CT Scans with COVID-19 Related Findings COVID19_1110 1.0/studies/CT-1/study_0439.nii,/kaggle/input/datasets/mathurinache/mosmeddata-chest-ct-scans-with-covid19/MosMedData Chest CT Scans with COVID-19 Related Findings COVID19_1110 1.0/studies/CT-1/study_0439.nii,.nii,study_0439.nii,17.5003
/kaggle/input/datasets,mathurinache/mosmeddata-chest-ct-scans-with-covid19/MosMedData Chest CT Scans with COVID-19 Related Findings COVID19_1110 1.0/studies/CT-1/study_0646.nii,/kaggle/input/datasets/mathurinache/mosmeddata-chest-ct-scans-with-covid19/MosMedData Chest CT Scans with COVID-19 Related Findings COVID19_1110 1.0/studies/CT-1/study_0646.nii,.nii,study_0646.nii,21.0003
/kaggle/input/datasets,mathurinache/mosmeddata-chest-ct-scans-with-covid19/MosMedData Chest CT Scans with COVID-19 Related Findings COVID19_1110 1.0/studies/CT-1/study_0394.nii,/kaggle/input/datasets/mathurinache/mosmeddata-chest-ct-scans-with-covid19/MosMedData Chest CT Scans with COVID-19 Related Findings COVID19_1110 1.0/studies/CT-1/study_0394.nii,.nii,study_0394.nii,18.5003
/kaggle/input/datasets,mathurinache/mosmeddata-chest-ct-scans-with-covid19/MosMedData Chest CT Scans with COVID-19 Related Findings COVID19_1110 1.0/studies/CT-1/study_0463.nii,/kaggle/input/datasets/mathurinache/mosmeddata-chest-ct-scans-with-covid19/MosMedData Chest CT Scans with COVID-19 Related Findings COVID19_1110 1.0/studies/CT-1/study_0463.nii,.nii,study_0463.nii,20.5003
/kaggle/input/datasets,mathurinache/mosmeddata-chest-ct-scans-with-covid19/MosMedData Chest CT Scans with COVID-19 Related Findings COVID19_1110 1.0/studies/CT-1/study_0766.nii,/kaggle/input/datasets/mathurinache/mosmeddata-chest-ct-scans-with-covid19/MosMedData Chest CT Scans with COVID-19 Related Findings COVID19_1110 1.0/studies/CT-1/study_0766.nii,.nii,study_0766.nii,22.5003
/kaggle/input/datasets,mathurinache/mosmeddata-chest-ct-scans-with-covid19/MosMedData Chest CT Scans with COVID-19 Related Findings COVID19_1110 1.0/studies/CT-1/study_0436.nii,/kaggle/input/datasets/mathurinache/mosmeddata-chest-ct-scans-with-covid19/MosMedData Chest CT Scans with COVID-19 Related Findings COVID19_1110 1.0/studies/CT-1/study_0436.nii,.nii,study_0436.nii,24.5003
/kaggle/input/datasets,mathurinache/mosmeddata-chest-ct-scans-with-covid19/MosMedData Chest CT Scans with COVID-19 Related Findings COVID19_1110 1.0/studies/CT-1/study_0603.nii,/kaggle/input/datasets/mathurinache/mosmeddata-chest-ct-scans-with-covid19/MosMedData Chest CT Scans with COVID-19 Related Findings COVID19_1110 1.0/studies/CT-1/study_0603.nii,.nii,study_0603.nii,22.0003
/kaggle/input/datasets,mathurinache/mosmeddata-chest-ct-scans-with-covid19/MosMedData Chest CT Scans with COVID-19 Related Findings COVID19_1110 1.0/studies/CT-1/study_0775.nii,/kaggle/input/datasets/mathurinache/mosmeddata-chest-ct-scans-with-covid19/MosMedData Chest CT Scans with COVID-19 Related Findings COVID19_1110 1.0/studies/CT-1/study_0775.nii,.nii,study_0775.nii,20.0003
/kaggle/input/datasets,mathurinache/mosmeddata-chest-ct-scans-with-covid19/MosMedData Chest CT Scans with COVID-19 Related Findings COVID19_1110 1.0/studies/CT-1/study_0461.nii,/kaggle/input/datasets/mathurinache/mosmeddata-chest-ct-scans-with-covid19/MosMedData Chest CT Scans with COVID-19 Related Findings COVID19_1110 1.0/studies/CT-1/study_0461.nii,.nii,study_0461.nii,20.5003
/kaggle/input/datasets,mathurinache/mosmeddata-chest-ct-scans-with-covid19/MosMedData Chest CT Scans with COVID-19 Related Findings COVID19_1110 1.0/studies/CT-1/study_0547.nii,/kaggle/input/datasets/mathurinache/mosmeddata-chest-ct-scans-with-covid19/MosMedData Chest CT Scans with COVID-19 Related Findings COVID19_1110 1.0/studies/CT-1/study_0547.nii,.nii,study_0547.nii,16.5003
/kaggle/input/datasets,mathurinache/mosmeddata-chest-ct-scans-with-covid19/MosMedData Chest CT Scans with COVID-19 Related Findings COVID19_1110 1.0/studies/CT-1/study_0877.nii,/kaggle/input/datasets/mathurinache/mosmeddata-chest-ct-scans-with-covid19/MosMedData Chest CT Scans with COVID-19 Related Findings COVID19_1110 1.0/studies/CT-1/study_0877.nii,.nii,study_0877.nii,20.5003
/kaggle/input/datasets,mathurinache/mosmeddata-chest-ct-scans-with-covid19/MosMedData Chest CT Scans with COVID-19 Related Findings COVID19_1110 1.0/studies/CT-1/study_0666.nii,/kaggle/input/datasets/mathurinache/mosmeddata-chest-ct-scans-with-covid19/MosMedData Chest CT Scans with COVID-19 Related Findings COVID19_1110 1.0/studies/CT-1/study_0666.nii,.nii,study_0666.nii,18.0003
/kaggle/input/datasets,mathurinache/mosmeddata-chest-ct-scans-with-covid19/MosMedData Chest CT Scans with COVID-19 Related Findings COVID19_1110 1.0/studies/CT-1/study_0743.nii,/kaggle/input/datasets/mathurinache/mosmeddata-chest-ct-scans-with-covid19/MosMedData Chest CT Scans with COVID-19 Related Findings COVID19_1110 1.0/studies/CT-1/study_0743.nii,.nii,study_0743.nii,20.5003
/kaggle/input/datasets,mathurinache/mosmeddata-chest-ct-scans-with-covid19/MosMedData Chest CT Scans with COVID-19 Related Findings COVID19_1110 1.0/studies/CT-1/study_0876.nii,/kaggle/input/datasets/mathurinache/mosmeddata-chest-ct-scans-with-covid19/MosMedData Chest CT Scans with COVID-19 Related Findings COVID19_1110 1.0/studies/CT-1/study_0876.nii,.nii,study_0876.nii,24.0003
/kaggle/input/datasets,mathurinache/mosmeddata-chest-ct-scans-with-covid19/MosMedData Chest CT Scans with COVID-19 Related Findings COVID19_1110 1.0/studies/CT-1/study_0489.nii,/kaggle/input/datasets/mathurinache/mosmeddata-chest-ct-scans-with-covid19/MosMedData Chest CT Scans with COVID-19 Related Findings COVID19_1110 1.0/studies/CT-1/study_0489.nii,.nii,study_0489.nii,18.5003
/kaggle/input/datasets,mathurinache/mosmeddata-chest-ct-scans-with-covid19/MosMedData Chest CT Scans with COVID-19 Related Findings COVID19_1110 1.0/studies/CT-1/study_0732.nii,/kaggle/input/datasets/mathurinache/mosmeddata-chest-ct-scans-with-covid19/MosMedData Chest CT Scans with COVID-19 Related Findings COVID19_1110 1.0/studies/CT-1/study_0732.nii,.nii,study_0732.nii,19.5003
/kaggle/input/datasets,mathurinache/mosmeddata-chest-ct-scans-with-covid19/MosMedData Chest CT Scans with COVID-19 Related Findings COVID19_1110 1.0/studies/CT-1/study_0896.nii,/kaggle/input/datasets/mathurinache/mosmeddata-chest-ct-scans-with-covid19/MosMedData Chest CT Scans with COVID-19 Related Findings COVID19_1110 1.0/studies/CT-1/study_0896.nii,.nii,study_0896.nii,19.5003
/kaggle/input/datasets,mathurinache/mosmeddata-chest-ct-scans-with-covid19/MosMedData Chest CT Scans with COVID-19 Related Findings COVID19_1110 1.0/studies/CT-1/study_0924.nii,/kaggle/input/datasets/mathurinache/mosmeddata-chest-ct-scans-with-covid19/MosMedData Chest CT Scans with COVID-19 Related Findings COVID19_1110 1.0/studies/CT-1/study_0924.nii,.nii,study_0924.nii,21.5003
/kaggle/input/datasets,mathurinache/mosmeddata-chest-ct-scans-with-covid19/MosMedData Chest CT Scans with COVID-19 Related Findings COVID19_1110 1.0/studies/CT-1/study_0879.nii,/kaggle/input/datasets/mathurinache/mosmeddata-chest-ct-scans-with-covid19/MosMedData Chest CT Scans with COVID-19 Related Findings COVID19_1110 1.0/studies/CT-1/study_0879.nii,.nii,study_0879.nii,22.5003
/kaggle/input/datasets,mathurinache/mosmeddata-chest-ct-scans-with-covid19/MosMedData Chest CT Scans with COVID-19 Related Findings COVID19_1110 1.0/studies/CT-1/study_0336.nii,/kaggle/input/datasets/mathurinache/mosmeddata-chest-ct-scans-with-covid19/MosMedData Chest CT Scans with COVID-19 Related Findings COVID19_1110 1.0/studies/CT-1/study_0336.nii,.nii,study_0336.nii,18.0003
/kaggle/input/datasets,mathurinache/mosmeddata-chest-ct-scans-with-covid19/MosMedData Chest CT Scans with COVID-19 Related Findings COVID19_1110 1.0/studies/CT-1/study_0383.nii,/kaggle/input/datasets/mathurinache/mosmeddata-chest-ct-scans-with-covid19/MosMedData Chest CT Scans with COVID-19 Related Findings COVID19_1110 1.0/studies/CT-1/study_0383.nii,.nii,study_0383.nii,22.5003
/kaggle/input/datasets,mathurinache/mosmeddata-chest-ct-scans-with-covid19/MosMedData Chest CT Scans with COVID-19 Related Findings COVID19_1110 1.0/studies/CT-1/study_0672.nii,/kaggle/input/datasets/mathurinache/mosmeddata-chest-ct-scans-with-covid19/MosMedData Chest CT Scans with COVID-19 Related Findings COVID19_1110 1.0/studies/CT-1/study_0672.nii,.nii,study_0672.nii,17.5003
/kaggle/input/datasets,mathurinache/mosmeddata-chest-ct-scans-with-covid19/MosMedData Chest CT Scans with COVID-19 Related Findings COVID19_1110 1.0/studies/CT-1/study_0685.nii,/kaggle/input/datasets/mathurinache/mosmeddata-chest-ct-scans-with-covid19/MosMedData Chest CT Scans with COVID-19 Related Findings COVID19_1110 1.0/studies/CT-1/study_0685.nii,.nii,study_0685.nii,22.5003
/kaggle/input/datasets,mathurinache/mosmeddata-chest-ct-scans-with-covid19/MosMedData Chest CT Scans with COVID-19 Related Findings COVID19_1110 1.0/studies/CT-1/study_0742.nii,/kaggle/input/datasets/mathurinache/mosmeddata-chest-ct-scans-with-covid19/MosMedData Chest CT Scans with COVID-19 Related Findings COVID19_1110 1.0/studies/CT-1/study_0742.nii,.nii,study_0742.nii,20.5003
/kaggle/input/datasets,mathurinache/mosmeddata-chest-ct-scans-with-covid19/MosMedData Chest CT Scans with COVID-19 Related Findings COVID19_1110 1.0/studies/CT-1/study_0854.nii,/kaggle/input/datasets/mathurinache/mosmeddata-chest-ct-scans-with-covid19/MosMedData Chest CT Scans with COVID-19 Related Findings COVID19_1110 1.0/studies/CT-1/study_0854.nii,.nii,study_0854.nii,20.5003
/kaggle/input/datasets,mathurinache/mosmeddata-chest-ct-scans-with-covid19/MosMedData Chest CT Scans with COVID-19 Related Findings COVID19_1110 1.0/studies/CT-1/study_0880.nii,/kaggle/input/datasets/mathurinache/mosmeddata-chest-ct-scans-with-covid19/MosMedData Chest CT Scans with COVID-19 Related Findings COVID19_1110 1.0/studies/CT-1/study_0880.nii,.nii,study_0880.nii,18.5003
/kaggle/input/datasets,mathurinache/mosmeddata-chest-ct-scans-with-covid19/MosMedData Chest CT Scans with COVID-19 Related Findings COVID19_1110 1.0/studies/CT-1/study_0929.nii,/kaggle/input/datasets/mathurinache/mosmeddata-chest-ct-scans-with-covid19/MosMedData Chest CT Scans with COVID-19 Related Findings COVID19_1110 1.0/studies/CT-1/study_0929.nii,.nii,study_0929.nii,25.0003
/kaggle/input/datasets,mathurinache/mosmeddata-chest-ct-scans-with-covid19/MosMedData Chest CT Scans with COVID-19 Related Findings COVID19_1110 1.0/studies/CT-1/study_0468.nii,/kaggle/input/datasets/mathurinache/mosmeddata-chest-ct-scans-with-covid19/MosMedData Chest CT Scans with COVID-19 Related Findings COVID19_1110 1.0/studies/CT-1/study_0468.nii,.nii,study_0468.nii,20.0003
/kaggle/input/datasets,mathurinache/mosmeddata-chest-ct-scans-with-covid19/MosMedData Chest CT Scans with COVID-19 Related Findings COVID19_1110 1.0/studies/CT-1/study_0477.nii,/kaggle/input/datasets/mathurinache/mosmeddata-chest-ct-scans-with-covid19/MosMedData Chest CT Scans with COVID-19 Related Findings COVID19_1110 1.0/studies/CT-1/study_0477.nii,.nii,study_0477.nii,20.5003
/kaggle/input/datasets,mathurinache/mosmeddata-chest-ct-scans-with-covid19/MosMedData Chest CT Scans with COVID-19 Related Findings COVID19_1110 1.0/studies/CT-1/study_0264.nii,/kaggle/input/datasets/mathurinache/mosmeddata-chest-ct-scans-with-covid19/MosMedData Chest CT Scans with COVID-19 Related Findings COVID19_1110 1.0/studies/CT-1/study_0264.nii,.nii,study_0264.nii,20.5003
/kaggle/input/datasets,mathurinache/mosmeddata-chest-ct-scans-with-covid19/MosMedData Chest CT Scans with COVID-19 Related Findings COVID19_1110 1.0/studies/CT-1/study_0893.nii,/kaggle/input/datasets/mathurinache/mosmeddata-chest-ct-scans-with-covid19/MosMedData Chest CT Scans with COVID-19 Related Findings COVID19_1110 1.0/studies/CT-1/study_0893.nii,.nii,study_0893.nii,27.5003
/kaggle/input/datasets,mathurinache/mosmeddata-chest-ct-scans-with-covid19/MosMedData Chest CT Scans with COVID-19 Related Findings COVID19_1110 1.0/studies/CT-1/study_0630.nii,/kaggle/input/datasets/mathurinache/mosmeddata-chest-ct-scans-with-covid19/MosMedData Chest CT Scans with COVID-19 Related Findings COVID19_1110 1.0/studies/CT-1/study_0630.nii,.nii,study_0630.nii,21.0003
/kaggle/input/datasets,mathurinache/mosmeddata-chest-ct-scans-with-covid19/MosMedData Chest CT Scans with COVID-19 Related Findings COVID19_1110 1.0/studies/CT-1/study_0582.nii,/kaggle/input/datasets/mathurinache/mosmeddata-chest-ct-scans-with-covid19/MosMedData Chest CT Scans with COVID-19 Related Findings COVID19_1110 1.0/studies/CT-1/study_0582.nii,.nii,study_0582.nii,18.0003
/kaggle/input/datasets,mathurinache/mosmeddata-chest-ct-scans-with-covid19/MosMedData Chest CT Scans with COVID-19 Related Findings COVID19_1110 1.0/studies/CT-1/study_0934.nii,/kaggle/input/datasets/mathurinache/mosmeddata-chest-ct-scans-with-covid19/MosMedData Chest CT Scans with COVID-19 Related Findings COVID19_1110 1.0/studies/CT-1/study_0934.nii,.nii,study_0934.nii,24.0003
/kaggle/input/datasets,mathurinache/mosmeddata-chest-ct-scans-with-covid19/MosMedData Chest CT Scans with COVID-19 Related Findings COVID19_1110 1.0/studies/CT-1/study_0599.nii,/kaggle/input/datasets/mathurinache/mosmeddata-chest-ct-scans-with-covid19/MosMedData Chest CT Scans with COVID-19 Related Findings COVID19_1110 1.0/studies/CT-1/study_0599.nii,.nii,study_0599.nii,18.5003
/kaggle/input/datasets,mathurinache/mosmeddata-chest-ct-scans-with-covid19/MosMedData Chest CT Scans with COVID-19 Related Findings COVID19_1110 1.0/studies/CT-1/study_0563.nii,/kaggle/input/datasets/mathurinache/mosmeddata-chest-ct-scans-with-covid19/MosMedData Chest CT Scans with COVID-19 Related Findings COVID19_1110 1.0/studies/CT-1/study_0563.nii,.nii,study_0563.nii,20.5003
/kaggle/input/datasets,mathurinache/mosmeddata-chest-ct-scans-with-covid19/MosMedData Chest CT Scans with COVID-19 Related Findings COVID19_1110 1.0/studies/CT-1/study_0403.nii,/kaggle/input/datasets/mathurinache/mosmeddata-chest-ct-scans-with-covid19/MosMedData Chest CT Scans with COVID-19 Related Findings COVID19_1110 1.0/studies/CT-1/study_0403.nii,.nii,study_0403.nii,19.5003
/kaggle/input/datasets,mathurinache/mosmeddata-chest-ct-scans-with-covid19/MosMedData Chest CT Scans with COVID-19 Related Findings COVID19_1110 1.0/studies/CT-1/study_0755.nii,/kaggle/input/datasets/mathurinache/mosmeddata-chest-ct-scans-with-covid19/MosMedData Chest CT Scans with COVID-19 Related Findings COVID19_1110 1.0/studies/CT-1/study_0755.nii,.nii,study_0755.nii,21.5003
/kaggle/input/datasets,mathurinache/mosmeddata-chest-ct-scans-with-covid19/MosMedData Chest CT Scans with COVID-19 Related Findings COVID19_1110 1.0/studies/CT-1/study_0588.nii,/kaggle/input/datasets/mathurinache/mosmeddata-chest-ct-scans-with-covid19/MosMedData Chest CT Scans with COVID-19 Related Findings COVID19_1110 1.0/studies/CT-1/study_0588.nii,.nii,study_0588.nii,18.0003
/kaggle/input/datasets,mathurinache/mosmeddata-chest-ct-scans-with-covid19/MosMedData Chest CT Scans with COVID-19 Related Findings COVID19_1110 1.0/studies/CT-1/study_0430.nii,/kaggle/input/datasets/mathurinache/mosmeddata-chest-ct-scans-with-covid19/MosMedData Chest CT Scans with COVID-19 Related Findings COVID19_1110 1.0/studies/CT-1/study_0430.nii,.nii,study_0430.nii,24.0003
/kaggle/input/datasets,mathurinache/mosmeddata-chest-ct-scans-with-covid19/MosMedData Chest CT Scans with COVID-19 Related Findings COVID19_1110 1.0/studies/CT-1/study_0659.nii,/kaggle/input/datasets/mathurinache/mosmeddata-chest-ct-scans-with-covid19/MosMedData Chest CT Scans with COVID-19 Related Findings COVID19_1110 1.0/studies/CT-1/study_0659.nii,.nii,study_0659.nii,19.0003
/kaggle/input/datasets,mathurinache/mosmeddata-chest-ct-scans-with-covid19/MosMedData Chest CT Scans with COVID-19 Related Findings COVID19_1110 1.0/studies/CT-1/study_0919.nii,/kaggle/input/datasets/mathurinache/mosmeddata-chest-ct-scans-with-covid19/MosMedData Chest CT Scans with COVID-19 Related Findings COVID19_1110 1.0/studies/CT-1/study_0919.nii,.nii,study_0919.nii,20.0003
/kaggle/input/datasets,mathurinache/mosmeddata-chest-ct-scans-with-covid19/MosMedData Chest CT Scans with COVID-19 Related Findings COVID19_1110 1.0/studies/CT-1/study_0404.nii,/kaggle/input/datasets/mathurinache/mosmeddata-chest-ct-scans-with-covid19/MosMedData Chest CT Scans with COVID-19 Related Findings COVID19_1110 1.0/studies/CT-1/study_0404.nii,.nii,study_0404.nii,22.5003
/kaggle/input/datasets,mathurinache/mosmeddata-chest-ct-scans-with-covid19/MosMedData Chest CT Scans with COVID-19 Related Findings COVID19_1110 1.0/studies/CT-1/study_0908.nii,/kaggle/input/datasets/mathurinache/mosmeddata-chest-ct-scans-with-covid19/MosMedData Chest CT Scans with COVID-19 Related Findings COVID19_1110 1.0/studies/CT-1/study_0908.nii,.nii,study_0908.nii,21.5003
/kaggle/input/datasets,mathurinache/mosmeddata-chest-ct-scans-with-covid19/MosMedData Chest CT Scans with COVID-19 Related Findings COVID19_1110 1.0/studies/CT-1/study_0286.nii,/kaggle/input/datasets/mathurinache/mosmeddata-chest-ct-scans-with-covid19/MosMedData Chest CT Scans with COVID-19 Related Findings COVID19_1110 1.0/studies/CT-1/study_0286.nii,.nii,study_0286.nii,20.5003
/kaggle/input/datasets,mathurinache/mosmeddata-chest-ct-scans-with-covid19/MosMedData Chest CT Scans with COVID-19 Related Findings COVID19_1110 1.0/studies/CT-1/study_0257.nii,/kaggle/input/datasets/mathurinache/mosmeddata-chest-ct-scans-with-covid19/MosMedData Chest CT Scans with COVID-19 Related Findings COVID19_1110 1.0/studies/CT-1/study_0257.nii,.nii,study_0257.nii,19.0003
/kaggle/input/datasets,mathurinache/mosmeddata-chest-ct-scans-with-covid19/MosMedData Chest CT Scans with COVID-19 Related Findings COVID19_1110 1.0/studies/CT-1/study_0491.nii,/kaggle/input/datasets/mathurinache/mosmeddata-chest-ct-scans-with-covid19/MosMedData Chest CT Scans with COVID-19 Related Findings COVID19_1110 1.0/studies/CT-1/study_0491.nii,.nii,study_0491.nii,22.5003
/kaggle/input/datasets,mathurinache/mosmeddata-chest-ct-scans-with-covid19/MosMedData Chest CT Scans with COVID-19 Related Findings COVID19_1110 1.0/studies/CT-1/study_0681.nii,/kaggle/input/datasets/mathurinache/mosmeddata-chest-ct-scans-with-covid19/MosMedData Chest CT Scans with COVID-19 Related Findings COVID19_1110 1.0/studies/CT-1/study_0681.nii,.nii,study_0681.nii,16.0003
/kaggle/input/datasets,mathurinache/mosmeddata-chest-ct-scans-with-covid19/MosMedData Chest CT Scans with COVID-19 Related Findings COVID19_1110 1.0/studies/CT-1/study_0335.nii,/kaggle/input/datasets/mathurinache/mosmeddata-chest-ct-scans-with-covid19/MosMedData Chest CT Scans with COVID-19 Related Findings COVID19_1110 1.0/studies/CT-1/study_0335.nii,.nii,study_0335.nii,21.0003
/kaggle/input/datasets,mathurinache/mosmeddata-chest-ct-scans-with-covid19/MosMedData Chest CT Scans with COVID-19 Related Findings COVID19_1110 1.0/studies/CT-1/study_0938.nii,/kaggle/input/datasets/mathurinache/mosmeddata-chest-ct-scans-with-covid19/MosMedData Chest CT Scans with COVID-19 Related Findings COVID19_1110 1.0/studies/CT-1/study_0938.nii,.nii,study_0938.nii,22.0003
/kaggle/input/datasets,mathurinache/mosmeddata-chest-ct-scans-with-covid19/MosMedData Chest CT Scans with COVID-19 Related Findings COVID19_1110 1.0/studies/CT-1/study_0634.nii,/kaggle/input/datasets/mathurinache/mosmeddata-chest-ct-scans-with-covid19/MosMedData Chest CT Scans with COVID-19 Related Findings COVID19_1110 1.0/studies/CT-1/study_0634.nii,.nii,study_0634.nii,19.0003
/kaggle/input/datasets,mathurinache/mosmeddata-chest-ct-scans-with-covid19/MosMedData Chest CT Scans with COVID-19 Related Findings COVID19_1110 1.0/studies/CT-1/study_0572.nii,/kaggle/input/datasets/mathurinache/mosmeddata-chest-ct-scans-with-covid19/MosMedData Chest CT Scans with COVID-19 Related Findings COVID19_1110 1.0/studies/CT-1/study_0572.nii,.nii,study_0572.nii,21.5003
/kaggle/input/datasets,mathurinache/mosmeddata-chest-ct-scans-with-covid19/MosMedData Chest CT Scans with COVID-19 Related Findings COVID19_1110 1.0/studies/CT-1/study_0425.nii,/kaggle/input/datasets/mathurinache/mosmeddata-chest-ct-scans-with-covid19/MosMedData Chest CT Scans with COVID-19 Related Findings COVID19_1110 1.0/studies/CT-1/study_0425.nii,.nii,study_0425.nii,22.5003
/kaggle/input/datasets,mathurinache/mosmeddata-chest-ct-scans-with-covid19/MosMedData Chest CT Scans with COVID-19 Related Findings COVID19_1110 1.0/studies/CT-1/study_0405.nii,/kaggle/input/datasets/mathurinache/mosmeddata-chest-ct-scans-with-covid19/MosMedData Chest CT Scans with COVID-19 Related Findings COVID19_1110 1.0/studies/CT-1/study_0405.nii,.nii,study_0405.nii,22.5003
/kaggle/input/datasets,mathurinache/mosmeddata-chest-ct-scans-with-covid19/MosMedData Chest CT Scans with COVID-19 Related Findings COVID19_1110 1.0/studies/CT-1/study_0871.nii,/kaggle/input/datasets/mathurinache/mosmeddata-chest-ct-scans-with-covid19/MosMedData Chest CT Scans with COVID-19 Related Findings COVID19_1110 1.0/studies/CT-1/study_0871.nii,.nii,study_0871.nii,19.0003
/kaggle/input/datasets,mathurinache/mosmeddata-chest-ct-scans-with-covid19/MosMedData Chest CT Scans with COVID-19 Related Findings COVID19_1110 1.0/studies/CT-1/study_0370.nii,/kaggle/input/datasets/mathurinache/mosmeddata-chest-ct-scans-with-covid19/MosMedData Chest CT Scans with COVID-19 Related Findings COVID19_1110 1.0/studies/CT-1/study_0370.nii,.nii,study_0370.nii,24.0003
/kaggle/input/datasets,mathurinache/mosmeddata-chest-ct-scans-with-covid19/MosMedData Chest CT Scans with COVID-19 Related Findings COVID19_1110 1.0/studies/CT-1/study_0637.nii,/kaggle/input/datasets/mathurinache/mosmeddata-chest-ct-scans-with-covid19/MosMedData Chest CT Scans with COVID-19 Related Findings COVID19_1110 1.0/studies/CT-1/study_0637.nii,.nii,study_0637.nii,22.5003
/kaggle/input/datasets,mathurinache/mosmeddata-chest-ct-scans-with-covid19/MosMedData Chest CT Scans with COVID-19 Related Findings COVID19_1110 1.0/studies/CT-1/study_0519.nii,/kaggle/input/datasets/mathurinache/mosmeddata-chest-ct-scans-with-covid19/MosMedData Chest CT Scans with COVID-19 Related Findings COVID19_1110 1.0/studies/CT-1/study_0519.nii,.nii,study_0519.nii,19.0003
/kaggle/input/datasets,mathurinache/mosmeddata-chest-ct-scans-with-covid19/MosMedData Chest CT Scans with COVID-19 Related Findings COVID19_1110 1.0/studies/CT-1/study_0542.nii,/kaggle/input/datasets/mathurinache/mosmeddata-chest-ct-scans-with-covid19/MosMedData Chest CT Scans with COVID-19 Related Findings COVID19_1110 1.0/studies/CT-1/study_0542.nii,.nii,study_0542.nii,20.0003
/kaggle/input/datasets,mathurinache/mosmeddata-chest-ct-scans-with-covid19/MosMedData Chest CT Scans with COVID-19 Related Findings COVID19_1110 1.0/studies/CT-1/study_0465.nii,/kaggle/input/datasets/mathurinache/mosmeddata-chest-ct-scans-with-covid19/MosMedData Chest CT Scans with COVID-19 Related Findings COVID19_1110 1.0/studies/CT-1/study_0465.nii,.nii,study_0465.nii,23.5003
/kaggle/input/datasets,mathurinache/mosmeddata-chest-ct-scans-with-covid19/MosMedData Chest CT Scans with COVID-19 Related Findings COVID19_1110 1.0/studies/CT-1/study_0343.nii,/kaggle/input/datasets/mathurinache/mosmeddata-chest-ct-scans-with-covid19/MosMedData Chest CT Scans with COVID-19 Related Findings COVID19_1110 1.0/studies/CT-1/study_0343.nii,.nii,study_0343.nii,19.5003
/kaggle/input/datasets,mathurinache/mosmeddata-chest-ct-scans-with-covid19/MosMedData Chest CT Scans with COVID-19 Related Findings COVID19_1110 1.0/studies/CT-1/study_0476.nii,/kaggle/input/datasets/mathurinache/mosmeddata-chest-ct-scans-with-covid19/MosMedData Chest CT Scans with COVID-19 Related Findings COVID19_1110 1.0/studies/CT-1/study_0476.nii,.nii,study_0476.nii,19.0003
/kaggle/input/datasets,mathurinache/mosmeddata-chest-ct-scans-with-covid19/MosMedData Chest CT Scans with COVID-19 Related Findings COVID19_1110 1.0/studies/CT-1/study_0865.nii,/kaggle/input/datasets/mathurinache/mosmeddata-chest-ct-scans-with-covid19/MosMedData Chest CT Scans with COVID-19 Related Findings COVID19_1110 1.0/studies/CT-1/study_0865.nii,.nii,study_0865.nii,19.0003
/kaggle/input/datasets,mathurinache/mosmeddata-chest-ct-scans-with-covid19/MosMedData Chest CT Scans with COVID-19 Related Findings COVID19_1110 1.0/studies/CT-1/study_0829.nii,/kaggle/input/datasets/mathurinache/mosmeddata-chest-ct-scans-with-covid19/MosMedData Chest CT Scans with COVID-19 Related Findings COVID19_1110 1.0/studies/CT-1/study_0829.nii,.nii,study_0829.nii,20.0003
/kaggle/input/datasets,mathurinache/mosmeddata-chest-ct-scans-with-covid19/MosMedData Chest CT Scans with COVID-19 Related Findings COVID19_1110 1.0/studies/CT-1/study_0351.nii,/kaggle/input/datasets/mathurinache/mosmeddata-chest-ct-scans-with-covid19/MosMedData Chest CT Scans with COVID-19 Related Findings COVID19_1110 1.0/studies/CT-1/study_0351.nii,.nii,study_0351.nii,22.5003
/kaggle/input/datasets,mathurinache/mosmeddata-chest-ct-scans-with-covid19/MosMedData Chest CT Scans with COVID-19 Related Findings COVID19_1110 1.0/studies/CT-1/study_0889.nii,/kaggle/input/datasets/mathurinache/mosmeddata-chest-ct-scans-with-covid19/MosMedData Chest CT Scans with COVID-19 Related Findings COVID19_1110 1.0/studies/CT-1/study_0889.nii,.nii,study_0889.nii,20.5003
/kaggle/input/datasets,mathurinache/mosmeddata-chest-ct-scans-with-covid19/MosMedData Chest CT Scans with COVID-19 Related Findings COVID19_1110 1.0/studies/CT-1/study_0655.nii,/kaggle/input/datasets/mathurinache/mosmeddata-chest-ct-scans-with-covid19/MosMedData Chest CT Scans with COVID-19 Related Findings COVID19_1110 1.0/studies/CT-1/study_0655.nii,.nii,study_0655.nii,19.0003
/kaggle/input/datasets,mathurinache/mosmeddata-chest-ct-scans-with-covid19/MosMedData Chest CT Scans with COVID-19 Related Findings COVID19_1110 1.0/studies/CT-1/study_0709.nii,/kaggle/input/datasets/mathurinache/mosmeddata-chest-ct-scans-with-covid19/MosMedData Chest CT Scans with COVID-19 Related Findings COVID19_1110 1.0/studies/CT-1/study_0709.nii,.nii,study_0709.nii,21.5003
/kaggle/input/datasets,mathurinache/mosmeddata-chest-ct-scans-with-covid19/MosMedData Chest CT Scans with COVID-19 Related Findings COVID19_1110 1.0/studies/CT-1/study_0843.nii,/kaggle/input/datasets/mathurinache/mosmeddata-chest-ct-scans-with-covid19/MosMedData Chest CT Scans with COVID-19 Related Findings COVID19_1110 1.0/studies/CT-1/study_0843.nii,.nii,study_0843.nii,23.0003
/kaggle/input/datasets,mathurinache/mosmeddata-chest-ct-scans-with-covid19/MosMedData Chest CT Scans with COVID-19 Related Findings COVID19_1110 1.0/studies/CT-1/study_0301.nii,/kaggle/input/datasets/mathurinache/mosmeddata-chest-ct-scans-with-covid19/MosMedData Chest CT Scans with COVID-19 Related Findings COVID19_1110 1.0/studies/CT-1/study_0301.nii,.nii,study_0301.nii,20.5003
/kaggle/input/datasets,mathurinache/mosmeddata-chest-ct-scans-with-covid19/MosMedData Chest CT Scans with COVID-19 Related Findings COVID19_1110 1.0/studies/CT-1/study_0688.nii,/kaggle/input/datasets/mathurinache/mosmeddata-chest-ct-scans-with-covid19/MosMedData Chest CT Scans with COVID-19 Related Findings COVID19_1110 1.0/studies/CT-1/study_0688.nii,.nii,study_0688.nii,22.5003
/kaggle/input/datasets,mathurinache/mosmeddata-chest-ct-scans-with-covid19/MosMedData Chest CT Scans with COVID-19 Related Findings COVID19_1110 1.0/studies/CT-1/study_0376.nii,/kaggle/input/datasets/mathurinache/mosmeddata-chest-ct-scans-with-covid19/MosMedData Chest CT Scans with COVID-19 Related Findings COVID19_1110 1.0/studies/CT-1/study_0376.nii,.nii,study_0376.nii,20.0003
/kaggle/input/datasets,mathurinache/mosmeddata-chest-ct-scans-with-covid19/MosMedData Chest CT Scans with COVID-19 Related Findings COVID19_1110 1.0/studies/CT-1/study_0295.nii,/kaggle/input/datasets/mathurinache/mosmeddata-chest-ct-scans-with-covid19/MosMedData Chest CT Scans with COVID-19 Related Findings COVID19_1110 1.0/studies/CT-1/study_0295.nii,.nii,study_0295.nii,20.5003
/kaggle/input/datasets,mathurinache/mosmeddata-chest-ct-scans-with-covid19/MosMedData Chest CT Scans with COVID-19 Related Findings COVID19_1110 1.0/studies/CT-1/study_0285.nii,/kaggle/input/datasets/mathurinache/mosmeddata-chest-ct-scans-with-covid19/MosMedData Chest CT Scans with COVID-19 Related Findings COVID19_1110 1.0/studies/CT-1/study_0285.nii,.nii,study_0285.nii,19.0003
/kaggle/input/datasets,mathurinache/mosmeddata-chest-ct-scans-with-covid19/MosMedData Chest CT Scans with COVID-19 Related Findings COVID19_1110 1.0/studies/CT-1/study_0718.nii,/kaggle/input/datasets/mathurinache/mosmeddata-chest-ct-scans-with-covid19/MosMedData Chest CT Scans with COVID-19 Related Findings COVID19_1110 1.0/studies/CT-1/study_0718.nii,.nii,study_0718.nii,18.0003
/kaggle/input/datasets,mathurinache/mosmeddata-chest-ct-scans-with-covid19/MosMedData Chest CT Scans with COVID-19 Related Findings COVID19_1110 1.0/studies/CT-1/study_0601.nii,/kaggle/input/datasets/mathurinache/mosmeddata-chest-ct-scans-with-covid19/MosMedData Chest CT Scans with COVID-19 Related Findings COVID19_1110 1.0/studies/CT-1/study_0601.nii,.nii,study_0601.nii,19.0003
/kaggle/input/datasets,mathurinache/mosmeddata-chest-ct-scans-with-covid19/MosMedData Chest CT Scans with COVID-19 Related Findings COVID19_1110 1.0/studies/CT-1/study_0690.nii,/kaggle/input/datasets/mathurinache/mosmeddata-chest-ct-scans-with-covid19/MosMedData Chest CT Scans with COVID-19 Related Findings COVID19_1110 1.0/studies/CT-1/study_0690.nii,.nii,study_0690.nii,21.0003
/kaggle/input/datasets,mathurinache/mosmeddata-chest-ct-scans-with-covid19/MosMedData Chest CT Scans with COVID-19 Related Findings COVID19_1110 1.0/studies/CT-1/study_0867.nii,/kaggle/input/datasets/mathurinache/mosmeddata-chest-ct-scans-with-covid19/MosMedData Chest CT Scans with COVID-19 Related Findings COVID19_1110 1.0/studies/CT-1/study_0867.nii,.nii,study_0867.nii,19.5003
/kaggle/input/datasets,mathurinache/mosmeddata-chest-ct-scans-with-covid19/MosMedData Chest CT Scans with COVID-19 Related Findings COVID19_1110 1.0/studies/CT-1/study_0805.nii,/kaggle/input/datasets/mathurinache/mosmeddata-chest-ct-scans-with-covid19/MosMedData Chest CT Scans with COVID-19 Related Findings COVID19_1110 1.0/studies/CT-1/study_0805.nii,.nii,study_0805.nii,22.5003
/kaggle/input/datasets,mathurinache/mosmeddata-chest-ct-scans-with-covid19/MosMedData Chest CT Scans with COVID-19 Related Findings COVID19_1110 1.0/studies/CT-1/study_0935.nii,/kaggle/input/datasets/mathurinache/mosmeddata-chest-ct-scans-with-covid19/MosMedData Chest CT Scans with COVID-19 Related Findings COVID19_1110 1.0/studies/CT-1/study_0935.nii,.nii,study_0935.nii,21.5003
/kaggle/input/datasets,mathurinache/mosmeddata-chest-ct-scans-with-covid19/MosMedData Chest CT Scans with COVID-19 Related Findings COVID19_1110 1.0/studies/CT-1/study_0844.nii,/kaggle/input/datasets/mathurinache/mosmeddata-chest-ct-scans-with-covid19/MosMedData Chest CT Scans with COVID-19 Related Findings COVID19_1110 1.0/studies/CT-1/study_0844.nii,.nii,study_0844.nii,22.0003
/kaggle/input/datasets,mathurinache/mosmeddata-chest-ct-scans-with-covid19/MosMedData Chest CT Scans with COVID-19 Related Findings COVID19_1110 1.0/studies/CT-1/study_0421.nii,/kaggle/input/datasets/mathurinache/mosmeddata-chest-ct-scans-with-covid19/MosMedData Chest CT Scans with COVID-19 Related Findings COVID19_1110 1.0/studies/CT-1/study_0421.nii,.nii,study_0421.nii,20.5003
/kaggle/input/datasets,mathurinache/mosmeddata-chest-ct-scans-with-covid19/MosMedData Chest CT Scans with COVID-19 Related Findings COVID19_1110 1.0/studies/CT-1/study_0526.nii,/kaggle/input/datasets/mathurinache/mosmeddata-chest-ct-scans-with-covid19/MosMedData Chest CT Scans with COVID-19 Related Findings COVID19_1110 1.0/studies/CT-1/study_0526.nii,.nii,study_0526.nii,24.0003
/kaggle/input/datasets,mathurinache/mosmeddata-chest-ct-scans-with-covid19/MosMedData Chest CT Scans with COVID-19 Related Findings COVID19_1110 1.0/studies/CT-1/study_0485.nii,/kaggle/input/datasets/mathurinache/mosmeddata-chest-ct-scans-with-covid19/MosMedData Chest CT Scans with COVID-19 Related Findings COVID19_1110 1.0/studies/CT-1/study_0485.nii,.nii,study_0485.nii,21.5003
/kaggle/input/datasets,mathurinache/mosmeddata-chest-ct-scans-with-covid19/MosMedData Chest CT Scans with COVID-19 Related Findings COVID19_1110 1.0/studies/CT-1/study_0329.nii,/kaggle/input/datasets/mathurinache/mosmeddata-chest-ct-scans-with-covid19/MosMedData Chest CT Scans with COVID-19 Related Findings COVID19_1110 1.0/studies/CT-1/study_0329.nii,.nii,study_0329.nii,19.0003
/kaggle/input/datasets,mathurinache/mosmeddata-chest-ct-scans-with-covid19/MosMedData Chest CT Scans with COVID-19 Related Findings COVID19_1110 1.0/studies/CT-1/study_0546.nii,/kaggle/input/datasets/mathurinache/mosmeddata-chest-ct-scans-with-covid19/MosMedData Chest CT Scans with COVID-19 Related Findings COVID19_1110 1.0/studies/CT-1/study_0546.nii,.nii,study_0546.nii,23.0003
/kaggle/input/datasets,mathurinache/mosmeddata-chest-ct-scans-with-covid19/MosMedData Chest CT Scans with COVID-19 Related Findings COVID19_1110 1.0/studies/CT-1/study_0528.nii,/kaggle/input/datasets/mathurinache/mosmeddata-chest-ct-scans-with-covid19/MosMedData Chest CT Scans with COVID-19 Related Findings COVID19_1110 1.0/studies/CT-1/study_0528.nii,.nii,study_0528.nii,19.0003
/kaggle/input/datasets,mathurinache/mosmeddata-chest-ct-scans-with-covid19/MosMedData Chest CT Scans with COVID-19 Related Findings COVID19_1110 1.0/studies/CT-1/study_0693.nii,/kaggle/input/datasets/mathurinache/mosmeddata-chest-ct-scans-with-covid19/MosMedData Chest CT Scans with COVID-19 Related Findings COVID19_1110 1.0/studies/CT-1/study_0693.nii,.nii,study_0693.nii,20.0003
/kaggle/input/datasets,mathurinache/mosmeddata-chest-ct-scans-with-covid19/MosMedData Chest CT Scans with COVID-19 Related Findings COVID19_1110 1.0/studies/CT-1/study_0431.nii,/kaggle/input/datasets/mathurinache/mosmeddata-chest-ct-scans-with-covid19/MosMedData Chest CT Scans with COVID-19 Related Findings COVID19_1110 1.0/studies/CT-1/study_0431.nii,.nii,study_0431.nii,23.5003
/kaggle/input/datasets,mathurinache/mosmeddata-chest-ct-scans-with-covid19/MosMedData Chest CT Scans with COVID-19 Related Findings COVID19_1110 1.0/studies/CT-1/study_0557.nii,/kaggle/input/datasets/mathurinache/mosmeddata-chest-ct-scans-with-covid19/MosMedData Chest CT Scans with COVID-19 Related Findings COVID19_1110 1.0/studies/CT-1/study_0557.nii,.nii,study_0557.nii,23.0003
/kaggle/input/datasets,mathurinache/mosmeddata-chest-ct-scans-with-covid19/MosMedData Chest CT Scans with COVID-19 Related Findings COVID19_1110 1.0/studies/CT-1/study_0710.nii,/kaggle/input/datasets/mathurinache/mosmeddata-chest-ct-scans-with-covid19/MosMedData Chest CT Scans with COVID-19 Related Findings COVID19_1110 1.0/studies/CT-1/study_0710.nii,.nii,study_0710.nii,20.5003
/kaggle/input/datasets,mathurinache/mosmeddata-chest-ct-scans-with-covid19/MosMedData Chest CT Scans with COVID-19 Related Findings COVID19_1110 1.0/studies/CT-1/study_0314.nii,/kaggle/input/datasets/mathurinache/mosmeddata-chest-ct-scans-with-covid19/MosMedData Chest CT Scans with COVID-19 Related Findings COVID19_1110 1.0/studies/CT-1/study_0314.nii,.nii,study_0314.nii,20.5003
/kaggle/input/datasets,mathurinache/mosmeddata-chest-ct-scans-with-covid19/MosMedData Chest CT Scans with COVID-19 Related Findings COVID19_1110 1.0/studies/CT-1/study_0541.nii,/kaggle/input/datasets/mathurinache/mosmeddata-chest-ct-scans-with-covid19/MosMedData Chest CT Scans with COVID-19 Related Findings COVID19_1110 1.0/studies/CT-1/study_0541.nii,.nii,study_0541.nii,20.5003
/kaggle/input/datasets,mathurinache/mosmeddata-chest-ct-scans-with-covid19/MosMedData Chest CT Scans with COVID-19 Related Findings COVID19_1110 1.0/studies/CT-1/study_0677.nii,/kaggle/input/datasets/mathurinache/mosmeddata-chest-ct-scans-with-covid19/MosMedData Chest CT Scans with COVID-19 Related Findings COVID19_1110 1.0/studies/CT-1/study_0677.nii,.nii,study_0677.nii,22.5003
/kaggle/input/datasets,mathurinache/mosmeddata-chest-ct-scans-with-covid19/MosMedData Chest CT Scans with COVID-19 Related Findings COVID19_1110 1.0/studies/CT-1/study_0740.nii,/kaggle/input/datasets/mathurinache/mosmeddata-chest-ct-scans-with-covid19/MosMedData Chest CT Scans with COVID-19 Related Findings COVID19_1110 1.0/studies/CT-1/study_0740.nii,.nii,study_0740.nii,22.5003
/kaggle/input/datasets,mathurinache/mosmeddata-chest-ct-scans-with-covid19/MosMedData Chest CT Scans with COVID-19 Related Findings COVID19_1110 1.0/studies/CT-1/study_0318.nii,/kaggle/input/datasets/mathurinache/mosmeddata-chest-ct-scans-with-covid19/MosMedData Chest CT Scans with COVID-19 Related Findings COVID19_1110 1.0/studies/CT-1/study_0318.nii,.nii,study_0318.nii,21.5003
/kaggle/input/datasets,mathurinache/mosmeddata-chest-ct-scans-with-covid19/MosMedData Chest CT Scans with COVID-19 Related Findings COVID19_1110 1.0/studies/CT-1/study_0636.nii,/kaggle/input/datasets/mathurinache/mosmeddata-chest-ct-scans-with-covid19/MosMedData Chest CT Scans with COVID-19 Related Findings COVID19_1110 1.0/studies/CT-1/study_0636.nii,.nii,study_0636.nii,23.0003
/kaggle/input/datasets,mathurinache/mosmeddata-chest-ct-scans-with-covid19/MosMedData Chest CT Scans with COVID-19 Related Findings COVID19_1110 1.0/studies/CT-1/study_0860.nii,/kaggle/input/datasets/mathurinache/mosmeddata-chest-ct-scans-with-covid19/MosMedData Chest CT Scans with COVID-19 Related Findings COVID19_1110 1.0/studies/CT-1/study_0860.nii,.nii,study_0860.nii,22.5003
/kaggle/input/datasets,mathurinache/mosmeddata-chest-ct-scans-with-covid19/MosMedData Chest CT Scans with COVID-19 Related Findings COVID19_1110 1.0/studies/CT-1/study_0800.nii,/kaggle/input/datasets/mathurinache/mosmeddata-chest-ct-scans-with-covid19/MosMedData Chest CT Scans with COVID-19 Related Findings COVID19_1110 1.0/studies/CT-1/study_0800.nii,.nii,study_0800.nii,19.5003
/kaggle/input/datasets,mathurinache/mosmeddata-chest-ct-scans-with-covid19/MosMedData Chest CT Scans with COVID-19 Related Findings COVID19_1110 1.0/studies/CT-1/study_0539.nii,/kaggle/input/datasets/mathurinache/mosmeddata-chest-ct-scans-with-covid19/MosMedData Chest CT Scans with COVID-19 Related Findings COVID19_1110 1.0/studies/CT-1/study_0539.nii,.nii,study_0539.nii,20.0003
/kaggle/input/datasets,mathurinache/mosmeddata-chest-ct-scans-with-covid19/MosMedData Chest CT Scans with COVID-19 Related Findings COVID19_1110 1.0/studies/CT-1/study_0620.nii,/kaggle/input/datasets/mathurinache/mosmeddata-chest-ct-scans-with-covid19/MosMedData Chest CT Scans with COVID-19 Related Findings COVID19_1110 1.0/studies/CT-1/study_0620.nii,.nii,study_0620.nii,22.5003
/kaggle/input/datasets,mathurinache/mosmeddata-chest-ct-scans-with-covid19/MosMedData Chest CT Scans with COVID-19 Related Findings COVID19_1110 1.0/studies/CT-1/study_0594.nii,/kaggle/input/datasets/mathurinache/mosmeddata-chest-ct-scans-with-covid19/MosMedData Chest CT Scans with COVID-19 Related Findings COVID19_1110 1.0/studies/CT-1/study_0594.nii,.nii,study_0594.nii,22.5003
/kaggle/input/datasets,mathurinache/mosmeddata-chest-ct-scans-with-covid19/MosMedData Chest CT Scans with COVID-19 Related Findings COVID19_1110 1.0/studies/CT-1/study_0711.nii,/kaggle/input/datasets/mathurinache/mosmeddata-chest-ct-scans-with-covid19/MosMedData Chest CT Scans with COVID-19 Related Findings COVID19_1110 1.0/studies/CT-1/study_0711.nii,.nii,study_0711.nii,21.5003
/kaggle/input/datasets,mathurinache/mosmeddata-chest-ct-scans-with-covid19/MosMedData Chest CT Scans with COVID-19 Related Findings COVID19_1110 1.0/studies/CT-1/study_0932.nii,/kaggle/input/datasets/mathurinache/mosmeddata-chest-ct-scans-with-covid19/MosMedData Chest CT Scans with COVID-19 Related Findings COVID19_1110 1.0/studies/CT-1/study_0932.nii,.nii,study_0932.nii,28.5003
/kaggle/input/datasets,mathurinache/mosmeddata-chest-ct-scans-with-covid19/MosMedData Chest CT Scans with COVID-19 Related Findings COVID19_1110 1.0/studies/CT-1/study_0689.nii,/kaggle/input/datasets/mathurinache/mosmeddata-chest-ct-scans-with-covid19/MosMedData Chest CT Scans with COVID-19 Related Findings COVID19_1110 1.0/studies/CT-1/study_0689.nii,.nii,study_0689.nii,22.5003
/kaggle/input/datasets,mathurinache/mosmeddata-chest-ct-scans-with-covid19/MosMedData Chest CT Scans with COVID-19 Related Findings COVID19_1110 1.0/studies/CT-1/study_0683.nii,/kaggle/input/datasets/mathurinache/mosmeddata-chest-ct-scans-with-covid19/MosMedData Chest CT Scans with COVID-19 Related Findings COVID19_1110 1.0/studies/CT-1/study_0683.nii,.nii,study_0683.nii,20.5003
/kaggle/input/datasets,mathurinache/mosmeddata-chest-ct-scans-with-covid19/MosMedData Chest CT Scans with COVID-19 Related Findings COVID19_1110 1.0/studies/CT-1/study_0897.nii,/kaggle/input/datasets/mathurinache/mosmeddata-chest-ct-scans-with-covid19/MosMedData Chest CT Scans with COVID-19 Related Findings COVID19_1110 1.0/studies/CT-1/study_0897.nii,.nii,study_0897.nii,21.5003
/kaggle/input/datasets,mathurinache/mosmeddata-chest-ct-scans-with-covid19/MosMedData Chest CT Scans with COVID-19 Related Findings COVID19_1110 1.0/studies/CT-1/study_0483.nii,/kaggle/input/datasets/mathurinache/mosmeddata-chest-ct-scans-with-covid19/MosMedData Chest CT Scans with COVID-19 Related Findings COVID19_1110 1.0/studies/CT-1/study_0483.nii,.nii,study_0483.nii,23.5003
/kaggle/input/datasets,mathurinache/mosmeddata-chest-ct-scans-with-covid19/MosMedData Chest CT Scans with COVID-19 Related Findings COVID19_1110 1.0/studies/CT-1/study_0580.nii,/kaggle/input/datasets/mathurinache/mosmeddata-chest-ct-scans-with-covid19/MosMedData Chest CT Scans with COVID-19 Related Findings COVID19_1110 1.0/studies/CT-1/study_0580.nii,.nii,study_0580.nii,19.0003
/kaggle/input/datasets,mathurinache/mosmeddata-chest-ct-scans-with-covid19/MosMedData Chest CT Scans with COVID-19 Related Findings COVID19_1110 1.0/studies/CT-1/study_0784.nii,/kaggle/input/datasets/mathurinache/mosmeddata-chest-ct-scans-with-covid19/MosMedData Chest CT Scans with COVID-19 Related Findings COVID19_1110 1.0/studies/CT-1/study_0784.nii,.nii,study_0784.nii,23.0003
/kaggle/input/datasets,mathurinache/mosmeddata-chest-ct-scans-with-covid19/MosMedData Chest CT Scans with COVID-19 Related Findings COVID19_1110 1.0/studies/CT-1/study_0798.nii,/kaggle/input/datasets/mathurinache/mosmeddata-chest-ct-scans-with-covid19/MosMedData Chest CT Scans with COVID-19 Related Findings COVID19_1110 1.0/studies/CT-1/study_0798.nii,.nii,study_0798.nii,20.0003
/kaggle/input/datasets,mathurinache/mosmeddata-chest-ct-scans-with-covid19/MosMedData Chest CT Scans with COVID-19 Related Findings COVID19_1110 1.0/studies/CT-1/study_0881.nii,/kaggle/input/datasets/mathurinache/mosmeddata-chest-ct-scans-with-covid19/MosMedData Chest CT Scans with COVID-19 Related Findings COVID19_1110 1.0/studies/CT-1/study_0881.nii,.nii,study_0881.nii,24.0003
/kaggle/input/datasets,mathurinache/mosmeddata-chest-ct-scans-with-covid19/MosMedData Chest CT Scans with COVID-19 Related Findings COVID19_1110 1.0/studies/CT-1/study_0474.nii,/kaggle/input/datasets/mathurinache/mosmeddata-chest-ct-scans-with-covid19/MosMedData Chest CT Scans with COVID-19 Related Findings COVID19_1110 1.0/studies/CT-1/study_0474.nii,.nii,study_0474.nii,20.5003
/kaggle/input/datasets,mathurinache/mosmeddata-chest-ct-scans-with-covid19/MosMedData Chest CT Scans with COVID-19 Related Findings COVID19_1110 1.0/studies/CT-1/study_0922.nii,/kaggle/input/datasets/mathurinache/mosmeddata-chest-ct-scans-with-covid19/MosMedData Chest CT Scans with COVID-19 Related Findings COVID19_1110 1.0/studies/CT-1/study_0922.nii,.nii,study_0922.nii,19.0003
/kaggle/input/datasets,mathurinache/mosmeddata-chest-ct-scans-with-covid19/MosMedData Chest CT Scans with COVID-19 Related Findings COVID19_1110 1.0/studies/CT-1/study_0459.nii,/kaggle/input/datasets/mathurinache/mosmeddata-chest-ct-scans-with-covid19/MosMedData Chest CT Scans with COVID-19 Related Findings COVID19_1110 1.0/studies/CT-1/study_0459.nii,.nii,study_0459.nii,20.0003
/kaggle/input/datasets,mathurinache/mosmeddata-chest-ct-scans-with-covid19/MosMedData Chest CT Scans with COVID-19 Related Findings COVID19_1110 1.0/studies/CT-1/study_0882.nii,/kaggle/input/datasets/mathurinache/mosmeddata-chest-ct-scans-with-covid19/MosMedData Chest CT Scans with COVID-19 Related Findings COVID19_1110 1.0/studies/CT-1/study_0882.nii,.nii,study_0882.nii,22.5003
/kaggle/input/datasets,mathurinache/mosmeddata-chest-ct-scans-with-covid19/MosMedData Chest CT Scans with COVID-19 Related Findings COVID19_1110 1.0/studies/CT-1/study_0428.nii,/kaggle/input/datasets/mathurinache/mosmeddata-chest-ct-scans-with-covid19/MosMedData Chest CT Scans with COVID-19 Related Findings COVID19_1110 1.0/studies/CT-1/study_0428.nii,.nii,study_0428.nii,22.5003
/kaggle/input/datasets,mathurinache/mosmeddata-chest-ct-scans-with-covid19/MosMedData Chest CT Scans with COVID-19 Related Findings COVID19_1110 1.0/studies/CT-1/study_0779.nii,/kaggle/input/datasets/mathurinache/mosmeddata-chest-ct-scans-with-covid19/MosMedData Chest CT Scans with COVID-19 Related Findings COVID19_1110 1.0/studies/CT-1/study_0779.nii,.nii,study_0779.nii,18.0003
/kaggle/input/datasets,mathurinache/mosmeddata-chest-ct-scans-with-covid19/MosMedData Chest CT Scans with COVID-19 Related Findings COVID19_1110 1.0/studies/CT-1/study_0510.nii,/kaggle/input/datasets/mathurinache/mosmeddata-chest-ct-scans-with-covid19/MosMedData Chest CT Scans with COVID-19 Related Findings COVID19_1110 1.0/studies/CT-1/study_0510.nii,.nii,study_0510.nii,19.5003
/kaggle/input/datasets,mathurinache/mosmeddata-chest-ct-scans-with-covid19/MosMedData Chest CT Scans with COVID-19 Related Findings COVID19_1110 1.0/studies/CT-1/study_0818.nii,/kaggle/input/datasets/mathurinache/mosmeddata-chest-ct-scans-with-covid19/MosMedData Chest CT Scans with COVID-19 Related Findings COVID19_1110 1.0/studies/CT-1/study_0818.nii,.nii,study_0818.nii,22.5003
/kaggle/input/datasets,mathurinache/mosmeddata-chest-ct-scans-with-covid19/MosMedData Chest CT Scans with COVID-19 Related Findings COVID19_1110 1.0/studies/CT-1/study_0363.nii,/kaggle/input/datasets/mathurinache/mosmeddata-chest-ct-scans-with-covid19/MosMedData Chest CT Scans with COVID-19 Related Findings COVID19_1110 1.0/studies/CT-1/study_0363.nii,.nii,study_0363.nii,22.5003
/kaggle/input/datasets,mathurinache/mosmeddata-chest-ct-scans-with-covid19/MosMedData Chest CT Scans with COVID-19 Related Findings COVID19_1110 1.0/studies/CT-1/study_0375.nii,/kaggle/input/datasets/mathurinache/mosmeddata-chest-ct-scans-with-covid19/MosMedData Chest CT Scans with COVID-19 Related Findings COVID19_1110 1.0/studies/CT-1/study_0375.nii,.nii,study_0375.nii,19.5003
/kaggle/input/datasets,mathurinache/mosmeddata-chest-ct-scans-with-covid19/MosMedData Chest CT Scans with COVID-19 Related Findings COVID19_1110 1.0/studies/CT-1/study_0317.nii,/kaggle/input/datasets/mathurinache/mosmeddata-chest-ct-scans-with-covid19/MosMedData Chest CT Scans with COVID-19 Related Findings COVID19_1110 1.0/studies/CT-1/study_0317.nii,.nii,study_0317.nii,22.0003
/kaggle/input/datasets,mathurinache/mosmeddata-chest-ct-scans-with-covid19/MosMedData Chest CT Scans with COVID-19 Related Findings COVID19_1110 1.0/studies/CT-1/study_0506.nii,/kaggle/input/datasets/mathurinache/mosmeddata-chest-ct-scans-with-covid19/MosMedData Chest CT Scans with COVID-19 Related Findings COVID19_1110 1.0/studies/CT-1/study_0506.nii,.nii,study_0506.nii,21.5003
/kaggle/input/datasets,mathurinache/mosmeddata-chest-ct-scans-with-covid19/MosMedData Chest CT Scans with COVID-19 Related Findings COVID19_1110 1.0/studies/CT-1/study_0895.nii,/kaggle/input/datasets/mathurinache/mosmeddata-chest-ct-scans-with-covid19/MosMedData Chest CT Scans with COVID-19 Related Findings COVID19_1110 1.0/studies/CT-1/study_0895.nii,.nii,study_0895.nii,20.0003
/kaggle/input/datasets,mathurinache/mosmeddata-chest-ct-scans-with-covid19/MosMedData Chest CT Scans with COVID-19 Related Findings COVID19_1110 1.0/studies/CT-1/study_0662.nii,/kaggle/input/datasets/mathurinache/mosmeddata-chest-ct-scans-with-covid19/MosMedData Chest CT Scans with COVID-19 Related Findings COVID19_1110 1.0/studies/CT-1/study_0662.nii,.nii,study_0662.nii,20.5003
/kaggle/input/datasets,mathurinache/mosmeddata-chest-ct-scans-with-covid19/MosMedData Chest CT Scans with COVID-19 Related Findings COVID19_1110 1.0/studies/CT-1/study_0443.nii,/kaggle/input/datasets/mathurinache/mosmeddata-chest-ct-scans-with-covid19/MosMedData Chest CT Scans with COVID-19 Related Findings COVID19_1110 1.0/studies/CT-1/study_0443.nii,.nii,study_0443.nii,22.0003
/kaggle/input/datasets,mathurinache/mosmeddata-chest-ct-scans-with-covid19/MosMedData Chest CT Scans with COVID-19 Related Findings COVID19_1110 1.0/studies/CT-1/study_0930.nii,/kaggle/input/datasets/mathurinache/mosmeddata-chest-ct-scans-with-covid19/MosMedData Chest CT Scans with COVID-19 Related Findings COVID19_1110 1.0/studies/CT-1/study_0930.nii,.nii,study_0930.nii,28.5003
/kaggle/input/datasets,mathurinache/mosmeddata-chest-ct-scans-with-covid19/MosMedData Chest CT Scans with COVID-19 Related Findings COVID19_1110 1.0/studies/CT-1/study_0825.nii,/kaggle/input/datasets/mathurinache/mosmeddata-chest-ct-scans-with-covid19/MosMedData Chest CT Scans with COVID-19 Related Findings COVID19_1110 1.0/studies/CT-1/study_0825.nii,.nii,study_0825.nii,25.5003
/kaggle/input/datasets,mathurinache/mosmeddata-chest-ct-scans-with-covid19/MosMedData Chest CT Scans with COVID-19 Related Findings COVID19_1110 1.0/studies/CT-1/study_0559.nii,/kaggle/input/datasets/mathurinache/mosmeddata-chest-ct-scans-with-covid19/MosMedData Chest CT Scans with COVID-19 Related Findings COVID19_1110 1.0/studies/CT-1/study_0559.nii,.nii,study_0559.nii,19.5003
/kaggle/input/datasets,mathurinache/mosmeddata-chest-ct-scans-with-covid19/MosMedData Chest CT Scans with COVID-19 Related Findings COVID19_1110 1.0/studies/CT-1/study_0438.nii,/kaggle/input/datasets/mathurinache/mosmeddata-chest-ct-scans-with-covid19/MosMedData Chest CT Scans with COVID-19 Related Findings COVID19_1110 1.0/studies/CT-1/study_0438.nii,.nii,study_0438.nii,21.5003
/kaggle/input/datasets,mathurinache/mosmeddata-chest-ct-scans-with-covid19/MosMedData Chest CT Scans with COVID-19 Related Findings COVID19_1110 1.0/studies/CT-1/study_0917.nii,/kaggle/input/datasets/mathurinache/mosmeddata-chest-ct-scans-with-covid19/MosMedData Chest CT Scans with COVID-19 Related Findings COVID19_1110 1.0/studies/CT-1/study_0917.nii,.nii,study_0917.nii,20.5003
/kaggle/input/datasets,mathurinache/mosmeddata-chest-ct-scans-with-covid19/MosMedData Chest CT Scans with COVID-19 Related Findings COVID19_1110 1.0/studies/CT-1/study_0866.nii,/kaggle/input/datasets/mathurinache/mosmeddata-chest-ct-scans-with-covid19/MosMedData Chest CT Scans with COVID-19 Related Findings COVID19_1110 1.0/studies/CT-1/study_0866.nii,.nii,study_0866.nii,20.0003
/kaggle/input/datasets,mathurinache/mosmeddata-chest-ct-scans-with-covid19/MosMedData Chest CT Scans with COVID-19 Related Findings COVID19_1110 1.0/studies/CT-1/study_0928.nii,/kaggle/input/datasets/mathurinache/mosmeddata-chest-ct-scans-with-covid19/MosMedData Chest CT Scans with COVID-19 Related Findings COVID19_1110 1.0/studies/CT-1/study_0928.nii,.nii,study_0928.nii,21.5003
/kaggle/input/datasets,mathurinache/mosmeddata-chest-ct-scans-with-covid19/MosMedData Chest CT Scans with COVID-19 Related Findings COVID19_1110 1.0/studies/CT-1/study_0536.nii,/kaggle/input/datasets/mathurinache/mosmeddata-chest-ct-scans-with-covid19/MosMedData Chest CT Scans with COVID-19 Related Findings COVID19_1110 1.0/studies/CT-1/study_0536.nii,.nii,study_0536.nii,22.5003
/kaggle/input/datasets,mathurinache/mosmeddata-chest-ct-scans-with-covid19/MosMedData Chest CT Scans with COVID-19 Related Findings COVID19_1110 1.0/studies/CT-1/study_0748.nii,/kaggle/input/datasets/mathurinache/mosmeddata-chest-ct-scans-with-covid19/MosMedData Chest CT Scans with COVID-19 Related Findings COVID19_1110 1.0/studies/CT-1/study_0748.nii,.nii,study_0748.nii,20.5003
/kaggle/input/datasets,mathurinache/mosmeddata-chest-ct-scans-with-covid19/MosMedData Chest CT Scans with COVID-19 Related Findings COVID19_1110 1.0/studies/CT-1/study_0872.nii,/kaggle/input/datasets/mathurinache/mosmeddata-chest-ct-scans-with-covid19/MosMedData Chest CT Scans with COVID-19 Related Findings COVID19_1110 1.0/studies/CT-1/study_0872.nii,.nii,study_0872.nii,20.0003
/kaggle/input/datasets,mathurinache/mosmeddata-chest-ct-scans-with-covid19/MosMedData Chest CT Scans with COVID-19 Related Findings COVID19_1110 1.0/studies/CT-1/study_0452.nii,/kaggle/input/datasets/mathurinache/mosmeddata-chest-ct-scans-with-covid19/MosMedData Chest CT Scans with COVID-19 Related Findings COVID19_1110 1.0/studies/CT-1/study_0452.nii,.nii,study_0452.nii,22.5003
/kaggle/input/datasets,mathurinache/mosmeddata-chest-ct-scans-with-covid19/MosMedData Chest CT Scans with COVID-19 Related Findings COVID19_1110 1.0/studies/CT-1/study_0613.nii,/kaggle/input/datasets/mathurinache/mosmeddata-chest-ct-scans-with-covid19/MosMedData Chest CT Scans with COVID-19 Related Findings COVID19_1110 1.0/studies/CT-1/study_0613.nii,.nii,study_0613.nii,20.0003
/kaggle/input/datasets,mathurinache/mosmeddata-chest-ct-scans-with-covid19/MosMedData Chest CT Scans with COVID-19 Related Findings COVID19_1110 1.0/studies/CT-1/study_0680.nii,/kaggle/input/datasets/mathurinache/mosmeddata-chest-ct-scans-with-covid19/MosMedData Chest CT Scans with COVID-19 Related Findings COVID19_1110 1.0/studies/CT-1/study_0680.nii,.nii,study_0680.nii,22.5003
/kaggle/input/datasets,mathurinache/mosmeddata-chest-ct-scans-with-covid19/MosMedData Chest CT Scans with COVID-19 Related Findings COVID19_1110 1.0/studies/CT-1/study_0507.nii,/kaggle/input/datasets/mathurinache/mosmeddata-chest-ct-scans-with-covid19/MosMedData Chest CT Scans with COVID-19 Related Findings COVID19_1110 1.0/studies/CT-1/study_0507.nii,.nii,study_0507.nii,21.0003
/kaggle/input/datasets,mathurinache/mosmeddata-chest-ct-scans-with-covid19/MosMedData Chest CT Scans with COVID-19 Related Findings COVID19_1110 1.0/studies/CT-1/study_0515.nii,/kaggle/input/datasets/mathurinache/mosmeddata-chest-ct-scans-with-covid19/MosMedData Chest CT Scans with COVID-19 Related Findings COVID19_1110 1.0/studies/CT-1/study_0515.nii,.nii,study_0515.nii,20.0003
/kaggle/input/datasets,mathurinache/mosmeddata-chest-ct-scans-with-covid19/MosMedData Chest CT Scans with COVID-19 Related Findings COVID19_1110 1.0/studies/CT-1/study_0757.nii,/kaggle/input/datasets/mathurinache/mosmeddata-chest-ct-scans-with-covid19/MosMedData Chest CT Scans with COVID-19 Related Findings COVID19_1110 1.0/studies/CT-1/study_0757.nii,.nii,study_0757.nii,20.0003
/kaggle/input/datasets,mathurinache/mosmeddata-chest-ct-scans-with-covid19/MosMedData Chest CT Scans with COVID-19 Related Findings COVID19_1110 1.0/studies/CT-1/study_0870.nii,/kaggle/input/datasets/mathurinache/mosmeddata-chest-ct-scans-with-covid19/MosMedData Chest CT Scans with COVID-19 Related Findings COVID19_1110 1.0/studies/CT-1/study_0870.nii,.nii,study_0870.nii,22.5003
/kaggle/input/datasets,mathurinache/mosmeddata-chest-ct-scans-with-covid19/MosMedData Chest CT Scans with COVID-19 Related Findings COVID19_1110 1.0/studies/CT-1/study_0671.nii,/kaggle/input/datasets/mathurinache/mosmeddata-chest-ct-scans-with-covid19/MosMedData Chest CT Scans with COVID-19 Related Findings COVID19_1110 1.0/studies/CT-1/study_0671.nii,.nii,study_0671.nii,21.5003
/kaggle/input/datasets,mathurinache/mosmeddata-chest-ct-scans-with-covid19/MosMedData Chest CT Scans with COVID-19 Related Findings COVID19_1110 1.0/studies/CT-1/study_0553.nii,/kaggle/input/datasets/mathurinache/mosmeddata-chest-ct-scans-with-covid19/MosMedData Chest CT Scans with COVID-19 Related Findings COVID19_1110 1.0/studies/CT-1/study_0553.nii,.nii,study_0553.nii,22.5003
/kaggle/input/datasets,mathurinache/mosmeddata-chest-ct-scans-with-covid19/MosMedData Chest CT Scans with COVID-19 Related Findings COVID19_1110 1.0/studies/CT-1/study_0886.nii,/kaggle/input/datasets/mathurinache/mosmeddata-chest-ct-scans-with-covid19/MosMedData Chest CT Scans with COVID-19 Related Findings COVID19_1110 1.0/studies/CT-1/study_0886.nii,.nii,study_0886.nii,24.0003
/kaggle/input/datasets,mathurinache/mosmeddata-chest-ct-scans-with-covid19/MosMedData Chest CT Scans with COVID-19 Related Findings COVID19_1110 1.0/studies/CT-1/study_0512.nii,/kaggle/input/datasets/mathurinache/mosmeddata-chest-ct-scans-with-covid19/MosMedData Chest CT Scans with COVID-19 Related Findings COVID19_1110 1.0/studies/CT-1/study_0512.nii,.nii,study_0512.nii,22.5003
/kaggle/input/datasets,mathurinache/mosmeddata-chest-ct-scans-with-covid19/MosMedData Chest CT Scans with COVID-19 Related Findings COVID19_1110 1.0/studies/CT-1/study_0289.nii,/kaggle/input/datasets/mathurinache/mosmeddata-chest-ct-scans-with-covid19/MosMedData Chest CT Scans with COVID-19 Related Findings COVID19_1110 1.0/studies/CT-1/study_0289.nii,.nii,study_0289.nii,21.0003
/kaggle/input/datasets,mathurinache/mosmeddata-chest-ct-scans-with-covid19/MosMedData Chest CT Scans with COVID-19 Related Findings COVID19_1110 1.0/studies/CT-1/study_0782.nii,/kaggle/input/datasets/mathurinache/mosmeddata-chest-ct-scans-with-covid19/MosMedData Chest CT Scans with COVID-19 Related Findings COVID19_1110 1.0/studies/CT-1/study_0782.nii,.nii,study_0782.nii,21.5003
/kaggle/input/datasets,mathurinache/mosmeddata-chest-ct-scans-with-covid19/MosMedData Chest CT Scans with COVID-19 Related Findings COVID19_1110 1.0/studies/CT-1/study_0931.nii,/kaggle/input/datasets/mathurinache/mosmeddata-chest-ct-scans-with-covid19/MosMedData Chest CT Scans with COVID-19 Related Findings COVID19_1110 1.0/studies/CT-1/study_0931.nii,.nii,study_0931.nii,28.0003
/kaggle/input/datasets,mathurinache/mosmeddata-chest-ct-scans-with-covid19/MosMedData Chest CT Scans with COVID-19 Related Findings COVID19_1110 1.0/studies/CT-1/study_0744.nii,/kaggle/input/datasets/mathurinache/mosmeddata-chest-ct-scans-with-covid19/MosMedData Chest CT Scans with COVID-19 Related Findings COVID19_1110 1.0/studies/CT-1/study_0744.nii,.nii,study_0744.nii,20.5003
/kaggle/input/datasets,mathurinache/mosmeddata-chest-ct-scans-with-covid19/MosMedData Chest CT Scans with COVID-19 Related Findings COVID19_1110 1.0/studies/CT-1/study_0494.nii,/kaggle/input/datasets/mathurinache/mosmeddata-chest-ct-scans-with-covid19/MosMedData Chest CT Scans with COVID-19 Related Findings COVID19_1110 1.0/studies/CT-1/study_0494.nii,.nii,study_0494.nii,19.0003
/kaggle/input/datasets,mathurinache/mosmeddata-chest-ct-scans-with-covid19/MosMedData Chest CT Scans with COVID-19 Related Findings COVID19_1110 1.0/studies/CT-1/study_0551.nii,/kaggle/input/datasets/mathurinache/mosmeddata-chest-ct-scans-with-covid19/MosMedData Chest CT Scans with COVID-19 Related Findings COVID19_1110 1.0/studies/CT-1/study_0551.nii,.nii,study_0551.nii,22.5003
/kaggle/input/datasets,mathurinache/mosmeddata-chest-ct-scans-with-covid19/MosMedData Chest CT Scans with COVID-19 Related Findings COVID19_1110 1.0/studies/CT-1/study_0841.nii,/kaggle/input/datasets/mathurinache/mosmeddata-chest-ct-scans-with-covid19/MosMedData Chest CT Scans with COVID-19 Related Findings COVID19_1110 1.0/studies/CT-1/study_0841.nii,.nii,study_0841.nii,20.0003
/kaggle/input/datasets,mathurinache/mosmeddata-chest-ct-scans-with-covid19/MosMedData Chest CT Scans with COVID-19 Related Findings COVID19_1110 1.0/studies/CT-1/study_0899.nii,/kaggle/input/datasets/mathurinache/mosmeddata-chest-ct-scans-with-covid19/MosMedData Chest CT Scans with COVID-19 Related Findings COVID19_1110 1.0/studies/CT-1/study_0899.nii,.nii,study_0899.nii,23.5003
/kaggle/input/datasets,mathurinache/mosmeddata-chest-ct-scans-with-covid19/MosMedData Chest CT Scans with COVID-19 Related Findings COVID19_1110 1.0/studies/CT-1/study_0754.nii,/kaggle/input/datasets/mathurinache/mosmeddata-chest-ct-scans-with-covid19/MosMedData Chest CT Scans with COVID-19 Related Findings COVID19_1110 1.0/studies/CT-1/study_0754.nii,.nii,study_0754.nii,23.0003
/kaggle/input/datasets,mathurinache/mosmeddata-chest-ct-scans-with-covid19/MosMedData Chest CT Scans with COVID-19 Related Findings COVID19_1110 1.0/studies/CT-1/study_0724.nii,/kaggle/input/datasets/mathurinache/mosmeddata-chest-ct-scans-with-covid19/MosMedData Chest CT Scans with COVID-19 Related Findings COVID19_1110 1.0/studies/CT-1/study_0724.nii,.nii,study_0724.nii,20.5003
/kaggle/input/datasets,mathurinache/mosmeddata-chest-ct-scans-with-covid19/MosMedData Chest CT Scans with COVID-19 Related Findings COVID19_1110 1.0/studies/CT-1/study_0460.nii,/kaggle/input/datasets/mathurinache/mosmeddata-chest-ct-scans-with-covid19/MosMedData Chest CT Scans with COVID-19 Related Findings COVID19_1110 1.0/studies/CT-1/study_0460.nii,.nii,study_0460.nii,20.0003
/kaggle/input/datasets,mathurinache/mosmeddata-chest-ct-scans-with-covid19/MosMedData Chest CT Scans with COVID-19 Related Findings COVID19_1110 1.0/studies/CT-1/study_0293.nii,/kaggle/input/datasets/mathurinache/mosmeddata-chest-ct-scans-with-covid19/MosMedData Chest CT Scans with COVID-19 Related Findings COVID19_1110 1.0/studies/CT-1/study_0293.nii,.nii,study_0293.nii,19.5003
/kaggle/input/datasets,mathurinache/mosmeddata-chest-ct-scans-with-covid19/MosMedData Chest CT Scans with COVID-19 Related Findings COVID19_1110 1.0/studies/CT-1/study_0407.nii,/kaggle/input/datasets/mathurinache/mosmeddata-chest-ct-scans-with-covid19/MosMedData Chest CT Scans with COVID-19 Related Findings COVID19_1110 1.0/studies/CT-1/study_0407.nii,.nii,study_0407.nii,20.5003
/kaggle/input/datasets,mathurinache/mosmeddata-chest-ct-scans-with-covid19/MosMedData Chest CT Scans with COVID-19 Related Findings COVID19_1110 1.0/studies/CT-1/study_0259.nii,/kaggle/input/datasets/mathurinache/mosmeddata-chest-ct-scans-with-covid19/MosMedData Chest CT Scans with COVID-19 Related Findings COVID19_1110 1.0/studies/CT-1/study_0259.nii,.nii,study_0259.nii,18.5003
/kaggle/input/datasets,mathurinache/mosmeddata-chest-ct-scans-with-covid19/MosMedData Chest CT Scans with COVID-19 Related Findings COVID19_1110 1.0/studies/CT-1/study_0353.nii,/kaggle/input/datasets/mathurinache/mosmeddata-chest-ct-scans-with-covid19/MosMedData Chest CT Scans with COVID-19 Related Findings COVID19_1110 1.0/studies/CT-1/study_0353.nii,.nii,study_0353.nii,20.5003
/kaggle/input/datasets,mathurinache/mosmeddata-chest-ct-scans-with-covid19/MosMedData Chest CT Scans with COVID-19 Related Findings COVID19_1110 1.0/studies/CT-1/study_0670.nii,/kaggle/input/datasets/mathurinache/mosmeddata-chest-ct-scans-with-covid19/MosMedData Chest CT Scans with COVID-19 Related Findings COVID19_1110 1.0/studies/CT-1/study_0670.nii,.nii,study_0670.nii,18.0003
/kaggle/input/datasets,mathurinache/mosmeddata-chest-ct-scans-with-covid19/MosMedData Chest CT Scans with COVID-19 Related Findings COVID19_1110 1.0/studies/CT-1/study_0595.nii,/kaggle/input/datasets/mathurinache/mosmeddata-chest-ct-scans-with-covid19/MosMedData Chest CT Scans with COVID-19 Related Findings COVID19_1110 1.0/studies/CT-1/study_0595.nii,.nii,study_0595.nii,22.5003
/kaggle/input/datasets,mathurinache/mosmeddata-chest-ct-scans-with-covid19/MosMedData Chest CT Scans with COVID-19 Related Findings COVID19_1110 1.0/studies/CT-1/study_0471.nii,/kaggle/input/datasets/mathurinache/mosmeddata-chest-ct-scans-with-covid19/MosMedData Chest CT Scans with COVID-19 Related Findings COVID19_1110 1.0/studies/CT-1/study_0471.nii,.nii,study_0471.nii,22.5003
/kaggle/input/datasets,mathurinache/mosmeddata-chest-ct-scans-with-covid19/MosMedData Chest CT Scans with COVID-19 Related Findings COVID19_1110 1.0/studies/CT-1/study_0442.nii,/kaggle/input/datasets/mathurinache/mosmeddata-chest-ct-scans-with-covid19/MosMedData Chest CT Scans with COVID-19 Related Findings COVID19_1110 1.0/studies/CT-1/study_0442.nii,.nii,study_0442.nii,21.5003
/kaggle/input/datasets,mathurinache/mosmeddata-chest-ct-scans-with-covid19/MosMedData Chest CT Scans with COVID-19 Related Findings COVID19_1110 1.0/studies/CT-1/study_0644.nii,/kaggle/input/datasets/mathurinache/mosmeddata-chest-ct-scans-with-covid19/MosMedData Chest CT Scans with COVID-19 Related Findings COVID19_1110 1.0/studies/CT-1/study_0644.nii,.nii,study_0644.nii,20.0003
/kaggle/input/datasets,mathurinache/mosmeddata-chest-ct-scans-with-covid19/MosMedData Chest CT Scans with COVID-19 Related Findings COVID19_1110 1.0/studies/CT-1/study_0432.nii,/kaggle/input/datasets/mathurinache/mosmeddata-chest-ct-scans-with-covid19/MosMedData Chest CT Scans with COVID-19 Related Findings COVID19_1110 1.0/studies/CT-1/study_0432.nii,.nii,study_0432.nii,19.0003
/kaggle/input/datasets,mathurinache/mosmeddata-chest-ct-scans-with-covid19/MosMedData Chest CT Scans with COVID-19 Related Findings COVID19_1110 1.0/studies/CT-1/study_0684.nii,/kaggle/input/datasets/mathurinache/mosmeddata-chest-ct-scans-with-covid19/MosMedData Chest CT Scans with COVID-19 Related Findings COVID19_1110 1.0/studies/CT-1/study_0684.nii,.nii,study_0684.nii,20.5003
/kaggle/input/datasets,mathurinache/mosmeddata-chest-ct-scans-with-covid19/MosMedData Chest CT Scans with COVID-19 Related Findings COVID19_1110 1.0/studies/CT-1/study_0656.nii,/kaggle/input/datasets/mathurinache/mosmeddata-chest-ct-scans-with-covid19/MosMedData Chest CT Scans with COVID-19 Related Findings COVID19_1110 1.0/studies/CT-1/study_0656.nii,.nii,study_0656.nii,16.5003
/kaggle/input/datasets,mathurinache/mosmeddata-chest-ct-scans-with-covid19/MosMedData Chest CT Scans with COVID-19 Related Findings COVID19_1110 1.0/studies/CT-1/study_0791.nii,/kaggle/input/datasets/mathurinache/mosmeddata-chest-ct-scans-with-covid19/MosMedData Chest CT Scans with COVID-19 Related Findings COVID19_1110 1.0/studies/CT-1/study_0791.nii,.nii,study_0791.nii,16.5003
/kaggle/input/datasets,mathurinache/mosmeddata-chest-ct-scans-with-covid19/MosMedData Chest CT Scans with COVID-19 Related Findings COVID19_1110 1.0/studies/CT-1/study_0768.nii,/kaggle/input/datasets/mathurinache/mosmeddata-chest-ct-scans-with-covid19/MosMedData Chest CT Scans with COVID-19 Related Findings COVID19_1110 1.0/studies/CT-1/study_0768.nii,.nii,study_0768.nii,21.0003
/kaggle/input/datasets,mathurinache/mosmeddata-chest-ct-scans-with-covid19/MosMedData Chest CT Scans with COVID-19 Related Findings COVID19_1110 1.0/studies/CT-1/study_0918.nii,/kaggle/input/datasets/mathurinache/mosmeddata-chest-ct-scans-with-covid19/MosMedData Chest CT Scans with COVID-19 Related Findings COVID19_1110 1.0/studies/CT-1/study_0918.nii,.nii,study_0918.nii,21.0003
/kaggle/input/datasets,mathurinache/mosmeddata-chest-ct-scans-with-covid19/MosMedData Chest CT Scans with COVID-19 Related Findings COVID19_1110 1.0/studies/CT-1/study_0806.nii,/kaggle/input/datasets/mathurinache/mosmeddata-chest-ct-scans-with-covid19/MosMedData Chest CT Scans with COVID-19 Related Findings COVID19_1110 1.0/studies/CT-1/study_0806.nii,.nii,study_0806.nii,20.5003
/kaggle/input/datasets,mathurinache/mosmeddata-chest-ct-scans-with-covid19/MosMedData Chest CT Scans with COVID-19 Related Findings COVID19_1110 1.0/studies/CT-1/study_0937.nii,/kaggle/input/datasets/mathurinache/mosmeddata-chest-ct-scans-with-covid19/MosMedData Chest CT Scans with COVID-19 Related Findings COVID19_1110 1.0/studies/CT-1/study_0937.nii,.nii,study_0937.nii,20.5003
/kaggle/input/datasets,mathurinache/mosmeddata-chest-ct-scans-with-covid19/MosMedData Chest CT Scans with COVID-19 Related Findings COVID19_1110 1.0/studies/CT-1/study_0738.nii,/kaggle/input/datasets/mathurinache/mosmeddata-chest-ct-scans-with-covid19/MosMedData Chest CT Scans with COVID-19 Related Findings COVID19_1110 1.0/studies/CT-1/study_0738.nii,.nii,study_0738.nii,20.0003
/kaggle/input/datasets,mathurinache/mosmeddata-chest-ct-scans-with-covid19/MosMedData Chest CT Scans with COVID-19 Related Findings COVID19_1110 1.0/studies/CT-1/study_0794.nii,/kaggle/input/datasets/mathurinache/mosmeddata-chest-ct-scans-with-covid19/MosMedData Chest CT Scans with COVID-19 Related Findings COVID19_1110 1.0/studies/CT-1/study_0794.nii,.nii,study_0794.nii,20.5003
/kaggle/input/datasets,mathurinache/mosmeddata-chest-ct-scans-with-covid19/MosMedData Chest CT Scans with COVID-19 Related Findings COVID19_1110 1.0/studies/CT-1/study_0265.nii,/kaggle/input/datasets/mathurinache/mosmeddata-chest-ct-scans-with-covid19/MosMedData Chest CT Scans with COVID-19 Related Findings COVID19_1110 1.0/studies/CT-1/study_0265.nii,.nii,study_0265.nii,23.0003
/kaggle/input/datasets,mathurinache/mosmeddata-chest-ct-scans-with-covid19/MosMedData Chest CT Scans with COVID-19 Related Findings COVID19_1110 1.0/studies/CT-1/study_0275.nii,/kaggle/input/datasets/mathurinache/mosmeddata-chest-ct-scans-with-covid19/MosMedData Chest CT Scans with COVID-19 Related Findings COVID19_1110 1.0/studies/CT-1/study_0275.nii,.nii,study_0275.nii,22.5003
/kaggle/input/datasets,mathurinache/mosmeddata-chest-ct-scans-with-covid19/MosMedData Chest CT Scans with COVID-19 Related Findings COVID19_1110 1.0/studies/CT-1/study_0756.nii,/kaggle/input/datasets/mathurinache/mosmeddata-chest-ct-scans-with-covid19/MosMedData Chest CT Scans with COVID-19 Related Findings COVID19_1110 1.0/studies/CT-1/study_0756.nii,.nii,study_0756.nii,21.5003
/kaggle/input/datasets,mathurinache/mosmeddata-chest-ct-scans-with-covid19/MosMedData Chest CT Scans with COVID-19 Related Findings COVID19_1110 1.0/studies/CT-1/study_0272.nii,/kaggle/input/datasets/mathurinache/mosmeddata-chest-ct-scans-with-covid19/MosMedData Chest CT Scans with COVID-19 Related Findings COVID19_1110 1.0/studies/CT-1/study_0272.nii,.nii,study_0272.nii,18.5003
/kaggle/input/datasets,mathurinache/mosmeddata-chest-ct-scans-with-covid19/MosMedData Chest CT Scans with COVID-19 Related Findings COVID19_1110 1.0/studies/CT-1/study_0739.nii,/kaggle/input/datasets/mathurinache/mosmeddata-chest-ct-scans-with-covid19/MosMedData Chest CT Scans with COVID-19 Related Findings COVID19_1110 1.0/studies/CT-1/study_0739.nii,.nii,study_0739.nii,22.5003
/kaggle/input/datasets,mathurinache/mosmeddata-chest-ct-scans-with-covid19/MosMedData Chest CT Scans with COVID-19 Related Findings COVID19_1110 1.0/studies/CT-1/study_0584.nii,/kaggle/input/datasets/mathurinache/mosmeddata-chest-ct-scans-with-covid19/MosMedData Chest CT Scans with COVID-19 Related Findings COVID19_1110 1.0/studies/CT-1/study_0584.nii,.nii,study_0584.nii,22.0003
/kaggle/input/datasets,mathurinache/mosmeddata-chest-ct-scans-with-covid19/MosMedData Chest CT Scans with COVID-19 Related Findings COVID19_1110 1.0/studies/CT-1/study_0619.nii,/kaggle/input/datasets/mathurinache/mosmeddata-chest-ct-scans-with-covid19/MosMedData Chest CT Scans with COVID-19 Related Findings COVID19_1110 1.0/studies/CT-1/study_0619.nii,.nii,study_0619.nii,21.5003
/kaggle/input/datasets,mathurinache/mosmeddata-chest-ct-scans-with-covid19/MosMedData Chest CT Scans with COVID-19 Related Findings COVID19_1110 1.0/studies/CT-1/study_0381.nii,/kaggle/input/datasets/mathurinache/mosmeddata-chest-ct-scans-with-covid19/MosMedData Chest CT Scans with COVID-19 Related Findings COVID19_1110 1.0/studies/CT-1/study_0381.nii,.nii,study_0381.nii,20.5003
/kaggle/input/datasets,mathurinache/mosmeddata-chest-ct-scans-with-covid19/MosMedData Chest CT Scans with COVID-19 Related Findings COVID19_1110 1.0/studies/CT-1/study_0567.nii,/kaggle/input/datasets/mathurinache/mosmeddata-chest-ct-scans-with-covid19/MosMedData Chest CT Scans with COVID-19 Related Findings COVID19_1110 1.0/studies/CT-1/study_0567.nii,.nii,study_0567.nii,20.0003
/kaggle/input/datasets,mathurinache/mosmeddata-chest-ct-scans-with-covid19/MosMedData Chest CT Scans with COVID-19 Related Findings COVID19_1110 1.0/studies/CT-1/study_0653.nii,/kaggle/input/datasets/mathurinache/mosmeddata-chest-ct-scans-with-covid19/MosMedData Chest CT Scans with COVID-19 Related Findings COVID19_1110 1.0/studies/CT-1/study_0653.nii,.nii,study_0653.nii,22.5003
/kaggle/input/datasets,mathurinache/mosmeddata-chest-ct-scans-with-covid19/MosMedData Chest CT Scans with COVID-19 Related Findings COVID19_1110 1.0/studies/CT-1/study_0469.nii,/kaggle/input/datasets/mathurinache/mosmeddata-chest-ct-scans-with-covid19/MosMedData Chest CT Scans with COVID-19 Related Findings COVID19_1110 1.0/studies/CT-1/study_0469.nii,.nii,study_0469.nii,23.5003
/kaggle/input/datasets,mathurinache/mosmeddata-chest-ct-scans-with-covid19/MosMedData Chest CT Scans with COVID-19 Related Findings COVID19_1110 1.0/studies/CT-1/study_0834.nii,/kaggle/input/datasets/mathurinache/mosmeddata-chest-ct-scans-with-covid19/MosMedData Chest CT Scans with COVID-19 Related Findings COVID19_1110 1.0/studies/CT-1/study_0834.nii,.nii,study_0834.nii,21.5003
/kaggle/input/datasets,mathurinache/mosmeddata-chest-ct-scans-with-covid19/MosMedData Chest CT Scans with COVID-19 Related Findings COVID19_1110 1.0/studies/CT-1/study_0773.nii,/kaggle/input/datasets/mathurinache/mosmeddata-chest-ct-scans-with-covid19/MosMedData Chest CT Scans with COVID-19 Related Findings COVID19_1110 1.0/studies/CT-1/study_0773.nii,.nii,study_0773.nii,20.0003
/kaggle/input/datasets,mathurinache/mosmeddata-chest-ct-scans-with-covid19/MosMedData Chest CT Scans with COVID-19 Related Findings COVID19_1110 1.0/studies/CT-1/study_0573.nii,/kaggle/input/datasets/mathurinache/mosmeddata-chest-ct-scans-with-covid19/MosMedData Chest CT Scans with COVID-19 Related Findings COVID19_1110 1.0/studies/CT-1/study_0573.nii,.nii,study_0573.nii,19.0003
/kaggle/input/datasets,mathurinache/mosmeddata-chest-ct-scans-with-covid19/MosMedData Chest CT Scans with COVID-19 Related Findings COVID19_1110 1.0/studies/CT-1/study_0598.nii,/kaggle/input/datasets/mathurinache/mosmeddata-chest-ct-scans-with-covid19/MosMedData Chest CT Scans with COVID-19 Related Findings COVID19_1110 1.0/studies/CT-1/study_0598.nii,.nii,study_0598.nii,21.0003
/kaggle/input/datasets,mathurinache/mosmeddata-chest-ct-scans-with-covid19/MosMedData Chest CT Scans with COVID-19 Related Findings COVID19_1110 1.0/studies/CT-1/study_0364.nii,/kaggle/input/datasets/mathurinache/mosmeddata-chest-ct-scans-with-covid19/MosMedData Chest CT Scans with COVID-19 Related Findings COVID19_1110 1.0/studies/CT-1/study_0364.nii,.nii,study_0364.nii,18.5003
/kaggle/input/datasets,mathurinache/mosmeddata-chest-ct-scans-with-covid19/MosMedData Chest CT Scans with COVID-19 Related Findings COVID19_1110 1.0/studies/CT-1/study_0733.nii,/kaggle/input/datasets/mathurinache/mosmeddata-chest-ct-scans-with-covid19/MosMedData Chest CT Scans with COVID-19 Related Findings COVID19_1110 1.0/studies/CT-1/study_0733.nii,.nii,study_0733.nii,21.5003
/kaggle/input/datasets,mathurinache/mosmeddata-chest-ct-scans-with-covid19/MosMedData Chest CT Scans with COVID-19 Related Findings COVID19_1110 1.0/studies/CT-1/study_0696.nii,/kaggle/input/datasets/mathurinache/mosmeddata-chest-ct-scans-with-covid19/MosMedData Chest CT Scans with COVID-19 Related Findings COVID19_1110 1.0/studies/CT-1/study_0696.nii,.nii,study_0696.nii,20.0003
/kaggle/input/datasets,mathurinache/mosmeddata-chest-ct-scans-with-covid19/MosMedData Chest CT Scans with COVID-19 Related Findings COVID19_1110 1.0/studies/CT-1/study_0737.nii,/kaggle/input/datasets/mathurinache/mosmeddata-chest-ct-scans-with-covid19/MosMedData Chest CT Scans with COVID-19 Related Findings COVID19_1110 1.0/studies/CT-1/study_0737.nii,.nii,study_0737.nii,22.5003
/kaggle/input/datasets,mathurinache/mosmeddata-chest-ct-scans-with-covid19/MosMedData Chest CT Scans with COVID-19 Related Findings COVID19_1110 1.0/studies/CT-1/study_0388.nii,/kaggle/input/datasets/mathurinache/mosmeddata-chest-ct-scans-with-covid19/MosMedData Chest CT Scans with COVID-19 Related Findings COVID19_1110 1.0/studies/CT-1/study_0388.nii,.nii,study_0388.nii,18.5003
/kaggle/input/datasets,mathurinache/mosmeddata-chest-ct-scans-with-covid19/MosMedData Chest CT Scans with COVID-19 Related Findings COVID19_1110 1.0/studies/CT-1/study_0746.nii,/kaggle/input/datasets/mathurinache/mosmeddata-chest-ct-scans-with-covid19/MosMedData Chest CT Scans with COVID-19 Related Findings COVID19_1110 1.0/studies/CT-1/study_0746.nii,.nii,study_0746.nii,20.0003
/kaggle/input/datasets,mathurinache/mosmeddata-chest-ct-scans-with-covid19/MosMedData Chest CT Scans with COVID-19 Related Findings COVID19_1110 1.0/studies/CT-1/study_0719.nii,/kaggle/input/datasets/mathurinache/mosmeddata-chest-ct-scans-with-covid19/MosMedData Chest CT Scans with COVID-19 Related Findings COVID19_1110 1.0/studies/CT-1/study_0719.nii,.nii,study_0719.nii,22.5003
/kaggle/input/datasets,mathurinache/mosmeddata-chest-ct-scans-with-covid19/MosMedData Chest CT Scans with COVID-19 Related Findings COVID19_1110 1.0/studies/CT-1/study_0297.nii,/kaggle/input/datasets/mathurinache/mosmeddata-chest-ct-scans-with-covid19/MosMedData Chest CT Scans with COVID-19 Related Findings COVID19_1110 1.0/studies/CT-1/study_0297.nii,.nii,study_0297.nii,22.5003
/kaggle/input/datasets,mathurinache/mosmeddata-chest-ct-scans-with-covid19/MosMedData Chest CT Scans with COVID-19 Related Findings COVID19_1110 1.0/studies/CT-1/study_0707.nii,/kaggle/input/datasets/mathurinache/mosmeddata-chest-ct-scans-with-covid19/MosMedData Chest CT Scans with COVID-19 Related Findings COVID19_1110 1.0/studies/CT-1/study_0707.nii,.nii,study_0707.nii,21.5003
/kaggle/input/datasets,mathurinache/mosmeddata-chest-ct-scans-with-covid19/MosMedData Chest CT Scans with COVID-19 Related Findings COVID19_1110 1.0/studies/CT-1/study_0674.nii,/kaggle/input/datasets/mathurinache/mosmeddata-chest-ct-scans-with-covid19/MosMedData Chest CT Scans with COVID-19 Related Findings COVID19_1110 1.0/studies/CT-1/study_0674.nii,.nii,study_0674.nii,20.0003
/kaggle/input/datasets,mathurinache/mosmeddata-chest-ct-scans-with-covid19/MosMedData Chest CT Scans with COVID-19 Related Findings COVID19_1110 1.0/studies/CT-1/study_0287.nii,/kaggle/input/datasets/mathurinache/mosmeddata-chest-ct-scans-with-covid19/MosMedData Chest CT Scans with COVID-19 Related Findings COVID19_1110 1.0/studies/CT-1/study_0287.nii,.nii,study_0287.nii,21.5003
/kaggle/input/datasets,mathurinache/mosmeddata-chest-ct-scans-with-covid19/MosMedData Chest CT Scans with COVID-19 Related Findings COVID19_1110 1.0/studies/CT-1/study_0308.nii,/kaggle/input/datasets/mathurinache/mosmeddata-chest-ct-scans-with-covid19/MosMedData Chest CT Scans with COVID-19 Related Findings COVID19_1110 1.0/studies/CT-1/study_0308.nii,.nii,study_0308.nii,20.5003
/kaggle/input/datasets,mathurinache/mosmeddata-chest-ct-scans-with-covid19/MosMedData Chest CT Scans with COVID-19 Related Findings COVID19_1110 1.0/studies/CT-1/study_0668.nii,/kaggle/input/datasets/mathurinache/mosmeddata-chest-ct-scans-with-covid19/MosMedData Chest CT Scans with COVID-19 Related Findings COVID19_1110 1.0/studies/CT-1/study_0668.nii,.nii,study_0668.nii,16.5003
/kaggle/input/datasets,mathurinache/mosmeddata-chest-ct-scans-with-covid19/MosMedData Chest CT Scans with COVID-19 Related Findings COVID19_1110 1.0/studies/CT-1/study_0788.nii,/kaggle/input/datasets/mathurinache/mosmeddata-chest-ct-scans-with-covid19/MosMedData Chest CT Scans with COVID-19 Related Findings COVID19_1110 1.0/studies/CT-1/study_0788.nii,.nii,study_0788.nii,21.5003
/kaggle/input/datasets,mathurinache/mosmeddata-chest-ct-scans-with-covid19/MosMedData Chest CT Scans with COVID-19 Related Findings COVID19_1110 1.0/studies/CT-1/study_0419.nii,/kaggle/input/datasets/mathurinache/mosmeddata-chest-ct-scans-with-covid19/MosMedData Chest CT Scans with COVID-19 Related Findings COVID19_1110 1.0/studies/CT-1/study_0419.nii,.nii,study_0419.nii,23.0003
/kaggle/input/datasets,mathurinache/mosmeddata-chest-ct-scans-with-covid19/MosMedData Chest CT Scans with COVID-19 Related Findings COVID19_1110 1.0/studies/CT-1/study_0913.nii,/kaggle/input/datasets/mathurinache/mosmeddata-chest-ct-scans-with-covid19/MosMedData Chest CT Scans with COVID-19 Related Findings COVID19_1110 1.0/studies/CT-1/study_0913.nii,.nii,study_0913.nii,27.5003
/kaggle/input/datasets,mathurinache/mosmeddata-chest-ct-scans-with-covid19/MosMedData Chest CT Scans with COVID-19 Related Findings COVID19_1110 1.0/studies/CT-1/study_0650.nii,/kaggle/input/datasets/mathurinache/mosmeddata-chest-ct-scans-with-covid19/MosMedData Chest CT Scans with COVID-19 Related Findings COVID19_1110 1.0/studies/CT-1/study_0650.nii,.nii,study_0650.nii,22.5003
/kaggle/input/datasets,mathurinache/mosmeddata-chest-ct-scans-with-covid19/MosMedData Chest CT Scans with COVID-19 Related Findings COVID19_1110 1.0/studies/CT-1/study_0830.nii,/kaggle/input/datasets/mathurinache/mosmeddata-chest-ct-scans-with-covid19/MosMedData Chest CT Scans with COVID-19 Related Findings COVID19_1110 1.0/studies/CT-1/study_0830.nii,.nii,study_0830.nii,22.5003
/kaggle/input/datasets,mathurinache/mosmeddata-chest-ct-scans-with-covid19/MosMedData Chest CT Scans with COVID-19 Related Findings COVID19_1110 1.0/studies/CT-1/study_0473.nii,/kaggle/input/datasets/mathurinache/mosmeddata-chest-ct-scans-with-covid19/MosMedData Chest CT Scans with COVID-19 Related Findings COVID19_1110 1.0/studies/CT-1/study_0473.nii,.nii,study_0473.nii,21.0003
/kaggle/input/datasets,mathurinache/mosmeddata-chest-ct-scans-with-covid19/MosMedData Chest CT Scans with COVID-19 Related Findings COVID19_1110 1.0/studies/CT-1/study_0778.nii,/kaggle/input/datasets/mathurinache/mosmeddata-chest-ct-scans-with-covid19/MosMedData Chest CT Scans with COVID-19 Related Findings COVID19_1110 1.0/studies/CT-1/study_0778.nii,.nii,study_0778.nii,19.5003
/kaggle/input/datasets,mathurinache/mosmeddata-chest-ct-scans-with-covid19/MosMedData Chest CT Scans with COVID-19 Related Findings COVID19_1110 1.0/studies/CT-1/study_0395.nii,/kaggle/input/datasets/mathurinache/mosmeddata-chest-ct-scans-with-covid19/MosMedData Chest CT Scans with COVID-19 Related Findings COVID19_1110 1.0/studies/CT-1/study_0395.nii,.nii,study_0395.nii,21.0003
/kaggle/input/datasets,mathurinache/mosmeddata-chest-ct-scans-with-covid19/MosMedData Chest CT Scans with COVID-19 Related Findings COVID19_1110 1.0/studies/CT-1/study_0645.nii,/kaggle/input/datasets/mathurinache/mosmeddata-chest-ct-scans-with-covid19/MosMedData Chest CT Scans with COVID-19 Related Findings COVID19_1110 1.0/studies/CT-1/study_0645.nii,.nii,study_0645.nii,18.5003
/kaggle/input/datasets,mathurinache/mosmeddata-chest-ct-scans-with-covid19/MosMedData Chest CT Scans with COVID-19 Related Findings COVID19_1110 1.0/studies/CT-1/study_0373.nii,/kaggle/input/datasets/mathurinache/mosmeddata-chest-ct-scans-with-covid19/MosMedData Chest CT Scans with COVID-19 Related Findings COVID19_1110 1.0/studies/CT-1/study_0373.nii,.nii,study_0373.nii,19.0003
/kaggle/input/datasets,mathurinache/mosmeddata-chest-ct-scans-with-covid19/MosMedData Chest CT Scans with COVID-19 Related Findings COVID19_1110 1.0/studies/CT-1/study_0433.nii,/kaggle/input/datasets/mathurinache/mosmeddata-chest-ct-scans-with-covid19/MosMedData Chest CT Scans with COVID-19 Related Findings COVID19_1110 1.0/studies/CT-1/study_0433.nii,.nii,study_0433.nii,20.0003
/kaggle/input/datasets,mathurinache/mosmeddata-chest-ct-scans-with-covid19/MosMedData Chest CT Scans with COVID-19 Related Findings COVID19_1110 1.0/studies/CT-1/study_0531.nii,/kaggle/input/datasets/mathurinache/mosmeddata-chest-ct-scans-with-covid19/MosMedData Chest CT Scans with COVID-19 Related Findings COVID19_1110 1.0/studies/CT-1/study_0531.nii,.nii,study_0531.nii,22.5003
/kaggle/input/datasets,mathurinache/mosmeddata-chest-ct-scans-with-covid19/MosMedData Chest CT Scans with COVID-19 Related Findings COVID19_1110 1.0/studies/CT-1/study_0288.nii,/kaggle/input/datasets/mathurinache/mosmeddata-chest-ct-scans-with-covid19/MosMedData Chest CT Scans with COVID-19 Related Findings COVID19_1110 1.0/studies/CT-1/study_0288.nii,.nii,study_0288.nii,23.5003
/kaggle/input/datasets,mathurinache/mosmeddata-chest-ct-scans-with-covid19/MosMedData Chest CT Scans with COVID-19 Related Findings COVID19_1110 1.0/studies/CT-1/study_0377.nii,/kaggle/input/datasets/mathurinache/mosmeddata-chest-ct-scans-with-covid19/MosMedData Chest CT Scans with COVID-19 Related Findings COVID19_1110 1.0/studies/CT-1/study_0377.nii,.nii,study_0377.nii,21.5003
/kaggle/input/datasets,mathurinache/mosmeddata-chest-ct-scans-with-covid19/MosMedData Chest CT Scans with COVID-19 Related Findings COVID19_1110 1.0/studies/CT-1/study_0456.nii,/kaggle/input/datasets/mathurinache/mosmeddata-chest-ct-scans-with-covid19/MosMedData Chest CT Scans with COVID-19 Related Findings COVID19_1110 1.0/studies/CT-1/study_0456.nii,.nii,study_0456.nii,19.5003
/kaggle/input/datasets,mathurinache/mosmeddata-chest-ct-scans-with-covid19/MosMedData Chest CT Scans with COVID-19 Related Findings COVID19_1110 1.0/studies/CT-1/study_0618.nii,/kaggle/input/datasets/mathurinache/mosmeddata-chest-ct-scans-with-covid19/MosMedData Chest CT Scans with COVID-19 Related Findings COVID19_1110 1.0/studies/CT-1/study_0618.nii,.nii,study_0618.nii,22.5003
/kaggle/input/datasets,mathurinache/mosmeddata-chest-ct-scans-with-covid19/MosMedData Chest CT Scans with COVID-19 Related Findings COVID19_1110 1.0/studies/CT-1/study_0722.nii,/kaggle/input/datasets/mathurinache/mosmeddata-chest-ct-scans-with-covid19/MosMedData Chest CT Scans with COVID-19 Related Findings COVID19_1110 1.0/studies/CT-1/study_0722.nii,.nii,study_0722.nii,22.0003
/kaggle/input/datasets,mathurinache/mosmeddata-chest-ct-scans-with-covid19/MosMedData Chest CT Scans with COVID-19 Related Findings COVID19_1110 1.0/studies/CT-1/study_0273.nii,/kaggle/input/datasets/mathurinache/mosmeddata-chest-ct-scans-with-covid19/MosMedData Chest CT Scans with COVID-19 Related Findings COVID19_1110 1.0/studies/CT-1/study_0273.nii,.nii,study_0273.nii,19.5003
/kaggle/input/datasets,mathurinache/mosmeddata-chest-ct-scans-with-covid19/MosMedData Chest CT Scans with COVID-19 Related Findings COVID19_1110 1.0/studies/CT-1/study_0911.nii,/kaggle/input/datasets/mathurinache/mosmeddata-chest-ct-scans-with-covid19/MosMedData Chest CT Scans with COVID-19 Related Findings COVID19_1110 1.0/studies/CT-1/study_0911.nii,.nii,study_0911.nii,25.0003
/kaggle/input/datasets,mathurinache/mosmeddata-chest-ct-scans-with-covid19/MosMedData Chest CT Scans with COVID-19 Related Findings COVID19_1110 1.0/studies/CT-1/study_0769.nii,/kaggle/input/datasets/mathurinache/mosmeddata-chest-ct-scans-with-covid19/MosMedData Chest CT Scans with COVID-19 Related Findings COVID19_1110 1.0/studies/CT-1/study_0769.nii,.nii,study_0769.nii,21.5003
/kaggle/input/datasets,mathurinache/mosmeddata-chest-ct-scans-with-covid19/MosMedData Chest CT Scans with COVID-19 Related Findings COVID19_1110 1.0/studies/CT-1/study_0304.nii,/kaggle/input/datasets/mathurinache/mosmeddata-chest-ct-scans-with-covid19/MosMedData Chest CT Scans with COVID-19 Related Findings COVID19_1110 1.0/studies/CT-1/study_0304.nii,.nii,study_0304.nii,20.5003
/kaggle/input/datasets,mathurinache/mosmeddata-chest-ct-scans-with-covid19/MosMedData Chest CT Scans with COVID-19 Related Findings COVID19_1110 1.0/studies/CT-1/study_0874.nii,/kaggle/input/datasets/mathurinache/mosmeddata-chest-ct-scans-with-covid19/MosMedData Chest CT Scans with COVID-19 Related Findings COVID19_1110 1.0/studies/CT-1/study_0874.nii,.nii,study_0874.nii,19.0003
/kaggle/input/datasets,mathurinache/mosmeddata-chest-ct-scans-with-covid19/MosMedData Chest CT Scans with COVID-19 Related Findings COVID19_1110 1.0/studies/CT-1/study_0714.nii,/kaggle/input/datasets/mathurinache/mosmeddata-chest-ct-scans-with-covid19/MosMedData Chest CT Scans with COVID-19 Related Findings COVID19_1110 1.0/studies/CT-1/study_0714.nii,.nii,study_0714.nii,22.5003
/kaggle/input/datasets,mathurinache/mosmeddata-chest-ct-scans-with-covid19/MosMedData Chest CT Scans with COVID-19 Related Findings COVID19_1110 1.0/studies/CT-1/study_0263.nii,/kaggle/input/datasets/mathurinache/mosmeddata-chest-ct-scans-with-covid19/MosMedData Chest CT Scans with COVID-19 Related Findings COVID19_1110 1.0/studies/CT-1/study_0263.nii,.nii,study_0263.nii,21.0003
/kaggle/input/datasets,mathurinache/mosmeddata-chest-ct-scans-with-covid19/MosMedData Chest CT Scans with COVID-19 Related Findings COVID19_1110 1.0/studies/CT-1/study_0290.nii,/kaggle/input/datasets/mathurinache/mosmeddata-chest-ct-scans-with-covid19/MosMedData Chest CT Scans with COVID-19 Related Findings COVID19_1110 1.0/studies/CT-1/study_0290.nii,.nii,study_0290.nii,21.5003
/kaggle/input/datasets,mathurinache/mosmeddata-chest-ct-scans-with-covid19/MosMedData Chest CT Scans with COVID-19 Related Findings COVID19_1110 1.0/studies/CT-1/study_0853.nii,/kaggle/input/datasets/mathurinache/mosmeddata-chest-ct-scans-with-covid19/MosMedData Chest CT Scans with COVID-19 Related Findings COVID19_1110 1.0/studies/CT-1/study_0853.nii,.nii,study_0853.nii,18.0003
/kaggle/input/datasets,mathurinache/mosmeddata-chest-ct-scans-with-covid19/MosMedData Chest CT Scans with COVID-19 Related Findings COVID19_1110 1.0/studies/CT-1/study_0414.nii,/kaggle/input/datasets/mathurinache/mosmeddata-chest-ct-scans-with-covid19/MosMedData Chest CT Scans with COVID-19 Related Findings COVID19_1110 1.0/studies/CT-1/study_0414.nii,.nii,study_0414.nii,18.5003
/kaggle/input/datasets,mathurinache/mosmeddata-chest-ct-scans-with-covid19/MosMedData Chest CT Scans with COVID-19 Related Findings COVID19_1110 1.0/studies/CT-1/study_0444.nii,/kaggle/input/datasets/mathurinache/mosmeddata-chest-ct-scans-with-covid19/MosMedData Chest CT Scans with COVID-19 Related Findings COVID19_1110 1.0/studies/CT-1/study_0444.nii,.nii,study_0444.nii,19.0003
/kaggle/input/datasets,mathurinache/mosmeddata-chest-ct-scans-with-covid19/MosMedData Chest CT Scans with COVID-19 Related Findings COVID19_1110 1.0/studies/CT-1/study_0333.nii,/kaggle/input/datasets/mathurinache/mosmeddata-chest-ct-scans-with-covid19/MosMedData Chest CT Scans with COVID-19 Related Findings COVID19_1110 1.0/studies/CT-1/study_0333.nii,.nii,study_0333.nii,20.0003
/kaggle/input/datasets,mathurinache/mosmeddata-chest-ct-scans-with-covid19/MosMedData Chest CT Scans with COVID-19 Related Findings COVID19_1110 1.0/studies/CT-1/study_0723.nii,/kaggle/input/datasets/mathurinache/mosmeddata-chest-ct-scans-with-covid19/MosMedData Chest CT Scans with COVID-19 Related Findings COVID19_1110 1.0/studies/CT-1/study_0723.nii,.nii,study_0723.nii,19.0003
/kaggle/input/datasets,mathurinache/mosmeddata-chest-ct-scans-with-covid19/MosMedData Chest CT Scans with COVID-19 Related Findings COVID19_1110 1.0/studies/CT-1/study_0691.nii,/kaggle/input/datasets/mathurinache/mosmeddata-chest-ct-scans-with-covid19/MosMedData Chest CT Scans with COVID-19 Related Findings COVID19_1110 1.0/studies/CT-1/study_0691.nii,.nii,study_0691.nii,15.5003
/kaggle/input/datasets,mathurinache/mosmeddata-chest-ct-scans-with-covid19/MosMedData Chest CT Scans with COVID-19 Related Findings COVID19_1110 1.0/studies/CT-1/study_0434.nii,/kaggle/input/datasets/mathurinache/mosmeddata-chest-ct-scans-with-covid19/MosMedData Chest CT Scans with COVID-19 Related Findings COVID19_1110 1.0/studies/CT-1/study_0434.nii,.nii,study_0434.nii,16.5003
/kaggle/input/datasets,mathurinache/mosmeddata-chest-ct-scans-with-covid19/MosMedData Chest CT Scans with COVID-19 Related Findings COVID19_1110 1.0/studies/CT-1/study_0820.nii,/kaggle/input/datasets/mathurinache/mosmeddata-chest-ct-scans-with-covid19/MosMedData Chest CT Scans with COVID-19 Related Findings COVID19_1110 1.0/studies/CT-1/study_0820.nii,.nii,study_0820.nii,18.5003
/kaggle/input/datasets,mathurinache/mosmeddata-chest-ct-scans-with-covid19/MosMedData Chest CT Scans with COVID-19 Related Findings COVID19_1110 1.0/studies/CT-1/study_0623.nii,/kaggle/input/datasets/mathurinache/mosmeddata-chest-ct-scans-with-covid19/MosMedData Chest CT Scans with COVID-19 Related Findings COVID19_1110 1.0/studies/CT-1/study_0623.nii,.nii,study_0623.nii,21.5003
/kaggle/input/datasets,mathurinache/mosmeddata-chest-ct-scans-with-covid19/MosMedData Chest CT Scans with COVID-19 Related Findings COVID19_1110 1.0/studies/CT-1/study_0500.nii,/kaggle/input/datasets/mathurinache/mosmeddata-chest-ct-scans-with-covid19/MosMedData Chest CT Scans with COVID-19 Related Findings COVID19_1110 1.0/studies/CT-1/study_0500.nii,.nii,study_0500.nii,18.5003
/kaggle/input/datasets,mathurinache/mosmeddata-chest-ct-scans-with-covid19/MosMedData Chest CT Scans with COVID-19 Related Findings COVID19_1110 1.0/studies/CT-1/study_0763.nii,/kaggle/input/datasets/mathurinache/mosmeddata-chest-ct-scans-with-covid19/MosMedData Chest CT Scans with COVID-19 Related Findings COVID19_1110 1.0/studies/CT-1/study_0763.nii,.nii,study_0763.nii,18.0003
/kaggle/input/datasets,mathurinache/mosmeddata-chest-ct-scans-with-covid19/MosMedData Chest CT Scans with COVID-19 Related Findings COVID19_1110 1.0/studies/CT-1/study_0647.nii,/kaggle/input/datasets/mathurinache/mosmeddata-chest-ct-scans-with-covid19/MosMedData Chest CT Scans with COVID-19 Related Findings COVID19_1110 1.0/studies/CT-1/study_0647.nii,.nii,study_0647.nii,21.0003
/kaggle/input/datasets,mathurinache/mosmeddata-chest-ct-scans-with-covid19/MosMedData Chest CT Scans with COVID-19 Related Findings COVID19_1110 1.0/studies/CT-1/study_0631.nii,/kaggle/input/datasets/mathurinache/mosmeddata-chest-ct-scans-with-covid19/MosMedData Chest CT Scans with COVID-19 Related Findings COVID19_1110 1.0/studies/CT-1/study_0631.nii,.nii,study_0631.nii,21.0003
/kaggle/input/datasets,mathurinache/mosmeddata-chest-ct-scans-with-covid19/MosMedData Chest CT Scans with COVID-19 Related Findings COVID19_1110 1.0/studies/CT-1/study_0357.nii,/kaggle/input/datasets/mathurinache/mosmeddata-chest-ct-scans-with-covid19/MosMedData Chest CT Scans with COVID-19 Related Findings COVID19_1110 1.0/studies/CT-1/study_0357.nii,.nii,study_0357.nii,21.0003
/kaggle/input/datasets,mathurinache/mosmeddata-chest-ct-scans-with-covid19/MosMedData Chest CT Scans with COVID-19 Related Findings COVID19_1110 1.0/studies/CT-1/study_0565.nii,/kaggle/input/datasets/mathurinache/mosmeddata-chest-ct-scans-with-covid19/MosMedData Chest CT Scans with COVID-19 Related Findings COVID19_1110 1.0/studies/CT-1/study_0565.nii,.nii,study_0565.nii,22.5003
/kaggle/input/datasets,mathurinache/mosmeddata-chest-ct-scans-with-covid19/MosMedData Chest CT Scans with COVID-19 Related Findings COVID19_1110 1.0/studies/CT-1/study_0400.nii,/kaggle/input/datasets/mathurinache/mosmeddata-chest-ct-scans-with-covid19/MosMedData Chest CT Scans with COVID-19 Related Findings COVID19_1110 1.0/studies/CT-1/study_0400.nii,.nii,study_0400.nii,21.5003
/kaggle/input/datasets,mathurinache/mosmeddata-chest-ct-scans-with-covid19/MosMedData Chest CT Scans with COVID-19 Related Findings COVID19_1110 1.0/studies/CT-1/study_0903.nii,/kaggle/input/datasets/mathurinache/mosmeddata-chest-ct-scans-with-covid19/MosMedData Chest CT Scans with COVID-19 Related Findings COVID19_1110 1.0/studies/CT-1/study_0903.nii,.nii,study_0903.nii,22.5003
/kaggle/input/datasets,mathurinache/mosmeddata-chest-ct-scans-with-covid19/MosMedData Chest CT Scans with COVID-19 Related Findings COVID19_1110 1.0/studies/CT-1/study_0760.nii,/kaggle/input/datasets/mathurinache/mosmeddata-chest-ct-scans-with-covid19/MosMedData Chest CT Scans with COVID-19 Related Findings COVID19_1110 1.0/studies/CT-1/study_0760.nii,.nii,study_0760.nii,23.0003
/kaggle/input/datasets,mathurinache/mosmeddata-chest-ct-scans-with-covid19/MosMedData Chest CT Scans with COVID-19 Related Findings COVID19_1110 1.0/studies/CT-1/study_0451.nii,/kaggle/input/datasets/mathurinache/mosmeddata-chest-ct-scans-with-covid19/MosMedData Chest CT Scans with COVID-19 Related Findings COVID19_1110 1.0/studies/CT-1/study_0451.nii,.nii,study_0451.nii,20.5003
/kaggle/input/datasets,mathurinache/mosmeddata-chest-ct-scans-with-covid19/MosMedData Chest CT Scans with COVID-19 Related Findings COVID19_1110 1.0/studies/CT-1/study_0725.nii,/kaggle/input/datasets/mathurinache/mosmeddata-chest-ct-scans-with-covid19/MosMedData Chest CT Scans with COVID-19 Related Findings COVID19_1110 1.0/studies/CT-1/study_0725.nii,.nii,study_0725.nii,19.5003
/kaggle/input/datasets,mathurinache/mosmeddata-chest-ct-scans-with-covid19/MosMedData Chest CT Scans with COVID-19 Related Findings COVID19_1110 1.0/studies/CT-1/study_0299.nii,/kaggle/input/datasets/mathurinache/mosmeddata-chest-ct-scans-with-covid19/MosMedData Chest CT Scans with COVID-19 Related Findings COVID19_1110 1.0/studies/CT-1/study_0299.nii,.nii,study_0299.nii,20.0003
/kaggle/input/datasets,mathurinache/mosmeddata-chest-ct-scans-with-covid19/MosMedData Chest CT Scans with COVID-19 Related Findings COVID19_1110 1.0/studies/CT-1/study_0385.nii,/kaggle/input/datasets/mathurinache/mosmeddata-chest-ct-scans-with-covid19/MosMedData Chest CT Scans with COVID-19 Related Findings COVID19_1110 1.0/studies/CT-1/study_0385.nii,.nii,study_0385.nii,18.0003
/kaggle/input/datasets,mathurinache/mosmeddata-chest-ct-scans-with-covid19/MosMedData Chest CT Scans with COVID-19 Related Findings COVID19_1110 1.0/studies/CT-1/study_0759.nii,/kaggle/input/datasets/mathurinache/mosmeddata-chest-ct-scans-with-covid19/MosMedData Chest CT Scans with COVID-19 Related Findings COVID19_1110 1.0/studies/CT-1/study_0759.nii,.nii,study_0759.nii,20.0003
/kaggle/input/datasets,mathurinache/mosmeddata-chest-ct-scans-with-covid19/MosMedData Chest CT Scans with COVID-19 Related Findings COVID19_1110 1.0/studies/CT-1/study_0605.nii,/kaggle/input/datasets/mathurinache/mosmeddata-chest-ct-scans-with-covid19/MosMedData Chest CT Scans with COVID-19 Related Findings COVID19_1110 1.0/studies/CT-1/study_0605.nii,.nii,study_0605.nii,22.0003
/kaggle/input/datasets,mathurinache/mosmeddata-chest-ct-scans-with-covid19/MosMedData Chest CT Scans with COVID-19 Related Findings COVID19_1110 1.0/studies/CT-1/study_0920.nii,/kaggle/input/datasets/mathurinache/mosmeddata-chest-ct-scans-with-covid19/MosMedData Chest CT Scans with COVID-19 Related Findings COVID19_1110 1.0/studies/CT-1/study_0920.nii,.nii,study_0920.nii,20.0003
/kaggle/input/datasets,mathurinache/mosmeddata-chest-ct-scans-with-covid19/MosMedData Chest CT Scans with COVID-19 Related Findings COVID19_1110 1.0/studies/CT-1/study_0821.nii,/kaggle/input/datasets/mathurinache/mosmeddata-chest-ct-scans-with-covid19/MosMedData Chest CT Scans with COVID-19 Related Findings COVID19_1110 1.0/studies/CT-1/study_0821.nii,.nii,study_0821.nii,20.5003
/kaggle/input/datasets,mathurinache/mosmeddata-chest-ct-scans-with-covid19/MosMedData Chest CT Scans with COVID-19 Related Findings COVID19_1110 1.0/studies/CT-1/study_0793.nii,/kaggle/input/datasets/mathurinache/mosmeddata-chest-ct-scans-with-covid19/MosMedData Chest CT Scans with COVID-19 Related Findings COVID19_1110 1.0/studies/CT-1/study_0793.nii,.nii,study_0793.nii,15.5003
/kaggle/input/datasets,mathurinache/mosmeddata-chest-ct-scans-with-covid19/MosMedData Chest CT Scans with COVID-19 Related Findings COVID19_1110 1.0/studies/CT-1/study_0278.nii,/kaggle/input/datasets/mathurinache/mosmeddata-chest-ct-scans-with-covid19/MosMedData Chest CT Scans with COVID-19 Related Findings COVID19_1110 1.0/studies/CT-1/study_0278.nii,.nii,study_0278.nii,22.5003
/kaggle/input/datasets,mathurinache/mosmeddata-chest-ct-scans-with-covid19/MosMedData Chest CT Scans with COVID-19 Related Findings COVID19_1110 1.0/studies/CT-1/study_0262.nii,/kaggle/input/datasets/mathurinache/mosmeddata-chest-ct-scans-with-covid19/MosMedData Chest CT Scans with COVID-19 Related Findings COVID19_1110 1.0/studies/CT-1/study_0262.nii,.nii,study_0262.nii,19.0003
/kaggle/input/datasets,mathurinache/mosmeddata-chest-ct-scans-with-covid19/MosMedData Chest CT Scans with COVID-19 Related Findings COVID19_1110 1.0/studies/CT-1/study_0884.nii,/kaggle/input/datasets/mathurinache/mosmeddata-chest-ct-scans-with-covid19/MosMedData Chest CT Scans with COVID-19 Related Findings COVID19_1110 1.0/studies/CT-1/study_0884.nii,.nii,study_0884.nii,24.0003
/kaggle/input/datasets,mathurinache/mosmeddata-chest-ct-scans-with-covid19/MosMedData Chest CT Scans with COVID-19 Related Findings COVID19_1110 1.0/studies/CT-1/study_0522.nii,/kaggle/input/datasets/mathurinache/mosmeddata-chest-ct-scans-with-covid19/MosMedData Chest CT Scans with COVID-19 Related Findings COVID19_1110 1.0/studies/CT-1/study_0522.nii,.nii,study_0522.nii,18.5003
/kaggle/input/datasets,mathurinache/mosmeddata-chest-ct-scans-with-covid19/MosMedData Chest CT Scans with COVID-19 Related Findings COVID19_1110 1.0/studies/CT-1/study_0770.nii,/kaggle/input/datasets/mathurinache/mosmeddata-chest-ct-scans-with-covid19/MosMedData Chest CT Scans with COVID-19 Related Findings COVID19_1110 1.0/studies/CT-1/study_0770.nii,.nii,study_0770.nii,22.0003
/kaggle/input/datasets,mathurinache/mosmeddata-chest-ct-scans-with-covid19/MosMedData Chest CT Scans with COVID-19 Related Findings COVID19_1110 1.0/studies/CT-1/study_0340.nii,/kaggle/input/datasets/mathurinache/mosmeddata-chest-ct-scans-with-covid19/MosMedData Chest CT Scans with COVID-19 Related Findings COVID19_1110 1.0/studies/CT-1/study_0340.nii,.nii,study_0340.nii,18.0003
/kaggle/input/datasets,mathurinache/mosmeddata-chest-ct-scans-with-covid19/MosMedData Chest CT Scans with COVID-19 Related Findings COVID19_1110 1.0/studies/CT-1/study_0651.nii,/kaggle/input/datasets/mathurinache/mosmeddata-chest-ct-scans-with-covid19/MosMedData Chest CT Scans with COVID-19 Related Findings COVID19_1110 1.0/studies/CT-1/study_0651.nii,.nii,study_0651.nii,22.5003
/kaggle/input/datasets,mathurinache/mosmeddata-chest-ct-scans-with-covid19/MosMedData Chest CT Scans with COVID-19 Related Findings COVID19_1110 1.0/studies/CT-1/study_0458.nii,/kaggle/input/datasets/mathurinache/mosmeddata-chest-ct-scans-with-covid19/MosMedData Chest CT Scans with COVID-19 Related Findings COVID19_1110 1.0/studies/CT-1/study_0458.nii,.nii,study_0458.nii,20.0003
/kaggle/input/datasets,mathurinache/mosmeddata-chest-ct-scans-with-covid19/MosMedData Chest CT Scans with COVID-19 Related Findings COVID19_1110 1.0/studies/CT-1/study_0561.nii,/kaggle/input/datasets/mathurinache/mosmeddata-chest-ct-scans-with-covid19/MosMedData Chest CT Scans with COVID-19 Related Findings COVID19_1110 1.0/studies/CT-1/study_0561.nii,.nii,study_0561.nii,20.0003
/kaggle/input/datasets,mathurinache/mosmeddata-chest-ct-scans-with-covid19/MosMedData Chest CT Scans with COVID-19 Related Findings COVID19_1110 1.0/studies/CT-1/study_0654.nii,/kaggle/input/datasets/mathurinache/mosmeddata-chest-ct-scans-with-covid19/MosMedData Chest CT Scans with COVID-19 Related Findings COVID19_1110 1.0/studies/CT-1/study_0654.nii,.nii,study_0654.nii,20.0003
/kaggle/input/datasets,mathurinache/mosmeddata-chest-ct-scans-with-covid19/MosMedData Chest CT Scans with COVID-19 Related Findings COVID19_1110 1.0/studies/CT-1/study_0887.nii,/kaggle/input/datasets/mathurinache/mosmeddata-chest-ct-scans-with-covid19/MosMedData Chest CT Scans with COVID-19 Related Findings COVID19_1110 1.0/studies/CT-1/study_0887.nii,.nii,study_0887.nii,24.0003
/kaggle/input/datasets,mathurinache/mosmeddata-chest-ct-scans-with-covid19/MosMedData Chest CT Scans with COVID-19 Related Findings COVID19_1110 1.0/studies/CT-1/study_0801.nii,/kaggle/input/datasets/mathurinache/mosmeddata-chest-ct-scans-with-covid19/MosMedData Chest CT Scans with COVID-19 Related Findings COVID19_1110 1.0/studies/CT-1/study_0801.nii,.nii,study_0801.nii,19.5003
/kaggle/input/datasets,mathurinache/mosmeddata-chest-ct-scans-with-covid19/MosMedData Chest CT Scans with COVID-19 Related Findings COVID19_1110 1.0/studies/CT-1/study_0785.nii,/kaggle/input/datasets/mathurinache/mosmeddata-chest-ct-scans-with-covid19/MosMedData Chest CT Scans with COVID-19 Related Findings COVID19_1110 1.0/studies/CT-1/study_0785.nii,.nii,study_0785.nii,20.5003
/kaggle/input/datasets,mathurinache/mosmeddata-chest-ct-scans-with-covid19/MosMedData Chest CT Scans with COVID-19 Related Findings COVID19_1110 1.0/studies/CT-1/study_0325.nii,/kaggle/input/datasets/mathurinache/mosmeddata-chest-ct-scans-with-covid19/MosMedData Chest CT Scans with COVID-19 Related Findings COVID19_1110 1.0/studies/CT-1/study_0325.nii,.nii,study_0325.nii,20.5003
/kaggle/input/datasets,mathurinache/mosmeddata-chest-ct-scans-with-covid19/MosMedData Chest CT Scans with COVID-19 Related Findings COVID19_1110 1.0/studies/CT-1/study_0869.nii,/kaggle/input/datasets/mathurinache/mosmeddata-chest-ct-scans-with-covid19/MosMedData Chest CT Scans with COVID-19 Related Findings COVID19_1110 1.0/studies/CT-1/study_0869.nii,.nii,study_0869.nii,23.0003
/kaggle/input/datasets,mathurinache/mosmeddata-chest-ct-scans-with-covid19/MosMedData Chest CT Scans with COVID-19 Related Findings COVID19_1110 1.0/studies/CT-1/study_0875.nii,/kaggle/input/datasets/mathurinache/mosmeddata-chest-ct-scans-with-covid19/MosMedData Chest CT Scans with COVID-19 Related Findings COVID19_1110 1.0/studies/CT-1/study_0875.nii,.nii,study_0875.nii,20.0003
/kaggle/input/datasets,mathurinache/mosmeddata-chest-ct-scans-with-covid19/MosMedData Chest CT Scans with COVID-19 Related Findings COVID19_1110 1.0/studies/CT-1/study_0533.nii,/kaggle/input/datasets/mathurinache/mosmeddata-chest-ct-scans-with-covid19/MosMedData Chest CT Scans with COVID-19 Related Findings COVID19_1110 1.0/studies/CT-1/study_0533.nii,.nii,study_0533.nii,20.5003
/kaggle/input/datasets,mathurinache/mosmeddata-chest-ct-scans-with-covid19/MosMedData Chest CT Scans with COVID-19 Related Findings COVID19_1110 1.0/studies/CT-1/study_0427.nii,/kaggle/input/datasets/mathurinache/mosmeddata-chest-ct-scans-with-covid19/MosMedData Chest CT Scans with COVID-19 Related Findings COVID19_1110 1.0/studies/CT-1/study_0427.nii,.nii,study_0427.nii,22.5003
/kaggle/input/datasets,mathurinache/mosmeddata-chest-ct-scans-with-covid19/MosMedData Chest CT Scans with COVID-19 Related Findings COVID19_1110 1.0/studies/CT-1/study_0622.nii,/kaggle/input/datasets/mathurinache/mosmeddata-chest-ct-scans-with-covid19/MosMedData Chest CT Scans with COVID-19 Related Findings COVID19_1110 1.0/studies/CT-1/study_0622.nii,.nii,study_0622.nii,20.0003
/kaggle/input/datasets,mathurinache/mosmeddata-chest-ct-scans-with-covid19/MosMedData Chest CT Scans with COVID-19 Related Findings COVID19_1110 1.0/studies/CT-1/study_0392.nii,/kaggle/input/datasets/mathurinache/mosmeddata-chest-ct-scans-with-covid19/MosMedData Chest CT Scans with COVID-19 Related Findings COVID19_1110 1.0/studies/CT-1/study_0392.nii,.nii,study_0392.nii,20.5003
/kaggle/input/datasets,mathurinache/mosmeddata-chest-ct-scans-with-covid19/MosMedData Chest CT Scans with COVID-19 Related Findings COVID19_1110 1.0/studies/CT-1/study_0641.nii,/kaggle/input/datasets/mathurinache/mosmeddata-chest-ct-scans-with-covid19/MosMedData Chest CT Scans with COVID-19 Related Findings COVID19_1110 1.0/studies/CT-1/study_0641.nii,.nii,study_0641.nii,20.5003
/kaggle/input/datasets,mathurinache/mosmeddata-chest-ct-scans-with-covid19/MosMedData Chest CT Scans with COVID-19 Related Findings COVID19_1110 1.0/studies/CT-1/study_0767.nii,/kaggle/input/datasets/mathurinache/mosmeddata-chest-ct-scans-with-covid19/MosMedData Chest CT Scans with COVID-19 Related Findings COVID19_1110 1.0/studies/CT-1/study_0767.nii,.nii,study_0767.nii,20.0003
/kaggle/input/datasets,mathurinache/mosmeddata-chest-ct-scans-with-covid19/MosMedData Chest CT Scans with COVID-19 Related Findings COVID19_1110 1.0/studies/CT-1/study_0816.nii,/kaggle/input/datasets/mathurinache/mosmeddata-chest-ct-scans-with-covid19/MosMedData Chest CT Scans with COVID-19 Related Findings COVID19_1110 1.0/studies/CT-1/study_0816.nii,.nii,study_0816.nii,20.5003
/kaggle/input/datasets,mathurinache/mosmeddata-chest-ct-scans-with-covid19/MosMedData Chest CT Scans with COVID-19 Related Findings COVID19_1110 1.0/studies/CT-1/study_0861.nii,/kaggle/input/datasets/mathurinache/mosmeddata-chest-ct-scans-with-covid19/MosMedData Chest CT Scans with COVID-19 Related Findings COVID19_1110 1.0/studies/CT-1/study_0861.nii,.nii,study_0861.nii,17.5003
/kaggle/input/datasets,mathurinache/mosmeddata-chest-ct-scans-with-covid19/MosMedData Chest CT Scans with COVID-19 Related Findings COVID19_1110 1.0/studies/CT-1/study_0564.nii,/kaggle/input/datasets/mathurinache/mosmeddata-chest-ct-scans-with-covid19/MosMedData Chest CT Scans with COVID-19 Related Findings COVID19_1110 1.0/studies/CT-1/study_0564.nii,.nii,study_0564.nii,20.0003
/kaggle/input/datasets,mathurinache/mosmeddata-chest-ct-scans-with-covid19/MosMedData Chest CT Scans with COVID-19 Related Findings COVID19_1110 1.0/studies/CT-1/study_0258.nii,/kaggle/input/datasets/mathurinache/mosmeddata-chest-ct-scans-with-covid19/MosMedData Chest CT Scans with COVID-19 Related Findings COVID19_1110 1.0/studies/CT-1/study_0258.nii,.nii,study_0258.nii,20.5003
/kaggle/input/datasets,mathurinache/mosmeddata-chest-ct-scans-with-covid19/MosMedData Chest CT Scans with COVID-19 Related Findings COVID19_1110 1.0/studies/CT-1/study_0347.nii,/kaggle/input/datasets/mathurinache/mosmeddata-chest-ct-scans-with-covid19/MosMedData Chest CT Scans with COVID-19 Related Findings COVID19_1110 1.0/studies/CT-1/study_0347.nii,.nii,study_0347.nii,23.0003
/kaggle/input/datasets,mathurinache/mosmeddata-chest-ct-scans-with-covid19/MosMedData Chest CT Scans with COVID-19 Related Findings COVID19_1110 1.0/studies/CT-1/study_0702.nii,/kaggle/input/datasets/mathurinache/mosmeddata-chest-ct-scans-with-covid19/MosMedData Chest CT Scans with COVID-19 Related Findings COVID19_1110 1.0/studies/CT-1/study_0702.nii,.nii,study_0702.nii,18.5003
/kaggle/input/datasets,mathurinache/mosmeddata-chest-ct-scans-with-covid19/MosMedData Chest CT Scans with COVID-19 Related Findings COVID19_1110 1.0/studies/CT-1/study_0849.nii,/kaggle/input/datasets/mathurinache/mosmeddata-chest-ct-scans-with-covid19/MosMedData Chest CT Scans with COVID-19 Related Findings COVID19_1110 1.0/studies/CT-1/study_0849.nii,.nii,study_0849.nii,20.5003
/kaggle/input/datasets,mathurinache/mosmeddata-chest-ct-scans-with-covid19/MosMedData Chest CT Scans with COVID-19 Related Findings COVID19_1110 1.0/studies/CT-1/study_0328.nii,/kaggle/input/datasets/mathurinache/mosmeddata-chest-ct-scans-with-covid19/MosMedData Chest CT Scans with COVID-19 Related Findings COVID19_1110 1.0/studies/CT-1/study_0328.nii,.nii,study_0328.nii,19.0003
/kaggle/input/datasets,mathurinache/mosmeddata-chest-ct-scans-with-covid19/MosMedData Chest CT Scans with COVID-19 Related Findings COVID19_1110 1.0/studies/CT-1/study_0602.nii,/kaggle/input/datasets/mathurinache/mosmeddata-chest-ct-scans-with-covid19/MosMedData Chest CT Scans with COVID-19 Related Findings COVID19_1110 1.0/studies/CT-1/study_0602.nii,.nii,study_0602.nii,21.5003
/kaggle/input/datasets,mathurinache/mosmeddata-chest-ct-scans-with-covid19/MosMedData Chest CT Scans with COVID-19 Related Findings COVID19_1110 1.0/studies/CT-1/study_0676.nii,/kaggle/input/datasets/mathurinache/mosmeddata-chest-ct-scans-with-covid19/MosMedData Chest CT Scans with COVID-19 Related Findings COVID19_1110 1.0/studies/CT-1/study_0676.nii,.nii,study_0676.nii,23.5003
/kaggle/input/datasets,mathurinache/mosmeddata-chest-ct-scans-with-covid19/MosMedData Chest CT Scans with COVID-19 Related Findings COVID19_1110 1.0/studies/CT-1/study_0925.nii,/kaggle/input/datasets/mathurinache/mosmeddata-chest-ct-scans-with-covid19/MosMedData Chest CT Scans with COVID-19 Related Findings COVID19_1110 1.0/studies/CT-1/study_0925.nii,.nii,study_0925.nii,23.0003
/kaggle/input/datasets,mathurinache/mosmeddata-chest-ct-scans-with-covid19/MosMedData Chest CT Scans with COVID-19 Related Findings COVID19_1110 1.0/studies/CT-1/study_0678.nii,/kaggle/input/datasets/mathurinache/mosmeddata-chest-ct-scans-with-covid19/MosMedData Chest CT Scans with COVID-19 Related Findings COVID19_1110 1.0/studies/CT-1/study_0678.nii,.nii,study_0678.nii,20.0003
/kaggle/input/datasets,mathurinache/mosmeddata-chest-ct-scans-with-covid19/MosMedData Chest CT Scans with COVID-19 Related Findings COVID19_1110 1.0/studies/CT-1/study_0504.nii,/kaggle/input/datasets/mathurinache/mosmeddata-chest-ct-scans-with-covid19/MosMedData Chest CT Scans with COVID-19 Related Findings COVID19_1110 1.0/studies/CT-1/study_0504.nii,.nii,study_0504.nii,16.0003
/kaggle/input/datasets,mathurinache/mosmeddata-chest-ct-scans-with-covid19/MosMedData Chest CT Scans with COVID-19 Related Findings COVID19_1110 1.0/studies/CT-1/study_0687.nii,/kaggle/input/datasets/mathurinache/mosmeddata-chest-ct-scans-with-covid19/MosMedData Chest CT Scans with COVID-19 Related Findings COVID19_1110 1.0/studies/CT-1/study_0687.nii,.nii,study_0687.nii,23.5003
/kaggle/input/datasets,mathurinache/mosmeddata-chest-ct-scans-with-covid19/MosMedData Chest CT Scans with COVID-19 Related Findings COVID19_1110 1.0/studies/CT-1/study_0682.nii,/kaggle/input/datasets/mathurinache/mosmeddata-chest-ct-scans-with-covid19/MosMedData Chest CT Scans with COVID-19 Related Findings COVID19_1110 1.0/studies/CT-1/study_0682.nii,.nii,study_0682.nii,22.5003
/kaggle/input/datasets,mathurinache/mosmeddata-chest-ct-scans-with-covid19/MosMedData Chest CT Scans with COVID-19 Related Findings COVID19_1110 1.0/studies/CT-1/study_0697.nii,/kaggle/input/datasets/mathurinache/mosmeddata-chest-ct-scans-with-covid19/MosMedData Chest CT Scans with COVID-19 Related Findings COVID19_1110 1.0/studies/CT-1/study_0697.nii,.nii,study_0697.nii,19.0003
/kaggle/input/datasets,mathurinache/mosmeddata-chest-ct-scans-with-covid19/MosMedData Chest CT Scans with COVID-19 Related Findings COVID19_1110 1.0/studies/CT-1/study_0339.nii,/kaggle/input/datasets/mathurinache/mosmeddata-chest-ct-scans-with-covid19/MosMedData Chest CT Scans with COVID-19 Related Findings COVID19_1110 1.0/studies/CT-1/study_0339.nii,.nii,study_0339.nii,23.0003
/kaggle/input/datasets,mathurinache/mosmeddata-chest-ct-scans-with-covid19/MosMedData Chest CT Scans with COVID-19 Related Findings COVID19_1110 1.0/studies/CT-1/study_0916.nii,/kaggle/input/datasets/mathurinache/mosmeddata-chest-ct-scans-with-covid19/MosMedData Chest CT Scans with COVID-19 Related Findings COVID19_1110 1.0/studies/CT-1/study_0916.nii,.nii,study_0916.nii,23.0003
/kaggle/input/datasets,mathurinache/mosmeddata-chest-ct-scans-with-covid19/MosMedData Chest CT Scans with COVID-19 Related Findings COVID19_1110 1.0/studies/CT-1/study_0337.nii,/kaggle/input/datasets/mathurinache/mosmeddata-chest-ct-scans-with-covid19/MosMedData Chest CT Scans with COVID-19 Related Findings COVID19_1110 1.0/studies/CT-1/study_0337.nii,.nii,study_0337.nii,24.0003
/kaggle/input/datasets,mathurinache/mosmeddata-chest-ct-scans-with-covid19/MosMedData Chest CT Scans with COVID-19 Related Findings COVID19_1110 1.0/studies/CT-1/study_0591.nii,/kaggle/input/datasets/mathurinache/mosmeddata-chest-ct-scans-with-covid19/MosMedData Chest CT Scans with COVID-19 Related Findings COVID19_1110 1.0/studies/CT-1/study_0591.nii,.nii,study_0591.nii,18.5003
/kaggle/input/datasets,mathurinache/mosmeddata-chest-ct-scans-with-covid19/MosMedData Chest CT Scans with COVID-19 Related Findings COVID19_1110 1.0/studies/CT-1/study_0789.nii,/kaggle/input/datasets/mathurinache/mosmeddata-chest-ct-scans-with-covid19/MosMedData Chest CT Scans with COVID-19 Related Findings COVID19_1110 1.0/studies/CT-1/study_0789.nii,.nii,study_0789.nii,21.5003
/kaggle/input/datasets,mathurinache/mosmeddata-chest-ct-scans-with-covid19/MosMedData Chest CT Scans with COVID-19 Related Findings COVID19_1110 1.0/studies/CT-1/study_0266.nii,/kaggle/input/datasets/mathurinache/mosmeddata-chest-ct-scans-with-covid19/MosMedData Chest CT Scans with COVID-19 Related Findings COVID19_1110 1.0/studies/CT-1/study_0266.nii,.nii,study_0266.nii,17.0003
/kaggle/input/datasets,mathurinache/mosmeddata-chest-ct-scans-with-covid19/MosMedData Chest CT Scans with COVID-19 Related Findings COVID19_1110 1.0/studies/CT-1/study_0873.nii,/kaggle/input/datasets/mathurinache/mosmeddata-chest-ct-scans-with-covid19/MosMedData Chest CT Scans with COVID-19 Related Findings COVID19_1110 1.0/studies/CT-1/study_0873.nii,.nii,study_0873.nii,19.0003
/kaggle/input/datasets,mathurinache/mosmeddata-chest-ct-scans-with-covid19/MosMedData Chest CT Scans with COVID-19 Related Findings COVID19_1110 1.0/studies/CT-1/study_0694.nii,/kaggle/input/datasets/mathurinache/mosmeddata-chest-ct-scans-with-covid19/MosMedData Chest CT Scans with COVID-19 Related Findings COVID19_1110 1.0/studies/CT-1/study_0694.nii,.nii,study_0694.nii,20.0003
/kaggle/input/datasets,mathurinache/mosmeddata-chest-ct-scans-with-covid19/MosMedData Chest CT Scans with COVID-19 Related Findings COVID19_1110 1.0/studies/CT-1/study_0611.nii,/kaggle/input/datasets/mathurinache/mosmeddata-chest-ct-scans-with-covid19/MosMedData Chest CT Scans with COVID-19 Related Findings COVID19_1110 1.0/studies/CT-1/study_0611.nii,.nii,study_0611.nii,22.5003
/kaggle/input/datasets,mathurinache/mosmeddata-chest-ct-scans-with-covid19/MosMedData Chest CT Scans with COVID-19 Related Findings COVID19_1110 1.0/studies/CT-1/study_0312.nii,/kaggle/input/datasets/mathurinache/mosmeddata-chest-ct-scans-with-covid19/MosMedData Chest CT Scans with COVID-19 Related Findings COVID19_1110 1.0/studies/CT-1/study_0312.nii,.nii,study_0312.nii,19.0003
/kaggle/input/datasets,mathurinache/mosmeddata-chest-ct-scans-with-covid19/MosMedData Chest CT Scans with COVID-19 Related Findings COVID19_1110 1.0/studies/CT-1/study_0799.nii,/kaggle/input/datasets/mathurinache/mosmeddata-chest-ct-scans-with-covid19/MosMedData Chest CT Scans with COVID-19 Related Findings COVID19_1110 1.0/studies/CT-1/study_0799.nii,.nii,study_0799.nii,22.0003
/kaggle/input/datasets,mathurinache/mosmeddata-chest-ct-scans-with-covid19/MosMedData Chest CT Scans with COVID-19 Related Findings COVID19_1110 1.0/studies/CT-1/study_0493.nii,/kaggle/input/datasets/mathurinache/mosmeddata-chest-ct-scans-with-covid19/MosMedData Chest CT Scans with COVID-19 Related Findings COVID19_1110 1.0/studies/CT-1/study_0493.nii,.nii,study_0493.nii,20.5003
/kaggle/input/datasets,mathurinache/mosmeddata-chest-ct-scans-with-covid19/MosMedData Chest CT Scans with COVID-19 Related Findings COVID19_1110 1.0/studies/CT-1/study_0464.nii,/kaggle/input/datasets/mathurinache/mosmeddata-chest-ct-scans-with-covid19/MosMedData Chest CT Scans with COVID-19 Related Findings COVID19_1110 1.0/studies/CT-1/study_0464.nii,.nii,study_0464.nii,20.5003
/kaggle/input/datasets,mathurinache/mosmeddata-chest-ct-scans-with-covid19/MosMedData Chest CT Scans with COVID-19 Related Findings COVID19_1110 1.0/studies/CT-1/study_0838.nii,/kaggle/input/datasets/mathurinache/mosmeddata-chest-ct-scans-with-covid19/MosMedData Chest CT Scans with COVID-19 Related Findings COVID19_1110 1.0/studies/CT-1/study_0838.nii,.nii,study_0838.nii,20.5003
/kaggle/input/datasets,mathurinache/mosmeddata-chest-ct-scans-with-covid19/MosMedData Chest CT Scans with COVID-19 Related Findings COVID19_1110 1.0/studies/CT-1/study_0807.nii,/kaggle/input/datasets/mathurinache/mosmeddata-chest-ct-scans-with-covid19/MosMedData Chest CT Scans with COVID-19 Related Findings COVID19_1110 1.0/studies/CT-1/study_0807.nii,.nii,study_0807.nii,20.0003
/kaggle/input/datasets,mathurinache/mosmeddata-chest-ct-scans-with-covid19/MosMedData Chest CT Scans with COVID-19 Related Findings COVID19_1110 1.0/studies/CT-1/study_0751.nii,/kaggle/input/datasets/mathurinache/mosmeddata-chest-ct-scans-with-covid19/MosMedData Chest CT Scans with COVID-19 Related Findings COVID19_1110 1.0/studies/CT-1/study_0751.nii,.nii,study_0751.nii,20.5003
/kaggle/input/datasets,mathurinache/mosmeddata-chest-ct-scans-with-covid19/MosMedData Chest CT Scans with COVID-19 Related Findings COVID19_1110 1.0/studies/CT-1/study_0280.nii,/kaggle/input/datasets/mathurinache/mosmeddata-chest-ct-scans-with-covid19/MosMedData Chest CT Scans with COVID-19 Related Findings COVID19_1110 1.0/studies/CT-1/study_0280.nii,.nii,study_0280.nii,19.0003
/kaggle/input/datasets,mathurinache/mosmeddata-chest-ct-scans-with-covid19/MosMedData Chest CT Scans with COVID-19 Related Findings COVID19_1110 1.0/studies/CT-1/study_0300.nii,/kaggle/input/datasets/mathurinache/mosmeddata-chest-ct-scans-with-covid19/MosMedData Chest CT Scans with COVID-19 Related Findings COVID19_1110 1.0/studies/CT-1/study_0300.nii,.nii,study_0300.nii,20.5003
/kaggle/input/datasets,mathurinache/mosmeddata-chest-ct-scans-with-covid19/MosMedData Chest CT Scans with COVID-19 Related Findings COVID19_1110 1.0/studies/CT-1/study_0777.nii,/kaggle/input/datasets/mathurinache/mosmeddata-chest-ct-scans-with-covid19/MosMedData Chest CT Scans with COVID-19 Related Findings COVID19_1110 1.0/studies/CT-1/study_0777.nii,.nii,study_0777.nii,21.0003
/kaggle/input/datasets,mathurinache/mosmeddata-chest-ct-scans-with-covid19/MosMedData Chest CT Scans with COVID-19 Related Findings COVID19_1110 1.0/studies/CT-1/study_0281.nii,/kaggle/input/datasets/mathurinache/mosmeddata-chest-ct-scans-with-covid19/MosMedData Chest CT Scans with COVID-19 Related Findings COVID19_1110 1.0/studies/CT-1/study_0281.nii,.nii,study_0281.nii,26.5003
/kaggle/input/datasets,mathurinache/mosmeddata-chest-ct-scans-with-covid19/MosMedData Chest CT Scans with COVID-19 Related Findings COVID19_1110 1.0/studies/CT-1/study_0448.nii,/kaggle/input/datasets/mathurinache/mosmeddata-chest-ct-scans-with-covid19/MosMedData Chest CT Scans with COVID-19 Related Findings COVID19_1110 1.0/studies/CT-1/study_0448.nii,.nii,study_0448.nii,18.0003
/kaggle/input/datasets,mathurinache/mosmeddata-chest-ct-scans-with-covid19/MosMedData Chest CT Scans with COVID-19 Related Findings COVID19_1110 1.0/studies/CT-1/study_0309.nii,/kaggle/input/datasets/mathurinache/mosmeddata-chest-ct-scans-with-covid19/MosMedData Chest CT Scans with COVID-19 Related Findings COVID19_1110 1.0/studies/CT-1/study_0309.nii,.nii,study_0309.nii,19.5003
/kaggle/input/datasets,mathurinache/mosmeddata-chest-ct-scans-with-covid19/MosMedData Chest CT Scans with COVID-19 Related Findings COVID19_1110 1.0/studies/CT-1/study_0282.nii,/kaggle/input/datasets/mathurinache/mosmeddata-chest-ct-scans-with-covid19/MosMedData Chest CT Scans with COVID-19 Related Findings COVID19_1110 1.0/studies/CT-1/study_0282.nii,.nii,study_0282.nii,19.0003
/kaggle/input/datasets,mathurinache/mosmeddata-chest-ct-scans-with-covid19/MosMedData Chest CT Scans with COVID-19 Related Findings COVID19_1110 1.0/studies/CT-1/study_0904.nii,/kaggle/input/datasets/mathurinache/mosmeddata-chest-ct-scans-with-covid19/MosMedData Chest CT Scans with COVID-19 Related Findings COVID19_1110 1.0/studies/CT-1/study_0904.nii,.nii,study_0904.nii,22.0003
/kaggle/input/datasets,mathurinache/mosmeddata-chest-ct-scans-with-covid19/MosMedData Chest CT Scans with COVID-19 Related Findings COVID19_1110 1.0/studies/CT-1/study_0574.nii,/kaggle/input/datasets/mathurinache/mosmeddata-chest-ct-scans-with-covid19/MosMedData Chest CT Scans with COVID-19 Related Findings COVID19_1110 1.0/studies/CT-1/study_0574.nii,.nii,study_0574.nii,19.5003
/kaggle/input/datasets,mathurinache/mosmeddata-chest-ct-scans-with-covid19/MosMedData Chest CT Scans with COVID-19 Related Findings COVID19_1110 1.0/studies/CT-1/study_0868.nii,/kaggle/input/datasets/mathurinache/mosmeddata-chest-ct-scans-with-covid19/MosMedData Chest CT Scans with COVID-19 Related Findings COVID19_1110 1.0/studies/CT-1/study_0868.nii,.nii,study_0868.nii,21.5003
/kaggle/input/datasets,mathurinache/mosmeddata-chest-ct-scans-with-covid19/MosMedData Chest CT Scans with COVID-19 Related Findings COVID19_1110 1.0/studies/CT-1/study_0495.nii,/kaggle/input/datasets/mathurinache/mosmeddata-chest-ct-scans-with-covid19/MosMedData Chest CT Scans with COVID-19 Related Findings COVID19_1110 1.0/studies/CT-1/study_0495.nii,.nii,study_0495.nii,17.5003
/kaggle/input/datasets,mathurinache/mosmeddata-chest-ct-scans-with-covid19/MosMedData Chest CT Scans with COVID-19 Related Findings COVID19_1110 1.0/studies/CT-1/study_0758.nii,/kaggle/input/datasets/mathurinache/mosmeddata-chest-ct-scans-with-covid19/MosMedData Chest CT Scans with COVID-19 Related Findings COVID19_1110 1.0/studies/CT-1/study_0758.nii,.nii,study_0758.nii,22.5003
/kaggle/input/datasets,mathurinache/mosmeddata-chest-ct-scans-with-covid19/MosMedData Chest CT Scans with COVID-19 Related Findings COVID19_1110 1.0/studies/CT-1/study_0412.nii,/kaggle/input/datasets/mathurinache/mosmeddata-chest-ct-scans-with-covid19/MosMedData Chest CT Scans with COVID-19 Related Findings COVID19_1110 1.0/studies/CT-1/study_0412.nii,.nii,study_0412.nii,22.5003
/kaggle/input/datasets,mathurinache/mosmeddata-chest-ct-scans-with-covid19/MosMedData Chest CT Scans with COVID-19 Related Findings COVID19_1110 1.0/studies/CT-1/study_0698.nii,/kaggle/input/datasets/mathurinache/mosmeddata-chest-ct-scans-with-covid19/MosMedData Chest CT Scans with COVID-19 Related Findings COVID19_1110 1.0/studies/CT-1/study_0698.nii,.nii,study_0698.nii,21.0003
/kaggle/input/datasets,mathurinache/mosmeddata-chest-ct-scans-with-covid19/MosMedData Chest CT Scans with COVID-19 Related Findings COVID19_1110 1.0/studies/CT-1/study_0410.nii,/kaggle/input/datasets/mathurinache/mosmeddata-chest-ct-scans-with-covid19/MosMedData Chest CT Scans with COVID-19 Related Findings COVID19_1110 1.0/studies/CT-1/study_0410.nii,.nii,study_0410.nii,20.5003
/kaggle/input/datasets,mathurinache/mosmeddata-chest-ct-scans-with-covid19/MosMedData Chest CT Scans with COVID-19 Related Findings COVID19_1110 1.0/studies/CT-1/study_0936.nii,/kaggle/input/datasets/mathurinache/mosmeddata-chest-ct-scans-with-covid19/MosMedData Chest CT Scans with COVID-19 Related Findings COVID19_1110 1.0/studies/CT-1/study_0936.nii,.nii,study_0936.nii,22.5003
/kaggle/input/datasets,mathurinache/mosmeddata-chest-ct-scans-with-covid19/MosMedData Chest CT Scans with COVID-19 Related Findings COVID19_1110 1.0/studies/CT-1/study_0358.nii,/kaggle/input/datasets/mathurinache/mosmeddata-chest-ct-scans-with-covid19/MosMedData Chest CT Scans with COVID-19 Related Findings COVID19_1110 1.0/studies/CT-1/study_0358.nii,.nii,study_0358.nii,16.0003
/kaggle/input/datasets,mathurinache/mosmeddata-chest-ct-scans-with-covid19/MosMedData Chest CT Scans with COVID-19 Related Findings COVID19_1110 1.0/studies/CT-1/study_0857.nii,/kaggle/input/datasets/mathurinache/mosmeddata-chest-ct-scans-with-covid19/MosMedData Chest CT Scans with COVID-19 Related Findings COVID19_1110 1.0/studies/CT-1/study_0857.nii,.nii,study_0857.nii,21.0003
/kaggle/input/datasets,mathurinache/mosmeddata-chest-ct-scans-with-covid19/MosMedData Chest CT Scans with COVID-19 Related Findings COVID19_1110 1.0/studies/CT-1/study_0753.nii,/kaggle/input/datasets/mathurinache/mosmeddata-chest-ct-scans-with-covid19/MosMedData Chest CT Scans with COVID-19 Related Findings COVID19_1110 1.0/studies/CT-1/study_0753.nii,.nii,study_0753.nii,20.0003
/kaggle/input/datasets,mathurinache/mosmeddata-chest-ct-scans-with-covid19/MosMedData Chest CT Scans with COVID-19 Related Findings COVID19_1110 1.0/studies/CT-1/study_0569.nii,/kaggle/input/datasets/mathurinache/mosmeddata-chest-ct-scans-with-covid19/MosMedData Chest CT Scans with COVID-19 Related Findings COVID19_1110 1.0/studies/CT-1/study_0569.nii,.nii,study_0569.nii,22.0003
/kaggle/input/datasets,mathurinache/mosmeddata-chest-ct-scans-with-covid19/MosMedData Chest CT Scans with COVID-19 Related Findings COVID19_1110 1.0/studies/CT-1/study_0390.nii,/kaggle/input/datasets/mathurinache/mosmeddata-chest-ct-scans-with-covid19/MosMedData Chest CT Scans with COVID-19 Related Findings COVID19_1110 1.0/studies/CT-1/study_0390.nii,.nii,study_0390.nii,18.5003
/kaggle/input/datasets,mathurinache/mosmeddata-chest-ct-scans-with-covid19/MosMedData Chest CT Scans with COVID-19 Related Findings COVID19_1110 1.0/studies/CT-1/study_0389.nii,/kaggle/input/datasets/mathurinache/mosmeddata-chest-ct-scans-with-covid19/MosMedData Chest CT Scans with COVID-19 Related Findings COVID19_1110 1.0/studies/CT-1/study_0389.nii,.nii,study_0389.nii,25.0003
/kaggle/input/datasets,mathurinache/mosmeddata-chest-ct-scans-with-covid19/MosMedData Chest CT Scans with COVID-19 Related Findings COVID19_1110 1.0/studies/CT-1/study_0675.nii,/kaggle/input/datasets/mathurinache/mosmeddata-chest-ct-scans-with-covid19/MosMedData Chest CT Scans with COVID-19 Related Findings COVID19_1110 1.0/studies/CT-1/study_0675.nii,.nii,study_0675.nii,20.0003
/kaggle/input/datasets,mathurinache/mosmeddata-chest-ct-scans-with-covid19/MosMedData Chest CT Scans with COVID-19 Related Findings COVID19_1110 1.0/studies/CT-1/study_0327.nii,/kaggle/input/datasets/mathurinache/mosmeddata-chest-ct-scans-with-covid19/MosMedData Chest CT Scans with COVID-19 Related Findings COVID19_1110 1.0/studies/CT-1/study_0327.nii,.nii,study_0327.nii,18.0003
/kaggle/input/datasets,mathurinache/mosmeddata-chest-ct-scans-with-covid19/MosMedData Chest CT Scans with COVID-19 Related Findings COVID19_1110 1.0/studies/CT-1/study_0846.nii,/kaggle/input/datasets/mathurinache/mosmeddata-chest-ct-scans-with-covid19/MosMedData Chest CT Scans with COVID-19 Related Findings COVID19_1110 1.0/studies/CT-1/study_0846.nii,.nii,study_0846.nii,24.0003
/kaggle/input/datasets,mathurinache/mosmeddata-chest-ct-scans-with-covid19/MosMedData Chest CT Scans with COVID-19 Related Findings COVID19_1110 1.0/studies/CT-1/study_0466.nii,/kaggle/input/datasets/mathurinache/mosmeddata-chest-ct-scans-with-covid19/MosMedData Chest CT Scans with COVID-19 Related Findings COVID19_1110 1.0/studies/CT-1/study_0466.nii,.nii,study_0466.nii,20.5003
/kaggle/input/datasets,mathurinache/mosmeddata-chest-ct-scans-with-covid19/MosMedData Chest CT Scans with COVID-19 Related Findings COVID19_1110 1.0/studies/CT-1/study_0326.nii,/kaggle/input/datasets/mathurinache/mosmeddata-chest-ct-scans-with-covid19/MosMedData Chest CT Scans with COVID-19 Related Findings COVID19_1110 1.0/studies/CT-1/study_0326.nii,.nii,study_0326.nii,20.0003
/kaggle/input/datasets,mathurinache/mosmeddata-chest-ct-scans-with-covid19/MosMedData Chest CT Scans with COVID-19 Related Findings COVID19_1110 1.0/studies/CT-1/study_0416.nii,/kaggle/input/datasets/mathurinache/mosmeddata-chest-ct-scans-with-covid19/MosMedData Chest CT Scans with COVID-19 Related Findings COVID19_1110 1.0/studies/CT-1/study_0416.nii,.nii,study_0416.nii,20.5003
/kaggle/input/datasets,mathurinache/mosmeddata-chest-ct-scans-with-covid19/MosMedData Chest CT Scans with COVID-19 Related Findings COVID19_1110 1.0/studies/CT-1/study_0366.nii,/kaggle/input/datasets/mathurinache/mosmeddata-chest-ct-scans-with-covid19/MosMedData Chest CT Scans with COVID-19 Related Findings COVID19_1110 1.0/studies/CT-1/study_0366.nii,.nii,study_0366.nii,22.0003
/kaggle/input/datasets,mathurinache/mosmeddata-chest-ct-scans-with-covid19/MosMedData Chest CT Scans with COVID-19 Related Findings COVID19_1110 1.0/studies/CT-1/study_0267.nii,/kaggle/input/datasets/mathurinache/mosmeddata-chest-ct-scans-with-covid19/MosMedData Chest CT Scans with COVID-19 Related Findings COVID19_1110 1.0/studies/CT-1/study_0267.nii,.nii,study_0267.nii,19.0003
/kaggle/input/datasets,mathurinache/mosmeddata-chest-ct-scans-with-covid19/MosMedData Chest CT Scans with COVID-19 Related Findings COVID19_1110 1.0/studies/CT-1/study_0482.nii,/kaggle/input/datasets/mathurinache/mosmeddata-chest-ct-scans-with-covid19/MosMedData Chest CT Scans with COVID-19 Related Findings COVID19_1110 1.0/studies/CT-1/study_0482.nii,.nii,study_0482.nii,17.0003
/kaggle/input/datasets,mathurinache/mosmeddata-chest-ct-scans-with-covid19/MosMedData Chest CT Scans with COVID-19 Related Findings COVID19_1110 1.0/studies/CT-1/study_0371.nii,/kaggle/input/datasets/mathurinache/mosmeddata-chest-ct-scans-with-covid19/MosMedData Chest CT Scans with COVID-19 Related Findings COVID19_1110 1.0/studies/CT-1/study_0371.nii,.nii,study_0371.nii,19.0003
/kaggle/input/datasets,mathurinache/mosmeddata-chest-ct-scans-with-covid19/MosMedData Chest CT Scans with COVID-19 Related Findings COVID19_1110 1.0/studies/CT-1/study_0786.nii,/kaggle/input/datasets/mathurinache/mosmeddata-chest-ct-scans-with-covid19/MosMedData Chest CT Scans with COVID-19 Related Findings COVID19_1110 1.0/studies/CT-1/study_0786.nii,.nii,study_0786.nii,16.0003
/kaggle/input/datasets,mathurinache/mosmeddata-chest-ct-scans-with-covid19/MosMedData Chest CT Scans with COVID-19 Related Findings COVID19_1110 1.0/studies/CT-1/study_0303.nii,/kaggle/input/datasets/mathurinache/mosmeddata-chest-ct-scans-with-covid19/MosMedData Chest CT Scans with COVID-19 Related Findings COVID19_1110 1.0/studies/CT-1/study_0303.nii,.nii,study_0303.nii,21.5003
/kaggle/input/datasets,mathurinache/mosmeddata-chest-ct-scans-with-covid19/MosMedData Chest CT Scans with COVID-19 Related Findings COVID19_1110 1.0/studies/CT-1/study_0626.nii,/kaggle/input/datasets/mathurinache/mosmeddata-chest-ct-scans-with-covid19/MosMedData Chest CT Scans with COVID-19 Related Findings COVID19_1110 1.0/studies/CT-1/study_0626.nii,.nii,study_0626.nii,18.5003
/kaggle/input/datasets,mathurinache/mosmeddata-chest-ct-scans-with-covid19/MosMedData Chest CT Scans with COVID-19 Related Findings COVID19_1110 1.0/studies/CT-1/study_0532.nii,/kaggle/input/datasets/mathurinache/mosmeddata-chest-ct-scans-with-covid19/MosMedData Chest CT Scans with COVID-19 Related Findings COVID19_1110 1.0/studies/CT-1/study_0532.nii,.nii,study_0532.nii,19.5003
/kaggle/input/datasets,mathurinache/mosmeddata-chest-ct-scans-with-covid19/MosMedData Chest CT Scans with COVID-19 Related Findings COVID19_1110 1.0/studies/CT-1/study_0734.nii,/kaggle/input/datasets/mathurinache/mosmeddata-chest-ct-scans-with-covid19/MosMedData Chest CT Scans with COVID-19 Related Findings COVID19_1110 1.0/studies/CT-1/study_0734.nii,.nii,study_0734.nii,22.0003
/kaggle/input/datasets,mathurinache/mosmeddata-chest-ct-scans-with-covid19/MosMedData Chest CT Scans with COVID-19 Related Findings COVID19_1110 1.0/studies/CT-1/study_0727.nii,/kaggle/input/datasets/mathurinache/mosmeddata-chest-ct-scans-with-covid19/MosMedData Chest CT Scans with COVID-19 Related Findings COVID19_1110 1.0/studies/CT-1/study_0727.nii,.nii,study_0727.nii,20.0003
/kaggle/input/datasets,mathurinache/mosmeddata-chest-ct-scans-with-covid19/MosMedData Chest CT Scans with COVID-19 Related Findings COVID19_1110 1.0/studies/CT-1/study_0640.nii,/kaggle/input/datasets/mathurinache/mosmeddata-chest-ct-scans-with-covid19/MosMedData Chest CT Scans with COVID-19 Related Findings COVID19_1110 1.0/studies/CT-1/study_0640.nii,.nii,study_0640.nii,20.0003
/kaggle/input/datasets,mathurinache/mosmeddata-chest-ct-scans-with-covid19/MosMedData Chest CT Scans with COVID-19 Related Findings COVID19_1110 1.0/studies/CT-1/study_0712.nii,/kaggle/input/datasets/mathurinache/mosmeddata-chest-ct-scans-with-covid19/MosMedData Chest CT Scans with COVID-19 Related Findings COVID19_1110 1.0/studies/CT-1/study_0712.nii,.nii,study_0712.nii,19.0003
/kaggle/input/datasets,mathurinache/mosmeddata-chest-ct-scans-with-covid19/MosMedData Chest CT Scans with COVID-19 Related Findings COVID19_1110 1.0/studies/CT-1/study_0638.nii,/kaggle/input/datasets/mathurinache/mosmeddata-chest-ct-scans-with-covid19/MosMedData Chest CT Scans with COVID-19 Related Findings COVID19_1110 1.0/studies/CT-1/study_0638.nii,.nii,study_0638.nii,19.0003
/kaggle/input/datasets,mathurinache/mosmeddata-chest-ct-scans-with-covid19/MosMedData Chest CT Scans with COVID-19 Related Findings COVID19_1110 1.0/studies/CT-1/study_0450.nii,/kaggle/input/datasets/mathurinache/mosmeddata-chest-ct-scans-with-covid19/MosMedData Chest CT Scans with COVID-19 Related Findings COVID19_1110 1.0/studies/CT-1/study_0450.nii,.nii,study_0450.nii,19.0003
/kaggle/input/datasets,mathurinache/mosmeddata-chest-ct-scans-with-covid19/MosMedData Chest CT Scans with COVID-19 Related Findings COVID19_1110 1.0/studies/CT-1/study_0497.nii,/kaggle/input/datasets/mathurinache/mosmeddata-chest-ct-scans-with-covid19/MosMedData Chest CT Scans with COVID-19 Related Findings COVID19_1110 1.0/studies/CT-1/study_0497.nii,.nii,study_0497.nii,22.0003
/kaggle/input/datasets,mathurinache/mosmeddata-chest-ct-scans-with-covid19/MosMedData Chest CT Scans with COVID-19 Related Findings COVID19_1110 1.0/studies/CT-1/study_0566.nii,/kaggle/input/datasets/mathurinache/mosmeddata-chest-ct-scans-with-covid19/MosMedData Chest CT Scans with COVID-19 Related Findings COVID19_1110 1.0/studies/CT-1/study_0566.nii,.nii,study_0566.nii,21.0003
/kaggle/input/datasets,mathurinache/mosmeddata-chest-ct-scans-with-covid19/MosMedData Chest CT Scans with COVID-19 Related Findings COVID19_1110 1.0/studies/CT-1/study_0269.nii,/kaggle/input/datasets/mathurinache/mosmeddata-chest-ct-scans-with-covid19/MosMedData Chest CT Scans with COVID-19 Related Findings COVID19_1110 1.0/studies/CT-1/study_0269.nii,.nii,study_0269.nii,21.0003
/kaggle/input/datasets,mathurinache/mosmeddata-chest-ct-scans-with-covid19/MosMedData Chest CT Scans with COVID-19 Related Findings COVID19_1110 1.0/studies/CT-1/study_0823.nii,/kaggle/input/datasets/mathurinache/mosmeddata-chest-ct-scans-with-covid19/MosMedData Chest CT Scans with COVID-19 Related Findings COVID19_1110 1.0/studies/CT-1/study_0823.nii,.nii,study_0823.nii,22.5003
/kaggle/input/datasets,mathurinache/mosmeddata-chest-ct-scans-with-covid19/MosMedData Chest CT Scans with COVID-19 Related Findings COVID19_1110 1.0/studies/CT-1/study_0429.nii,/kaggle/input/datasets/mathurinache/mosmeddata-chest-ct-scans-with-covid19/MosMedData Chest CT Scans with COVID-19 Related Findings COVID19_1110 1.0/studies/CT-1/study_0429.nii,.nii,study_0429.nii,22.5003
/kaggle/input/datasets,mathurinache/mosmeddata-chest-ct-scans-with-covid19/MosMedData Chest CT Scans with COVID-19 Related Findings COVID19_1110 1.0/studies/CT-1/study_0617.nii,/kaggle/input/datasets/mathurinache/mosmeddata-chest-ct-scans-with-covid19/MosMedData Chest CT Scans with COVID-19 Related Findings COVID19_1110 1.0/studies/CT-1/study_0617.nii,.nii,study_0617.nii,20.5003
/kaggle/input/datasets,mathurinache/mosmeddata-chest-ct-scans-with-covid19/MosMedData Chest CT Scans with COVID-19 Related Findings COVID19_1110 1.0/studies/CT-1/study_0508.nii,/kaggle/input/datasets/mathurinache/mosmeddata-chest-ct-scans-with-covid19/MosMedData Chest CT Scans with COVID-19 Related Findings COVID19_1110 1.0/studies/CT-1/study_0508.nii,.nii,study_0508.nii,18.0003
/kaggle/input/datasets,mathurinache/mosmeddata-chest-ct-scans-with-covid19/MosMedData Chest CT Scans with COVID-19 Related Findings COVID19_1110 1.0/studies/CT-1/study_0790.nii,/kaggle/input/datasets/mathurinache/mosmeddata-chest-ct-scans-with-covid19/MosMedData Chest CT Scans with COVID-19 Related Findings COVID19_1110 1.0/studies/CT-1/study_0790.nii,.nii,study_0790.nii,20.5003
/kaggle/input/datasets,mathurinache/mosmeddata-chest-ct-scans-with-covid19/MosMedData Chest CT Scans with COVID-19 Related Findings COVID19_1110 1.0/studies/CT-1/study_0396.nii,/kaggle/input/datasets/mathurinache/mosmeddata-chest-ct-scans-with-covid19/MosMedData Chest CT Scans with COVID-19 Related Findings COVID19_1110 1.0/studies/CT-1/study_0396.nii,.nii,study_0396.nii,20.5003
/kaggle/input/datasets,mathurinache/mosmeddata-chest-ct-scans-with-covid19/MosMedData Chest CT Scans with COVID-19 Related Findings COVID19_1110 1.0/studies/CT-1/study_0261.nii,/kaggle/input/datasets/mathurinache/mosmeddata-chest-ct-scans-with-covid19/MosMedData Chest CT Scans with COVID-19 Related Findings COVID19_1110 1.0/studies/CT-1/study_0261.nii,.nii,study_0261.nii,20.5003
/kaggle/input/datasets,mathurinache/mosmeddata-chest-ct-scans-with-covid19/MosMedData Chest CT Scans with COVID-19 Related Findings COVID19_1110 1.0/studies/CT-1/study_0487.nii,/kaggle/input/datasets/mathurinache/mosmeddata-chest-ct-scans-with-covid19/MosMedData Chest CT Scans with COVID-19 Related Findings COVID19_1110 1.0/studies/CT-1/study_0487.nii,.nii,study_0487.nii,22.5003
/kaggle/input/datasets,mathurinache/mosmeddata-chest-ct-scans-with-covid19/MosMedData Chest CT Scans with COVID-19 Related Findings COVID19_1110 1.0/studies/CT-1/study_0423.nii,/kaggle/input/datasets/mathurinache/mosmeddata-chest-ct-scans-with-covid19/MosMedData Chest CT Scans with COVID-19 Related Findings COVID19_1110 1.0/studies/CT-1/study_0423.nii,.nii,study_0423.nii,23.0003
/kaggle/input/datasets,mathurinache/mosmeddata-chest-ct-scans-with-covid19/MosMedData Chest CT Scans with COVID-19 Related Findings COVID19_1110 1.0/studies/CT-1/study_0359.nii,/kaggle/input/datasets/mathurinache/mosmeddata-chest-ct-scans-with-covid19/MosMedData Chest CT Scans with COVID-19 Related Findings COVID19_1110 1.0/studies/CT-1/study_0359.nii,.nii,study_0359.nii,20.0003
/kaggle/input/datasets,mathurinache/mosmeddata-chest-ct-scans-with-covid19/MosMedData Chest CT Scans with COVID-19 Related Findings COVID19_1110 1.0/studies/CT-1/study_0484.nii,/kaggle/input/datasets/mathurinache/mosmeddata-chest-ct-scans-with-covid19/MosMedData Chest CT Scans with COVID-19 Related Findings COVID19_1110 1.0/studies/CT-1/study_0484.nii,.nii,study_0484.nii,19.0003
/kaggle/input/datasets,mathurinache/mosmeddata-chest-ct-scans-with-covid19/MosMedData Chest CT Scans with COVID-19 Related Findings COVID19_1110 1.0/studies/CT-1/study_0274.nii,/kaggle/input/datasets/mathurinache/mosmeddata-chest-ct-scans-with-covid19/MosMedData Chest CT Scans with COVID-19 Related Findings COVID19_1110 1.0/studies/CT-1/study_0274.nii,.nii,study_0274.nii,20.5003
/kaggle/input/datasets,mathurinache/mosmeddata-chest-ct-scans-with-covid19/MosMedData Chest CT Scans with COVID-19 Related Findings COVID19_1110 1.0/studies/CT-1/study_0520.nii,/kaggle/input/datasets/mathurinache/mosmeddata-chest-ct-scans-with-covid19/MosMedData Chest CT Scans with COVID-19 Related Findings COVID19_1110 1.0/studies/CT-1/study_0520.nii,.nii,study_0520.nii,22.5003
/kaggle/input/datasets,mathurinache/mosmeddata-chest-ct-scans-with-covid19/MosMedData Chest CT Scans with COVID-19 Related Findings COVID19_1110 1.0/studies/CT-1/study_0283.nii,/kaggle/input/datasets/mathurinache/mosmeddata-chest-ct-scans-with-covid19/MosMedData Chest CT Scans with COVID-19 Related Findings COVID19_1110 1.0/studies/CT-1/study_0283.nii,.nii,study_0283.nii,20.5003
/kaggle/input/datasets,mathurinache/mosmeddata-chest-ct-scans-with-covid19/MosMedData Chest CT Scans with COVID-19 Related Findings COVID19_1110 1.0/studies/CT-1/study_0824.nii,/kaggle/input/datasets/mathurinache/mosmeddata-chest-ct-scans-with-covid19/MosMedData Chest CT Scans with COVID-19 Related Findings COVID19_1110 1.0/studies/CT-1/study_0824.nii,.nii,study_0824.nii,23.5003
/kaggle/input/datasets,mathurinache/mosmeddata-chest-ct-scans-with-covid19/MosMedData Chest CT Scans with COVID-19 Related Findings COVID19_1110 1.0/studies/CT-1/study_0348.nii,/kaggle/input/datasets/mathurinache/mosmeddata-chest-ct-scans-with-covid19/MosMedData Chest CT Scans with COVID-19 Related Findings COVID19_1110 1.0/studies/CT-1/study_0348.nii,.nii,study_0348.nii,20.0003
/kaggle/input/datasets,mathurinache/mosmeddata-chest-ct-scans-with-covid19/MosMedData Chest CT Scans with COVID-19 Related Findings COVID19_1110 1.0/studies/CT-1/study_0661.nii,/kaggle/input/datasets/mathurinache/mosmeddata-chest-ct-scans-with-covid19/MosMedData Chest CT Scans with COVID-19 Related Findings COVID19_1110 1.0/studies/CT-1/study_0661.nii,.nii,study_0661.nii,16.5003
/kaggle/input/datasets,mathurinache/mosmeddata-chest-ct-scans-with-covid19/MosMedData Chest CT Scans with COVID-19 Related Findings COVID19_1110 1.0/studies/CT-1/study_0745.nii,/kaggle/input/datasets/mathurinache/mosmeddata-chest-ct-scans-with-covid19/MosMedData Chest CT Scans with COVID-19 Related Findings COVID19_1110 1.0/studies/CT-1/study_0745.nii,.nii,study_0745.nii,21.5003
/kaggle/input/datasets,mathurinache/mosmeddata-chest-ct-scans-with-covid19/MosMedData Chest CT Scans with COVID-19 Related Findings COVID19_1110 1.0/studies/CT-1/study_0589.nii,/kaggle/input/datasets/mathurinache/mosmeddata-chest-ct-scans-with-covid19/MosMedData Chest CT Scans with COVID-19 Related Findings COVID19_1110 1.0/studies/CT-1/study_0589.nii,.nii,study_0589.nii,23.0003
/kaggle/input/datasets,mathurinache/mosmeddata-chest-ct-scans-with-covid19/MosMedData Chest CT Scans with COVID-19 Related Findings COVID19_1110 1.0/studies/CT-1/study_0270.nii,/kaggle/input/datasets/mathurinache/mosmeddata-chest-ct-scans-with-covid19/MosMedData Chest CT Scans with COVID-19 Related Findings COVID19_1110 1.0/studies/CT-1/study_0270.nii,.nii,study_0270.nii,23.0003
/kaggle/input/datasets,mathurinache/mosmeddata-chest-ct-scans-with-covid19/MosMedData Chest CT Scans with COVID-19 Related Findings COVID19_1110 1.0/studies/CT-1/study_0365.nii,/kaggle/input/datasets/mathurinache/mosmeddata-chest-ct-scans-with-covid19/MosMedData Chest CT Scans with COVID-19 Related Findings COVID19_1110 1.0/studies/CT-1/study_0365.nii,.nii,study_0365.nii,22.5003
/kaggle/input/datasets,mathurinache/mosmeddata-chest-ct-scans-with-covid19/MosMedData Chest CT Scans with COVID-19 Related Findings COVID19_1110 1.0/studies/CT-1/study_0279.nii,/kaggle/input/datasets/mathurinache/mosmeddata-chest-ct-scans-with-covid19/MosMedData Chest CT Scans with COVID-19 Related Findings COVID19_1110 1.0/studies/CT-1/study_0279.nii,.nii,study_0279.nii,20.5003
/kaggle/input/datasets,mathurinache/mosmeddata-chest-ct-scans-with-covid19/MosMedData Chest CT Scans with COVID-19 Related Findings COVID19_1110 1.0/studies/CT-1/study_0447.nii,/kaggle/input/datasets/mathurinache/mosmeddata-chest-ct-scans-with-covid19/MosMedData Chest CT Scans with COVID-19 Related Findings COVID19_1110 1.0/studies/CT-1/study_0447.nii,.nii,study_0447.nii,19.0003
/kaggle/input/datasets,mathurinache/mosmeddata-chest-ct-scans-with-covid19/MosMedData Chest CT Scans with COVID-19 Related Findings COVID19_1110 1.0/studies/CT-1/study_0845.nii,/kaggle/input/datasets/mathurinache/mosmeddata-chest-ct-scans-with-covid19/MosMedData Chest CT Scans with COVID-19 Related Findings COVID19_1110 1.0/studies/CT-1/study_0845.nii,.nii,study_0845.nii,22.0003
/kaggle/input/datasets,mathurinache/mosmeddata-chest-ct-scans-with-covid19/MosMedData Chest CT Scans with COVID-19 Related Findings COVID19_1110 1.0/studies/CT-1/study_0850.nii,/kaggle/input/datasets/mathurinache/mosmeddata-chest-ct-scans-with-covid19/MosMedData Chest CT Scans with COVID-19 Related Findings COVID19_1110 1.0/studies/CT-1/study_0850.nii,.nii,study_0850.nii,17.5003
/kaggle/input/datasets,mathurinache/mosmeddata-chest-ct-scans-with-covid19/MosMedData Chest CT Scans with COVID-19 Related Findings COVID19_1110 1.0/studies/CT-1/study_0446.nii,/kaggle/input/datasets/mathurinache/mosmeddata-chest-ct-scans-with-covid19/MosMedData Chest CT Scans with COVID-19 Related Findings COVID19_1110 1.0/studies/CT-1/study_0446.nii,.nii,study_0446.nii,18.0003
/kaggle/input/datasets,mathurinache/mosmeddata-chest-ct-scans-with-covid19/MosMedData Chest CT Scans with COVID-19 Related Findings COVID19_1110 1.0/studies/CT-1/study_0624.nii,/kaggle/input/datasets/mathurinache/mosmeddata-chest-ct-scans-with-covid19/MosMedData Chest CT Scans with COVID-19 Related Findings COVID19_1110 1.0/studies/CT-1/study_0624.nii,.nii,study_0624.nii,20.0003
/kaggle/input/datasets,mathurinache/mosmeddata-chest-ct-scans-with-covid19/MosMedData Chest CT Scans with COVID-19 Related Findings COVID19_1110 1.0/studies/CT-1/study_0369.nii,/kaggle/input/datasets/mathurinache/mosmeddata-chest-ct-scans-with-covid19/MosMedData Chest CT Scans with COVID-19 Related Findings COVID19_1110 1.0/studies/CT-1/study_0369.nii,.nii,study_0369.nii,20.5003
/kaggle/input/datasets,mathurinache/mosmeddata-chest-ct-scans-with-covid19/MosMedData Chest CT Scans with COVID-19 Related Findings COVID19_1110 1.0/studies/CT-1/study_0349.nii,/kaggle/input/datasets/mathurinache/mosmeddata-chest-ct-scans-with-covid19/MosMedData Chest CT Scans with COVID-19 Related Findings COVID19_1110 1.0/studies/CT-1/study_0349.nii,.nii,study_0349.nii,22.5003
/kaggle/input/datasets,mathurinache/mosmeddata-chest-ct-scans-with-covid19/MosMedData Chest CT Scans with COVID-19 Related Findings COVID19_1110 1.0/studies/CT-1/study_0669.nii,/kaggle/input/datasets/mathurinache/mosmeddata-chest-ct-scans-with-covid19/MosMedData Chest CT Scans with COVID-19 Related Findings COVID19_1110 1.0/studies/CT-1/study_0669.nii,.nii,study_0669.nii,22.5003
/kaggle/input/datasets,mathurinache/mosmeddata-chest-ct-scans-with-covid19/MosMedData Chest CT Scans with COVID-19 Related Findings COVID19_1110 1.0/studies/CT-1/study_0596.nii,/kaggle/input/datasets/mathurinache/mosmeddata-chest-ct-scans-with-covid19/MosMedData Chest CT Scans with COVID-19 Related Findings COVID19_1110 1.0/studies/CT-1/study_0596.nii,.nii,study_0596.nii,20.0003
/kaggle/input/datasets,mathurinache/mosmeddata-chest-ct-scans-with-covid19/MosMedData Chest CT Scans with COVID-19 Related Findings COVID19_1110 1.0/studies/CT-1/study_0440.nii,/kaggle/input/datasets/mathurinache/mosmeddata-chest-ct-scans-with-covid19/MosMedData Chest CT Scans with COVID-19 Related Findings COVID19_1110 1.0/studies/CT-1/study_0440.nii,.nii,study_0440.nii,22.0003
/kaggle/input/datasets,mathurinache/mosmeddata-chest-ct-scans-with-covid19/MosMedData Chest CT Scans with COVID-19 Related Findings COVID19_1110 1.0/studies/CT-1/study_0592.nii,/kaggle/input/datasets/mathurinache/mosmeddata-chest-ct-scans-with-covid19/MosMedData Chest CT Scans with COVID-19 Related Findings COVID19_1110 1.0/studies/CT-1/study_0592.nii,.nii,study_0592.nii,20.0003
/kaggle/input/datasets,mathurinache/mosmeddata-chest-ct-scans-with-covid19/MosMedData Chest CT Scans with COVID-19 Related Findings COVID19_1110 1.0/studies/CT-1/study_0320.nii,/kaggle/input/datasets/mathurinache/mosmeddata-chest-ct-scans-with-covid19/MosMedData Chest CT Scans with COVID-19 Related Findings COVID19_1110 1.0/studies/CT-1/study_0320.nii,.nii,study_0320.nii,20.0003
/kaggle/input/datasets,mathurinache/mosmeddata-chest-ct-scans-with-covid19/MosMedData Chest CT Scans with COVID-19 Related Findings COVID19_1110 1.0/studies/CT-1/study_0664.nii,/kaggle/input/datasets/mathurinache/mosmeddata-chest-ct-scans-with-covid19/MosMedData Chest CT Scans with COVID-19 Related Findings COVID19_1110 1.0/studies/CT-1/study_0664.nii,.nii,study_0664.nii,24.5003
/kaggle/input/datasets,mathurinache/mosmeddata-chest-ct-scans-with-covid19/MosMedData Chest CT Scans with COVID-19 Related Findings COVID19_1110 1.0/studies/CT-1/study_0780.nii,/kaggle/input/datasets/mathurinache/mosmeddata-chest-ct-scans-with-covid19/MosMedData Chest CT Scans with COVID-19 Related Findings COVID19_1110 1.0/studies/CT-1/study_0780.nii,.nii,study_0780.nii,20.5003
/kaggle/input/datasets,mathurinache/mosmeddata-chest-ct-scans-with-covid19/MosMedData Chest CT Scans with COVID-19 Related Findings COVID19_1110 1.0/studies/CT-1/study_0810.nii,/kaggle/input/datasets/mathurinache/mosmeddata-chest-ct-scans-with-covid19/MosMedData Chest CT Scans with COVID-19 Related Findings COVID19_1110 1.0/studies/CT-1/study_0810.nii,.nii,study_0810.nii,20.5003
/kaggle/input/datasets,mathurinache/mosmeddata-chest-ct-scans-with-covid19/MosMedData Chest CT Scans with COVID-19 Related Findings COVID19_1110 1.0/studies/CT-1/study_0397.nii,/kaggle/input/datasets/mathurinache/mosmeddata-chest-ct-scans-with-covid19/MosMedData Chest CT Scans with COVID-19 Related Findings COVID19_1110 1.0/studies/CT-1/study_0397.nii,.nii,study_0397.nii,18.5003
/kaggle/input/datasets,mathurinache/mosmeddata-chest-ct-scans-with-covid19/MosMedData Chest CT Scans with COVID-19 Related Findings COVID19_1110 1.0/studies/CT-1/study_0386.nii,/kaggle/input/datasets/mathurinache/mosmeddata-chest-ct-scans-with-covid19/MosMedData Chest CT Scans with COVID-19 Related Findings COVID19_1110 1.0/studies/CT-1/study_0386.nii,.nii,study_0386.nii,21.5003
/kaggle/input/datasets,mathurinache/mosmeddata-chest-ct-scans-with-covid19/MosMedData Chest CT Scans with COVID-19 Related Findings COVID19_1110 1.0/studies/CT-1/study_0426.nii,/kaggle/input/datasets/mathurinache/mosmeddata-chest-ct-scans-with-covid19/MosMedData Chest CT Scans with COVID-19 Related Findings COVID19_1110 1.0/studies/CT-1/study_0426.nii,.nii,study_0426.nii,17.5003
/kaggle/input/datasets,mathurinache/mosmeddata-chest-ct-scans-with-covid19/MosMedData Chest CT Scans with COVID-19 Related Findings COVID19_1110 1.0/studies/CT-1/study_0575.nii,/kaggle/input/datasets/mathurinache/mosmeddata-chest-ct-scans-with-covid19/MosMedData Chest CT Scans with COVID-19 Related Findings COVID19_1110 1.0/studies/CT-1/study_0575.nii,.nii,study_0575.nii,20.0003
/kaggle/input/datasets,mathurinache/mosmeddata-chest-ct-scans-with-covid19/MosMedData Chest CT Scans with COVID-19 Related Findings COVID19_1110 1.0/studies/CT-1/study_0571.nii,/kaggle/input/datasets/mathurinache/mosmeddata-chest-ct-scans-with-covid19/MosMedData Chest CT Scans with COVID-19 Related Findings COVID19_1110 1.0/studies/CT-1/study_0571.nii,.nii,study_0571.nii,18.0003
/kaggle/input/datasets,mathurinache/mosmeddata-chest-ct-scans-with-covid19/MosMedData Chest CT Scans with COVID-19 Related Findings COVID19_1110 1.0/studies/CT-1/study_0338.nii,/kaggle/input/datasets/mathurinache/mosmeddata-chest-ct-scans-with-covid19/MosMedData Chest CT Scans with COVID-19 Related Findings COVID19_1110 1.0/studies/CT-1/study_0338.nii,.nii,study_0338.nii,19.0003
/kaggle/input/datasets,mathurinache/mosmeddata-chest-ct-scans-with-covid19/MosMedData Chest CT Scans with COVID-19 Related Findings COVID19_1110 1.0/studies/CT-1/study_0516.nii,/kaggle/input/datasets/mathurinache/mosmeddata-chest-ct-scans-with-covid19/MosMedData Chest CT Scans with COVID-19 Related Findings COVID19_1110 1.0/studies/CT-1/study_0516.nii,.nii,study_0516.nii,20.5003
/kaggle/input/datasets,mathurinache/mosmeddata-chest-ct-scans-with-covid19/MosMedData Chest CT Scans with COVID-19 Related Findings COVID19_1110 1.0/studies/CT-1/study_0831.nii,/kaggle/input/datasets/mathurinache/mosmeddata-chest-ct-scans-with-covid19/MosMedData Chest CT Scans with COVID-19 Related Findings COVID19_1110 1.0/studies/CT-1/study_0831.nii,.nii,study_0831.nii,21.5003
/kaggle/input/datasets,mathurinache/mosmeddata-chest-ct-scans-with-covid19/MosMedData Chest CT Scans with COVID-19 Related Findings COVID19_1110 1.0/studies/CT-1/study_0570.nii,/kaggle/input/datasets/mathurinache/mosmeddata-chest-ct-scans-with-covid19/MosMedData Chest CT Scans with COVID-19 Related Findings COVID19_1110 1.0/studies/CT-1/study_0570.nii,.nii,study_0570.nii,18.5003
/kaggle/input/datasets,mathurinache/mosmeddata-chest-ct-scans-with-covid19/MosMedData Chest CT Scans with COVID-19 Related Findings COVID19_1110 1.0/studies/CT-1/study_0560.nii,/kaggle/input/datasets/mathurinache/mosmeddata-chest-ct-scans-with-covid19/MosMedData Chest CT Scans with COVID-19 Related Findings COVID19_1110 1.0/studies/CT-1/study_0560.nii,.nii,study_0560.nii,20.0003
/kaggle/input/datasets,mathurinache/mosmeddata-chest-ct-scans-with-covid19/MosMedData Chest CT Scans with COVID-19 Related Findings COVID19_1110 1.0/studies/CT-1/study_0331.nii,/kaggle/input/datasets/mathurinache/mosmeddata-chest-ct-scans-with-covid19/MosMedData Chest CT Scans with COVID-19 Related Findings COVID19_1110 1.0/studies/CT-1/study_0331.nii,.nii,study_0331.nii,20.5003
/kaggle/input/datasets,mathurinache/mosmeddata-chest-ct-scans-with-covid19/MosMedData Chest CT Scans with COVID-19 Related Findings COVID19_1110 1.0/studies/CT-1/study_0255.nii,/kaggle/input/datasets/mathurinache/mosmeddata-chest-ct-scans-with-covid19/MosMedData Chest CT Scans with COVID-19 Related Findings COVID19_1110 1.0/studies/CT-1/study_0255.nii,.nii,study_0255.nii,19.0003
/kaggle/input/datasets,mathurinache/mosmeddata-chest-ct-scans-with-covid19/MosMedData Chest CT Scans with COVID-19 Related Findings COVID19_1110 1.0/studies/CT-1/study_0639.nii,/kaggle/input/datasets/mathurinache/mosmeddata-chest-ct-scans-with-covid19/MosMedData Chest CT Scans with COVID-19 Related Findings COVID19_1110 1.0/studies/CT-1/study_0639.nii,.nii,study_0639.nii,19.0003
/kaggle/input/datasets,mathurinache/mosmeddata-chest-ct-scans-with-covid19/MosMedData Chest CT Scans with COVID-19 Related Findings COVID19_1110 1.0/studies/CT-1/study_0632.nii,/kaggle/input/datasets/mathurinache/mosmeddata-chest-ct-scans-with-covid19/MosMedData Chest CT Scans with COVID-19 Related Findings COVID19_1110 1.0/studies/CT-1/study_0632.nii,.nii,study_0632.nii,23.0003
/kaggle/input/datasets,mathurinache/mosmeddata-chest-ct-scans-with-covid19/MosMedData Chest CT Scans with COVID-19 Related Findings COVID19_1110 1.0/studies/CT-1/study_0665.nii,/kaggle/input/datasets/mathurinache/mosmeddata-chest-ct-scans-with-covid19/MosMedData Chest CT Scans with COVID-19 Related Findings COVID19_1110 1.0/studies/CT-1/study_0665.nii,.nii,study_0665.nii,21.5003
/kaggle/input/datasets,mathurinache/mosmeddata-chest-ct-scans-with-covid19/MosMedData Chest CT Scans with COVID-19 Related Findings COVID19_1110 1.0/studies/CT-1/study_0529.nii,/kaggle/input/datasets/mathurinache/mosmeddata-chest-ct-scans-with-covid19/MosMedData Chest CT Scans with COVID-19 Related Findings COVID19_1110 1.0/studies/CT-1/study_0529.nii,.nii,study_0529.nii,19.5003
/kaggle/input/datasets,mathurinache/mosmeddata-chest-ct-scans-with-covid19/MosMedData Chest CT Scans with COVID-19 Related Findings COVID19_1110 1.0/studies/CT-1/study_0708.nii,/kaggle/input/datasets/mathurinache/mosmeddata-chest-ct-scans-with-covid19/MosMedData Chest CT Scans with COVID-19 Related Findings COVID19_1110 1.0/studies/CT-1/study_0708.nii,.nii,study_0708.nii,23.0003
/kaggle/input/datasets,mathurinache/mosmeddata-chest-ct-scans-with-covid19/MosMedData Chest CT Scans with COVID-19 Related Findings COVID19_1110 1.0/studies/CT-1/study_0406.nii,/kaggle/input/datasets/mathurinache/mosmeddata-chest-ct-scans-with-covid19/MosMedData Chest CT Scans with COVID-19 Related Findings COVID19_1110 1.0/studies/CT-1/study_0406.nii,.nii,study_0406.nii,20.5003
/kaggle/input/datasets,mathurinache/mosmeddata-chest-ct-scans-with-covid19/MosMedData Chest CT Scans with COVID-19 Related Findings COVID19_1110 1.0/studies/CT-1/study_0692.nii,/kaggle/input/datasets/mathurinache/mosmeddata-chest-ct-scans-with-covid19/MosMedData Chest CT Scans with COVID-19 Related Findings COVID19_1110 1.0/studies/CT-1/study_0692.nii,.nii,study_0692.nii,19.0003
/kaggle/input/datasets,mathurinache/mosmeddata-chest-ct-scans-with-covid19/MosMedData Chest CT Scans with COVID-19 Related Findings COVID19_1110 1.0/studies/CT-1/study_0514.nii,/kaggle/input/datasets/mathurinache/mosmeddata-chest-ct-scans-with-covid19/MosMedData Chest CT Scans with COVID-19 Related Findings COVID19_1110 1.0/studies/CT-1/study_0514.nii,.nii,study_0514.nii,20.5003
/kaggle/input/datasets,mathurinache/mosmeddata-chest-ct-scans-with-covid19/MosMedData Chest CT Scans with COVID-19 Related Findings COVID19_1110 1.0/studies/CT-1/study_0716.nii,/kaggle/input/datasets/mathurinache/mosmeddata-chest-ct-scans-with-covid19/MosMedData Chest CT Scans with COVID-19 Related Findings COVID19_1110 1.0/studies/CT-1/study_0716.nii,.nii,study_0716.nii,17.5003
/kaggle/input/datasets,mathurinache/mosmeddata-chest-ct-scans-with-covid19/MosMedData Chest CT Scans with COVID-19 Related Findings COVID19_1110 1.0/studies/CT-1/study_0341.nii,/kaggle/input/datasets/mathurinache/mosmeddata-chest-ct-scans-with-covid19/MosMedData Chest CT Scans with COVID-19 Related Findings COVID19_1110 1.0/studies/CT-1/study_0341.nii,.nii,study_0341.nii,22.5003
/kaggle/input/datasets,mathurinache/mosmeddata-chest-ct-scans-with-covid19/MosMedData Chest CT Scans with COVID-19 Related Findings COVID19_1110 1.0/studies/CT-1/study_0761.nii,/kaggle/input/datasets/mathurinache/mosmeddata-chest-ct-scans-with-covid19/MosMedData Chest CT Scans with COVID-19 Related Findings COVID19_1110 1.0/studies/CT-1/study_0761.nii,.nii,study_0761.nii,20.0003
/kaggle/input/datasets,mathurinache/mosmeddata-chest-ct-scans-with-covid19/MosMedData Chest CT Scans with COVID-19 Related Findings COVID19_1110 1.0/studies/CT-1/study_0720.nii,/kaggle/input/datasets/mathurinache/mosmeddata-chest-ct-scans-with-covid19/MosMedData Chest CT Scans with COVID-19 Related Findings COVID19_1110 1.0/studies/CT-1/study_0720.nii,.nii,study_0720.nii,22.5003
/kaggle/input/datasets,mathurinache/mosmeddata-chest-ct-scans-with-covid19/MosMedData Chest CT Scans with COVID-19 Related Findings COVID19_1110 1.0/studies/CT-1/study_0828.nii,/kaggle/input/datasets/mathurinache/mosmeddata-chest-ct-scans-with-covid19/MosMedData Chest CT Scans with COVID-19 Related Findings COVID19_1110 1.0/studies/CT-1/study_0828.nii,.nii,study_0828.nii,19.0003
/kaggle/input/datasets,mathurinache/mosmeddata-chest-ct-scans-with-covid19/MosMedData Chest CT Scans with COVID-19 Related Findings COVID19_1110 1.0/studies/CT-1/study_0792.nii,/kaggle/input/datasets/mathurinache/mosmeddata-chest-ct-scans-with-covid19/MosMedData Chest CT Scans with COVID-19 Related Findings COVID19_1110 1.0/studies/CT-1/study_0792.nii,.nii,study_0792.nii,22.5003
/kaggle/input/datasets,mathurinache/mosmeddata-chest-ct-scans-with-covid19/MosMedData Chest CT Scans with COVID-19 Related Findings COVID19_1110 1.0/studies/CT-1/study_0311.nii,/kaggle/input/datasets/mathurinache/mosmeddata-chest-ct-scans-with-covid19/MosMedData Chest CT Scans with COVID-19 Related Findings COVID19_1110 1.0/studies/CT-1/study_0311.nii,.nii,study_0311.nii,20.5003
/kaggle/input/datasets,mathurinache/mosmeddata-chest-ct-scans-with-covid19/MosMedData Chest CT Scans with COVID-19 Related Findings COVID19_1110 1.0/studies/CT-1/study_0731.nii,/kaggle/input/datasets/mathurinache/mosmeddata-chest-ct-scans-with-covid19/MosMedData Chest CT Scans with COVID-19 Related Findings COVID19_1110 1.0/studies/CT-1/study_0731.nii,.nii,study_0731.nii,18.5003
/kaggle/input/datasets,mathurinache/mosmeddata-chest-ct-scans-with-covid19/MosMedData Chest CT Scans with COVID-19 Related Findings COVID19_1110 1.0/studies/CT-1/study_0409.nii,/kaggle/input/datasets/mathurinache/mosmeddata-chest-ct-scans-with-covid19/MosMedData Chest CT Scans with COVID-19 Related Findings COVID19_1110 1.0/studies/CT-1/study_0409.nii,.nii,study_0409.nii,15.5003
/kaggle/input/datasets,mathurinache/mosmeddata-chest-ct-scans-with-covid19/MosMedData Chest CT Scans with COVID-19 Related Findings COVID19_1110 1.0/studies/CT-1/study_0717.nii,/kaggle/input/datasets/mathurinache/mosmeddata-chest-ct-scans-with-covid19/MosMedData Chest CT Scans with COVID-19 Related Findings COVID19_1110 1.0/studies/CT-1/study_0717.nii,.nii,study_0717.nii,23.0003
/kaggle/input/datasets,mathurinache/mosmeddata-chest-ct-scans-with-covid19/MosMedData Chest CT Scans with COVID-19 Related Findings COVID19_1110 1.0/studies/CT-1/study_0905.nii,/kaggle/input/datasets/mathurinache/mosmeddata-chest-ct-scans-with-covid19/MosMedData Chest CT Scans with COVID-19 Related Findings COVID19_1110 1.0/studies/CT-1/study_0905.nii,.nii,study_0905.nii,19.5003
/kaggle/input/datasets,mathurinache/mosmeddata-chest-ct-scans-with-covid19/MosMedData Chest CT Scans with COVID-19 Related Findings COVID19_1110 1.0/studies/CT-1/study_0345.nii,/kaggle/input/datasets/mathurinache/mosmeddata-chest-ct-scans-with-covid19/MosMedData Chest CT Scans with COVID-19 Related Findings COVID19_1110 1.0/studies/CT-1/study_0345.nii,.nii,study_0345.nii,20.0003
/kaggle/input/datasets,mathurinache/mosmeddata-chest-ct-scans-with-covid19/MosMedData Chest CT Scans with COVID-19 Related Findings COVID19_1110 1.0/studies/CT-1/study_0332.nii,/kaggle/input/datasets/mathurinache/mosmeddata-chest-ct-scans-with-covid19/MosMedData Chest CT Scans with COVID-19 Related Findings COVID19_1110 1.0/studies/CT-1/study_0332.nii,.nii,study_0332.nii,17.5003
/kaggle/input/datasets,mathurinache/mosmeddata-chest-ct-scans-with-covid19/MosMedData Chest CT Scans with COVID-19 Related Findings COVID19_1110 1.0/studies/CT-1/study_0808.nii,/kaggle/input/datasets/mathurinache/mosmeddata-chest-ct-scans-with-covid19/MosMedData Chest CT Scans with COVID-19 Related Findings COVID19_1110 1.0/studies/CT-1/study_0808.nii,.nii,study_0808.nii,20.0003
/kaggle/input/datasets,mathurinache/mosmeddata-chest-ct-scans-with-covid19/MosMedData Chest CT Scans with COVID-19 Related Findings COVID19_1110 1.0/studies/CT-1/study_0633.nii,/kaggle/input/datasets/mathurinache/mosmeddata-chest-ct-scans-with-covid19/MosMedData Chest CT Scans with COVID-19 Related Findings COVID19_1110 1.0/studies/CT-1/study_0633.nii,.nii,study_0633.nii,20.5003
/kaggle/input/datasets,mathurinache/mosmeddata-chest-ct-scans-with-covid19/MosMedData Chest CT Scans with COVID-19 Related Findings COVID19_1110 1.0/studies/CT-1/study_0747.nii,/kaggle/input/datasets/mathurinache/mosmeddata-chest-ct-scans-with-covid19/MosMedData Chest CT Scans with COVID-19 Related Findings COVID19_1110 1.0/studies/CT-1/study_0747.nii,.nii,study_0747.nii,25.0003
/kaggle/input/datasets,mathurinache/mosmeddata-chest-ct-scans-with-covid19/MosMedData Chest CT Scans with COVID-19 Related Findings COVID19_1110 1.0/studies/CT-1/study_0730.nii,/kaggle/input/datasets/mathurinache/mosmeddata-chest-ct-scans-with-covid19/MosMedData Chest CT Scans with COVID-19 Related Findings COVID19_1110 1.0/studies/CT-1/study_0730.nii,.nii,study_0730.nii,20.0003
/kaggle/input/datasets,mathurinache/mosmeddata-chest-ct-scans-with-covid19/MosMedData Chest CT Scans with COVID-19 Related Findings COVID19_1110 1.0/studies/CT-1/study_0462.nii,/kaggle/input/datasets/mathurinache/mosmeddata-chest-ct-scans-with-covid19/MosMedData Chest CT Scans with COVID-19 Related Findings COVID19_1110 1.0/studies/CT-1/study_0462.nii,.nii,study_0462.nii,18.0003
/kaggle/input/datasets,mathurinache/mosmeddata-chest-ct-scans-with-covid19/MosMedData Chest CT Scans with COVID-19 Related Findings COVID19_1110 1.0/studies/CT-1/study_0715.nii,/kaggle/input/datasets/mathurinache/mosmeddata-chest-ct-scans-with-covid19/MosMedData Chest CT Scans with COVID-19 Related Findings COVID19_1110 1.0/studies/CT-1/study_0715.nii,.nii,study_0715.nii,20.0003
/kaggle/input/datasets,mathurinache/mosmeddata-chest-ct-scans-with-covid19/MosMedData Chest CT Scans with COVID-19 Related Findings COVID19_1110 1.0/studies/CT-1/study_0513.nii,/kaggle/input/datasets/mathurinache/mosmeddata-chest-ct-scans-with-covid19/MosMedData Chest CT Scans with COVID-19 Related Findings COVID19_1110 1.0/studies/CT-1/study_0513.nii,.nii,study_0513.nii,19.0003
/kaggle/input/datasets,mathurinache/mosmeddata-chest-ct-scans-with-covid19/MosMedData Chest CT Scans with COVID-19 Related Findings COVID19_1110 1.0/studies/CT-1/study_0795.nii,/kaggle/input/datasets/mathurinache/mosmeddata-chest-ct-scans-with-covid19/MosMedData Chest CT Scans with COVID-19 Related Findings COVID19_1110 1.0/studies/CT-1/study_0795.nii,.nii,study_0795.nii,20.5003
/kaggle/input/datasets,mathurinache/mosmeddata-chest-ct-scans-with-covid19/MosMedData Chest CT Scans with COVID-19 Related Findings COVID19_1110 1.0/studies/CT-1/study_0815.nii,/kaggle/input/datasets/mathurinache/mosmeddata-chest-ct-scans-with-covid19/MosMedData Chest CT Scans with COVID-19 Related Findings COVID19_1110 1.0/studies/CT-1/study_0815.nii,.nii,study_0815.nii,15.5003
/kaggle/input/datasets,mathurinache/mosmeddata-chest-ct-scans-with-covid19/MosMedData Chest CT Scans with COVID-19 Related Findings COVID19_1110 1.0/studies/CT-1/study_0663.nii,/kaggle/input/datasets/mathurinache/mosmeddata-chest-ct-scans-with-covid19/MosMedData Chest CT Scans with COVID-19 Related Findings COVID19_1110 1.0/studies/CT-1/study_0663.nii,.nii,study_0663.nii,18.0003
/kaggle/input/datasets,mathurinache/mosmeddata-chest-ct-scans-with-covid19/MosMedData Chest CT Scans with COVID-19 Related Findings COVID19_1110 1.0/studies/CT-1/study_0449.nii,/kaggle/input/datasets/mathurinache/mosmeddata-chest-ct-scans-with-covid19/MosMedData Chest CT Scans with COVID-19 Related Findings COVID19_1110 1.0/studies/CT-1/study_0449.nii,.nii,study_0449.nii,21.0003
/kaggle/input/datasets,mathurinache/mosmeddata-chest-ct-scans-with-covid19/MosMedData Chest CT Scans with COVID-19 Related Findings COVID19_1110 1.0/studies/CT-1/study_0576.nii,/kaggle/input/datasets/mathurinache/mosmeddata-chest-ct-scans-with-covid19/MosMedData Chest CT Scans with COVID-19 Related Findings COVID19_1110 1.0/studies/CT-1/study_0576.nii,.nii,study_0576.nii,24.0003
/kaggle/input/datasets,mathurinache/mosmeddata-chest-ct-scans-with-covid19/MosMedData Chest CT Scans with COVID-19 Related Findings COVID19_1110 1.0/studies/CT-1/study_0356.nii,/kaggle/input/datasets/mathurinache/mosmeddata-chest-ct-scans-with-covid19/MosMedData Chest CT Scans with COVID-19 Related Findings COVID19_1110 1.0/studies/CT-1/study_0356.nii,.nii,study_0356.nii,19.0003
/kaggle/input/datasets,mathurinache/mosmeddata-chest-ct-scans-with-covid19/MosMedData Chest CT Scans with COVID-19 Related Findings COVID19_1110 1.0/studies/CT-1/study_0334.nii,/kaggle/input/datasets/mathurinache/mosmeddata-chest-ct-scans-with-covid19/MosMedData Chest CT Scans with COVID-19 Related Findings COVID19_1110 1.0/studies/CT-1/study_0334.nii,.nii,study_0334.nii,23.5003
/kaggle/input/datasets,mathurinache/mosmeddata-chest-ct-scans-with-covid19/MosMedData Chest CT Scans with COVID-19 Related Findings COVID19_1110 1.0/studies/CT-1/study_0812.nii,/kaggle/input/datasets/mathurinache/mosmeddata-chest-ct-scans-with-covid19/MosMedData Chest CT Scans with COVID-19 Related Findings COVID19_1110 1.0/studies/CT-1/study_0812.nii,.nii,study_0812.nii,20.0003
/kaggle/input/datasets,mathurinache/mosmeddata-chest-ct-scans-with-covid19/MosMedData Chest CT Scans with COVID-19 Related Findings COVID19_1110 1.0/studies/CT-1/study_0649.nii,/kaggle/input/datasets/mathurinache/mosmeddata-chest-ct-scans-with-covid19/MosMedData Chest CT Scans with COVID-19 Related Findings COVID19_1110 1.0/studies/CT-1/study_0649.nii,.nii,study_0649.nii,19.0003
/kaggle/input/datasets,mathurinache/mosmeddata-chest-ct-scans-with-covid19/MosMedData Chest CT Scans with COVID-19 Related Findings COVID19_1110 1.0/studies/CT-1/study_0787.nii,/kaggle/input/datasets/mathurinache/mosmeddata-chest-ct-scans-with-covid19/MosMedData Chest CT Scans with COVID-19 Related Findings COVID19_1110 1.0/studies/CT-1/study_0787.nii,.nii,study_0787.nii,19.0003
/kaggle/input/datasets,mathurinache/mosmeddata-chest-ct-scans-with-covid19/MosMedData Chest CT Scans with COVID-19 Related Findings COVID19_1110 1.0/studies/CT-1/study_0402.nii,/kaggle/input/datasets/mathurinache/mosmeddata-chest-ct-scans-with-covid19/MosMedData Chest CT Scans with COVID-19 Related Findings COVID19_1110 1.0/studies/CT-1/study_0402.nii,.nii,study_0402.nii,20.0003
/kaggle/input/datasets,mathurinache/mosmeddata-chest-ct-scans-with-covid19/MosMedData Chest CT Scans with COVID-19 Related Findings COVID19_1110 1.0/studies/CT-1/study_0726.nii,/kaggle/input/datasets/mathurinache/mosmeddata-chest-ct-scans-with-covid19/MosMedData Chest CT Scans with COVID-19 Related Findings COVID19_1110 1.0/studies/CT-1/study_0726.nii,.nii,study_0726.nii,22.0003
/kaggle/input/datasets,mathurinache/mosmeddata-chest-ct-scans-with-covid19/MosMedData Chest CT Scans with COVID-19 Related Findings COVID19_1110 1.0/studies/CT-1/study_0545.nii,/kaggle/input/datasets/mathurinache/mosmeddata-chest-ct-scans-with-covid19/MosMedData Chest CT Scans with COVID-19 Related Findings COVID19_1110 1.0/studies/CT-1/study_0545.nii,.nii,study_0545.nii,19.5003
/kaggle/input/datasets,mathurinache/mosmeddata-chest-ct-scans-with-covid19/MosMedData Chest CT Scans with COVID-19 Related Findings COVID19_1110 1.0/studies/CT-1/study_0277.nii,/kaggle/input/datasets/mathurinache/mosmeddata-chest-ct-scans-with-covid19/MosMedData Chest CT Scans with COVID-19 Related Findings COVID19_1110 1.0/studies/CT-1/study_0277.nii,.nii,study_0277.nii,16.5003
/kaggle/input/datasets,mathurinache/mosmeddata-chest-ct-scans-with-covid19/MosMedData Chest CT Scans with COVID-19 Related Findings COVID19_1110 1.0/studies/CT-1/study_0652.nii,/kaggle/input/datasets/mathurinache/mosmeddata-chest-ct-scans-with-covid19/MosMedData Chest CT Scans with COVID-19 Related Findings COVID19_1110 1.0/studies/CT-1/study_0652.nii,.nii,study_0652.nii,23.5003
/kaggle/input/datasets,mathurinache/mosmeddata-chest-ct-scans-with-covid19/MosMedData Chest CT Scans with COVID-19 Related Findings COVID19_1110 1.0/studies/CT-1/study_0550.nii,/kaggle/input/datasets/mathurinache/mosmeddata-chest-ct-scans-with-covid19/MosMedData Chest CT Scans with COVID-19 Related Findings COVID19_1110 1.0/studies/CT-1/study_0550.nii,.nii,study_0550.nii,22.5003
/kaggle/input/datasets,mathurinache/mosmeddata-chest-ct-scans-with-covid19/MosMedData Chest CT Scans with COVID-19 Related Findings COVID19_1110 1.0/studies/CT-1/study_0540.nii,/kaggle/input/datasets/mathurinache/mosmeddata-chest-ct-scans-with-covid19/MosMedData Chest CT Scans with COVID-19 Related Findings COVID19_1110 1.0/studies/CT-1/study_0540.nii,.nii,study_0540.nii,18.0003
/kaggle/input/datasets,mathurinache/mosmeddata-chest-ct-scans-with-covid19/MosMedData Chest CT Scans with COVID-19 Related Findings COVID19_1110 1.0/studies/CT-1/study_0558.nii,/kaggle/input/datasets/mathurinache/mosmeddata-chest-ct-scans-with-covid19/MosMedData Chest CT Scans with COVID-19 Related Findings COVID19_1110 1.0/studies/CT-1/study_0558.nii,.nii,study_0558.nii,21.5003
/kaggle/input/datasets,mathurinache/mosmeddata-chest-ct-scans-with-covid19/MosMedData Chest CT Scans with COVID-19 Related Findings COVID19_1110 1.0/studies/CT-1/study_0435.nii,/kaggle/input/datasets/mathurinache/mosmeddata-chest-ct-scans-with-covid19/MosMedData Chest CT Scans with COVID-19 Related Findings COVID19_1110 1.0/studies/CT-1/study_0435.nii,.nii,study_0435.nii,16.5003
/kaggle/input/datasets,mathurinache/mosmeddata-chest-ct-scans-with-covid19/MosMedData Chest CT Scans with COVID-19 Related Findings COVID19_1110 1.0/studies/CT-1/study_0822.nii,/kaggle/input/datasets/mathurinache/mosmeddata-chest-ct-scans-with-covid19/MosMedData Chest CT Scans with COVID-19 Related Findings COVID19_1110 1.0/studies/CT-1/study_0822.nii,.nii,study_0822.nii,21.5003
/kaggle/input/datasets,mathurinache/mosmeddata-chest-ct-scans-with-covid19/MosMedData Chest CT Scans with COVID-19 Related Findings COVID19_1110 1.0/studies/CT-1/study_0642.nii,/kaggle/input/datasets/mathurinache/mosmeddata-chest-ct-scans-with-covid19/MosMedData Chest CT Scans with COVID-19 Related Findings COVID19_1110 1.0/studies/CT-1/study_0642.nii,.nii,study_0642.nii,20.0003
/kaggle/input/datasets,mathurinache/mosmeddata-chest-ct-scans-with-covid19/MosMedData Chest CT Scans with COVID-19 Related Findings COVID19_1110 1.0/studies/CT-1/study_0534.nii,/kaggle/input/datasets/mathurinache/mosmeddata-chest-ct-scans-with-covid19/MosMedData Chest CT Scans with COVID-19 Related Findings COVID19_1110 1.0/studies/CT-1/study_0534.nii,.nii,study_0534.nii,20.5003
/kaggle/input/datasets,mathurinache/mosmeddata-chest-ct-scans-with-covid19/MosMedData Chest CT Scans with COVID-19 Related Findings COVID19_1110 1.0/studies/CT-1/study_0525.nii,/kaggle/input/datasets/mathurinache/mosmeddata-chest-ct-scans-with-covid19/MosMedData Chest CT Scans with COVID-19 Related Findings COVID19_1110 1.0/studies/CT-1/study_0525.nii,.nii,study_0525.nii,19.0003
/kaggle/input/datasets,mathurinache/mosmeddata-chest-ct-scans-with-covid19/MosMedData Chest CT Scans with COVID-19 Related Findings COVID19_1110 1.0/studies/CT-1/study_0912.nii,/kaggle/input/datasets/mathurinache/mosmeddata-chest-ct-scans-with-covid19/MosMedData Chest CT Scans with COVID-19 Related Findings COVID19_1110 1.0/studies/CT-1/study_0912.nii,.nii,study_0912.nii,25.0003
/kaggle/input/datasets,mathurinache/mosmeddata-chest-ct-scans-with-covid19/MosMedData Chest CT Scans with COVID-19 Related Findings COVID19_1110 1.0/studies/CT-1/study_0840.nii,/kaggle/input/datasets/mathurinache/mosmeddata-chest-ct-scans-with-covid19/MosMedData Chest CT Scans with COVID-19 Related Findings COVID19_1110 1.0/studies/CT-1/study_0840.nii,.nii,study_0840.nii,16.5003
/kaggle/input/datasets,mathurinache/mosmeddata-chest-ct-scans-with-covid19/MosMedData Chest CT Scans with COVID-19 Related Findings COVID19_1110 1.0/studies/CT-1/study_0490.nii,/kaggle/input/datasets/mathurinache/mosmeddata-chest-ct-scans-with-covid19/MosMedData Chest CT Scans with COVID-19 Related Findings COVID19_1110 1.0/studies/CT-1/study_0490.nii,.nii,study_0490.nii,22.5003
/kaggle/input/datasets,mathurinache/mosmeddata-chest-ct-scans-with-covid19/MosMedData Chest CT Scans with COVID-19 Related Findings COVID19_1110 1.0/studies/CT-1/study_0750.nii,/kaggle/input/datasets/mathurinache/mosmeddata-chest-ct-scans-with-covid19/MosMedData Chest CT Scans with COVID-19 Related Findings COVID19_1110 1.0/studies/CT-1/study_0750.nii,.nii,study_0750.nii,19.0003
/kaggle/input/datasets,mathurinache/mosmeddata-chest-ct-scans-with-covid19/MosMedData Chest CT Scans with COVID-19 Related Findings COVID19_1110 1.0/studies/CT-1/study_0457.nii,/kaggle/input/datasets/mathurinache/mosmeddata-chest-ct-scans-with-covid19/MosMedData Chest CT Scans with COVID-19 Related Findings COVID19_1110 1.0/studies/CT-1/study_0457.nii,.nii,study_0457.nii,21.5003
/kaggle/input/datasets,mathurinache/mosmeddata-chest-ct-scans-with-covid19/MosMedData Chest CT Scans with COVID-19 Related Findings COVID19_1110 1.0/studies/CT-1/study_0837.nii,/kaggle/input/datasets/mathurinache/mosmeddata-chest-ct-scans-with-covid19/MosMedData Chest CT Scans with COVID-19 Related Findings COVID19_1110 1.0/studies/CT-1/study_0837.nii,.nii,study_0837.nii,20.0003
/kaggle/input/datasets,mathurinache/mosmeddata-chest-ct-scans-with-covid19/MosMedData Chest CT Scans with COVID-19 Related Findings COVID19_1110 1.0/studies/CT-1/study_0658.nii,/kaggle/input/datasets/mathurinache/mosmeddata-chest-ct-scans-with-covid19/MosMedData Chest CT Scans with COVID-19 Related Findings COVID19_1110 1.0/studies/CT-1/study_0658.nii,.nii,study_0658.nii,18.5003
/kaggle/input/datasets,mathurinache/mosmeddata-chest-ct-scans-with-covid19/MosMedData Chest CT Scans with COVID-19 Related Findings COVID19_1110 1.0/studies/CT-1/study_0914.nii,/kaggle/input/datasets/mathurinache/mosmeddata-chest-ct-scans-with-covid19/MosMedData Chest CT Scans with COVID-19 Related Findings COVID19_1110 1.0/studies/CT-1/study_0914.nii,.nii,study_0914.nii,18.0003
/kaggle/input/datasets,mathurinache/mosmeddata-chest-ct-scans-with-covid19/MosMedData Chest CT Scans with COVID-19 Related Findings COVID19_1110 1.0/studies/CT-1/study_0368.nii,/kaggle/input/datasets/mathurinache/mosmeddata-chest-ct-scans-with-covid19/MosMedData Chest CT Scans with COVID-19 Related Findings COVID19_1110 1.0/studies/CT-1/study_0368.nii,.nii,study_0368.nii,21.5003
/kaggle/input/datasets,mathurinache/mosmeddata-chest-ct-scans-with-covid19/MosMedData Chest CT Scans with COVID-19 Related Findings COVID19_1110 1.0/studies/CT-1/study_0614.nii,/kaggle/input/datasets/mathurinache/mosmeddata-chest-ct-scans-with-covid19/MosMedData Chest CT Scans with COVID-19 Related Findings COVID19_1110 1.0/studies/CT-1/study_0614.nii,.nii,study_0614.nii,21.0003
/kaggle/input/datasets,mathurinache/mosmeddata-chest-ct-scans-with-covid19/MosMedData Chest CT Scans with COVID-19 Related Findings COVID19_1110 1.0/studies/CT-1/study_0847.nii,/kaggle/input/datasets/mathurinache/mosmeddata-chest-ct-scans-with-covid19/MosMedData Chest CT Scans with COVID-19 Related Findings COVID19_1110 1.0/studies/CT-1/study_0847.nii,.nii,study_0847.nii,20.5003
/kaggle/input/datasets,mathurinache/mosmeddata-chest-ct-scans-with-covid19/MosMedData Chest CT Scans with COVID-19 Related Findings COVID19_1110 1.0/studies/CT-1/study_0537.nii,/kaggle/input/datasets/mathurinache/mosmeddata-chest-ct-scans-with-covid19/MosMedData Chest CT Scans with COVID-19 Related Findings COVID19_1110 1.0/studies/CT-1/study_0537.nii,.nii,study_0537.nii,21.0003
/kaggle/input/datasets,mathurinache/mosmeddata-chest-ct-scans-with-covid19/MosMedData Chest CT Scans with COVID-19 Related Findings COVID19_1110 1.0/studies/CT-1/study_0597.nii,/kaggle/input/datasets/mathurinache/mosmeddata-chest-ct-scans-with-covid19/MosMedData Chest CT Scans with COVID-19 Related Findings COVID19_1110 1.0/studies/CT-1/study_0597.nii,.nii,study_0597.nii,21.0003
/kaggle/input/datasets,mathurinache/mosmeddata-chest-ct-scans-with-covid19/MosMedData Chest CT Scans with COVID-19 Related Findings COVID19_1110 1.0/studies/CT-1/study_0859.nii,/kaggle/input/datasets/mathurinache/mosmeddata-chest-ct-scans-with-covid19/MosMedData Chest CT Scans with COVID-19 Related Findings COVID19_1110 1.0/studies/CT-1/study_0859.nii,.nii,study_0859.nii,17.5003
/kaggle/input/datasets,mathurinache/mosmeddata-chest-ct-scans-with-covid19/MosMedData Chest CT Scans with COVID-19 Related Findings COVID19_1110 1.0/studies/CT-1/study_0728.nii,/kaggle/input/datasets/mathurinache/mosmeddata-chest-ct-scans-with-covid19/MosMedData Chest CT Scans with COVID-19 Related Findings COVID19_1110 1.0/studies/CT-1/study_0728.nii,.nii,study_0728.nii,22.5003
/kaggle/input/datasets,mathurinache/mosmeddata-chest-ct-scans-with-covid19/MosMedData Chest CT Scans with COVID-19 Related Findings COVID19_1110 1.0/studies/CT-1/study_0319.nii,/kaggle/input/datasets/mathurinache/mosmeddata-chest-ct-scans-with-covid19/MosMedData Chest CT Scans with COVID-19 Related Findings COVID19_1110 1.0/studies/CT-1/study_0319.nii,.nii,study_0319.nii,22.5003
/kaggle/input/datasets,mathurinache/mosmeddata-chest-ct-scans-with-covid19/MosMedData Chest CT Scans with COVID-19 Related Findings COVID19_1110 1.0/studies/CT-1/study_0306.nii,/kaggle/input/datasets/mathurinache/mosmeddata-chest-ct-scans-with-covid19/MosMedData Chest CT Scans with COVID-19 Related Findings COVID19_1110 1.0/studies/CT-1/study_0306.nii,.nii,study_0306.nii,21.5003
/kaggle/input/datasets,mathurinache/mosmeddata-chest-ct-scans-with-covid19/MosMedData Chest CT Scans with COVID-19 Related Findings COVID19_1110 1.0/studies/CT-1/study_0527.nii,/kaggle/input/datasets/mathurinache/mosmeddata-chest-ct-scans-with-covid19/MosMedData Chest CT Scans with COVID-19 Related Findings COVID19_1110 1.0/studies/CT-1/study_0527.nii,.nii,study_0527.nii,18.0003
/kaggle/input/datasets,mathurinache/mosmeddata-chest-ct-scans-with-covid19/MosMedData Chest CT Scans with COVID-19 Related Findings COVID19_1110 1.0/studies/CT-1/study_0586.nii,/kaggle/input/datasets/mathurinache/mosmeddata-chest-ct-scans-with-covid19/MosMedData Chest CT Scans with COVID-19 Related Findings COVID19_1110 1.0/studies/CT-1/study_0586.nii,.nii,study_0586.nii,17.5003
/kaggle/input/datasets,mathurinache/mosmeddata-chest-ct-scans-with-covid19/MosMedData Chest CT Scans with COVID-19 Related Findings COVID19_1110 1.0/studies/CT-1/study_0686.nii,/kaggle/input/datasets/mathurinache/mosmeddata-chest-ct-scans-with-covid19/MosMedData Chest CT Scans with COVID-19 Related Findings COVID19_1110 1.0/studies/CT-1/study_0686.nii,.nii,study_0686.nii,19.0003
/kaggle/input/datasets,mathurinache/mosmeddata-chest-ct-scans-with-covid19/MosMedData Chest CT Scans with COVID-19 Related Findings COVID19_1110 1.0/studies/CT-1/study_0501.nii,/kaggle/input/datasets/mathurinache/mosmeddata-chest-ct-scans-with-covid19/MosMedData Chest CT Scans with COVID-19 Related Findings COVID19_1110 1.0/studies/CT-1/study_0501.nii,.nii,study_0501.nii,20.5003
/kaggle/input/datasets,mathurinache/mosmeddata-chest-ct-scans-with-covid19/MosMedData Chest CT Scans with COVID-19 Related Findings COVID19_1110 1.0/studies/CT-1/study_0667.nii,/kaggle/input/datasets/mathurinache/mosmeddata-chest-ct-scans-with-covid19/MosMedData Chest CT Scans with COVID-19 Related Findings COVID19_1110 1.0/studies/CT-1/study_0667.nii,.nii,study_0667.nii,18.0003
/kaggle/input/datasets,mathurinache/mosmeddata-chest-ct-scans-with-covid19/MosMedData Chest CT Scans with COVID-19 Related Findings COVID19_1110 1.0/studies/CT-1/study_0413.nii,/kaggle/input/datasets/mathurinache/mosmeddata-chest-ct-scans-with-covid19/MosMedData Chest CT Scans with COVID-19 Related Findings COVID19_1110 1.0/studies/CT-1/study_0413.nii,.nii,study_0413.nii,19.5003
/kaggle/input/datasets,mathurinache/mosmeddata-chest-ct-scans-with-covid19/MosMedData Chest CT Scans with COVID-19 Related Findings COVID19_1110 1.0/studies/CT-1/study_0839.nii,/kaggle/input/datasets/mathurinache/mosmeddata-chest-ct-scans-with-covid19/MosMedData Chest CT Scans with COVID-19 Related Findings COVID19_1110 1.0/studies/CT-1/study_0839.nii,.nii,study_0839.nii,19.5003
/kaggle/input/datasets,mathurinache/mosmeddata-chest-ct-scans-with-covid19/MosMedData Chest CT Scans with COVID-19 Related Findings COVID19_1110 1.0/studies/CT-0/study_0061.nii,/kaggle/input/datasets/mathurinache/mosmeddata-chest-ct-scans-with-covid19/MosMedData Chest CT Scans with COVID-19 Related Findings COVID19_1110 1.0/studies/CT-0/study_0061.nii,.nii,study_0061.nii,21.5003
/kaggle/input/datasets,mathurinache/mosmeddata-chest-ct-scans-with-covid19/MosMedData Chest CT Scans with COVID-19 Related Findings COVID19_1110 1.0/studies/CT-0/study_0089.nii,/kaggle/input/datasets/mathurinache/mosmeddata-chest-ct-scans-with-covid19/MosMedData Chest CT Scans with COVID-19 Related Findings COVID19_1110 1.0/studies/CT-0/study_0089.nii,.nii,study_0089.nii,19.0003
/kaggle/input/datasets,mathurinache/mosmeddata-chest-ct-scans-with-covid19/MosMedData Chest CT Scans with COVID-19 Related Findings COVID19_1110 1.0/studies/CT-0/study_0112.nii,/kaggle/input/datasets/mathurinache/mosmeddata-chest-ct-scans-with-covid19/MosMedData Chest CT Scans with COVID-19 Related Findings COVID19_1110 1.0/studies/CT-0/study_0112.nii,.nii,study_0112.nii,20.5003
/kaggle/input/datasets,mathurinache/mosmeddata-chest-ct-scans-with-covid19/MosMedData Chest CT Scans with COVID-19 Related Findings COVID19_1110 1.0/studies/CT-0/study_0144.nii,/kaggle/input/datasets/mathurinache/mosmeddata-chest-ct-scans-with-covid19/MosMedData Chest CT Scans with COVID-19 Related Findings COVID19_1110 1.0/studies/CT-0/study_0144.nii,.nii,study_0144.nii,17.5003
/kaggle/input/datasets,mathurinache/mosmeddata-chest-ct-scans-with-covid19/MosMedData Chest CT Scans with COVID-19 Related Findings COVID19_1110 1.0/studies/CT-0/study_0146.nii,/kaggle/input/datasets/mathurinache/mosmeddata-chest-ct-scans-with-covid19/MosMedData Chest CT Scans with COVID-19 Related Findings COVID19_1110 1.0/studies/CT-0/study_0146.nii,.nii,study_0146.nii,22.5003
/kaggle/input/datasets,mathurinache/mosmeddata-chest-ct-scans-with-covid19/MosMedData Chest CT Scans with COVID-19 Related Findings COVID19_1110 1.0/studies/CT-0/study_0189.nii,/kaggle/input/datasets/mathurinache/mosmeddata-chest-ct-scans-with-covid19/MosMedData Chest CT Scans with COVID-19 Related Findings COVID19_1110 1.0/studies/CT-0/study_0189.nii,.nii,study_0189.nii,24.0003
/kaggle/input/datasets,mathurinache/mosmeddata-chest-ct-scans-with-covid19/MosMedData Chest CT Scans with COVID-19 Related Findings COVID19_1110 1.0/studies/CT-0/study_0138.nii,/kaggle/input/datasets/mathurinache/mosmeddata-chest-ct-scans-with-covid19/MosMedData Chest CT Scans with COVID-19 Related Findings COVID19_1110 1.0/studies/CT-0/study_0138.nii,.nii,study_0138.nii,20.0003
/kaggle/input/datasets,mathurinache/mosmeddata-chest-ct-scans-with-covid19/MosMedData Chest CT Scans with COVID-19 Related Findings COVID19_1110 1.0/studies/CT-0/study_0035.nii,/kaggle/input/datasets/mathurinache/mosmeddata-chest-ct-scans-with-covid19/MosMedData Chest CT Scans with COVID-19 Related Findings COVID19_1110 1.0/studies/CT-0/study_0035.nii,.nii,study_0035.nii,23.0003
/kaggle/input/datasets,mathurinache/mosmeddata-chest-ct-scans-with-covid19/MosMedData Chest CT Scans with COVID-19 Related Findings COVID19_1110 1.0/studies/CT-0/study_0087.nii,/kaggle/input/datasets/mathurinache/mosmeddata-chest-ct-scans-with-covid19/MosMedData Chest CT Scans with COVID-19 Related Findings COVID19_1110 1.0/studies/CT-0/study_0087.nii,.nii,study_0087.nii,22.5003
/kaggle/input/datasets,mathurinache/mosmeddata-chest-ct-scans-with-covid19/MosMedData Chest CT Scans with COVID-19 Related Findings COVID19_1110 1.0/studies/CT-0/study_0183.nii,/kaggle/input/datasets/mathurinache/mosmeddata-chest-ct-scans-with-covid19/MosMedData Chest CT Scans with COVID-19 Related Findings COVID19_1110 1.0/studies/CT-0/study_0183.nii,.nii,study_0183.nii,24.0003
/kaggle/input/datasets,mathurinache/mosmeddata-chest-ct-scans-with-covid19/MosMedData Chest CT Scans with COVID-19 Related Findings COVID19_1110 1.0/studies/CT-0/study_0198.nii,/kaggle/input/datasets/mathurinache/mosmeddata-chest-ct-scans-with-covid19/MosMedData Chest CT Scans with COVID-19 Related Findings COVID19_1110 1.0/studies/CT-0/study_0198.nii,.nii,study_0198.nii,22.5003
/kaggle/input/datasets,mathurinache/mosmeddata-chest-ct-scans-with-covid19/MosMedData Chest CT Scans with COVID-19 Related Findings COVID19_1110 1.0/studies/CT-0/study_0085.nii,/kaggle/input/datasets/mathurinache/mosmeddata-chest-ct-scans-with-covid19/MosMedData Chest CT Scans with COVID-19 Related Findings COVID19_1110 1.0/studies/CT-0/study_0085.nii,.nii,study_0085.nii,20.5003
/kaggle/input/datasets,mathurinache/mosmeddata-chest-ct-scans-with-covid19/MosMedData Chest CT Scans with COVID-19 Related Findings COVID19_1110 1.0/studies/CT-0/study_0165.nii,/kaggle/input/datasets/mathurinache/mosmeddata-chest-ct-scans-with-covid19/MosMedData Chest CT Scans with COVID-19 Related Findings COVID19_1110 1.0/studies/CT-0/study_0165.nii,.nii,study_0165.nii,22.5003
/kaggle/input/datasets,mathurinache/mosmeddata-chest-ct-scans-with-covid19/MosMedData Chest CT Scans with COVID-19 Related Findings COVID19_1110 1.0/studies/CT-0/study_0197.nii,/kaggle/input/datasets/mathurinache/mosmeddata-chest-ct-scans-with-covid19/MosMedData Chest CT Scans with COVID-19 Related Findings COVID19_1110 1.0/studies/CT-0/study_0197.nii,.nii,study_0197.nii,22.5003
/kaggle/input/datasets,mathurinache/mosmeddata-chest-ct-scans-with-covid19/MosMedData Chest CT Scans with COVID-19 Related Findings COVID19_1110 1.0/studies/CT-0/study_0106.nii,/kaggle/input/datasets/mathurinache/mosmeddata-chest-ct-scans-with-covid19/MosMedData Chest CT Scans with COVID-19 Related Findings COVID19_1110 1.0/studies/CT-0/study_0106.nii,.nii,study_0106.nii,22.5003
/kaggle/input/datasets,mathurinache/mosmeddata-chest-ct-scans-with-covid19/MosMedData Chest CT Scans with COVID-19 Related Findings COVID19_1110 1.0/studies/CT-0/study_0038.nii,/kaggle/input/datasets/mathurinache/mosmeddata-chest-ct-scans-with-covid19/MosMedData Chest CT Scans with COVID-19 Related Findings COVID19_1110 1.0/studies/CT-0/study_0038.nii,.nii,study_0038.nii,24.0003
/kaggle/input/datasets,mathurinache/mosmeddata-chest-ct-scans-with-covid19/MosMedData Chest CT Scans with COVID-19 Related Findings COVID19_1110 1.0/studies/CT-0/study_0188.nii,/kaggle/input/datasets/mathurinache/mosmeddata-chest-ct-scans-with-covid19/MosMedData Chest CT Scans with COVID-19 Related Findings COVID19_1110 1.0/studies/CT-0/study_0188.nii,.nii,study_0188.nii,24.0003
/kaggle/input/datasets,mathurinache/mosmeddata-chest-ct-scans-with-covid19/MosMedData Chest CT Scans with COVID-19 Related Findings COVID19_1110 1.0/studies/CT-0/study_0143.nii,/kaggle/input/datasets/mathurinache/mosmeddata-chest-ct-scans-with-covid19/MosMedData Chest CT Scans with COVID-19 Related Findings COVID19_1110 1.0/studies/CT-0/study_0143.nii,.nii,study_0143.nii,22.5003
/kaggle/input/datasets,mathurinache/mosmeddata-chest-ct-scans-with-covid19/MosMedData Chest CT Scans with COVID-19 Related Findings COVID19_1110 1.0/studies/CT-0/study_0129.nii,/kaggle/input/datasets/mathurinache/mosmeddata-chest-ct-scans-with-covid19/MosMedData Chest CT Scans with COVID-19 Related Findings COVID19_1110 1.0/studies/CT-0/study_0129.nii,.nii,study_0129.nii,22.5003
/kaggle/input/datasets,mathurinache/mosmeddata-chest-ct-scans-with-covid19/MosMedData Chest CT Scans with COVID-19 Related Findings COVID19_1110 1.0/studies/CT-0/study_0148.nii,/kaggle/input/datasets/mathurinache/mosmeddata-chest-ct-scans-with-covid19/MosMedData Chest CT Scans with COVID-19 Related Findings COVID19_1110 1.0/studies/CT-0/study_0148.nii,.nii,study_0148.nii,22.5003
/kaggle/input/datasets,mathurinache/mosmeddata-chest-ct-scans-with-covid19/MosMedData Chest CT Scans with COVID-19 Related Findings COVID19_1110 1.0/studies/CT-0/study_0058.nii,/kaggle/input/datasets/mathurinache/mosmeddata-chest-ct-scans-with-covid19/MosMedData Chest CT Scans with COVID-19 Related Findings COVID19_1110 1.0/studies/CT-0/study_0058.nii,.nii,study_0058.nii,21.5003
/kaggle/input/datasets,mathurinache/mosmeddata-chest-ct-scans-with-covid19/MosMedData Chest CT Scans with COVID-19 Related Findings COVID19_1110 1.0/studies/CT-0/study_0204.nii,/kaggle/input/datasets/mathurinache/mosmeddata-chest-ct-scans-with-covid19/MosMedData Chest CT Scans with COVID-19 Related Findings COVID19_1110 1.0/studies/CT-0/study_0204.nii,.nii,study_0204.nii,24.5003
/kaggle/input/datasets,mathurinache/mosmeddata-chest-ct-scans-with-covid19/MosMedData Chest CT Scans with COVID-19 Related Findings COVID19_1110 1.0/studies/CT-0/study_0218.nii,/kaggle/input/datasets/mathurinache/mosmeddata-chest-ct-scans-with-covid19/MosMedData Chest CT Scans with COVID-19 Related Findings COVID19_1110 1.0/studies/CT-0/study_0218.nii,.nii,study_0218.nii,25.5003
/kaggle/input/datasets,mathurinache/mosmeddata-chest-ct-scans-with-covid19/MosMedData Chest CT Scans with COVID-19 Related Findings COVID19_1110 1.0/studies/CT-0/study_0193.nii,/kaggle/input/datasets/mathurinache/mosmeddata-chest-ct-scans-with-covid19/MosMedData Chest CT Scans with COVID-19 Related Findings COVID19_1110 1.0/studies/CT-0/study_0193.nii,.nii,study_0193.nii,25.5003
/kaggle/input/datasets,mathurinache/mosmeddata-chest-ct-scans-with-covid19/MosMedData Chest CT Scans with COVID-19 Related Findings COVID19_1110 1.0/studies/CT-0/study_0223.nii,/kaggle/input/datasets/mathurinache/mosmeddata-chest-ct-scans-with-covid19/MosMedData Chest CT Scans with COVID-19 Related Findings COVID19_1110 1.0/studies/CT-0/study_0223.nii,.nii,study_0223.nii,22.5003
/kaggle/input/datasets,mathurinache/mosmeddata-chest-ct-scans-with-covid19/MosMedData Chest CT Scans with COVID-19 Related Findings COVID19_1110 1.0/studies/CT-0/study_0254.nii,/kaggle/input/datasets/mathurinache/mosmeddata-chest-ct-scans-with-covid19/MosMedData Chest CT Scans with COVID-19 Related Findings COVID19_1110 1.0/studies/CT-0/study_0254.nii,.nii,study_0254.nii,22.5003
/kaggle/input/datasets,mathurinache/mosmeddata-chest-ct-scans-with-covid19/MosMedData Chest CT Scans with COVID-19 Related Findings COVID19_1110 1.0/studies/CT-0/study_0186.nii,/kaggle/input/datasets/mathurinache/mosmeddata-chest-ct-scans-with-covid19/MosMedData Chest CT Scans with COVID-19 Related Findings COVID19_1110 1.0/studies/CT-0/study_0186.nii,.nii,study_0186.nii,22.5003
/kaggle/input/datasets,mathurinache/mosmeddata-chest-ct-scans-with-covid19/MosMedData Chest CT Scans with COVID-19 Related Findings COVID19_1110 1.0/studies/CT-0/study_0017.nii,/kaggle/input/datasets/mathurinache/mosmeddata-chest-ct-scans-with-covid19/MosMedData Chest CT Scans with COVID-19 Related Findings COVID19_1110 1.0/studies/CT-0/study_0017.nii,.nii,study_0017.nii,22.5003
/kaggle/input/datasets,mathurinache/mosmeddata-chest-ct-scans-with-covid19/MosMedData Chest CT Scans with COVID-19 Related Findings COVID19_1110 1.0/studies/CT-0/study_0246.nii,/kaggle/input/datasets/mathurinache/mosmeddata-chest-ct-scans-with-covid19/MosMedData Chest CT Scans with COVID-19 Related Findings COVID19_1110 1.0/studies/CT-0/study_0246.nii,.nii,study_0246.nii,21.5003
/kaggle/input/datasets,mathurinache/mosmeddata-chest-ct-scans-with-covid19/MosMedData Chest CT Scans with COVID-19 Related Findings COVID19_1110 1.0/studies/CT-0/study_0041.nii,/kaggle/input/datasets/mathurinache/mosmeddata-chest-ct-scans-with-covid19/MosMedData Chest CT Scans with COVID-19 Related Findings COVID19_1110 1.0/studies/CT-0/study_0041.nii,.nii,study_0041.nii,21.5003
/kaggle/input/datasets,mathurinache/mosmeddata-chest-ct-scans-with-covid19/MosMedData Chest CT Scans with COVID-19 Related Findings COVID19_1110 1.0/studies/CT-0/study_0222.nii,/kaggle/input/datasets/mathurinache/mosmeddata-chest-ct-scans-with-covid19/MosMedData Chest CT Scans with COVID-19 Related Findings COVID19_1110 1.0/studies/CT-0/study_0222.nii,.nii,study_0222.nii,22.5003
/kaggle/input/datasets,mathurinache/mosmeddata-chest-ct-scans-with-covid19/MosMedData Chest CT Scans with COVID-19 Related Findings COVID19_1110 1.0/studies/CT-0/study_0049.nii,/kaggle/input/datasets/mathurinache/mosmeddata-chest-ct-scans-with-covid19/MosMedData Chest CT Scans with COVID-19 Related Findings COVID19_1110 1.0/studies/CT-0/study_0049.nii,.nii,study_0049.nii,21.5003
/kaggle/input/datasets,mathurinache/mosmeddata-chest-ct-scans-with-covid19/MosMedData Chest CT Scans with COVID-19 Related Findings COVID19_1110 1.0/studies/CT-0/study_0135.nii,/kaggle/input/datasets/mathurinache/mosmeddata-chest-ct-scans-with-covid19/MosMedData Chest CT Scans with COVID-19 Related Findings COVID19_1110 1.0/studies/CT-0/study_0135.nii,.nii,study_0135.nii,22.5003
/kaggle/input/datasets,mathurinache/mosmeddata-chest-ct-scans-with-covid19/MosMedData Chest CT Scans with COVID-19 Related Findings COVID19_1110 1.0/studies/CT-0/study_0147.nii,/kaggle/input/datasets/mathurinache/mosmeddata-chest-ct-scans-with-covid19/MosMedData Chest CT Scans with COVID-19 Related Findings COVID19_1110 1.0/studies/CT-0/study_0147.nii,.nii,study_0147.nii,20.5003
/kaggle/input/datasets,mathurinache/mosmeddata-chest-ct-scans-with-covid19/MosMedData Chest CT Scans with COVID-19 Related Findings COVID19_1110 1.0/studies/CT-0/study_0119.nii,/kaggle/input/datasets/mathurinache/mosmeddata-chest-ct-scans-with-covid19/MosMedData Chest CT Scans with COVID-19 Related Findings COVID19_1110 1.0/studies/CT-0/study_0119.nii,.nii,study_0119.nii,24.0003
/kaggle/input/datasets,mathurinache/mosmeddata-chest-ct-scans-with-covid19/MosMedData Chest CT Scans with COVID-19 Related Findings COVID19_1110 1.0/studies/CT-0/study_0185.nii,/kaggle/input/datasets/mathurinache/mosmeddata-chest-ct-scans-with-covid19/MosMedData Chest CT Scans with COVID-19 Related Findings COVID19_1110 1.0/studies/CT-0/study_0185.nii,.nii,study_0185.nii,23.0003
/kaggle/input/datasets,mathurinache/mosmeddata-chest-ct-scans-with-covid19/MosMedData Chest CT Scans with COVID-19 Related Findings COVID19_1110 1.0/studies/CT-0/study_0177.nii,/kaggle/input/datasets/mathurinache/mosmeddata-chest-ct-scans-with-covid19/MosMedData Chest CT Scans with COVID-19 Related Findings COVID19_1110 1.0/studies/CT-0/study_0177.nii,.nii,study_0177.nii,22.0003
/kaggle/input/datasets,mathurinache/mosmeddata-chest-ct-scans-with-covid19/MosMedData Chest CT Scans with COVID-19 Related Findings COVID19_1110 1.0/studies/CT-0/study_0013.nii,/kaggle/input/datasets/mathurinache/mosmeddata-chest-ct-scans-with-covid19/MosMedData Chest CT Scans with COVID-19 Related Findings COVID19_1110 1.0/studies/CT-0/study_0013.nii,.nii,study_0013.nii,20.5003
/kaggle/input/datasets,mathurinache/mosmeddata-chest-ct-scans-with-covid19/MosMedData Chest CT Scans with COVID-19 Related Findings COVID19_1110 1.0/studies/CT-0/study_0154.nii,/kaggle/input/datasets/mathurinache/mosmeddata-chest-ct-scans-with-covid19/MosMedData Chest CT Scans with COVID-19 Related Findings COVID19_1110 1.0/studies/CT-0/study_0154.nii,.nii,study_0154.nii,24.5003
/kaggle/input/datasets,mathurinache/mosmeddata-chest-ct-scans-with-covid19/MosMedData Chest CT Scans with COVID-19 Related Findings COVID19_1110 1.0/studies/CT-0/study_0113.nii,/kaggle/input/datasets/mathurinache/mosmeddata-chest-ct-scans-with-covid19/MosMedData Chest CT Scans with COVID-19 Related Findings COVID19_1110 1.0/studies/CT-0/study_0113.nii,.nii,study_0113.nii,23.0003
/kaggle/input/datasets,mathurinache/mosmeddata-chest-ct-scans-with-covid19/MosMedData Chest CT Scans with COVID-19 Related Findings COVID19_1110 1.0/studies/CT-0/study_0200.nii,/kaggle/input/datasets/mathurinache/mosmeddata-chest-ct-scans-with-covid19/MosMedData Chest CT Scans with COVID-19 Related Findings COVID19_1110 1.0/studies/CT-0/study_0200.nii,.nii,study_0200.nii,23.0003
/kaggle/input/datasets,mathurinache/mosmeddata-chest-ct-scans-with-covid19/MosMedData Chest CT Scans with COVID-19 Related Findings COVID19_1110 1.0/studies/CT-0/study_0082.nii,/kaggle/input/datasets/mathurinache/mosmeddata-chest-ct-scans-with-covid19/MosMedData Chest CT Scans with COVID-19 Related Findings COVID19_1110 1.0/studies/CT-0/study_0082.nii,.nii,study_0082.nii,20.5003
/kaggle/input/datasets,mathurinache/mosmeddata-chest-ct-scans-with-covid19/MosMedData Chest CT Scans with COVID-19 Related Findings COVID19_1110 1.0/studies/CT-0/study_0156.nii,/kaggle/input/datasets/mathurinache/mosmeddata-chest-ct-scans-with-covid19/MosMedData Chest CT Scans with COVID-19 Related Findings COVID19_1110 1.0/studies/CT-0/study_0156.nii,.nii,study_0156.nii,21.5003
/kaggle/input/datasets,mathurinache/mosmeddata-chest-ct-scans-with-covid19/MosMedData Chest CT Scans with COVID-19 Related Findings COVID19_1110 1.0/studies/CT-0/study_0102.nii,/kaggle/input/datasets/mathurinache/mosmeddata-chest-ct-scans-with-covid19/MosMedData Chest CT Scans with COVID-19 Related Findings COVID19_1110 1.0/studies/CT-0/study_0102.nii,.nii,study_0102.nii,21.0003
/kaggle/input/datasets,mathurinache/mosmeddata-chest-ct-scans-with-covid19/MosMedData Chest CT Scans with COVID-19 Related Findings COVID19_1110 1.0/studies/CT-0/study_0111.nii,/kaggle/input/datasets/mathurinache/mosmeddata-chest-ct-scans-with-covid19/MosMedData Chest CT Scans with COVID-19 Related Findings COVID19_1110 1.0/studies/CT-0/study_0111.nii,.nii,study_0111.nii,20.5003
/kaggle/input/datasets,mathurinache/mosmeddata-chest-ct-scans-with-covid19/MosMedData Chest CT Scans with COVID-19 Related Findings COVID19_1110 1.0/studies/CT-0/study_0098.nii,/kaggle/input/datasets/mathurinache/mosmeddata-chest-ct-scans-with-covid19/MosMedData Chest CT Scans with COVID-19 Related Findings COVID19_1110 1.0/studies/CT-0/study_0098.nii,.nii,study_0098.nii,22.5003
/kaggle/input/datasets,mathurinache/mosmeddata-chest-ct-scans-with-covid19/MosMedData Chest CT Scans with COVID-19 Related Findings COVID19_1110 1.0/studies/CT-0/study_0152.nii,/kaggle/input/datasets/mathurinache/mosmeddata-chest-ct-scans-with-covid19/MosMedData Chest CT Scans with COVID-19 Related Findings COVID19_1110 1.0/studies/CT-0/study_0152.nii,.nii,study_0152.nii,22.5003
/kaggle/input/datasets,mathurinache/mosmeddata-chest-ct-scans-with-covid19/MosMedData Chest CT Scans with COVID-19 Related Findings COVID19_1110 1.0/studies/CT-0/study_0173.nii,/kaggle/input/datasets/mathurinache/mosmeddata-chest-ct-scans-with-covid19/MosMedData Chest CT Scans with COVID-19 Related Findings COVID19_1110 1.0/studies/CT-0/study_0173.nii,.nii,study_0173.nii,23.0003
/kaggle/input/datasets,mathurinache/mosmeddata-chest-ct-scans-with-covid19/MosMedData Chest CT Scans with COVID-19 Related Findings COVID19_1110 1.0/studies/CT-0/study_0195.nii,/kaggle/input/datasets/mathurinache/mosmeddata-chest-ct-scans-with-covid19/MosMedData Chest CT Scans with COVID-19 Related Findings COVID19_1110 1.0/studies/CT-0/study_0195.nii,.nii,study_0195.nii,28.5003
/kaggle/input/datasets,mathurinache/mosmeddata-chest-ct-scans-with-covid19/MosMedData Chest CT Scans with COVID-19 Related Findings COVID19_1110 1.0/studies/CT-0/study_0151.nii,/kaggle/input/datasets/mathurinache/mosmeddata-chest-ct-scans-with-covid19/MosMedData Chest CT Scans with COVID-19 Related Findings COVID19_1110 1.0/studies/CT-0/study_0151.nii,.nii,study_0151.nii,27.5003
/kaggle/input/datasets,mathurinache/mosmeddata-chest-ct-scans-with-covid19/MosMedData Chest CT Scans with COVID-19 Related Findings COVID19_1110 1.0/studies/CT-0/study_0236.nii,/kaggle/input/datasets/mathurinache/mosmeddata-chest-ct-scans-with-covid19/MosMedData Chest CT Scans with COVID-19 Related Findings COVID19_1110 1.0/studies/CT-0/study_0236.nii,.nii,study_0236.nii,26.5003
/kaggle/input/datasets,mathurinache/mosmeddata-chest-ct-scans-with-covid19/MosMedData Chest CT Scans with COVID-19 Related Findings COVID19_1110 1.0/studies/CT-0/study_0093.nii,/kaggle/input/datasets/mathurinache/mosmeddata-chest-ct-scans-with-covid19/MosMedData Chest CT Scans with COVID-19 Related Findings COVID19_1110 1.0/studies/CT-0/study_0093.nii,.nii,study_0093.nii,19.0003
/kaggle/input/datasets,mathurinache/mosmeddata-chest-ct-scans-with-covid19/MosMedData Chest CT Scans with COVID-19 Related Findings COVID19_1110 1.0/studies/CT-0/study_0047.nii,/kaggle/input/datasets/mathurinache/mosmeddata-chest-ct-scans-with-covid19/MosMedData Chest CT Scans with COVID-19 Related Findings COVID19_1110 1.0/studies/CT-0/study_0047.nii,.nii,study_0047.nii,22.0003
/kaggle/input/datasets,mathurinache/mosmeddata-chest-ct-scans-with-covid19/MosMedData Chest CT Scans with COVID-19 Related Findings COVID19_1110 1.0/studies/CT-0/study_0023.nii,/kaggle/input/datasets/mathurinache/mosmeddata-chest-ct-scans-with-covid19/MosMedData Chest CT Scans with COVID-19 Related Findings COVID19_1110 1.0/studies/CT-0/study_0023.nii,.nii,study_0023.nii,22.5003
/kaggle/input/datasets,mathurinache/mosmeddata-chest-ct-scans-with-covid19/MosMedData Chest CT Scans with COVID-19 Related Findings COVID19_1110 1.0/studies/CT-0/study_0209.nii,/kaggle/input/datasets/mathurinache/mosmeddata-chest-ct-scans-with-covid19/MosMedData Chest CT Scans with COVID-19 Related Findings COVID19_1110 1.0/studies/CT-0/study_0209.nii,.nii,study_0209.nii,20.5003
/kaggle/input/datasets,mathurinache/mosmeddata-chest-ct-scans-with-covid19/MosMedData Chest CT Scans with COVID-19 Related Findings COVID19_1110 1.0/studies/CT-0/study_0056.nii,/kaggle/input/datasets/mathurinache/mosmeddata-chest-ct-scans-with-covid19/MosMedData Chest CT Scans with COVID-19 Related Findings COVID19_1110 1.0/studies/CT-0/study_0056.nii,.nii,study_0056.nii,22.0003
/kaggle/input/datasets,mathurinache/mosmeddata-chest-ct-scans-with-covid19/MosMedData Chest CT Scans with COVID-19 Related Findings COVID19_1110 1.0/studies/CT-0/study_0081.nii,/kaggle/input/datasets/mathurinache/mosmeddata-chest-ct-scans-with-covid19/MosMedData Chest CT Scans with COVID-19 Related Findings COVID19_1110 1.0/studies/CT-0/study_0081.nii,.nii,study_0081.nii,19.5003
/kaggle/input/datasets,mathurinache/mosmeddata-chest-ct-scans-with-covid19/MosMedData Chest CT Scans with COVID-19 Related Findings COVID19_1110 1.0/studies/CT-0/study_0018.nii,/kaggle/input/datasets/mathurinache/mosmeddata-chest-ct-scans-with-covid19/MosMedData Chest CT Scans with COVID-19 Related Findings COVID19_1110 1.0/studies/CT-0/study_0018.nii,.nii,study_0018.nii,23.0003
/kaggle/input/datasets,mathurinache/mosmeddata-chest-ct-scans-with-covid19/MosMedData Chest CT Scans with COVID-19 Related Findings COVID19_1110 1.0/studies/CT-0/study_0251.nii,/kaggle/input/datasets/mathurinache/mosmeddata-chest-ct-scans-with-covid19/MosMedData Chest CT Scans with COVID-19 Related Findings COVID19_1110 1.0/studies/CT-0/study_0251.nii,.nii,study_0251.nii,20.0003
/kaggle/input/datasets,mathurinache/mosmeddata-chest-ct-scans-with-covid19/MosMedData Chest CT Scans with COVID-19 Related Findings COVID19_1110 1.0/studies/CT-0/study_0122.nii,/kaggle/input/datasets/mathurinache/mosmeddata-chest-ct-scans-with-covid19/MosMedData Chest CT Scans with COVID-19 Related Findings COVID19_1110 1.0/studies/CT-0/study_0122.nii,.nii,study_0122.nii,20.0003
/kaggle/input/datasets,mathurinache/mosmeddata-chest-ct-scans-with-covid19/MosMedData Chest CT Scans with COVID-19 Related Findings COVID19_1110 1.0/studies/CT-0/study_0095.nii,/kaggle/input/datasets/mathurinache/mosmeddata-chest-ct-scans-with-covid19/MosMedData Chest CT Scans with COVID-19 Related Findings COVID19_1110 1.0/studies/CT-0/study_0095.nii,.nii,study_0095.nii,17.5003
/kaggle/input/datasets,mathurinache/mosmeddata-chest-ct-scans-with-covid19/MosMedData Chest CT Scans with COVID-19 Related Findings COVID19_1110 1.0/studies/CT-0/study_0130.nii,/kaggle/input/datasets/mathurinache/mosmeddata-chest-ct-scans-with-covid19/MosMedData Chest CT Scans with COVID-19 Related Findings COVID19_1110 1.0/studies/CT-0/study_0130.nii,.nii,study_0130.nii,20.5003
/kaggle/input/datasets,mathurinache/mosmeddata-chest-ct-scans-with-covid19/MosMedData Chest CT Scans with COVID-19 Related Findings COVID19_1110 1.0/studies/CT-0/study_0029.nii,/kaggle/input/datasets/mathurinache/mosmeddata-chest-ct-scans-with-covid19/MosMedData Chest CT Scans with COVID-19 Related Findings COVID19_1110 1.0/studies/CT-0/study_0029.nii,.nii,study_0029.nii,18.0003
/kaggle/input/datasets,mathurinache/mosmeddata-chest-ct-scans-with-covid19/MosMedData Chest CT Scans with COVID-19 Related Findings COVID19_1110 1.0/studies/CT-0/study_0065.nii,/kaggle/input/datasets/mathurinache/mosmeddata-chest-ct-scans-with-covid19/MosMedData Chest CT Scans with COVID-19 Related Findings COVID19_1110 1.0/studies/CT-0/study_0065.nii,.nii,study_0065.nii,18.5003
/kaggle/input/datasets,mathurinache/mosmeddata-chest-ct-scans-with-covid19/MosMedData Chest CT Scans with COVID-19 Related Findings COVID19_1110 1.0/studies/CT-0/study_0043.nii,/kaggle/input/datasets/mathurinache/mosmeddata-chest-ct-scans-with-covid19/MosMedData Chest CT Scans with COVID-19 Related Findings COVID19_1110 1.0/studies/CT-0/study_0043.nii,.nii,study_0043.nii,22.0003
/kaggle/input/datasets,mathurinache/mosmeddata-chest-ct-scans-with-covid19/MosMedData Chest CT Scans with COVID-19 Related Findings COVID19_1110 1.0/studies/CT-0/study_0234.nii,/kaggle/input/datasets/mathurinache/mosmeddata-chest-ct-scans-with-covid19/MosMedData Chest CT Scans with COVID-19 Related Findings COVID19_1110 1.0/studies/CT-0/study_0234.nii,.nii,study_0234.nii,22.5003
/kaggle/input/datasets,mathurinache/mosmeddata-chest-ct-scans-with-covid19/MosMedData Chest CT Scans with COVID-19 Related Findings COVID19_1110 1.0/studies/CT-0/study_0217.nii,/kaggle/input/datasets/mathurinache/mosmeddata-chest-ct-scans-with-covid19/MosMedData Chest CT Scans with COVID-19 Related Findings COVID19_1110 1.0/studies/CT-0/study_0217.nii,.nii,study_0217.nii,23.5003
/kaggle/input/datasets,mathurinache/mosmeddata-chest-ct-scans-with-covid19/MosMedData Chest CT Scans with COVID-19 Related Findings COVID19_1110 1.0/studies/CT-0/study_0125.nii,/kaggle/input/datasets/mathurinache/mosmeddata-chest-ct-scans-with-covid19/MosMedData Chest CT Scans with COVID-19 Related Findings COVID19_1110 1.0/studies/CT-0/study_0125.nii,.nii,study_0125.nii,22.5003
/kaggle/input/datasets,mathurinache/mosmeddata-chest-ct-scans-with-covid19/MosMedData Chest CT Scans with COVID-19 Related Findings COVID19_1110 1.0/studies/CT-0/study_0062.nii,/kaggle/input/datasets/mathurinache/mosmeddata-chest-ct-scans-with-covid19/MosMedData Chest CT Scans with COVID-19 Related Findings COVID19_1110 1.0/studies/CT-0/study_0062.nii,.nii,study_0062.nii,20.5003
/kaggle/input/datasets,mathurinache/mosmeddata-chest-ct-scans-with-covid19/MosMedData Chest CT Scans with COVID-19 Related Findings COVID19_1110 1.0/studies/CT-0/study_0174.nii,/kaggle/input/datasets/mathurinache/mosmeddata-chest-ct-scans-with-covid19/MosMedData Chest CT Scans with COVID-19 Related Findings COVID19_1110 1.0/studies/CT-0/study_0174.nii,.nii,study_0174.nii,21.5003
/kaggle/input/datasets,mathurinache/mosmeddata-chest-ct-scans-with-covid19/MosMedData Chest CT Scans with COVID-19 Related Findings COVID19_1110 1.0/studies/CT-0/study_0072.nii,/kaggle/input/datasets/mathurinache/mosmeddata-chest-ct-scans-with-covid19/MosMedData Chest CT Scans with COVID-19 Related Findings COVID19_1110 1.0/studies/CT-0/study_0072.nii,.nii,study_0072.nii,23.0003
/kaggle/input/datasets,mathurinache/mosmeddata-chest-ct-scans-with-covid19/MosMedData Chest CT Scans with COVID-19 Related Findings COVID19_1110 1.0/studies/CT-0/study_0022.nii,/kaggle/input/datasets/mathurinache/mosmeddata-chest-ct-scans-with-covid19/MosMedData Chest CT Scans with COVID-19 Related Findings COVID19_1110 1.0/studies/CT-0/study_0022.nii,.nii,study_0022.nii,22.0003
/kaggle/input/datasets,mathurinache/mosmeddata-chest-ct-scans-with-covid19/MosMedData Chest CT Scans with COVID-19 Related Findings COVID19_1110 1.0/studies/CT-0/study_0159.nii,/kaggle/input/datasets/mathurinache/mosmeddata-chest-ct-scans-with-covid19/MosMedData Chest CT Scans with COVID-19 Related Findings COVID19_1110 1.0/studies/CT-0/study_0159.nii,.nii,study_0159.nii,23.0003
/kaggle/input/datasets,mathurinache/mosmeddata-chest-ct-scans-with-covid19/MosMedData Chest CT Scans with COVID-19 Related Findings COVID19_1110 1.0/studies/CT-0/study_0153.nii,/kaggle/input/datasets/mathurinache/mosmeddata-chest-ct-scans-with-covid19/MosMedData Chest CT Scans with COVID-19 Related Findings COVID19_1110 1.0/studies/CT-0/study_0153.nii,.nii,study_0153.nii,22.5003
/kaggle/input/datasets,mathurinache/mosmeddata-chest-ct-scans-with-covid19/MosMedData Chest CT Scans with COVID-19 Related Findings COVID19_1110 1.0/studies/CT-0/study_0118.nii,/kaggle/input/datasets/mathurinache/mosmeddata-chest-ct-scans-with-covid19/MosMedData Chest CT Scans with COVID-19 Related Findings COVID19_1110 1.0/studies/CT-0/study_0118.nii,.nii,study_0118.nii,22.5003
/kaggle/input/datasets,mathurinache/mosmeddata-chest-ct-scans-with-covid19/MosMedData Chest CT Scans with COVID-19 Related Findings COVID19_1110 1.0/studies/CT-0/study_0142.nii,/kaggle/input/datasets/mathurinache/mosmeddata-chest-ct-scans-with-covid19/MosMedData Chest CT Scans with COVID-19 Related Findings COVID19_1110 1.0/studies/CT-0/study_0142.nii,.nii,study_0142.nii,20.5003
/kaggle/input/datasets,mathurinache/mosmeddata-chest-ct-scans-with-covid19/MosMedData Chest CT Scans with COVID-19 Related Findings COVID19_1110 1.0/studies/CT-0/study_0121.nii,/kaggle/input/datasets/mathurinache/mosmeddata-chest-ct-scans-with-covid19/MosMedData Chest CT Scans with COVID-19 Related Findings COVID19_1110 1.0/studies/CT-0/study_0121.nii,.nii,study_0121.nii,22.5003
/kaggle/input/datasets,mathurinache/mosmeddata-chest-ct-scans-with-covid19/MosMedData Chest CT Scans with COVID-19 Related Findings COVID19_1110 1.0/studies/CT-0/study_0169.nii,/kaggle/input/datasets/mathurinache/mosmeddata-chest-ct-scans-with-covid19/MosMedData Chest CT Scans with COVID-19 Related Findings COVID19_1110 1.0/studies/CT-0/study_0169.nii,.nii,study_0169.nii,22.5003
/kaggle/input/datasets,mathurinache/mosmeddata-chest-ct-scans-with-covid19/MosMedData Chest CT Scans with COVID-19 Related Findings COVID19_1110 1.0/studies/CT-0/study_0196.nii,/kaggle/input/datasets/mathurinache/mosmeddata-chest-ct-scans-with-covid19/MosMedData Chest CT Scans with COVID-19 Related Findings COVID19_1110 1.0/studies/CT-0/study_0196.nii,.nii,study_0196.nii,26.5003
/kaggle/input/datasets,mathurinache/mosmeddata-chest-ct-scans-with-covid19/MosMedData Chest CT Scans with COVID-19 Related Findings COVID19_1110 1.0/studies/CT-0/study_0055.nii,/kaggle/input/datasets/mathurinache/mosmeddata-chest-ct-scans-with-covid19/MosMedData Chest CT Scans with COVID-19 Related Findings COVID19_1110 1.0/studies/CT-0/study_0055.nii,.nii,study_0055.nii,19.5003
/kaggle/input/datasets,mathurinache/mosmeddata-chest-ct-scans-with-covid19/MosMedData Chest CT Scans with COVID-19 Related Findings COVID19_1110 1.0/studies/CT-0/study_0054.nii,/kaggle/input/datasets/mathurinache/mosmeddata-chest-ct-scans-with-covid19/MosMedData Chest CT Scans with COVID-19 Related Findings COVID19_1110 1.0/studies/CT-0/study_0054.nii,.nii,study_0054.nii,20.0003
/kaggle/input/datasets,mathurinache/mosmeddata-chest-ct-scans-with-covid19/MosMedData Chest CT Scans with COVID-19 Related Findings COVID19_1110 1.0/studies/CT-0/study_0073.nii,/kaggle/input/datasets/mathurinache/mosmeddata-chest-ct-scans-with-covid19/MosMedData Chest CT Scans with COVID-19 Related Findings COVID19_1110 1.0/studies/CT-0/study_0073.nii,.nii,study_0073.nii,21.0003
/kaggle/input/datasets,mathurinache/mosmeddata-chest-ct-scans-with-covid19/MosMedData Chest CT Scans with COVID-19 Related Findings COVID19_1110 1.0/studies/CT-0/study_0051.nii,/kaggle/input/datasets/mathurinache/mosmeddata-chest-ct-scans-with-covid19/MosMedData Chest CT Scans with COVID-19 Related Findings COVID19_1110 1.0/studies/CT-0/study_0051.nii,.nii,study_0051.nii,22.5003
/kaggle/input/datasets,mathurinache/mosmeddata-chest-ct-scans-with-covid19/MosMedData Chest CT Scans with COVID-19 Related Findings COVID19_1110 1.0/studies/CT-0/study_0215.nii,/kaggle/input/datasets/mathurinache/mosmeddata-chest-ct-scans-with-covid19/MosMedData Chest CT Scans with COVID-19 Related Findings COVID19_1110 1.0/studies/CT-0/study_0215.nii,.nii,study_0215.nii,27.0003
/kaggle/input/datasets,mathurinache/mosmeddata-chest-ct-scans-with-covid19/MosMedData Chest CT Scans with COVID-19 Related Findings COVID19_1110 1.0/studies/CT-0/study_0024.nii,/kaggle/input/datasets/mathurinache/mosmeddata-chest-ct-scans-with-covid19/MosMedData Chest CT Scans with COVID-19 Related Findings COVID19_1110 1.0/studies/CT-0/study_0024.nii,.nii,study_0024.nii,22.5003
/kaggle/input/datasets,mathurinache/mosmeddata-chest-ct-scans-with-covid19/MosMedData Chest CT Scans with COVID-19 Related Findings COVID19_1110 1.0/studies/CT-0/study_0179.nii,/kaggle/input/datasets/mathurinache/mosmeddata-chest-ct-scans-with-covid19/MosMedData Chest CT Scans with COVID-19 Related Findings COVID19_1110 1.0/studies/CT-0/study_0179.nii,.nii,study_0179.nii,23.0003
/kaggle/input/datasets,mathurinache/mosmeddata-chest-ct-scans-with-covid19/MosMedData Chest CT Scans with COVID-19 Related Findings COVID19_1110 1.0/studies/CT-0/study_0216.nii,/kaggle/input/datasets/mathurinache/mosmeddata-chest-ct-scans-with-covid19/MosMedData Chest CT Scans with COVID-19 Related Findings COVID19_1110 1.0/studies/CT-0/study_0216.nii,.nii,study_0216.nii,23.5003
/kaggle/input/datasets,mathurinache/mosmeddata-chest-ct-scans-with-covid19/MosMedData Chest CT Scans with COVID-19 Related Findings COVID19_1110 1.0/studies/CT-0/study_0115.nii,/kaggle/input/datasets/mathurinache/mosmeddata-chest-ct-scans-with-covid19/MosMedData Chest CT Scans with COVID-19 Related Findings COVID19_1110 1.0/studies/CT-0/study_0115.nii,.nii,study_0115.nii,22.5003
/kaggle/input/datasets,mathurinache/mosmeddata-chest-ct-scans-with-covid19/MosMedData Chest CT Scans with COVID-19 Related Findings COVID19_1110 1.0/studies/CT-0/study_0139.nii,/kaggle/input/datasets/mathurinache/mosmeddata-chest-ct-scans-with-covid19/MosMedData Chest CT Scans with COVID-19 Related Findings COVID19_1110 1.0/studies/CT-0/study_0139.nii,.nii,study_0139.nii,17.5003
/kaggle/input/datasets,mathurinache/mosmeddata-chest-ct-scans-with-covid19/MosMedData Chest CT Scans with COVID-19 Related Findings COVID19_1110 1.0/studies/CT-0/study_0110.nii,/kaggle/input/datasets/mathurinache/mosmeddata-chest-ct-scans-with-covid19/MosMedData Chest CT Scans with COVID-19 Related Findings COVID19_1110 1.0/studies/CT-0/study_0110.nii,.nii,study_0110.nii,18.5003
/kaggle/input/datasets,mathurinache/mosmeddata-chest-ct-scans-with-covid19/MosMedData Chest CT Scans with COVID-19 Related Findings COVID19_1110 1.0/studies/CT-0/study_0168.nii,/kaggle/input/datasets/mathurinache/mosmeddata-chest-ct-scans-with-covid19/MosMedData Chest CT Scans with COVID-19 Related Findings COVID19_1110 1.0/studies/CT-0/study_0168.nii,.nii,study_0168.nii,23.0003
/kaggle/input/datasets,mathurinache/mosmeddata-chest-ct-scans-with-covid19/MosMedData Chest CT Scans with COVID-19 Related Findings COVID19_1110 1.0/studies/CT-0/study_0046.nii,/kaggle/input/datasets/mathurinache/mosmeddata-chest-ct-scans-with-covid19/MosMedData Chest CT Scans with COVID-19 Related Findings COVID19_1110 1.0/studies/CT-0/study_0046.nii,.nii,study_0046.nii,20.5003
/kaggle/input/datasets,mathurinache/mosmeddata-chest-ct-scans-with-covid19/MosMedData Chest CT Scans with COVID-19 Related Findings COVID19_1110 1.0/studies/CT-0/study_0145.nii,/kaggle/input/datasets/mathurinache/mosmeddata-chest-ct-scans-with-covid19/MosMedData Chest CT Scans with COVID-19 Related Findings COVID19_1110 1.0/studies/CT-0/study_0145.nii,.nii,study_0145.nii,22.5003
/kaggle/input/datasets,mathurinache/mosmeddata-chest-ct-scans-with-covid19/MosMedData Chest CT Scans with COVID-19 Related Findings COVID19_1110 1.0/studies/CT-0/study_0060.nii,/kaggle/input/datasets/mathurinache/mosmeddata-chest-ct-scans-with-covid19/MosMedData Chest CT Scans with COVID-19 Related Findings COVID19_1110 1.0/studies/CT-0/study_0060.nii,.nii,study_0060.nii,22.5003
/kaggle/input/datasets,mathurinache/mosmeddata-chest-ct-scans-with-covid19/MosMedData Chest CT Scans with COVID-19 Related Findings COVID19_1110 1.0/studies/CT-0/study_0108.nii,/kaggle/input/datasets/mathurinache/mosmeddata-chest-ct-scans-with-covid19/MosMedData Chest CT Scans with COVID-19 Related Findings COVID19_1110 1.0/studies/CT-0/study_0108.nii,.nii,study_0108.nii,22.5003
/kaggle/input/datasets,mathurinache/mosmeddata-chest-ct-scans-with-covid19/MosMedData Chest CT Scans with COVID-19 Related Findings COVID19_1110 1.0/studies/CT-0/study_0248.nii,/kaggle/input/datasets/mathurinache/mosmeddata-chest-ct-scans-with-covid19/MosMedData Chest CT Scans with COVID-19 Related Findings COVID19_1110 1.0/studies/CT-0/study_0248.nii,.nii,study_0248.nii,20.5003
/kaggle/input/datasets,mathurinache/mosmeddata-chest-ct-scans-with-covid19/MosMedData Chest CT Scans with COVID-19 Related Findings COVID19_1110 1.0/studies/CT-0/study_0006.nii,/kaggle/input/datasets/mathurinache/mosmeddata-chest-ct-scans-with-covid19/MosMedData Chest CT Scans with COVID-19 Related Findings COVID19_1110 1.0/studies/CT-0/study_0006.nii,.nii,study_0006.nii,19.0003
/kaggle/input/datasets,mathurinache/mosmeddata-chest-ct-scans-with-covid19/MosMedData Chest CT Scans with COVID-19 Related Findings COVID19_1110 1.0/studies/CT-0/study_0124.nii,/kaggle/input/datasets/mathurinache/mosmeddata-chest-ct-scans-with-covid19/MosMedData Chest CT Scans with COVID-19 Related Findings COVID19_1110 1.0/studies/CT-0/study_0124.nii,.nii,study_0124.nii,22.5003
/kaggle/input/datasets,mathurinache/mosmeddata-chest-ct-scans-with-covid19/MosMedData Chest CT Scans with COVID-19 Related Findings COVID19_1110 1.0/studies/CT-0/study_0161.nii,/kaggle/input/datasets/mathurinache/mosmeddata-chest-ct-scans-with-covid19/MosMedData Chest CT Scans with COVID-19 Related Findings COVID19_1110 1.0/studies/CT-0/study_0161.nii,.nii,study_0161.nii,22.5003
/kaggle/input/datasets,mathurinache/mosmeddata-chest-ct-scans-with-covid19/MosMedData Chest CT Scans with COVID-19 Related Findings COVID19_1110 1.0/studies/CT-0/study_0239.nii,/kaggle/input/datasets/mathurinache/mosmeddata-chest-ct-scans-with-covid19/MosMedData Chest CT Scans with COVID-19 Related Findings COVID19_1110 1.0/studies/CT-0/study_0239.nii,.nii,study_0239.nii,21.5003
/kaggle/input/datasets,mathurinache/mosmeddata-chest-ct-scans-with-covid19/MosMedData Chest CT Scans with COVID-19 Related Findings COVID19_1110 1.0/studies/CT-0/study_0016.nii,/kaggle/input/datasets/mathurinache/mosmeddata-chest-ct-scans-with-covid19/MosMedData Chest CT Scans with COVID-19 Related Findings COVID19_1110 1.0/studies/CT-0/study_0016.nii,.nii,study_0016.nii,22.5003
/kaggle/input/datasets,mathurinache/mosmeddata-chest-ct-scans-with-covid19/MosMedData Chest CT Scans with COVID-19 Related Findings COVID19_1110 1.0/studies/CT-0/study_0208.nii,/kaggle/input/datasets/mathurinache/mosmeddata-chest-ct-scans-with-covid19/MosMedData Chest CT Scans with COVID-19 Related Findings COVID19_1110 1.0/studies/CT-0/study_0208.nii,.nii,study_0208.nii,23.0003
/kaggle/input/datasets,mathurinache/mosmeddata-chest-ct-scans-with-covid19/MosMedData Chest CT Scans with COVID-19 Related Findings COVID19_1110 1.0/studies/CT-0/study_0175.nii,/kaggle/input/datasets/mathurinache/mosmeddata-chest-ct-scans-with-covid19/MosMedData Chest CT Scans with COVID-19 Related Findings COVID19_1110 1.0/studies/CT-0/study_0175.nii,.nii,study_0175.nii,22.5003
/kaggle/input/datasets,mathurinache/mosmeddata-chest-ct-scans-with-covid19/MosMedData Chest CT Scans with COVID-19 Related Findings COVID19_1110 1.0/studies/CT-0/study_0131.nii,/kaggle/input/datasets/mathurinache/mosmeddata-chest-ct-scans-with-covid19/MosMedData Chest CT Scans with COVID-19 Related Findings COVID19_1110 1.0/studies/CT-0/study_0131.nii,.nii,study_0131.nii,20.0003
/kaggle/input/datasets,mathurinache/mosmeddata-chest-ct-scans-with-covid19/MosMedData Chest CT Scans with COVID-19 Related Findings COVID19_1110 1.0/studies/CT-0/study_0088.nii,/kaggle/input/datasets/mathurinache/mosmeddata-chest-ct-scans-with-covid19/MosMedData Chest CT Scans with COVID-19 Related Findings COVID19_1110 1.0/studies/CT-0/study_0088.nii,.nii,study_0088.nii,20.5003
/kaggle/input/datasets,mathurinache/mosmeddata-chest-ct-scans-with-covid19/MosMedData Chest CT Scans with COVID-19 Related Findings COVID19_1110 1.0/studies/CT-0/study_0031.nii,/kaggle/input/datasets/mathurinache/mosmeddata-chest-ct-scans-with-covid19/MosMedData Chest CT Scans with COVID-19 Related Findings COVID19_1110 1.0/studies/CT-0/study_0031.nii,.nii,study_0031.nii,17.5003
/kaggle/input/datasets,mathurinache/mosmeddata-chest-ct-scans-with-covid19/MosMedData Chest CT Scans with COVID-19 Related Findings COVID19_1110 1.0/studies/CT-0/study_0109.nii,/kaggle/input/datasets/mathurinache/mosmeddata-chest-ct-scans-with-covid19/MosMedData Chest CT Scans with COVID-19 Related Findings COVID19_1110 1.0/studies/CT-0/study_0109.nii,.nii,study_0109.nii,20.0003
/kaggle/input/datasets,mathurinache/mosmeddata-chest-ct-scans-with-covid19/MosMedData Chest CT Scans with COVID-19 Related Findings COVID19_1110 1.0/studies/CT-0/study_0019.nii,/kaggle/input/datasets/mathurinache/mosmeddata-chest-ct-scans-with-covid19/MosMedData Chest CT Scans with COVID-19 Related Findings COVID19_1110 1.0/studies/CT-0/study_0019.nii,.nii,study_0019.nii,22.5003
/kaggle/input/datasets,mathurinache/mosmeddata-chest-ct-scans-with-covid19/MosMedData Chest CT Scans with COVID-19 Related Findings COVID19_1110 1.0/studies/CT-0/study_0032.nii,/kaggle/input/datasets/mathurinache/mosmeddata-chest-ct-scans-with-covid19/MosMedData Chest CT Scans with COVID-19 Related Findings COVID19_1110 1.0/studies/CT-0/study_0032.nii,.nii,study_0032.nii,22.0003
/kaggle/input/datasets,mathurinache/mosmeddata-chest-ct-scans-with-covid19/MosMedData Chest CT Scans with COVID-19 Related Findings COVID19_1110 1.0/studies/CT-0/study_0028.nii,/kaggle/input/datasets/mathurinache/mosmeddata-chest-ct-scans-with-covid19/MosMedData Chest CT Scans with COVID-19 Related Findings COVID19_1110 1.0/studies/CT-0/study_0028.nii,.nii,study_0028.nii,18.0003
/kaggle/input/datasets,mathurinache/mosmeddata-chest-ct-scans-with-covid19/MosMedData Chest CT Scans with COVID-19 Related Findings COVID19_1110 1.0/studies/CT-0/study_0099.nii,/kaggle/input/datasets/mathurinache/mosmeddata-chest-ct-scans-with-covid19/MosMedData Chest CT Scans with COVID-19 Related Findings COVID19_1110 1.0/studies/CT-0/study_0099.nii,.nii,study_0099.nii,20.0003
/kaggle/input/datasets,mathurinache/mosmeddata-chest-ct-scans-with-covid19/MosMedData Chest CT Scans with COVID-19 Related Findings COVID19_1110 1.0/studies/CT-0/study_0126.nii,/kaggle/input/datasets/mathurinache/mosmeddata-chest-ct-scans-with-covid19/MosMedData Chest CT Scans with COVID-19 Related Findings COVID19_1110 1.0/studies/CT-0/study_0126.nii,.nii,study_0126.nii,22.5003
/kaggle/input/datasets,mathurinache/mosmeddata-chest-ct-scans-with-covid19/MosMedData Chest CT Scans with COVID-19 Related Findings COVID19_1110 1.0/studies/CT-0/study_0063.nii,/kaggle/input/datasets/mathurinache/mosmeddata-chest-ct-scans-with-covid19/MosMedData Chest CT Scans with COVID-19 Related Findings COVID19_1110 1.0/studies/CT-0/study_0063.nii,.nii,study_0063.nii,22.5003
/kaggle/input/datasets,mathurinache/mosmeddata-chest-ct-scans-with-covid19/MosMedData Chest CT Scans with COVID-19 Related Findings COVID19_1110 1.0/studies/CT-0/study_0070.nii,/kaggle/input/datasets/mathurinache/mosmeddata-chest-ct-scans-with-covid19/MosMedData Chest CT Scans with COVID-19 Related Findings COVID19_1110 1.0/studies/CT-0/study_0070.nii,.nii,study_0070.nii,20.5003
/kaggle/input/datasets,mathurinache/mosmeddata-chest-ct-scans-with-covid19/MosMedData Chest CT Scans with COVID-19 Related Findings COVID19_1110 1.0/studies/CT-0/study_0205.nii,/kaggle/input/datasets/mathurinache/mosmeddata-chest-ct-scans-with-covid19/MosMedData Chest CT Scans with COVID-19 Related Findings COVID19_1110 1.0/studies/CT-0/study_0205.nii,.nii,study_0205.nii,22.5003
/kaggle/input/datasets,mathurinache/mosmeddata-chest-ct-scans-with-covid19/MosMedData Chest CT Scans with COVID-19 Related Findings COVID19_1110 1.0/studies/CT-0/study_0027.nii,/kaggle/input/datasets/mathurinache/mosmeddata-chest-ct-scans-with-covid19/MosMedData Chest CT Scans with COVID-19 Related Findings COVID19_1110 1.0/studies/CT-0/study_0027.nii,.nii,study_0027.nii,18.0003
/kaggle/input/datasets,mathurinache/mosmeddata-chest-ct-scans-with-covid19/MosMedData Chest CT Scans with COVID-19 Related Findings COVID19_1110 1.0/studies/CT-0/study_0253.nii,/kaggle/input/datasets/mathurinache/mosmeddata-chest-ct-scans-with-covid19/MosMedData Chest CT Scans with COVID-19 Related Findings COVID19_1110 1.0/studies/CT-0/study_0253.nii,.nii,study_0253.nii,19.0003
/kaggle/input/datasets,mathurinache/mosmeddata-chest-ct-scans-with-covid19/MosMedData Chest CT Scans with COVID-19 Related Findings COVID19_1110 1.0/studies/CT-0/study_0206.nii,/kaggle/input/datasets/mathurinache/mosmeddata-chest-ct-scans-with-covid19/MosMedData Chest CT Scans with COVID-19 Related Findings COVID19_1110 1.0/studies/CT-0/study_0206.nii,.nii,study_0206.nii,25.0003
/kaggle/input/datasets,mathurinache/mosmeddata-chest-ct-scans-with-covid19/MosMedData Chest CT Scans with COVID-19 Related Findings COVID19_1110 1.0/studies/CT-0/study_0207.nii,/kaggle/input/datasets/mathurinache/mosmeddata-chest-ct-scans-with-covid19/MosMedData Chest CT Scans with COVID-19 Related Findings COVID19_1110 1.0/studies/CT-0/study_0207.nii,.nii,study_0207.nii,22.5003
/kaggle/input/datasets,mathurinache/mosmeddata-chest-ct-scans-with-covid19/MosMedData Chest CT Scans with COVID-19 Related Findings COVID19_1110 1.0/studies/CT-0/study_0170.nii,/kaggle/input/datasets/mathurinache/mosmeddata-chest-ct-scans-with-covid19/MosMedData Chest CT Scans with COVID-19 Related Findings COVID19_1110 1.0/studies/CT-0/study_0170.nii,.nii,study_0170.nii,22.0003
/kaggle/input/datasets,mathurinache/mosmeddata-chest-ct-scans-with-covid19/MosMedData Chest CT Scans with COVID-19 Related Findings COVID19_1110 1.0/studies/CT-0/study_0094.nii,/kaggle/input/datasets/mathurinache/mosmeddata-chest-ct-scans-with-covid19/MosMedData Chest CT Scans with COVID-19 Related Findings COVID19_1110 1.0/studies/CT-0/study_0094.nii,.nii,study_0094.nii,22.0003
/kaggle/input/datasets,mathurinache/mosmeddata-chest-ct-scans-with-covid19/MosMedData Chest CT Scans with COVID-19 Related Findings COVID19_1110 1.0/studies/CT-0/study_0172.nii,/kaggle/input/datasets/mathurinache/mosmeddata-chest-ct-scans-with-covid19/MosMedData Chest CT Scans with COVID-19 Related Findings COVID19_1110 1.0/studies/CT-0/study_0172.nii,.nii,study_0172.nii,23.5003
/kaggle/input/datasets,mathurinache/mosmeddata-chest-ct-scans-with-covid19/MosMedData Chest CT Scans with COVID-19 Related Findings COVID19_1110 1.0/studies/CT-0/study_0231.nii,/kaggle/input/datasets/mathurinache/mosmeddata-chest-ct-scans-with-covid19/MosMedData Chest CT Scans with COVID-19 Related Findings COVID19_1110 1.0/studies/CT-0/study_0231.nii,.nii,study_0231.nii,22.5003
/kaggle/input/datasets,mathurinache/mosmeddata-chest-ct-scans-with-covid19/MosMedData Chest CT Scans with COVID-19 Related Findings COVID19_1110 1.0/studies/CT-0/study_0150.nii,/kaggle/input/datasets/mathurinache/mosmeddata-chest-ct-scans-with-covid19/MosMedData Chest CT Scans with COVID-19 Related Findings COVID19_1110 1.0/studies/CT-0/study_0150.nii,.nii,study_0150.nii,22.5003
/kaggle/input/datasets,mathurinache/mosmeddata-chest-ct-scans-with-covid19/MosMedData Chest CT Scans with COVID-19 Related Findings COVID19_1110 1.0/studies/CT-0/study_0178.nii,/kaggle/input/datasets/mathurinache/mosmeddata-chest-ct-scans-with-covid19/MosMedData Chest CT Scans with COVID-19 Related Findings COVID19_1110 1.0/studies/CT-0/study_0178.nii,.nii,study_0178.nii,24.0003
/kaggle/input/datasets,mathurinache/mosmeddata-chest-ct-scans-with-covid19/MosMedData Chest CT Scans with COVID-19 Related Findings COVID19_1110 1.0/studies/CT-0/study_0226.nii,/kaggle/input/datasets/mathurinache/mosmeddata-chest-ct-scans-with-covid19/MosMedData Chest CT Scans with COVID-19 Related Findings COVID19_1110 1.0/studies/CT-0/study_0226.nii,.nii,study_0226.nii,21.5003
/kaggle/input/datasets,mathurinache/mosmeddata-chest-ct-scans-with-covid19/MosMedData Chest CT Scans with COVID-19 Related Findings COVID19_1110 1.0/studies/CT-0/study_0120.nii,/kaggle/input/datasets/mathurinache/mosmeddata-chest-ct-scans-with-covid19/MosMedData Chest CT Scans with COVID-19 Related Findings COVID19_1110 1.0/studies/CT-0/study_0120.nii,.nii,study_0120.nii,21.0003
/kaggle/input/datasets,mathurinache/mosmeddata-chest-ct-scans-with-covid19/MosMedData Chest CT Scans with COVID-19 Related Findings COVID19_1110 1.0/studies/CT-0/study_0241.nii,/kaggle/input/datasets/mathurinache/mosmeddata-chest-ct-scans-with-covid19/MosMedData Chest CT Scans with COVID-19 Related Findings COVID19_1110 1.0/studies/CT-0/study_0241.nii,.nii,study_0241.nii,22.5003
/kaggle/input/datasets,mathurinache/mosmeddata-chest-ct-scans-with-covid19/MosMedData Chest CT Scans with COVID-19 Related Findings COVID19_1110 1.0/studies/CT-0/study_0067.nii,/kaggle/input/datasets/mathurinache/mosmeddata-chest-ct-scans-with-covid19/MosMedData Chest CT Scans with COVID-19 Related Findings COVID19_1110 1.0/studies/CT-0/study_0067.nii,.nii,study_0067.nii,22.0003
/kaggle/input/datasets,mathurinache/mosmeddata-chest-ct-scans-with-covid19/MosMedData Chest CT Scans with COVID-19 Related Findings COVID19_1110 1.0/studies/CT-0/study_0233.nii,/kaggle/input/datasets/mathurinache/mosmeddata-chest-ct-scans-with-covid19/MosMedData Chest CT Scans with COVID-19 Related Findings COVID19_1110 1.0/studies/CT-0/study_0233.nii,.nii,study_0233.nii,25.0003
/kaggle/input/datasets,mathurinache/mosmeddata-chest-ct-scans-with-covid19/MosMedData Chest CT Scans with COVID-19 Related Findings COVID19_1110 1.0/studies/CT-0/study_0096.nii,/kaggle/input/datasets/mathurinache/mosmeddata-chest-ct-scans-with-covid19/MosMedData Chest CT Scans with COVID-19 Related Findings COVID19_1110 1.0/studies/CT-0/study_0096.nii,.nii,study_0096.nii,21.5003
/kaggle/input/datasets,mathurinache/mosmeddata-chest-ct-scans-with-covid19/MosMedData Chest CT Scans with COVID-19 Related Findings COVID19_1110 1.0/studies/CT-0/study_0194.nii,/kaggle/input/datasets/mathurinache/mosmeddata-chest-ct-scans-with-covid19/MosMedData Chest CT Scans with COVID-19 Related Findings COVID19_1110 1.0/studies/CT-0/study_0194.nii,.nii,study_0194.nii,25.5003
/kaggle/input/datasets,mathurinache/mosmeddata-chest-ct-scans-with-covid19/MosMedData Chest CT Scans with COVID-19 Related Findings COVID19_1110 1.0/studies/CT-0/study_0229.nii,/kaggle/input/datasets/mathurinache/mosmeddata-chest-ct-scans-with-covid19/MosMedData Chest CT Scans with COVID-19 Related Findings COVID19_1110 1.0/studies/CT-0/study_0229.nii,.nii,study_0229.nii,22.5003
/kaggle/input/datasets,mathurinache/mosmeddata-chest-ct-scans-with-covid19/MosMedData Chest CT Scans with COVID-19 Related Findings COVID19_1110 1.0/studies/CT-0/study_0076.nii,/kaggle/input/datasets/mathurinache/mosmeddata-chest-ct-scans-with-covid19/MosMedData Chest CT Scans with COVID-19 Related Findings COVID19_1110 1.0/studies/CT-0/study_0076.nii,.nii,study_0076.nii,18.5003
/kaggle/input/datasets,mathurinache/mosmeddata-chest-ct-scans-with-covid19/MosMedData Chest CT Scans with COVID-19 Related Findings COVID19_1110 1.0/studies/CT-0/study_0052.nii,/kaggle/input/datasets/mathurinache/mosmeddata-chest-ct-scans-with-covid19/MosMedData Chest CT Scans with COVID-19 Related Findings COVID19_1110 1.0/studies/CT-0/study_0052.nii,.nii,study_0052.nii,19.5003
/kaggle/input/datasets,mathurinache/mosmeddata-chest-ct-scans-with-covid19/MosMedData Chest CT Scans with COVID-19 Related Findings COVID19_1110 1.0/studies/CT-0/study_0097.nii,/kaggle/input/datasets/mathurinache/mosmeddata-chest-ct-scans-with-covid19/MosMedData Chest CT Scans with COVID-19 Related Findings COVID19_1110 1.0/studies/CT-0/study_0097.nii,.nii,study_0097.nii,19.5003
/kaggle/input/datasets,mathurinache/mosmeddata-chest-ct-scans-with-covid19/MosMedData Chest CT Scans with COVID-19 Related Findings COVID19_1110 1.0/studies/CT-0/study_0136.nii,/kaggle/input/datasets/mathurinache/mosmeddata-chest-ct-scans-with-covid19/MosMedData Chest CT Scans with COVID-19 Related Findings COVID19_1110 1.0/studies/CT-0/study_0136.nii,.nii,study_0136.nii,22.5003
/kaggle/input/datasets,mathurinache/mosmeddata-chest-ct-scans-with-covid19/MosMedData Chest CT Scans with COVID-19 Related Findings COVID19_1110 1.0/studies/CT-0/study_0181.nii,/kaggle/input/datasets/mathurinache/mosmeddata-chest-ct-scans-with-covid19/MosMedData Chest CT Scans with COVID-19 Related Findings COVID19_1110 1.0/studies/CT-0/study_0181.nii,.nii,study_0181.nii,25.5003
/kaggle/input/datasets,mathurinache/mosmeddata-chest-ct-scans-with-covid19/MosMedData Chest CT Scans with COVID-19 Related Findings COVID19_1110 1.0/studies/CT-0/study_0155.nii,/kaggle/input/datasets/mathurinache/mosmeddata-chest-ct-scans-with-covid19/MosMedData Chest CT Scans with COVID-19 Related Findings COVID19_1110 1.0/studies/CT-0/study_0155.nii,.nii,study_0155.nii,22.5003
/kaggle/input/datasets,mathurinache/mosmeddata-chest-ct-scans-with-covid19/MosMedData Chest CT Scans with COVID-19 Related Findings COVID19_1110 1.0/studies/CT-0/study_0133.nii,/kaggle/input/datasets/mathurinache/mosmeddata-chest-ct-scans-with-covid19/MosMedData Chest CT Scans with COVID-19 Related Findings COVID19_1110 1.0/studies/CT-0/study_0133.nii,.nii,study_0133.nii,20.0003
/kaggle/input/datasets,mathurinache/mosmeddata-chest-ct-scans-with-covid19/MosMedData Chest CT Scans with COVID-19 Related Findings COVID19_1110 1.0/studies/CT-0/study_0141.nii,/kaggle/input/datasets/mathurinache/mosmeddata-chest-ct-scans-with-covid19/MosMedData Chest CT Scans with COVID-19 Related Findings COVID19_1110 1.0/studies/CT-0/study_0141.nii,.nii,study_0141.nii,33.5003
/kaggle/input/datasets,mathurinache/mosmeddata-chest-ct-scans-with-covid19/MosMedData Chest CT Scans with COVID-19 Related Findings COVID19_1110 1.0/studies/CT-0/study_0199.nii,/kaggle/input/datasets/mathurinache/mosmeddata-chest-ct-scans-with-covid19/MosMedData Chest CT Scans with COVID-19 Related Findings COVID19_1110 1.0/studies/CT-0/study_0199.nii,.nii,study_0199.nii,20.0003
/kaggle/input/datasets,mathurinache/mosmeddata-chest-ct-scans-with-covid19/MosMedData Chest CT Scans with COVID-19 Related Findings COVID19_1110 1.0/studies/CT-0/study_0078.nii,/kaggle/input/datasets/mathurinache/mosmeddata-chest-ct-scans-with-covid19/MosMedData Chest CT Scans with COVID-19 Related Findings COVID19_1110 1.0/studies/CT-0/study_0078.nii,.nii,study_0078.nii,20.0003
/kaggle/input/datasets,mathurinache/mosmeddata-chest-ct-scans-with-covid19/MosMedData Chest CT Scans with COVID-19 Related Findings COVID19_1110 1.0/studies/CT-0/study_0092.nii,/kaggle/input/datasets/mathurinache/mosmeddata-chest-ct-scans-with-covid19/MosMedData Chest CT Scans with COVID-19 Related Findings COVID19_1110 1.0/studies/CT-0/study_0092.nii,.nii,study_0092.nii,17.0003
/kaggle/input/datasets,mathurinache/mosmeddata-chest-ct-scans-with-covid19/MosMedData Chest CT Scans with COVID-19 Related Findings COVID19_1110 1.0/studies/CT-0/study_0237.nii,/kaggle/input/datasets/mathurinache/mosmeddata-chest-ct-scans-with-covid19/MosMedData Chest CT Scans with COVID-19 Related Findings COVID19_1110 1.0/studies/CT-0/study_0237.nii,.nii,study_0237.nii,17.5003
/kaggle/input/datasets,mathurinache/mosmeddata-chest-ct-scans-with-covid19/MosMedData Chest CT Scans with COVID-19 Related Findings COVID19_1110 1.0/studies/CT-0/study_0057.nii,/kaggle/input/datasets/mathurinache/mosmeddata-chest-ct-scans-with-covid19/MosMedData Chest CT Scans with COVID-19 Related Findings COVID19_1110 1.0/studies/CT-0/study_0057.nii,.nii,study_0057.nii,19.5003
/kaggle/input/datasets,mathurinache/mosmeddata-chest-ct-scans-with-covid19/MosMedData Chest CT Scans with COVID-19 Related Findings COVID19_1110 1.0/studies/CT-0/study_0066.nii,/kaggle/input/datasets/mathurinache/mosmeddata-chest-ct-scans-with-covid19/MosMedData Chest CT Scans with COVID-19 Related Findings COVID19_1110 1.0/studies/CT-0/study_0066.nii,.nii,study_0066.nii,21.5003
/kaggle/input/datasets,mathurinache/mosmeddata-chest-ct-scans-with-covid19/MosMedData Chest CT Scans with COVID-19 Related Findings COVID19_1110 1.0/studies/CT-0/study_0221.nii,/kaggle/input/datasets/mathurinache/mosmeddata-chest-ct-scans-with-covid19/MosMedData Chest CT Scans with COVID-19 Related Findings COVID19_1110 1.0/studies/CT-0/study_0221.nii,.nii,study_0221.nii,22.5003
/kaggle/input/datasets,mathurinache/mosmeddata-chest-ct-scans-with-covid19/MosMedData Chest CT Scans with COVID-19 Related Findings COVID19_1110 1.0/studies/CT-0/study_0103.nii,/kaggle/input/datasets/mathurinache/mosmeddata-chest-ct-scans-with-covid19/MosMedData Chest CT Scans with COVID-19 Related Findings COVID19_1110 1.0/studies/CT-0/study_0103.nii,.nii,study_0103.nii,22.5003
/kaggle/input/datasets,mathurinache/mosmeddata-chest-ct-scans-with-covid19/MosMedData Chest CT Scans with COVID-19 Related Findings COVID19_1110 1.0/studies/CT-0/study_0001.nii,/kaggle/input/datasets/mathurinache/mosmeddata-chest-ct-scans-with-covid19/MosMedData Chest CT Scans with COVID-19 Related Findings COVID19_1110 1.0/studies/CT-0/study_0001.nii,.nii,study_0001.nii,21.5003
/kaggle/input/datasets,mathurinache/mosmeddata-chest-ct-scans-with-covid19/MosMedData Chest CT Scans with COVID-19 Related Findings COVID19_1110 1.0/studies/CT-0/study_0048.nii,/kaggle/input/datasets/mathurinache/mosmeddata-chest-ct-scans-with-covid19/MosMedData Chest CT Scans with COVID-19 Related Findings COVID19_1110 1.0/studies/CT-0/study_0048.nii,.nii,study_0048.nii,22.5003
/kaggle/input/datasets,mathurinache/mosmeddata-chest-ct-scans-with-covid19/MosMedData Chest CT Scans with COVID-19 Related Findings COVID19_1110 1.0/studies/CT-0/study_0166.nii,/kaggle/input/datasets/mathurinache/mosmeddata-chest-ct-scans-with-covid19/MosMedData Chest CT Scans with COVID-19 Related Findings COVID19_1110 1.0/studies/CT-0/study_0166.nii,.nii,study_0166.nii,22.5003
/kaggle/input/datasets,mathurinache/mosmeddata-chest-ct-scans-with-covid19/MosMedData Chest CT Scans with COVID-19 Related Findings COVID19_1110 1.0/studies/CT-0/study_0114.nii,/kaggle/input/datasets/mathurinache/mosmeddata-chest-ct-scans-with-covid19/MosMedData Chest CT Scans with COVID-19 Related Findings COVID19_1110 1.0/studies/CT-0/study_0114.nii,.nii,study_0114.nii,21.0003
/kaggle/input/datasets,mathurinache/mosmeddata-chest-ct-scans-with-covid19/MosMedData Chest CT Scans with COVID-19 Related Findings COVID19_1110 1.0/studies/CT-0/study_0210.nii,/kaggle/input/datasets/mathurinache/mosmeddata-chest-ct-scans-with-covid19/MosMedData Chest CT Scans with COVID-19 Related Findings COVID19_1110 1.0/studies/CT-0/study_0210.nii,.nii,study_0210.nii,23.0003
/kaggle/input/datasets,mathurinache/mosmeddata-chest-ct-scans-with-covid19/MosMedData Chest CT Scans with COVID-19 Related Findings COVID19_1110 1.0/studies/CT-0/study_0220.nii,/kaggle/input/datasets/mathurinache/mosmeddata-chest-ct-scans-with-covid19/MosMedData Chest CT Scans with COVID-19 Related Findings COVID19_1110 1.0/studies/CT-0/study_0220.nii,.nii,study_0220.nii,22.5003
/kaggle/input/datasets,mathurinache/mosmeddata-chest-ct-scans-with-covid19/MosMedData Chest CT Scans with COVID-19 Related Findings COVID19_1110 1.0/studies/CT-0/study_0157.nii,/kaggle/input/datasets/mathurinache/mosmeddata-chest-ct-scans-with-covid19/MosMedData Chest CT Scans with COVID-19 Related Findings COVID19_1110 1.0/studies/CT-0/study_0157.nii,.nii,study_0157.nii,19.5003
/kaggle/input/datasets,mathurinache/mosmeddata-chest-ct-scans-with-covid19/MosMedData Chest CT Scans with COVID-19 Related Findings COVID19_1110 1.0/studies/CT-0/study_0039.nii,/kaggle/input/datasets/mathurinache/mosmeddata-chest-ct-scans-with-covid19/MosMedData Chest CT Scans with COVID-19 Related Findings COVID19_1110 1.0/studies/CT-0/study_0039.nii,.nii,study_0039.nii,22.0003
/kaggle/input/datasets,mathurinache/mosmeddata-chest-ct-scans-with-covid19/MosMedData Chest CT Scans with COVID-19 Related Findings COVID19_1110 1.0/studies/CT-0/study_0180.nii,/kaggle/input/datasets/mathurinache/mosmeddata-chest-ct-scans-with-covid19/MosMedData Chest CT Scans with COVID-19 Related Findings COVID19_1110 1.0/studies/CT-0/study_0180.nii,.nii,study_0180.nii,24.0003
/kaggle/input/datasets,mathurinache/mosmeddata-chest-ct-scans-with-covid19/MosMedData Chest CT Scans with COVID-19 Related Findings COVID19_1110 1.0/studies/CT-0/study_0026.nii,/kaggle/input/datasets/mathurinache/mosmeddata-chest-ct-scans-with-covid19/MosMedData Chest CT Scans with COVID-19 Related Findings COVID19_1110 1.0/studies/CT-0/study_0026.nii,.nii,study_0026.nii,22.5003
/kaggle/input/datasets,mathurinache/mosmeddata-chest-ct-scans-with-covid19/MosMedData Chest CT Scans with COVID-19 Related Findings COVID19_1110 1.0/studies/CT-0/study_0202.nii,/kaggle/input/datasets/mathurinache/mosmeddata-chest-ct-scans-with-covid19/MosMedData Chest CT Scans with COVID-19 Related Findings COVID19_1110 1.0/studies/CT-0/study_0202.nii,.nii,study_0202.nii,26.5003
/kaggle/input/datasets,mathurinache/mosmeddata-chest-ct-scans-with-covid19/MosMedData Chest CT Scans with COVID-19 Related Findings COVID19_1110 1.0/studies/CT-0/study_0075.nii,/kaggle/input/datasets/mathurinache/mosmeddata-chest-ct-scans-with-covid19/MosMedData Chest CT Scans with COVID-19 Related Findings COVID19_1110 1.0/studies/CT-0/study_0075.nii,.nii,study_0075.nii,21.5003
/kaggle/input/datasets,mathurinache/mosmeddata-chest-ct-scans-with-covid19/MosMedData Chest CT Scans with COVID-19 Related Findings COVID19_1110 1.0/studies/CT-0/study_0005.nii,/kaggle/input/datasets/mathurinache/mosmeddata-chest-ct-scans-with-covid19/MosMedData Chest CT Scans with COVID-19 Related Findings COVID19_1110 1.0/studies/CT-0/study_0005.nii,.nii,study_0005.nii,21.5003
/kaggle/input/datasets,mathurinache/mosmeddata-chest-ct-scans-with-covid19/MosMedData Chest CT Scans with COVID-19 Related Findings COVID19_1110 1.0/studies/CT-0/study_0249.nii,/kaggle/input/datasets/mathurinache/mosmeddata-chest-ct-scans-with-covid19/MosMedData Chest CT Scans with COVID-19 Related Findings COVID19_1110 1.0/studies/CT-0/study_0249.nii,.nii,study_0249.nii,23.0003
/kaggle/input/datasets,mathurinache/mosmeddata-chest-ct-scans-with-covid19/MosMedData Chest CT Scans with COVID-19 Related Findings COVID19_1110 1.0/studies/CT-0/study_0074.nii,/kaggle/input/datasets/mathurinache/mosmeddata-chest-ct-scans-with-covid19/MosMedData Chest CT Scans with COVID-19 Related Findings COVID19_1110 1.0/studies/CT-0/study_0074.nii,.nii,study_0074.nii,20.0003
/kaggle/input/datasets,mathurinache/mosmeddata-chest-ct-scans-with-covid19/MosMedData Chest CT Scans with COVID-19 Related Findings COVID19_1110 1.0/studies/CT-0/study_0004.nii,/kaggle/input/datasets/mathurinache/mosmeddata-chest-ct-scans-with-covid19/MosMedData Chest CT Scans with COVID-19 Related Findings COVID19_1110 1.0/studies/CT-0/study_0004.nii,.nii,study_0004.nii,23.0003
/kaggle/input/datasets,mathurinache/mosmeddata-chest-ct-scans-with-covid19/MosMedData Chest CT Scans with COVID-19 Related Findings COVID19_1110 1.0/studies/CT-0/study_0079.nii,/kaggle/input/datasets/mathurinache/mosmeddata-chest-ct-scans-with-covid19/MosMedData Chest CT Scans with COVID-19 Related Findings COVID19_1110 1.0/studies/CT-0/study_0079.nii,.nii,study_0079.nii,20.0003
/kaggle/input/datasets,mathurinache/mosmeddata-chest-ct-scans-with-covid19/MosMedData Chest CT Scans with COVID-19 Related Findings COVID19_1110 1.0/studies/CT-0/study_0123.nii,/kaggle/input/datasets/mathurinache/mosmeddata-chest-ct-scans-with-covid19/MosMedData Chest CT Scans with COVID-19 Related Findings COVID19_1110 1.0/studies/CT-0/study_0123.nii,.nii,study_0123.nii,22.5003
/kaggle/input/datasets,mathurinache/mosmeddata-chest-ct-scans-with-covid19/MosMedData Chest CT Scans with COVID-19 Related Findings COVID19_1110 1.0/studies/CT-0/study_0021.nii,/kaggle/input/datasets/mathurinache/mosmeddata-chest-ct-scans-with-covid19/MosMedData Chest CT Scans with COVID-19 Related Findings COVID19_1110 1.0/studies/CT-0/study_0021.nii,.nii,study_0021.nii,22.5003
/kaggle/input/datasets,mathurinache/mosmeddata-chest-ct-scans-with-covid19/MosMedData Chest CT Scans with COVID-19 Related Findings COVID19_1110 1.0/studies/CT-0/study_0232.nii,/kaggle/input/datasets/mathurinache/mosmeddata-chest-ct-scans-with-covid19/MosMedData Chest CT Scans with COVID-19 Related Findings COVID19_1110 1.0/studies/CT-0/study_0232.nii,.nii,study_0232.nii,22.0003
/kaggle/input/datasets,mathurinache/mosmeddata-chest-ct-scans-with-covid19/MosMedData Chest CT Scans with COVID-19 Related Findings COVID19_1110 1.0/studies/CT-0/study_0128.nii,/kaggle/input/datasets/mathurinache/mosmeddata-chest-ct-scans-with-covid19/MosMedData Chest CT Scans with COVID-19 Related Findings COVID19_1110 1.0/studies/CT-0/study_0128.nii,.nii,study_0128.nii,22.5003
/kaggle/input/datasets,mathurinache/mosmeddata-chest-ct-scans-with-covid19/MosMedData Chest CT Scans with COVID-19 Related Findings COVID19_1110 1.0/studies/CT-0/study_0243.nii,/kaggle/input/datasets/mathurinache/mosmeddata-chest-ct-scans-with-covid19/MosMedData Chest CT Scans with COVID-19 Related Findings COVID19_1110 1.0/studies/CT-0/study_0243.nii,.nii,study_0243.nii,22.5003
/kaggle/input/datasets,mathurinache/mosmeddata-chest-ct-scans-with-covid19/MosMedData Chest CT Scans with COVID-19 Related Findings COVID19_1110 1.0/studies/CT-0/study_0083.nii,/kaggle/input/datasets/mathurinache/mosmeddata-chest-ct-scans-with-covid19/MosMedData Chest CT Scans with COVID-19 Related Findings COVID19_1110 1.0/studies/CT-0/study_0083.nii,.nii,study_0083.nii,20.5003
/kaggle/input/datasets,mathurinache/mosmeddata-chest-ct-scans-with-covid19/MosMedData Chest CT Scans with COVID-19 Related Findings COVID19_1110 1.0/studies/CT-0/study_0010.nii,/kaggle/input/datasets/mathurinache/mosmeddata-chest-ct-scans-with-covid19/MosMedData Chest CT Scans with COVID-19 Related Findings COVID19_1110 1.0/studies/CT-0/study_0010.nii,.nii,study_0010.nii,25.5003
/kaggle/input/datasets,mathurinache/mosmeddata-chest-ct-scans-with-covid19/MosMedData Chest CT Scans with COVID-19 Related Findings COVID19_1110 1.0/studies/CT-0/study_0214.nii,/kaggle/input/datasets/mathurinache/mosmeddata-chest-ct-scans-with-covid19/MosMedData Chest CT Scans with COVID-19 Related Findings COVID19_1110 1.0/studies/CT-0/study_0214.nii,.nii,study_0214.nii,24.5003
/kaggle/input/datasets,mathurinache/mosmeddata-chest-ct-scans-with-covid19/MosMedData Chest CT Scans with COVID-19 Related Findings COVID19_1110 1.0/studies/CT-0/study_0134.nii,/kaggle/input/datasets/mathurinache/mosmeddata-chest-ct-scans-with-covid19/MosMedData Chest CT Scans with COVID-19 Related Findings COVID19_1110 1.0/studies/CT-0/study_0134.nii,.nii,study_0134.nii,22.5003
/kaggle/input/datasets,mathurinache/mosmeddata-chest-ct-scans-with-covid19/MosMedData Chest CT Scans with COVID-19 Related Findings COVID19_1110 1.0/studies/CT-0/study_0044.nii,/kaggle/input/datasets/mathurinache/mosmeddata-chest-ct-scans-with-covid19/MosMedData Chest CT Scans with COVID-19 Related Findings COVID19_1110 1.0/studies/CT-0/study_0044.nii,.nii,study_0044.nii,20.0003
/kaggle/input/datasets,mathurinache/mosmeddata-chest-ct-scans-with-covid19/MosMedData Chest CT Scans with COVID-19 Related Findings COVID19_1110 1.0/studies/CT-0/study_0050.nii,/kaggle/input/datasets/mathurinache/mosmeddata-chest-ct-scans-with-covid19/MosMedData Chest CT Scans with COVID-19 Related Findings COVID19_1110 1.0/studies/CT-0/study_0050.nii,.nii,study_0050.nii,22.5003
/kaggle/input/datasets,mathurinache/mosmeddata-chest-ct-scans-with-covid19/MosMedData Chest CT Scans with COVID-19 Related Findings COVID19_1110 1.0/studies/CT-0/study_0080.nii,/kaggle/input/datasets/mathurinache/mosmeddata-chest-ct-scans-with-covid19/MosMedData Chest CT Scans with COVID-19 Related Findings COVID19_1110 1.0/studies/CT-0/study_0080.nii,.nii,study_0080.nii,17.0003
/kaggle/input/datasets,mathurinache/mosmeddata-chest-ct-scans-with-covid19/MosMedData Chest CT Scans with COVID-19 Related Findings COVID19_1110 1.0/studies/CT-0/study_0164.nii,/kaggle/input/datasets/mathurinache/mosmeddata-chest-ct-scans-with-covid19/MosMedData Chest CT Scans with COVID-19 Related Findings COVID19_1110 1.0/studies/CT-0/study_0164.nii,.nii,study_0164.nii,23.0003
/kaggle/input/datasets,mathurinache/mosmeddata-chest-ct-scans-with-covid19/MosMedData Chest CT Scans with COVID-19 Related Findings COVID19_1110 1.0/studies/CT-0/study_0107.nii,/kaggle/input/datasets/mathurinache/mosmeddata-chest-ct-scans-with-covid19/MosMedData Chest CT Scans with COVID-19 Related Findings COVID19_1110 1.0/studies/CT-0/study_0107.nii,.nii,study_0107.nii,21.0003
/kaggle/input/datasets,mathurinache/mosmeddata-chest-ct-scans-with-covid19/MosMedData Chest CT Scans with COVID-19 Related Findings COVID19_1110 1.0/studies/CT-0/study_0163.nii,/kaggle/input/datasets/mathurinache/mosmeddata-chest-ct-scans-with-covid19/MosMedData Chest CT Scans with COVID-19 Related Findings COVID19_1110 1.0/studies/CT-0/study_0163.nii,.nii,study_0163.nii,22.5003
/kaggle/input/datasets,mathurinache/mosmeddata-chest-ct-scans-with-covid19/MosMedData Chest CT Scans with COVID-19 Related Findings COVID19_1110 1.0/studies/CT-0/study_0100.nii,/kaggle/input/datasets/mathurinache/mosmeddata-chest-ct-scans-with-covid19/MosMedData Chest CT Scans with COVID-19 Related Findings COVID19_1110 1.0/studies/CT-0/study_0100.nii,.nii,study_0100.nii,20.5003
/kaggle/input/datasets,mathurinache/mosmeddata-chest-ct-scans-with-covid19/MosMedData Chest CT Scans with COVID-19 Related Findings COVID19_1110 1.0/studies/CT-0/study_0238.nii,/kaggle/input/datasets/mathurinache/mosmeddata-chest-ct-scans-with-covid19/MosMedData Chest CT Scans with COVID-19 Related Findings COVID19_1110 1.0/studies/CT-0/study_0238.nii,.nii,study_0238.nii,23.0003
/kaggle/input/datasets,mathurinache/mosmeddata-chest-ct-scans-with-covid19/MosMedData Chest CT Scans with COVID-19 Related Findings COVID19_1110 1.0/studies/CT-0/study_0176.nii,/kaggle/input/datasets/mathurinache/mosmeddata-chest-ct-scans-with-covid19/MosMedData Chest CT Scans with COVID-19 Related Findings COVID19_1110 1.0/studies/CT-0/study_0176.nii,.nii,study_0176.nii,26.0003
/kaggle/input/datasets,mathurinache/mosmeddata-chest-ct-scans-with-covid19/MosMedData Chest CT Scans with COVID-19 Related Findings COVID19_1110 1.0/studies/CT-0/study_0184.nii,/kaggle/input/datasets/mathurinache/mosmeddata-chest-ct-scans-with-covid19/MosMedData Chest CT Scans with COVID-19 Related Findings COVID19_1110 1.0/studies/CT-0/study_0184.nii,.nii,study_0184.nii,26.0003
/kaggle/input/datasets,mathurinache/mosmeddata-chest-ct-scans-with-covid19/MosMedData Chest CT Scans with COVID-19 Related Findings COVID19_1110 1.0/studies/CT-0/study_0071.nii,/kaggle/input/datasets/mathurinache/mosmeddata-chest-ct-scans-with-covid19/MosMedData Chest CT Scans with COVID-19 Related Findings COVID19_1110 1.0/studies/CT-0/study_0071.nii,.nii,study_0071.nii,22.5003
/kaggle/input/datasets,mathurinache/mosmeddata-chest-ct-scans-with-covid19/MosMedData Chest CT Scans with COVID-19 Related Findings COVID19_1110 1.0/studies/CT-0/study_0033.nii,/kaggle/input/datasets/mathurinache/mosmeddata-chest-ct-scans-with-covid19/MosMedData Chest CT Scans with COVID-19 Related Findings COVID19_1110 1.0/studies/CT-0/study_0033.nii,.nii,study_0033.nii,22.5003
/kaggle/input/datasets,mathurinache/mosmeddata-chest-ct-scans-with-covid19/MosMedData Chest CT Scans with COVID-19 Related Findings COVID19_1110 1.0/studies/CT-0/study_0104.nii,/kaggle/input/datasets/mathurinache/mosmeddata-chest-ct-scans-with-covid19/MosMedData Chest CT Scans with COVID-19 Related Findings COVID19_1110 1.0/studies/CT-0/study_0104.nii,.nii,study_0104.nii,22.5003
/kaggle/input/datasets,mathurinache/mosmeddata-chest-ct-scans-with-covid19/MosMedData Chest CT Scans with COVID-19 Related Findings COVID19_1110 1.0/studies/CT-0/study_0090.nii,/kaggle/input/datasets/mathurinache/mosmeddata-chest-ct-scans-with-covid19/MosMedData Chest CT Scans with COVID-19 Related Findings COVID19_1110 1.0/studies/CT-0/study_0090.nii,.nii,study_0090.nii,19.0003
/kaggle/input/datasets,mathurinache/mosmeddata-chest-ct-scans-with-covid19/MosMedData Chest CT Scans with COVID-19 Related Findings COVID19_1110 1.0/studies/CT-0/study_0007.nii,/kaggle/input/datasets/mathurinache/mosmeddata-chest-ct-scans-with-covid19/MosMedData Chest CT Scans with COVID-19 Related Findings COVID19_1110 1.0/studies/CT-0/study_0007.nii,.nii,study_0007.nii,22.0003
/kaggle/input/datasets,mathurinache/mosmeddata-chest-ct-scans-with-covid19/MosMedData Chest CT Scans with COVID-19 Related Findings COVID19_1110 1.0/studies/CT-0/study_0244.nii,/kaggle/input/datasets/mathurinache/mosmeddata-chest-ct-scans-with-covid19/MosMedData Chest CT Scans with COVID-19 Related Findings COVID19_1110 1.0/studies/CT-0/study_0244.nii,.nii,study_0244.nii,22.5003
/kaggle/input/datasets,mathurinache/mosmeddata-chest-ct-scans-with-covid19/MosMedData Chest CT Scans with COVID-19 Related Findings COVID19_1110 1.0/studies/CT-0/study_0167.nii,/kaggle/input/datasets/mathurinache/mosmeddata-chest-ct-scans-with-covid19/MosMedData Chest CT Scans with COVID-19 Related Findings COVID19_1110 1.0/studies/CT-0/study_0167.nii,.nii,study_0167.nii,20.0003
/kaggle/input/datasets,mathurinache/mosmeddata-chest-ct-scans-with-covid19/MosMedData Chest CT Scans with COVID-19 Related Findings COVID19_1110 1.0/studies/CT-0/study_0034.nii,/kaggle/input/datasets/mathurinache/mosmeddata-chest-ct-scans-with-covid19/MosMedData Chest CT Scans with COVID-19 Related Findings COVID19_1110 1.0/studies/CT-0/study_0034.nii,.nii,study_0034.nii,16.5003
/kaggle/input/datasets,mathurinache/mosmeddata-chest-ct-scans-with-covid19/MosMedData Chest CT Scans with COVID-19 Related Findings COVID19_1110 1.0/studies/CT-0/study_0045.nii,/kaggle/input/datasets/mathurinache/mosmeddata-chest-ct-scans-with-covid19/MosMedData Chest CT Scans with COVID-19 Related Findings COVID19_1110 1.0/studies/CT-0/study_0045.nii,.nii,study_0045.nii,20.5003
/kaggle/input/datasets,mathurinache/mosmeddata-chest-ct-scans-with-covid19/MosMedData Chest CT Scans with COVID-19 Related Findings COVID19_1110 1.0/studies/CT-0/study_0213.nii,/kaggle/input/datasets/mathurinache/mosmeddata-chest-ct-scans-with-covid19/MosMedData Chest CT Scans with COVID-19 Related Findings COVID19_1110 1.0/studies/CT-0/study_0213.nii,.nii,study_0213.nii,23.0003
/kaggle/input/datasets,mathurinache/mosmeddata-chest-ct-scans-with-covid19/MosMedData Chest CT Scans with COVID-19 Related Findings COVID19_1110 1.0/studies/CT-0/study_0011.nii,/kaggle/input/datasets/mathurinache/mosmeddata-chest-ct-scans-with-covid19/MosMedData Chest CT Scans with COVID-19 Related Findings COVID19_1110 1.0/studies/CT-0/study_0011.nii,.nii,study_0011.nii,21.0003
/kaggle/input/datasets,mathurinache/mosmeddata-chest-ct-scans-with-covid19/MosMedData Chest CT Scans with COVID-19 Related Findings COVID19_1110 1.0/studies/CT-0/study_0140.nii,/kaggle/input/datasets/mathurinache/mosmeddata-chest-ct-scans-with-covid19/MosMedData Chest CT Scans with COVID-19 Related Findings COVID19_1110 1.0/studies/CT-0/study_0140.nii,.nii,study_0140.nii,16.5003
/kaggle/input/datasets,mathurinache/mosmeddata-chest-ct-scans-with-covid19/MosMedData Chest CT Scans with COVID-19 Related Findings COVID19_1110 1.0/studies/CT-0/study_0084.nii,/kaggle/input/datasets/mathurinache/mosmeddata-chest-ct-scans-with-covid19/MosMedData Chest CT Scans with COVID-19 Related Findings COVID19_1110 1.0/studies/CT-0/study_0084.nii,.nii,study_0084.nii,20.5003
/kaggle/input/datasets,mathurinache/mosmeddata-chest-ct-scans-with-covid19/MosMedData Chest CT Scans with COVID-19 Related Findings COVID19_1110 1.0/studies/CT-0/study_0020.nii,/kaggle/input/datasets/mathurinache/mosmeddata-chest-ct-scans-with-covid19/MosMedData Chest CT Scans with COVID-19 Related Findings COVID19_1110 1.0/studies/CT-0/study_0020.nii,.nii,study_0020.nii,21.5003
/kaggle/input/datasets,mathurinache/mosmeddata-chest-ct-scans-with-covid19/MosMedData Chest CT Scans with COVID-19 Related Findings COVID19_1110 1.0/studies/CT-0/study_0160.nii,/kaggle/input/datasets/mathurinache/mosmeddata-chest-ct-scans-with-covid19/MosMedData Chest CT Scans with COVID-19 Related Findings COVID19_1110 1.0/studies/CT-0/study_0160.nii,.nii,study_0160.nii,22.5003
/kaggle/input/datasets,mathurinache/mosmeddata-chest-ct-scans-with-covid19/MosMedData Chest CT Scans with COVID-19 Related Findings COVID19_1110 1.0/studies/CT-0/study_0247.nii,/kaggle/input/datasets/mathurinache/mosmeddata-chest-ct-scans-with-covid19/MosMedData Chest CT Scans with COVID-19 Related Findings COVID19_1110 1.0/studies/CT-0/study_0247.nii,.nii,study_0247.nii,20.5003
/kaggle/input/datasets,mathurinache/mosmeddata-chest-ct-scans-with-covid19/MosMedData Chest CT Scans with COVID-19 Related Findings COVID19_1110 1.0/studies/CT-0/study_0211.nii,/kaggle/input/datasets/mathurinache/mosmeddata-chest-ct-scans-with-covid19/MosMedData Chest CT Scans with COVID-19 Related Findings COVID19_1110 1.0/studies/CT-0/study_0211.nii,.nii,study_0211.nii,22.5003
/kaggle/input/datasets,mathurinache/mosmeddata-chest-ct-scans-with-covid19/MosMedData Chest CT Scans with COVID-19 Related Findings COVID19_1110 1.0/studies/CT-0/study_0224.nii,/kaggle/input/datasets/mathurinache/mosmeddata-chest-ct-scans-with-covid19/MosMedData Chest CT Scans with COVID-19 Related Findings COVID19_1110 1.0/studies/CT-0/study_0224.nii,.nii,study_0224.nii,24.5003
/kaggle/input/datasets,mathurinache/mosmeddata-chest-ct-scans-with-covid19/MosMedData Chest CT Scans with COVID-19 Related Findings COVID19_1110 1.0/studies/CT-0/study_0012.nii,/kaggle/input/datasets/mathurinache/mosmeddata-chest-ct-scans-with-covid19/MosMedData Chest CT Scans with COVID-19 Related Findings COVID19_1110 1.0/studies/CT-0/study_0012.nii,.nii,study_0012.nii,21.5003
/kaggle/input/datasets,mathurinache/mosmeddata-chest-ct-scans-with-covid19/MosMedData Chest CT Scans with COVID-19 Related Findings COVID19_1110 1.0/studies/CT-0/study_0245.nii,/kaggle/input/datasets/mathurinache/mosmeddata-chest-ct-scans-with-covid19/MosMedData Chest CT Scans with COVID-19 Related Findings COVID19_1110 1.0/studies/CT-0/study_0245.nii,.nii,study_0245.nii,18.0003
/kaggle/input/datasets,mathurinache/mosmeddata-chest-ct-scans-with-covid19/MosMedData Chest CT Scans with COVID-19 Related Findings COVID19_1110 1.0/studies/CT-0/study_0137.nii,/kaggle/input/datasets/mathurinache/mosmeddata-chest-ct-scans-with-covid19/MosMedData Chest CT Scans with COVID-19 Related Findings COVID19_1110 1.0/studies/CT-0/study_0137.nii,.nii,study_0137.nii,18.0003
/kaggle/input/datasets,mathurinache/mosmeddata-chest-ct-scans-with-covid19/MosMedData Chest CT Scans with COVID-19 Related Findings COVID19_1110 1.0/studies/CT-0/study_0203.nii,/kaggle/input/datasets/mathurinache/mosmeddata-chest-ct-scans-with-covid19/MosMedData Chest CT Scans with COVID-19 Related Findings COVID19_1110 1.0/studies/CT-0/study_0203.nii,.nii,study_0203.nii,25.5003
/kaggle/input/datasets,mathurinache/mosmeddata-chest-ct-scans-with-covid19/MosMedData Chest CT Scans with COVID-19 Related Findings COVID19_1110 1.0/studies/CT-0/study_0149.nii,/kaggle/input/datasets/mathurinache/mosmeddata-chest-ct-scans-with-covid19/MosMedData Chest CT Scans with COVID-19 Related Findings COVID19_1110 1.0/studies/CT-0/study_0149.nii,.nii,study_0149.nii,19.5003
/kaggle/input/datasets,mathurinache/mosmeddata-chest-ct-scans-with-covid19/MosMedData Chest CT Scans with COVID-19 Related Findings COVID19_1110 1.0/studies/CT-0/study_0127.nii,/kaggle/input/datasets/mathurinache/mosmeddata-chest-ct-scans-with-covid19/MosMedData Chest CT Scans with COVID-19 Related Findings COVID19_1110 1.0/studies/CT-0/study_0127.nii,.nii,study_0127.nii,23.0003
/kaggle/input/datasets,mathurinache/mosmeddata-chest-ct-scans-with-covid19/MosMedData Chest CT Scans with COVID-19 Related Findings COVID19_1110 1.0/studies/CT-0/study_0212.nii,/kaggle/input/datasets/mathurinache/mosmeddata-chest-ct-scans-with-covid19/MosMedData Chest CT Scans with COVID-19 Related Findings COVID19_1110 1.0/studies/CT-0/study_0212.nii,.nii,study_0212.nii,28.0003
/kaggle/input/datasets,mathurinache/mosmeddata-chest-ct-scans-with-covid19/MosMedData Chest CT Scans with COVID-19 Related Findings COVID19_1110 1.0/studies/CT-0/study_0003.nii,/kaggle/input/datasets/mathurinache/mosmeddata-chest-ct-scans-with-covid19/MosMedData Chest CT Scans with COVID-19 Related Findings COVID19_1110 1.0/studies/CT-0/study_0003.nii,.nii,study_0003.nii,20.5003
/kaggle/input/datasets,mathurinache/mosmeddata-chest-ct-scans-with-covid19/MosMedData Chest CT Scans with COVID-19 Related Findings COVID19_1110 1.0/studies/CT-0/study_0117.nii,/kaggle/input/datasets/mathurinache/mosmeddata-chest-ct-scans-with-covid19/MosMedData Chest CT Scans with COVID-19 Related Findings COVID19_1110 1.0/studies/CT-0/study_0117.nii,.nii,study_0117.nii,21.5003
/kaggle/input/datasets,mathurinache/mosmeddata-chest-ct-scans-with-covid19/MosMedData Chest CT Scans with COVID-19 Related Findings COVID19_1110 1.0/studies/CT-0/study_0042.nii,/kaggle/input/datasets/mathurinache/mosmeddata-chest-ct-scans-with-covid19/MosMedData Chest CT Scans with COVID-19 Related Findings COVID19_1110 1.0/studies/CT-0/study_0042.nii,.nii,study_0042.nii,16.5003
/kaggle/input/datasets,mathurinache/mosmeddata-chest-ct-scans-with-covid19/MosMedData Chest CT Scans with COVID-19 Related Findings COVID19_1110 1.0/studies/CT-0/study_0132.nii,/kaggle/input/datasets/mathurinache/mosmeddata-chest-ct-scans-with-covid19/MosMedData Chest CT Scans with COVID-19 Related Findings COVID19_1110 1.0/studies/CT-0/study_0132.nii,.nii,study_0132.nii,20.5003
/kaggle/input/datasets,mathurinache/mosmeddata-chest-ct-scans-with-covid19/MosMedData Chest CT Scans with COVID-19 Related Findings COVID19_1110 1.0/studies/CT-0/study_0053.nii,/kaggle/input/datasets/mathurinache/mosmeddata-chest-ct-scans-with-covid19/MosMedData Chest CT Scans with COVID-19 Related Findings COVID19_1110 1.0/studies/CT-0/study_0053.nii,.nii,study_0053.nii,19.5003
/kaggle/input/datasets,mathurinache/mosmeddata-chest-ct-scans-with-covid19/MosMedData Chest CT Scans with COVID-19 Related Findings COVID19_1110 1.0/studies/CT-0/study_0068.nii,/kaggle/input/datasets/mathurinache/mosmeddata-chest-ct-scans-with-covid19/MosMedData Chest CT Scans with COVID-19 Related Findings COVID19_1110 1.0/studies/CT-0/study_0068.nii,.nii,study_0068.nii,18.0003
/kaggle/input/datasets,mathurinache/mosmeddata-chest-ct-scans-with-covid19/MosMedData Chest CT Scans with COVID-19 Related Findings COVID19_1110 1.0/studies/CT-0/study_0162.nii,/kaggle/input/datasets/mathurinache/mosmeddata-chest-ct-scans-with-covid19/MosMedData Chest CT Scans with COVID-19 Related Findings COVID19_1110 1.0/studies/CT-0/study_0162.nii,.nii,study_0162.nii,22.5003
/kaggle/input/datasets,mathurinache/mosmeddata-chest-ct-scans-with-covid19/MosMedData Chest CT Scans with COVID-19 Related Findings COVID19_1110 1.0/studies/CT-0/study_0009.nii,/kaggle/input/datasets/mathurinache/mosmeddata-chest-ct-scans-with-covid19/MosMedData Chest CT Scans with COVID-19 Related Findings COVID19_1110 1.0/studies/CT-0/study_0009.nii,.nii,study_0009.nii,19.5003
/kaggle/input/datasets,mathurinache/mosmeddata-chest-ct-scans-with-covid19/MosMedData Chest CT Scans with COVID-19 Related Findings COVID19_1110 1.0/studies/CT-0/study_0116.nii,/kaggle/input/datasets/mathurinache/mosmeddata-chest-ct-scans-with-covid19/MosMedData Chest CT Scans with COVID-19 Related Findings COVID19_1110 1.0/studies/CT-0/study_0116.nii,.nii,study_0116.nii,20.0003
/kaggle/input/datasets,mathurinache/mosmeddata-chest-ct-scans-with-covid19/MosMedData Chest CT Scans with COVID-19 Related Findings COVID19_1110 1.0/studies/CT-0/study_0191.nii,/kaggle/input/datasets/mathurinache/mosmeddata-chest-ct-scans-with-covid19/MosMedData Chest CT Scans with COVID-19 Related Findings COVID19_1110 1.0/studies/CT-0/study_0191.nii,.nii,study_0191.nii,18.0003
/kaggle/input/datasets,mathurinache/mosmeddata-chest-ct-scans-with-covid19/MosMedData Chest CT Scans with COVID-19 Related Findings COVID19_1110 1.0/studies/CT-0/study_0064.nii,/kaggle/input/datasets/mathurinache/mosmeddata-chest-ct-scans-with-covid19/MosMedData Chest CT Scans with COVID-19 Related Findings COVID19_1110 1.0/studies/CT-0/study_0064.nii,.nii,study_0064.nii,21.0003
/kaggle/input/datasets,mathurinache/mosmeddata-chest-ct-scans-with-covid19/MosMedData Chest CT Scans with COVID-19 Related Findings COVID19_1110 1.0/studies/CT-0/study_0040.nii,/kaggle/input/datasets/mathurinache/mosmeddata-chest-ct-scans-with-covid19/MosMedData Chest CT Scans with COVID-19 Related Findings COVID19_1110 1.0/studies/CT-0/study_0040.nii,.nii,study_0040.nii,26.0003
/kaggle/input/datasets,mathurinache/mosmeddata-chest-ct-scans-with-covid19/MosMedData Chest CT Scans with COVID-19 Related Findings COVID19_1110 1.0/studies/CT-0/study_0105.nii,/kaggle/input/datasets/mathurinache/mosmeddata-chest-ct-scans-with-covid19/MosMedData Chest CT Scans with COVID-19 Related Findings COVID19_1110 1.0/studies/CT-0/study_0105.nii,.nii,study_0105.nii,22.5003
/kaggle/input/datasets,mathurinache/mosmeddata-chest-ct-scans-with-covid19/MosMedData Chest CT Scans with COVID-19 Related Findings COVID19_1110 1.0/studies/CT-0/study_0225.nii,/kaggle/input/datasets/mathurinache/mosmeddata-chest-ct-scans-with-covid19/MosMedData Chest CT Scans with COVID-19 Related Findings COVID19_1110 1.0/studies/CT-0/study_0225.nii,.nii,study_0225.nii,22.0003
/kaggle/input/datasets,mathurinache/mosmeddata-chest-ct-scans-with-covid19/MosMedData Chest CT Scans with COVID-19 Related Findings COVID19_1110 1.0/studies/CT-0/study_0069.nii,/kaggle/input/datasets/mathurinache/mosmeddata-chest-ct-scans-with-covid19/MosMedData Chest CT Scans with COVID-19 Related Findings COVID19_1110 1.0/studies/CT-0/study_0069.nii,.nii,study_0069.nii,20.5003
/kaggle/input/datasets,mathurinache/mosmeddata-chest-ct-scans-with-covid19/MosMedData Chest CT Scans with COVID-19 Related Findings COVID19_1110 1.0/studies/CT-0/study_0250.nii,/kaggle/input/datasets/mathurinache/mosmeddata-chest-ct-scans-with-covid19/MosMedData Chest CT Scans with COVID-19 Related Findings COVID19_1110 1.0/studies/CT-0/study_0250.nii,.nii,study_0250.nii,24.0003
/kaggle/input/datasets,mathurinache/mosmeddata-chest-ct-scans-with-covid19/MosMedData Chest CT Scans with COVID-19 Related Findings COVID19_1110 1.0/studies/CT-0/study_0091.nii,/kaggle/input/datasets/mathurinache/mosmeddata-chest-ct-scans-with-covid19/MosMedData Chest CT Scans with COVID-19 Related Findings COVID19_1110 1.0/studies/CT-0/study_0091.nii,.nii,study_0091.nii,20.0003
/kaggle/input/datasets,mathurinache/mosmeddata-chest-ct-scans-with-covid19/MosMedData Chest CT Scans with COVID-19 Related Findings COVID19_1110 1.0/studies/CT-0/study_0025.nii,/kaggle/input/datasets/mathurinache/mosmeddata-chest-ct-scans-with-covid19/MosMedData Chest CT Scans with COVID-19 Related Findings COVID19_1110 1.0/studies/CT-0/study_0025.nii,.nii,study_0025.nii,22.5003
/kaggle/input/datasets,mathurinache/mosmeddata-chest-ct-scans-with-covid19/MosMedData Chest CT Scans with COVID-19 Related Findings COVID19_1110 1.0/studies/CT-0/study_0201.nii,/kaggle/input/datasets/mathurinache/mosmeddata-chest-ct-scans-with-covid19/MosMedData Chest CT Scans with COVID-19 Related Findings COVID19_1110 1.0/studies/CT-0/study_0201.nii,.nii,study_0201.nii,21.5003
/kaggle/input/datasets,mathurinache/mosmeddata-chest-ct-scans-with-covid19/MosMedData Chest CT Scans with COVID-19 Related Findings COVID19_1110 1.0/studies/CT-0/study_0219.nii,/kaggle/input/datasets/mathurinache/mosmeddata-chest-ct-scans-with-covid19/MosMedData Chest CT Scans with COVID-19 Related Findings COVID19_1110 1.0/studies/CT-0/study_0219.nii,.nii,study_0219.nii,26.5003
/kaggle/input/datasets,mathurinache/mosmeddata-chest-ct-scans-with-covid19/MosMedData Chest CT Scans with COVID-19 Related Findings COVID19_1110 1.0/studies/CT-0/study_0014.nii,/kaggle/input/datasets/mathurinache/mosmeddata-chest-ct-scans-with-covid19/MosMedData Chest CT Scans with COVID-19 Related Findings COVID19_1110 1.0/studies/CT-0/study_0014.nii,.nii,study_0014.nii,22.5003
/kaggle/input/datasets,mathurinache/mosmeddata-chest-ct-scans-with-covid19/MosMedData Chest CT Scans with COVID-19 Related Findings COVID19_1110 1.0/studies/CT-0/study_0101.nii,/kaggle/input/datasets/mathurinache/mosmeddata-chest-ct-scans-with-covid19/MosMedData Chest CT Scans with COVID-19 Related Findings COVID19_1110 1.0/studies/CT-0/study_0101.nii,.nii,study_0101.nii,20.5003
/kaggle/input/datasets,mathurinache/mosmeddata-chest-ct-scans-with-covid19/MosMedData Chest CT Scans with COVID-19 Related Findings COVID19_1110 1.0/studies/CT-0/study_0227.nii,/kaggle/input/datasets/mathurinache/mosmeddata-chest-ct-scans-with-covid19/MosMedData Chest CT Scans with COVID-19 Related Findings COVID19_1110 1.0/studies/CT-0/study_0227.nii,.nii,study_0227.nii,21.5003
/kaggle/input/datasets,mathurinache/mosmeddata-chest-ct-scans-with-covid19/MosMedData Chest CT Scans with COVID-19 Related Findings COVID19_1110 1.0/studies/CT-0/study_0037.nii,/kaggle/input/datasets/mathurinache/mosmeddata-chest-ct-scans-with-covid19/MosMedData Chest CT Scans with COVID-19 Related Findings COVID19_1110 1.0/studies/CT-0/study_0037.nii,.nii,study_0037.nii,22.5003
/kaggle/input/datasets,mathurinache/mosmeddata-chest-ct-scans-with-covid19/MosMedData Chest CT Scans with COVID-19 Related Findings COVID19_1110 1.0/studies/CT-0/study_0252.nii,/kaggle/input/datasets/mathurinache/mosmeddata-chest-ct-scans-with-covid19/MosMedData Chest CT Scans with COVID-19 Related Findings COVID19_1110 1.0/studies/CT-0/study_0252.nii,.nii,study_0252.nii,19.0003
/kaggle/input/datasets,mathurinache/mosmeddata-chest-ct-scans-with-covid19/MosMedData Chest CT Scans with COVID-19 Related Findings COVID19_1110 1.0/studies/CT-0/study_0059.nii,/kaggle/input/datasets/mathurinache/mosmeddata-chest-ct-scans-with-covid19/MosMedData Chest CT Scans with COVID-19 Related Findings COVID19_1110 1.0/studies/CT-0/study_0059.nii,.nii,study_0059.nii,20.0003
/kaggle/input/datasets,mathurinache/mosmeddata-chest-ct-scans-with-covid19/MosMedData Chest CT Scans with COVID-19 Related Findings COVID19_1110 1.0/studies/CT-0/study_0242.nii,/kaggle/input/datasets/mathurinache/mosmeddata-chest-ct-scans-with-covid19/MosMedData Chest CT Scans with COVID-19 Related Findings COVID19_1110 1.0/studies/CT-0/study_0242.nii,.nii,study_0242.nii,18.0003
/kaggle/input/datasets,mathurinache/mosmeddata-chest-ct-scans-with-covid19/MosMedData Chest CT Scans with COVID-19 Related Findings COVID19_1110 1.0/studies/CT-0/study_0036.nii,/kaggle/input/datasets/mathurinache/mosmeddata-chest-ct-scans-with-covid19/MosMedData Chest CT Scans with COVID-19 Related Findings COVID19_1110 1.0/studies/CT-0/study_0036.nii,.nii,study_0036.nii,22.0003
/kaggle/input/datasets,mathurinache/mosmeddata-chest-ct-scans-with-covid19/MosMedData Chest CT Scans with COVID-19 Related Findings COVID19_1110 1.0/studies/CT-0/study_0187.nii,/kaggle/input/datasets/mathurinache/mosmeddata-chest-ct-scans-with-covid19/MosMedData Chest CT Scans with COVID-19 Related Findings COVID19_1110 1.0/studies/CT-0/study_0187.nii,.nii,study_0187.nii,22.5003
/kaggle/input/datasets,mathurinache/mosmeddata-chest-ct-scans-with-covid19/MosMedData Chest CT Scans with COVID-19 Related Findings COVID19_1110 1.0/studies/CT-0/study_0240.nii,/kaggle/input/datasets/mathurinache/mosmeddata-chest-ct-scans-with-covid19/MosMedData Chest CT Scans with COVID-19 Related Findings COVID19_1110 1.0/studies/CT-0/study_0240.nii,.nii,study_0240.nii,22.5003
/kaggle/input/datasets,mathurinache/mosmeddata-chest-ct-scans-with-covid19/MosMedData Chest CT Scans with COVID-19 Related Findings COVID19_1110 1.0/studies/CT-0/study_0077.nii,/kaggle/input/datasets/mathurinache/mosmeddata-chest-ct-scans-with-covid19/MosMedData Chest CT Scans with COVID-19 Related Findings COVID19_1110 1.0/studies/CT-0/study_0077.nii,.nii,study_0077.nii,18.0003
/kaggle/input/datasets,mathurinache/mosmeddata-chest-ct-scans-with-covid19/MosMedData Chest CT Scans with COVID-19 Related Findings COVID19_1110 1.0/studies/CT-0/study_0008.nii,/kaggle/input/datasets/mathurinache/mosmeddata-chest-ct-scans-with-covid19/MosMedData Chest CT Scans with COVID-19 Related Findings COVID19_1110 1.0/studies/CT-0/study_0008.nii,.nii,study_0008.nii,18.0003
/kaggle/input/datasets,mathurinache/mosmeddata-chest-ct-scans-with-covid19/MosMedData Chest CT Scans with COVID-19 Related Findings COVID19_1110 1.0/studies/CT-0/study_0030.nii,/kaggle/input/datasets/mathurinache/mosmeddata-chest-ct-scans-with-covid19/MosMedData Chest CT Scans with COVID-19 Related Findings COVID19_1110 1.0/studies/CT-0/study_0030.nii,.nii,study_0030.nii,21.5003
/kaggle/input/datasets,mathurinache/mosmeddata-chest-ct-scans-with-covid19/MosMedData Chest CT Scans with COVID-19 Related Findings COVID19_1110 1.0/studies/CT-0/study_0086.nii,/kaggle/input/datasets/mathurinache/mosmeddata-chest-ct-scans-with-covid19/MosMedData Chest CT Scans with COVID-19 Related Findings COVID19_1110 1.0/studies/CT-0/study_0086.nii,.nii,study_0086.nii,22.0003
/kaggle/input/datasets,mathurinache/mosmeddata-chest-ct-scans-with-covid19/MosMedData Chest CT Scans with COVID-19 Related Findings COVID19_1110 1.0/studies/CT-0/study_0015.nii,/kaggle/input/datasets/mathurinache/mosmeddata-chest-ct-scans-with-covid19/MosMedData Chest CT Scans with COVID-19 Related Findings COVID19_1110 1.0/studies/CT-0/study_0015.nii,.nii,study_0015.nii,22.5003
/kaggle/input/datasets,mathurinache/mosmeddata-chest-ct-scans-with-covid19/MosMedData Chest CT Scans with COVID-19 Related Findings COVID19_1110 1.0/studies/CT-0/study_0235.nii,/kaggle/input/datasets/mathurinache/mosmeddata-chest-ct-scans-with-covid19/MosMedData Chest CT Scans with COVID-19 Related Findings COVID19_1110 1.0/studies/CT-0/study_0235.nii,.nii,study_0235.nii,27.0003
/kaggle/input/datasets,mathurinache/mosmeddata-chest-ct-scans-with-covid19/MosMedData Chest CT Scans with COVID-19 Related Findings COVID19_1110 1.0/studies/CT-0/study_0002.nii,/kaggle/input/datasets/mathurinache/mosmeddata-chest-ct-scans-with-covid19/MosMedData Chest CT Scans with COVID-19 Related Findings COVID19_1110 1.0/studies/CT-0/study_0002.nii,.nii,study_0002.nii,21.0003
/kaggle/input/datasets,mathurinache/mosmeddata-chest-ct-scans-with-covid19/MosMedData Chest CT Scans with COVID-19 Related Findings COVID19_1110 1.0/studies/CT-0/study_0182.nii,/kaggle/input/datasets/mathurinache/mosmeddata-chest-ct-scans-with-covid19/MosMedData Chest CT Scans with COVID-19 Related Findings COVID19_1110 1.0/studies/CT-0/study_0182.nii,.nii,study_0182.nii,20.5003
/kaggle/input/datasets,mathurinache/mosmeddata-chest-ct-scans-with-covid19/MosMedData Chest CT Scans with COVID-19 Related Findings COVID19_1110 1.0/studies/CT-0/study_0190.nii,/kaggle/input/datasets/mathurinache/mosmeddata-chest-ct-scans-with-covid19/MosMedData Chest CT Scans with COVID-19 Related Findings COVID19_1110 1.0/studies/CT-0/study_0190.nii,.nii,study_0190.nii,22.5003
/kaggle/input/datasets,mathurinache/mosmeddata-chest-ct-scans-with-covid19/MosMedData Chest CT Scans with COVID-19 Related Findings COVID19_1110 1.0/studies/CT-0/study_0158.nii,/kaggle/input/datasets/mathurinache/mosmeddata-chest-ct-scans-with-covid19/MosMedData Chest CT Scans with COVID-19 Related Findings COVID19_1110 1.0/studies/CT-0/study_0158.nii,.nii,study_0158.nii,22.5003
/kaggle/input/datasets,mathurinache/mosmeddata-chest-ct-scans-with-covid19/MosMedData Chest CT Scans with COVID-19 Related Findings COVID19_1110 1.0/studies/CT-0/study_0192.nii,/kaggle/input/datasets/mathurinache/mosmeddata-chest-ct-scans-with-covid19/MosMedData Chest CT Scans with COVID-19 Related Findings COVID19_1110 1.0/studies/CT-0/study_0192.nii,.nii,study_0192.nii,28.5003
/kaggle/input/datasets,mathurinache/mosmeddata-chest-ct-scans-with-covid19/MosMedData Chest CT Scans with COVID-19 Related Findings COVID19_1110 1.0/studies/CT-0/study_0171.nii,/kaggle/input/datasets/mathurinache/mosmeddata-chest-ct-scans-with-covid19/MosMedData Chest CT Scans with COVID-19 Related Findings COVID19_1110 1.0/studies/CT-0/study_0171.nii,.nii,study_0171.nii,20.5003
/kaggle/input/datasets,mathurinache/mosmeddata-chest-ct-scans-with-covid19/MosMedData Chest CT Scans with COVID-19 Related Findings COVID19_1110 1.0/studies/CT-0/study_0228.nii,/kaggle/input/datasets/mathurinache/mosmeddata-chest-ct-scans-with-covid19/MosMedData Chest CT Scans with COVID-19 Related Findings COVID19_1110 1.0/studies/CT-0/study_0228.nii,.nii,study_0228.nii,20.0003
/kaggle/input/datasets,mathurinache/mosmeddata-chest-ct-scans-with-covid19/MosMedData Chest CT Scans with COVID-19 Related Findings COVID19_1110 1.0/studies/CT-0/study_0230.nii,/kaggle/input/datasets/mathurinache/mosmeddata-chest-ct-scans-with-covid19/MosMedData Chest CT Scans with COVID-19 Related Findings COVID19_1110 1.0/studies/CT-0/study_0230.nii,.nii,study_0230.nii,22.5003
/kaggle/input/datasets,mathurinache/mosmeddata-chest-ct-scans-with-covid19/MosMedData Chest CT Scans with COVID-19 Related Findings COVID19_1110 1.0/studies/CT-3/study_1085.nii,/kaggle/input/datasets/mathurinache/mosmeddata-chest-ct-scans-with-covid19/MosMedData Chest CT Scans with COVID-19 Related Findings COVID19_1110 1.0/studies/CT-3/study_1085.nii,.nii,study_1085.nii,21.0003
/kaggle/input/datasets,mathurinache/mosmeddata-chest-ct-scans-with-covid19/MosMedData Chest CT Scans with COVID-19 Related Findings COVID19_1110 1.0/studies/CT-3/study_1080.nii,/kaggle/input/datasets/mathurinache/mosmeddata-chest-ct-scans-with-covid19/MosMedData Chest CT Scans with COVID-19 Related Findings COVID19_1110 1.0/studies/CT-3/study_1080.nii,.nii,study_1080.nii,19.0003
/kaggle/input/datasets,mathurinache/mosmeddata-chest-ct-scans-with-covid19/MosMedData Chest CT Scans with COVID-19 Related Findings COVID19_1110 1.0/studies/CT-3/study_1090.nii,/kaggle/input/datasets/mathurinache/mosmeddata-chest-ct-scans-with-covid19/MosMedData Chest CT Scans with COVID-19 Related Findings COVID19_1110 1.0/studies/CT-3/study_1090.nii,.nii,study_1090.nii,22.5003
/kaggle/input/datasets,mathurinache/mosmeddata-chest-ct-scans-with-covid19/MosMedData Chest CT Scans with COVID-19 Related Findings COVID19_1110 1.0/studies/CT-3/study_1065.nii,/kaggle/input/datasets/mathurinache/mosmeddata-chest-ct-scans-with-covid19/MosMedData Chest CT Scans with COVID-19 Related Findings COVID19_1110 1.0/studies/CT-3/study_1065.nii,.nii,study_1065.nii,22.5003
/kaggle/input/datasets,mathurinache/mosmeddata-chest-ct-scans-with-covid19/MosMedData Chest CT Scans with COVID-19 Related Findings COVID19_1110 1.0/studies/CT-3/study_1081.nii,/kaggle/input/datasets/mathurinache/mosmeddata-chest-ct-scans-with-covid19/MosMedData Chest CT Scans with COVID-19 Related Findings COVID19_1110 1.0/studies/CT-3/study_1081.nii,.nii,study_1081.nii,17.0003
/kaggle/input/datasets,mathurinache/mosmeddata-chest-ct-scans-with-covid19/MosMedData Chest CT Scans with COVID-19 Related Findings COVID19_1110 1.0/studies/CT-3/study_1094.nii,/kaggle/input/datasets/mathurinache/mosmeddata-chest-ct-scans-with-covid19/MosMedData Chest CT Scans with COVID-19 Related Findings COVID19_1110 1.0/studies/CT-3/study_1094.nii,.nii,study_1094.nii,19.0003
/kaggle/input/datasets,mathurinache/mosmeddata-chest-ct-scans-with-covid19/MosMedData Chest CT Scans with COVID-19 Related Findings COVID19_1110 1.0/studies/CT-3/study_1079.nii,/kaggle/input/datasets/mathurinache/mosmeddata-chest-ct-scans-with-covid19/MosMedData Chest CT Scans with COVID-19 Related Findings COVID19_1110 1.0/studies/CT-3/study_1079.nii,.nii,study_1079.nii,20.0003
/kaggle/input/datasets,mathurinache/mosmeddata-chest-ct-scans-with-covid19/MosMedData Chest CT Scans with COVID-19 Related Findings COVID19_1110 1.0/studies/CT-3/study_1097.nii,/kaggle/input/datasets/mathurinache/mosmeddata-chest-ct-scans-with-covid19/MosMedData Chest CT Scans with COVID-19 Related Findings COVID19_1110 1.0/studies/CT-3/study_1097.nii,.nii,study_1097.nii,22.5003
/kaggle/input/datasets,mathurinache/mosmeddata-chest-ct-scans-with-covid19/MosMedData Chest CT Scans with COVID-19 Related Findings COVID19_1110 1.0/studies/CT-3/study_1083.nii,/kaggle/input/datasets/mathurinache/mosmeddata-chest-ct-scans-with-covid19/MosMedData Chest CT Scans with COVID-19 Related Findings COVID19_1110 1.0/studies/CT-3/study_1083.nii,.nii,study_1083.nii,19.0003
/kaggle/input/datasets,mathurinache/mosmeddata-chest-ct-scans-with-covid19/MosMedData Chest CT Scans with COVID-19 Related Findings COVID19_1110 1.0/studies/CT-3/study_1091.nii,/kaggle/input/datasets/mathurinache/mosmeddata-chest-ct-scans-with-covid19/MosMedData Chest CT Scans with COVID-19 Related Findings COVID19_1110 1.0/studies/CT-3/study_1091.nii,.nii,study_1091.nii,19.0003
/kaggle/input/datasets,mathurinache/mosmeddata-chest-ct-scans-with-covid19/MosMedData Chest CT Scans with COVID-19 Related Findings COVID19_1110 1.0/studies/CT-3/study_1076.nii,/kaggle/input/datasets/mathurinache/mosmeddata-chest-ct-scans-with-covid19/MosMedData Chest CT Scans with COVID-19 Related Findings COVID19_1110 1.0/studies/CT-3/study_1076.nii,.nii,study_1076.nii,19.0003
/kaggle/input/datasets,mathurinache/mosmeddata-chest-ct-scans-with-covid19/MosMedData Chest CT Scans with COVID-19 Related Findings COVID19_1110 1.0/studies/CT-3/study_1102.nii,/kaggle/input/datasets/mathurinache/mosmeddata-chest-ct-scans-with-covid19/MosMedData Chest CT Scans with COVID-19 Related Findings COVID19_1110 1.0/studies/CT-3/study_1102.nii,.nii,study_1102.nii,23.0003
/kaggle/input/datasets,mathurinache/mosmeddata-chest-ct-scans-with-covid19/MosMedData Chest CT Scans with COVID-19 Related Findings COVID19_1110 1.0/studies/CT-3/study_1064.nii,/kaggle/input/datasets/mathurinache/mosmeddata-chest-ct-scans-with-covid19/MosMedData Chest CT Scans with COVID-19 Related Findings COVID19_1110 1.0/studies/CT-3/study_1064.nii,.nii,study_1064.nii,22.5003
/kaggle/input/datasets,mathurinache/mosmeddata-chest-ct-scans-with-covid19/MosMedData Chest CT Scans with COVID-19 Related Findings COVID19_1110 1.0/studies/CT-3/study_1089.nii,/kaggle/input/datasets/mathurinache/mosmeddata-chest-ct-scans-with-covid19/MosMedData Chest CT Scans with COVID-19 Related Findings COVID19_1110 1.0/studies/CT-3/study_1089.nii,.nii,study_1089.nii,19.0003
/kaggle/input/datasets,mathurinache/mosmeddata-chest-ct-scans-with-covid19/MosMedData Chest CT Scans with COVID-19 Related Findings COVID19_1110 1.0/studies/CT-3/study_1084.nii,/kaggle/input/datasets/mathurinache/mosmeddata-chest-ct-scans-with-covid19/MosMedData Chest CT Scans with COVID-19 Related Findings COVID19_1110 1.0/studies/CT-3/study_1084.nii,.nii,study_1084.nii,23.0003
/kaggle/input/datasets,mathurinache/mosmeddata-chest-ct-scans-with-covid19/MosMedData Chest CT Scans with COVID-19 Related Findings COVID19_1110 1.0/studies/CT-3/study_1068.nii,/kaggle/input/datasets/mathurinache/mosmeddata-chest-ct-scans-with-covid19/MosMedData Chest CT Scans with COVID-19 Related Findings COVID19_1110 1.0/studies/CT-3/study_1068.nii,.nii,study_1068.nii,19.0003
/kaggle/input/datasets,mathurinache/mosmeddata-chest-ct-scans-with-covid19/MosMedData Chest CT Scans with COVID-19 Related Findings COVID19_1110 1.0/studies/CT-3/study_1108.nii,/kaggle/input/datasets/mathurinache/mosmeddata-chest-ct-scans-with-covid19/MosMedData Chest CT Scans with COVID-19 Related Findings COVID19_1110 1.0/studies/CT-3/study_1108.nii,.nii,study_1108.nii,36.0003
/kaggle/input/datasets,mathurinache/mosmeddata-chest-ct-scans-with-covid19/MosMedData Chest CT Scans with COVID-19 Related Findings COVID19_1110 1.0/studies/CT-3/study_1104.nii,/kaggle/input/datasets/mathurinache/mosmeddata-chest-ct-scans-with-covid19/MosMedData Chest CT Scans with COVID-19 Related Findings COVID19_1110 1.0/studies/CT-3/study_1104.nii,.nii,study_1104.nii,22.5003
/kaggle/input/datasets,mathurinache/mosmeddata-chest-ct-scans-with-covid19/MosMedData Chest CT Scans with COVID-19 Related Findings COVID19_1110 1.0/studies/CT-3/study_1066.nii,/kaggle/input/datasets/mathurinache/mosmeddata-chest-ct-scans-with-covid19/MosMedData Chest CT Scans with COVID-19 Related Findings COVID19_1110 1.0/studies/CT-3/study_1066.nii,.nii,study_1066.nii,20.0003
/kaggle/input/datasets,mathurinache/mosmeddata-chest-ct-scans-with-covid19/MosMedData Chest CT Scans with COVID-19 Related Findings COVID19_1110 1.0/studies/CT-3/study_1077.nii,/kaggle/input/datasets/mathurinache/mosmeddata-chest-ct-scans-with-covid19/MosMedData Chest CT Scans with COVID-19 Related Findings COVID19_1110 1.0/studies/CT-3/study_1077.nii,.nii,study_1077.nii,16.5003
/kaggle/input/datasets,mathurinache/mosmeddata-chest-ct-scans-with-covid19/MosMedData Chest CT Scans with COVID-19 Related Findings COVID19_1110 1.0/studies/CT-3/study_1075.nii,/kaggle/input/datasets/mathurinache/mosmeddata-chest-ct-scans-with-covid19/MosMedData Chest CT Scans with COVID-19 Related Findings COVID19_1110 1.0/studies/CT-3/study_1075.nii,.nii,study_1075.nii,20.0003
/kaggle/input/datasets,mathurinache/mosmeddata-chest-ct-scans-with-covid19/MosMedData Chest CT Scans with COVID-19 Related Findings COVID19_1110 1.0/studies/CT-3/study_1095.nii,/kaggle/input/datasets/mathurinache/mosmeddata-chest-ct-scans-with-covid19/MosMedData Chest CT Scans with COVID-19 Related Findings COVID19_1110 1.0/studies/CT-3/study_1095.nii,.nii,study_1095.nii,22.5003
/kaggle/input/datasets,mathurinache/mosmeddata-chest-ct-scans-with-covid19/MosMedData Chest CT Scans with COVID-19 Related Findings COVID19_1110 1.0/studies/CT-3/study_1100.nii,/kaggle/input/datasets/mathurinache/mosmeddata-chest-ct-scans-with-covid19/MosMedData Chest CT Scans with COVID-19 Related Findings COVID19_1110 1.0/studies/CT-3/study_1100.nii,.nii,study_1100.nii,20.5003
/kaggle/input/datasets,mathurinache/mosmeddata-chest-ct-scans-with-covid19/MosMedData Chest CT Scans with COVID-19 Related Findings COVID19_1110 1.0/studies/CT-3/study_1078.nii,/kaggle/input/datasets/mathurinache/mosmeddata-chest-ct-scans-with-covid19/MosMedData Chest CT Scans with COVID-19 Related Findings COVID19_1110 1.0/studies/CT-3/study_1078.nii,.nii,study_1078.nii,17.0003
/kaggle/input/datasets,mathurinache/mosmeddata-chest-ct-scans-with-covid19/MosMedData Chest CT Scans with COVID-19 Related Findings COVID19_1110 1.0/studies/CT-3/study_1105.nii,/kaggle/input/datasets/mathurinache/mosmeddata-chest-ct-scans-with-covid19/MosMedData Chest CT Scans with COVID-19 Related Findings COVID19_1110 1.0/studies/CT-3/study_1105.nii,.nii,study_1105.nii,26.0003
/kaggle/input/datasets,mathurinache/mosmeddata-chest-ct-scans-with-covid19/MosMedData Chest CT Scans with COVID-19 Related Findings COVID19_1110 1.0/studies/CT-3/study_1069.nii,/kaggle/input/datasets/mathurinache/mosmeddata-chest-ct-scans-with-covid19/MosMedData Chest CT Scans with COVID-19 Related Findings COVID19_1110 1.0/studies/CT-3/study_1069.nii,.nii,study_1069.nii,24.0003
/kaggle/input/datasets,mathurinache/mosmeddata-chest-ct-scans-with-covid19/MosMedData Chest CT Scans with COVID-19 Related Findings COVID19_1110 1.0/studies/CT-3/study_1098.nii,/kaggle/input/datasets/mathurinache/mosmeddata-chest-ct-scans-with-covid19/MosMedData Chest CT Scans with COVID-19 Related Findings COVID19_1110 1.0/studies/CT-3/study_1098.nii,.nii,study_1098.nii,17.5003
/kaggle/input/datasets,mathurinache/mosmeddata-chest-ct-scans-with-covid19/MosMedData Chest CT Scans with COVID-19 Related Findings COVID19_1110 1.0/studies/CT-3/study_1107.nii,/kaggle/input/datasets/mathurinache/mosmeddata-chest-ct-scans-with-covid19/MosMedData Chest CT Scans with COVID-19 Related Findings COVID19_1110 1.0/studies/CT-3/study_1107.nii,.nii,study_1107.nii,18.0003
/kaggle/input/datasets,mathurinache/mosmeddata-chest-ct-scans-with-covid19/MosMedData Chest CT Scans with COVID-19 Related Findings COVID19_1110 1.0/studies/CT-3/study_1067.nii,/kaggle/input/datasets/mathurinache/mosmeddata-chest-ct-scans-with-covid19/MosMedData Chest CT Scans with COVID-19 Related Findings COVID19_1110 1.0/studies/CT-3/study_1067.nii,.nii,study_1067.nii,17.5003
/kaggle/input/datasets,mathurinache/mosmeddata-chest-ct-scans-with-covid19/MosMedData Chest CT Scans with COVID-19 Related Findings COVID19_1110 1.0/studies/CT-3/study_1093.nii,/kaggle/input/datasets/mathurinache/mosmeddata-chest-ct-scans-with-covid19/MosMedData Chest CT Scans with COVID-19 Related Findings COVID19_1110 1.0/studies/CT-3/study_1093.nii,.nii,study_1093.nii,20.0003
/kaggle/input/datasets,mathurinache/mosmeddata-chest-ct-scans-with-covid19/MosMedData Chest CT Scans with COVID-19 Related Findings COVID19_1110 1.0/studies/CT-3/study_1082.nii,/kaggle/input/datasets/mathurinache/mosmeddata-chest-ct-scans-with-covid19/MosMedData Chest CT Scans with COVID-19 Related Findings COVID19_1110 1.0/studies/CT-3/study_1082.nii,.nii,study_1082.nii,19.5003
/kaggle/input/datasets,mathurinache/mosmeddata-chest-ct-scans-with-covid19/MosMedData Chest CT Scans with COVID-19 Related Findings COVID19_1110 1.0/studies/CT-3/study_1088.nii,/kaggle/input/datasets/mathurinache/mosmeddata-chest-ct-scans-with-covid19/MosMedData Chest CT Scans with COVID-19 Related Findings COVID19_1110 1.0/studies/CT-3/study_1088.nii,.nii,study_1088.nii,22.5003
/kaggle/input/datasets,mathurinache/mosmeddata-chest-ct-scans-with-covid19/MosMedData Chest CT Scans with COVID-19 Related Findings COVID19_1110 1.0/studies/CT-3/study_1071.nii,/kaggle/input/datasets/mathurinache/mosmeddata-chest-ct-scans-with-covid19/MosMedData Chest CT Scans with COVID-19 Related Findings COVID19_1110 1.0/studies/CT-3/study_1071.nii,.nii,study_1071.nii,18.5003
/kaggle/input/datasets,mathurinache/mosmeddata-chest-ct-scans-with-covid19/MosMedData Chest CT Scans with COVID-19 Related Findings COVID19_1110 1.0/studies/CT-3/study_1096.nii,/kaggle/input/datasets/mathurinache/mosmeddata-chest-ct-scans-with-covid19/MosMedData Chest CT Scans with COVID-19 Related Findings COVID19_1110 1.0/studies/CT-3/study_1096.nii,.nii,study_1096.nii,20.5003
/kaggle/input/datasets,mathurinache/mosmeddata-chest-ct-scans-with-covid19/MosMedData Chest CT Scans with COVID-19 Related Findings COVID19_1110 1.0/studies/CT-3/study_1074.nii,/kaggle/input/datasets/mathurinache/mosmeddata-chest-ct-scans-with-covid19/MosMedData Chest CT Scans with COVID-19 Related Findings COVID19_1110 1.0/studies/CT-3/study_1074.nii,.nii,study_1074.nii,19.5003
/kaggle/input/datasets,mathurinache/mosmeddata-chest-ct-scans-with-covid19/MosMedData Chest CT Scans with COVID-19 Related Findings COVID19_1110 1.0/studies/CT-3/study_1092.nii,/kaggle/input/datasets/mathurinache/mosmeddata-chest-ct-scans-with-covid19/MosMedData Chest CT Scans with COVID-19 Related Findings COVID19_1110 1.0/studies/CT-3/study_1092.nii,.nii,study_1092.nii,20.0003
/kaggle/input/datasets,mathurinache/mosmeddata-chest-ct-scans-with-covid19/MosMedData Chest CT Scans with COVID-19 Related Findings COVID19_1110 1.0/studies/CT-3/study_1070.nii,/kaggle/input/datasets/mathurinache/mosmeddata-chest-ct-scans-with-covid19/MosMedData Chest CT Scans with COVID-19 Related Findings COVID19_1110 1.0/studies/CT-3/study_1070.nii,.nii,study_1070.nii,20.0003
/kaggle/input/datasets,mathurinache/mosmeddata-chest-ct-scans-with-covid19/MosMedData Chest CT Scans with COVID-19 Related Findings COVID19_1110 1.0/studies/CT-3/study_1106.nii,/kaggle/input/datasets/mathurinache/mosmeddata-chest-ct-scans-with-covid19/MosMedData Chest CT Scans with COVID-19 Related Findings COVID19_1110 1.0/studies/CT-3/study_1106.nii,.nii,study_1106.nii,19.0003
/kaggle/input/datasets,mathurinache/mosmeddata-chest-ct-scans-with-covid19/MosMedData Chest CT Scans with COVID-19 Related Findings COVID19_1110 1.0/studies/CT-3/study_1073.nii,/kaggle/input/datasets/mathurinache/mosmeddata-chest-ct-scans-with-covid19/MosMedData Chest CT Scans with COVID-19 Related Findings COVID19_1110 1.0/studies/CT-3/study_1073.nii,.nii,study_1073.nii,18.0003
/kaggle/input/datasets,mathurinache/mosmeddata-chest-ct-scans-with-covid19/MosMedData Chest CT Scans with COVID-19 Related Findings COVID19_1110 1.0/studies/CT-3/study_1103.nii,/kaggle/input/datasets/mathurinache/mosmeddata-chest-ct-scans-with-covid19/MosMedData Chest CT Scans with COVID-19 Related Findings COVID19_1110 1.0/studies/CT-3/study_1103.nii,.nii,study_1103.nii,19.5003
/kaggle/input/datasets,mathurinache/mosmeddata-chest-ct-scans-with-covid19/MosMedData Chest CT Scans with COVID-19 Related Findings COVID19_1110 1.0/studies/CT-3/study_1101.nii,/kaggle/input/datasets/mathurinache/mosmeddata-chest-ct-scans-with-covid19/MosMedData Chest CT Scans with COVID-19 Related Findings COVID19_1110 1.0/studies/CT-3/study_1101.nii,.nii,study_1101.nii,21.5003
/kaggle/input/datasets,mathurinache/mosmeddata-chest-ct-scans-with-covid19/MosMedData Chest CT Scans with COVID-19 Related Findings COVID19_1110 1.0/studies/CT-3/study_1087.nii,/kaggle/input/datasets/mathurinache/mosmeddata-chest-ct-scans-with-covid19/MosMedData Chest CT Scans with COVID-19 Related Findings COVID19_1110 1.0/studies/CT-3/study_1087.nii,.nii,study_1087.nii,20.5003
/kaggle/input/datasets,mathurinache/mosmeddata-chest-ct-scans-with-covid19/MosMedData Chest CT Scans with COVID-19 Related Findings COVID19_1110 1.0/studies/CT-3/study_1086.nii,/kaggle/input/datasets/mathurinache/mosmeddata-chest-ct-scans-with-covid19/MosMedData Chest CT Scans with COVID-19 Related Findings COVID19_1110 1.0/studies/CT-3/study_1086.nii,.nii,study_1086.nii,18.0003
/kaggle/input/datasets,mathurinache/mosmeddata-chest-ct-scans-with-covid19/MosMedData Chest CT Scans with COVID-19 Related Findings COVID19_1110 1.0/studies/CT-3/study_1072.nii,/kaggle/input/datasets/mathurinache/mosmeddata-chest-ct-scans-with-covid19/MosMedData Chest CT Scans with COVID-19 Related Findings COVID19_1110 1.0/studies/CT-3/study_1072.nii,.nii,study_1072.nii,16.5003
/kaggle/input/datasets,mathurinache/mosmeddata-chest-ct-scans-with-covid19/MosMedData Chest CT Scans with COVID-19 Related Findings COVID19_1110 1.0/studies/CT-3/study_1099.nii,/kaggle/input/datasets/mathurinache/mosmeddata-chest-ct-scans-with-covid19/MosMedData Chest CT Scans with COVID-19 Related Findings COVID19_1110 1.0/studies/CT-3/study_1099.nii,.nii,study_1099.nii,21.0003
/kaggle/input/datasets,mathurinache/mosmeddata-chest-ct-scans-with-covid19/MosMedData Chest CT Scans with COVID-19 Related Findings COVID19_1110 1.0/studies/CT-2/study_0994.nii,/kaggle/input/datasets/mathurinache/mosmeddata-chest-ct-scans-with-covid19/MosMedData Chest CT Scans with COVID-19 Related Findings COVID19_1110 1.0/studies/CT-2/study_0994.nii,.nii,study_0994.nii,20.0003
/kaggle/input/datasets,mathurinache/mosmeddata-chest-ct-scans-with-covid19/MosMedData Chest CT Scans with COVID-19 Related Findings COVID19_1110 1.0/studies/CT-2/study_0957.nii,/kaggle/input/datasets/mathurinache/mosmeddata-chest-ct-scans-with-covid19/MosMedData Chest CT Scans with COVID-19 Related Findings COVID19_1110 1.0/studies/CT-2/study_0957.nii,.nii,study_0957.nii,18.0003
/kaggle/input/datasets,mathurinache/mosmeddata-chest-ct-scans-with-covid19/MosMedData Chest CT Scans with COVID-19 Related Findings COVID19_1110 1.0/studies/CT-2/study_1047.nii,/kaggle/input/datasets/mathurinache/mosmeddata-chest-ct-scans-with-covid19/MosMedData Chest CT Scans with COVID-19 Related Findings COVID19_1110 1.0/studies/CT-2/study_1047.nii,.nii,study_1047.nii,22.5003
/kaggle/input/datasets,mathurinache/mosmeddata-chest-ct-scans-with-covid19/MosMedData Chest CT Scans with COVID-19 Related Findings COVID19_1110 1.0/studies/CT-2/study_0992.nii,/kaggle/input/datasets/mathurinache/mosmeddata-chest-ct-scans-with-covid19/MosMedData Chest CT Scans with COVID-19 Related Findings COVID19_1110 1.0/studies/CT-2/study_0992.nii,.nii,study_0992.nii,18.0003
/kaggle/input/datasets,mathurinache/mosmeddata-chest-ct-scans-with-covid19/MosMedData Chest CT Scans with COVID-19 Related Findings COVID19_1110 1.0/studies/CT-2/study_1032.nii,/kaggle/input/datasets/mathurinache/mosmeddata-chest-ct-scans-with-covid19/MosMedData Chest CT Scans with COVID-19 Related Findings COVID19_1110 1.0/studies/CT-2/study_1032.nii,.nii,study_1032.nii,23.0003
/kaggle/input/datasets,mathurinache/mosmeddata-chest-ct-scans-with-covid19/MosMedData Chest CT Scans with COVID-19 Related Findings COVID19_1110 1.0/studies/CT-2/study_1043.nii,/kaggle/input/datasets/mathurinache/mosmeddata-chest-ct-scans-with-covid19/MosMedData Chest CT Scans with COVID-19 Related Findings COVID19_1110 1.0/studies/CT-2/study_1043.nii,.nii,study_1043.nii,21.5003
/kaggle/input/datasets,mathurinache/mosmeddata-chest-ct-scans-with-covid19/MosMedData Chest CT Scans with COVID-19 Related Findings COVID19_1110 1.0/studies/CT-2/study_1031.nii,/kaggle/input/datasets/mathurinache/mosmeddata-chest-ct-scans-with-covid19/MosMedData Chest CT Scans with COVID-19 Related Findings COVID19_1110 1.0/studies/CT-2/study_1031.nii,.nii,study_1031.nii,22.5003
/kaggle/input/datasets,mathurinache/mosmeddata-chest-ct-scans-with-covid19/MosMedData Chest CT Scans with COVID-19 Related Findings COVID19_1110 1.0/studies/CT-2/study_0960.nii,/kaggle/input/datasets/mathurinache/mosmeddata-chest-ct-scans-with-covid19/MosMedData Chest CT Scans with COVID-19 Related Findings COVID19_1110 1.0/studies/CT-2/study_0960.nii,.nii,study_0960.nii,20.5003
/kaggle/input/datasets,mathurinache/mosmeddata-chest-ct-scans-with-covid19/MosMedData Chest CT Scans with COVID-19 Related Findings COVID19_1110 1.0/studies/CT-2/study_0986.nii,/kaggle/input/datasets/mathurinache/mosmeddata-chest-ct-scans-with-covid19/MosMedData Chest CT Scans with COVID-19 Related Findings COVID19_1110 1.0/studies/CT-2/study_0986.nii,.nii,study_0986.nii,22.5003
/kaggle/input/datasets,mathurinache/mosmeddata-chest-ct-scans-with-covid19/MosMedData Chest CT Scans with COVID-19 Related Findings COVID19_1110 1.0/studies/CT-2/study_1035.nii,/kaggle/input/datasets/mathurinache/mosmeddata-chest-ct-scans-with-covid19/MosMedData Chest CT Scans with COVID-19 Related Findings COVID19_1110 1.0/studies/CT-2/study_1035.nii,.nii,study_1035.nii,21.5003
/kaggle/input/datasets,mathurinache/mosmeddata-chest-ct-scans-with-covid19/MosMedData Chest CT Scans with COVID-19 Related Findings COVID19_1110 1.0/studies/CT-2/study_0941.nii,/kaggle/input/datasets/mathurinache/mosmeddata-chest-ct-scans-with-covid19/MosMedData Chest CT Scans with COVID-19 Related Findings COVID19_1110 1.0/studies/CT-2/study_0941.nii,.nii,study_0941.nii,18.0003
/kaggle/input/datasets,mathurinache/mosmeddata-chest-ct-scans-with-covid19/MosMedData Chest CT Scans with COVID-19 Related Findings COVID19_1110 1.0/studies/CT-2/study_0976.nii,/kaggle/input/datasets/mathurinache/mosmeddata-chest-ct-scans-with-covid19/MosMedData Chest CT Scans with COVID-19 Related Findings COVID19_1110 1.0/studies/CT-2/study_0976.nii,.nii,study_0976.nii,19.0003
/kaggle/input/datasets,mathurinache/mosmeddata-chest-ct-scans-with-covid19/MosMedData Chest CT Scans with COVID-19 Related Findings COVID19_1110 1.0/studies/CT-2/study_0966.nii,/kaggle/input/datasets/mathurinache/mosmeddata-chest-ct-scans-with-covid19/MosMedData Chest CT Scans with COVID-19 Related Findings COVID19_1110 1.0/studies/CT-2/study_0966.nii,.nii,study_0966.nii,19.0003
/kaggle/input/datasets,mathurinache/mosmeddata-chest-ct-scans-with-covid19/MosMedData Chest CT Scans with COVID-19 Related Findings COVID19_1110 1.0/studies/CT-2/study_1054.nii,/kaggle/input/datasets/mathurinache/mosmeddata-chest-ct-scans-with-covid19/MosMedData Chest CT Scans with COVID-19 Related Findings COVID19_1110 1.0/studies/CT-2/study_1054.nii,.nii,study_1054.nii,22.5003
/kaggle/input/datasets,mathurinache/mosmeddata-chest-ct-scans-with-covid19/MosMedData Chest CT Scans with COVID-19 Related Findings COVID19_1110 1.0/studies/CT-2/study_1016.nii,/kaggle/input/datasets/mathurinache/mosmeddata-chest-ct-scans-with-covid19/MosMedData Chest CT Scans with COVID-19 Related Findings COVID19_1110 1.0/studies/CT-2/study_1016.nii,.nii,study_1016.nii,20.5003
/kaggle/input/datasets,mathurinache/mosmeddata-chest-ct-scans-with-covid19/MosMedData Chest CT Scans with COVID-19 Related Findings COVID19_1110 1.0/studies/CT-2/study_0980.nii,/kaggle/input/datasets/mathurinache/mosmeddata-chest-ct-scans-with-covid19/MosMedData Chest CT Scans with COVID-19 Related Findings COVID19_1110 1.0/studies/CT-2/study_0980.nii,.nii,study_0980.nii,19.0003
/kaggle/input/datasets,mathurinache/mosmeddata-chest-ct-scans-with-covid19/MosMedData Chest CT Scans with COVID-19 Related Findings COVID19_1110 1.0/studies/CT-2/study_1027.nii,/kaggle/input/datasets/mathurinache/mosmeddata-chest-ct-scans-with-covid19/MosMedData Chest CT Scans with COVID-19 Related Findings COVID19_1110 1.0/studies/CT-2/study_1027.nii,.nii,study_1027.nii,21.0003
/kaggle/input/datasets,mathurinache/mosmeddata-chest-ct-scans-with-covid19/MosMedData Chest CT Scans with COVID-19 Related Findings COVID19_1110 1.0/studies/CT-2/study_1050.nii,/kaggle/input/datasets/mathurinache/mosmeddata-chest-ct-scans-with-covid19/MosMedData Chest CT Scans with COVID-19 Related Findings COVID19_1110 1.0/studies/CT-2/study_1050.nii,.nii,study_1050.nii,25.0003
/kaggle/input/datasets,mathurinache/mosmeddata-chest-ct-scans-with-covid19/MosMedData Chest CT Scans with COVID-19 Related Findings COVID19_1110 1.0/studies/CT-2/study_0956.nii,/kaggle/input/datasets/mathurinache/mosmeddata-chest-ct-scans-with-covid19/MosMedData Chest CT Scans with COVID-19 Related Findings COVID19_1110 1.0/studies/CT-2/study_0956.nii,.nii,study_0956.nii,20.0003
/kaggle/input/datasets,mathurinache/mosmeddata-chest-ct-scans-with-covid19/MosMedData Chest CT Scans with COVID-19 Related Findings COVID19_1110 1.0/studies/CT-2/study_0955.nii,/kaggle/input/datasets/mathurinache/mosmeddata-chest-ct-scans-with-covid19/MosMedData Chest CT Scans with COVID-19 Related Findings COVID19_1110 1.0/studies/CT-2/study_0955.nii,.nii,study_0955.nii,20.0003
/kaggle/input/datasets,mathurinache/mosmeddata-chest-ct-scans-with-covid19/MosMedData Chest CT Scans with COVID-19 Related Findings COVID19_1110 1.0/studies/CT-2/study_1049.nii,/kaggle/input/datasets/mathurinache/mosmeddata-chest-ct-scans-with-covid19/MosMedData Chest CT Scans with COVID-19 Related Findings COVID19_1110 1.0/studies/CT-2/study_1049.nii,.nii,study_1049.nii,25.0003
/kaggle/input/datasets,mathurinache/mosmeddata-chest-ct-scans-with-covid19/MosMedData Chest CT Scans with COVID-19 Related Findings COVID19_1110 1.0/studies/CT-2/study_0974.nii,/kaggle/input/datasets/mathurinache/mosmeddata-chest-ct-scans-with-covid19/MosMedData Chest CT Scans with COVID-19 Related Findings COVID19_1110 1.0/studies/CT-2/study_0974.nii,.nii,study_0974.nii,21.5003
/kaggle/input/datasets,mathurinache/mosmeddata-chest-ct-scans-with-covid19/MosMedData Chest CT Scans with COVID-19 Related Findings COVID19_1110 1.0/studies/CT-2/study_0947.nii,/kaggle/input/datasets/mathurinache/mosmeddata-chest-ct-scans-with-covid19/MosMedData Chest CT Scans with COVID-19 Related Findings COVID19_1110 1.0/studies/CT-2/study_0947.nii,.nii,study_0947.nii,19.5003
/kaggle/input/datasets,mathurinache/mosmeddata-chest-ct-scans-with-covid19/MosMedData Chest CT Scans with COVID-19 Related Findings COVID19_1110 1.0/studies/CT-2/study_1006.nii,/kaggle/input/datasets/mathurinache/mosmeddata-chest-ct-scans-with-covid19/MosMedData Chest CT Scans with COVID-19 Related Findings COVID19_1110 1.0/studies/CT-2/study_1006.nii,.nii,study_1006.nii,18.5003
/kaggle/input/datasets,mathurinache/mosmeddata-chest-ct-scans-with-covid19/MosMedData Chest CT Scans with COVID-19 Related Findings COVID19_1110 1.0/studies/CT-2/study_1005.nii,/kaggle/input/datasets/mathurinache/mosmeddata-chest-ct-scans-with-covid19/MosMedData Chest CT Scans with COVID-19 Related Findings COVID19_1110 1.0/studies/CT-2/study_1005.nii,.nii,study_1005.nii,18.0003
/kaggle/input/datasets,mathurinache/mosmeddata-chest-ct-scans-with-covid19/MosMedData Chest CT Scans with COVID-19 Related Findings COVID19_1110 1.0/studies/CT-2/study_0993.nii,/kaggle/input/datasets/mathurinache/mosmeddata-chest-ct-scans-with-covid19/MosMedData Chest CT Scans with COVID-19 Related Findings COVID19_1110 1.0/studies/CT-2/study_0993.nii,.nii,study_0993.nii,23.0003
/kaggle/input/datasets,mathurinache/mosmeddata-chest-ct-scans-with-covid19/MosMedData Chest CT Scans with COVID-19 Related Findings COVID19_1110 1.0/studies/CT-2/study_1009.nii,/kaggle/input/datasets/mathurinache/mosmeddata-chest-ct-scans-with-covid19/MosMedData Chest CT Scans with COVID-19 Related Findings COVID19_1110 1.0/studies/CT-2/study_1009.nii,.nii,study_1009.nii,19.0003
/kaggle/input/datasets,mathurinache/mosmeddata-chest-ct-scans-with-covid19/MosMedData Chest CT Scans with COVID-19 Related Findings COVID19_1110 1.0/studies/CT-2/study_0971.nii,/kaggle/input/datasets/mathurinache/mosmeddata-chest-ct-scans-with-covid19/MosMedData Chest CT Scans with COVID-19 Related Findings COVID19_1110 1.0/studies/CT-2/study_0971.nii,.nii,study_0971.nii,22.5003
/kaggle/input/datasets,mathurinache/mosmeddata-chest-ct-scans-with-covid19/MosMedData Chest CT Scans with COVID-19 Related Findings COVID19_1110 1.0/studies/CT-2/study_1010.nii,/kaggle/input/datasets/mathurinache/mosmeddata-chest-ct-scans-with-covid19/MosMedData Chest CT Scans with COVID-19 Related Findings COVID19_1110 1.0/studies/CT-2/study_1010.nii,.nii,study_1010.nii,22.5003
/kaggle/input/datasets,mathurinache/mosmeddata-chest-ct-scans-with-covid19/MosMedData Chest CT Scans with COVID-19 Related Findings COVID19_1110 1.0/studies/CT-2/study_1019.nii,/kaggle/input/datasets/mathurinache/mosmeddata-chest-ct-scans-with-covid19/MosMedData Chest CT Scans with COVID-19 Related Findings COVID19_1110 1.0/studies/CT-2/study_1019.nii,.nii,study_1019.nii,21.0003
/kaggle/input/datasets,mathurinache/mosmeddata-chest-ct-scans-with-covid19/MosMedData Chest CT Scans with COVID-19 Related Findings COVID19_1110 1.0/studies/CT-2/study_0972.nii,/kaggle/input/datasets/mathurinache/mosmeddata-chest-ct-scans-with-covid19/MosMedData Chest CT Scans with COVID-19 Related Findings COVID19_1110 1.0/studies/CT-2/study_0972.nii,.nii,study_0972.nii,18.0003
/kaggle/input/datasets,mathurinache/mosmeddata-chest-ct-scans-with-covid19/MosMedData Chest CT Scans with COVID-19 Related Findings COVID19_1110 1.0/studies/CT-2/study_0944.nii,/kaggle/input/datasets/mathurinache/mosmeddata-chest-ct-scans-with-covid19/MosMedData Chest CT Scans with COVID-19 Related Findings COVID19_1110 1.0/studies/CT-2/study_0944.nii,.nii,study_0944.nii,21.5003
/kaggle/input/datasets,mathurinache/mosmeddata-chest-ct-scans-with-covid19/MosMedData Chest CT Scans with COVID-19 Related Findings COVID19_1110 1.0/studies/CT-2/study_0950.nii,/kaggle/input/datasets/mathurinache/mosmeddata-chest-ct-scans-with-covid19/MosMedData Chest CT Scans with COVID-19 Related Findings COVID19_1110 1.0/studies/CT-2/study_0950.nii,.nii,study_0950.nii,19.0003
/kaggle/input/datasets,mathurinache/mosmeddata-chest-ct-scans-with-covid19/MosMedData Chest CT Scans with COVID-19 Related Findings COVID19_1110 1.0/studies/CT-2/study_1048.nii,/kaggle/input/datasets/mathurinache/mosmeddata-chest-ct-scans-with-covid19/MosMedData Chest CT Scans with COVID-19 Related Findings COVID19_1110 1.0/studies/CT-2/study_1048.nii,.nii,study_1048.nii,19.5003
/kaggle/input/datasets,mathurinache/mosmeddata-chest-ct-scans-with-covid19/MosMedData Chest CT Scans with COVID-19 Related Findings COVID19_1110 1.0/studies/CT-2/study_0996.nii,/kaggle/input/datasets/mathurinache/mosmeddata-chest-ct-scans-with-covid19/MosMedData Chest CT Scans with COVID-19 Related Findings COVID19_1110 1.0/studies/CT-2/study_0996.nii,.nii,study_0996.nii,20.5003
/kaggle/input/datasets,mathurinache/mosmeddata-chest-ct-scans-with-covid19/MosMedData Chest CT Scans with COVID-19 Related Findings COVID19_1110 1.0/studies/CT-2/study_0981.nii,/kaggle/input/datasets/mathurinache/mosmeddata-chest-ct-scans-with-covid19/MosMedData Chest CT Scans with COVID-19 Related Findings COVID19_1110 1.0/studies/CT-2/study_0981.nii,.nii,study_0981.nii,20.5003
/kaggle/input/datasets,mathurinache/mosmeddata-chest-ct-scans-with-covid19/MosMedData Chest CT Scans with COVID-19 Related Findings COVID19_1110 1.0/studies/CT-2/study_0969.nii,/kaggle/input/datasets/mathurinache/mosmeddata-chest-ct-scans-with-covid19/MosMedData Chest CT Scans with COVID-19 Related Findings COVID19_1110 1.0/studies/CT-2/study_0969.nii,.nii,study_0969.nii,20.5003
/kaggle/input/datasets,mathurinache/mosmeddata-chest-ct-scans-with-covid19/MosMedData Chest CT Scans with COVID-19 Related Findings COVID19_1110 1.0/studies/CT-2/study_1038.nii,/kaggle/input/datasets/mathurinache/mosmeddata-chest-ct-scans-with-covid19/MosMedData Chest CT Scans with COVID-19 Related Findings COVID19_1110 1.0/studies/CT-2/study_1038.nii,.nii,study_1038.nii,20.5003
/kaggle/input/datasets,mathurinache/mosmeddata-chest-ct-scans-with-covid19/MosMedData Chest CT Scans with COVID-19 Related Findings COVID19_1110 1.0/studies/CT-2/study_1022.nii,/kaggle/input/datasets/mathurinache/mosmeddata-chest-ct-scans-with-covid19/MosMedData Chest CT Scans with COVID-19 Related Findings COVID19_1110 1.0/studies/CT-2/study_1022.nii,.nii,study_1022.nii,22.5003
/kaggle/input/datasets,mathurinache/mosmeddata-chest-ct-scans-with-covid19/MosMedData Chest CT Scans with COVID-19 Related Findings COVID19_1110 1.0/studies/CT-2/study_1001.nii,/kaggle/input/datasets/mathurinache/mosmeddata-chest-ct-scans-with-covid19/MosMedData Chest CT Scans with COVID-19 Related Findings COVID19_1110 1.0/studies/CT-2/study_1001.nii,.nii,study_1001.nii,18.5003
/kaggle/input/datasets,mathurinache/mosmeddata-chest-ct-scans-with-covid19/MosMedData Chest CT Scans with COVID-19 Related Findings COVID19_1110 1.0/studies/CT-2/study_1026.nii,/kaggle/input/datasets/mathurinache/mosmeddata-chest-ct-scans-with-covid19/MosMedData Chest CT Scans with COVID-19 Related Findings COVID19_1110 1.0/studies/CT-2/study_1026.nii,.nii,study_1026.nii,20.5003
/kaggle/input/datasets,mathurinache/mosmeddata-chest-ct-scans-with-covid19/MosMedData Chest CT Scans with COVID-19 Related Findings COVID19_1110 1.0/studies/CT-2/study_0949.nii,/kaggle/input/datasets/mathurinache/mosmeddata-chest-ct-scans-with-covid19/MosMedData Chest CT Scans with COVID-19 Related Findings COVID19_1110 1.0/studies/CT-2/study_0949.nii,.nii,study_0949.nii,18.0003
/kaggle/input/datasets,mathurinache/mosmeddata-chest-ct-scans-with-covid19/MosMedData Chest CT Scans with COVID-19 Related Findings COVID19_1110 1.0/studies/CT-2/study_1008.nii,/kaggle/input/datasets/mathurinache/mosmeddata-chest-ct-scans-with-covid19/MosMedData Chest CT Scans with COVID-19 Related Findings COVID19_1110 1.0/studies/CT-2/study_1008.nii,.nii,study_1008.nii,22.5003
/kaggle/input/datasets,mathurinache/mosmeddata-chest-ct-scans-with-covid19/MosMedData Chest CT Scans with COVID-19 Related Findings COVID19_1110 1.0/studies/CT-2/study_1018.nii,/kaggle/input/datasets/mathurinache/mosmeddata-chest-ct-scans-with-covid19/MosMedData Chest CT Scans with COVID-19 Related Findings COVID19_1110 1.0/studies/CT-2/study_1018.nii,.nii,study_1018.nii,20.0003
/kaggle/input/datasets,mathurinache/mosmeddata-chest-ct-scans-with-covid19/MosMedData Chest CT Scans with COVID-19 Related Findings COVID19_1110 1.0/studies/CT-2/study_1060.nii,/kaggle/input/datasets/mathurinache/mosmeddata-chest-ct-scans-with-covid19/MosMedData Chest CT Scans with COVID-19 Related Findings COVID19_1110 1.0/studies/CT-2/study_1060.nii,.nii,study_1060.nii,19.5003
/kaggle/input/datasets,mathurinache/mosmeddata-chest-ct-scans-with-covid19/MosMedData Chest CT Scans with COVID-19 Related Findings COVID19_1110 1.0/studies/CT-2/study_0959.nii,/kaggle/input/datasets/mathurinache/mosmeddata-chest-ct-scans-with-covid19/MosMedData Chest CT Scans with COVID-19 Related Findings COVID19_1110 1.0/studies/CT-2/study_0959.nii,.nii,study_0959.nii,22.5003
/kaggle/input/datasets,mathurinache/mosmeddata-chest-ct-scans-with-covid19/MosMedData Chest CT Scans with COVID-19 Related Findings COVID19_1110 1.0/studies/CT-2/study_1041.nii,/kaggle/input/datasets/mathurinache/mosmeddata-chest-ct-scans-with-covid19/MosMedData Chest CT Scans with COVID-19 Related Findings COVID19_1110 1.0/studies/CT-2/study_1041.nii,.nii,study_1041.nii,20.5003
/kaggle/input/datasets,mathurinache/mosmeddata-chest-ct-scans-with-covid19/MosMedData Chest CT Scans with COVID-19 Related Findings COVID19_1110 1.0/studies/CT-2/study_1062.nii,/kaggle/input/datasets/mathurinache/mosmeddata-chest-ct-scans-with-covid19/MosMedData Chest CT Scans with COVID-19 Related Findings COVID19_1110 1.0/studies/CT-2/study_1062.nii,.nii,study_1062.nii,23.0003
/kaggle/input/datasets,mathurinache/mosmeddata-chest-ct-scans-with-covid19/MosMedData Chest CT Scans with COVID-19 Related Findings COVID19_1110 1.0/studies/CT-2/study_1007.nii,/kaggle/input/datasets/mathurinache/mosmeddata-chest-ct-scans-with-covid19/MosMedData Chest CT Scans with COVID-19 Related Findings COVID19_1110 1.0/studies/CT-2/study_1007.nii,.nii,study_1007.nii,21.0003
/kaggle/input/datasets,mathurinache/mosmeddata-chest-ct-scans-with-covid19/MosMedData Chest CT Scans with COVID-19 Related Findings COVID19_1110 1.0/studies/CT-2/study_0984.nii,/kaggle/input/datasets/mathurinache/mosmeddata-chest-ct-scans-with-covid19/MosMedData Chest CT Scans with COVID-19 Related Findings COVID19_1110 1.0/studies/CT-2/study_0984.nii,.nii,study_0984.nii,22.5003
/kaggle/input/datasets,mathurinache/mosmeddata-chest-ct-scans-with-covid19/MosMedData Chest CT Scans with COVID-19 Related Findings COVID19_1110 1.0/studies/CT-2/study_1039.nii,/kaggle/input/datasets/mathurinache/mosmeddata-chest-ct-scans-with-covid19/MosMedData Chest CT Scans with COVID-19 Related Findings COVID19_1110 1.0/studies/CT-2/study_1039.nii,.nii,study_1039.nii,22.5003
/kaggle/input/datasets,mathurinache/mosmeddata-chest-ct-scans-with-covid19/MosMedData Chest CT Scans with COVID-19 Related Findings COVID19_1110 1.0/studies/CT-2/study_1020.nii,/kaggle/input/datasets/mathurinache/mosmeddata-chest-ct-scans-with-covid19/MosMedData Chest CT Scans with COVID-19 Related Findings COVID19_1110 1.0/studies/CT-2/study_1020.nii,.nii,study_1020.nii,20.5003
/kaggle/input/datasets,mathurinache/mosmeddata-chest-ct-scans-with-covid19/MosMedData Chest CT Scans with COVID-19 Related Findings COVID19_1110 1.0/studies/CT-2/study_1037.nii,/kaggle/input/datasets/mathurinache/mosmeddata-chest-ct-scans-with-covid19/MosMedData Chest CT Scans with COVID-19 Related Findings COVID19_1110 1.0/studies/CT-2/study_1037.nii,.nii,study_1037.nii,25.0003
/kaggle/input/datasets,mathurinache/mosmeddata-chest-ct-scans-with-covid19/MosMedData Chest CT Scans with COVID-19 Related Findings COVID19_1110 1.0/studies/CT-2/study_0973.nii,/kaggle/input/datasets/mathurinache/mosmeddata-chest-ct-scans-with-covid19/MosMedData Chest CT Scans with COVID-19 Related Findings COVID19_1110 1.0/studies/CT-2/study_0973.nii,.nii,study_0973.nii,23.0003
/kaggle/input/datasets,mathurinache/mosmeddata-chest-ct-scans-with-covid19/MosMedData Chest CT Scans with COVID-19 Related Findings COVID19_1110 1.0/studies/CT-2/study_1021.nii,/kaggle/input/datasets/mathurinache/mosmeddata-chest-ct-scans-with-covid19/MosMedData Chest CT Scans with COVID-19 Related Findings COVID19_1110 1.0/studies/CT-2/study_1021.nii,.nii,study_1021.nii,20.0003
/kaggle/input/datasets,mathurinache/mosmeddata-chest-ct-scans-with-covid19/MosMedData Chest CT Scans with COVID-19 Related Findings COVID19_1110 1.0/studies/CT-2/study_1030.nii,/kaggle/input/datasets/mathurinache/mosmeddata-chest-ct-scans-with-covid19/MosMedData Chest CT Scans with COVID-19 Related Findings COVID19_1110 1.0/studies/CT-2/study_1030.nii,.nii,study_1030.nii,22.5003
/kaggle/input/datasets,mathurinache/mosmeddata-chest-ct-scans-with-covid19/MosMedData Chest CT Scans with COVID-19 Related Findings COVID19_1110 1.0/studies/CT-2/study_0970.nii,/kaggle/input/datasets/mathurinache/mosmeddata-chest-ct-scans-with-covid19/MosMedData Chest CT Scans with COVID-19 Related Findings COVID19_1110 1.0/studies/CT-2/study_0970.nii,.nii,study_0970.nii,17.5003
/kaggle/input/datasets,mathurinache/mosmeddata-chest-ct-scans-with-covid19/MosMedData Chest CT Scans with COVID-19 Related Findings COVID19_1110 1.0/studies/CT-2/study_0968.nii,/kaggle/input/datasets/mathurinache/mosmeddata-chest-ct-scans-with-covid19/MosMedData Chest CT Scans with COVID-19 Related Findings COVID19_1110 1.0/studies/CT-2/study_0968.nii,.nii,study_0968.nii,20.0003
/kaggle/input/datasets,mathurinache/mosmeddata-chest-ct-scans-with-covid19/MosMedData Chest CT Scans with COVID-19 Related Findings COVID19_1110 1.0/studies/CT-2/study_0952.nii,/kaggle/input/datasets/mathurinache/mosmeddata-chest-ct-scans-with-covid19/MosMedData Chest CT Scans with COVID-19 Related Findings COVID19_1110 1.0/studies/CT-2/study_0952.nii,.nii,study_0952.nii,19.0003
/kaggle/input/datasets,mathurinache/mosmeddata-chest-ct-scans-with-covid19/MosMedData Chest CT Scans with COVID-19 Related Findings COVID19_1110 1.0/studies/CT-2/study_1017.nii,/kaggle/input/datasets/mathurinache/mosmeddata-chest-ct-scans-with-covid19/MosMedData Chest CT Scans with COVID-19 Related Findings COVID19_1110 1.0/studies/CT-2/study_1017.nii,.nii,study_1017.nii,22.0003
/kaggle/input/datasets,mathurinache/mosmeddata-chest-ct-scans-with-covid19/MosMedData Chest CT Scans with COVID-19 Related Findings COVID19_1110 1.0/studies/CT-2/study_0989.nii,/kaggle/input/datasets/mathurinache/mosmeddata-chest-ct-scans-with-covid19/MosMedData Chest CT Scans with COVID-19 Related Findings COVID19_1110 1.0/studies/CT-2/study_0989.nii,.nii,study_0989.nii,19.5003
/kaggle/input/datasets,mathurinache/mosmeddata-chest-ct-scans-with-covid19/MosMedData Chest CT Scans with COVID-19 Related Findings COVID19_1110 1.0/studies/CT-2/study_0988.nii,/kaggle/input/datasets/mathurinache/mosmeddata-chest-ct-scans-with-covid19/MosMedData Chest CT Scans with COVID-19 Related Findings COVID19_1110 1.0/studies/CT-2/study_0988.nii,.nii,study_0988.nii,21.0003
/kaggle/input/datasets,mathurinache/mosmeddata-chest-ct-scans-with-covid19/MosMedData Chest CT Scans with COVID-19 Related Findings COVID19_1110 1.0/studies/CT-2/study_1024.nii,/kaggle/input/datasets/mathurinache/mosmeddata-chest-ct-scans-with-covid19/MosMedData Chest CT Scans with COVID-19 Related Findings COVID19_1110 1.0/studies/CT-2/study_1024.nii,.nii,study_1024.nii,22.5003
/kaggle/input/datasets,mathurinache/mosmeddata-chest-ct-scans-with-covid19/MosMedData Chest CT Scans with COVID-19 Related Findings COVID19_1110 1.0/studies/CT-2/study_0953.nii,/kaggle/input/datasets/mathurinache/mosmeddata-chest-ct-scans-with-covid19/MosMedData Chest CT Scans with COVID-19 Related Findings COVID19_1110 1.0/studies/CT-2/study_0953.nii,.nii,study_0953.nii,17.0003
/kaggle/input/datasets,mathurinache/mosmeddata-chest-ct-scans-with-covid19/MosMedData Chest CT Scans with COVID-19 Related Findings COVID19_1110 1.0/studies/CT-2/study_0982.nii,/kaggle/input/datasets/mathurinache/mosmeddata-chest-ct-scans-with-covid19/MosMedData Chest CT Scans with COVID-19 Related Findings COVID19_1110 1.0/studies/CT-2/study_0982.nii,.nii,study_0982.nii,21.0003
/kaggle/input/datasets,mathurinache/mosmeddata-chest-ct-scans-with-covid19/MosMedData Chest CT Scans with COVID-19 Related Findings COVID19_1110 1.0/studies/CT-2/study_1052.nii,/kaggle/input/datasets/mathurinache/mosmeddata-chest-ct-scans-with-covid19/MosMedData Chest CT Scans with COVID-19 Related Findings COVID19_1110 1.0/studies/CT-2/study_1052.nii,.nii,study_1052.nii,22.5003
/kaggle/input/datasets,mathurinache/mosmeddata-chest-ct-scans-with-covid19/MosMedData Chest CT Scans with COVID-19 Related Findings COVID19_1110 1.0/studies/CT-2/study_0985.nii,/kaggle/input/datasets/mathurinache/mosmeddata-chest-ct-scans-with-covid19/MosMedData Chest CT Scans with COVID-19 Related Findings COVID19_1110 1.0/studies/CT-2/study_0985.nii,.nii,study_0985.nii,22.5003
/kaggle/input/datasets,mathurinache/mosmeddata-chest-ct-scans-with-covid19/MosMedData Chest CT Scans with COVID-19 Related Findings COVID19_1110 1.0/studies/CT-2/study_0940.nii,/kaggle/input/datasets/mathurinache/mosmeddata-chest-ct-scans-with-covid19/MosMedData Chest CT Scans with COVID-19 Related Findings COVID19_1110 1.0/studies/CT-2/study_0940.nii,.nii,study_0940.nii,21.5003
/kaggle/input/datasets,mathurinache/mosmeddata-chest-ct-scans-with-covid19/MosMedData Chest CT Scans with COVID-19 Related Findings COVID19_1110 1.0/studies/CT-2/study_0983.nii,/kaggle/input/datasets/mathurinache/mosmeddata-chest-ct-scans-with-covid19/MosMedData Chest CT Scans with COVID-19 Related Findings COVID19_1110 1.0/studies/CT-2/study_0983.nii,.nii,study_0983.nii,20.5003
/kaggle/input/datasets,mathurinache/mosmeddata-chest-ct-scans-with-covid19/MosMedData Chest CT Scans with COVID-19 Related Findings COVID19_1110 1.0/studies/CT-2/study_1044.nii,/kaggle/input/datasets/mathurinache/mosmeddata-chest-ct-scans-with-covid19/MosMedData Chest CT Scans with COVID-19 Related Findings COVID19_1110 1.0/studies/CT-2/study_1044.nii,.nii,study_1044.nii,20.5003
/kaggle/input/datasets,mathurinache/mosmeddata-chest-ct-scans-with-covid19/MosMedData Chest CT Scans with COVID-19 Related Findings COVID19_1110 1.0/studies/CT-2/study_1002.nii,/kaggle/input/datasets/mathurinache/mosmeddata-chest-ct-scans-with-covid19/MosMedData Chest CT Scans with COVID-19 Related Findings COVID19_1110 1.0/studies/CT-2/study_1002.nii,.nii,study_1002.nii,21.5003
/kaggle/input/datasets,mathurinache/mosmeddata-chest-ct-scans-with-covid19/MosMedData Chest CT Scans with COVID-19 Related Findings COVID19_1110 1.0/studies/CT-2/study_1012.nii,/kaggle/input/datasets/mathurinache/mosmeddata-chest-ct-scans-with-covid19/MosMedData Chest CT Scans with COVID-19 Related Findings COVID19_1110 1.0/studies/CT-2/study_1012.nii,.nii,study_1012.nii,19.5003
/kaggle/input/datasets,mathurinache/mosmeddata-chest-ct-scans-with-covid19/MosMedData Chest CT Scans with COVID-19 Related Findings COVID19_1110 1.0/studies/CT-2/study_0997.nii,/kaggle/input/datasets/mathurinache/mosmeddata-chest-ct-scans-with-covid19/MosMedData Chest CT Scans with COVID-19 Related Findings COVID19_1110 1.0/studies/CT-2/study_0997.nii,.nii,study_0997.nii,21.0003
/kaggle/input/datasets,mathurinache/mosmeddata-chest-ct-scans-with-covid19/MosMedData Chest CT Scans with COVID-19 Related Findings COVID19_1110 1.0/studies/CT-2/study_1063.nii,/kaggle/input/datasets/mathurinache/mosmeddata-chest-ct-scans-with-covid19/MosMedData Chest CT Scans with COVID-19 Related Findings COVID19_1110 1.0/studies/CT-2/study_1063.nii,.nii,study_1063.nii,19.0003
/kaggle/input/datasets,mathurinache/mosmeddata-chest-ct-scans-with-covid19/MosMedData Chest CT Scans with COVID-19 Related Findings COVID19_1110 1.0/studies/CT-2/study_1042.nii,/kaggle/input/datasets/mathurinache/mosmeddata-chest-ct-scans-with-covid19/MosMedData Chest CT Scans with COVID-19 Related Findings COVID19_1110 1.0/studies/CT-2/study_1042.nii,.nii,study_1042.nii,22.5003
/kaggle/input/datasets,mathurinache/mosmeddata-chest-ct-scans-with-covid19/MosMedData Chest CT Scans with COVID-19 Related Findings COVID19_1110 1.0/studies/CT-2/study_1058.nii,/kaggle/input/datasets/mathurinache/mosmeddata-chest-ct-scans-with-covid19/MosMedData Chest CT Scans with COVID-19 Related Findings COVID19_1110 1.0/studies/CT-2/study_1058.nii,.nii,study_1058.nii,18.0003
/kaggle/input/datasets,mathurinache/mosmeddata-chest-ct-scans-with-covid19/MosMedData Chest CT Scans with COVID-19 Related Findings COVID19_1110 1.0/studies/CT-2/study_1045.nii,/kaggle/input/datasets/mathurinache/mosmeddata-chest-ct-scans-with-covid19/MosMedData Chest CT Scans with COVID-19 Related Findings COVID19_1110 1.0/studies/CT-2/study_1045.nii,.nii,study_1045.nii,20.5003
/kaggle/input/datasets,mathurinache/mosmeddata-chest-ct-scans-with-covid19/MosMedData Chest CT Scans with COVID-19 Related Findings COVID19_1110 1.0/studies/CT-2/study_0961.nii,/kaggle/input/datasets/mathurinache/mosmeddata-chest-ct-scans-with-covid19/MosMedData Chest CT Scans with COVID-19 Related Findings COVID19_1110 1.0/studies/CT-2/study_0961.nii,.nii,study_0961.nii,22.5003
/kaggle/input/datasets,mathurinache/mosmeddata-chest-ct-scans-with-covid19/MosMedData Chest CT Scans with COVID-19 Related Findings COVID19_1110 1.0/studies/CT-2/study_0990.nii,/kaggle/input/datasets/mathurinache/mosmeddata-chest-ct-scans-with-covid19/MosMedData Chest CT Scans with COVID-19 Related Findings COVID19_1110 1.0/studies/CT-2/study_0990.nii,.nii,study_0990.nii,18.0003
/kaggle/input/datasets,mathurinache/mosmeddata-chest-ct-scans-with-covid19/MosMedData Chest CT Scans with COVID-19 Related Findings COVID19_1110 1.0/studies/CT-2/study_0963.nii,/kaggle/input/datasets/mathurinache/mosmeddata-chest-ct-scans-with-covid19/MosMedData Chest CT Scans with COVID-19 Related Findings COVID19_1110 1.0/studies/CT-2/study_0963.nii,.nii,study_0963.nii,20.5003
/kaggle/input/datasets,mathurinache/mosmeddata-chest-ct-scans-with-covid19/MosMedData Chest CT Scans with COVID-19 Related Findings COVID19_1110 1.0/studies/CT-2/study_1051.nii,/kaggle/input/datasets/mathurinache/mosmeddata-chest-ct-scans-with-covid19/MosMedData Chest CT Scans with COVID-19 Related Findings COVID19_1110 1.0/studies/CT-2/study_1051.nii,.nii,study_1051.nii,19.0003
/kaggle/input/datasets,mathurinache/mosmeddata-chest-ct-scans-with-covid19/MosMedData Chest CT Scans with COVID-19 Related Findings COVID19_1110 1.0/studies/CT-2/study_1061.nii,/kaggle/input/datasets/mathurinache/mosmeddata-chest-ct-scans-with-covid19/MosMedData Chest CT Scans with COVID-19 Related Findings COVID19_1110 1.0/studies/CT-2/study_1061.nii,.nii,study_1061.nii,21.5003
/kaggle/input/datasets,mathurinache/mosmeddata-chest-ct-scans-with-covid19/MosMedData Chest CT Scans with COVID-19 Related Findings COVID19_1110 1.0/studies/CT-2/study_0987.nii,/kaggle/input/datasets/mathurinache/mosmeddata-chest-ct-scans-with-covid19/MosMedData Chest CT Scans with COVID-19 Related Findings COVID19_1110 1.0/studies/CT-2/study_0987.nii,.nii,study_0987.nii,22.5003
/kaggle/input/datasets,mathurinache/mosmeddata-chest-ct-scans-with-covid19/MosMedData Chest CT Scans with COVID-19 Related Findings COVID19_1110 1.0/studies/CT-2/study_1029.nii,/kaggle/input/datasets/mathurinache/mosmeddata-chest-ct-scans-with-covid19/MosMedData Chest CT Scans with COVID-19 Related Findings COVID19_1110 1.0/studies/CT-2/study_1029.nii,.nii,study_1029.nii,23.0003
/kaggle/input/datasets,mathurinache/mosmeddata-chest-ct-scans-with-covid19/MosMedData Chest CT Scans with COVID-19 Related Findings COVID19_1110 1.0/studies/CT-2/study_1053.nii,/kaggle/input/datasets/mathurinache/mosmeddata-chest-ct-scans-with-covid19/MosMedData Chest CT Scans with COVID-19 Related Findings COVID19_1110 1.0/studies/CT-2/study_1053.nii,.nii,study_1053.nii,19.0003
/kaggle/input/datasets,mathurinache/mosmeddata-chest-ct-scans-with-covid19/MosMedData Chest CT Scans with COVID-19 Related Findings COVID19_1110 1.0/studies/CT-2/study_0951.nii,/kaggle/input/datasets/mathurinache/mosmeddata-chest-ct-scans-with-covid19/MosMedData Chest CT Scans with COVID-19 Related Findings COVID19_1110 1.0/studies/CT-2/study_0951.nii,.nii,study_0951.nii,16.0003
/kaggle/input/datasets,mathurinache/mosmeddata-chest-ct-scans-with-covid19/MosMedData Chest CT Scans with COVID-19 Related Findings COVID19_1110 1.0/studies/CT-2/study_1046.nii,/kaggle/input/datasets/mathurinache/mosmeddata-chest-ct-scans-with-covid19/MosMedData Chest CT Scans with COVID-19 Related Findings COVID19_1110 1.0/studies/CT-2/study_1046.nii,.nii,study_1046.nii,21.5003
/kaggle/input/datasets,mathurinache/mosmeddata-chest-ct-scans-with-covid19/MosMedData Chest CT Scans with COVID-19 Related Findings COVID19_1110 1.0/studies/CT-2/study_0948.nii,/kaggle/input/datasets/mathurinache/mosmeddata-chest-ct-scans-with-covid19/MosMedData Chest CT Scans with COVID-19 Related Findings COVID19_1110 1.0/studies/CT-2/study_0948.nii,.nii,study_0948.nii,22.5003
/kaggle/input/datasets,mathurinache/mosmeddata-chest-ct-scans-with-covid19/MosMedData Chest CT Scans with COVID-19 Related Findings COVID19_1110 1.0/studies/CT-2/study_0962.nii,/kaggle/input/datasets/mathurinache/mosmeddata-chest-ct-scans-with-covid19/MosMedData Chest CT Scans with COVID-19 Related Findings COVID19_1110 1.0/studies/CT-2/study_0962.nii,.nii,study_0962.nii,24.0003
/kaggle/input/datasets,mathurinache/mosmeddata-chest-ct-scans-with-covid19/MosMedData Chest CT Scans with COVID-19 Related Findings COVID19_1110 1.0/studies/CT-2/study_1003.nii,/kaggle/input/datasets/mathurinache/mosmeddata-chest-ct-scans-with-covid19/MosMedData Chest CT Scans with COVID-19 Related Findings COVID19_1110 1.0/studies/CT-2/study_1003.nii,.nii,study_1003.nii,22.0003
/kaggle/input/datasets,mathurinache/mosmeddata-chest-ct-scans-with-covid19/MosMedData Chest CT Scans with COVID-19 Related Findings COVID19_1110 1.0/studies/CT-2/study_0958.nii,/kaggle/input/datasets/mathurinache/mosmeddata-chest-ct-scans-with-covid19/MosMedData Chest CT Scans with COVID-19 Related Findings COVID19_1110 1.0/studies/CT-2/study_0958.nii,.nii,study_0958.nii,22.5003
/kaggle/input/datasets,mathurinache/mosmeddata-chest-ct-scans-with-covid19/MosMedData Chest CT Scans with COVID-19 Related Findings COVID19_1110 1.0/studies/CT-2/study_1034.nii,/kaggle/input/datasets/mathurinache/mosmeddata-chest-ct-scans-with-covid19/MosMedData Chest CT Scans with COVID-19 Related Findings COVID19_1110 1.0/studies/CT-2/study_1034.nii,.nii,study_1034.nii,21.5003
/kaggle/input/datasets,mathurinache/mosmeddata-chest-ct-scans-with-covid19/MosMedData Chest CT Scans with COVID-19 Related Findings COVID19_1110 1.0/studies/CT-2/study_1013.nii,/kaggle/input/datasets/mathurinache/mosmeddata-chest-ct-scans-with-covid19/MosMedData Chest CT Scans with COVID-19 Related Findings COVID19_1110 1.0/studies/CT-2/study_1013.nii,.nii,study_1013.nii,18.5003
/kaggle/input/datasets,mathurinache/mosmeddata-chest-ct-scans-with-covid19/MosMedData Chest CT Scans with COVID-19 Related Findings COVID19_1110 1.0/studies/CT-2/study_0979.nii,/kaggle/input/datasets/mathurinache/mosmeddata-chest-ct-scans-with-covid19/MosMedData Chest CT Scans with COVID-19 Related Findings COVID19_1110 1.0/studies/CT-2/study_0979.nii,.nii,study_0979.nii,18.5003
/kaggle/input/datasets,mathurinache/mosmeddata-chest-ct-scans-with-covid19/MosMedData Chest CT Scans with COVID-19 Related Findings COVID19_1110 1.0/studies/CT-2/study_1011.nii,/kaggle/input/datasets/mathurinache/mosmeddata-chest-ct-scans-with-covid19/MosMedData Chest CT Scans with COVID-19 Related Findings COVID19_1110 1.0/studies/CT-2/study_1011.nii,.nii,study_1011.nii,21.5003
/kaggle/input/datasets,mathurinache/mosmeddata-chest-ct-scans-with-covid19/MosMedData Chest CT Scans with COVID-19 Related Findings COVID19_1110 1.0/studies/CT-2/study_0991.nii,/kaggle/input/datasets/mathurinache/mosmeddata-chest-ct-scans-with-covid19/MosMedData Chest CT Scans with COVID-19 Related Findings COVID19_1110 1.0/studies/CT-2/study_0991.nii,.nii,study_0991.nii,18.5003
/kaggle/input/datasets,mathurinache/mosmeddata-chest-ct-scans-with-covid19/MosMedData Chest CT Scans with COVID-19 Related Findings COVID19_1110 1.0/studies/CT-2/study_1014.nii,/kaggle/input/datasets/mathurinache/mosmeddata-chest-ct-scans-with-covid19/MosMedData Chest CT Scans with COVID-19 Related Findings COVID19_1110 1.0/studies/CT-2/study_1014.nii,.nii,study_1014.nii,20.5003
/kaggle/input/datasets,mathurinache/mosmeddata-chest-ct-scans-with-covid19/MosMedData Chest CT Scans with COVID-19 Related Findings COVID19_1110 1.0/studies/CT-2/study_1059.nii,/kaggle/input/datasets/mathurinache/mosmeddata-chest-ct-scans-with-covid19/MosMedData Chest CT Scans with COVID-19 Related Findings COVID19_1110 1.0/studies/CT-2/study_1059.nii,.nii,study_1059.nii,18.0003
/kaggle/input/datasets,mathurinache/mosmeddata-chest-ct-scans-with-covid19/MosMedData Chest CT Scans with COVID-19 Related Findings COVID19_1110 1.0/studies/CT-2/study_1028.nii,/kaggle/input/datasets/mathurinache/mosmeddata-chest-ct-scans-with-covid19/MosMedData Chest CT Scans with COVID-19 Related Findings COVID19_1110 1.0/studies/CT-2/study_1028.nii,.nii,study_1028.nii,18.0003
/kaggle/input/datasets,mathurinache/mosmeddata-chest-ct-scans-with-covid19/MosMedData Chest CT Scans with COVID-19 Related Findings COVID19_1110 1.0/studies/CT-2/study_0999.nii,/kaggle/input/datasets/mathurinache/mosmeddata-chest-ct-scans-with-covid19/MosMedData Chest CT Scans with COVID-19 Related Findings COVID19_1110 1.0/studies/CT-2/study_0999.nii,.nii,study_0999.nii,19.0003
/kaggle/input/datasets,mathurinache/mosmeddata-chest-ct-scans-with-covid19/MosMedData Chest CT Scans with COVID-19 Related Findings COVID19_1110 1.0/studies/CT-2/study_1055.nii,/kaggle/input/datasets/mathurinache/mosmeddata-chest-ct-scans-with-covid19/MosMedData Chest CT Scans with COVID-19 Related Findings COVID19_1110 1.0/studies/CT-2/study_1055.nii,.nii,study_1055.nii,22.5003
/kaggle/input/datasets,mathurinache/mosmeddata-chest-ct-scans-with-covid19/MosMedData Chest CT Scans with COVID-19 Related Findings COVID19_1110 1.0/studies/CT-2/study_1033.nii,/kaggle/input/datasets/mathurinache/mosmeddata-chest-ct-scans-with-covid19/MosMedData Chest CT Scans with COVID-19 Related Findings COVID19_1110 1.0/studies/CT-2/study_1033.nii,.nii,study_1033.nii,20.0003
/kaggle/input/datasets,mathurinache/mosmeddata-chest-ct-scans-with-covid19/MosMedData Chest CT Scans with COVID-19 Related Findings COVID19_1110 1.0/studies/CT-2/study_1015.nii,/kaggle/input/datasets/mathurinache/mosmeddata-chest-ct-scans-with-covid19/MosMedData Chest CT Scans with COVID-19 Related Findings COVID19_1110 1.0/studies/CT-2/study_1015.nii,.nii,study_1015.nii,21.0003
/kaggle/input/datasets,mathurinache/mosmeddata-chest-ct-scans-with-covid19/MosMedData Chest CT Scans with COVID-19 Related Findings COVID19_1110 1.0/studies/CT-2/study_0977.nii,/kaggle/input/datasets/mathurinache/mosmeddata-chest-ct-scans-with-covid19/MosMedData Chest CT Scans with COVID-19 Related Findings COVID19_1110 1.0/studies/CT-2/study_0977.nii,.nii,study_0977.nii,17.0003
/kaggle/input/datasets,mathurinache/mosmeddata-chest-ct-scans-with-covid19/MosMedData Chest CT Scans with COVID-19 Related Findings COVID19_1110 1.0/studies/CT-2/study_1023.nii,/kaggle/input/datasets/mathurinache/mosmeddata-chest-ct-scans-with-covid19/MosMedData Chest CT Scans with COVID-19 Related Findings COVID19_1110 1.0/studies/CT-2/study_1023.nii,.nii,study_1023.nii,32.5003
/kaggle/input/datasets,mathurinache/mosmeddata-chest-ct-scans-with-covid19/MosMedData Chest CT Scans with COVID-19 Related Findings COVID19_1110 1.0/studies/CT-2/study_0975.nii,/kaggle/input/datasets/mathurinache/mosmeddata-chest-ct-scans-with-covid19/MosMedData Chest CT Scans with COVID-19 Related Findings COVID19_1110 1.0/studies/CT-2/study_0975.nii,.nii,study_0975.nii,21.5003
/kaggle/input/datasets,mathurinache/mosmeddata-chest-ct-scans-with-covid19/MosMedData Chest CT Scans with COVID-19 Related Findings COVID19_1110 1.0/studies/CT-2/study_1057.nii,/kaggle/input/datasets/mathurinache/mosmeddata-chest-ct-scans-with-covid19/MosMedData Chest CT Scans with COVID-19 Related Findings COVID19_1110 1.0/studies/CT-2/study_1057.nii,.nii,study_1057.nii,20.0003
/kaggle/input/datasets,mathurinache/mosmeddata-chest-ct-scans-with-covid19/MosMedData Chest CT Scans with COVID-19 Related Findings COVID19_1110 1.0/studies/CT-2/study_1000.nii,/kaggle/input/datasets/mathurinache/mosmeddata-chest-ct-scans-with-covid19/MosMedData Chest CT Scans with COVID-19 Related Findings COVID19_1110 1.0/studies/CT-2/study_1000.nii,.nii,study_1000.nii,22.5003
/kaggle/input/datasets,mathurinache/mosmeddata-chest-ct-scans-with-covid19/MosMedData Chest CT Scans with COVID-19 Related Findings COVID19_1110 1.0/studies/CT-2/study_0954.nii,/kaggle/input/datasets/mathurinache/mosmeddata-chest-ct-scans-with-covid19/MosMedData Chest CT Scans with COVID-19 Related Findings COVID19_1110 1.0/studies/CT-2/study_0954.nii,.nii,study_0954.nii,19.0003
/kaggle/input/datasets,mathurinache/mosmeddata-chest-ct-scans-with-covid19/MosMedData Chest CT Scans with COVID-19 Related Findings COVID19_1110 1.0/studies/CT-2/study_0995.nii,/kaggle/input/datasets/mathurinache/mosmeddata-chest-ct-scans-with-covid19/MosMedData Chest CT Scans with COVID-19 Related Findings COVID19_1110 1.0/studies/CT-2/study_0995.nii,.nii,study_0995.nii,20.5003
/kaggle/input/datasets,mathurinache/mosmeddata-chest-ct-scans-with-covid19/MosMedData Chest CT Scans with COVID-19 Related Findings COVID19_1110 1.0/studies/CT-2/study_1056.nii,/kaggle/input/datasets/mathurinache/mosmeddata-chest-ct-scans-with-covid19/MosMedData Chest CT Scans with COVID-19 Related Findings COVID19_1110 1.0/studies/CT-2/study_1056.nii,.nii,study_1056.nii,22.5003
/kaggle/input/datasets,mathurinache/mosmeddata-chest-ct-scans-with-covid19/MosMedData Chest CT Scans with COVID-19 Related Findings COVID19_1110 1.0/studies/CT-2/study_0967.nii,/kaggle/input/datasets/mathurinache/mosmeddata-chest-ct-scans-with-covid19/MosMedData Chest CT Scans with COVID-19 Related Findings COVID19_1110 1.0/studies/CT-2/study_0967.nii,.nii,study_0967.nii,19.0003
/kaggle/input/datasets,mathurinache/mosmeddata-chest-ct-scans-with-covid19/MosMedData Chest CT Scans with COVID-19 Related Findings COVID19_1110 1.0/studies/CT-2/study_0945.nii,/kaggle/input/datasets/mathurinache/mosmeddata-chest-ct-scans-with-covid19/MosMedData Chest CT Scans with COVID-19 Related Findings COVID19_1110 1.0/studies/CT-2/study_0945.nii,.nii,study_0945.nii,20.0003
/kaggle/input/datasets,mathurinache/mosmeddata-chest-ct-scans-with-covid19/MosMedData Chest CT Scans with COVID-19 Related Findings COVID19_1110 1.0/studies/CT-2/study_0943.nii,/kaggle/input/datasets/mathurinache/mosmeddata-chest-ct-scans-with-covid19/MosMedData Chest CT Scans with COVID-19 Related Findings COVID19_1110 1.0/studies/CT-2/study_0943.nii,.nii,study_0943.nii,22.5003
/kaggle/input/datasets,mathurinache/mosmeddata-chest-ct-scans-with-covid19/MosMedData Chest CT Scans with COVID-19 Related Findings COVID19_1110 1.0/studies/CT-2/study_0964.nii,/kaggle/input/datasets/mathurinache/mosmeddata-chest-ct-scans-with-covid19/MosMedData Chest CT Scans with COVID-19 Related Findings COVID19_1110 1.0/studies/CT-2/study_0964.nii,.nii,study_0964.nii,18.0003
/kaggle/input/datasets,mathurinache/mosmeddata-chest-ct-scans-with-covid19/MosMedData Chest CT Scans with COVID-19 Related Findings COVID19_1110 1.0/studies/CT-2/study_1004.nii,/kaggle/input/datasets/mathurinache/mosmeddata-chest-ct-scans-with-covid19/MosMedData Chest CT Scans with COVID-19 Related Findings COVID19_1110 1.0/studies/CT-2/study_1004.nii,.nii,study_1004.nii,18.0003
/kaggle/input/datasets,mathurinache/mosmeddata-chest-ct-scans-with-covid19/MosMedData Chest CT Scans with COVID-19 Related Findings COVID19_1110 1.0/studies/CT-2/study_0939.nii,/kaggle/input/datasets/mathurinache/mosmeddata-chest-ct-scans-with-covid19/MosMedData Chest CT Scans with COVID-19 Related Findings COVID19_1110 1.0/studies/CT-2/study_0939.nii,.nii,study_0939.nii,27.0003
/kaggle/input/datasets,mathurinache/mosmeddata-chest-ct-scans-with-covid19/MosMedData Chest CT Scans with COVID-19 Related Findings COVID19_1110 1.0/studies/CT-2/study_1036.nii,/kaggle/input/datasets/mathurinache/mosmeddata-chest-ct-scans-with-covid19/MosMedData Chest CT Scans with COVID-19 Related Findings COVID19_1110 1.0/studies/CT-2/study_1036.nii,.nii,study_1036.nii,23.0003
/kaggle/input/datasets,mathurinache/mosmeddata-chest-ct-scans-with-covid19/MosMedData Chest CT Scans with COVID-19 Related Findings COVID19_1110 1.0/studies/CT-2/study_1025.nii,/kaggle/input/datasets/mathurinache/mosmeddata-chest-ct-scans-with-covid19/MosMedData Chest CT Scans with COVID-19 Related Findings COVID19_1110 1.0/studies/CT-2/study_1025.nii,.nii,study_1025.nii,21.0003
/kaggle/input/datasets,mathurinache/mosmeddata-chest-ct-scans-with-covid19/MosMedData Chest CT Scans with COVID-19 Related Findings COVID19_1110 1.0/studies/CT-2/study_0946.nii,/kaggle/input/datasets/mathurinache/mosmeddata-chest-ct-scans-with-covid19/MosMedData Chest CT Scans with COVID-19 Related Findings COVID19_1110 1.0/studies/CT-2/study_0946.nii,.nii,study_0946.nii,18.0003
/kaggle/input/datasets,mathurinache/mosmeddata-chest-ct-scans-with-covid19/MosMedData Chest CT Scans with COVID-19 Related Findings COVID19_1110 1.0/studies/CT-2/study_0998.nii,/kaggle/input/datasets/mathurinache/mosmeddata-chest-ct-scans-with-covid19/MosMedData Chest CT Scans with COVID-19 Related Findings COVID19_1110 1.0/studies/CT-2/study_0998.nii,.nii,study_0998.nii,21.5003
/kaggle/input/datasets,mathurinache/mosmeddata-chest-ct-scans-with-covid19/MosMedData Chest CT Scans with COVID-19 Related Findings COVID19_1110 1.0/studies/CT-2/study_1040.nii,/kaggle/input/datasets/mathurinache/mosmeddata-chest-ct-scans-with-covid19/MosMedData Chest CT Scans with COVID-19 Related Findings COVID19_1110 1.0/studies/CT-2/study_1040.nii,.nii,study_1040.nii,19.0003
/kaggle/input/datasets,mathurinache/mosmeddata-chest-ct-scans-with-covid19/MosMedData Chest CT Scans with COVID-19 Related Findings COVID19_1110 1.0/studies/CT-2/study_0978.nii,/kaggle/input/datasets/mathurinache/mosmeddata-chest-ct-scans-with-covid19/MosMedData Chest CT Scans with COVID-19 Related Findings COVID19_1110 1.0/studies/CT-2/study_0978.nii,.nii,study_0978.nii,16.5003
/kaggle/input/datasets,mathurinache/mosmeddata-chest-ct-scans-with-covid19/MosMedData Chest CT Scans with COVID-19 Related Findings COVID19_1110 1.0/studies/CT-2/study_0965.nii,/kaggle/input/datasets/mathurinache/mosmeddata-chest-ct-scans-with-covid19/MosMedData Chest CT Scans with COVID-19 Related Findings COVID19_1110 1.0/studies/CT-2/study_0965.nii,.nii,study_0965.nii,21.5003
/kaggle/input/datasets,mathurinache/mosmeddata-chest-ct-scans-with-covid19/MosMedData Chest CT Scans with COVID-19 Related Findings COVID19_1110 1.0/studies/CT-2/study_0942.nii,/kaggle/input/datasets/mathurinache/mosmeddata-chest-ct-scans-with-covid19/MosMedData Chest CT Scans with COVID-19 Related Findings COVID19_1110 1.0/studies/CT-2/study_0942.nii,.nii,study_0942.nii,19.0003
