case_id,slice_idx,image_prev_path,image_path,image_next_path,infection_mask_path,lung_mask_path,scribble_path,lesion_pixels,lung_pixels,scribble_fg_pixels,scribble_bg_pixels
study_0255,8,data/dataset2_mosmed/processed/images/study_0255_slice_008.npy,data/dataset2_mosmed/processed/images/study_0255_slice_008.npy,data/dataset2_mosmed/processed/images/study_0255_slice_009.npy,data/dataset2_mosmed/processed/infection_masks/study_0255_slice_008.npy,data/dataset2_mosmed/processed/lung_masks/study_0255_slice_008.npy,data/dataset2_mosmed/scribbles/study_0255_slice_008.npy,0,62500,0,0
study_0255,9,data/dataset2_mosmed/processed/images/study_0255_slice_008.npy,data/dataset2_mosmed/processed/images/study_0255_slice_009.npy,data/dataset2_mosmed/processed/images/study_0255_slice_010.npy,data/dataset2_mosmed/processed/infection_masks/study_0255_slice_009.npy,data/dataset2_mosmed/processed/lung_masks/study_0255_slice_009.npy,data/dataset2_mosmed/scribbles/study_0255_slice_009.npy,0,62500,0,0
study_0255,10,data/dataset2_mosmed/processed/images/study_0255_slice_009.npy,data/dataset2_mosmed/processed/images/study_0255_slice_010.npy,data/dataset2_mosmed/processed/images/study_0255_slice_011.npy,data/dataset2_mosmed/processed/infection_masks/study_0255_slice_010.npy,data/dataset2_mosmed/processed/lung_masks/study_0255_slice_010.npy,data/dataset2_mosmed/scribbles/study_0255_slice_010.npy,17,62500,7,224
study_0255,11,data/dataset2_mosmed/processed/images/study_0255_slice_010.npy,data/dataset2_mosmed/processed/images/study_0255_slice_011.npy,data/dataset2_mosmed/processed/images/study_0255_slice_012.npy,data/dataset2_mosmed/processed/infection_masks/study_0255_slice_011.npy,data/dataset2_mosmed/processed/lung_masks/study_0255_slice_011.npy,data/dataset2_mosmed/scribbles/study_0255_slice_011.npy,542,62500,184,217
study_0255,12,data/dataset2_mosmed/processed/images/study_0255_slice_011.npy,data/dataset2_mosmed/processed/images/study_0255_slice_012.npy,data/dataset2_mosmed/processed/images/study_0255_slice_013.npy,data/dataset2_mosmed/processed/infection_masks/study_0255_slice_012.npy,data/dataset2_mosmed/processed/lung_masks/study_0255_slice_012.npy,data/dataset2_mosmed/scribbles/study_0255_slice_012.npy,509,62500,224,218
study_0255,13,data/dataset2_mosmed/processed/images/study_0255_slice_012.npy,data/dataset2_mosmed/processed/images/study_0255_slice_013.npy,data/dataset2_mosmed/processed/images/study_0255_slice_014.npy,data/dataset2_mosmed/processed/infection_masks/study_0255_slice_013.npy,data/dataset2_mosmed/processed/lung_masks/study_0255_slice_013.npy,data/dataset2_mosmed/scribbles/study_0255_slice_013.npy,672,62500,190,219
study_0255,14,data/dataset2_mosmed/processed/images/study_0255_slice_013.npy,data/dataset2_mosmed/processed/images/study_0255_slice_014.npy,data/dataset2_mosmed/processed/images/study_0255_slice_015.npy,data/dataset2_mosmed/processed/infection_masks/study_0255_slice_014.npy,data/dataset2_mosmed/processed/lung_masks/study_0255_slice_014.npy,data/dataset2_mosmed/scribbles/study_0255_slice_014.npy,915,62500,237,218
study_0255,15,data/dataset2_mosmed/processed/images/study_0255_slice_014.npy,data/dataset2_mosmed/processed/images/study_0255_slice_015.npy,data/dataset2_mosmed/processed/images/study_0255_slice_016.npy,data/dataset2_mosmed/processed/infection_masks/study_0255_slice_015.npy,data/dataset2_mosmed/processed/lung_masks/study_0255_slice_015.npy,data/dataset2_mosmed/scribbles/study_0255_slice_015.npy,1052,62500,258,217
study_0255,16,data/dataset2_mosmed/processed/images/study_0255_slice_015.npy,data/dataset2_mosmed/processed/images/study_0255_slice_016.npy,data/dataset2_mosmed/processed/images/study_0255_slice_017.npy,data/dataset2_mosmed/processed/infection_masks/study_0255_slice_016.npy,data/dataset2_mosmed/processed/lung_masks/study_0255_slice_016.npy,data/dataset2_mosmed/scribbles/study_0255_slice_016.npy,1536,62500,421,212
study_0255,17,data/dataset2_mosmed/processed/images/study_0255_slice_016.npy,data/dataset2_mosmed/processed/images/study_0255_slice_017.npy,data/dataset2_mosmed/processed/images/study_0255_slice_018.npy,data/dataset2_mosmed/processed/infection_masks/study_0255_slice_017.npy,data/dataset2_mosmed/processed/lung_masks/study_0255_slice_017.npy,data/dataset2_mosmed/scribbles/study_0255_slice_017.npy,1289,62500,275,213
study_0255,18,data/dataset2_mosmed/processed/images/study_0255_slice_017.npy,data/dataset2_mosmed/processed/images/study_0255_slice_018.npy,data/dataset2_mosmed/processed/images/study_0255_slice_019.npy,data/dataset2_mosmed/processed/infection_masks/study_0255_slice_018.npy,data/dataset2_mosmed/processed/lung_masks/study_0255_slice_018.npy,data/dataset2_mosmed/scribbles/study_0255_slice_018.npy,754,62500,212,218
study_0255,19,data/dataset2_mosmed/processed/images/study_0255_slice_018.npy,data/dataset2_mosmed/processed/images/study_0255_slice_019.npy,data/dataset2_mosmed/processed/images/study_0255_slice_020.npy,data/dataset2_mosmed/processed/infection_masks/study_0255_slice_019.npy,data/dataset2_mosmed/processed/lung_masks/study_0255_slice_019.npy,data/dataset2_mosmed/scribbles/study_0255_slice_019.npy,386,62500,93,219
study_0255,20,data/dataset2_mosmed/processed/images/study_0255_slice_019.npy,data/dataset2_mosmed/processed/images/study_0255_slice_020.npy,data/dataset2_mosmed/processed/images/study_0255_slice_021.npy,data/dataset2_mosmed/processed/infection_masks/study_0255_slice_020.npy,data/dataset2_mosmed/processed/lung_masks/study_0255_slice_020.npy,data/dataset2_mosmed/scribbles/study_0255_slice_020.npy,256,62500,93,220
study_0255,21,data/dataset2_mosmed/processed/images/study_0255_slice_020.npy,data/dataset2_mosmed/processed/images/study_0255_slice_021.npy,data/dataset2_mosmed/processed/images/study_0255_slice_022.npy,data/dataset2_mosmed/processed/infection_masks/study_0255_slice_021.npy,data/dataset2_mosmed/processed/lung_masks/study_0255_slice_021.npy,data/dataset2_mosmed/scribbles/study_0255_slice_021.npy,414,62500,104,221
study_0255,22,data/dataset2_mosmed/processed/images/study_0255_slice_021.npy,data/dataset2_mosmed/processed/images/study_0255_slice_022.npy,data/dataset2_mosmed/processed/images/study_0255_slice_023.npy,data/dataset2_mosmed/processed/infection_masks/study_0255_slice_022.npy,data/dataset2_mosmed/processed/lung_masks/study_0255_slice_022.npy,data/dataset2_mosmed/scribbles/study_0255_slice_022.npy,670,62500,148,220
study_0255,23,data/dataset2_mosmed/processed/images/study_0255_slice_022.npy,data/dataset2_mosmed/processed/images/study_0255_slice_023.npy,data/dataset2_mosmed/processed/images/study_0255_slice_024.npy,data/dataset2_mosmed/processed/infection_masks/study_0255_slice_023.npy,data/dataset2_mosmed/processed/lung_masks/study_0255_slice_023.npy,data/dataset2_mosmed/scribbles/study_0255_slice_023.npy,946,62500,206,218
study_0255,24,data/dataset2_mosmed/processed/images/study_0255_slice_023.npy,data/dataset2_mosmed/processed/images/study_0255_slice_024.npy,data/dataset2_mosmed/processed/images/study_0255_slice_025.npy,data/dataset2_mosmed/processed/infection_masks/study_0255_slice_024.npy,data/dataset2_mosmed/processed/lung_masks/study_0255_slice_024.npy,data/dataset2_mosmed/scribbles/study_0255_slice_024.npy,659,62500,116,220
study_0255,25,data/dataset2_mosmed/processed/images/study_0255_slice_024.npy,data/dataset2_mosmed/processed/images/study_0255_slice_025.npy,data/dataset2_mosmed/processed/images/study_0255_slice_026.npy,data/dataset2_mosmed/processed/infection_masks/study_0255_slice_025.npy,data/dataset2_mosmed/processed/lung_masks/study_0255_slice_025.npy,data/dataset2_mosmed/scribbles/study_0255_slice_025.npy,448,62500,98,222
study_0255,26,data/dataset2_mosmed/processed/images/study_0255_slice_025.npy,data/dataset2_mosmed/processed/images/study_0255_slice_026.npy,data/dataset2_mosmed/processed/images/study_0255_slice_027.npy,data/dataset2_mosmed/processed/infection_masks/study_0255_slice_026.npy,data/dataset2_mosmed/processed/lung_masks/study_0255_slice_026.npy,data/dataset2_mosmed/scribbles/study_0255_slice_026.npy,42,62500,21,224
study_0255,27,data/dataset2_mosmed/processed/images/study_0255_slice_026.npy,data/dataset2_mosmed/processed/images/study_0255_slice_027.npy,data/dataset2_mosmed/processed/images/study_0255_slice_028.npy,data/dataset2_mosmed/processed/infection_masks/study_0255_slice_027.npy,data/dataset2_mosmed/processed/lung_masks/study_0255_slice_027.npy,data/dataset2_mosmed/scribbles/study_0255_slice_027.npy,0,62500,0,0
study_0255,28,data/dataset2_mosmed/processed/images/study_0255_slice_027.npy,data/dataset2_mosmed/processed/images/study_0255_slice_028.npy,data/dataset2_mosmed/processed/images/study_0255_slice_029.npy,data/dataset2_mosmed/processed/infection_masks/study_0255_slice_028.npy,data/dataset2_mosmed/processed/lung_masks/study_0255_slice_028.npy,data/dataset2_mosmed/scribbles/study_0255_slice_028.npy,33,62500,16,224
study_0255,29,data/dataset2_mosmed/processed/images/study_0255_slice_028.npy,data/dataset2_mosmed/processed/images/study_0255_slice_029.npy,data/dataset2_mosmed/processed/images/study_0255_slice_030.npy,data/dataset2_mosmed/processed/infection_masks/study_0255_slice_029.npy,data/dataset2_mosmed/processed/lung_masks/study_0255_slice_029.npy,data/dataset2_mosmed/scribbles/study_0255_slice_029.npy,138,62500,28,224
study_0255,30,data/dataset2_mosmed/processed/images/study_0255_slice_029.npy,data/dataset2_mosmed/processed/images/study_0255_slice_030.npy,data/dataset2_mosmed/processed/images/study_0255_slice_031.npy,data/dataset2_mosmed/processed/infection_masks/study_0255_slice_030.npy,data/dataset2_mosmed/processed/lung_masks/study_0255_slice_030.npy,data/dataset2_mosmed/scribbles/study_0255_slice_030.npy,92,62500,21,224
study_0255,31,data/dataset2_mosmed/processed/images/study_0255_slice_030.npy,data/dataset2_mosmed/processed/images/study_0255_slice_031.npy,data/dataset2_mosmed/processed/images/study_0255_slice_032.npy,data/dataset2_mosmed/processed/infection_masks/study_0255_slice_031.npy,data/dataset2_mosmed/processed/lung_masks/study_0255_slice_031.npy,data/dataset2_mosmed/scribbles/study_0255_slice_031.npy,1,62500,0,0
study_0255,32,data/dataset2_mosmed/processed/images/study_0255_slice_031.npy,data/dataset2_mosmed/processed/images/study_0255_slice_032.npy,data/dataset2_mosmed/processed/images/study_0255_slice_032.npy,data/dataset2_mosmed/processed/infection_masks/study_0255_slice_032.npy,data/dataset2_mosmed/processed/lung_masks/study_0255_slice_032.npy,data/dataset2_mosmed/scribbles/study_0255_slice_032.npy,0,62500,0,0
study_0258,9,data/dataset2_mosmed/processed/images/study_0258_slice_009.npy,data/dataset2_mosmed/processed/images/study_0258_slice_009.npy,data/dataset2_mosmed/processed/images/study_0258_slice_010.npy,data/dataset2_mosmed/processed/infection_masks/study_0258_slice_009.npy,data/dataset2_mosmed/processed/lung_masks/study_0258_slice_009.npy,data/dataset2_mosmed/scribbles/study_0258_slice_009.npy,0,62500,0,0
study_0258,10,data/dataset2_mosmed/processed/images/study_0258_slice_009.npy,data/dataset2_mosmed/processed/images/study_0258_slice_010.npy,data/dataset2_mosmed/processed/images/study_0258_slice_011.npy,data/dataset2_mosmed/processed/infection_masks/study_0258_slice_010.npy,data/dataset2_mosmed/processed/lung_masks/study_0258_slice_010.npy,data/dataset2_mosmed/scribbles/study_0258_slice_010.npy,0,62500,0,0
study_0258,11,data/dataset2_mosmed/processed/images/study_0258_slice_010.npy,data/dataset2_mosmed/processed/images/study_0258_slice_011.npy,data/dataset2_mosmed/processed/images/study_0258_slice_012.npy,data/dataset2_mosmed/processed/infection_masks/study_0258_slice_011.npy,data/dataset2_mosmed/processed/lung_masks/study_0258_slice_011.npy,data/dataset2_mosmed/scribbles/study_0258_slice_011.npy,8,62500,8,225
study_0258,12,data/dataset2_mosmed/processed/images/study_0258_slice_011.npy,data/dataset2_mosmed/processed/images/study_0258_slice_012.npy,data/dataset2_mosmed/processed/images/study_0258_slice_013.npy,data/dataset2_mosmed/processed/infection_masks/study_0258_slice_012.npy,data/dataset2_mosmed/processed/lung_masks/study_0258_slice_012.npy,data/dataset2_mosmed/scribbles/study_0258_slice_012.npy,26,62500,10,225
study_0258,13,data/dataset2_mosmed/processed/images/study_0258_slice_012.npy,data/dataset2_mosmed/processed/images/study_0258_slice_013.npy,data/dataset2_mosmed/processed/images/study_0258_slice_014.npy,data/dataset2_mosmed/processed/infection_masks/study_0258_slice_013.npy,data/dataset2_mosmed/processed/lung_masks/study_0258_slice_013.npy,data/dataset2_mosmed/scribbles/study_0258_slice_013.npy,0,62500,0,0
study_0258,14,data/dataset2_mosmed/processed/images/study_0258_slice_013.npy,data/dataset2_mosmed/processed/images/study_0258_slice_014.npy,data/dataset2_mosmed/processed/images/study_0258_slice_015.npy,data/dataset2_mosmed/processed/infection_masks/study_0258_slice_014.npy,data/dataset2_mosmed/processed/lung_masks/study_0258_slice_014.npy,data/dataset2_mosmed/scribbles/study_0258_slice_014.npy,0,62500,0,0
study_0258,15,data/dataset2_mosmed/processed/images/study_0258_slice_014.npy,data/dataset2_mosmed/processed/images/study_0258_slice_015.npy,data/dataset2_mosmed/processed/images/study_0258_slice_016.npy,data/dataset2_mosmed/processed/infection_masks/study_0258_slice_015.npy,data/dataset2_mosmed/processed/lung_masks/study_0258_slice_015.npy,data/dataset2_mosmed/scribbles/study_0258_slice_015.npy,118,62500,63,223
study_0258,16,data/dataset2_mosmed/processed/images/study_0258_slice_015.npy,data/dataset2_mosmed/processed/images/study_0258_slice_016.npy,data/dataset2_mosmed/processed/images/study_0258_slice_017.npy,data/dataset2_mosmed/processed/infection_masks/study_0258_slice_016.npy,data/dataset2_mosmed/processed/lung_masks/study_0258_slice_016.npy,data/dataset2_mosmed/scribbles/study_0258_slice_016.npy,263,62500,85,222
study_0258,17,data/dataset2_mosmed/processed/images/study_0258_slice_016.npy,data/dataset2_mosmed/processed/images/study_0258_slice_017.npy,data/dataset2_mosmed/processed/images/study_0258_slice_018.npy,data/dataset2_mosmed/processed/infection_masks/study_0258_slice_017.npy,data/dataset2_mosmed/processed/lung_masks/study_0258_slice_017.npy,data/dataset2_mosmed/scribbles/study_0258_slice_017.npy,749,62500,160,220
study_0258,18,data/dataset2_mosmed/processed/images/study_0258_slice_017.npy,data/dataset2_mosmed/processed/images/study_0258_slice_018.npy,data/dataset2_mosmed/processed/images/study_0258_slice_019.npy,data/dataset2_mosmed/processed/infection_masks/study_0258_slice_018.npy,data/dataset2_mosmed/processed/lung_masks/study_0258_slice_018.npy,data/dataset2_mosmed/scribbles/study_0258_slice_018.npy,749,62500,118,219
study_0258,19,data/dataset2_mosmed/processed/images/study_0258_slice_018.npy,data/dataset2_mosmed/processed/images/study_0258_slice_019.npy,data/dataset2_mosmed/processed/images/study_0258_slice_020.npy,data/dataset2_mosmed/processed/infection_masks/study_0258_slice_019.npy,data/dataset2_mosmed/processed/lung_masks/study_0258_slice_019.npy,data/dataset2_mosmed/scribbles/study_0258_slice_019.npy,693,62500,104,220
study_0258,20,data/dataset2_mosmed/processed/images/study_0258_slice_019.npy,data/dataset2_mosmed/processed/images/study_0258_slice_020.npy,data/dataset2_mosmed/processed/images/study_0258_slice_021.npy,data/dataset2_mosmed/processed/infection_masks/study_0258_slice_020.npy,data/dataset2_mosmed/processed/lung_masks/study_0258_slice_020.npy,data/dataset2_mosmed/scribbles/study_0258_slice_020.npy,563,62500,78,221
study_0258,21,data/dataset2_mosmed/processed/images/study_0258_slice_020.npy,data/dataset2_mosmed/processed/images/study_0258_slice_021.npy,data/dataset2_mosmed/processed/images/study_0258_slice_022.npy,data/dataset2_mosmed/processed/infection_masks/study_0258_slice_021.npy,data/dataset2_mosmed/processed/lung_masks/study_0258_slice_021.npy,data/dataset2_mosmed/scribbles/study_0258_slice_021.npy,527,44905,110,220
study_0258,22,data/dataset2_mosmed/processed/images/study_0258_slice_021.npy,data/dataset2_mosmed/processed/images/study_0258_slice_022.npy,data/dataset2_mosmed/processed/images/study_0258_slice_023.npy,data/dataset2_mosmed/processed/infection_masks/study_0258_slice_022.npy,data/dataset2_mosmed/processed/lung_masks/study_0258_slice_022.npy,data/dataset2_mosmed/scribbles/study_0258_slice_022.npy,418,44860,90,221
study_0258,23,data/dataset2_mosmed/processed/images/study_0258_slice_022.npy,data/dataset2_mosmed/processed/images/study_0258_slice_023.npy,data/dataset2_mosmed/processed/images/study_0258_slice_024.npy,data/dataset2_mosmed/processed/infection_masks/study_0258_slice_023.npy,data/dataset2_mosmed/processed/lung_masks/study_0258_slice_023.npy,data/dataset2_mosmed/scribbles/study_0258_slice_023.npy,262,44412,75,222
study_0258,24,data/dataset2_mosmed/processed/images/study_0258_slice_023.npy,data/dataset2_mosmed/processed/images/study_0258_slice_024.npy,data/dataset2_mosmed/processed/images/study_0258_slice_025.npy,data/dataset2_mosmed/processed/infection_masks/study_0258_slice_024.npy,data/dataset2_mosmed/processed/lung_masks/study_0258_slice_024.npy,data/dataset2_mosmed/scribbles/study_0258_slice_024.npy,31,44211,10,225
study_0258,25,data/dataset2_mosmed/processed/images/study_0258_slice_024.npy,data/dataset2_mosmed/processed/images/study_0258_slice_025.npy,data/dataset2_mosmed/processed/images/study_0258_slice_026.npy,data/dataset2_mosmed/processed/infection_masks/study_0258_slice_025.npy,data/dataset2_mosmed/processed/lung_masks/study_0258_slice_025.npy,data/dataset2_mosmed/scribbles/study_0258_slice_025.npy,165,31668,58,223
study_0258,26,data/dataset2_mosmed/processed/images/study_0258_slice_025.npy,data/dataset2_mosmed/processed/images/study_0258_slice_026.npy,data/dataset2_mosmed/processed/images/study_0258_slice_027.npy,data/dataset2_mosmed/processed/infection_masks/study_0258_slice_026.npy,data/dataset2_mosmed/processed/lung_masks/study_0258_slice_026.npy,data/dataset2_mosmed/scribbles/study_0258_slice_026.npy,358,31883,56,222
study_0258,27,data/dataset2_mosmed/processed/images/study_0258_slice_026.npy,data/dataset2_mosmed/processed/images/study_0258_slice_027.npy,data/dataset2_mosmed/processed/images/study_0258_slice_028.npy,data/dataset2_mosmed/processed/infection_masks/study_0258_slice_027.npy,data/dataset2_mosmed/processed/lung_masks/study_0258_slice_027.npy,data/dataset2_mosmed/scribbles/study_0258_slice_027.npy,389,32059,58,223
study_0258,28,data/dataset2_mosmed/processed/images/study_0258_slice_027.npy,data/dataset2_mosmed/processed/images/study_0258_slice_028.npy,data/dataset2_mosmed/processed/images/study_0258_slice_029.npy,data/dataset2_mosmed/processed/infection_masks/study_0258_slice_028.npy,data/dataset2_mosmed/processed/lung_masks/study_0258_slice_028.npy,data/dataset2_mosmed/scribbles/study_0258_slice_028.npy,331,32336,29,222
study_0258,29,data/dataset2_mosmed/processed/images/study_0258_slice_028.npy,data/dataset2_mosmed/processed/images/study_0258_slice_029.npy,data/dataset2_mosmed/processed/images/study_0258_slice_030.npy,data/dataset2_mosmed/processed/infection_masks/study_0258_slice_029.npy,data/dataset2_mosmed/processed/lung_masks/study_0258_slice_029.npy,data/dataset2_mosmed/scribbles/study_0258_slice_029.npy,206,32614,41,223
study_0258,30,data/dataset2_mosmed/processed/images/study_0258_slice_029.npy,data/dataset2_mosmed/processed/images/study_0258_slice_030.npy,data/dataset2_mosmed/processed/images/study_0258_slice_031.npy,data/dataset2_mosmed/processed/infection_masks/study_0258_slice_030.npy,data/dataset2_mosmed/processed/lung_masks/study_0258_slice_030.npy,data/dataset2_mosmed/scribbles/study_0258_slice_030.npy,86,32909,14,224
study_0258,31,data/dataset2_mosmed/processed/images/study_0258_slice_030.npy,data/dataset2_mosmed/processed/images/study_0258_slice_031.npy,data/dataset2_mosmed/processed/images/study_0258_slice_032.npy,data/dataset2_mosmed/processed/infection_masks/study_0258_slice_031.npy,data/dataset2_mosmed/processed/lung_masks/study_0258_slice_031.npy,data/dataset2_mosmed/scribbles/study_0258_slice_031.npy,0,33343,0,0
study_0258,32,data/dataset2_mosmed/processed/images/study_0258_slice_031.npy,data/dataset2_mosmed/processed/images/study_0258_slice_032.npy,data/dataset2_mosmed/processed/images/study_0258_slice_032.npy,data/dataset2_mosmed/processed/infection_masks/study_0258_slice_032.npy,data/dataset2_mosmed/processed/lung_masks/study_0258_slice_032.npy,data/dataset2_mosmed/scribbles/study_0258_slice_032.npy,0,33587,0,0
study_0259,12,data/dataset2_mosmed/processed/images/study_0259_slice_012.npy,data/dataset2_mosmed/processed/images/study_0259_slice_012.npy,data/dataset2_mosmed/processed/images/study_0259_slice_013.npy,data/dataset2_mosmed/processed/infection_masks/study_0259_slice_012.npy,data/dataset2_mosmed/processed/lung_masks/study_0259_slice_012.npy,data/dataset2_mosmed/scribbles/study_0259_slice_012.npy,0,62500,0,0
study_0259,13,data/dataset2_mosmed/processed/images/study_0259_slice_012.npy,data/dataset2_mosmed/processed/images/study_0259_slice_013.npy,data/dataset2_mosmed/processed/images/study_0259_slice_014.npy,data/dataset2_mosmed/processed/infection_masks/study_0259_slice_013.npy,data/dataset2_mosmed/processed/lung_masks/study_0259_slice_013.npy,data/dataset2_mosmed/scribbles/study_0259_slice_013.npy,0,62500,0,0
study_0259,14,data/dataset2_mosmed/processed/images/study_0259_slice_013.npy,data/dataset2_mosmed/processed/images/study_0259_slice_014.npy,data/dataset2_mosmed/processed/images/study_0259_slice_015.npy,data/dataset2_mosmed/processed/infection_masks/study_0259_slice_014.npy,data/dataset2_mosmed/processed/lung_masks/study_0259_slice_014.npy,data/dataset2_mosmed/scribbles/study_0259_slice_014.npy,194,62500,50,223
study_0259,15,data/dataset2_mosmed/processed/images/study_0259_slice_014.npy,data/dataset2_mosmed/processed/images/study_0259_slice_015.npy,data/dataset2_mosmed/processed/images/study_0259_slice_016.npy,data/dataset2_mosmed/processed/infection_masks/study_0259_slice_015.npy,data/dataset2_mosmed/processed/lung_masks/study_0259_slice_015.npy,data/dataset2_mosmed/scribbles/study_0259_slice_015.npy,0,62500,0,0
study_0259,16,data/dataset2_mosmed/processed/images/study_0259_slice_015.npy,data/dataset2_mosmed/processed/images/study_0259_slice_016.npy,data/dataset2_mosmed/processed/images/study_0259_slice_017.npy,data/dataset2_mosmed/processed/infection_masks/study_0259_slice_016.npy,data/dataset2_mosmed/processed/lung_masks/study_0259_slice_016.npy,data/dataset2_mosmed/scribbles/study_0259_slice_016.npy,657,62500,206,217
study_0259,17,data/dataset2_mosmed/processed/images/study_0259_slice_016.npy,data/dataset2_mosmed/processed/images/study_0259_slice_017.npy,data/dataset2_mosmed/processed/images/study_0259_slice_018.npy,data/dataset2_mosmed/processed/infection_masks/study_0259_slice_017.npy,data/dataset2_mosmed/processed/lung_masks/study_0259_slice_017.npy,data/dataset2_mosmed/scribbles/study_0259_slice_017.npy,642,62500,184,219
study_0259,18,data/dataset2_mosmed/processed/images/study_0259_slice_017.npy,data/dataset2_mosmed/processed/images/study_0259_slice_018.npy,data/dataset2_mosmed/processed/images/study_0259_slice_019.npy,data/dataset2_mosmed/processed/infection_masks/study_0259_slice_018.npy,data/dataset2_mosmed/processed/lung_masks/study_0259_slice_018.npy,data/dataset2_mosmed/scribbles/study_0259_slice_018.npy,440,62500,130,220
study_0259,19,data/dataset2_mosmed/processed/images/study_0259_slice_018.npy,data/dataset2_mosmed/processed/images/study_0259_slice_019.npy,data/dataset2_mosmed/processed/images/study_0259_slice_020.npy,data/dataset2_mosmed/processed/infection_masks/study_0259_slice_019.npy,data/dataset2_mosmed/processed/lung_masks/study_0259_slice_019.npy,data/dataset2_mosmed/scribbles/study_0259_slice_019.npy,190,62500,73,221
study_0259,20,data/dataset2_mosmed/processed/images/study_0259_slice_019.npy,data/dataset2_mosmed/processed/images/study_0259_slice_020.npy,data/dataset2_mosmed/processed/images/study_0259_slice_021.npy,data/dataset2_mosmed/processed/infection_masks/study_0259_slice_020.npy,data/dataset2_mosmed/processed/lung_masks/study_0259_slice_020.npy,data/dataset2_mosmed/scribbles/study_0259_slice_020.npy,266,37710,89,220
study_0259,21,data/dataset2_mosmed/processed/images/study_0259_slice_020.npy,data/dataset2_mosmed/processed/images/study_0259_slice_021.npy,data/dataset2_mosmed/processed/images/study_0259_slice_022.npy,data/dataset2_mosmed/processed/infection_masks/study_0259_slice_021.npy,data/dataset2_mosmed/processed/lung_masks/study_0259_slice_021.npy,data/dataset2_mosmed/scribbles/study_0259_slice_021.npy,435,43030,107,221
study_0259,22,data/dataset2_mosmed/processed/images/study_0259_slice_021.npy,data/dataset2_mosmed/processed/images/study_0259_slice_022.npy,data/dataset2_mosmed/processed/images/study_0259_slice_023.npy,data/dataset2_mosmed/processed/infection_masks/study_0259_slice_022.npy,data/dataset2_mosmed/processed/lung_masks/study_0259_slice_022.npy,data/dataset2_mosmed/scribbles/study_0259_slice_022.npy,201,31165,55,221
study_0259,23,data/dataset2_mosmed/processed/images/study_0259_slice_022.npy,data/dataset2_mosmed/processed/images/study_0259_slice_023.npy,data/dataset2_mosmed/processed/images/study_0259_slice_024.npy,data/dataset2_mosmed/processed/infection_masks/study_0259_slice_023.npy,data/dataset2_mosmed/processed/lung_masks/study_0259_slice_023.npy,data/dataset2_mosmed/scribbles/study_0259_slice_023.npy,167,31266,65,221
study_0259,24,data/dataset2_mosmed/processed/images/study_0259_slice_023.npy,data/dataset2_mosmed/processed/images/study_0259_slice_024.npy,data/dataset2_mosmed/processed/images/study_0259_slice_025.npy,data/dataset2_mosmed/processed/infection_masks/study_0259_slice_024.npy,data/dataset2_mosmed/processed/lung_masks/study_0259_slice_024.npy,data/dataset2_mosmed/scribbles/study_0259_slice_024.npy,0,31314,0,0
study_0259,25,data/dataset2_mosmed/processed/images/study_0259_slice_024.npy,data/dataset2_mosmed/processed/images/study_0259_slice_025.npy,data/dataset2_mosmed/processed/images/study_0259_slice_026.npy,data/dataset2_mosmed/processed/infection_masks/study_0259_slice_025.npy,data/dataset2_mosmed/processed/lung_masks/study_0259_slice_025.npy,data/dataset2_mosmed/scribbles/study_0259_slice_025.npy,0,31427,0,0
study_0259,26,data/dataset2_mosmed/processed/images/study_0259_slice_025.npy,data/dataset2_mosmed/processed/images/study_0259_slice_026.npy,data/dataset2_mosmed/processed/images/study_0259_slice_027.npy,data/dataset2_mosmed/processed/infection_masks/study_0259_slice_026.npy,data/dataset2_mosmed/processed/lung_masks/study_0259_slice_026.npy,data/dataset2_mosmed/scribbles/study_0259_slice_026.npy,14,31471,8,224
study_0259,27,data/dataset2_mosmed/processed/images/study_0259_slice_026.npy,data/dataset2_mosmed/processed/images/study_0259_slice_027.npy,data/dataset2_mosmed/processed/images/study_0259_slice_028.npy,data/dataset2_mosmed/processed/infection_masks/study_0259_slice_027.npy,data/dataset2_mosmed/processed/lung_masks/study_0259_slice_027.npy,data/dataset2_mosmed/scribbles/study_0259_slice_027.npy,0,31234,0,0
study_0259,28,data/dataset2_mosmed/processed/images/study_0259_slice_027.npy,data/dataset2_mosmed/processed/images/study_0259_slice_028.npy,data/dataset2_mosmed/processed/images/study_0259_slice_028.npy,data/dataset2_mosmed/processed/infection_masks/study_0259_slice_028.npy,data/dataset2_mosmed/processed/lung_masks/study_0259_slice_028.npy,data/dataset2_mosmed/scribbles/study_0259_slice_028.npy,0,31104,0,0
study_0264,7,data/dataset2_mosmed/processed/images/study_0264_slice_007.npy,data/dataset2_mosmed/processed/images/study_0264_slice_007.npy,data/dataset2_mosmed/processed/images/study_0264_slice_008.npy,data/dataset2_mosmed/processed/infection_masks/study_0264_slice_007.npy,data/dataset2_mosmed/processed/lung_masks/study_0264_slice_007.npy,data/dataset2_mosmed/scribbles/study_0264_slice_007.npy,0,62500,0,0
study_0264,8,data/dataset2_mosmed/processed/images/study_0264_slice_007.npy,data/dataset2_mosmed/processed/images/study_0264_slice_008.npy,data/dataset2_mosmed/processed/images/study_0264_slice_009.npy,data/dataset2_mosmed/processed/infection_masks/study_0264_slice_008.npy,data/dataset2_mosmed/processed/lung_masks/study_0264_slice_008.npy,data/dataset2_mosmed/scribbles/study_0264_slice_008.npy,0,62500,0,0
study_0264,9,data/dataset2_mosmed/processed/images/study_0264_slice_008.npy,data/dataset2_mosmed/processed/images/study_0264_slice_009.npy,data/dataset2_mosmed/processed/images/study_0264_slice_010.npy,data/dataset2_mosmed/processed/infection_masks/study_0264_slice_009.npy,data/dataset2_mosmed/processed/lung_masks/study_0264_slice_009.npy,data/dataset2_mosmed/scribbles/study_0264_slice_009.npy,43,62500,12,224
study_0264,10,data/dataset2_mosmed/processed/images/study_0264_slice_009.npy,data/dataset2_mosmed/processed/images/study_0264_slice_010.npy,data/dataset2_mosmed/processed/images/study_0264_slice_011.npy,data/dataset2_mosmed/processed/infection_masks/study_0264_slice_010.npy,data/dataset2_mosmed/processed/lung_masks/study_0264_slice_010.npy,data/dataset2_mosmed/scribbles/study_0264_slice_010.npy,302,62500,120,222
study_0264,11,data/dataset2_mosmed/processed/images/study_0264_slice_010.npy,data/dataset2_mosmed/processed/images/study_0264_slice_011.npy,data/dataset2_mosmed/processed/images/study_0264_slice_012.npy,data/dataset2_mosmed/processed/infection_masks/study_0264_slice_011.npy,data/dataset2_mosmed/processed/lung_masks/study_0264_slice_011.npy,data/dataset2_mosmed/scribbles/study_0264_slice_011.npy,411,62500,138,221
study_0264,12,data/dataset2_mosmed/processed/images/study_0264_slice_011.npy,data/dataset2_mosmed/processed/images/study_0264_slice_012.npy,data/dataset2_mosmed/processed/images/study_0264_slice_013.npy,data/dataset2_mosmed/processed/infection_masks/study_0264_slice_012.npy,data/dataset2_mosmed/processed/lung_masks/study_0264_slice_012.npy,data/dataset2_mosmed/scribbles/study_0264_slice_012.npy,462,62500,172,218
study_0264,13,data/dataset2_mosmed/processed/images/study_0264_slice_012.npy,data/dataset2_mosmed/processed/images/study_0264_slice_013.npy,data/dataset2_mosmed/processed/images/study_0264_slice_014.npy,data/dataset2_mosmed/processed/infection_masks/study_0264_slice_013.npy,data/dataset2_mosmed/processed/lung_masks/study_0264_slice_013.npy,data/dataset2_mosmed/scribbles/study_0264_slice_013.npy,671,62500,281,216
study_0264,14,data/dataset2_mosmed/processed/images/study_0264_slice_013.npy,data/dataset2_mosmed/processed/images/study_0264_slice_014.npy,data/dataset2_mosmed/processed/images/study_0264_slice_015.npy,data/dataset2_mosmed/processed/infection_masks/study_0264_slice_014.npy,data/dataset2_mosmed/processed/lung_masks/study_0264_slice_014.npy,data/dataset2_mosmed/scribbles/study_0264_slice_014.npy,514,62500,197,218
study_0264,15,data/dataset2_mosmed/processed/images/study_0264_slice_014.npy,data/dataset2_mosmed/processed/images/study_0264_slice_015.npy,data/dataset2_mosmed/processed/images/study_0264_slice_016.npy,data/dataset2_mosmed/processed/infection_masks/study_0264_slice_015.npy,data/dataset2_mosmed/processed/lung_masks/study_0264_slice_015.npy,data/dataset2_mosmed/scribbles/study_0264_slice_015.npy,239,28504,105,217
study_0264,16,data/dataset2_mosmed/processed/images/study_0264_slice_015.npy,data/dataset2_mosmed/processed/images/study_0264_slice_016.npy,data/dataset2_mosmed/processed/images/study_0264_slice_017.npy,data/dataset2_mosmed/processed/infection_masks/study_0264_slice_016.npy,data/dataset2_mosmed/processed/lung_masks/study_0264_slice_016.npy,data/dataset2_mosmed/scribbles/study_0264_slice_016.npy,375,29233,181,216
study_0264,17,data/dataset2_mosmed/processed/images/study_0264_slice_016.npy,data/dataset2_mosmed/processed/images/study_0264_slice_017.npy,data/dataset2_mosmed/processed/images/study_0264_slice_018.npy,data/dataset2_mosmed/processed/infection_masks/study_0264_slice_017.npy,data/dataset2_mosmed/processed/lung_masks/study_0264_slice_017.npy,data/dataset2_mosmed/scribbles/study_0264_slice_017.npy,403,29250,171,221
study_0264,18,data/dataset2_mosmed/processed/images/study_0264_slice_017.npy,data/dataset2_mosmed/processed/images/study_0264_slice_018.npy,data/dataset2_mosmed/processed/images/study_0264_slice_019.npy,data/dataset2_mosmed/processed/infection_masks/study_0264_slice_018.npy,data/dataset2_mosmed/processed/lung_masks/study_0264_slice_018.npy,data/dataset2_mosmed/scribbles/study_0264_slice_018.npy,0,29275,0,0
study_0264,19,data/dataset2_mosmed/processed/images/study_0264_slice_018.npy,data/dataset2_mosmed/processed/images/study_0264_slice_019.npy,data/dataset2_mosmed/processed/images/study_0264_slice_020.npy,data/dataset2_mosmed/processed/infection_masks/study_0264_slice_019.npy,data/dataset2_mosmed/processed/lung_masks/study_0264_slice_019.npy,data/dataset2_mosmed/scribbles/study_0264_slice_019.npy,0,29072,0,0
study_0264,20,data/dataset2_mosmed/processed/images/study_0264_slice_019.npy,data/dataset2_mosmed/processed/images/study_0264_slice_020.npy,data/dataset2_mosmed/processed/images/study_0264_slice_021.npy,data/dataset2_mosmed/processed/infection_masks/study_0264_slice_020.npy,data/dataset2_mosmed/processed/lung_masks/study_0264_slice_020.npy,data/dataset2_mosmed/scribbles/study_0264_slice_020.npy,84,21928,38,223
study_0264,21,data/dataset2_mosmed/processed/images/study_0264_slice_020.npy,data/dataset2_mosmed/processed/images/study_0264_slice_021.npy,data/dataset2_mosmed/processed/images/study_0264_slice_022.npy,data/dataset2_mosmed/processed/infection_masks/study_0264_slice_021.npy,data/dataset2_mosmed/processed/lung_masks/study_0264_slice_021.npy,data/dataset2_mosmed/scribbles/study_0264_slice_021.npy,0,22096,0,0
study_0264,22,data/dataset2_mosmed/processed/images/study_0264_slice_021.npy,data/dataset2_mosmed/processed/images/study_0264_slice_022.npy,data/dataset2_mosmed/processed/images/study_0264_slice_023.npy,data/dataset2_mosmed/processed/infection_masks/study_0264_slice_022.npy,data/dataset2_mosmed/processed/lung_masks/study_0264_slice_022.npy,data/dataset2_mosmed/scribbles/study_0264_slice_022.npy,63,22327,43,223
study_0264,23,data/dataset2_mosmed/processed/images/study_0264_slice_022.npy,data/dataset2_mosmed/processed/images/study_0264_slice_023.npy,data/dataset2_mosmed/processed/images/study_0264_slice_024.npy,data/dataset2_mosmed/processed/infection_masks/study_0264_slice_023.npy,data/dataset2_mosmed/processed/lung_masks/study_0264_slice_023.npy,data/dataset2_mosmed/scribbles/study_0264_slice_023.npy,0,22594,0,0
study_0264,24,data/dataset2_mosmed/processed/images/study_0264_slice_023.npy,data/dataset2_mosmed/processed/images/study_0264_slice_024.npy,data/dataset2_mosmed/processed/images/study_0264_slice_025.npy,data/dataset2_mosmed/processed/infection_masks/study_0264_slice_024.npy,data/dataset2_mosmed/processed/lung_masks/study_0264_slice_024.npy,data/dataset2_mosmed/scribbles/study_0264_slice_024.npy,0,22811,0,0
study_0264,25,data/dataset2_mosmed/processed/images/study_0264_slice_024.npy,data/dataset2_mosmed/processed/images/study_0264_slice_025.npy,data/dataset2_mosmed/processed/images/study_0264_slice_026.npy,data/dataset2_mosmed/processed/infection_masks/study_0264_slice_025.npy,data/dataset2_mosmed/processed/lung_masks/study_0264_slice_025.npy,data/dataset2_mosmed/scribbles/study_0264_slice_025.npy,146,23078,48,222
study_0264,26,data/dataset2_mosmed/processed/images/study_0264_slice_025.npy,data/dataset2_mosmed/processed/images/study_0264_slice_026.npy,data/dataset2_mosmed/processed/images/study_0264_slice_027.npy,data/dataset2_mosmed/processed/infection_masks/study_0264_slice_026.npy,data/dataset2_mosmed/processed/lung_masks/study_0264_slice_026.npy,data/dataset2_mosmed/scribbles/study_0264_slice_026.npy,255,26807,98,219
study_0264,27,data/dataset2_mosmed/processed/images/study_0264_slice_026.npy,data/dataset2_mosmed/processed/images/study_0264_slice_027.npy,data/dataset2_mosmed/processed/images/study_0264_slice_028.npy,data/dataset2_mosmed/processed/infection_masks/study_0264_slice_027.npy,data/dataset2_mosmed/processed/lung_masks/study_0264_slice_027.npy,data/dataset2_mosmed/scribbles/study_0264_slice_027.npy,29,27336,7,225
study_0264,28,data/dataset2_mosmed/processed/images/study_0264_slice_027.npy,data/dataset2_mosmed/processed/images/study_0264_slice_028.npy,data/dataset2_mosmed/processed/images/study_0264_slice_029.npy,data/dataset2_mosmed/processed/infection_masks/study_0264_slice_028.npy,data/dataset2_mosmed/processed/lung_masks/study_0264_slice_028.npy,data/dataset2_mosmed/scribbles/study_0264_slice_028.npy,59,27722,23,222
study_0264,29,data/dataset2_mosmed/processed/images/study_0264_slice_028.npy,data/dataset2_mosmed/processed/images/study_0264_slice_029.npy,data/dataset2_mosmed/processed/images/study_0264_slice_030.npy,data/dataset2_mosmed/processed/infection_masks/study_0264_slice_029.npy,data/dataset2_mosmed/processed/lung_masks/study_0264_slice_029.npy,data/dataset2_mosmed/scribbles/study_0264_slice_029.npy,74,28269,34,222
study_0264,30,data/dataset2_mosmed/processed/images/study_0264_slice_029.npy,data/dataset2_mosmed/processed/images/study_0264_slice_030.npy,data/dataset2_mosmed/processed/images/study_0264_slice_031.npy,data/dataset2_mosmed/processed/infection_masks/study_0264_slice_030.npy,data/dataset2_mosmed/processed/lung_masks/study_0264_slice_030.npy,data/dataset2_mosmed/scribbles/study_0264_slice_030.npy,34,28253,18,223
study_0264,31,data/dataset2_mosmed/processed/images/study_0264_slice_030.npy,data/dataset2_mosmed/processed/images/study_0264_slice_031.npy,data/dataset2_mosmed/processed/images/study_0264_slice_032.npy,data/dataset2_mosmed/processed/infection_masks/study_0264_slice_031.npy,data/dataset2_mosmed/processed/lung_masks/study_0264_slice_031.npy,data/dataset2_mosmed/scribbles/study_0264_slice_031.npy,18,28164,13,224
study_0264,32,data/dataset2_mosmed/processed/images/study_0264_slice_031.npy,data/dataset2_mosmed/processed/images/study_0264_slice_032.npy,data/dataset2_mosmed/processed/images/study_0264_slice_033.npy,data/dataset2_mosmed/processed/infection_masks/study_0264_slice_032.npy,data/dataset2_mosmed/processed/lung_masks/study_0264_slice_032.npy,data/dataset2_mosmed/scribbles/study_0264_slice_032.npy,60,27920,18,224
study_0264,33,data/dataset2_mosmed/processed/images/study_0264_slice_032.npy,data/dataset2_mosmed/processed/images/study_0264_slice_033.npy,data/dataset2_mosmed/processed/images/study_0264_slice_034.npy,data/dataset2_mosmed/processed/infection_masks/study_0264_slice_033.npy,data/dataset2_mosmed/processed/lung_masks/study_0264_slice_033.npy,data/dataset2_mosmed/scribbles/study_0264_slice_033.npy,127,27984,45,223
study_0264,34,data/dataset2_mosmed/processed/images/study_0264_slice_033.npy,data/dataset2_mosmed/processed/images/study_0264_slice_034.npy,data/dataset2_mosmed/processed/images/study_0264_slice_035.npy,data/dataset2_mosmed/processed/infection_masks/study_0264_slice_034.npy,data/dataset2_mosmed/processed/lung_masks/study_0264_slice_034.npy,data/dataset2_mosmed/scribbles/study_0264_slice_034.npy,105,28647,41,223
study_0264,35,data/dataset2_mosmed/processed/images/study_0264_slice_034.npy,data/dataset2_mosmed/processed/images/study_0264_slice_035.npy,data/dataset2_mosmed/processed/images/study_0264_slice_036.npy,data/dataset2_mosmed/processed/infection_masks/study_0264_slice_035.npy,data/dataset2_mosmed/processed/lung_masks/study_0264_slice_035.npy,data/dataset2_mosmed/scribbles/study_0264_slice_035.npy,0,29383,0,0
study_0264,36,data/dataset2_mosmed/processed/images/study_0264_slice_035.npy,data/dataset2_mosmed/processed/images/study_0264_slice_036.npy,data/dataset2_mosmed/processed/images/study_0264_slice_036.npy,data/dataset2_mosmed/processed/infection_masks/study_0264_slice_036.npy,data/dataset2_mosmed/processed/lung_masks/study_0264_slice_036.npy,data/dataset2_mosmed/scribbles/study_0264_slice_036.npy,0,30114,0,0
study_0265,5,data/dataset2_mosmed/processed/images/study_0265_slice_005.npy,data/dataset2_mosmed/processed/images/study_0265_slice_005.npy,data/dataset2_mosmed/processed/images/study_0265_slice_006.npy,data/dataset2_mosmed/processed/infection_masks/study_0265_slice_005.npy,data/dataset2_mosmed/processed/lung_masks/study_0265_slice_005.npy,data/dataset2_mosmed/scribbles/study_0265_slice_005.npy,0,62500,0,0
study_0265,6,data/dataset2_mosmed/processed/images/study_0265_slice_005.npy,data/dataset2_mosmed/processed/images/study_0265_slice_006.npy,data/dataset2_mosmed/processed/images/study_0265_slice_007.npy,data/dataset2_mosmed/processed/infection_masks/study_0265_slice_006.npy,data/dataset2_mosmed/processed/lung_masks/study_0265_slice_006.npy,data/dataset2_mosmed/scribbles/study_0265_slice_006.npy,0,62500,0,0
study_0265,7,data/dataset2_mosmed/processed/images/study_0265_slice_006.npy,data/dataset2_mosmed/processed/images/study_0265_slice_007.npy,data/dataset2_mosmed/processed/images/study_0265_slice_008.npy,data/dataset2_mosmed/processed/infection_masks/study_0265_slice_007.npy,data/dataset2_mosmed/processed/lung_masks/study_0265_slice_007.npy,data/dataset2_mosmed/scribbles/study_0265_slice_007.npy,49,62500,22,224
study_0265,8,data/dataset2_mosmed/processed/images/study_0265_slice_007.npy,data/dataset2_mosmed/processed/images/study_0265_slice_008.npy,data/dataset2_mosmed/processed/images/study_0265_slice_009.npy,data/dataset2_mosmed/processed/infection_masks/study_0265_slice_008.npy,data/dataset2_mosmed/processed/lung_masks/study_0265_slice_008.npy,data/dataset2_mosmed/scribbles/study_0265_slice_008.npy,192,62500,75,222
study_0265,9,data/dataset2_mosmed/processed/images/study_0265_slice_008.npy,data/dataset2_mosmed/processed/images/study_0265_slice_009.npy,data/dataset2_mosmed/processed/images/study_0265_slice_010.npy,data/dataset2_mosmed/processed/infection_masks/study_0265_slice_009.npy,data/dataset2_mosmed/processed/lung_masks/study_0265_slice_009.npy,data/dataset2_mosmed/scribbles/study_0265_slice_009.npy,670,62500,204,219
study_0265,10,data/dataset2_mosmed/processed/images/study_0265_slice_009.npy,data/dataset2_mosmed/processed/images/study_0265_slice_010.npy,data/dataset2_mosmed/processed/images/study_0265_slice_011.npy,data/dataset2_mosmed/processed/infection_masks/study_0265_slice_010.npy,data/dataset2_mosmed/processed/lung_masks/study_0265_slice_010.npy,data/dataset2_mosmed/scribbles/study_0265_slice_010.npy,575,62500,165,219
study_0265,11,data/dataset2_mosmed/processed/images/study_0265_slice_010.npy,data/dataset2_mosmed/processed/images/study_0265_slice_011.npy,data/dataset2_mosmed/processed/images/study_0265_slice_012.npy,data/dataset2_mosmed/processed/infection_masks/study_0265_slice_011.npy,data/dataset2_mosmed/processed/lung_masks/study_0265_slice_011.npy,data/dataset2_mosmed/scribbles/study_0265_slice_011.npy,524,62500,134,218
study_0265,12,data/dataset2_mosmed/processed/images/study_0265_slice_011.npy,data/dataset2_mosmed/processed/images/study_0265_slice_012.npy,data/dataset2_mosmed/processed/images/study_0265_slice_013.npy,data/dataset2_mosmed/processed/infection_masks/study_0265_slice_012.npy,data/dataset2_mosmed/processed/lung_masks/study_0265_slice_012.npy,data/dataset2_mosmed/scribbles/study_0265_slice_012.npy,647,62500,190,218
study_0265,13,data/dataset2_mosmed/processed/images/study_0265_slice_012.npy,data/dataset2_mosmed/processed/images/study_0265_slice_013.npy,data/dataset2_mosmed/processed/images/study_0265_slice_014.npy,data/dataset2_mosmed/processed/infection_masks/study_0265_slice_013.npy,data/dataset2_mosmed/processed/lung_masks/study_0265_slice_013.npy,data/dataset2_mosmed/scribbles/study_0265_slice_013.npy,626,62500,149,221
study_0265,14,data/dataset2_mosmed/processed/images/study_0265_slice_013.npy,data/dataset2_mosmed/processed/images/study_0265_slice_014.npy,data/dataset2_mosmed/processed/images/study_0265_slice_015.npy,data/dataset2_mosmed/processed/infection_masks/study_0265_slice_014.npy,data/dataset2_mosmed/processed/lung_masks/study_0265_slice_014.npy,data/dataset2_mosmed/scribbles/study_0265_slice_014.npy,556,62500,165,221
study_0265,15,data/dataset2_mosmed/processed/images/study_0265_slice_014.npy,data/dataset2_mosmed/processed/images/study_0265_slice_015.npy,data/dataset2_mosmed/processed/images/study_0265_slice_016.npy,data/dataset2_mosmed/processed/infection_masks/study_0265_slice_015.npy,data/dataset2_mosmed/processed/lung_masks/study_0265_slice_015.npy,data/dataset2_mosmed/scribbles/study_0265_slice_015.npy,496,62500,131,219
study_0265,16,data/dataset2_mosmed/processed/images/study_0265_slice_015.npy,data/dataset2_mosmed/processed/images/study_0265_slice_016.npy,data/dataset2_mosmed/processed/images/study_0265_slice_017.npy,data/dataset2_mosmed/processed/infection_masks/study_0265_slice_016.npy,data/dataset2_mosmed/processed/lung_masks/study_0265_slice_016.npy,data/dataset2_mosmed/scribbles/study_0265_slice_016.npy,468,62500,115,221
study_0265,17,data/dataset2_mosmed/processed/images/study_0265_slice_016.npy,data/dataset2_mosmed/processed/images/study_0265_slice_017.npy,data/dataset2_mosmed/processed/images/study_0265_slice_018.npy,data/dataset2_mosmed/processed/infection_masks/study_0265_slice_017.npy,data/dataset2_mosmed/processed/lung_masks/study_0265_slice_017.npy,data/dataset2_mosmed/scribbles/study_0265_slice_017.npy,577,62500,119,221
study_0265,18,data/dataset2_mosmed/processed/images/study_0265_slice_017.npy,data/dataset2_mosmed/processed/images/study_0265_slice_018.npy,data/dataset2_mosmed/processed/images/study_0265_slice_019.npy,data/dataset2_mosmed/processed/infection_masks/study_0265_slice_018.npy,data/dataset2_mosmed/processed/lung_masks/study_0265_slice_018.npy,data/dataset2_mosmed/scribbles/study_0265_slice_018.npy,703,62500,204,218
study_0265,19,data/dataset2_mosmed/processed/images/study_0265_slice_018.npy,data/dataset2_mosmed/processed/images/study_0265_slice_019.npy,data/dataset2_mosmed/processed/images/study_0265_slice_020.npy,data/dataset2_mosmed/processed/infection_masks/study_0265_slice_019.npy,data/dataset2_mosmed/processed/lung_masks/study_0265_slice_019.npy,data/dataset2_mosmed/scribbles/study_0265_slice_019.npy,591,62500,129,219
study_0265,20,data/dataset2_mosmed/processed/images/study_0265_slice_019.npy,data/dataset2_mosmed/processed/images/study_0265_slice_020.npy,data/dataset2_mosmed/processed/images/study_0265_slice_021.npy,data/dataset2_mosmed/processed/infection_masks/study_0265_slice_020.npy,data/dataset2_mosmed/processed/lung_masks/study_0265_slice_020.npy,data/dataset2_mosmed/scribbles/study_0265_slice_020.npy,469,62500,71,223
study_0265,21,data/dataset2_mosmed/processed/images/study_0265_slice_020.npy,data/dataset2_mosmed/processed/images/study_0265_slice_021.npy,data/dataset2_mosmed/processed/images/study_0265_slice_022.npy,data/dataset2_mosmed/processed/infection_masks/study_0265_slice_021.npy,data/dataset2_mosmed/processed/lung_masks/study_0265_slice_021.npy,data/dataset2_mosmed/scribbles/study_0265_slice_021.npy,667,62500,129,220
study_0265,22,data/dataset2_mosmed/processed/images/study_0265_slice_021.npy,data/dataset2_mosmed/processed/images/study_0265_slice_022.npy,data/dataset2_mosmed/processed/images/study_0265_slice_023.npy,data/dataset2_mosmed/processed/infection_masks/study_0265_slice_022.npy,data/dataset2_mosmed/processed/lung_masks/study_0265_slice_022.npy,data/dataset2_mosmed/scribbles/study_0265_slice_022.npy,545,62500,151,218
study_0265,23,data/dataset2_mosmed/processed/images/study_0265_slice_022.npy,data/dataset2_mosmed/processed/images/study_0265_slice_023.npy,data/dataset2_mosmed/processed/images/study_0265_slice_024.npy,data/dataset2_mosmed/processed/infection_masks/study_0265_slice_023.npy,data/dataset2_mosmed/processed/lung_masks/study_0265_slice_023.npy,data/dataset2_mosmed/scribbles/study_0265_slice_023.npy,385,37989,94,219
study_0265,24,data/dataset2_mosmed/processed/images/study_0265_slice_023.npy,data/dataset2_mosmed/processed/images/study_0265_slice_024.npy,data/dataset2_mosmed/processed/images/study_0265_slice_025.npy,data/dataset2_mosmed/processed/infection_masks/study_0265_slice_024.npy,data/dataset2_mosmed/processed/lung_masks/study_0265_slice_024.npy,data/dataset2_mosmed/scribbles/study_0265_slice_024.npy,448,37839,111,220
study_0265,25,data/dataset2_mosmed/processed/images/study_0265_slice_024.npy,data/dataset2_mosmed/processed/images/study_0265_slice_025.npy,data/dataset2_mosmed/processed/images/study_0265_slice_026.npy,data/dataset2_mosmed/processed/infection_masks/study_0265_slice_025.npy,data/dataset2_mosmed/processed/lung_masks/study_0265_slice_025.npy,data/dataset2_mosmed/scribbles/study_0265_slice_025.npy,115,37596,25,224
study_0265,26,data/dataset2_mosmed/processed/images/study_0265_slice_025.npy,data/dataset2_mosmed/processed/images/study_0265_slice_026.npy,data/dataset2_mosmed/processed/images/study_0265_slice_027.npy,data/dataset2_mosmed/processed/infection_masks/study_0265_slice_026.npy,data/dataset2_mosmed/processed/lung_masks/study_0265_slice_026.npy,data/dataset2_mosmed/scribbles/study_0265_slice_026.npy,0,37580,0,0
study_0265,27,data/dataset2_mosmed/processed/images/study_0265_slice_026.npy,data/dataset2_mosmed/processed/images/study_0265_slice_027.npy,data/dataset2_mosmed/processed/images/study_0265_slice_028.npy,data/dataset2_mosmed/processed/infection_masks/study_0265_slice_027.npy,data/dataset2_mosmed/processed/lung_masks/study_0265_slice_027.npy,data/dataset2_mosmed/scribbles/study_0265_slice_027.npy,23,37492,7,224
study_0265,28,data/dataset2_mosmed/processed/images/study_0265_slice_027.npy,data/dataset2_mosmed/processed/images/study_0265_slice_028.npy,data/dataset2_mosmed/processed/images/study_0265_slice_029.npy,data/dataset2_mosmed/processed/infection_masks/study_0265_slice_028.npy,data/dataset2_mosmed/processed/lung_masks/study_0265_slice_028.npy,data/dataset2_mosmed/scribbles/study_0265_slice_028.npy,0,37396,0,0
study_0265,29,data/dataset2_mosmed/processed/images/study_0265_slice_028.npy,data/dataset2_mosmed/processed/images/study_0265_slice_029.npy,data/dataset2_mosmed/processed/images/study_0265_slice_030.npy,data/dataset2_mosmed/processed/infection_masks/study_0265_slice_029.npy,data/dataset2_mosmed/processed/lung_masks/study_0265_slice_029.npy,data/dataset2_mosmed/scribbles/study_0265_slice_029.npy,7,28719,4,225
study_0265,30,data/dataset2_mosmed/processed/images/study_0265_slice_029.npy,data/dataset2_mosmed/processed/images/study_0265_slice_030.npy,data/dataset2_mosmed/processed/images/study_0265_slice_031.npy,data/dataset2_mosmed/processed/infection_masks/study_0265_slice_030.npy,data/dataset2_mosmed/processed/lung_masks/study_0265_slice_030.npy,data/dataset2_mosmed/scribbles/study_0265_slice_030.npy,31,29102,16,225
study_0265,31,data/dataset2_mosmed/processed/images/study_0265_slice_030.npy,data/dataset2_mosmed/processed/images/study_0265_slice_031.npy,data/dataset2_mosmed/processed/images/study_0265_slice_032.npy,data/dataset2_mosmed/processed/infection_masks/study_0265_slice_031.npy,data/dataset2_mosmed/processed/lung_masks/study_0265_slice_031.npy,data/dataset2_mosmed/scribbles/study_0265_slice_031.npy,44,29651,14,224
study_0265,32,data/dataset2_mosmed/processed/images/study_0265_slice_031.npy,data/dataset2_mosmed/processed/images/study_0265_slice_032.npy,data/dataset2_mosmed/processed/images/study_0265_slice_033.npy,data/dataset2_mosmed/processed/infection_masks/study_0265_slice_032.npy,data/dataset2_mosmed/processed/lung_masks/study_0265_slice_032.npy,data/dataset2_mosmed/scribbles/study_0265_slice_032.npy,12,30287,3,224
study_0265,33,data/dataset2_mosmed/processed/images/study_0265_slice_032.npy,data/dataset2_mosmed/processed/images/study_0265_slice_033.npy,data/dataset2_mosmed/processed/images/study_0265_slice_034.npy,data/dataset2_mosmed/processed/infection_masks/study_0265_slice_033.npy,data/dataset2_mosmed/processed/lung_masks/study_0265_slice_033.npy,data/dataset2_mosmed/scribbles/study_0265_slice_033.npy,0,31050,0,0
study_0265,34,data/dataset2_mosmed/processed/images/study_0265_slice_033.npy,data/dataset2_mosmed/processed/images/study_0265_slice_034.npy,data/dataset2_mosmed/processed/images/study_0265_slice_034.npy,data/dataset2_mosmed/processed/infection_masks/study_0265_slice_034.npy,data/dataset2_mosmed/processed/lung_masks/study_0265_slice_034.npy,data/dataset2_mosmed/scribbles/study_0265_slice_034.npy,0,31769,0,0
study_0266,0,data/dataset2_mosmed/processed/images/study_0266_slice_000.npy,data/dataset2_mosmed/processed/images/study_0266_slice_000.npy,data/dataset2_mosmed/processed/images/study_0266_slice_001.npy,data/dataset2_mosmed/processed/infection_masks/study_0266_slice_000.npy,data/dataset2_mosmed/processed/lung_masks/study_0266_slice_000.npy,data/dataset2_mosmed/scribbles/study_0266_slice_000.npy,0,62500,0,0
study_0266,1,data/dataset2_mosmed/processed/images/study_0266_slice_000.npy,data/dataset2_mosmed/processed/images/study_0266_slice_001.npy,data/dataset2_mosmed/processed/images/study_0266_slice_002.npy,data/dataset2_mosmed/processed/infection_masks/study_0266_slice_001.npy,data/dataset2_mosmed/processed/lung_masks/study_0266_slice_001.npy,data/dataset2_mosmed/scribbles/study_0266_slice_001.npy,0,62500,0,0
study_0266,2,data/dataset2_mosmed/processed/images/study_0266_slice_001.npy,data/dataset2_mosmed/processed/images/study_0266_slice_002.npy,data/dataset2_mosmed/processed/images/study_0266_slice_003.npy,data/dataset2_mosmed/processed/infection_masks/study_0266_slice_002.npy,data/dataset2_mosmed/processed/lung_masks/study_0266_slice_002.npy,data/dataset2_mosmed/scribbles/study_0266_slice_002.npy,26,62500,11,225
study_0266,3,data/dataset2_mosmed/processed/images/study_0266_slice_002.npy,data/dataset2_mosmed/processed/images/study_0266_slice_003.npy,data/dataset2_mosmed/processed/images/study_0266_slice_004.npy,data/dataset2_mosmed/processed/infection_masks/study_0266_slice_003.npy,data/dataset2_mosmed/processed/lung_masks/study_0266_slice_003.npy,data/dataset2_mosmed/scribbles/study_0266_slice_003.npy,45,62500,12,224
study_0266,4,data/dataset2_mosmed/processed/images/study_0266_slice_003.npy,data/dataset2_mosmed/processed/images/study_0266_slice_004.npy,data/dataset2_mosmed/processed/images/study_0266_slice_005.npy,data/dataset2_mosmed/processed/infection_masks/study_0266_slice_004.npy,data/dataset2_mosmed/processed/lung_masks/study_0266_slice_004.npy,data/dataset2_mosmed/scribbles/study_0266_slice_004.npy,90,62500,36,224
study_0266,5,data/dataset2_mosmed/processed/images/study_0266_slice_004.npy,data/dataset2_mosmed/processed/images/study_0266_slice_005.npy,data/dataset2_mosmed/processed/images/study_0266_slice_006.npy,data/dataset2_mosmed/processed/infection_masks/study_0266_slice_005.npy,data/dataset2_mosmed/processed/lung_masks/study_0266_slice_005.npy,data/dataset2_mosmed/scribbles/study_0266_slice_005.npy,106,62500,28,224
study_0266,6,data/dataset2_mosmed/processed/images/study_0266_slice_005.npy,data/dataset2_mosmed/processed/images/study_0266_slice_006.npy,data/dataset2_mosmed/processed/images/study_0266_slice_007.npy,data/dataset2_mosmed/processed/infection_masks/study_0266_slice_006.npy,data/dataset2_mosmed/processed/lung_masks/study_0266_slice_006.npy,data/dataset2_mosmed/scribbles/study_0266_slice_006.npy,48,62500,11,224
study_0266,7,data/dataset2_mosmed/processed/images/study_0266_slice_006.npy,data/dataset2_mosmed/processed/images/study_0266_slice_007.npy,data/dataset2_mosmed/processed/images/study_0266_slice_008.npy,data/dataset2_mosmed/processed/infection_masks/study_0266_slice_007.npy,data/dataset2_mosmed/processed/lung_masks/study_0266_slice_007.npy,data/dataset2_mosmed/scribbles/study_0266_slice_007.npy,0,62500,0,0
study_0266,8,data/dataset2_mosmed/processed/images/study_0266_slice_007.npy,data/dataset2_mosmed/processed/images/study_0266_slice_008.npy,data/dataset2_mosmed/processed/images/study_0266_slice_009.npy,data/dataset2_mosmed/processed/infection_masks/study_0266_slice_008.npy,data/dataset2_mosmed/processed/lung_masks/study_0266_slice_008.npy,data/dataset2_mosmed/scribbles/study_0266_slice_008.npy,12,62500,4,224
study_0266,9,data/dataset2_mosmed/processed/images/study_0266_slice_008.npy,data/dataset2_mosmed/processed/images/study_0266_slice_009.npy,data/dataset2_mosmed/processed/images/study_0266_slice_010.npy,data/dataset2_mosmed/processed/infection_masks/study_0266_slice_009.npy,data/dataset2_mosmed/processed/lung_masks/study_0266_slice_009.npy,data/dataset2_mosmed/scribbles/study_0266_slice_009.npy,54,62500,26,224
study_0266,10,data/dataset2_mosmed/processed/images/study_0266_slice_009.npy,data/dataset2_mosmed/processed/images/study_0266_slice_010.npy,data/dataset2_mosmed/processed/images/study_0266_slice_011.npy,data/dataset2_mosmed/processed/infection_masks/study_0266_slice_010.npy,data/dataset2_mosmed/processed/lung_masks/study_0266_slice_010.npy,data/dataset2_mosmed/scribbles/study_0266_slice_010.npy,57,62500,22,224
study_0266,11,data/dataset2_mosmed/processed/images/study_0266_slice_010.npy,data/dataset2_mosmed/processed/images/study_0266_slice_011.npy,data/dataset2_mosmed/processed/images/study_0266_slice_012.npy,data/dataset2_mosmed/processed/infection_masks/study_0266_slice_011.npy,data/dataset2_mosmed/processed/lung_masks/study_0266_slice_011.npy,data/dataset2_mosmed/scribbles/study_0266_slice_011.npy,7,62500,5,224
study_0266,12,data/dataset2_mosmed/processed/images/study_0266_slice_011.npy,data/dataset2_mosmed/processed/images/study_0266_slice_012.npy,data/dataset2_mosmed/processed/images/study_0266_slice_013.npy,data/dataset2_mosmed/processed/infection_masks/study_0266_slice_012.npy,data/dataset2_mosmed/processed/lung_masks/study_0266_slice_012.npy,data/dataset2_mosmed/scribbles/study_0266_slice_012.npy,0,62500,0,0
study_0266,13,data/dataset2_mosmed/processed/images/study_0266_slice_012.npy,data/dataset2_mosmed/processed/images/study_0266_slice_013.npy,data/dataset2_mosmed/processed/images/study_0266_slice_014.npy,data/dataset2_mosmed/processed/infection_masks/study_0266_slice_013.npy,data/dataset2_mosmed/processed/lung_masks/study_0266_slice_013.npy,data/dataset2_mosmed/scribbles/study_0266_slice_013.npy,4,62500,4,225
study_0266,14,data/dataset2_mosmed/processed/images/study_0266_slice_013.npy,data/dataset2_mosmed/processed/images/study_0266_slice_014.npy,data/dataset2_mosmed/processed/images/study_0266_slice_015.npy,data/dataset2_mosmed/processed/infection_masks/study_0266_slice_014.npy,data/dataset2_mosmed/processed/lung_masks/study_0266_slice_014.npy,data/dataset2_mosmed/scribbles/study_0266_slice_014.npy,0,62500,0,0
study_0266,15,data/dataset2_mosmed/processed/images/study_0266_slice_014.npy,data/dataset2_mosmed/processed/images/study_0266_slice_015.npy,data/dataset2_mosmed/processed/images/study_0266_slice_016.npy,data/dataset2_mosmed/processed/infection_masks/study_0266_slice_015.npy,data/dataset2_mosmed/processed/lung_masks/study_0266_slice_015.npy,data/dataset2_mosmed/scribbles/study_0266_slice_015.npy,0,62500,0,0
study_0266,16,data/dataset2_mosmed/processed/images/study_0266_slice_015.npy,data/dataset2_mosmed/processed/images/study_0266_slice_016.npy,data/dataset2_mosmed/processed/images/study_0266_slice_017.npy,data/dataset2_mosmed/processed/infection_masks/study_0266_slice_016.npy,data/dataset2_mosmed/processed/lung_masks/study_0266_slice_016.npy,data/dataset2_mosmed/scribbles/study_0266_slice_016.npy,7,62500,4,224
study_0266,17,data/dataset2_mosmed/processed/images/study_0266_slice_016.npy,data/dataset2_mosmed/processed/images/study_0266_slice_017.npy,data/dataset2_mosmed/processed/images/study_0266_slice_018.npy,data/dataset2_mosmed/processed/infection_masks/study_0266_slice_017.npy,data/dataset2_mosmed/processed/lung_masks/study_0266_slice_017.npy,data/dataset2_mosmed/scribbles/study_0266_slice_017.npy,34,62500,12,225
study_0266,18,data/dataset2_mosmed/processed/images/study_0266_slice_017.npy,data/dataset2_mosmed/processed/images/study_0266_slice_018.npy,data/dataset2_mosmed/processed/images/study_0266_slice_019.npy,data/dataset2_mosmed/processed/infection_masks/study_0266_slice_018.npy,data/dataset2_mosmed/processed/lung_masks/study_0266_slice_018.npy,data/dataset2_mosmed/scribbles/study_0266_slice_018.npy,20,62500,7,225
study_0266,19,data/dataset2_mosmed/processed/images/study_0266_slice_018.npy,data/dataset2_mosmed/processed/images/study_0266_slice_019.npy,data/dataset2_mosmed/processed/images/study_0266_slice_020.npy,data/dataset2_mosmed/processed/infection_masks/study_0266_slice_019.npy,data/dataset2_mosmed/processed/lung_masks/study_0266_slice_019.npy,data/dataset2_mosmed/scribbles/study_0266_slice_019.npy,8,62500,3,224
study_0266,20,data/dataset2_mosmed/processed/images/study_0266_slice_019.npy,data/dataset2_mosmed/processed/images/study_0266_slice_020.npy,data/dataset2_mosmed/processed/images/study_0266_slice_021.npy,data/dataset2_mosmed/processed/infection_masks/study_0266_slice_020.npy,data/dataset2_mosmed/processed/lung_masks/study_0266_slice_020.npy,data/dataset2_mosmed/scribbles/study_0266_slice_020.npy,0,62500,0,0
study_0266,21,data/dataset2_mosmed/processed/images/study_0266_slice_020.npy,data/dataset2_mosmed/processed/images/study_0266_slice_021.npy,data/dataset2_mosmed/processed/images/study_0266_slice_022.npy,data/dataset2_mosmed/processed/infection_masks/study_0266_slice_021.npy,data/dataset2_mosmed/processed/lung_masks/study_0266_slice_021.npy,data/dataset2_mosmed/scribbles/study_0266_slice_021.npy,10,62500,6,225
study_0266,22,data/dataset2_mosmed/processed/images/study_0266_slice_021.npy,data/dataset2_mosmed/processed/images/study_0266_slice_022.npy,data/dataset2_mosmed/processed/images/study_0266_slice_023.npy,data/dataset2_mosmed/processed/infection_masks/study_0266_slice_022.npy,data/dataset2_mosmed/processed/lung_masks/study_0266_slice_022.npy,data/dataset2_mosmed/scribbles/study_0266_slice_022.npy,0,62500,0,0
study_0266,23,data/dataset2_mosmed/processed/images/study_0266_slice_022.npy,data/dataset2_mosmed/processed/images/study_0266_slice_023.npy,data/dataset2_mosmed/processed/images/study_0266_slice_024.npy,data/dataset2_mosmed/processed/infection_masks/study_0266_slice_023.npy,data/dataset2_mosmed/processed/lung_masks/study_0266_slice_023.npy,data/dataset2_mosmed/scribbles/study_0266_slice_023.npy,49,62500,10,225
study_0266,24,data/dataset2_mosmed/processed/images/study_0266_slice_023.npy,data/dataset2_mosmed/processed/images/study_0266_slice_024.npy,data/dataset2_mosmed/processed/images/study_0266_slice_025.npy,data/dataset2_mosmed/processed/infection_masks/study_0266_slice_024.npy,data/dataset2_mosmed/processed/lung_masks/study_0266_slice_024.npy,data/dataset2_mosmed/scribbles/study_0266_slice_024.npy,29,62500,8,225
study_0266,25,data/dataset2_mosmed/processed/images/study_0266_slice_024.npy,data/dataset2_mosmed/processed/images/study_0266_slice_025.npy,data/dataset2_mosmed/processed/images/study_0266_slice_026.npy,data/dataset2_mosmed/processed/infection_masks/study_0266_slice_025.npy,data/dataset2_mosmed/processed/lung_masks/study_0266_slice_025.npy,data/dataset2_mosmed/scribbles/study_0266_slice_025.npy,0,62500,0,0
study_0266,26,data/dataset2_mosmed/processed/images/study_0266_slice_025.npy,data/dataset2_mosmed/processed/images/study_0266_slice_026.npy,data/dataset2_mosmed/processed/images/study_0266_slice_026.npy,data/dataset2_mosmed/processed/infection_masks/study_0266_slice_026.npy,data/dataset2_mosmed/processed/lung_masks/study_0266_slice_026.npy,data/dataset2_mosmed/scribbles/study_0266_slice_026.npy,0,62500,0,0
study_0267,3,data/dataset2_mosmed/processed/images/study_0267_slice_003.npy,data/dataset2_mosmed/processed/images/study_0267_slice_003.npy,data/dataset2_mosmed/processed/images/study_0267_slice_004.npy,data/dataset2_mosmed/processed/infection_masks/study_0267_slice_003.npy,data/dataset2_mosmed/processed/lung_masks/study_0267_slice_003.npy,data/dataset2_mosmed/scribbles/study_0267_slice_003.npy,0,21902,0,0
study_0267,4,data/dataset2_mosmed/processed/images/study_0267_slice_003.npy,data/dataset2_mosmed/processed/images/study_0267_slice_004.npy,data/dataset2_mosmed/processed/images/study_0267_slice_005.npy,data/dataset2_mosmed/processed/infection_masks/study_0267_slice_004.npy,data/dataset2_mosmed/processed/lung_masks/study_0267_slice_004.npy,data/dataset2_mosmed/scribbles/study_0267_slice_004.npy,0,24713,0,0
study_0267,5,data/dataset2_mosmed/processed/images/study_0267_slice_004.npy,data/dataset2_mosmed/processed/images/study_0267_slice_005.npy,data/dataset2_mosmed/processed/images/study_0267_slice_006.npy,data/dataset2_mosmed/processed/infection_masks/study_0267_slice_005.npy,data/dataset2_mosmed/processed/lung_masks/study_0267_slice_005.npy,data/dataset2_mosmed/scribbles/study_0267_slice_005.npy,135,24629,64,222
study_0267,6,data/dataset2_mosmed/processed/images/study_0267_slice_005.npy,data/dataset2_mosmed/processed/images/study_0267_slice_006.npy,data/dataset2_mosmed/processed/images/study_0267_slice_007.npy,data/dataset2_mosmed/processed/infection_masks/study_0267_slice_006.npy,data/dataset2_mosmed/processed/lung_masks/study_0267_slice_006.npy,data/dataset2_mosmed/scribbles/study_0267_slice_006.npy,0,25308,0,0
study_0267,7,data/dataset2_mosmed/processed/images/study_0267_slice_006.npy,data/dataset2_mosmed/processed/images/study_0267_slice_007.npy,data/dataset2_mosmed/processed/images/study_0267_slice_008.npy,data/dataset2_mosmed/processed/infection_masks/study_0267_slice_007.npy,data/dataset2_mosmed/processed/lung_masks/study_0267_slice_007.npy,data/dataset2_mosmed/scribbles/study_0267_slice_007.npy,178,28759,22,224
study_0267,8,data/dataset2_mosmed/processed/images/study_0267_slice_007.npy,data/dataset2_mosmed/processed/images/study_0267_slice_008.npy,data/dataset2_mosmed/processed/images/study_0267_slice_009.npy,data/dataset2_mosmed/processed/infection_masks/study_0267_slice_008.npy,data/dataset2_mosmed/processed/lung_masks/study_0267_slice_008.npy,data/dataset2_mosmed/scribbles/study_0267_slice_008.npy,0,31678,0,0
study_0267,9,data/dataset2_mosmed/processed/images/study_0267_slice_008.npy,data/dataset2_mosmed/processed/images/study_0267_slice_009.npy,data/dataset2_mosmed/processed/images/study_0267_slice_010.npy,data/dataset2_mosmed/processed/infection_masks/study_0267_slice_009.npy,data/dataset2_mosmed/processed/lung_masks/study_0267_slice_009.npy,data/dataset2_mosmed/scribbles/study_0267_slice_009.npy,0,36960,0,0
study_0267,10,data/dataset2_mosmed/processed/images/study_0267_slice_009.npy,data/dataset2_mosmed/processed/images/study_0267_slice_010.npy,data/dataset2_mosmed/processed/images/study_0267_slice_011.npy,data/dataset2_mosmed/processed/infection_masks/study_0267_slice_010.npy,data/dataset2_mosmed/processed/lung_masks/study_0267_slice_010.npy,data/dataset2_mosmed/scribbles/study_0267_slice_010.npy,0,37579,0,0
study_0267,11,data/dataset2_mosmed/processed/images/study_0267_slice_010.npy,data/dataset2_mosmed/processed/images/study_0267_slice_011.npy,data/dataset2_mosmed/processed/images/study_0267_slice_012.npy,data/dataset2_mosmed/processed/infection_masks/study_0267_slice_011.npy,data/dataset2_mosmed/processed/lung_masks/study_0267_slice_011.npy,data/dataset2_mosmed/scribbles/study_0267_slice_011.npy,108,38140,49,223
study_0267,12,data/dataset2_mosmed/processed/images/study_0267_slice_011.npy,data/dataset2_mosmed/processed/images/study_0267_slice_012.npy,data/dataset2_mosmed/processed/images/study_0267_slice_013.npy,data/dataset2_mosmed/processed/infection_masks/study_0267_slice_012.npy,data/dataset2_mosmed/processed/lung_masks/study_0267_slice_012.npy,data/dataset2_mosmed/scribbles/study_0267_slice_012.npy,183,32701,25,223
study_0267,13,data/dataset2_mosmed/processed/images/study_0267_slice_012.npy,data/dataset2_mosmed/processed/images/study_0267_slice_013.npy,data/dataset2_mosmed/processed/images/study_0267_slice_014.npy,data/dataset2_mosmed/processed/infection_masks/study_0267_slice_013.npy,data/dataset2_mosmed/processed/lung_masks/study_0267_slice_013.npy,data/dataset2_mosmed/scribbles/study_0267_slice_013.npy,173,32395,41,223
study_0267,14,data/dataset2_mosmed/processed/images/study_0267_slice_013.npy,data/dataset2_mosmed/processed/images/study_0267_slice_014.npy,data/dataset2_mosmed/processed/images/study_0267_slice_015.npy,data/dataset2_mosmed/processed/infection_masks/study_0267_slice_014.npy,data/dataset2_mosmed/processed/lung_masks/study_0267_slice_014.npy,data/dataset2_mosmed/scribbles/study_0267_slice_014.npy,210,25346,22,222
study_0267,15,data/dataset2_mosmed/processed/images/study_0267_slice_014.npy,data/dataset2_mosmed/processed/images/study_0267_slice_015.npy,data/dataset2_mosmed/processed/images/study_0267_slice_016.npy,data/dataset2_mosmed/processed/infection_masks/study_0267_slice_015.npy,data/dataset2_mosmed/processed/lung_masks/study_0267_slice_015.npy,data/dataset2_mosmed/scribbles/study_0267_slice_015.npy,130,24912,9,223
study_0267,16,data/dataset2_mosmed/processed/images/study_0267_slice_015.npy,data/dataset2_mosmed/processed/images/study_0267_slice_016.npy,data/dataset2_mosmed/processed/images/study_0267_slice_017.npy,data/dataset2_mosmed/processed/infection_masks/study_0267_slice_016.npy,data/dataset2_mosmed/processed/lung_masks/study_0267_slice_016.npy,data/dataset2_mosmed/scribbles/study_0267_slice_016.npy,66,24783,34,225
study_0267,17,data/dataset2_mosmed/processed/images/study_0267_slice_016.npy,data/dataset2_mosmed/processed/images/study_0267_slice_017.npy,data/dataset2_mosmed/processed/images/study_0267_slice_018.npy,data/dataset2_mosmed/processed/infection_masks/study_0267_slice_017.npy,data/dataset2_mosmed/processed/lung_masks/study_0267_slice_017.npy,data/dataset2_mosmed/scribbles/study_0267_slice_017.npy,191,24802,49,223
study_0267,18,data/dataset2_mosmed/processed/images/study_0267_slice_017.npy,data/dataset2_mosmed/processed/images/study_0267_slice_018.npy,data/dataset2_mosmed/processed/images/study_0267_slice_019.npy,data/dataset2_mosmed/processed/infection_masks/study_0267_slice_018.npy,data/dataset2_mosmed/processed/lung_masks/study_0267_slice_018.npy,data/dataset2_mosmed/scribbles/study_0267_slice_018.npy,23,24667,7,224
study_0267,19,data/dataset2_mosmed/processed/images/study_0267_slice_018.npy,data/dataset2_mosmed/processed/images/study_0267_slice_019.npy,data/dataset2_mosmed/processed/images/study_0267_slice_020.npy,data/dataset2_mosmed/processed/infection_masks/study_0267_slice_019.npy,data/dataset2_mosmed/processed/lung_masks/study_0267_slice_019.npy,data/dataset2_mosmed/scribbles/study_0267_slice_019.npy,47,24346,14,224
study_0267,20,data/dataset2_mosmed/processed/images/study_0267_slice_019.npy,data/dataset2_mosmed/processed/images/study_0267_slice_020.npy,data/dataset2_mosmed/processed/images/study_0267_slice_021.npy,data/dataset2_mosmed/processed/infection_masks/study_0267_slice_020.npy,data/dataset2_mosmed/processed/lung_masks/study_0267_slice_020.npy,data/dataset2_mosmed/scribbles/study_0267_slice_020.npy,174,24157,31,222
study_0267,21,data/dataset2_mosmed/processed/images/study_0267_slice_020.npy,data/dataset2_mosmed/processed/images/study_0267_slice_021.npy,data/dataset2_mosmed/processed/images/study_0267_slice_022.npy,data/dataset2_mosmed/processed/infection_masks/study_0267_slice_021.npy,data/dataset2_mosmed/processed/lung_masks/study_0267_slice_021.npy,data/dataset2_mosmed/scribbles/study_0267_slice_021.npy,0,30565,0,0
study_0267,22,data/dataset2_mosmed/processed/images/study_0267_slice_021.npy,data/dataset2_mosmed/processed/images/study_0267_slice_022.npy,data/dataset2_mosmed/processed/images/study_0267_slice_023.npy,data/dataset2_mosmed/processed/infection_masks/study_0267_slice_022.npy,data/dataset2_mosmed/processed/lung_masks/study_0267_slice_022.npy,data/dataset2_mosmed/scribbles/study_0267_slice_022.npy,102,24705,27,224
study_0267,23,data/dataset2_mosmed/processed/images/study_0267_slice_022.npy,data/dataset2_mosmed/processed/images/study_0267_slice_023.npy,data/dataset2_mosmed/processed/images/study_0267_slice_024.npy,data/dataset2_mosmed/processed/infection_masks/study_0267_slice_023.npy,data/dataset2_mosmed/processed/lung_masks/study_0267_slice_023.npy,data/dataset2_mosmed/scribbles/study_0267_slice_023.npy,89,25194,11,223
study_0267,24,data/dataset2_mosmed/processed/images/study_0267_slice_023.npy,data/dataset2_mosmed/processed/images/study_0267_slice_024.npy,data/dataset2_mosmed/processed/images/study_0267_slice_025.npy,data/dataset2_mosmed/processed/infection_masks/study_0267_slice_024.npy,data/dataset2_mosmed/processed/lung_masks/study_0267_slice_024.npy,data/dataset2_mosmed/scribbles/study_0267_slice_024.npy,0,25742,0,0
study_0267,25,data/dataset2_mosmed/processed/images/study_0267_slice_024.npy,data/dataset2_mosmed/processed/images/study_0267_slice_025.npy,data/dataset2_mosmed/processed/images/study_0267_slice_030.npy,data/dataset2_mosmed/processed/infection_masks/study_0267_slice_025.npy,data/dataset2_mosmed/processed/lung_masks/study_0267_slice_025.npy,data/dataset2_mosmed/scribbles/study_0267_slice_025.npy,0,26202,0,0
study_0267,30,data/dataset2_mosmed/processed/images/study_0267_slice_025.npy,data/dataset2_mosmed/processed/images/study_0267_slice_030.npy,data/dataset2_mosmed/processed/images/study_0267_slice_031.npy,data/dataset2_mosmed/processed/infection_masks/study_0267_slice_030.npy,data/dataset2_mosmed/processed/lung_masks/study_0267_slice_030.npy,data/dataset2_mosmed/scribbles/study_0267_slice_030.npy,0,29505,0,0
study_0267,31,data/dataset2_mosmed/processed/images/study_0267_slice_030.npy,data/dataset2_mosmed/processed/images/study_0267_slice_031.npy,data/dataset2_mosmed/processed/images/study_0267_slice_032.npy,data/dataset2_mosmed/processed/infection_masks/study_0267_slice_031.npy,data/dataset2_mosmed/processed/lung_masks/study_0267_slice_031.npy,data/dataset2_mosmed/scribbles/study_0267_slice_031.npy,0,30204,0,0
study_0267,32,data/dataset2_mosmed/processed/images/study_0267_slice_031.npy,data/dataset2_mosmed/processed/images/study_0267_slice_032.npy,data/dataset2_mosmed/processed/images/study_0267_slice_033.npy,data/dataset2_mosmed/processed/infection_masks/study_0267_slice_032.npy,data/dataset2_mosmed/processed/lung_masks/study_0267_slice_032.npy,data/dataset2_mosmed/scribbles/study_0267_slice_032.npy,120,30851,32,224
study_0267,33,data/dataset2_mosmed/processed/images/study_0267_slice_032.npy,data/dataset2_mosmed/processed/images/study_0267_slice_033.npy,data/dataset2_mosmed/processed/images/study_0267_slice_034.npy,data/dataset2_mosmed/processed/infection_masks/study_0267_slice_033.npy,data/dataset2_mosmed/processed/lung_masks/study_0267_slice_033.npy,data/dataset2_mosmed/scribbles/study_0267_slice_033.npy,0,31190,0,0
study_0267,34,data/dataset2_mosmed/processed/images/study_0267_slice_033.npy,data/dataset2_mosmed/processed/images/study_0267_slice_034.npy,data/dataset2_mosmed/processed/images/study_0267_slice_034.npy,data/dataset2_mosmed/processed/infection_masks/study_0267_slice_034.npy,data/dataset2_mosmed/processed/lung_masks/study_0267_slice_034.npy,data/dataset2_mosmed/scribbles/study_0267_slice_034.npy,0,31747,0,0
study_0268,4,data/dataset2_mosmed/processed/images/study_0268_slice_004.npy,data/dataset2_mosmed/processed/images/study_0268_slice_004.npy,data/dataset2_mosmed/processed/images/study_0268_slice_005.npy,data/dataset2_mosmed/processed/infection_masks/study_0268_slice_004.npy,data/dataset2_mosmed/processed/lung_masks/study_0268_slice_004.npy,data/dataset2_mosmed/scribbles/study_0268_slice_004.npy,0,24641,0,0
study_0268,5,data/dataset2_mosmed/processed/images/study_0268_slice_004.npy,data/dataset2_mosmed/processed/images/study_0268_slice_005.npy,data/dataset2_mosmed/processed/images/study_0268_slice_006.npy,data/dataset2_mosmed/processed/infection_masks/study_0268_slice_005.npy,data/dataset2_mosmed/processed/lung_masks/study_0268_slice_005.npy,data/dataset2_mosmed/scribbles/study_0268_slice_005.npy,0,25312,0,0
study_0268,6,data/dataset2_mosmed/processed/images/study_0268_slice_005.npy,data/dataset2_mosmed/processed/images/study_0268_slice_006.npy,data/dataset2_mosmed/processed/images/study_0268_slice_007.npy,data/dataset2_mosmed/processed/infection_masks/study_0268_slice_006.npy,data/dataset2_mosmed/processed/lung_masks/study_0268_slice_006.npy,data/dataset2_mosmed/scribbles/study_0268_slice_006.npy,185,25864,77,223
study_0268,7,data/dataset2_mosmed/processed/images/study_0268_slice_006.npy,data/dataset2_mosmed/processed/images/study_0268_slice_007.npy,data/dataset2_mosmed/processed/images/study_0268_slice_008.npy,data/dataset2_mosmed/processed/infection_masks/study_0268_slice_007.npy,data/dataset2_mosmed/processed/lung_masks/study_0268_slice_007.npy,data/dataset2_mosmed/scribbles/study_0268_slice_007.npy,205,62488,74,222
study_0268,8,data/dataset2_mosmed/processed/images/study_0268_slice_007.npy,data/dataset2_mosmed/processed/images/study_0268_slice_008.npy,data/dataset2_mosmed/processed/images/study_0268_slice_009.npy,data/dataset2_mosmed/processed/infection_masks/study_0268_slice_008.npy,data/dataset2_mosmed/processed/lung_masks/study_0268_slice_008.npy,data/dataset2_mosmed/scribbles/study_0268_slice_008.npy,137,62488,85,221
study_0268,9,data/dataset2_mosmed/processed/images/study_0268_slice_008.npy,data/dataset2_mosmed/processed/images/study_0268_slice_009.npy,data/dataset2_mosmed/processed/images/study_0268_slice_010.npy,data/dataset2_mosmed/processed/infection_masks/study_0268_slice_009.npy,data/dataset2_mosmed/processed/lung_masks/study_0268_slice_009.npy,data/dataset2_mosmed/scribbles/study_0268_slice_009.npy,71,62487,40,223
study_0268,10,data/dataset2_mosmed/processed/images/study_0268_slice_009.npy,data/dataset2_mosmed/processed/images/study_0268_slice_010.npy,data/dataset2_mosmed/processed/images/study_0268_slice_011.npy,data/dataset2_mosmed/processed/infection_masks/study_0268_slice_010.npy,data/dataset2_mosmed/processed/lung_masks/study_0268_slice_010.npy,data/dataset2_mosmed/scribbles/study_0268_slice_010.npy,67,62487,33,223
study_0268,11,data/dataset2_mosmed/processed/images/study_0268_slice_010.npy,data/dataset2_mosmed/processed/images/study_0268_slice_011.npy,data/dataset2_mosmed/processed/images/study_0268_slice_012.npy,data/dataset2_mosmed/processed/infection_masks/study_0268_slice_011.npy,data/dataset2_mosmed/processed/lung_masks/study_0268_slice_011.npy,data/dataset2_mosmed/scribbles/study_0268_slice_011.npy,194,62487,79,221
study_0268,12,data/dataset2_mosmed/processed/images/study_0268_slice_011.npy,data/dataset2_mosmed/processed/images/study_0268_slice_012.npy,data/dataset2_mosmed/processed/images/study_0268_slice_013.npy,data/dataset2_mosmed/processed/infection_masks/study_0268_slice_012.npy,data/dataset2_mosmed/processed/lung_masks/study_0268_slice_012.npy,data/dataset2_mosmed/scribbles/study_0268_slice_012.npy,298,62487,113,222
study_0268,13,data/dataset2_mosmed/processed/images/study_0268_slice_012.npy,data/dataset2_mosmed/processed/images/study_0268_slice_013.npy,data/dataset2_mosmed/processed/images/study_0268_slice_014.npy,data/dataset2_mosmed/processed/infection_masks/study_0268_slice_013.npy,data/dataset2_mosmed/processed/lung_masks/study_0268_slice_013.npy,data/dataset2_mosmed/scribbles/study_0268_slice_013.npy,390,62487,88,219
study_0268,14,data/dataset2_mosmed/processed/images/study_0268_slice_013.npy,data/dataset2_mosmed/processed/images/study_0268_slice_014.npy,data/dataset2_mosmed/processed/images/study_0268_slice_015.npy,data/dataset2_mosmed/processed/infection_masks/study_0268_slice_014.npy,data/dataset2_mosmed/processed/lung_masks/study_0268_slice_014.npy,data/dataset2_mosmed/scribbles/study_0268_slice_014.npy,456,62488,130,221
study_0268,15,data/dataset2_mosmed/processed/images/study_0268_slice_014.npy,data/dataset2_mosmed/processed/images/study_0268_slice_015.npy,data/dataset2_mosmed/processed/images/study_0268_slice_016.npy,data/dataset2_mosmed/processed/infection_masks/study_0268_slice_015.npy,data/dataset2_mosmed/processed/lung_masks/study_0268_slice_015.npy,data/dataset2_mosmed/scribbles/study_0268_slice_015.npy,519,33754,174,219
study_0268,16,data/dataset2_mosmed/processed/images/study_0268_slice_015.npy,data/dataset2_mosmed/processed/images/study_0268_slice_016.npy,data/dataset2_mosmed/processed/images/study_0268_slice_017.npy,data/dataset2_mosmed/processed/infection_masks/study_0268_slice_016.npy,data/dataset2_mosmed/processed/lung_masks/study_0268_slice_016.npy,data/dataset2_mosmed/scribbles/study_0268_slice_016.npy,379,35147,99,221
study_0268,17,data/dataset2_mosmed/processed/images/study_0268_slice_016.npy,data/dataset2_mosmed/processed/images/study_0268_slice_017.npy,data/dataset2_mosmed/processed/images/study_0268_slice_018.npy,data/dataset2_mosmed/processed/infection_masks/study_0268_slice_017.npy,data/dataset2_mosmed/processed/lung_masks/study_0268_slice_017.npy,data/dataset2_mosmed/scribbles/study_0268_slice_017.npy,228,34971,50,223
study_0268,18,data/dataset2_mosmed/processed/images/study_0268_slice_017.npy,data/dataset2_mosmed/processed/images/study_0268_slice_018.npy,data/dataset2_mosmed/processed/images/study_0268_slice_019.npy,data/dataset2_mosmed/processed/infection_masks/study_0268_slice_018.npy,data/dataset2_mosmed/processed/lung_masks/study_0268_slice_018.npy,data/dataset2_mosmed/scribbles/study_0268_slice_018.npy,169,34777,33,221
study_0268,19,data/dataset2_mosmed/processed/images/study_0268_slice_018.npy,data/dataset2_mosmed/processed/images/study_0268_slice_019.npy,data/dataset2_mosmed/processed/images/study_0268_slice_020.npy,data/dataset2_mosmed/processed/infection_masks/study_0268_slice_019.npy,data/dataset2_mosmed/processed/lung_masks/study_0268_slice_019.npy,data/dataset2_mosmed/scribbles/study_0268_slice_019.npy,292,34572,52,222
study_0268,20,data/dataset2_mosmed/processed/images/study_0268_slice_019.npy,data/dataset2_mosmed/processed/images/study_0268_slice_020.npy,data/dataset2_mosmed/processed/images/study_0268_slice_021.npy,data/dataset2_mosmed/processed/infection_masks/study_0268_slice_020.npy,data/dataset2_mosmed/processed/lung_masks/study_0268_slice_020.npy,data/dataset2_mosmed/scribbles/study_0268_slice_020.npy,244,34195,86,222
study_0268,21,data/dataset2_mosmed/processed/images/study_0268_slice_020.npy,data/dataset2_mosmed/processed/images/study_0268_slice_021.npy,data/dataset2_mosmed/processed/images/study_0268_slice_022.npy,data/dataset2_mosmed/processed/infection_masks/study_0268_slice_021.npy,data/dataset2_mosmed/processed/lung_masks/study_0268_slice_021.npy,data/dataset2_mosmed/scribbles/study_0268_slice_021.npy,0,33819,0,0
study_0268,22,data/dataset2_mosmed/processed/images/study_0268_slice_021.npy,data/dataset2_mosmed/processed/images/study_0268_slice_022.npy,data/dataset2_mosmed/processed/images/study_0268_slice_023.npy,data/dataset2_mosmed/processed/infection_masks/study_0268_slice_022.npy,data/dataset2_mosmed/processed/lung_masks/study_0268_slice_022.npy,data/dataset2_mosmed/scribbles/study_0268_slice_022.npy,143,33710,55,223
study_0268,23,data/dataset2_mosmed/processed/images/study_0268_slice_022.npy,data/dataset2_mosmed/processed/images/study_0268_slice_023.npy,data/dataset2_mosmed/processed/images/study_0268_slice_024.npy,data/dataset2_mosmed/processed/infection_masks/study_0268_slice_023.npy,data/dataset2_mosmed/processed/lung_masks/study_0268_slice_023.npy,data/dataset2_mosmed/scribbles/study_0268_slice_023.npy,253,25357,80,222
study_0268,24,data/dataset2_mosmed/processed/images/study_0268_slice_023.npy,data/dataset2_mosmed/processed/images/study_0268_slice_024.npy,data/dataset2_mosmed/processed/images/study_0268_slice_025.npy,data/dataset2_mosmed/processed/infection_masks/study_0268_slice_024.npy,data/dataset2_mosmed/processed/lung_masks/study_0268_slice_024.npy,data/dataset2_mosmed/scribbles/study_0268_slice_024.npy,141,25543,56,223
study_0268,25,data/dataset2_mosmed/processed/images/study_0268_slice_024.npy,data/dataset2_mosmed/processed/images/study_0268_slice_025.npy,data/dataset2_mosmed/processed/images/study_0268_slice_026.npy,data/dataset2_mosmed/processed/infection_masks/study_0268_slice_025.npy,data/dataset2_mosmed/processed/lung_masks/study_0268_slice_025.npy,data/dataset2_mosmed/scribbles/study_0268_slice_025.npy,63,25908,26,223
study_0268,26,data/dataset2_mosmed/processed/images/study_0268_slice_025.npy,data/dataset2_mosmed/processed/images/study_0268_slice_026.npy,data/dataset2_mosmed/processed/images/study_0268_slice_027.npy,data/dataset2_mosmed/processed/infection_masks/study_0268_slice_026.npy,data/dataset2_mosmed/processed/lung_masks/study_0268_slice_026.npy,data/dataset2_mosmed/scribbles/study_0268_slice_026.npy,0,27341,0,0
study_0268,27,data/dataset2_mosmed/processed/images/study_0268_slice_026.npy,data/dataset2_mosmed/processed/images/study_0268_slice_027.npy,data/dataset2_mosmed/processed/images/study_0268_slice_027.npy,data/dataset2_mosmed/processed/infection_masks/study_0268_slice_027.npy,data/dataset2_mosmed/processed/lung_masks/study_0268_slice_027.npy,data/dataset2_mosmed/scribbles/study_0268_slice_027.npy,0,27302,0,0
study_0271,11,data/dataset2_mosmed/processed/images/study_0271_slice_011.npy,data/dataset2_mosmed/processed/images/study_0271_slice_011.npy,data/dataset2_mosmed/processed/images/study_0271_slice_012.npy,data/dataset2_mosmed/processed/infection_masks/study_0271_slice_011.npy,data/dataset2_mosmed/processed/lung_masks/study_0271_slice_011.npy,data/dataset2_mosmed/scribbles/study_0271_slice_011.npy,0,26973,0,0
study_0271,12,data/dataset2_mosmed/processed/images/study_0271_slice_011.npy,data/dataset2_mosmed/processed/images/study_0271_slice_012.npy,data/dataset2_mosmed/processed/images/study_0271_slice_013.npy,data/dataset2_mosmed/processed/infection_masks/study_0271_slice_012.npy,data/dataset2_mosmed/processed/lung_masks/study_0271_slice_012.npy,data/dataset2_mosmed/scribbles/study_0271_slice_012.npy,0,27286,0,0
study_0271,13,data/dataset2_mosmed/processed/images/study_0271_slice_012.npy,data/dataset2_mosmed/processed/images/study_0271_slice_013.npy,data/dataset2_mosmed/processed/images/study_0271_slice_014.npy,data/dataset2_mosmed/processed/infection_masks/study_0271_slice_013.npy,data/dataset2_mosmed/processed/lung_masks/study_0271_slice_013.npy,data/dataset2_mosmed/scribbles/study_0271_slice_013.npy,321,27366,60,222
study_0271,14,data/dataset2_mosmed/processed/images/study_0271_slice_013.npy,data/dataset2_mosmed/processed/images/study_0271_slice_014.npy,data/dataset2_mosmed/processed/images/study_0271_slice_015.npy,data/dataset2_mosmed/processed/infection_masks/study_0271_slice_014.npy,data/dataset2_mosmed/processed/lung_masks/study_0271_slice_014.npy,data/dataset2_mosmed/scribbles/study_0271_slice_014.npy,112,27477,28,224
study_0271,15,data/dataset2_mosmed/processed/images/study_0271_slice_014.npy,data/dataset2_mosmed/processed/images/study_0271_slice_015.npy,data/dataset2_mosmed/processed/images/study_0271_slice_016.npy,data/dataset2_mosmed/processed/infection_masks/study_0271_slice_015.npy,data/dataset2_mosmed/processed/lung_masks/study_0271_slice_015.npy,data/dataset2_mosmed/scribbles/study_0271_slice_015.npy,0,27297,0,0
study_0271,16,data/dataset2_mosmed/processed/images/study_0271_slice_015.npy,data/dataset2_mosmed/processed/images/study_0271_slice_016.npy,data/dataset2_mosmed/processed/images/study_0271_slice_017.npy,data/dataset2_mosmed/processed/infection_masks/study_0271_slice_016.npy,data/dataset2_mosmed/processed/lung_masks/study_0271_slice_016.npy,data/dataset2_mosmed/scribbles/study_0271_slice_016.npy,0,26971,0,0
study_0271,17,data/dataset2_mosmed/processed/images/study_0271_slice_016.npy,data/dataset2_mosmed/processed/images/study_0271_slice_017.npy,data/dataset2_mosmed/processed/images/study_0271_slice_018.npy,data/dataset2_mosmed/processed/infection_masks/study_0271_slice_017.npy,data/dataset2_mosmed/processed/lung_masks/study_0271_slice_017.npy,data/dataset2_mosmed/scribbles/study_0271_slice_017.npy,0,26650,0,0
study_0271,18,data/dataset2_mosmed/processed/images/study_0271_slice_017.npy,data/dataset2_mosmed/processed/images/study_0271_slice_018.npy,data/dataset2_mosmed/processed/images/study_0271_slice_019.npy,data/dataset2_mosmed/processed/infection_masks/study_0271_slice_018.npy,data/dataset2_mosmed/processed/lung_masks/study_0271_slice_018.npy,data/dataset2_mosmed/scribbles/study_0271_slice_018.npy,0,26506,0,0
study_0271,19,data/dataset2_mosmed/processed/images/study_0271_slice_018.npy,data/dataset2_mosmed/processed/images/study_0271_slice_019.npy,data/dataset2_mosmed/processed/images/study_0271_slice_020.npy,data/dataset2_mosmed/processed/infection_masks/study_0271_slice_019.npy,data/dataset2_mosmed/processed/lung_masks/study_0271_slice_019.npy,data/dataset2_mosmed/scribbles/study_0271_slice_019.npy,22,26195,11,225
study_0271,20,data/dataset2_mosmed/processed/images/study_0271_slice_019.npy,data/dataset2_mosmed/processed/images/study_0271_slice_020.npy,data/dataset2_mosmed/processed/images/study_0271_slice_021.npy,data/dataset2_mosmed/processed/infection_masks/study_0271_slice_020.npy,data/dataset2_mosmed/processed/lung_masks/study_0271_slice_020.npy,data/dataset2_mosmed/scribbles/study_0271_slice_020.npy,85,26131,28,224
study_0271,21,data/dataset2_mosmed/processed/images/study_0271_slice_020.npy,data/dataset2_mosmed/processed/images/study_0271_slice_021.npy,data/dataset2_mosmed/processed/images/study_0271_slice_022.npy,data/dataset2_mosmed/processed/infection_masks/study_0271_slice_021.npy,data/dataset2_mosmed/processed/lung_masks/study_0271_slice_021.npy,data/dataset2_mosmed/scribbles/study_0271_slice_021.npy,198,25843,42,223
study_0271,22,data/dataset2_mosmed/processed/images/study_0271_slice_021.npy,data/dataset2_mosmed/processed/images/study_0271_slice_022.npy,data/dataset2_mosmed/processed/images/study_0271_slice_023.npy,data/dataset2_mosmed/processed/infection_masks/study_0271_slice_022.npy,data/dataset2_mosmed/processed/lung_masks/study_0271_slice_022.npy,data/dataset2_mosmed/scribbles/study_0271_slice_022.npy,231,28202,44,224
study_0271,23,data/dataset2_mosmed/processed/images/study_0271_slice_022.npy,data/dataset2_mosmed/processed/images/study_0271_slice_023.npy,data/dataset2_mosmed/processed/images/study_0271_slice_024.npy,data/dataset2_mosmed/processed/infection_masks/study_0271_slice_023.npy,data/dataset2_mosmed/processed/lung_masks/study_0271_slice_023.npy,data/dataset2_mosmed/scribbles/study_0271_slice_023.npy,232,27745,55,222
study_0271,24,data/dataset2_mosmed/processed/images/study_0271_slice_023.npy,data/dataset2_mosmed/processed/images/study_0271_slice_024.npy,data/dataset2_mosmed/processed/images/study_0271_slice_025.npy,data/dataset2_mosmed/processed/infection_masks/study_0271_slice_024.npy,data/dataset2_mosmed/processed/lung_masks/study_0271_slice_024.npy,data/dataset2_mosmed/scribbles/study_0271_slice_024.npy,206,24896,56,224
study_0271,25,data/dataset2_mosmed/processed/images/study_0271_slice_024.npy,data/dataset2_mosmed/processed/images/study_0271_slice_025.npy,data/dataset2_mosmed/processed/images/study_0271_slice_026.npy,data/dataset2_mosmed/processed/infection_masks/study_0271_slice_025.npy,data/dataset2_mosmed/processed/lung_masks/study_0271_slice_025.npy,data/dataset2_mosmed/scribbles/study_0271_slice_025.npy,17,24455,12,223
study_0271,26,data/dataset2_mosmed/processed/images/study_0271_slice_025.npy,data/dataset2_mosmed/processed/images/study_0271_slice_026.npy,data/dataset2_mosmed/processed/images/study_0271_slice_027.npy,data/dataset2_mosmed/processed/infection_masks/study_0271_slice_026.npy,data/dataset2_mosmed/processed/lung_masks/study_0271_slice_026.npy,data/dataset2_mosmed/scribbles/study_0271_slice_026.npy,18,24001,10,224
study_0271,27,data/dataset2_mosmed/processed/images/study_0271_slice_026.npy,data/dataset2_mosmed/processed/images/study_0271_slice_027.npy,data/dataset2_mosmed/processed/images/study_0271_slice_028.npy,data/dataset2_mosmed/processed/infection_masks/study_0271_slice_027.npy,data/dataset2_mosmed/processed/lung_masks/study_0271_slice_027.npy,data/dataset2_mosmed/scribbles/study_0271_slice_027.npy,0,23366,0,0
study_0271,28,data/dataset2_mosmed/processed/images/study_0271_slice_027.npy,data/dataset2_mosmed/processed/images/study_0271_slice_028.npy,data/dataset2_mosmed/processed/images/study_0271_slice_028.npy,data/dataset2_mosmed/processed/infection_masks/study_0271_slice_028.npy,data/dataset2_mosmed/processed/lung_masks/study_0271_slice_028.npy,data/dataset2_mosmed/scribbles/study_0271_slice_028.npy,0,24204,0,0
study_0273,12,data/dataset2_mosmed/processed/images/study_0273_slice_012.npy,data/dataset2_mosmed/processed/images/study_0273_slice_012.npy,data/dataset2_mosmed/processed/images/study_0273_slice_013.npy,data/dataset2_mosmed/processed/infection_masks/study_0273_slice_012.npy,data/dataset2_mosmed/processed/lung_masks/study_0273_slice_012.npy,data/dataset2_mosmed/scribbles/study_0273_slice_012.npy,0,62500,0,0
study_0273,13,data/dataset2_mosmed/processed/images/study_0273_slice_012.npy,data/dataset2_mosmed/processed/images/study_0273_slice_013.npy,data/dataset2_mosmed/processed/images/study_0273_slice_014.npy,data/dataset2_mosmed/processed/infection_masks/study_0273_slice_013.npy,data/dataset2_mosmed/processed/lung_masks/study_0273_slice_013.npy,data/dataset2_mosmed/scribbles/study_0273_slice_013.npy,0,62500,0,0
study_0273,14,data/dataset2_mosmed/processed/images/study_0273_slice_013.npy,data/dataset2_mosmed/processed/images/study_0273_slice_014.npy,data/dataset2_mosmed/processed/images/study_0273_slice_015.npy,data/dataset2_mosmed/processed/infection_masks/study_0273_slice_014.npy,data/dataset2_mosmed/processed/lung_masks/study_0273_slice_014.npy,data/dataset2_mosmed/scribbles/study_0273_slice_014.npy,163,62500,48,223
study_0273,15,data/dataset2_mosmed/processed/images/study_0273_slice_014.npy,data/dataset2_mosmed/processed/images/study_0273_slice_015.npy,data/dataset2_mosmed/processed/images/study_0273_slice_016.npy,data/dataset2_mosmed/processed/infection_masks/study_0273_slice_015.npy,data/dataset2_mosmed/processed/lung_masks/study_0273_slice_015.npy,data/dataset2_mosmed/scribbles/study_0273_slice_015.npy,205,62500,46,223
study_0273,16,data/dataset2_mosmed/processed/images/study_0273_slice_015.npy,data/dataset2_mosmed/processed/images/study_0273_slice_016.npy,data/dataset2_mosmed/processed/images/study_0273_slice_017.npy,data/dataset2_mosmed/processed/infection_masks/study_0273_slice_016.npy,data/dataset2_mosmed/processed/lung_masks/study_0273_slice_016.npy,data/dataset2_mosmed/scribbles/study_0273_slice_016.npy,421,62500,110,221
study_0273,17,data/dataset2_mosmed/processed/images/study_0273_slice_016.npy,data/dataset2_mosmed/processed/images/study_0273_slice_017.npy,data/dataset2_mosmed/processed/images/study_0273_slice_018.npy,data/dataset2_mosmed/processed/infection_masks/study_0273_slice_017.npy,data/dataset2_mosmed/processed/lung_masks/study_0273_slice_017.npy,data/dataset2_mosmed/scribbles/study_0273_slice_017.npy,637,62500,164,221
study_0273,18,data/dataset2_mosmed/processed/images/study_0273_slice_017.npy,data/dataset2_mosmed/processed/images/study_0273_slice_018.npy,data/dataset2_mosmed/processed/images/study_0273_slice_019.npy,data/dataset2_mosmed/processed/infection_masks/study_0273_slice_018.npy,data/dataset2_mosmed/processed/lung_masks/study_0273_slice_018.npy,data/dataset2_mosmed/scribbles/study_0273_slice_018.npy,584,62500,143,221
study_0273,19,data/dataset2_mosmed/processed/images/study_0273_slice_018.npy,data/dataset2_mosmed/processed/images/study_0273_slice_019.npy,data/dataset2_mosmed/processed/images/study_0273_slice_020.npy,data/dataset2_mosmed/processed/infection_masks/study_0273_slice_019.npy,data/dataset2_mosmed/processed/lung_masks/study_0273_slice_019.npy,data/dataset2_mosmed/scribbles/study_0273_slice_019.npy,609,62500,129,219
study_0273,20,data/dataset2_mosmed/processed/images/study_0273_slice_019.npy,data/dataset2_mosmed/processed/images/study_0273_slice_020.npy,data/dataset2_mosmed/processed/images/study_0273_slice_021.npy,data/dataset2_mosmed/processed/infection_masks/study_0273_slice_020.npy,data/dataset2_mosmed/processed/lung_masks/study_0273_slice_020.npy,data/dataset2_mosmed/scribbles/study_0273_slice_020.npy,460,62500,95,222
study_0273,21,data/dataset2_mosmed/processed/images/study_0273_slice_020.npy,data/dataset2_mosmed/processed/images/study_0273_slice_021.npy,data/dataset2_mosmed/processed/images/study_0273_slice_022.npy,data/dataset2_mosmed/processed/infection_masks/study_0273_slice_021.npy,data/dataset2_mosmed/processed/lung_masks/study_0273_slice_021.npy,data/dataset2_mosmed/scribbles/study_0273_slice_021.npy,310,62500,94,222
study_0273,22,data/dataset2_mosmed/processed/images/study_0273_slice_021.npy,data/dataset2_mosmed/processed/images/study_0273_slice_022.npy,data/dataset2_mosmed/processed/images/study_0273_slice_023.npy,data/dataset2_mosmed/processed/infection_masks/study_0273_slice_022.npy,data/dataset2_mosmed/processed/lung_masks/study_0273_slice_022.npy,data/dataset2_mosmed/scribbles/study_0273_slice_022.npy,453,62500,150,220
study_0273,23,data/dataset2_mosmed/processed/images/study_0273_slice_022.npy,data/dataset2_mosmed/processed/images/study_0273_slice_023.npy,data/dataset2_mosmed/processed/images/study_0273_slice_024.npy,data/dataset2_mosmed/processed/infection_masks/study_0273_slice_023.npy,data/dataset2_mosmed/processed/lung_masks/study_0273_slice_023.npy,data/dataset2_mosmed/scribbles/study_0273_slice_023.npy,491,62500,72,221
study_0273,24,data/dataset2_mosmed/processed/images/study_0273_slice_023.npy,data/dataset2_mosmed/processed/images/study_0273_slice_024.npy,data/dataset2_mosmed/processed/images/study_0273_slice_025.npy,data/dataset2_mosmed/processed/infection_masks/study_0273_slice_024.npy,data/dataset2_mosmed/processed/lung_masks/study_0273_slice_024.npy,data/dataset2_mosmed/scribbles/study_0273_slice_024.npy,338,62500,48,222
study_0273,25,data/dataset2_mosmed/processed/images/study_0273_slice_024.npy,data/dataset2_mosmed/processed/images/study_0273_slice_025.npy,data/dataset2_mosmed/processed/images/study_0273_slice_026.npy,data/dataset2_mosmed/processed/infection_masks/study_0273_slice_025.npy,data/dataset2_mosmed/processed/lung_masks/study_0273_slice_025.npy,data/dataset2_mosmed/scribbles/study_0273_slice_025.npy,164,62500,44,222
study_0273,26,data/dataset2_mosmed/processed/images/study_0273_slice_025.npy,data/dataset2_mosmed/processed/images/study_0273_slice_026.npy,data/dataset2_mosmed/processed/images/study_0273_slice_027.npy,data/dataset2_mosmed/processed/infection_masks/study_0273_slice_026.npy,data/dataset2_mosmed/processed/lung_masks/study_0273_slice_026.npy,data/dataset2_mosmed/scribbles/study_0273_slice_026.npy,169,62500,57,223
study_0273,27,data/dataset2_mosmed/processed/images/study_0273_slice_026.npy,data/dataset2_mosmed/processed/images/study_0273_slice_027.npy,data/dataset2_mosmed/processed/images/study_0273_slice_028.npy,data/dataset2_mosmed/processed/infection_masks/study_0273_slice_027.npy,data/dataset2_mosmed/processed/lung_masks/study_0273_slice_027.npy,data/dataset2_mosmed/scribbles/study_0273_slice_027.npy,38,62500,15,224
study_0273,28,data/dataset2_mosmed/processed/images/study_0273_slice_027.npy,data/dataset2_mosmed/processed/images/study_0273_slice_028.npy,data/dataset2_mosmed/processed/images/study_0273_slice_029.npy,data/dataset2_mosmed/processed/infection_masks/study_0273_slice_028.npy,data/dataset2_mosmed/processed/lung_masks/study_0273_slice_028.npy,data/dataset2_mosmed/scribbles/study_0273_slice_028.npy,0,62500,0,0
study_0273,29,data/dataset2_mosmed/processed/images/study_0273_slice_028.npy,data/dataset2_mosmed/processed/images/study_0273_slice_029.npy,data/dataset2_mosmed/processed/images/study_0273_slice_029.npy,data/dataset2_mosmed/processed/infection_masks/study_0273_slice_029.npy,data/dataset2_mosmed/processed/lung_masks/study_0273_slice_029.npy,data/dataset2_mosmed/scribbles/study_0273_slice_029.npy,0,62500,0,0
study_0274,5,data/dataset2_mosmed/processed/images/study_0274_slice_005.npy,data/dataset2_mosmed/processed/images/study_0274_slice_005.npy,data/dataset2_mosmed/processed/images/study_0274_slice_006.npy,data/dataset2_mosmed/processed/infection_masks/study_0274_slice_005.npy,data/dataset2_mosmed/processed/lung_masks/study_0274_slice_005.npy,data/dataset2_mosmed/scribbles/study_0274_slice_005.npy,0,62500,0,0
study_0274,6,data/dataset2_mosmed/processed/images/study_0274_slice_005.npy,data/dataset2_mosmed/processed/images/study_0274_slice_006.npy,data/dataset2_mosmed/processed/images/study_0274_slice_007.npy,data/dataset2_mosmed/processed/infection_masks/study_0274_slice_006.npy,data/dataset2_mosmed/processed/lung_masks/study_0274_slice_006.npy,data/dataset2_mosmed/scribbles/study_0274_slice_006.npy,0,62500,0,0
study_0274,7,data/dataset2_mosmed/processed/images/study_0274_slice_006.npy,data/dataset2_mosmed/processed/images/study_0274_slice_007.npy,data/dataset2_mosmed/processed/images/study_0274_slice_008.npy,data/dataset2_mosmed/processed/infection_masks/study_0274_slice_007.npy,data/dataset2_mosmed/processed/lung_masks/study_0274_slice_007.npy,data/dataset2_mosmed/scribbles/study_0274_slice_007.npy,260,62500,104,223
study_0274,8,data/dataset2_mosmed/processed/images/study_0274_slice_007.npy,data/dataset2_mosmed/processed/images/study_0274_slice_008.npy,data/dataset2_mosmed/processed/images/study_0274_slice_009.npy,data/dataset2_mosmed/processed/infection_masks/study_0274_slice_008.npy,data/dataset2_mosmed/processed/lung_masks/study_0274_slice_008.npy,data/dataset2_mosmed/scribbles/study_0274_slice_008.npy,475,62500,179,219
study_0274,9,data/dataset2_mosmed/processed/images/study_0274_slice_008.npy,data/dataset2_mosmed/processed/images/study_0274_slice_009.npy,data/dataset2_mosmed/processed/images/study_0274_slice_010.npy,data/dataset2_mosmed/processed/infection_masks/study_0274_slice_009.npy,data/dataset2_mosmed/processed/lung_masks/study_0274_slice_009.npy,data/dataset2_mosmed/scribbles/study_0274_slice_009.npy,850,62500,251,218
study_0274,10,data/dataset2_mosmed/processed/images/study_0274_slice_009.npy,data/dataset2_mosmed/processed/images/study_0274_slice_010.npy,data/dataset2_mosmed/processed/images/study_0274_slice_011.npy,data/dataset2_mosmed/processed/infection_masks/study_0274_slice_010.npy,data/dataset2_mosmed/processed/lung_masks/study_0274_slice_010.npy,data/dataset2_mosmed/scribbles/study_0274_slice_010.npy,822,62500,196,218
study_0274,11,data/dataset2_mosmed/processed/images/study_0274_slice_010.npy,data/dataset2_mosmed/processed/images/study_0274_slice_011.npy,data/dataset2_mosmed/processed/images/study_0274_slice_012.npy,data/dataset2_mosmed/processed/infection_masks/study_0274_slice_011.npy,data/dataset2_mosmed/processed/lung_masks/study_0274_slice_011.npy,data/dataset2_mosmed/scribbles/study_0274_slice_011.npy,771,62500,196,220
study_0274,12,data/dataset2_mosmed/processed/images/study_0274_slice_011.npy,data/dataset2_mosmed/processed/images/study_0274_slice_012.npy,data/dataset2_mosmed/processed/images/study_0274_slice_013.npy,data/dataset2_mosmed/processed/infection_masks/study_0274_slice_012.npy,data/dataset2_mosmed/processed/lung_masks/study_0274_slice_012.npy,data/dataset2_mosmed/scribbles/study_0274_slice_012.npy,542,62500,129,221
study_0274,13,data/dataset2_mosmed/processed/images/study_0274_slice_012.npy,data/dataset2_mosmed/processed/images/study_0274_slice_013.npy,data/dataset2_mosmed/processed/images/study_0274_slice_014.npy,data/dataset2_mosmed/processed/infection_masks/study_0274_slice_013.npy,data/dataset2_mosmed/processed/lung_masks/study_0274_slice_013.npy,data/dataset2_mosmed/scribbles/study_0274_slice_013.npy,194,62500,86,221
study_0274,14,data/dataset2_mosmed/processed/images/study_0274_slice_013.npy,data/dataset2_mosmed/processed/images/study_0274_slice_014.npy,data/dataset2_mosmed/processed/images/study_0274_slice_015.npy,data/dataset2_mosmed/processed/infection_masks/study_0274_slice_014.npy,data/dataset2_mosmed/processed/lung_masks/study_0274_slice_014.npy,data/dataset2_mosmed/scribbles/study_0274_slice_014.npy,174,35077,88,221
study_0274,15,data/dataset2_mosmed/processed/images/study_0274_slice_014.npy,data/dataset2_mosmed/processed/images/study_0274_slice_015.npy,data/dataset2_mosmed/processed/images/study_0274_slice_016.npy,data/dataset2_mosmed/processed/infection_masks/study_0274_slice_015.npy,data/dataset2_mosmed/processed/lung_masks/study_0274_slice_015.npy,data/dataset2_mosmed/scribbles/study_0274_slice_015.npy,108,34392,39,223
study_0274,16,data/dataset2_mosmed/processed/images/study_0274_slice_015.npy,data/dataset2_mosmed/processed/images/study_0274_slice_016.npy,data/dataset2_mosmed/processed/images/study_0274_slice_017.npy,data/dataset2_mosmed/processed/infection_masks/study_0274_slice_016.npy,data/dataset2_mosmed/processed/lung_masks/study_0274_slice_016.npy,data/dataset2_mosmed/scribbles/study_0274_slice_016.npy,153,33590,51,223
study_0274,17,data/dataset2_mosmed/processed/images/study_0274_slice_016.npy,data/dataset2_mosmed/processed/images/study_0274_slice_017.npy,data/dataset2_mosmed/processed/images/study_0274_slice_018.npy,data/dataset2_mosmed/processed/infection_masks/study_0274_slice_017.npy,data/dataset2_mosmed/processed/lung_masks/study_0274_slice_017.npy,data/dataset2_mosmed/scribbles/study_0274_slice_017.npy,318,32961,63,221
study_0274,18,data/dataset2_mosmed/processed/images/study_0274_slice_017.npy,data/dataset2_mosmed/processed/images/study_0274_slice_018.npy,data/dataset2_mosmed/processed/images/study_0274_slice_019.npy,data/dataset2_mosmed/processed/infection_masks/study_0274_slice_018.npy,data/dataset2_mosmed/processed/lung_masks/study_0274_slice_018.npy,data/dataset2_mosmed/scribbles/study_0274_slice_018.npy,84,32391,41,223
study_0274,19,data/dataset2_mosmed/processed/images/study_0274_slice_018.npy,data/dataset2_mosmed/processed/images/study_0274_slice_019.npy,data/dataset2_mosmed/processed/images/study_0274_slice_020.npy,data/dataset2_mosmed/processed/infection_masks/study_0274_slice_019.npy,data/dataset2_mosmed/processed/lung_masks/study_0274_slice_019.npy,data/dataset2_mosmed/scribbles/study_0274_slice_019.npy,0,31945,0,0
study_0274,20,data/dataset2_mosmed/processed/images/study_0274_slice_019.npy,data/dataset2_mosmed/processed/images/study_0274_slice_020.npy,data/dataset2_mosmed/processed/images/study_0274_slice_021.npy,data/dataset2_mosmed/processed/infection_masks/study_0274_slice_020.npy,data/dataset2_mosmed/processed/lung_masks/study_0274_slice_020.npy,data/dataset2_mosmed/scribbles/study_0274_slice_020.npy,272,27879,86,223
study_0274,21,data/dataset2_mosmed/processed/images/study_0274_slice_020.npy,data/dataset2_mosmed/processed/images/study_0274_slice_021.npy,data/dataset2_mosmed/processed/images/study_0274_slice_022.npy,data/dataset2_mosmed/processed/infection_masks/study_0274_slice_021.npy,data/dataset2_mosmed/processed/lung_masks/study_0274_slice_021.npy,data/dataset2_mosmed/scribbles/study_0274_slice_021.npy,229,28300,52,223
study_0274,22,data/dataset2_mosmed/processed/images/study_0274_slice_021.npy,data/dataset2_mosmed/processed/images/study_0274_slice_022.npy,data/dataset2_mosmed/processed/images/study_0274_slice_023.npy,data/dataset2_mosmed/processed/infection_masks/study_0274_slice_022.npy,data/dataset2_mosmed/processed/lung_masks/study_0274_slice_022.npy,data/dataset2_mosmed/scribbles/study_0274_slice_022.npy,207,28580,82,223
study_0274,23,data/dataset2_mosmed/processed/images/study_0274_slice_022.npy,data/dataset2_mosmed/processed/images/study_0274_slice_023.npy,data/dataset2_mosmed/processed/images/study_0274_slice_024.npy,data/dataset2_mosmed/processed/infection_masks/study_0274_slice_023.npy,data/dataset2_mosmed/processed/lung_masks/study_0274_slice_023.npy,data/dataset2_mosmed/scribbles/study_0274_slice_023.npy,0,28247,0,0
study_0274,24,data/dataset2_mosmed/processed/images/study_0274_slice_023.npy,data/dataset2_mosmed/processed/images/study_0274_slice_024.npy,data/dataset2_mosmed/processed/images/study_0274_slice_025.npy,data/dataset2_mosmed/processed/infection_masks/study_0274_slice_024.npy,data/dataset2_mosmed/processed/lung_masks/study_0274_slice_024.npy,data/dataset2_mosmed/scribbles/study_0274_slice_024.npy,0,28335,0,0
study_0274,25,data/dataset2_mosmed/processed/images/study_0274_slice_024.npy,data/dataset2_mosmed/processed/images/study_0274_slice_025.npy,data/dataset2_mosmed/processed/images/study_0274_slice_026.npy,data/dataset2_mosmed/processed/infection_masks/study_0274_slice_025.npy,data/dataset2_mosmed/processed/lung_masks/study_0274_slice_025.npy,data/dataset2_mosmed/scribbles/study_0274_slice_025.npy,0,28378,0,0
study_0274,26,data/dataset2_mosmed/processed/images/study_0274_slice_025.npy,data/dataset2_mosmed/processed/images/study_0274_slice_026.npy,data/dataset2_mosmed/processed/images/study_0274_slice_027.npy,data/dataset2_mosmed/processed/infection_masks/study_0274_slice_026.npy,data/dataset2_mosmed/processed/lung_masks/study_0274_slice_026.npy,data/dataset2_mosmed/scribbles/study_0274_slice_026.npy,151,28374,57,223
study_0274,27,data/dataset2_mosmed/processed/images/study_0274_slice_026.npy,data/dataset2_mosmed/processed/images/study_0274_slice_027.npy,data/dataset2_mosmed/processed/images/study_0274_slice_028.npy,data/dataset2_mosmed/processed/infection_masks/study_0274_slice_027.npy,data/dataset2_mosmed/processed/lung_masks/study_0274_slice_027.npy,data/dataset2_mosmed/scribbles/study_0274_slice_027.npy,235,28214,85,221
study_0274,28,data/dataset2_mosmed/processed/images/study_0274_slice_027.npy,data/dataset2_mosmed/processed/images/study_0274_slice_028.npy,data/dataset2_mosmed/processed/images/study_0274_slice_029.npy,data/dataset2_mosmed/processed/infection_masks/study_0274_slice_028.npy,data/dataset2_mosmed/processed/lung_masks/study_0274_slice_028.npy,data/dataset2_mosmed/scribbles/study_0274_slice_028.npy,80,28064,26,224
study_0274,29,data/dataset2_mosmed/processed/images/study_0274_slice_028.npy,data/dataset2_mosmed/processed/images/study_0274_slice_029.npy,data/dataset2_mosmed/processed/images/study_0274_slice_030.npy,data/dataset2_mosmed/processed/infection_masks/study_0274_slice_029.npy,data/dataset2_mosmed/processed/lung_masks/study_0274_slice_029.npy,data/dataset2_mosmed/scribbles/study_0274_slice_029.npy,40,24511,14,224
study_0274,30,data/dataset2_mosmed/processed/images/study_0274_slice_029.npy,data/dataset2_mosmed/processed/images/study_0274_slice_030.npy,data/dataset2_mosmed/processed/images/study_0274_slice_031.npy,data/dataset2_mosmed/processed/infection_masks/study_0274_slice_030.npy,data/dataset2_mosmed/processed/lung_masks/study_0274_slice_030.npy,data/dataset2_mosmed/scribbles/study_0274_slice_030.npy,123,25934,47,223
study_0274,31,data/dataset2_mosmed/processed/images/study_0274_slice_030.npy,data/dataset2_mosmed/processed/images/study_0274_slice_031.npy,data/dataset2_mosmed/processed/images/study_0274_slice_032.npy,data/dataset2_mosmed/processed/infection_masks/study_0274_slice_031.npy,data/dataset2_mosmed/processed/lung_masks/study_0274_slice_031.npy,data/dataset2_mosmed/scribbles/study_0274_slice_031.npy,129,26833,43,224
study_0274,32,data/dataset2_mosmed/processed/images/study_0274_slice_031.npy,data/dataset2_mosmed/processed/images/study_0274_slice_032.npy,data/dataset2_mosmed/processed/images/study_0274_slice_033.npy,data/dataset2_mosmed/processed/infection_masks/study_0274_slice_032.npy,data/dataset2_mosmed/processed/lung_masks/study_0274_slice_032.npy,data/dataset2_mosmed/scribbles/study_0274_slice_032.npy,136,27979,52,224
study_0274,33,data/dataset2_mosmed/processed/images/study_0274_slice_032.npy,data/dataset2_mosmed/processed/images/study_0274_slice_033.npy,data/dataset2_mosmed/processed/images/study_0274_slice_034.npy,data/dataset2_mosmed/processed/infection_masks/study_0274_slice_033.npy,data/dataset2_mosmed/processed/lung_masks/study_0274_slice_033.npy,data/dataset2_mosmed/scribbles/study_0274_slice_033.npy,273,29227,76,221
study_0274,34,data/dataset2_mosmed/processed/images/study_0274_slice_033.npy,data/dataset2_mosmed/processed/images/study_0274_slice_034.npy,data/dataset2_mosmed/processed/images/study_0274_slice_035.npy,data/dataset2_mosmed/processed/infection_masks/study_0274_slice_034.npy,data/dataset2_mosmed/processed/lung_masks/study_0274_slice_034.npy,data/dataset2_mosmed/scribbles/study_0274_slice_034.npy,153,30637,51,221
study_0274,35,data/dataset2_mosmed/processed/images/study_0274_slice_034.npy,data/dataset2_mosmed/processed/images/study_0274_slice_035.npy,data/dataset2_mosmed/processed/images/study_0274_slice_036.npy,data/dataset2_mosmed/processed/infection_masks/study_0274_slice_035.npy,data/dataset2_mosmed/processed/lung_masks/study_0274_slice_035.npy,data/dataset2_mosmed/scribbles/study_0274_slice_035.npy,46,32150,20,224
study_0274,36,data/dataset2_mosmed/processed/images/study_0274_slice_035.npy,data/dataset2_mosmed/processed/images/study_0274_slice_036.npy,data/dataset2_mosmed/processed/images/study_0274_slice_037.npy,data/dataset2_mosmed/processed/infection_masks/study_0274_slice_036.npy,data/dataset2_mosmed/processed/lung_masks/study_0274_slice_036.npy,data/dataset2_mosmed/scribbles/study_0274_slice_036.npy,0,33729,0,0
study_0274,37,data/dataset2_mosmed/processed/images/study_0274_slice_036.npy,data/dataset2_mosmed/processed/images/study_0274_slice_037.npy,data/dataset2_mosmed/processed/images/study_0274_slice_037.npy,data/dataset2_mosmed/processed/infection_masks/study_0274_slice_037.npy,data/dataset2_mosmed/processed/lung_masks/study_0274_slice_037.npy,data/dataset2_mosmed/scribbles/study_0274_slice_037.npy,0,35349,0,0
study_0275,6,data/dataset2_mosmed/processed/images/study_0275_slice_006.npy,data/dataset2_mosmed/processed/images/study_0275_slice_006.npy,data/dataset2_mosmed/processed/images/study_0275_slice_007.npy,data/dataset2_mosmed/processed/infection_masks/study_0275_slice_006.npy,data/dataset2_mosmed/processed/lung_masks/study_0275_slice_006.npy,data/dataset2_mosmed/scribbles/study_0275_slice_006.npy,0,62500,0,0
study_0275,7,data/dataset2_mosmed/processed/images/study_0275_slice_006.npy,data/dataset2_mosmed/processed/images/study_0275_slice_007.npy,data/dataset2_mosmed/processed/images/study_0275_slice_008.npy,data/dataset2_mosmed/processed/infection_masks/study_0275_slice_007.npy,data/dataset2_mosmed/processed/lung_masks/study_0275_slice_007.npy,data/dataset2_mosmed/scribbles/study_0275_slice_007.npy,0,62500,0,0
study_0275,8,data/dataset2_mosmed/processed/images/study_0275_slice_007.npy,data/dataset2_mosmed/processed/images/study_0275_slice_008.npy,data/dataset2_mosmed/processed/images/study_0275_slice_009.npy,data/dataset2_mosmed/processed/infection_masks/study_0275_slice_008.npy,data/dataset2_mosmed/processed/lung_masks/study_0275_slice_008.npy,data/dataset2_mosmed/scribbles/study_0275_slice_008.npy,11,62500,5,224
study_0275,9,data/dataset2_mosmed/processed/images/study_0275_slice_008.npy,data/dataset2_mosmed/processed/images/study_0275_slice_009.npy,data/dataset2_mosmed/processed/images/study_0275_slice_010.npy,data/dataset2_mosmed/processed/infection_masks/study_0275_slice_009.npy,data/dataset2_mosmed/processed/lung_masks/study_0275_slice_009.npy,data/dataset2_mosmed/scribbles/study_0275_slice_009.npy,0,62500,0,0
study_0275,10,data/dataset2_mosmed/processed/images/study_0275_slice_009.npy,data/dataset2_mosmed/processed/images/study_0275_slice_010.npy,data/dataset2_mosmed/processed/images/study_0275_slice_011.npy,data/dataset2_mosmed/processed/infection_masks/study_0275_slice_010.npy,data/dataset2_mosmed/processed/lung_masks/study_0275_slice_010.npy,data/dataset2_mosmed/scribbles/study_0275_slice_010.npy,106,62500,52,224
study_0275,11,data/dataset2_mosmed/processed/images/study_0275_slice_010.npy,data/dataset2_mosmed/processed/images/study_0275_slice_011.npy,data/dataset2_mosmed/processed/images/study_0275_slice_012.npy,data/dataset2_mosmed/processed/infection_masks/study_0275_slice_011.npy,data/dataset2_mosmed/processed/lung_masks/study_0275_slice_011.npy,data/dataset2_mosmed/scribbles/study_0275_slice_011.npy,101,62500,43,223
study_0275,12,data/dataset2_mosmed/processed/images/study_0275_slice_011.npy,data/dataset2_mosmed/processed/images/study_0275_slice_012.npy,data/dataset2_mosmed/processed/images/study_0275_slice_013.npy,data/dataset2_mosmed/processed/infection_masks/study_0275_slice_012.npy,data/dataset2_mosmed/processed/lung_masks/study_0275_slice_012.npy,data/dataset2_mosmed/scribbles/study_0275_slice_012.npy,0,42659,0,0
study_0275,13,data/dataset2_mosmed/processed/images/study_0275_slice_012.npy,data/dataset2_mosmed/processed/images/study_0275_slice_013.npy,data/dataset2_mosmed/processed/images/study_0275_slice_014.npy,data/dataset2_mosmed/processed/infection_masks/study_0275_slice_013.npy,data/dataset2_mosmed/processed/lung_masks/study_0275_slice_013.npy,data/dataset2_mosmed/scribbles/study_0275_slice_013.npy,9,43844,8,224
study_0275,14,data/dataset2_mosmed/processed/images/study_0275_slice_013.npy,data/dataset2_mosmed/processed/images/study_0275_slice_014.npy,data/dataset2_mosmed/processed/images/study_0275_slice_015.npy,data/dataset2_mosmed/processed/infection_masks/study_0275_slice_014.npy,data/dataset2_mosmed/processed/lung_masks/study_0275_slice_014.npy,data/dataset2_mosmed/scribbles/study_0275_slice_014.npy,0,44231,0,0
study_0275,15,data/dataset2_mosmed/processed/images/study_0275_slice_014.npy,data/dataset2_mosmed/processed/images/study_0275_slice_015.npy,data/dataset2_mosmed/processed/images/study_0275_slice_016.npy,data/dataset2_mosmed/processed/infection_masks/study_0275_slice_015.npy,data/dataset2_mosmed/processed/lung_masks/study_0275_slice_015.npy,data/dataset2_mosmed/scribbles/study_0275_slice_015.npy,99,43945,45,223
study_0275,16,data/dataset2_mosmed/processed/images/study_0275_slice_015.npy,data/dataset2_mosmed/processed/images/study_0275_slice_016.npy,data/dataset2_mosmed/processed/images/study_0275_slice_017.npy,data/dataset2_mosmed/processed/infection_masks/study_0275_slice_016.npy,data/dataset2_mosmed/processed/lung_masks/study_0275_slice_016.npy,data/dataset2_mosmed/scribbles/study_0275_slice_016.npy,63,43701,35,223
study_0275,17,data/dataset2_mosmed/processed/images/study_0275_slice_016.npy,data/dataset2_mosmed/processed/images/study_0275_slice_017.npy,data/dataset2_mosmed/processed/images/study_0275_slice_018.npy,data/dataset2_mosmed/processed/infection_masks/study_0275_slice_017.npy,data/dataset2_mosmed/processed/lung_masks/study_0275_slice_017.npy,data/dataset2_mosmed/scribbles/study_0275_slice_017.npy,73,43425,33,224
study_0275,18,data/dataset2_mosmed/processed/images/study_0275_slice_017.npy,data/dataset2_mosmed/processed/images/study_0275_slice_018.npy,data/dataset2_mosmed/processed/images/study_0275_slice_019.npy,data/dataset2_mosmed/processed/infection_masks/study_0275_slice_018.npy,data/dataset2_mosmed/processed/lung_masks/study_0275_slice_018.npy,data/dataset2_mosmed/scribbles/study_0275_slice_018.npy,14,43382,10,223
study_0275,19,data/dataset2_mosmed/processed/images/study_0275_slice_018.npy,data/dataset2_mosmed/processed/images/study_0275_slice_019.npy,data/dataset2_mosmed/processed/images/study_0275_slice_020.npy,data/dataset2_mosmed/processed/infection_masks/study_0275_slice_019.npy,data/dataset2_mosmed/processed/lung_masks/study_0275_slice_019.npy,data/dataset2_mosmed/scribbles/study_0275_slice_019.npy,36,43386,20,224
study_0275,20,data/dataset2_mosmed/processed/images/study_0275_slice_019.npy,data/dataset2_mosmed/processed/images/study_0275_slice_020.npy,data/dataset2_mosmed/processed/images/study_0275_slice_021.npy,data/dataset2_mosmed/processed/infection_masks/study_0275_slice_020.npy,data/dataset2_mosmed/processed/lung_masks/study_0275_slice_020.npy,data/dataset2_mosmed/scribbles/study_0275_slice_020.npy,114,43454,28,223
study_0275,21,data/dataset2_mosmed/processed/images/study_0275_slice_020.npy,data/dataset2_mosmed/processed/images/study_0275_slice_021.npy,data/dataset2_mosmed/processed/images/study_0275_slice_022.npy,data/dataset2_mosmed/processed/infection_masks/study_0275_slice_021.npy,data/dataset2_mosmed/processed/lung_masks/study_0275_slice_021.npy,data/dataset2_mosmed/scribbles/study_0275_slice_021.npy,37,43658,9,224
study_0275,22,data/dataset2_mosmed/processed/images/study_0275_slice_021.npy,data/dataset2_mosmed/processed/images/study_0275_slice_022.npy,data/dataset2_mosmed/processed/images/study_0275_slice_023.npy,data/dataset2_mosmed/processed/infection_masks/study_0275_slice_022.npy,data/dataset2_mosmed/processed/lung_masks/study_0275_slice_022.npy,data/dataset2_mosmed/scribbles/study_0275_slice_022.npy,53,34963,11,224
study_0275,23,data/dataset2_mosmed/processed/images/study_0275_slice_022.npy,data/dataset2_mosmed/processed/images/study_0275_slice_023.npy,data/dataset2_mosmed/processed/images/study_0275_slice_024.npy,data/dataset2_mosmed/processed/infection_masks/study_0275_slice_023.npy,data/dataset2_mosmed/processed/lung_masks/study_0275_slice_023.npy,data/dataset2_mosmed/scribbles/study_0275_slice_023.npy,175,34648,44,223
study_0275,24,data/dataset2_mosmed/processed/images/study_0275_slice_023.npy,data/dataset2_mosmed/processed/images/study_0275_slice_024.npy,data/dataset2_mosmed/processed/images/study_0275_slice_025.npy,data/dataset2_mosmed/processed/infection_masks/study_0275_slice_024.npy,data/dataset2_mosmed/processed/lung_masks/study_0275_slice_024.npy,data/dataset2_mosmed/scribbles/study_0275_slice_024.npy,303,34238,98,221
study_0275,25,data/dataset2_mosmed/processed/images/study_0275_slice_024.npy,data/dataset2_mosmed/processed/images/study_0275_slice_025.npy,data/dataset2_mosmed/processed/images/study_0275_slice_026.npy,data/dataset2_mosmed/processed/infection_masks/study_0275_slice_025.npy,data/dataset2_mosmed/processed/lung_masks/study_0275_slice_025.npy,data/dataset2_mosmed/scribbles/study_0275_slice_025.npy,92,33570,47,221
study_0275,26,data/dataset2_mosmed/processed/images/study_0275_slice_025.npy,data/dataset2_mosmed/processed/images/study_0275_slice_026.npy,data/dataset2_mosmed/processed/images/study_0275_slice_027.npy,data/dataset2_mosmed/processed/infection_masks/study_0275_slice_026.npy,data/dataset2_mosmed/processed/lung_masks/study_0275_slice_026.npy,data/dataset2_mosmed/scribbles/study_0275_slice_026.npy,172,32885,79,221
study_0275,27,data/dataset2_mosmed/processed/images/study_0275_slice_026.npy,data/dataset2_mosmed/processed/images/study_0275_slice_027.npy,data/dataset2_mosmed/processed/images/study_0275_slice_028.npy,data/dataset2_mosmed/processed/infection_masks/study_0275_slice_027.npy,data/dataset2_mosmed/processed/lung_masks/study_0275_slice_027.npy,data/dataset2_mosmed/scribbles/study_0275_slice_027.npy,290,32336,74,221
study_0275,28,data/dataset2_mosmed/processed/images/study_0275_slice_027.npy,data/dataset2_mosmed/processed/images/study_0275_slice_028.npy,data/dataset2_mosmed/processed/images/study_0275_slice_029.npy,data/dataset2_mosmed/processed/infection_masks/study_0275_slice_028.npy,data/dataset2_mosmed/processed/lung_masks/study_0275_slice_028.npy,data/dataset2_mosmed/scribbles/study_0275_slice_028.npy,216,31853,38,224
study_0275,29,data/dataset2_mosmed/processed/images/study_0275_slice_028.npy,data/dataset2_mosmed/processed/images/study_0275_slice_029.npy,data/dataset2_mosmed/processed/images/study_0275_slice_030.npy,data/dataset2_mosmed/processed/infection_masks/study_0275_slice_029.npy,data/dataset2_mosmed/processed/lung_masks/study_0275_slice_029.npy,data/dataset2_mosmed/scribbles/study_0275_slice_029.npy,175,31364,52,223
study_0275,30,data/dataset2_mosmed/processed/images/study_0275_slice_029.npy,data/dataset2_mosmed/processed/images/study_0275_slice_030.npy,data/dataset2_mosmed/processed/images/study_0275_slice_031.npy,data/dataset2_mosmed/processed/infection_masks/study_0275_slice_030.npy,data/dataset2_mosmed/processed/lung_masks/study_0275_slice_030.npy,data/dataset2_mosmed/scribbles/study_0275_slice_030.npy,0,30751,0,0
study_0275,31,data/dataset2_mosmed/processed/images/study_0275_slice_030.npy,data/dataset2_mosmed/processed/images/study_0275_slice_031.npy,data/dataset2_mosmed/processed/images/study_0275_slice_032.npy,data/dataset2_mosmed/processed/infection_masks/study_0275_slice_031.npy,data/dataset2_mosmed/processed/lung_masks/study_0275_slice_031.npy,data/dataset2_mosmed/scribbles/study_0275_slice_031.npy,6,28753,6,225
study_0275,32,data/dataset2_mosmed/processed/images/study_0275_slice_031.npy,data/dataset2_mosmed/processed/images/study_0275_slice_032.npy,data/dataset2_mosmed/processed/images/study_0275_slice_033.npy,data/dataset2_mosmed/processed/infection_masks/study_0275_slice_032.npy,data/dataset2_mosmed/processed/lung_masks/study_0275_slice_032.npy,data/dataset2_mosmed/scribbles/study_0275_slice_032.npy,0,28008,0,0
study_0275,33,data/dataset2_mosmed/processed/images/study_0275_slice_032.npy,data/dataset2_mosmed/processed/images/study_0275_slice_033.npy,data/dataset2_mosmed/processed/images/study_0275_slice_034.npy,data/dataset2_mosmed/processed/infection_masks/study_0275_slice_033.npy,data/dataset2_mosmed/processed/lung_masks/study_0275_slice_033.npy,data/dataset2_mosmed/scribbles/study_0275_slice_033.npy,0,26716,0,0
study_0275,34,data/dataset2_mosmed/processed/images/study_0275_slice_033.npy,data/dataset2_mosmed/processed/images/study_0275_slice_034.npy,data/dataset2_mosmed/processed/images/study_0275_slice_035.npy,data/dataset2_mosmed/processed/infection_masks/study_0275_slice_034.npy,data/dataset2_mosmed/processed/lung_masks/study_0275_slice_034.npy,data/dataset2_mosmed/scribbles/study_0275_slice_034.npy,16,27080,12,224
study_0275,35,data/dataset2_mosmed/processed/images/study_0275_slice_034.npy,data/dataset2_mosmed/processed/images/study_0275_slice_035.npy,data/dataset2_mosmed/processed/images/study_0275_slice_036.npy,data/dataset2_mosmed/processed/infection_masks/study_0275_slice_035.npy,data/dataset2_mosmed/processed/lung_masks/study_0275_slice_035.npy,data/dataset2_mosmed/scribbles/study_0275_slice_035.npy,50,27555,17,224
study_0275,36,data/dataset2_mosmed/processed/images/study_0275_slice_035.npy,data/dataset2_mosmed/processed/images/study_0275_slice_036.npy,data/dataset2_mosmed/processed/images/study_0275_slice_037.npy,data/dataset2_mosmed/processed/infection_masks/study_0275_slice_036.npy,data/dataset2_mosmed/processed/lung_masks/study_0275_slice_036.npy,data/dataset2_mosmed/scribbles/study_0275_slice_036.npy,0,28069,0,0
study_0275,37,data/dataset2_mosmed/processed/images/study_0275_slice_036.npy,data/dataset2_mosmed/processed/images/study_0275_slice_037.npy,data/dataset2_mosmed/processed/images/study_0275_slice_038.npy,data/dataset2_mosmed/processed/infection_masks/study_0275_slice_037.npy,data/dataset2_mosmed/processed/lung_masks/study_0275_slice_037.npy,data/dataset2_mosmed/scribbles/study_0275_slice_037.npy,38,28572,10,224
study_0275,38,data/dataset2_mosmed/processed/images/study_0275_slice_037.npy,data/dataset2_mosmed/processed/images/study_0275_slice_038.npy,data/dataset2_mosmed/processed/images/study_0275_slice_039.npy,data/dataset2_mosmed/processed/infection_masks/study_0275_slice_038.npy,data/dataset2_mosmed/processed/lung_masks/study_0275_slice_038.npy,data/dataset2_mosmed/scribbles/study_0275_slice_038.npy,29,29213,8,225
study_0275,39,data/dataset2_mosmed/processed/images/study_0275_slice_038.npy,data/dataset2_mosmed/processed/images/study_0275_slice_039.npy,data/dataset2_mosmed/processed/images/study_0275_slice_040.npy,data/dataset2_mosmed/processed/infection_masks/study_0275_slice_039.npy,data/dataset2_mosmed/processed/lung_masks/study_0275_slice_039.npy,data/dataset2_mosmed/scribbles/study_0275_slice_039.npy,0,29844,0,0
study_0275,40,data/dataset2_mosmed/processed/images/study_0275_slice_039.npy,data/dataset2_mosmed/processed/images/study_0275_slice_040.npy,data/dataset2_mosmed/processed/images/study_0275_slice_040.npy,data/dataset2_mosmed/processed/infection_masks/study_0275_slice_040.npy,data/dataset2_mosmed/processed/lung_masks/study_0275_slice_040.npy,data/dataset2_mosmed/scribbles/study_0275_slice_040.npy,0,30431,0,0
study_0276,12,data/dataset2_mosmed/processed/images/study_0276_slice_012.npy,data/dataset2_mosmed/processed/images/study_0276_slice_012.npy,data/dataset2_mosmed/processed/images/study_0276_slice_013.npy,data/dataset2_mosmed/processed/infection_masks/study_0276_slice_012.npy,data/dataset2_mosmed/processed/lung_masks/study_0276_slice_012.npy,data/dataset2_mosmed/scribbles/study_0276_slice_012.npy,0,62500,0,0
study_0276,13,data/dataset2_mosmed/processed/images/study_0276_slice_012.npy,data/dataset2_mosmed/processed/images/study_0276_slice_013.npy,data/dataset2_mosmed/processed/images/study_0276_slice_014.npy,data/dataset2_mosmed/processed/infection_masks/study_0276_slice_013.npy,data/dataset2_mosmed/processed/lung_masks/study_0276_slice_013.npy,data/dataset2_mosmed/scribbles/study_0276_slice_013.npy,0,62500,0,0
study_0276,14,data/dataset2_mosmed/processed/images/study_0276_slice_013.npy,data/dataset2_mosmed/processed/images/study_0276_slice_014.npy,data/dataset2_mosmed/processed/images/study_0276_slice_015.npy,data/dataset2_mosmed/processed/infection_masks/study_0276_slice_014.npy,data/dataset2_mosmed/processed/lung_masks/study_0276_slice_014.npy,data/dataset2_mosmed/scribbles/study_0276_slice_014.npy,134,62500,50,223
study_0276,15,data/dataset2_mosmed/processed/images/study_0276_slice_014.npy,data/dataset2_mosmed/processed/images/study_0276_slice_015.npy,data/dataset2_mosmed/processed/images/study_0276_slice_016.npy,data/dataset2_mosmed/processed/infection_masks/study_0276_slice_015.npy,data/dataset2_mosmed/processed/lung_masks/study_0276_slice_015.npy,data/dataset2_mosmed/scribbles/study_0276_slice_015.npy,163,40090,35,223
study_0276,16,data/dataset2_mosmed/processed/images/study_0276_slice_015.npy,data/dataset2_mosmed/processed/images/study_0276_slice_016.npy,data/dataset2_mosmed/processed/images/study_0276_slice_017.npy,data/dataset2_mosmed/processed/infection_masks/study_0276_slice_016.npy,data/dataset2_mosmed/processed/lung_masks/study_0276_slice_016.npy,data/dataset2_mosmed/scribbles/study_0276_slice_016.npy,375,39812,59,220
study_0276,17,data/dataset2_mosmed/processed/images/study_0276_slice_016.npy,data/dataset2_mosmed/processed/images/study_0276_slice_017.npy,data/dataset2_mosmed/processed/images/study_0276_slice_018.npy,data/dataset2_mosmed/processed/infection_masks/study_0276_slice_017.npy,data/dataset2_mosmed/processed/lung_masks/study_0276_slice_017.npy,data/dataset2_mosmed/scribbles/study_0276_slice_017.npy,561,39627,162,219
study_0276,18,data/dataset2_mosmed/processed/images/study_0276_slice_017.npy,data/dataset2_mosmed/processed/images/study_0276_slice_018.npy,data/dataset2_mosmed/processed/images/study_0276_slice_019.npy,data/dataset2_mosmed/processed/infection_masks/study_0276_slice_018.npy,data/dataset2_mosmed/processed/lung_masks/study_0276_slice_018.npy,data/dataset2_mosmed/scribbles/study_0276_slice_018.npy,645,46442,189,218
study_0276,19,data/dataset2_mosmed/processed/images/study_0276_slice_018.npy,data/dataset2_mosmed/processed/images/study_0276_slice_019.npy,data/dataset2_mosmed/processed/images/study_0276_slice_020.npy,data/dataset2_mosmed/processed/infection_masks/study_0276_slice_019.npy,data/dataset2_mosmed/processed/lung_masks/study_0276_slice_019.npy,data/dataset2_mosmed/scribbles/study_0276_slice_019.npy,593,46441,39,221
study_0276,20,data/dataset2_mosmed/processed/images/study_0276_slice_019.npy,data/dataset2_mosmed/processed/images/study_0276_slice_020.npy,data/dataset2_mosmed/processed/images/study_0276_slice_021.npy,data/dataset2_mosmed/processed/infection_masks/study_0276_slice_020.npy,data/dataset2_mosmed/processed/lung_masks/study_0276_slice_020.npy,data/dataset2_mosmed/scribbles/study_0276_slice_020.npy,613,46110,100,221
study_0276,21,data/dataset2_mosmed/processed/images/study_0276_slice_020.npy,data/dataset2_mosmed/processed/images/study_0276_slice_021.npy,data/dataset2_mosmed/processed/images/study_0276_slice_022.npy,data/dataset2_mosmed/processed/infection_masks/study_0276_slice_021.npy,data/dataset2_mosmed/processed/lung_masks/study_0276_slice_021.npy,data/dataset2_mosmed/scribbles/study_0276_slice_021.npy,612,31325,88,220
study_0276,22,data/dataset2_mosmed/processed/images/study_0276_slice_021.npy,data/dataset2_mosmed/processed/images/study_0276_slice_022.npy,data/dataset2_mosmed/processed/images/study_0276_slice_023.npy,data/dataset2_mosmed/processed/infection_masks/study_0276_slice_022.npy,data/dataset2_mosmed/processed/lung_masks/study_0276_slice_022.npy,data/dataset2_mosmed/scribbles/study_0276_slice_022.npy,464,31274,61,221
study_0276,23,data/dataset2_mosmed/processed/images/study_0276_slice_022.npy,data/dataset2_mosmed/processed/images/study_0276_slice_023.npy,data/dataset2_mosmed/processed/images/study_0276_slice_024.npy,data/dataset2_mosmed/processed/infection_masks/study_0276_slice_023.npy,data/dataset2_mosmed/processed/lung_masks/study_0276_slice_023.npy,data/dataset2_mosmed/scribbles/study_0276_slice_023.npy,442,31124,141,221
study_0276,24,data/dataset2_mosmed/processed/images/study_0276_slice_023.npy,data/dataset2_mosmed/processed/images/study_0276_slice_024.npy,data/dataset2_mosmed/processed/images/study_0276_slice_025.npy,data/dataset2_mosmed/processed/infection_masks/study_0276_slice_024.npy,data/dataset2_mosmed/processed/lung_masks/study_0276_slice_024.npy,data/dataset2_mosmed/scribbles/study_0276_slice_024.npy,325,31121,106,218
study_0276,25,data/dataset2_mosmed/processed/images/study_0276_slice_024.npy,data/dataset2_mosmed/processed/images/study_0276_slice_025.npy,data/dataset2_mosmed/processed/images/study_0276_slice_026.npy,data/dataset2_mosmed/processed/infection_masks/study_0276_slice_025.npy,data/dataset2_mosmed/processed/lung_masks/study_0276_slice_025.npy,data/dataset2_mosmed/scribbles/study_0276_slice_025.npy,153,30791,53,223
study_0276,26,data/dataset2_mosmed/processed/images/study_0276_slice_025.npy,data/dataset2_mosmed/processed/images/study_0276_slice_026.npy,data/dataset2_mosmed/processed/images/study_0276_slice_027.npy,data/dataset2_mosmed/processed/infection_masks/study_0276_slice_026.npy,data/dataset2_mosmed/processed/lung_masks/study_0276_slice_026.npy,data/dataset2_mosmed/scribbles/study_0276_slice_026.npy,195,32459,58,222
study_0276,27,data/dataset2_mosmed/processed/images/study_0276_slice_026.npy,data/dataset2_mosmed/processed/images/study_0276_slice_027.npy,data/dataset2_mosmed/processed/images/study_0276_slice_028.npy,data/dataset2_mosmed/processed/infection_masks/study_0276_slice_027.npy,data/dataset2_mosmed/processed/lung_masks/study_0276_slice_027.npy,data/dataset2_mosmed/scribbles/study_0276_slice_027.npy,296,30597,81,222
study_0276,28,data/dataset2_mosmed/processed/images/study_0276_slice_027.npy,data/dataset2_mosmed/processed/images/study_0276_slice_028.npy,data/dataset2_mosmed/processed/images/study_0276_slice_029.npy,data/dataset2_mosmed/processed/infection_masks/study_0276_slice_028.npy,data/dataset2_mosmed/processed/lung_masks/study_0276_slice_028.npy,data/dataset2_mosmed/scribbles/study_0276_slice_028.npy,332,30533,83,222
study_0276,29,data/dataset2_mosmed/processed/images/study_0276_slice_028.npy,data/dataset2_mosmed/processed/images/study_0276_slice_029.npy,data/dataset2_mosmed/processed/images/study_0276_slice_030.npy,data/dataset2_mosmed/processed/infection_masks/study_0276_slice_029.npy,data/dataset2_mosmed/processed/lung_masks/study_0276_slice_029.npy,data/dataset2_mosmed/scribbles/study_0276_slice_029.npy,186,30359,64,223
study_0276,30,data/dataset2_mosmed/processed/images/study_0276_slice_029.npy,data/dataset2_mosmed/processed/images/study_0276_slice_030.npy,data/dataset2_mosmed/processed/images/study_0276_slice_031.npy,data/dataset2_mosmed/processed/infection_masks/study_0276_slice_030.npy,data/dataset2_mosmed/processed/lung_masks/study_0276_slice_030.npy,data/dataset2_mosmed/scribbles/study_0276_slice_030.npy,73,30616,25,223
study_0276,31,data/dataset2_mosmed/processed/images/study_0276_slice_030.npy,data/dataset2_mosmed/processed/images/study_0276_slice_031.npy,data/dataset2_mosmed/processed/images/study_0276_slice_032.npy,data/dataset2_mosmed/processed/infection_masks/study_0276_slice_031.npy,data/dataset2_mosmed/processed/lung_masks/study_0276_slice_031.npy,data/dataset2_mosmed/scribbles/study_0276_slice_031.npy,157,31177,57,221
study_0276,32,data/dataset2_mosmed/processed/images/study_0276_slice_031.npy,data/dataset2_mosmed/processed/images/study_0276_slice_032.npy,data/dataset2_mosmed/processed/images/study_0276_slice_033.npy,data/dataset2_mosmed/processed/infection_masks/study_0276_slice_032.npy,data/dataset2_mosmed/processed/lung_masks/study_0276_slice_032.npy,data/dataset2_mosmed/scribbles/study_0276_slice_032.npy,419,31828,72,220
study_0276,33,data/dataset2_mosmed/processed/images/study_0276_slice_032.npy,data/dataset2_mosmed/processed/images/study_0276_slice_033.npy,data/dataset2_mosmed/processed/images/study_0276_slice_034.npy,data/dataset2_mosmed/processed/infection_masks/study_0276_slice_033.npy,data/dataset2_mosmed/processed/lung_masks/study_0276_slice_033.npy,data/dataset2_mosmed/scribbles/study_0276_slice_033.npy,600,32663,127,220
study_0276,34,data/dataset2_mosmed/processed/images/study_0276_slice_033.npy,data/dataset2_mosmed/processed/images/study_0276_slice_034.npy,data/dataset2_mosmed/processed/images/study_0276_slice_035.npy,data/dataset2_mosmed/processed/infection_masks/study_0276_slice_034.npy,data/dataset2_mosmed/processed/lung_masks/study_0276_slice_034.npy,data/dataset2_mosmed/scribbles/study_0276_slice_034.npy,588,33531,137,219
study_0276,35,data/dataset2_mosmed/processed/images/study_0276_slice_034.npy,data/dataset2_mosmed/processed/images/study_0276_slice_035.npy,data/dataset2_mosmed/processed/images/study_0276_slice_036.npy,data/dataset2_mosmed/processed/infection_masks/study_0276_slice_035.npy,data/dataset2_mosmed/processed/lung_masks/study_0276_slice_035.npy,data/dataset2_mosmed/scribbles/study_0276_slice_035.npy,307,34398,79,222
study_0276,36,data/dataset2_mosmed/processed/images/study_0276_slice_035.npy,data/dataset2_mosmed/processed/images/study_0276_slice_036.npy,data/dataset2_mosmed/processed/images/study_0276_slice_037.npy,data/dataset2_mosmed/processed/infection_masks/study_0276_slice_036.npy,data/dataset2_mosmed/processed/lung_masks/study_0276_slice_036.npy,data/dataset2_mosmed/scribbles/study_0276_slice_036.npy,226,35367,59,223
study_0276,37,data/dataset2_mosmed/processed/images/study_0276_slice_036.npy,data/dataset2_mosmed/processed/images/study_0276_slice_037.npy,data/dataset2_mosmed/processed/images/study_0276_slice_038.npy,data/dataset2_mosmed/processed/infection_masks/study_0276_slice_037.npy,data/dataset2_mosmed/processed/lung_masks/study_0276_slice_037.npy,data/dataset2_mosmed/scribbles/study_0276_slice_037.npy,109,36394,23,223
study_0276,38,data/dataset2_mosmed/processed/images/study_0276_slice_037.npy,data/dataset2_mosmed/processed/images/study_0276_slice_038.npy,data/dataset2_mosmed/processed/images/study_0276_slice_039.npy,data/dataset2_mosmed/processed/infection_masks/study_0276_slice_038.npy,data/dataset2_mosmed/processed/lung_masks/study_0276_slice_038.npy,data/dataset2_mosmed/scribbles/study_0276_slice_038.npy,0,37501,0,0
study_0276,39,data/dataset2_mosmed/processed/images/study_0276_slice_038.npy,data/dataset2_mosmed/processed/images/study_0276_slice_039.npy,data/dataset2_mosmed/processed/images/study_0276_slice_039.npy,data/dataset2_mosmed/processed/infection_masks/study_0276_slice_039.npy,data/dataset2_mosmed/processed/lung_masks/study_0276_slice_039.npy,data/dataset2_mosmed/scribbles/study_0276_slice_039.npy,0,38650,0,0
study_0277,5,data/dataset2_mosmed/processed/images/study_0277_slice_005.npy,data/dataset2_mosmed/processed/images/study_0277_slice_005.npy,data/dataset2_mosmed/processed/images/study_0277_slice_006.npy,data/dataset2_mosmed/processed/infection_masks/study_0277_slice_005.npy,data/dataset2_mosmed/processed/lung_masks/study_0277_slice_005.npy,data/dataset2_mosmed/scribbles/study_0277_slice_005.npy,0,17843,0,0
study_0277,6,data/dataset2_mosmed/processed/images/study_0277_slice_005.npy,data/dataset2_mosmed/processed/images/study_0277_slice_006.npy,data/dataset2_mosmed/processed/images/study_0277_slice_007.npy,data/dataset2_mosmed/processed/infection_masks/study_0277_slice_006.npy,data/dataset2_mosmed/processed/lung_masks/study_0277_slice_006.npy,data/dataset2_mosmed/scribbles/study_0277_slice_006.npy,0,17199,0,0
study_0277,7,data/dataset2_mosmed/processed/images/study_0277_slice_006.npy,data/dataset2_mosmed/processed/images/study_0277_slice_007.npy,data/dataset2_mosmed/processed/images/study_0277_slice_008.npy,data/dataset2_mosmed/processed/infection_masks/study_0277_slice_007.npy,data/dataset2_mosmed/processed/lung_masks/study_0277_slice_007.npy,data/dataset2_mosmed/scribbles/study_0277_slice_007.npy,181,16594,54,224
study_0277,8,data/dataset2_mosmed/processed/images/study_0277_slice_007.npy,data/dataset2_mosmed/processed/images/study_0277_slice_008.npy,data/dataset2_mosmed/processed/images/study_0277_slice_009.npy,data/dataset2_mosmed/processed/infection_masks/study_0277_slice_008.npy,data/dataset2_mosmed/processed/lung_masks/study_0277_slice_008.npy,data/dataset2_mosmed/scribbles/study_0277_slice_008.npy,603,19912,227,218
study_0277,9,data/dataset2_mosmed/processed/images/study_0277_slice_008.npy,data/dataset2_mosmed/processed/images/study_0277_slice_009.npy,data/dataset2_mosmed/processed/images/study_0277_slice_010.npy,data/dataset2_mosmed/processed/infection_masks/study_0277_slice_009.npy,data/dataset2_mosmed/processed/lung_masks/study_0277_slice_009.npy,data/dataset2_mosmed/scribbles/study_0277_slice_009.npy,772,20233,269,217
study_0277,10,data/dataset2_mosmed/processed/images/study_0277_slice_009.npy,data/dataset2_mosmed/processed/images/study_0277_slice_010.npy,data/dataset2_mosmed/processed/images/study_0277_slice_011.npy,data/dataset2_mosmed/processed/infection_masks/study_0277_slice_010.npy,data/dataset2_mosmed/processed/lung_masks/study_0277_slice_010.npy,data/dataset2_mosmed/scribbles/study_0277_slice_010.npy,111,20440,39,223
study_0277,11,data/dataset2_mosmed/processed/images/study_0277_slice_010.npy,data/dataset2_mosmed/processed/images/study_0277_slice_011.npy,data/dataset2_mosmed/processed/images/study_0277_slice_012.npy,data/dataset2_mosmed/processed/infection_masks/study_0277_slice_011.npy,data/dataset2_mosmed/processed/lung_masks/study_0277_slice_011.npy,data/dataset2_mosmed/scribbles/study_0277_slice_011.npy,872,20427,267,214
study_0277,12,data/dataset2_mosmed/processed/images/study_0277_slice_011.npy,data/dataset2_mosmed/processed/images/study_0277_slice_012.npy,data/dataset2_mosmed/processed/images/study_0277_slice_013.npy,data/dataset2_mosmed/processed/infection_masks/study_0277_slice_012.npy,data/dataset2_mosmed/processed/lung_masks/study_0277_slice_012.npy,data/dataset2_mosmed/scribbles/study_0277_slice_012.npy,624,28062,242,213
study_0277,13,data/dataset2_mosmed/processed/images/study_0277_slice_012.npy,data/dataset2_mosmed/processed/images/study_0277_slice_013.npy,data/dataset2_mosmed/processed/images/study_0277_slice_014.npy,data/dataset2_mosmed/processed/infection_masks/study_0277_slice_013.npy,data/dataset2_mosmed/processed/lung_masks/study_0277_slice_013.npy,data/dataset2_mosmed/scribbles/study_0277_slice_013.npy,1008,28354,265,216
study_0277,14,data/dataset2_mosmed/processed/images/study_0277_slice_013.npy,data/dataset2_mosmed/processed/images/study_0277_slice_014.npy,data/dataset2_mosmed/processed/images/study_0277_slice_015.npy,data/dataset2_mosmed/processed/infection_masks/study_0277_slice_014.npy,data/dataset2_mosmed/processed/lung_masks/study_0277_slice_014.npy,data/dataset2_mosmed/scribbles/study_0277_slice_014.npy,659,28495,189,218
study_0277,15,data/dataset2_mosmed/processed/images/study_0277_slice_014.npy,data/dataset2_mosmed/processed/images/study_0277_slice_015.npy,data/dataset2_mosmed/processed/images/study_0277_slice_016.npy,data/dataset2_mosmed/processed/infection_masks/study_0277_slice_015.npy,data/dataset2_mosmed/processed/lung_masks/study_0277_slice_015.npy,data/dataset2_mosmed/scribbles/study_0277_slice_015.npy,877,28359,232,216
study_0277,16,data/dataset2_mosmed/processed/images/study_0277_slice_015.npy,data/dataset2_mosmed/processed/images/study_0277_slice_016.npy,data/dataset2_mosmed/processed/images/study_0277_slice_017.npy,data/dataset2_mosmed/processed/infection_masks/study_0277_slice_016.npy,data/dataset2_mosmed/processed/lung_masks/study_0277_slice_016.npy,data/dataset2_mosmed/scribbles/study_0277_slice_016.npy,567,28266,146,219
study_0277,17,data/dataset2_mosmed/processed/images/study_0277_slice_016.npy,data/dataset2_mosmed/processed/images/study_0277_slice_017.npy,data/dataset2_mosmed/processed/images/study_0277_slice_018.npy,data/dataset2_mosmed/processed/infection_masks/study_0277_slice_017.npy,data/dataset2_mosmed/processed/lung_masks/study_0277_slice_017.npy,data/dataset2_mosmed/scribbles/study_0277_slice_017.npy,357,27882,77,222
study_0277,18,data/dataset2_mosmed/processed/images/study_0277_slice_017.npy,data/dataset2_mosmed/processed/images/study_0277_slice_018.npy,data/dataset2_mosmed/processed/images/study_0277_slice_019.npy,data/dataset2_mosmed/processed/infection_masks/study_0277_slice_018.npy,data/dataset2_mosmed/processed/lung_masks/study_0277_slice_018.npy,data/dataset2_mosmed/scribbles/study_0277_slice_018.npy,366,26999,95,219
study_0277,19,data/dataset2_mosmed/processed/images/study_0277_slice_018.npy,data/dataset2_mosmed/processed/images/study_0277_slice_019.npy,data/dataset2_mosmed/processed/images/study_0277_slice_020.npy,data/dataset2_mosmed/processed/infection_masks/study_0277_slice_019.npy,data/dataset2_mosmed/processed/lung_masks/study_0277_slice_019.npy,data/dataset2_mosmed/scribbles/study_0277_slice_019.npy,690,26300,165,213
study_0277,20,data/dataset2_mosmed/processed/images/study_0277_slice_019.npy,data/dataset2_mosmed/processed/images/study_0277_slice_020.npy,data/dataset2_mosmed/processed/images/study_0277_slice_021.npy,data/dataset2_mosmed/processed/infection_masks/study_0277_slice_020.npy,data/dataset2_mosmed/processed/lung_masks/study_0277_slice_020.npy,data/dataset2_mosmed/scribbles/study_0277_slice_020.npy,501,25235,102,221
study_0277,21,data/dataset2_mosmed/processed/images/study_0277_slice_020.npy,data/dataset2_mosmed/processed/images/study_0277_slice_021.npy,data/dataset2_mosmed/processed/images/study_0277_slice_022.npy,data/dataset2_mosmed/processed/infection_masks/study_0277_slice_021.npy,data/dataset2_mosmed/processed/lung_masks/study_0277_slice_021.npy,data/dataset2_mosmed/scribbles/study_0277_slice_021.npy,212,24688,30,224
study_0277,22,data/dataset2_mosmed/processed/images/study_0277_slice_021.npy,data/dataset2_mosmed/processed/images/study_0277_slice_022.npy,data/dataset2_mosmed/processed/images/study_0277_slice_023.npy,data/dataset2_mosmed/processed/infection_masks/study_0277_slice_022.npy,data/dataset2_mosmed/processed/lung_masks/study_0277_slice_022.npy,data/dataset2_mosmed/scribbles/study_0277_slice_022.npy,146,20879,48,222
study_0277,23,data/dataset2_mosmed/processed/images/study_0277_slice_022.npy,data/dataset2_mosmed/processed/images/study_0277_slice_023.npy,data/dataset2_mosmed/processed/images/study_0277_slice_024.npy,data/dataset2_mosmed/processed/infection_masks/study_0277_slice_023.npy,data/dataset2_mosmed/processed/lung_masks/study_0277_slice_023.npy,data/dataset2_mosmed/scribbles/study_0277_slice_023.npy,272,23280,49,221
study_0277,24,data/dataset2_mosmed/processed/images/study_0277_slice_023.npy,data/dataset2_mosmed/processed/images/study_0277_slice_024.npy,data/dataset2_mosmed/processed/images/study_0277_slice_025.npy,data/dataset2_mosmed/processed/infection_masks/study_0277_slice_024.npy,data/dataset2_mosmed/processed/lung_masks/study_0277_slice_024.npy,data/dataset2_mosmed/scribbles/study_0277_slice_024.npy,118,23028,20,224
study_0277,25,data/dataset2_mosmed/processed/images/study_0277_slice_024.npy,data/dataset2_mosmed/processed/images/study_0277_slice_025.npy,data/dataset2_mosmed/processed/images/study_0277_slice_026.npy,data/dataset2_mosmed/processed/infection_masks/study_0277_slice_025.npy,data/dataset2_mosmed/processed/lung_masks/study_0277_slice_025.npy,data/dataset2_mosmed/scribbles/study_0277_slice_025.npy,335,24356,62,222
study_0277,26,data/dataset2_mosmed/processed/images/study_0277_slice_025.npy,data/dataset2_mosmed/processed/images/study_0277_slice_026.npy,data/dataset2_mosmed/processed/images/study_0277_slice_027.npy,data/dataset2_mosmed/processed/infection_masks/study_0277_slice_026.npy,data/dataset2_mosmed/processed/lung_masks/study_0277_slice_026.npy,data/dataset2_mosmed/scribbles/study_0277_slice_026.npy,365,25681,78,221
study_0277,27,data/dataset2_mosmed/processed/images/study_0277_slice_026.npy,data/dataset2_mosmed/processed/images/study_0277_slice_027.npy,data/dataset2_mosmed/processed/images/study_0277_slice_028.npy,data/dataset2_mosmed/processed/infection_masks/study_0277_slice_027.npy,data/dataset2_mosmed/processed/lung_masks/study_0277_slice_027.npy,data/dataset2_mosmed/scribbles/study_0277_slice_027.npy,0,26935,0,0
study_0277,28,data/dataset2_mosmed/processed/images/study_0277_slice_027.npy,data/dataset2_mosmed/processed/images/study_0277_slice_028.npy,data/dataset2_mosmed/processed/images/study_0277_slice_028.npy,data/dataset2_mosmed/processed/infection_masks/study_0277_slice_028.npy,data/dataset2_mosmed/processed/lung_masks/study_0277_slice_028.npy,data/dataset2_mosmed/scribbles/study_0277_slice_028.npy,0,28238,0,0
study_0278,17,data/dataset2_mosmed/processed/images/study_0278_slice_017.npy,data/dataset2_mosmed/processed/images/study_0278_slice_017.npy,data/dataset2_mosmed/processed/images/study_0278_slice_018.npy,data/dataset2_mosmed/processed/infection_masks/study_0278_slice_017.npy,data/dataset2_mosmed/processed/lung_masks/study_0278_slice_017.npy,data/dataset2_mosmed/scribbles/study_0278_slice_017.npy,0,62500,0,0
study_0278,18,data/dataset2_mosmed/processed/images/study_0278_slice_017.npy,data/dataset2_mosmed/processed/images/study_0278_slice_018.npy,data/dataset2_mosmed/processed/images/study_0278_slice_019.npy,data/dataset2_mosmed/processed/infection_masks/study_0278_slice_018.npy,data/dataset2_mosmed/processed/lung_masks/study_0278_slice_018.npy,data/dataset2_mosmed/scribbles/study_0278_slice_018.npy,0,62454,0,0
study_0278,19,data/dataset2_mosmed/processed/images/study_0278_slice_018.npy,data/dataset2_mosmed/processed/images/study_0278_slice_019.npy,data/dataset2_mosmed/processed/images/study_0278_slice_020.npy,data/dataset2_mosmed/processed/infection_masks/study_0278_slice_019.npy,data/dataset2_mosmed/processed/lung_masks/study_0278_slice_019.npy,data/dataset2_mosmed/scribbles/study_0278_slice_019.npy,31,62452,4,224
study_0278,20,data/dataset2_mosmed/processed/images/study_0278_slice_019.npy,data/dataset2_mosmed/processed/images/study_0278_slice_020.npy,data/dataset2_mosmed/processed/images/study_0278_slice_021.npy,data/dataset2_mosmed/processed/infection_masks/study_0278_slice_020.npy,data/dataset2_mosmed/processed/lung_masks/study_0278_slice_020.npy,data/dataset2_mosmed/scribbles/study_0278_slice_020.npy,91,62452,16,224
study_0278,21,data/dataset2_mosmed/processed/images/study_0278_slice_020.npy,data/dataset2_mosmed/processed/images/study_0278_slice_021.npy,data/dataset2_mosmed/processed/images/study_0278_slice_022.npy,data/dataset2_mosmed/processed/infection_masks/study_0278_slice_021.npy,data/dataset2_mosmed/processed/lung_masks/study_0278_slice_021.npy,data/dataset2_mosmed/scribbles/study_0278_slice_021.npy,122,62452,30,222
study_0278,22,data/dataset2_mosmed/processed/images/study_0278_slice_021.npy,data/dataset2_mosmed/processed/images/study_0278_slice_022.npy,data/dataset2_mosmed/processed/images/study_0278_slice_023.npy,data/dataset2_mosmed/processed/infection_masks/study_0278_slice_022.npy,data/dataset2_mosmed/processed/lung_masks/study_0278_slice_022.npy,data/dataset2_mosmed/scribbles/study_0278_slice_022.npy,157,62452,33,223
study_0278,23,data/dataset2_mosmed/processed/images/study_0278_slice_022.npy,data/dataset2_mosmed/processed/images/study_0278_slice_023.npy,data/dataset2_mosmed/processed/images/study_0278_slice_024.npy,data/dataset2_mosmed/processed/infection_masks/study_0278_slice_023.npy,data/dataset2_mosmed/processed/lung_masks/study_0278_slice_023.npy,data/dataset2_mosmed/scribbles/study_0278_slice_023.npy,259,62452,62,223
study_0278,24,data/dataset2_mosmed/processed/images/study_0278_slice_023.npy,data/dataset2_mosmed/processed/images/study_0278_slice_024.npy,data/dataset2_mosmed/processed/images/study_0278_slice_025.npy,data/dataset2_mosmed/processed/infection_masks/study_0278_slice_024.npy,data/dataset2_mosmed/processed/lung_masks/study_0278_slice_024.npy,data/dataset2_mosmed/scribbles/study_0278_slice_024.npy,374,62465,55,222
study_0278,25,data/dataset2_mosmed/processed/images/study_0278_slice_024.npy,data/dataset2_mosmed/processed/images/study_0278_slice_025.npy,data/dataset2_mosmed/processed/images/study_0278_slice_026.npy,data/dataset2_mosmed/processed/infection_masks/study_0278_slice_025.npy,data/dataset2_mosmed/processed/lung_masks/study_0278_slice_025.npy,data/dataset2_mosmed/scribbles/study_0278_slice_025.npy,390,62457,86,223
study_0278,26,data/dataset2_mosmed/processed/images/study_0278_slice_025.npy,data/dataset2_mosmed/processed/images/study_0278_slice_026.npy,data/dataset2_mosmed/processed/images/study_0278_slice_027.npy,data/dataset2_mosmed/processed/infection_masks/study_0278_slice_026.npy,data/dataset2_mosmed/processed/lung_masks/study_0278_slice_026.npy,data/dataset2_mosmed/scribbles/study_0278_slice_026.npy,525,62500,78,221
study_0278,27,data/dataset2_mosmed/processed/images/study_0278_slice_026.npy,data/dataset2_mosmed/processed/images/study_0278_slice_027.npy,data/dataset2_mosmed/processed/images/study_0278_slice_028.npy,data/dataset2_mosmed/processed/infection_masks/study_0278_slice_027.npy,data/dataset2_mosmed/processed/lung_masks/study_0278_slice_027.npy,data/dataset2_mosmed/scribbles/study_0278_slice_027.npy,671,62500,156,221
study_0278,28,data/dataset2_mosmed/processed/images/study_0278_slice_027.npy,data/dataset2_mosmed/processed/images/study_0278_slice_028.npy,data/dataset2_mosmed/processed/images/study_0278_slice_029.npy,data/dataset2_mosmed/processed/infection_masks/study_0278_slice_028.npy,data/dataset2_mosmed/processed/lung_masks/study_0278_slice_028.npy,data/dataset2_mosmed/scribbles/study_0278_slice_028.npy,721,62500,95,221
study_0278,29,data/dataset2_mosmed/processed/images/study_0278_slice_028.npy,data/dataset2_mosmed/processed/images/study_0278_slice_029.npy,data/dataset2_mosmed/processed/images/study_0278_slice_030.npy,data/dataset2_mosmed/processed/infection_masks/study_0278_slice_029.npy,data/dataset2_mosmed/processed/lung_masks/study_0278_slice_029.npy,data/dataset2_mosmed/scribbles/study_0278_slice_029.npy,215,62500,94,222
study_0278,30,data/dataset2_mosmed/processed/images/study_0278_slice_029.npy,data/dataset2_mosmed/processed/images/study_0278_slice_030.npy,data/dataset2_mosmed/processed/images/study_0278_slice_031.npy,data/dataset2_mosmed/processed/infection_masks/study_0278_slice_030.npy,data/dataset2_mosmed/processed/lung_masks/study_0278_slice_030.npy,data/dataset2_mosmed/scribbles/study_0278_slice_030.npy,0,62500,0,0
study_0278,31,data/dataset2_mosmed/processed/images/study_0278_slice_030.npy,data/dataset2_mosmed/processed/images/study_0278_slice_031.npy,data/dataset2_mosmed/processed/images/study_0278_slice_031.npy,data/dataset2_mosmed/processed/infection_masks/study_0278_slice_031.npy,data/dataset2_mosmed/processed/lung_masks/study_0278_slice_031.npy,data/dataset2_mosmed/scribbles/study_0278_slice_031.npy,0,62500,0,0
study_0279,8,data/dataset2_mosmed/processed/images/study_0279_slice_008.npy,data/dataset2_mosmed/processed/images/study_0279_slice_008.npy,data/dataset2_mosmed/processed/images/study_0279_slice_009.npy,data/dataset2_mosmed/processed/infection_masks/study_0279_slice_008.npy,data/dataset2_mosmed/processed/lung_masks/study_0279_slice_008.npy,data/dataset2_mosmed/scribbles/study_0279_slice_008.npy,0,22979,0,0
study_0279,9,data/dataset2_mosmed/processed/images/study_0279_slice_008.npy,data/dataset2_mosmed/processed/images/study_0279_slice_009.npy,data/dataset2_mosmed/processed/images/study_0279_slice_010.npy,data/dataset2_mosmed/processed/infection_masks/study_0279_slice_009.npy,data/dataset2_mosmed/processed/lung_masks/study_0279_slice_009.npy,data/dataset2_mosmed/scribbles/study_0279_slice_009.npy,0,25244,0,0
study_0279,10,data/dataset2_mosmed/processed/images/study_0279_slice_009.npy,data/dataset2_mosmed/processed/images/study_0279_slice_010.npy,data/dataset2_mosmed/processed/images/study_0279_slice_011.npy,data/dataset2_mosmed/processed/infection_masks/study_0279_slice_010.npy,data/dataset2_mosmed/processed/lung_masks/study_0279_slice_010.npy,data/dataset2_mosmed/scribbles/study_0279_slice_010.npy,86,29206,31,223
study_0279,11,data/dataset2_mosmed/processed/images/study_0279_slice_010.npy,data/dataset2_mosmed/processed/images/study_0279_slice_011.npy,data/dataset2_mosmed/processed/images/study_0279_slice_012.npy,data/dataset2_mosmed/processed/infection_masks/study_0279_slice_011.npy,data/dataset2_mosmed/processed/lung_masks/study_0279_slice_011.npy,data/dataset2_mosmed/scribbles/study_0279_slice_011.npy,280,23364,75,221
study_0279,12,data/dataset2_mosmed/processed/images/study_0279_slice_011.npy,data/dataset2_mosmed/processed/images/study_0279_slice_012.npy,data/dataset2_mosmed/processed/images/study_0279_slice_013.npy,data/dataset2_mosmed/processed/infection_masks/study_0279_slice_012.npy,data/dataset2_mosmed/processed/lung_masks/study_0279_slice_012.npy,data/dataset2_mosmed/scribbles/study_0279_slice_012.npy,252,23555,66,221
study_0279,13,data/dataset2_mosmed/processed/images/study_0279_slice_012.npy,data/dataset2_mosmed/processed/images/study_0279_slice_013.npy,data/dataset2_mosmed/processed/images/study_0279_slice_014.npy,data/dataset2_mosmed/processed/infection_masks/study_0279_slice_013.npy,data/dataset2_mosmed/processed/lung_masks/study_0279_slice_013.npy,data/dataset2_mosmed/scribbles/study_0279_slice_013.npy,131,23744,65,223
study_0279,14,data/dataset2_mosmed/processed/images/study_0279_slice_013.npy,data/dataset2_mosmed/processed/images/study_0279_slice_014.npy,data/dataset2_mosmed/processed/images/study_0279_slice_015.npy,data/dataset2_mosmed/processed/infection_masks/study_0279_slice_014.npy,data/dataset2_mosmed/processed/lung_masks/study_0279_slice_014.npy,data/dataset2_mosmed/scribbles/study_0279_slice_014.npy,441,23876,115,222
study_0279,15,data/dataset2_mosmed/processed/images/study_0279_slice_014.npy,data/dataset2_mosmed/processed/images/study_0279_slice_015.npy,data/dataset2_mosmed/processed/images/study_0279_slice_016.npy,data/dataset2_mosmed/processed/infection_masks/study_0279_slice_015.npy,data/dataset2_mosmed/processed/lung_masks/study_0279_slice_015.npy,data/dataset2_mosmed/scribbles/study_0279_slice_015.npy,706,24036,179,220
study_0279,16,data/dataset2_mosmed/processed/images/study_0279_slice_015.npy,data/dataset2_mosmed/processed/images/study_0279_slice_016.npy,data/dataset2_mosmed/processed/images/study_0279_slice_017.npy,data/dataset2_mosmed/processed/infection_masks/study_0279_slice_016.npy,data/dataset2_mosmed/processed/lung_masks/study_0279_slice_016.npy,data/dataset2_mosmed/scribbles/study_0279_slice_016.npy,863,24161,224,220
study_0279,17,data/dataset2_mosmed/processed/images/study_0279_slice_016.npy,data/dataset2_mosmed/processed/images/study_0279_slice_017.npy,data/dataset2_mosmed/processed/images/study_0279_slice_018.npy,data/dataset2_mosmed/processed/infection_masks/study_0279_slice_017.npy,data/dataset2_mosmed/processed/lung_masks/study_0279_slice_017.npy,data/dataset2_mosmed/scribbles/study_0279_slice_017.npy,848,24275,215,220
study_0279,18,data/dataset2_mosmed/processed/images/study_0279_slice_017.npy,data/dataset2_mosmed/processed/images/study_0279_slice_018.npy,data/dataset2_mosmed/processed/images/study_0279_slice_019.npy,data/dataset2_mosmed/processed/infection_masks/study_0279_slice_018.npy,data/dataset2_mosmed/processed/lung_masks/study_0279_slice_018.npy,data/dataset2_mosmed/scribbles/study_0279_slice_018.npy,830,24236,194,221
study_0279,19,data/dataset2_mosmed/processed/images/study_0279_slice_018.npy,data/dataset2_mosmed/processed/images/study_0279_slice_019.npy,data/dataset2_mosmed/processed/images/study_0279_slice_020.npy,data/dataset2_mosmed/processed/infection_masks/study_0279_slice_019.npy,data/dataset2_mosmed/processed/lung_masks/study_0279_slice_019.npy,data/dataset2_mosmed/scribbles/study_0279_slice_019.npy,864,24387,229,218
study_0279,20,data/dataset2_mosmed/processed/images/study_0279_slice_019.npy,data/dataset2_mosmed/processed/images/study_0279_slice_020.npy,data/dataset2_mosmed/processed/images/study_0279_slice_021.npy,data/dataset2_mosmed/processed/infection_masks/study_0279_slice_020.npy,data/dataset2_mosmed/processed/lung_masks/study_0279_slice_020.npy,data/dataset2_mosmed/scribbles/study_0279_slice_020.npy,715,24563,196,218
study_0279,21,data/dataset2_mosmed/processed/images/study_0279_slice_020.npy,data/dataset2_mosmed/processed/images/study_0279_slice_021.npy,data/dataset2_mosmed/processed/images/study_0279_slice_022.npy,data/dataset2_mosmed/processed/infection_masks/study_0279_slice_021.npy,data/dataset2_mosmed/processed/lung_masks/study_0279_slice_021.npy,data/dataset2_mosmed/scribbles/study_0279_slice_021.npy,248,24693,77,224
study_0279,22,data/dataset2_mosmed/processed/images/study_0279_slice_021.npy,data/dataset2_mosmed/processed/images/study_0279_slice_022.npy,data/dataset2_mosmed/processed/images/study_0279_slice_023.npy,data/dataset2_mosmed/processed/infection_masks/study_0279_slice_022.npy,data/dataset2_mosmed/processed/lung_masks/study_0279_slice_022.npy,data/dataset2_mosmed/scribbles/study_0279_slice_022.npy,0,29082,0,0
study_0279,23,data/dataset2_mosmed/processed/images/study_0279_slice_022.npy,data/dataset2_mosmed/processed/images/study_0279_slice_023.npy,data/dataset2_mosmed/processed/images/study_0279_slice_025.npy,data/dataset2_mosmed/processed/infection_masks/study_0279_slice_023.npy,data/dataset2_mosmed/processed/lung_masks/study_0279_slice_023.npy,data/dataset2_mosmed/scribbles/study_0279_slice_023.npy,0,28800,0,0
study_0279,25,data/dataset2_mosmed/processed/images/study_0279_slice_023.npy,data/dataset2_mosmed/processed/images/study_0279_slice_025.npy,data/dataset2_mosmed/processed/images/study_0279_slice_026.npy,data/dataset2_mosmed/processed/infection_masks/study_0279_slice_025.npy,data/dataset2_mosmed/processed/lung_masks/study_0279_slice_025.npy,data/dataset2_mosmed/scribbles/study_0279_slice_025.npy,0,28162,0,0
study_0279,26,data/dataset2_mosmed/processed/images/study_0279_slice_025.npy,data/dataset2_mosmed/processed/images/study_0279_slice_026.npy,data/dataset2_mosmed/processed/images/study_0279_slice_027.npy,data/dataset2_mosmed/processed/infection_masks/study_0279_slice_026.npy,data/dataset2_mosmed/processed/lung_masks/study_0279_slice_026.npy,data/dataset2_mosmed/scribbles/study_0279_slice_026.npy,0,27651,0,0
study_0279,27,data/dataset2_mosmed/processed/images/study_0279_slice_026.npy,data/dataset2_mosmed/processed/images/study_0279_slice_027.npy,data/dataset2_mosmed/processed/images/study_0279_slice_028.npy,data/dataset2_mosmed/processed/infection_masks/study_0279_slice_027.npy,data/dataset2_mosmed/processed/lung_masks/study_0279_slice_027.npy,data/dataset2_mosmed/scribbles/study_0279_slice_027.npy,40,27301,13,224
study_0279,28,data/dataset2_mosmed/processed/images/study_0279_slice_027.npy,data/dataset2_mosmed/processed/images/study_0279_slice_028.npy,data/dataset2_mosmed/processed/images/study_0279_slice_029.npy,data/dataset2_mosmed/processed/infection_masks/study_0279_slice_028.npy,data/dataset2_mosmed/processed/lung_masks/study_0279_slice_028.npy,data/dataset2_mosmed/scribbles/study_0279_slice_028.npy,42,27347,16,225
study_0279,29,data/dataset2_mosmed/processed/images/study_0279_slice_028.npy,data/dataset2_mosmed/processed/images/study_0279_slice_029.npy,data/dataset2_mosmed/processed/images/study_0279_slice_030.npy,data/dataset2_mosmed/processed/infection_masks/study_0279_slice_029.npy,data/dataset2_mosmed/processed/lung_masks/study_0279_slice_029.npy,data/dataset2_mosmed/scribbles/study_0279_slice_029.npy,0,27461,0,0
study_0279,30,data/dataset2_mosmed/processed/images/study_0279_slice_029.npy,data/dataset2_mosmed/processed/images/study_0279_slice_030.npy,data/dataset2_mosmed/processed/images/study_0279_slice_030.npy,data/dataset2_mosmed/processed/infection_masks/study_0279_slice_030.npy,data/dataset2_mosmed/processed/lung_masks/study_0279_slice_030.npy,data/dataset2_mosmed/scribbles/study_0279_slice_030.npy,0,27385,0,0
study_0280,8,data/dataset2_mosmed/processed/images/study_0280_slice_008.npy,data/dataset2_mosmed/processed/images/study_0280_slice_008.npy,data/dataset2_mosmed/processed/images/study_0280_slice_009.npy,data/dataset2_mosmed/processed/infection_masks/study_0280_slice_008.npy,data/dataset2_mosmed/processed/lung_masks/study_0280_slice_008.npy,data/dataset2_mosmed/scribbles/study_0280_slice_008.npy,0,21196,0,0
study_0280,9,data/dataset2_mosmed/processed/images/study_0280_slice_008.npy,data/dataset2_mosmed/processed/images/study_0280_slice_009.npy,data/dataset2_mosmed/processed/images/study_0280_slice_010.npy,data/dataset2_mosmed/processed/infection_masks/study_0280_slice_009.npy,data/dataset2_mosmed/processed/lung_masks/study_0280_slice_009.npy,data/dataset2_mosmed/scribbles/study_0280_slice_009.npy,0,20891,0,0
study_0280,10,data/dataset2_mosmed/processed/images/study_0280_slice_009.npy,data/dataset2_mosmed/processed/images/study_0280_slice_010.npy,data/dataset2_mosmed/processed/images/study_0280_slice_011.npy,data/dataset2_mosmed/processed/infection_masks/study_0280_slice_010.npy,data/dataset2_mosmed/processed/lung_masks/study_0280_slice_010.npy,data/dataset2_mosmed/scribbles/study_0280_slice_010.npy,31,20965,13,224
study_0280,11,data/dataset2_mosmed/processed/images/study_0280_slice_010.npy,data/dataset2_mosmed/processed/images/study_0280_slice_011.npy,data/dataset2_mosmed/processed/images/study_0280_slice_012.npy,data/dataset2_mosmed/processed/infection_masks/study_0280_slice_011.npy,data/dataset2_mosmed/processed/lung_masks/study_0280_slice_011.npy,data/dataset2_mosmed/scribbles/study_0280_slice_011.npy,47,20907,11,224
study_0280,12,data/dataset2_mosmed/processed/images/study_0280_slice_011.npy,data/dataset2_mosmed/processed/images/study_0280_slice_012.npy,data/dataset2_mosmed/processed/images/study_0280_slice_013.npy,data/dataset2_mosmed/processed/infection_masks/study_0280_slice_012.npy,data/dataset2_mosmed/processed/lung_masks/study_0280_slice_012.npy,data/dataset2_mosmed/scribbles/study_0280_slice_012.npy,0,21760,0,0
study_0280,13,data/dataset2_mosmed/processed/images/study_0280_slice_012.npy,data/dataset2_mosmed/processed/images/study_0280_slice_013.npy,data/dataset2_mosmed/processed/images/study_0280_slice_014.npy,data/dataset2_mosmed/processed/infection_masks/study_0280_slice_013.npy,data/dataset2_mosmed/processed/lung_masks/study_0280_slice_013.npy,data/dataset2_mosmed/scribbles/study_0280_slice_013.npy,0,22748,0,0
study_0280,14,data/dataset2_mosmed/processed/images/study_0280_slice_013.npy,data/dataset2_mosmed/processed/images/study_0280_slice_014.npy,data/dataset2_mosmed/processed/images/study_0280_slice_015.npy,data/dataset2_mosmed/processed/infection_masks/study_0280_slice_014.npy,data/dataset2_mosmed/processed/lung_masks/study_0280_slice_014.npy,data/dataset2_mosmed/scribbles/study_0280_slice_014.npy,130,20168,37,222
study_0280,15,data/dataset2_mosmed/processed/images/study_0280_slice_014.npy,data/dataset2_mosmed/processed/images/study_0280_slice_015.npy,data/dataset2_mosmed/processed/images/study_0280_slice_016.npy,data/dataset2_mosmed/processed/infection_masks/study_0280_slice_015.npy,data/dataset2_mosmed/processed/lung_masks/study_0280_slice_015.npy,data/dataset2_mosmed/scribbles/study_0280_slice_015.npy,220,19962,99,221
study_0280,16,data/dataset2_mosmed/processed/images/study_0280_slice_015.npy,data/dataset2_mosmed/processed/images/study_0280_slice_016.npy,data/dataset2_mosmed/processed/images/study_0280_slice_017.npy,data/dataset2_mosmed/processed/infection_masks/study_0280_slice_016.npy,data/dataset2_mosmed/processed/lung_masks/study_0280_slice_016.npy,data/dataset2_mosmed/scribbles/study_0280_slice_016.npy,240,19851,114,220
study_0280,17,data/dataset2_mosmed/processed/images/study_0280_slice_016.npy,data/dataset2_mosmed/processed/images/study_0280_slice_017.npy,data/dataset2_mosmed/processed/images/study_0280_slice_018.npy,data/dataset2_mosmed/processed/infection_masks/study_0280_slice_017.npy,data/dataset2_mosmed/processed/lung_masks/study_0280_slice_017.npy,data/dataset2_mosmed/scribbles/study_0280_slice_017.npy,279,19754,104,221
study_0280,18,data/dataset2_mosmed/processed/images/study_0280_slice_017.npy,data/dataset2_mosmed/processed/images/study_0280_slice_018.npy,data/dataset2_mosmed/processed/images/study_0280_slice_019.npy,data/dataset2_mosmed/processed/infection_masks/study_0280_slice_018.npy,data/dataset2_mosmed/processed/lung_masks/study_0280_slice_018.npy,data/dataset2_mosmed/scribbles/study_0280_slice_018.npy,684,19752,221,218
study_0280,19,data/dataset2_mosmed/processed/images/study_0280_slice_018.npy,data/dataset2_mosmed/processed/images/study_0280_slice_019.npy,data/dataset2_mosmed/processed/images/study_0280_slice_020.npy,data/dataset2_mosmed/processed/infection_masks/study_0280_slice_019.npy,data/dataset2_mosmed/processed/lung_masks/study_0280_slice_019.npy,data/dataset2_mosmed/scribbles/study_0280_slice_019.npy,608,19831,163,219
study_0280,20,data/dataset2_mosmed/processed/images/study_0280_slice_019.npy,data/dataset2_mosmed/processed/images/study_0280_slice_020.npy,data/dataset2_mosmed/processed/images/study_0280_slice_021.npy,data/dataset2_mosmed/processed/infection_masks/study_0280_slice_020.npy,data/dataset2_mosmed/processed/lung_masks/study_0280_slice_020.npy,data/dataset2_mosmed/scribbles/study_0280_slice_020.npy,793,19995,204,218
study_0280,21,data/dataset2_mosmed/processed/images/study_0280_slice_020.npy,data/dataset2_mosmed/processed/images/study_0280_slice_021.npy,data/dataset2_mosmed/processed/images/study_0280_slice_022.npy,data/dataset2_mosmed/processed/infection_masks/study_0280_slice_021.npy,data/dataset2_mosmed/processed/lung_masks/study_0280_slice_021.npy,data/dataset2_mosmed/scribbles/study_0280_slice_021.npy,562,20274,123,219
study_0280,22,data/dataset2_mosmed/processed/images/study_0280_slice_021.npy,data/dataset2_mosmed/processed/images/study_0280_slice_022.npy,data/dataset2_mosmed/processed/images/study_0280_slice_023.npy,data/dataset2_mosmed/processed/infection_masks/study_0280_slice_022.npy,data/dataset2_mosmed/processed/lung_masks/study_0280_slice_022.npy,data/dataset2_mosmed/scribbles/study_0280_slice_022.npy,689,20529,155,220
study_0280,23,data/dataset2_mosmed/processed/images/study_0280_slice_022.npy,data/dataset2_mosmed/processed/images/study_0280_slice_023.npy,data/dataset2_mosmed/processed/images/study_0280_slice_024.npy,data/dataset2_mosmed/processed/infection_masks/study_0280_slice_023.npy,data/dataset2_mosmed/processed/lung_masks/study_0280_slice_023.npy,data/dataset2_mosmed/scribbles/study_0280_slice_023.npy,758,20931,297,218
study_0280,24,data/dataset2_mosmed/processed/images/study_0280_slice_023.npy,data/dataset2_mosmed/processed/images/study_0280_slice_024.npy,data/dataset2_mosmed/processed/images/study_0280_slice_025.npy,data/dataset2_mosmed/processed/infection_masks/study_0280_slice_024.npy,data/dataset2_mosmed/processed/lung_masks/study_0280_slice_024.npy,data/dataset2_mosmed/scribbles/study_0280_slice_024.npy,419,21356,104,218
study_0280,25,data/dataset2_mosmed/processed/images/study_0280_slice_024.npy,data/dataset2_mosmed/processed/images/study_0280_slice_025.npy,data/dataset2_mosmed/processed/images/study_0280_slice_026.npy,data/dataset2_mosmed/processed/infection_masks/study_0280_slice_025.npy,data/dataset2_mosmed/processed/lung_masks/study_0280_slice_025.npy,data/dataset2_mosmed/scribbles/study_0280_slice_025.npy,153,24582,47,222
study_0280,26,data/dataset2_mosmed/processed/images/study_0280_slice_025.npy,data/dataset2_mosmed/processed/images/study_0280_slice_026.npy,data/dataset2_mosmed/processed/images/study_0280_slice_027.npy,data/dataset2_mosmed/processed/infection_masks/study_0280_slice_026.npy,data/dataset2_mosmed/processed/lung_masks/study_0280_slice_026.npy,data/dataset2_mosmed/scribbles/study_0280_slice_026.npy,12,24547,6,224
study_0280,27,data/dataset2_mosmed/processed/images/study_0280_slice_026.npy,data/dataset2_mosmed/processed/images/study_0280_slice_027.npy,data/dataset2_mosmed/processed/images/study_0280_slice_028.npy,data/dataset2_mosmed/processed/infection_masks/study_0280_slice_027.npy,data/dataset2_mosmed/processed/lung_masks/study_0280_slice_027.npy,data/dataset2_mosmed/scribbles/study_0280_slice_027.npy,0,24243,0,0
study_0280,28,data/dataset2_mosmed/processed/images/study_0280_slice_027.npy,data/dataset2_mosmed/processed/images/study_0280_slice_028.npy,data/dataset2_mosmed/processed/images/study_0280_slice_029.npy,data/dataset2_mosmed/processed/infection_masks/study_0280_slice_028.npy,data/dataset2_mosmed/processed/lung_masks/study_0280_slice_028.npy,data/dataset2_mosmed/scribbles/study_0280_slice_028.npy,15,23916,3,224
study_0280,29,data/dataset2_mosmed/processed/images/study_0280_slice_028.npy,data/dataset2_mosmed/processed/images/study_0280_slice_029.npy,data/dataset2_mosmed/processed/images/study_0280_slice_030.npy,data/dataset2_mosmed/processed/infection_masks/study_0280_slice_029.npy,data/dataset2_mosmed/processed/lung_masks/study_0280_slice_029.npy,data/dataset2_mosmed/scribbles/study_0280_slice_029.npy,68,24754,18,224
study_0280,30,data/dataset2_mosmed/processed/images/study_0280_slice_029.npy,data/dataset2_mosmed/processed/images/study_0280_slice_030.npy,data/dataset2_mosmed/processed/images/study_0280_slice_031.npy,data/dataset2_mosmed/processed/infection_masks/study_0280_slice_030.npy,data/dataset2_mosmed/processed/lung_masks/study_0280_slice_030.npy,data/dataset2_mosmed/scribbles/study_0280_slice_030.npy,0,25648,0,0
study_0280,31,data/dataset2_mosmed/processed/images/study_0280_slice_030.npy,data/dataset2_mosmed/processed/images/study_0280_slice_031.npy,data/dataset2_mosmed/processed/images/study_0280_slice_031.npy,data/dataset2_mosmed/processed/infection_masks/study_0280_slice_031.npy,data/dataset2_mosmed/processed/lung_masks/study_0280_slice_031.npy,data/dataset2_mosmed/scribbles/study_0280_slice_031.npy,0,26588,0,0
study_0281,28,data/dataset2_mosmed/processed/images/study_0281_slice_028.npy,data/dataset2_mosmed/processed/images/study_0281_slice_028.npy,data/dataset2_mosmed/processed/images/study_0281_slice_029.npy,data/dataset2_mosmed/processed/infection_masks/study_0281_slice_028.npy,data/dataset2_mosmed/processed/lung_masks/study_0281_slice_028.npy,data/dataset2_mosmed/scribbles/study_0281_slice_028.npy,0,27616,0,0
study_0281,29,data/dataset2_mosmed/processed/images/study_0281_slice_028.npy,data/dataset2_mosmed/processed/images/study_0281_slice_029.npy,data/dataset2_mosmed/processed/images/study_0281_slice_030.npy,data/dataset2_mosmed/processed/infection_masks/study_0281_slice_029.npy,data/dataset2_mosmed/processed/lung_masks/study_0281_slice_029.npy,data/dataset2_mosmed/scribbles/study_0281_slice_029.npy,0,28592,0,0
study_0281,30,data/dataset2_mosmed/processed/images/study_0281_slice_029.npy,data/dataset2_mosmed/processed/images/study_0281_slice_030.npy,data/dataset2_mosmed/processed/images/study_0281_slice_031.npy,data/dataset2_mosmed/processed/infection_masks/study_0281_slice_030.npy,data/dataset2_mosmed/processed/lung_masks/study_0281_slice_030.npy,data/dataset2_mosmed/scribbles/study_0281_slice_030.npy,69,29737,6,223
study_0281,31,data/dataset2_mosmed/processed/images/study_0281_slice_030.npy,data/dataset2_mosmed/processed/images/study_0281_slice_031.npy,data/dataset2_mosmed/processed/images/study_0281_slice_032.npy,data/dataset2_mosmed/processed/infection_masks/study_0281_slice_031.npy,data/dataset2_mosmed/processed/lung_masks/study_0281_slice_031.npy,data/dataset2_mosmed/scribbles/study_0281_slice_031.npy,262,30109,16,224
study_0281,32,data/dataset2_mosmed/processed/images/study_0281_slice_031.npy,data/dataset2_mosmed/processed/images/study_0281_slice_032.npy,data/dataset2_mosmed/processed/images/study_0281_slice_033.npy,data/dataset2_mosmed/processed/infection_masks/study_0281_slice_032.npy,data/dataset2_mosmed/processed/lung_masks/study_0281_slice_032.npy,data/dataset2_mosmed/scribbles/study_0281_slice_032.npy,223,30096,13,224
study_0281,33,data/dataset2_mosmed/processed/images/study_0281_slice_032.npy,data/dataset2_mosmed/processed/images/study_0281_slice_033.npy,data/dataset2_mosmed/processed/images/study_0281_slice_034.npy,data/dataset2_mosmed/processed/infection_masks/study_0281_slice_033.npy,data/dataset2_mosmed/processed/lung_masks/study_0281_slice_033.npy,data/dataset2_mosmed/scribbles/study_0281_slice_033.npy,67,30112,3,224
study_0281,34,data/dataset2_mosmed/processed/images/study_0281_slice_033.npy,data/dataset2_mosmed/processed/images/study_0281_slice_034.npy,data/dataset2_mosmed/processed/images/study_0281_slice_035.npy,data/dataset2_mosmed/processed/infection_masks/study_0281_slice_034.npy,data/dataset2_mosmed/processed/lung_masks/study_0281_slice_034.npy,data/dataset2_mosmed/scribbles/study_0281_slice_034.npy,173,30029,27,222
study_0281,35,data/dataset2_mosmed/processed/images/study_0281_slice_034.npy,data/dataset2_mosmed/processed/images/study_0281_slice_035.npy,data/dataset2_mosmed/processed/images/study_0281_slice_036.npy,data/dataset2_mosmed/processed/infection_masks/study_0281_slice_035.npy,data/dataset2_mosmed/processed/lung_masks/study_0281_slice_035.npy,data/dataset2_mosmed/scribbles/study_0281_slice_035.npy,87,30178,26,224
study_0281,36,data/dataset2_mosmed/processed/images/study_0281_slice_035.npy,data/dataset2_mosmed/processed/images/study_0281_slice_036.npy,data/dataset2_mosmed/processed/images/study_0281_slice_037.npy,data/dataset2_mosmed/processed/infection_masks/study_0281_slice_036.npy,data/dataset2_mosmed/processed/lung_masks/study_0281_slice_036.npy,data/dataset2_mosmed/scribbles/study_0281_slice_036.npy,70,30372,3,224
study_0281,37,data/dataset2_mosmed/processed/images/study_0281_slice_036.npy,data/dataset2_mosmed/processed/images/study_0281_slice_037.npy,data/dataset2_mosmed/processed/images/study_0281_slice_038.npy,data/dataset2_mosmed/processed/infection_masks/study_0281_slice_037.npy,data/dataset2_mosmed/processed/lung_masks/study_0281_slice_037.npy,data/dataset2_mosmed/scribbles/study_0281_slice_037.npy,62,30437,9,224
study_0281,38,data/dataset2_mosmed/processed/images/study_0281_slice_037.npy,data/dataset2_mosmed/processed/images/study_0281_slice_038.npy,data/dataset2_mosmed/processed/images/study_0281_slice_039.npy,data/dataset2_mosmed/processed/infection_masks/study_0281_slice_038.npy,data/dataset2_mosmed/processed/lung_masks/study_0281_slice_038.npy,data/dataset2_mosmed/scribbles/study_0281_slice_038.npy,0,30557,0,0
study_0281,39,data/dataset2_mosmed/processed/images/study_0281_slice_038.npy,data/dataset2_mosmed/processed/images/study_0281_slice_039.npy,data/dataset2_mosmed/processed/images/study_0281_slice_039.npy,data/dataset2_mosmed/processed/infection_masks/study_0281_slice_039.npy,data/dataset2_mosmed/processed/lung_masks/study_0281_slice_039.npy,data/dataset2_mosmed/scribbles/study_0281_slice_039.npy,0,30534,0,0
study_0283,11,data/dataset2_mosmed/processed/images/study_0283_slice_011.npy,data/dataset2_mosmed/processed/images/study_0283_slice_011.npy,data/dataset2_mosmed/processed/images/study_0283_slice_012.npy,data/dataset2_mosmed/processed/infection_masks/study_0283_slice_011.npy,data/dataset2_mosmed/processed/lung_masks/study_0283_slice_011.npy,data/dataset2_mosmed/scribbles/study_0283_slice_011.npy,0,62492,0,0
study_0283,12,data/dataset2_mosmed/processed/images/study_0283_slice_011.npy,data/dataset2_mosmed/processed/images/study_0283_slice_012.npy,data/dataset2_mosmed/processed/images/study_0283_slice_013.npy,data/dataset2_mosmed/processed/infection_masks/study_0283_slice_012.npy,data/dataset2_mosmed/processed/lung_masks/study_0283_slice_012.npy,data/dataset2_mosmed/scribbles/study_0283_slice_012.npy,0,62492,0,0
study_0283,13,data/dataset2_mosmed/processed/images/study_0283_slice_012.npy,data/dataset2_mosmed/processed/images/study_0283_slice_013.npy,data/dataset2_mosmed/processed/images/study_0283_slice_014.npy,data/dataset2_mosmed/processed/infection_masks/study_0283_slice_013.npy,data/dataset2_mosmed/processed/lung_masks/study_0283_slice_013.npy,data/dataset2_mosmed/scribbles/study_0283_slice_013.npy,114,62491,20,224
study_0283,14,data/dataset2_mosmed/processed/images/study_0283_slice_013.npy,data/dataset2_mosmed/processed/images/study_0283_slice_014.npy,data/dataset2_mosmed/processed/images/study_0283_slice_015.npy,data/dataset2_mosmed/processed/infection_masks/study_0283_slice_014.npy,data/dataset2_mosmed/processed/lung_masks/study_0283_slice_014.npy,data/dataset2_mosmed/scribbles/study_0283_slice_014.npy,524,34461,124,220
study_0283,15,data/dataset2_mosmed/processed/images/study_0283_slice_014.npy,data/dataset2_mosmed/processed/images/study_0283_slice_015.npy,data/dataset2_mosmed/processed/images/study_0283_slice_016.npy,data/dataset2_mosmed/processed/infection_masks/study_0283_slice_015.npy,data/dataset2_mosmed/processed/lung_masks/study_0283_slice_015.npy,data/dataset2_mosmed/scribbles/study_0283_slice_015.npy,552,34009,139,220
study_0283,16,data/dataset2_mosmed/processed/images/study_0283_slice_015.npy,data/dataset2_mosmed/processed/images/study_0283_slice_016.npy,data/dataset2_mosmed/processed/images/study_0283_slice_017.npy,data/dataset2_mosmed/processed/infection_masks/study_0283_slice_016.npy,data/dataset2_mosmed/processed/lung_masks/study_0283_slice_016.npy,data/dataset2_mosmed/scribbles/study_0283_slice_016.npy,601,33657,177,221
study_0283,17,data/dataset2_mosmed/processed/images/study_0283_slice_016.npy,data/dataset2_mosmed/processed/images/study_0283_slice_017.npy,data/dataset2_mosmed/processed/images/study_0283_slice_018.npy,data/dataset2_mosmed/processed/infection_masks/study_0283_slice_017.npy,data/dataset2_mosmed/processed/lung_masks/study_0283_slice_017.npy,data/dataset2_mosmed/scribbles/study_0283_slice_017.npy,0,26489,0,0
study_0283,18,data/dataset2_mosmed/processed/images/study_0283_slice_017.npy,data/dataset2_mosmed/processed/images/study_0283_slice_018.npy,data/dataset2_mosmed/processed/images/study_0283_slice_018.npy,data/dataset2_mosmed/processed/infection_masks/study_0283_slice_018.npy,data/dataset2_mosmed/processed/lung_masks/study_0283_slice_018.npy,data/dataset2_mosmed/scribbles/study_0283_slice_018.npy,2,26485,0,0
study_0284,0,data/dataset2_mosmed/processed/images/study_0284_slice_000.npy,data/dataset2_mosmed/processed/images/study_0284_slice_000.npy,data/dataset2_mosmed/processed/images/study_0284_slice_001.npy,data/dataset2_mosmed/processed/infection_masks/study_0284_slice_000.npy,data/dataset2_mosmed/processed/lung_masks/study_0284_slice_000.npy,data/dataset2_mosmed/scribbles/study_0284_slice_000.npy,0,62500,0,0
study_0284,1,data/dataset2_mosmed/processed/images/study_0284_slice_000.npy,data/dataset2_mosmed/processed/images/study_0284_slice_001.npy,data/dataset2_mosmed/processed/images/study_0284_slice_002.npy,data/dataset2_mosmed/processed/infection_masks/study_0284_slice_001.npy,data/dataset2_mosmed/processed/lung_masks/study_0284_slice_001.npy,data/dataset2_mosmed/scribbles/study_0284_slice_001.npy,6,62500,6,223
study_0284,2,data/dataset2_mosmed/processed/images/study_0284_slice_001.npy,data/dataset2_mosmed/processed/images/study_0284_slice_002.npy,data/dataset2_mosmed/processed/images/study_0284_slice_003.npy,data/dataset2_mosmed/processed/infection_masks/study_0284_slice_002.npy,data/dataset2_mosmed/processed/lung_masks/study_0284_slice_002.npy,data/dataset2_mosmed/scribbles/study_0284_slice_002.npy,0,62500,0,0
study_0284,3,data/dataset2_mosmed/processed/images/study_0284_slice_002.npy,data/dataset2_mosmed/processed/images/study_0284_slice_003.npy,data/dataset2_mosmed/processed/images/study_0284_slice_009.npy,data/dataset2_mosmed/processed/infection_masks/study_0284_slice_003.npy,data/dataset2_mosmed/processed/lung_masks/study_0284_slice_003.npy,data/dataset2_mosmed/scribbles/study_0284_slice_003.npy,0,62500,0,0
study_0284,9,data/dataset2_mosmed/processed/images/study_0284_slice_003.npy,data/dataset2_mosmed/processed/images/study_0284_slice_009.npy,data/dataset2_mosmed/processed/images/study_0284_slice_010.npy,data/dataset2_mosmed/processed/infection_masks/study_0284_slice_009.npy,data/dataset2_mosmed/processed/lung_masks/study_0284_slice_009.npy,data/dataset2_mosmed/scribbles/study_0284_slice_009.npy,0,62500,0,0
study_0284,10,data/dataset2_mosmed/processed/images/study_0284_slice_009.npy,data/dataset2_mosmed/processed/images/study_0284_slice_010.npy,data/dataset2_mosmed/processed/images/study_0284_slice_011.npy,data/dataset2_mosmed/processed/infection_masks/study_0284_slice_010.npy,data/dataset2_mosmed/processed/lung_masks/study_0284_slice_010.npy,data/dataset2_mosmed/scribbles/study_0284_slice_010.npy,0,62500,0,0
study_0284,11,data/dataset2_mosmed/processed/images/study_0284_slice_010.npy,data/dataset2_mosmed/processed/images/study_0284_slice_011.npy,data/dataset2_mosmed/processed/images/study_0284_slice_012.npy,data/dataset2_mosmed/processed/infection_masks/study_0284_slice_011.npy,data/dataset2_mosmed/processed/lung_masks/study_0284_slice_011.npy,data/dataset2_mosmed/scribbles/study_0284_slice_011.npy,90,62500,29,223
study_0284,12,data/dataset2_mosmed/processed/images/study_0284_slice_011.npy,data/dataset2_mosmed/processed/images/study_0284_slice_012.npy,data/dataset2_mosmed/processed/images/study_0284_slice_013.npy,data/dataset2_mosmed/processed/infection_masks/study_0284_slice_012.npy,data/dataset2_mosmed/processed/lung_masks/study_0284_slice_012.npy,data/dataset2_mosmed/scribbles/study_0284_slice_012.npy,55,62500,24,224
study_0284,13,data/dataset2_mosmed/processed/images/study_0284_slice_012.npy,data/dataset2_mosmed/processed/images/study_0284_slice_013.npy,data/dataset2_mosmed/processed/images/study_0284_slice_014.npy,data/dataset2_mosmed/processed/infection_masks/study_0284_slice_013.npy,data/dataset2_mosmed/processed/lung_masks/study_0284_slice_013.npy,data/dataset2_mosmed/scribbles/study_0284_slice_013.npy,289,62500,107,223
study_0284,14,data/dataset2_mosmed/processed/images/study_0284_slice_013.npy,data/dataset2_mosmed/processed/images/study_0284_slice_014.npy,data/dataset2_mosmed/processed/images/study_0284_slice_015.npy,data/dataset2_mosmed/processed/infection_masks/study_0284_slice_014.npy,data/dataset2_mosmed/processed/lung_masks/study_0284_slice_014.npy,data/dataset2_mosmed/scribbles/study_0284_slice_014.npy,499,62500,194,221
study_0284,15,data/dataset2_mosmed/processed/images/study_0284_slice_014.npy,data/dataset2_mosmed/processed/images/study_0284_slice_015.npy,data/dataset2_mosmed/processed/images/study_0284_slice_016.npy,data/dataset2_mosmed/processed/infection_masks/study_0284_slice_015.npy,data/dataset2_mosmed/processed/lung_masks/study_0284_slice_015.npy,data/dataset2_mosmed/scribbles/study_0284_slice_015.npy,876,62500,261,219
study_0284,16,data/dataset2_mosmed/processed/images/study_0284_slice_015.npy,data/dataset2_mosmed/processed/images/study_0284_slice_016.npy,data/dataset2_mosmed/processed/images/study_0284_slice_017.npy,data/dataset2_mosmed/processed/infection_masks/study_0284_slice_016.npy,data/dataset2_mosmed/processed/lung_masks/study_0284_slice_016.npy,data/dataset2_mosmed/scribbles/study_0284_slice_016.npy,1116,62500,297,216
study_0284,17,data/dataset2_mosmed/processed/images/study_0284_slice_016.npy,data/dataset2_mosmed/processed/images/study_0284_slice_017.npy,data/dataset2_mosmed/processed/images/study_0284_slice_018.npy,data/dataset2_mosmed/processed/infection_masks/study_0284_slice_017.npy,data/dataset2_mosmed/processed/lung_masks/study_0284_slice_017.npy,data/dataset2_mosmed/scribbles/study_0284_slice_017.npy,670,62500,152,221
study_0284,18,data/dataset2_mosmed/processed/images/study_0284_slice_017.npy,data/dataset2_mosmed/processed/images/study_0284_slice_018.npy,data/dataset2_mosmed/processed/images/study_0284_slice_019.npy,data/dataset2_mosmed/processed/infection_masks/study_0284_slice_018.npy,data/dataset2_mosmed/processed/lung_masks/study_0284_slice_018.npy,data/dataset2_mosmed/scribbles/study_0284_slice_018.npy,528,62500,140,221
study_0284,19,data/dataset2_mosmed/processed/images/study_0284_slice_018.npy,data/dataset2_mosmed/processed/images/study_0284_slice_019.npy,data/dataset2_mosmed/processed/images/study_0284_slice_020.npy,data/dataset2_mosmed/processed/infection_masks/study_0284_slice_019.npy,data/dataset2_mosmed/processed/lung_masks/study_0284_slice_019.npy,data/dataset2_mosmed/scribbles/study_0284_slice_019.npy,296,62500,71,222
study_0284,20,data/dataset2_mosmed/processed/images/study_0284_slice_019.npy,data/dataset2_mosmed/processed/images/study_0284_slice_020.npy,data/dataset2_mosmed/processed/images/study_0284_slice_021.npy,data/dataset2_mosmed/processed/infection_masks/study_0284_slice_020.npy,data/dataset2_mosmed/processed/lung_masks/study_0284_slice_020.npy,data/dataset2_mosmed/scribbles/study_0284_slice_020.npy,0,62500,0,0
study_0284,21,data/dataset2_mosmed/processed/images/study_0284_slice_020.npy,data/dataset2_mosmed/processed/images/study_0284_slice_021.npy,data/dataset2_mosmed/processed/images/study_0284_slice_022.npy,data/dataset2_mosmed/processed/infection_masks/study_0284_slice_021.npy,data/dataset2_mosmed/processed/lung_masks/study_0284_slice_021.npy,data/dataset2_mosmed/scribbles/study_0284_slice_021.npy,0,38168,0,0
study_0284,22,data/dataset2_mosmed/processed/images/study_0284_slice_021.npy,data/dataset2_mosmed/processed/images/study_0284_slice_022.npy,data/dataset2_mosmed/processed/images/study_0284_slice_023.npy,data/dataset2_mosmed/processed/infection_masks/study_0284_slice_022.npy,data/dataset2_mosmed/processed/lung_masks/study_0284_slice_022.npy,data/dataset2_mosmed/scribbles/study_0284_slice_022.npy,0,27196,0,0
study_0284,23,data/dataset2_mosmed/processed/images/study_0284_slice_022.npy,data/dataset2_mosmed/processed/images/study_0284_slice_023.npy,data/dataset2_mosmed/processed/images/study_0284_slice_024.npy,data/dataset2_mosmed/processed/infection_masks/study_0284_slice_023.npy,data/dataset2_mosmed/processed/lung_masks/study_0284_slice_023.npy,data/dataset2_mosmed/scribbles/study_0284_slice_023.npy,0,26899,0,0
study_0284,24,data/dataset2_mosmed/processed/images/study_0284_slice_023.npy,data/dataset2_mosmed/processed/images/study_0284_slice_024.npy,data/dataset2_mosmed/processed/images/study_0284_slice_025.npy,data/dataset2_mosmed/processed/infection_masks/study_0284_slice_024.npy,data/dataset2_mosmed/processed/lung_masks/study_0284_slice_024.npy,data/dataset2_mosmed/scribbles/study_0284_slice_024.npy,55,26791,29,225
study_0284,25,data/dataset2_mosmed/processed/images/study_0284_slice_024.npy,data/dataset2_mosmed/processed/images/study_0284_slice_025.npy,data/dataset2_mosmed/processed/images/study_0284_slice_026.npy,data/dataset2_mosmed/processed/infection_masks/study_0284_slice_025.npy,data/dataset2_mosmed/processed/lung_masks/study_0284_slice_025.npy,data/dataset2_mosmed/scribbles/study_0284_slice_025.npy,289,27329,53,222
study_0284,26,data/dataset2_mosmed/processed/images/study_0284_slice_025.npy,data/dataset2_mosmed/processed/images/study_0284_slice_026.npy,data/dataset2_mosmed/processed/images/study_0284_slice_027.npy,data/dataset2_mosmed/processed/infection_masks/study_0284_slice_026.npy,data/dataset2_mosmed/processed/lung_masks/study_0284_slice_026.npy,data/dataset2_mosmed/scribbles/study_0284_slice_026.npy,288,28042,47,221
study_0284,27,data/dataset2_mosmed/processed/images/study_0284_slice_026.npy,data/dataset2_mosmed/processed/images/study_0284_slice_027.npy,data/dataset2_mosmed/processed/images/study_0284_slice_028.npy,data/dataset2_mosmed/processed/infection_masks/study_0284_slice_027.npy,data/dataset2_mosmed/processed/lung_masks/study_0284_slice_027.npy,data/dataset2_mosmed/scribbles/study_0284_slice_027.npy,157,28741,27,223
study_0284,28,data/dataset2_mosmed/processed/images/study_0284_slice_027.npy,data/dataset2_mosmed/processed/images/study_0284_slice_028.npy,data/dataset2_mosmed/processed/images/study_0284_slice_029.npy,data/dataset2_mosmed/processed/infection_masks/study_0284_slice_028.npy,data/dataset2_mosmed/processed/lung_masks/study_0284_slice_028.npy,data/dataset2_mosmed/scribbles/study_0284_slice_028.npy,0,29526,0,0
study_0284,29,data/dataset2_mosmed/processed/images/study_0284_slice_028.npy,data/dataset2_mosmed/processed/images/study_0284_slice_029.npy,data/dataset2_mosmed/processed/images/study_0284_slice_029.npy,data/dataset2_mosmed/processed/infection_masks/study_0284_slice_029.npy,data/dataset2_mosmed/processed/lung_masks/study_0284_slice_029.npy,data/dataset2_mosmed/scribbles/study_0284_slice_029.npy,0,30295,0,0
study_0285,2,data/dataset2_mosmed/processed/images/study_0285_slice_002.npy,data/dataset2_mosmed/processed/images/study_0285_slice_002.npy,data/dataset2_mosmed/processed/images/study_0285_slice_003.npy,data/dataset2_mosmed/processed/infection_masks/study_0285_slice_002.npy,data/dataset2_mosmed/processed/lung_masks/study_0285_slice_002.npy,data/dataset2_mosmed/scribbles/study_0285_slice_002.npy,0,19861,0,0
study_0285,3,data/dataset2_mosmed/processed/images/study_0285_slice_002.npy,data/dataset2_mosmed/processed/images/study_0285_slice_003.npy,data/dataset2_mosmed/processed/images/study_0285_slice_004.npy,data/dataset2_mosmed/processed/infection_masks/study_0285_slice_003.npy,data/dataset2_mosmed/processed/lung_masks/study_0285_slice_003.npy,data/dataset2_mosmed/scribbles/study_0285_slice_003.npy,0,19796,0,0
study_0285,4,data/dataset2_mosmed/processed/images/study_0285_slice_003.npy,data/dataset2_mosmed/processed/images/study_0285_slice_004.npy,data/dataset2_mosmed/processed/images/study_0285_slice_005.npy,data/dataset2_mosmed/processed/infection_masks/study_0285_slice_004.npy,data/dataset2_mosmed/processed/lung_masks/study_0285_slice_004.npy,data/dataset2_mosmed/scribbles/study_0285_slice_004.npy,75,19702,35,224
study_0285,5,data/dataset2_mosmed/processed/images/study_0285_slice_004.npy,data/dataset2_mosmed/processed/images/study_0285_slice_005.npy,data/dataset2_mosmed/processed/images/study_0285_slice_006.npy,data/dataset2_mosmed/processed/infection_masks/study_0285_slice_005.npy,data/dataset2_mosmed/processed/lung_masks/study_0285_slice_005.npy,data/dataset2_mosmed/scribbles/study_0285_slice_005.npy,0,19684,0,0
study_0285,6,data/dataset2_mosmed/processed/images/study_0285_slice_005.npy,data/dataset2_mosmed/processed/images/study_0285_slice_006.npy,data/dataset2_mosmed/processed/images/study_0285_slice_007.npy,data/dataset2_mosmed/processed/infection_masks/study_0285_slice_006.npy,data/dataset2_mosmed/processed/lung_masks/study_0285_slice_006.npy,data/dataset2_mosmed/scribbles/study_0285_slice_006.npy,180,19785,64,222
study_0285,7,data/dataset2_mosmed/processed/images/study_0285_slice_006.npy,data/dataset2_mosmed/processed/images/study_0285_slice_007.npy,data/dataset2_mosmed/processed/images/study_0285_slice_008.npy,data/dataset2_mosmed/processed/infection_masks/study_0285_slice_007.npy,data/dataset2_mosmed/processed/lung_masks/study_0285_slice_007.npy,data/dataset2_mosmed/scribbles/study_0285_slice_007.npy,0,21993,0,0
study_0285,8,data/dataset2_mosmed/processed/images/study_0285_slice_007.npy,data/dataset2_mosmed/processed/images/study_0285_slice_008.npy,data/dataset2_mosmed/processed/images/study_0285_slice_009.npy,data/dataset2_mosmed/processed/infection_masks/study_0285_slice_008.npy,data/dataset2_mosmed/processed/lung_masks/study_0285_slice_008.npy,data/dataset2_mosmed/scribbles/study_0285_slice_008.npy,93,24084,44,223
study_0285,9,data/dataset2_mosmed/processed/images/study_0285_slice_008.npy,data/dataset2_mosmed/processed/images/study_0285_slice_009.npy,data/dataset2_mosmed/processed/images/study_0285_slice_010.npy,data/dataset2_mosmed/processed/infection_masks/study_0285_slice_009.npy,data/dataset2_mosmed/processed/lung_masks/study_0285_slice_009.npy,data/dataset2_mosmed/scribbles/study_0285_slice_009.npy,208,26583,102,220
study_0285,10,data/dataset2_mosmed/processed/images/study_0285_slice_009.npy,data/dataset2_mosmed/processed/images/study_0285_slice_010.npy,data/dataset2_mosmed/processed/images/study_0285_slice_011.npy,data/dataset2_mosmed/processed/infection_masks/study_0285_slice_010.npy,data/dataset2_mosmed/processed/lung_masks/study_0285_slice_010.npy,data/dataset2_mosmed/scribbles/study_0285_slice_010.npy,37,20470,21,223
study_0285,11,data/dataset2_mosmed/processed/images/study_0285_slice_010.npy,data/dataset2_mosmed/processed/images/study_0285_slice_011.npy,data/dataset2_mosmed/processed/images/study_0285_slice_012.npy,data/dataset2_mosmed/processed/infection_masks/study_0285_slice_011.npy,data/dataset2_mosmed/processed/lung_masks/study_0285_slice_011.npy,data/dataset2_mosmed/scribbles/study_0285_slice_011.npy,86,20638,64,220
study_0285,12,data/dataset2_mosmed/processed/images/study_0285_slice_011.npy,data/dataset2_mosmed/processed/images/study_0285_slice_012.npy,data/dataset2_mosmed/processed/images/study_0285_slice_013.npy,data/dataset2_mosmed/processed/infection_masks/study_0285_slice_012.npy,data/dataset2_mosmed/processed/lung_masks/study_0285_slice_012.npy,data/dataset2_mosmed/scribbles/study_0285_slice_012.npy,0,20772,0,0
study_0285,13,data/dataset2_mosmed/processed/images/study_0285_slice_012.npy,data/dataset2_mosmed/processed/images/study_0285_slice_013.npy,data/dataset2_mosmed/processed/images/study_0285_slice_014.npy,data/dataset2_mosmed/processed/infection_masks/study_0285_slice_013.npy,data/dataset2_mosmed/processed/lung_masks/study_0285_slice_013.npy,data/dataset2_mosmed/scribbles/study_0285_slice_013.npy,129,20859,22,224
study_0285,14,data/dataset2_mosmed/processed/images/study_0285_slice_013.npy,data/dataset2_mosmed/processed/images/study_0285_slice_014.npy,data/dataset2_mosmed/processed/images/study_0285_slice_015.npy,data/dataset2_mosmed/processed/infection_masks/study_0285_slice_014.npy,data/dataset2_mosmed/processed/lung_masks/study_0285_slice_014.npy,data/dataset2_mosmed/scribbles/study_0285_slice_014.npy,295,20966,131,220
study_0285,15,data/dataset2_mosmed/processed/images/study_0285_slice_014.npy,data/dataset2_mosmed/processed/images/study_0285_slice_015.npy,data/dataset2_mosmed/processed/images/study_0285_slice_016.npy,data/dataset2_mosmed/processed/infection_masks/study_0285_slice_015.npy,data/dataset2_mosmed/processed/lung_masks/study_0285_slice_015.npy,data/dataset2_mosmed/scribbles/study_0285_slice_015.npy,273,21065,101,222
study_0285,16,data/dataset2_mosmed/processed/images/study_0285_slice_015.npy,data/dataset2_mosmed/processed/images/study_0285_slice_016.npy,data/dataset2_mosmed/processed/images/study_0285_slice_017.npy,data/dataset2_mosmed/processed/infection_masks/study_0285_slice_016.npy,data/dataset2_mosmed/processed/lung_masks/study_0285_slice_016.npy,data/dataset2_mosmed/scribbles/study_0285_slice_016.npy,97,21172,23,224
study_0285,17,data/dataset2_mosmed/processed/images/study_0285_slice_016.npy,data/dataset2_mosmed/processed/images/study_0285_slice_017.npy,data/dataset2_mosmed/processed/images/study_0285_slice_018.npy,data/dataset2_mosmed/processed/infection_masks/study_0285_slice_017.npy,data/dataset2_mosmed/processed/lung_masks/study_0285_slice_017.npy,data/dataset2_mosmed/scribbles/study_0285_slice_017.npy,182,21344,46,223
study_0285,18,data/dataset2_mosmed/processed/images/study_0285_slice_017.npy,data/dataset2_mosmed/processed/images/study_0285_slice_018.npy,data/dataset2_mosmed/processed/images/study_0285_slice_019.npy,data/dataset2_mosmed/processed/infection_masks/study_0285_slice_018.npy,data/dataset2_mosmed/processed/lung_masks/study_0285_slice_018.npy,data/dataset2_mosmed/scribbles/study_0285_slice_018.npy,391,21598,90,220
study_0285,19,data/dataset2_mosmed/processed/images/study_0285_slice_018.npy,data/dataset2_mosmed/processed/images/study_0285_slice_019.npy,data/dataset2_mosmed/processed/images/study_0285_slice_020.npy,data/dataset2_mosmed/processed/infection_masks/study_0285_slice_019.npy,data/dataset2_mosmed/processed/lung_masks/study_0285_slice_019.npy,data/dataset2_mosmed/scribbles/study_0285_slice_019.npy,50,21893,10,224
study_0285,20,data/dataset2_mosmed/processed/images/study_0285_slice_019.npy,data/dataset2_mosmed/processed/images/study_0285_slice_020.npy,data/dataset2_mosmed/processed/images/study_0285_slice_021.npy,data/dataset2_mosmed/processed/infection_masks/study_0285_slice_020.npy,data/dataset2_mosmed/processed/lung_masks/study_0285_slice_020.npy,data/dataset2_mosmed/scribbles/study_0285_slice_020.npy,0,22233,0,0
study_0285,21,data/dataset2_mosmed/processed/images/study_0285_slice_020.npy,data/dataset2_mosmed/processed/images/study_0285_slice_021.npy,data/dataset2_mosmed/processed/images/study_0285_slice_022.npy,data/dataset2_mosmed/processed/infection_masks/study_0285_slice_021.npy,data/dataset2_mosmed/processed/lung_masks/study_0285_slice_021.npy,data/dataset2_mosmed/scribbles/study_0285_slice_021.npy,0,22560,0,0
study_0285,22,data/dataset2_mosmed/processed/images/study_0285_slice_021.npy,data/dataset2_mosmed/processed/images/study_0285_slice_022.npy,data/dataset2_mosmed/processed/images/study_0285_slice_023.npy,data/dataset2_mosmed/processed/infection_masks/study_0285_slice_022.npy,data/dataset2_mosmed/processed/lung_masks/study_0285_slice_022.npy,data/dataset2_mosmed/scribbles/study_0285_slice_022.npy,45,22918,15,224
study_0285,23,data/dataset2_mosmed/processed/images/study_0285_slice_022.npy,data/dataset2_mosmed/processed/images/study_0285_slice_023.npy,data/dataset2_mosmed/processed/images/study_0285_slice_024.npy,data/dataset2_mosmed/processed/infection_masks/study_0285_slice_023.npy,data/dataset2_mosmed/processed/lung_masks/study_0285_slice_023.npy,data/dataset2_mosmed/scribbles/study_0285_slice_023.npy,0,23316,0,0
study_0285,24,data/dataset2_mosmed/processed/images/study_0285_slice_023.npy,data/dataset2_mosmed/processed/images/study_0285_slice_024.npy,data/dataset2_mosmed/processed/images/study_0285_slice_026.npy,data/dataset2_mosmed/processed/infection_masks/study_0285_slice_024.npy,data/dataset2_mosmed/processed/lung_masks/study_0285_slice_024.npy,data/dataset2_mosmed/scribbles/study_0285_slice_024.npy,0,23759,0,0
study_0285,26,data/dataset2_mosmed/processed/images/study_0285_slice_024.npy,data/dataset2_mosmed/processed/images/study_0285_slice_026.npy,data/dataset2_mosmed/processed/images/study_0285_slice_027.npy,data/dataset2_mosmed/processed/infection_masks/study_0285_slice_026.npy,data/dataset2_mosmed/processed/lung_masks/study_0285_slice_026.npy,data/dataset2_mosmed/scribbles/study_0285_slice_026.npy,0,24771,0,0
study_0285,27,data/dataset2_mosmed/processed/images/study_0285_slice_026.npy,data/dataset2_mosmed/processed/images/study_0285_slice_027.npy,data/dataset2_mosmed/processed/images/study_0285_slice_028.npy,data/dataset2_mosmed/processed/infection_masks/study_0285_slice_027.npy,data/dataset2_mosmed/processed/lung_masks/study_0285_slice_027.npy,data/dataset2_mosmed/scribbles/study_0285_slice_027.npy,0,25361,0,0
study_0285,28,data/dataset2_mosmed/processed/images/study_0285_slice_027.npy,data/dataset2_mosmed/processed/images/study_0285_slice_028.npy,data/dataset2_mosmed/processed/images/study_0285_slice_029.npy,data/dataset2_mosmed/processed/infection_masks/study_0285_slice_028.npy,data/dataset2_mosmed/processed/lung_masks/study_0285_slice_028.npy,data/dataset2_mosmed/scribbles/study_0285_slice_028.npy,16,25975,7,224
study_0285,29,data/dataset2_mosmed/processed/images/study_0285_slice_028.npy,data/dataset2_mosmed/processed/images/study_0285_slice_029.npy,data/dataset2_mosmed/processed/images/study_0285_slice_030.npy,data/dataset2_mosmed/processed/infection_masks/study_0285_slice_029.npy,data/dataset2_mosmed/processed/lung_masks/study_0285_slice_029.npy,data/dataset2_mosmed/scribbles/study_0285_slice_029.npy,0,26658,0,0
study_0285,30,data/dataset2_mosmed/processed/images/study_0285_slice_029.npy,data/dataset2_mosmed/processed/images/study_0285_slice_030.npy,data/dataset2_mosmed/processed/images/study_0285_slice_030.npy,data/dataset2_mosmed/processed/infection_masks/study_0285_slice_030.npy,data/dataset2_mosmed/processed/lung_masks/study_0285_slice_030.npy,data/dataset2_mosmed/scribbles/study_0285_slice_030.npy,0,27498,0,0
study_0286,5,data/dataset2_mosmed/processed/images/study_0286_slice_005.npy,data/dataset2_mosmed/processed/images/study_0286_slice_005.npy,data/dataset2_mosmed/processed/images/study_0286_slice_006.npy,data/dataset2_mosmed/processed/infection_masks/study_0286_slice_005.npy,data/dataset2_mosmed/processed/lung_masks/study_0286_slice_005.npy,data/dataset2_mosmed/scribbles/study_0286_slice_005.npy,0,19081,0,0
study_0286,6,data/dataset2_mosmed/processed/images/study_0286_slice_005.npy,data/dataset2_mosmed/processed/images/study_0286_slice_006.npy,data/dataset2_mosmed/processed/images/study_0286_slice_007.npy,data/dataset2_mosmed/processed/infection_masks/study_0286_slice_006.npy,data/dataset2_mosmed/processed/lung_masks/study_0286_slice_006.npy,data/dataset2_mosmed/scribbles/study_0286_slice_006.npy,0,18790,0,0
study_0286,7,data/dataset2_mosmed/processed/images/study_0286_slice_006.npy,data/dataset2_mosmed/processed/images/study_0286_slice_007.npy,data/dataset2_mosmed/processed/images/study_0286_slice_008.npy,data/dataset2_mosmed/processed/infection_masks/study_0286_slice_007.npy,data/dataset2_mosmed/processed/lung_masks/study_0286_slice_007.npy,data/dataset2_mosmed/scribbles/study_0286_slice_007.npy,36,18390,9,224
study_0286,8,data/dataset2_mosmed/processed/images/study_0286_slice_007.npy,data/dataset2_mosmed/processed/images/study_0286_slice_008.npy,data/dataset2_mosmed/processed/images/study_0286_slice_009.npy,data/dataset2_mosmed/processed/infection_masks/study_0286_slice_008.npy,data/dataset2_mosmed/processed/lung_masks/study_0286_slice_008.npy,data/dataset2_mosmed/scribbles/study_0286_slice_008.npy,248,18036,87,220
study_0286,9,data/dataset2_mosmed/processed/images/study_0286_slice_008.npy,data/dataset2_mosmed/processed/images/study_0286_slice_009.npy,data/dataset2_mosmed/processed/images/study_0286_slice_010.npy,data/dataset2_mosmed/processed/infection_masks/study_0286_slice_009.npy,data/dataset2_mosmed/processed/lung_masks/study_0286_slice_009.npy,data/dataset2_mosmed/scribbles/study_0286_slice_009.npy,111,21074,27,224
study_0286,10,data/dataset2_mosmed/processed/images/study_0286_slice_009.npy,data/dataset2_mosmed/processed/images/study_0286_slice_010.npy,data/dataset2_mosmed/processed/images/study_0286_slice_011.npy,data/dataset2_mosmed/processed/infection_masks/study_0286_slice_010.npy,data/dataset2_mosmed/processed/lung_masks/study_0286_slice_010.npy,data/dataset2_mosmed/scribbles/study_0286_slice_010.npy,288,24547,77,222
study_0286,11,data/dataset2_mosmed/processed/images/study_0286_slice_010.npy,data/dataset2_mosmed/processed/images/study_0286_slice_011.npy,data/dataset2_mosmed/processed/images/study_0286_slice_012.npy,data/dataset2_mosmed/processed/infection_masks/study_0286_slice_011.npy,data/dataset2_mosmed/processed/lung_masks/study_0286_slice_011.npy,data/dataset2_mosmed/scribbles/study_0286_slice_011.npy,408,25410,153,218
study_0286,12,data/dataset2_mosmed/processed/images/study_0286_slice_011.npy,data/dataset2_mosmed/processed/images/study_0286_slice_012.npy,data/dataset2_mosmed/processed/images/study_0286_slice_013.npy,data/dataset2_mosmed/processed/infection_masks/study_0286_slice_012.npy,data/dataset2_mosmed/processed/lung_masks/study_0286_slice_012.npy,data/dataset2_mosmed/scribbles/study_0286_slice_012.npy,140,26759,42,224
study_0286,13,data/dataset2_mosmed/processed/images/study_0286_slice_012.npy,data/dataset2_mosmed/processed/images/study_0286_slice_013.npy,data/dataset2_mosmed/processed/images/study_0286_slice_014.npy,data/dataset2_mosmed/processed/infection_masks/study_0286_slice_013.npy,data/dataset2_mosmed/processed/lung_masks/study_0286_slice_013.npy,data/dataset2_mosmed/scribbles/study_0286_slice_013.npy,432,19195,152,218
study_0286,14,data/dataset2_mosmed/processed/images/study_0286_slice_013.npy,data/dataset2_mosmed/processed/images/study_0286_slice_014.npy,data/dataset2_mosmed/processed/images/study_0286_slice_015.npy,data/dataset2_mosmed/processed/infection_masks/study_0286_slice_014.npy,data/dataset2_mosmed/processed/lung_masks/study_0286_slice_014.npy,data/dataset2_mosmed/scribbles/study_0286_slice_014.npy,428,18998,149,219
study_0286,15,data/dataset2_mosmed/processed/images/study_0286_slice_014.npy,data/dataset2_mosmed/processed/images/study_0286_slice_015.npy,data/dataset2_mosmed/processed/images/study_0286_slice_016.npy,data/dataset2_mosmed/processed/infection_masks/study_0286_slice_015.npy,data/dataset2_mosmed/processed/lung_masks/study_0286_slice_015.npy,data/dataset2_mosmed/scribbles/study_0286_slice_015.npy,536,18826,191,216
study_0286,16,data/dataset2_mosmed/processed/images/study_0286_slice_015.npy,data/dataset2_mosmed/processed/images/study_0286_slice_016.npy,data/dataset2_mosmed/processed/images/study_0286_slice_017.npy,data/dataset2_mosmed/processed/infection_masks/study_0286_slice_016.npy,data/dataset2_mosmed/processed/lung_masks/study_0286_slice_016.npy,data/dataset2_mosmed/scribbles/study_0286_slice_016.npy,388,18592,136,220
study_0286,17,data/dataset2_mosmed/processed/images/study_0286_slice_016.npy,data/dataset2_mosmed/processed/images/study_0286_slice_017.npy,data/dataset2_mosmed/processed/images/study_0286_slice_018.npy,data/dataset2_mosmed/processed/infection_masks/study_0286_slice_017.npy,data/dataset2_mosmed/processed/lung_masks/study_0286_slice_017.npy,data/dataset2_mosmed/scribbles/study_0286_slice_017.npy,1097,18448,406,212
study_0286,18,data/dataset2_mosmed/processed/images/study_0286_slice_017.npy,data/dataset2_mosmed/processed/images/study_0286_slice_018.npy,data/dataset2_mosmed/processed/images/study_0286_slice_019.npy,data/dataset2_mosmed/processed/infection_masks/study_0286_slice_018.npy,data/dataset2_mosmed/processed/lung_masks/study_0286_slice_018.npy,data/dataset2_mosmed/scribbles/study_0286_slice_018.npy,974,26090,321,214
study_0286,19,data/dataset2_mosmed/processed/images/study_0286_slice_018.npy,data/dataset2_mosmed/processed/images/study_0286_slice_019.npy,data/dataset2_mosmed/processed/images/study_0286_slice_020.npy,data/dataset2_mosmed/processed/infection_masks/study_0286_slice_019.npy,data/dataset2_mosmed/processed/lung_masks/study_0286_slice_019.npy,data/dataset2_mosmed/scribbles/study_0286_slice_019.npy,654,26351,195,218
study_0286,20,data/dataset2_mosmed/processed/images/study_0286_slice_019.npy,data/dataset2_mosmed/processed/images/study_0286_slice_020.npy,data/dataset2_mosmed/processed/images/study_0286_slice_021.npy,data/dataset2_mosmed/processed/infection_masks/study_0286_slice_020.npy,data/dataset2_mosmed/processed/lung_masks/study_0286_slice_020.npy,data/dataset2_mosmed/scribbles/study_0286_slice_020.npy,699,26363,250,216
study_0286,21,data/dataset2_mosmed/processed/images/study_0286_slice_020.npy,data/dataset2_mosmed/processed/images/study_0286_slice_021.npy,data/dataset2_mosmed/processed/images/study_0286_slice_022.npy,data/dataset2_mosmed/processed/infection_masks/study_0286_slice_021.npy,data/dataset2_mosmed/processed/lung_masks/study_0286_slice_021.npy,data/dataset2_mosmed/scribbles/study_0286_slice_021.npy,419,25872,148,220
study_0286,22,data/dataset2_mosmed/processed/images/study_0286_slice_021.npy,data/dataset2_mosmed/processed/images/study_0286_slice_022.npy,data/dataset2_mosmed/processed/images/study_0286_slice_023.npy,data/dataset2_mosmed/processed/infection_masks/study_0286_slice_022.npy,data/dataset2_mosmed/processed/lung_masks/study_0286_slice_022.npy,data/dataset2_mosmed/scribbles/study_0286_slice_022.npy,331,26027,111,221
study_0286,23,data/dataset2_mosmed/processed/images/study_0286_slice_022.npy,data/dataset2_mosmed/processed/images/study_0286_slice_023.npy,data/dataset2_mosmed/processed/images/study_0286_slice_024.npy,data/dataset2_mosmed/processed/infection_masks/study_0286_slice_023.npy,data/dataset2_mosmed/processed/lung_masks/study_0286_slice_023.npy,data/dataset2_mosmed/scribbles/study_0286_slice_023.npy,74,25468,23,224
study_0286,24,data/dataset2_mosmed/processed/images/study_0286_slice_023.npy,data/dataset2_mosmed/processed/images/study_0286_slice_024.npy,data/dataset2_mosmed/processed/images/study_0286_slice_025.npy,data/dataset2_mosmed/processed/infection_masks/study_0286_slice_024.npy,data/dataset2_mosmed/processed/lung_masks/study_0286_slice_024.npy,data/dataset2_mosmed/scribbles/study_0286_slice_024.npy,177,25370,68,221
study_0286,25,data/dataset2_mosmed/processed/images/study_0286_slice_024.npy,data/dataset2_mosmed/processed/images/study_0286_slice_025.npy,data/dataset2_mosmed/processed/images/study_0286_slice_026.npy,data/dataset2_mosmed/processed/infection_masks/study_0286_slice_025.npy,data/dataset2_mosmed/processed/lung_masks/study_0286_slice_025.npy,data/dataset2_mosmed/scribbles/study_0286_slice_025.npy,65,25182,30,223
study_0286,26,data/dataset2_mosmed/processed/images/study_0286_slice_025.npy,data/dataset2_mosmed/processed/images/study_0286_slice_026.npy,data/dataset2_mosmed/processed/images/study_0286_slice_027.npy,data/dataset2_mosmed/processed/infection_masks/study_0286_slice_026.npy,data/dataset2_mosmed/processed/lung_masks/study_0286_slice_026.npy,data/dataset2_mosmed/scribbles/study_0286_slice_026.npy,57,18129,24,222
study_0286,27,data/dataset2_mosmed/processed/images/study_0286_slice_026.npy,data/dataset2_mosmed/processed/images/study_0286_slice_027.npy,data/dataset2_mosmed/processed/images/study_0286_slice_028.npy,data/dataset2_mosmed/processed/infection_masks/study_0286_slice_027.npy,data/dataset2_mosmed/processed/lung_masks/study_0286_slice_027.npy,data/dataset2_mosmed/scribbles/study_0286_slice_027.npy,40,18683,20,225
study_0286,28,data/dataset2_mosmed/processed/images/study_0286_slice_027.npy,data/dataset2_mosmed/processed/images/study_0286_slice_028.npy,data/dataset2_mosmed/processed/images/study_0286_slice_029.npy,data/dataset2_mosmed/processed/infection_masks/study_0286_slice_028.npy,data/dataset2_mosmed/processed/lung_masks/study_0286_slice_028.npy,data/dataset2_mosmed/scribbles/study_0286_slice_028.npy,0,19346,0,0
study_0286,29,data/dataset2_mosmed/processed/images/study_0286_slice_028.npy,data/dataset2_mosmed/processed/images/study_0286_slice_029.npy,data/dataset2_mosmed/processed/images/study_0286_slice_030.npy,data/dataset2_mosmed/processed/infection_masks/study_0286_slice_029.npy,data/dataset2_mosmed/processed/lung_masks/study_0286_slice_029.npy,data/dataset2_mosmed/scribbles/study_0286_slice_029.npy,0,20103,0,0
study_0286,30,data/dataset2_mosmed/processed/images/study_0286_slice_029.npy,data/dataset2_mosmed/processed/images/study_0286_slice_030.npy,data/dataset2_mosmed/processed/images/study_0286_slice_031.npy,data/dataset2_mosmed/processed/infection_masks/study_0286_slice_030.npy,data/dataset2_mosmed/processed/lung_masks/study_0286_slice_030.npy,data/dataset2_mosmed/scribbles/study_0286_slice_030.npy,107,23125,29,224
study_0286,31,data/dataset2_mosmed/processed/images/study_0286_slice_030.npy,data/dataset2_mosmed/processed/images/study_0286_slice_031.npy,data/dataset2_mosmed/processed/images/study_0286_slice_032.npy,data/dataset2_mosmed/processed/infection_masks/study_0286_slice_031.npy,data/dataset2_mosmed/processed/lung_masks/study_0286_slice_031.npy,data/dataset2_mosmed/scribbles/study_0286_slice_031.npy,113,22366,51,224
study_0286,32,data/dataset2_mosmed/processed/images/study_0286_slice_031.npy,data/dataset2_mosmed/processed/images/study_0286_slice_032.npy,data/dataset2_mosmed/processed/images/study_0286_slice_033.npy,data/dataset2_mosmed/processed/infection_masks/study_0286_slice_032.npy,data/dataset2_mosmed/processed/lung_masks/study_0286_slice_032.npy,data/dataset2_mosmed/scribbles/study_0286_slice_032.npy,160,22843,58,223
study_0286,33,data/dataset2_mosmed/processed/images/study_0286_slice_032.npy,data/dataset2_mosmed/processed/images/study_0286_slice_033.npy,data/dataset2_mosmed/processed/images/study_0286_slice_034.npy,data/dataset2_mosmed/processed/infection_masks/study_0286_slice_033.npy,data/dataset2_mosmed/processed/lung_masks/study_0286_slice_033.npy,data/dataset2_mosmed/scribbles/study_0286_slice_033.npy,0,24200,0,0
study_0286,34,data/dataset2_mosmed/processed/images/study_0286_slice_033.npy,data/dataset2_mosmed/processed/images/study_0286_slice_034.npy,data/dataset2_mosmed/processed/images/study_0286_slice_034.npy,data/dataset2_mosmed/processed/infection_masks/study_0286_slice_034.npy,data/dataset2_mosmed/processed/lung_masks/study_0286_slice_034.npy,data/dataset2_mosmed/scribbles/study_0286_slice_034.npy,0,25461,0,0
study_0287,26,data/dataset2_mosmed/processed/images/study_0287_slice_026.npy,data/dataset2_mosmed/processed/images/study_0287_slice_026.npy,data/dataset2_mosmed/processed/images/study_0287_slice_027.npy,data/dataset2_mosmed/processed/infection_masks/study_0287_slice_026.npy,data/dataset2_mosmed/processed/lung_masks/study_0287_slice_026.npy,data/dataset2_mosmed/scribbles/study_0287_slice_026.npy,0,27844,0,0
study_0287,27,data/dataset2_mosmed/processed/images/study_0287_slice_026.npy,data/dataset2_mosmed/processed/images/study_0287_slice_027.npy,data/dataset2_mosmed/processed/images/study_0287_slice_028.npy,data/dataset2_mosmed/processed/infection_masks/study_0287_slice_027.npy,data/dataset2_mosmed/processed/lung_masks/study_0287_slice_027.npy,data/dataset2_mosmed/scribbles/study_0287_slice_027.npy,0,27612,0,0
study_0287,28,data/dataset2_mosmed/processed/images/study_0287_slice_027.npy,data/dataset2_mosmed/processed/images/study_0287_slice_028.npy,data/dataset2_mosmed/processed/images/study_0287_slice_029.npy,data/dataset2_mosmed/processed/infection_masks/study_0287_slice_028.npy,data/dataset2_mosmed/processed/lung_masks/study_0287_slice_028.npy,data/dataset2_mosmed/scribbles/study_0287_slice_028.npy,23,27325,8,224
study_0287,29,data/dataset2_mosmed/processed/images/study_0287_slice_028.npy,data/dataset2_mosmed/processed/images/study_0287_slice_029.npy,data/dataset2_mosmed/processed/images/study_0287_slice_030.npy,data/dataset2_mosmed/processed/infection_masks/study_0287_slice_029.npy,data/dataset2_mosmed/processed/lung_masks/study_0287_slice_029.npy,data/dataset2_mosmed/scribbles/study_0287_slice_029.npy,0,26744,0,0
study_0287,30,data/dataset2_mosmed/processed/images/study_0287_slice_029.npy,data/dataset2_mosmed/processed/images/study_0287_slice_030.npy,data/dataset2_mosmed/processed/images/study_0287_slice_030.npy,data/dataset2_mosmed/processed/infection_masks/study_0287_slice_030.npy,data/dataset2_mosmed/processed/lung_masks/study_0287_slice_030.npy,data/dataset2_mosmed/scribbles/study_0287_slice_030.npy,0,26656,0,0
study_0288,0,data/dataset2_mosmed/processed/images/study_0288_slice_000.npy,data/dataset2_mosmed/processed/images/study_0288_slice_000.npy,data/dataset2_mosmed/processed/images/study_0288_slice_001.npy,data/dataset2_mosmed/processed/infection_masks/study_0288_slice_000.npy,data/dataset2_mosmed/processed/lung_masks/study_0288_slice_000.npy,data/dataset2_mosmed/scribbles/study_0288_slice_000.npy,0,62500,0,0
study_0288,1,data/dataset2_mosmed/processed/images/study_0288_slice_000.npy,data/dataset2_mosmed/processed/images/study_0288_slice_001.npy,data/dataset2_mosmed/processed/images/study_0288_slice_002.npy,data/dataset2_mosmed/processed/infection_masks/study_0288_slice_001.npy,data/dataset2_mosmed/processed/lung_masks/study_0288_slice_001.npy,data/dataset2_mosmed/scribbles/study_0288_slice_001.npy,0,62500,0,0
study_0288,2,data/dataset2_mosmed/processed/images/study_0288_slice_001.npy,data/dataset2_mosmed/processed/images/study_0288_slice_002.npy,data/dataset2_mosmed/processed/images/study_0288_slice_003.npy,data/dataset2_mosmed/processed/infection_masks/study_0288_slice_002.npy,data/dataset2_mosmed/processed/lung_masks/study_0288_slice_002.npy,data/dataset2_mosmed/scribbles/study_0288_slice_002.npy,40,62500,18,224
study_0288,3,data/dataset2_mosmed/processed/images/study_0288_slice_002.npy,data/dataset2_mosmed/processed/images/study_0288_slice_003.npy,data/dataset2_mosmed/processed/images/study_0288_slice_004.npy,data/dataset2_mosmed/processed/infection_masks/study_0288_slice_003.npy,data/dataset2_mosmed/processed/lung_masks/study_0288_slice_003.npy,data/dataset2_mosmed/scribbles/study_0288_slice_003.npy,248,62500,84,222
study_0288,4,data/dataset2_mosmed/processed/images/study_0288_slice_003.npy,data/dataset2_mosmed/processed/images/study_0288_slice_004.npy,data/dataset2_mosmed/processed/images/study_0288_slice_005.npy,data/dataset2_mosmed/processed/infection_masks/study_0288_slice_004.npy,data/dataset2_mosmed/processed/lung_masks/study_0288_slice_004.npy,data/dataset2_mosmed/scribbles/study_0288_slice_004.npy,418,62500,101,221
study_0288,5,data/dataset2_mosmed/processed/images/study_0288_slice_004.npy,data/dataset2_mosmed/processed/images/study_0288_slice_005.npy,data/dataset2_mosmed/processed/images/study_0288_slice_006.npy,data/dataset2_mosmed/processed/infection_masks/study_0288_slice_005.npy,data/dataset2_mosmed/processed/lung_masks/study_0288_slice_005.npy,data/dataset2_mosmed/scribbles/study_0288_slice_005.npy,716,62500,193,219
study_0288,6,data/dataset2_mosmed/processed/images/study_0288_slice_005.npy,data/dataset2_mosmed/processed/images/study_0288_slice_006.npy,data/dataset2_mosmed/processed/images/study_0288_slice_007.npy,data/dataset2_mosmed/processed/infection_masks/study_0288_slice_006.npy,data/dataset2_mosmed/processed/lung_masks/study_0288_slice_006.npy,data/dataset2_mosmed/scribbles/study_0288_slice_006.npy,725,62500,208,220
study_0288,7,data/dataset2_mosmed/processed/images/study_0288_slice_006.npy,data/dataset2_mosmed/processed/images/study_0288_slice_007.npy,data/dataset2_mosmed/processed/images/study_0288_slice_008.npy,data/dataset2_mosmed/processed/infection_masks/study_0288_slice_007.npy,data/dataset2_mosmed/processed/lung_masks/study_0288_slice_007.npy,data/dataset2_mosmed/scribbles/study_0288_slice_007.npy,861,62500,257,220
study_0288,8,data/dataset2_mosmed/processed/images/study_0288_slice_007.npy,data/dataset2_mosmed/processed/images/study_0288_slice_008.npy,data/dataset2_mosmed/processed/images/study_0288_slice_009.npy,data/dataset2_mosmed/processed/infection_masks/study_0288_slice_008.npy,data/dataset2_mosmed/processed/lung_masks/study_0288_slice_008.npy,data/dataset2_mosmed/scribbles/study_0288_slice_008.npy,1229,62500,392,213
study_0288,9,data/dataset2_mosmed/processed/images/study_0288_slice_008.npy,data/dataset2_mosmed/processed/images/study_0288_slice_009.npy,data/dataset2_mosmed/processed/images/study_0288_slice_010.npy,data/dataset2_mosmed/processed/infection_masks/study_0288_slice_009.npy,data/dataset2_mosmed/processed/lung_masks/study_0288_slice_009.npy,data/dataset2_mosmed/scribbles/study_0288_slice_009.npy,1253,28381,430,216
study_0288,10,data/dataset2_mosmed/processed/images/study_0288_slice_009.npy,data/dataset2_mosmed/processed/images/study_0288_slice_010.npy,data/dataset2_mosmed/processed/images/study_0288_slice_011.npy,data/dataset2_mosmed/processed/infection_masks/study_0288_slice_010.npy,data/dataset2_mosmed/processed/lung_masks/study_0288_slice_010.npy,data/dataset2_mosmed/scribbles/study_0288_slice_010.npy,1665,29100,452,215
study_0288,11,data/dataset2_mosmed/processed/images/study_0288_slice_010.npy,data/dataset2_mosmed/processed/images/study_0288_slice_011.npy,data/dataset2_mosmed/processed/images/study_0288_slice_012.npy,data/dataset2_mosmed/processed/infection_masks/study_0288_slice_011.npy,data/dataset2_mosmed/processed/lung_masks/study_0288_slice_011.npy,data/dataset2_mosmed/scribbles/study_0288_slice_011.npy,1756,24957,453,211
study_0288,12,data/dataset2_mosmed/processed/images/study_0288_slice_011.npy,data/dataset2_mosmed/processed/images/study_0288_slice_012.npy,data/dataset2_mosmed/processed/images/study_0288_slice_013.npy,data/dataset2_mosmed/processed/infection_masks/study_0288_slice_012.npy,data/dataset2_mosmed/processed/lung_masks/study_0288_slice_012.npy,data/dataset2_mosmed/scribbles/study_0288_slice_012.npy,1569,25019,374,214
study_0288,13,data/dataset2_mosmed/processed/images/study_0288_slice_012.npy,data/dataset2_mosmed/processed/images/study_0288_slice_013.npy,data/dataset2_mosmed/processed/images/study_0288_slice_014.npy,data/dataset2_mosmed/processed/infection_masks/study_0288_slice_013.npy,data/dataset2_mosmed/processed/lung_masks/study_0288_slice_013.npy,data/dataset2_mosmed/scribbles/study_0288_slice_013.npy,1428,27556,294,216
study_0288,14,data/dataset2_mosmed/processed/images/study_0288_slice_013.npy,data/dataset2_mosmed/processed/images/study_0288_slice_014.npy,data/dataset2_mosmed/processed/images/study_0288_slice_015.npy,data/dataset2_mosmed/processed/infection_masks/study_0288_slice_014.npy,data/dataset2_mosmed/processed/lung_masks/study_0288_slice_014.npy,data/dataset2_mosmed/scribbles/study_0288_slice_014.npy,1496,25213,194,216
study_0288,15,data/dataset2_mosmed/processed/images/study_0288_slice_014.npy,data/dataset2_mosmed/processed/images/study_0288_slice_015.npy,data/dataset2_mosmed/processed/images/study_0288_slice_016.npy,data/dataset2_mosmed/processed/infection_masks/study_0288_slice_015.npy,data/dataset2_mosmed/processed/lung_masks/study_0288_slice_015.npy,data/dataset2_mosmed/scribbles/study_0288_slice_015.npy,1161,25308,246,216
study_0288,16,data/dataset2_mosmed/processed/images/study_0288_slice_015.npy,data/dataset2_mosmed/processed/images/study_0288_slice_016.npy,data/dataset2_mosmed/processed/images/study_0288_slice_017.npy,data/dataset2_mosmed/processed/infection_masks/study_0288_slice_016.npy,data/dataset2_mosmed/processed/lung_masks/study_0288_slice_016.npy,data/dataset2_mosmed/scribbles/study_0288_slice_016.npy,1102,25402,305,216
study_0288,17,data/dataset2_mosmed/processed/images/study_0288_slice_016.npy,data/dataset2_mosmed/processed/images/study_0288_slice_017.npy,data/dataset2_mosmed/processed/images/study_0288_slice_018.npy,data/dataset2_mosmed/processed/infection_masks/study_0288_slice_017.npy,data/dataset2_mosmed/processed/lung_masks/study_0288_slice_017.npy,data/dataset2_mosmed/scribbles/study_0288_slice_017.npy,802,25487,201,217
study_0288,18,data/dataset2_mosmed/processed/images/study_0288_slice_017.npy,data/dataset2_mosmed/processed/images/study_0288_slice_018.npy,data/dataset2_mosmed/processed/images/study_0288_slice_019.npy,data/dataset2_mosmed/processed/infection_masks/study_0288_slice_018.npy,data/dataset2_mosmed/processed/lung_masks/study_0288_slice_018.npy,data/dataset2_mosmed/scribbles/study_0288_slice_018.npy,756,25562,217,216
study_0288,19,data/dataset2_mosmed/processed/images/study_0288_slice_018.npy,data/dataset2_mosmed/processed/images/study_0288_slice_019.npy,data/dataset2_mosmed/processed/images/study_0288_slice_020.npy,data/dataset2_mosmed/processed/infection_masks/study_0288_slice_019.npy,data/dataset2_mosmed/processed/lung_masks/study_0288_slice_019.npy,data/dataset2_mosmed/scribbles/study_0288_slice_019.npy,959,25569,272,217
study_0288,20,data/dataset2_mosmed/processed/images/study_0288_slice_019.npy,data/dataset2_mosmed/processed/images/study_0288_slice_020.npy,data/dataset2_mosmed/processed/images/study_0288_slice_021.npy,data/dataset2_mosmed/processed/infection_masks/study_0288_slice_020.npy,data/dataset2_mosmed/processed/lung_masks/study_0288_slice_020.npy,data/dataset2_mosmed/scribbles/study_0288_slice_020.npy,613,25527,149,219
study_0288,21,data/dataset2_mosmed/processed/images/study_0288_slice_020.npy,data/dataset2_mosmed/processed/images/study_0288_slice_021.npy,data/dataset2_mosmed/processed/images/study_0288_slice_022.npy,data/dataset2_mosmed/processed/infection_masks/study_0288_slice_021.npy,data/dataset2_mosmed/processed/lung_masks/study_0288_slice_021.npy,data/dataset2_mosmed/scribbles/study_0288_slice_021.npy,325,25550,110,222
study_0288,22,data/dataset2_mosmed/processed/images/study_0288_slice_021.npy,data/dataset2_mosmed/processed/images/study_0288_slice_022.npy,data/dataset2_mosmed/processed/images/study_0288_slice_023.npy,data/dataset2_mosmed/processed/infection_masks/study_0288_slice_022.npy,data/dataset2_mosmed/processed/lung_masks/study_0288_slice_022.npy,data/dataset2_mosmed/scribbles/study_0288_slice_022.npy,617,25589,229,219
study_0288,23,data/dataset2_mosmed/processed/images/study_0288_slice_022.npy,data/dataset2_mosmed/processed/images/study_0288_slice_023.npy,data/dataset2_mosmed/processed/images/study_0288_slice_024.npy,data/dataset2_mosmed/processed/infection_masks/study_0288_slice_023.npy,data/dataset2_mosmed/processed/lung_masks/study_0288_slice_023.npy,data/dataset2_mosmed/scribbles/study_0288_slice_023.npy,312,25651,80,223
study_0288,24,data/dataset2_mosmed/processed/images/study_0288_slice_023.npy,data/dataset2_mosmed/processed/images/study_0288_slice_024.npy,data/dataset2_mosmed/processed/images/study_0288_slice_025.npy,data/dataset2_mosmed/processed/infection_masks/study_0288_slice_024.npy,data/dataset2_mosmed/processed/lung_masks/study_0288_slice_024.npy,data/dataset2_mosmed/scribbles/study_0288_slice_024.npy,23,25702,8,224
study_0288,25,data/dataset2_mosmed/processed/images/study_0288_slice_024.npy,data/dataset2_mosmed/processed/images/study_0288_slice_025.npy,data/dataset2_mosmed/processed/images/study_0288_slice_026.npy,data/dataset2_mosmed/processed/infection_masks/study_0288_slice_025.npy,data/dataset2_mosmed/processed/lung_masks/study_0288_slice_025.npy,data/dataset2_mosmed/scribbles/study_0288_slice_025.npy,0,31794,0,0
study_0288,26,data/dataset2_mosmed/processed/images/study_0288_slice_025.npy,data/dataset2_mosmed/processed/images/study_0288_slice_026.npy,data/dataset2_mosmed/processed/images/study_0288_slice_026.npy,data/dataset2_mosmed/processed/infection_masks/study_0288_slice_026.npy,data/dataset2_mosmed/processed/lung_masks/study_0288_slice_026.npy,data/dataset2_mosmed/scribbles/study_0288_slice_026.npy,0,32035,0,0
study_0290,5,data/dataset2_mosmed/processed/images/study_0290_slice_005.npy,data/dataset2_mosmed/processed/images/study_0290_slice_005.npy,data/dataset2_mosmed/processed/images/study_0290_slice_006.npy,data/dataset2_mosmed/processed/infection_masks/study_0290_slice_005.npy,data/dataset2_mosmed/processed/lung_masks/study_0290_slice_005.npy,data/dataset2_mosmed/scribbles/study_0290_slice_005.npy,0,31148,0,0
study_0290,6,data/dataset2_mosmed/processed/images/study_0290_slice_005.npy,data/dataset2_mosmed/processed/images/study_0290_slice_006.npy,data/dataset2_mosmed/processed/images/study_0290_slice_007.npy,data/dataset2_mosmed/processed/infection_masks/study_0290_slice_006.npy,data/dataset2_mosmed/processed/lung_masks/study_0290_slice_006.npy,data/dataset2_mosmed/scribbles/study_0290_slice_006.npy,0,31442,0,0
study_0290,7,data/dataset2_mosmed/processed/images/study_0290_slice_006.npy,data/dataset2_mosmed/processed/images/study_0290_slice_007.npy,data/dataset2_mosmed/processed/images/study_0290_slice_008.npy,data/dataset2_mosmed/processed/infection_masks/study_0290_slice_007.npy,data/dataset2_mosmed/processed/lung_masks/study_0290_slice_007.npy,data/dataset2_mosmed/scribbles/study_0290_slice_007.npy,56,31764,3,225
study_0290,8,data/dataset2_mosmed/processed/images/study_0290_slice_007.npy,data/dataset2_mosmed/processed/images/study_0290_slice_008.npy,data/dataset2_mosmed/processed/images/study_0290_slice_009.npy,data/dataset2_mosmed/processed/infection_masks/study_0290_slice_008.npy,data/dataset2_mosmed/processed/lung_masks/study_0290_slice_008.npy,data/dataset2_mosmed/scribbles/study_0290_slice_008.npy,51,32270,12,224
study_0290,9,data/dataset2_mosmed/processed/images/study_0290_slice_008.npy,data/dataset2_mosmed/processed/images/study_0290_slice_009.npy,data/dataset2_mosmed/processed/images/study_0290_slice_010.npy,data/dataset2_mosmed/processed/infection_masks/study_0290_slice_009.npy,data/dataset2_mosmed/processed/lung_masks/study_0290_slice_009.npy,data/dataset2_mosmed/scribbles/study_0290_slice_009.npy,152,32990,28,224
study_0290,10,data/dataset2_mosmed/processed/images/study_0290_slice_009.npy,data/dataset2_mosmed/processed/images/study_0290_slice_010.npy,data/dataset2_mosmed/processed/images/study_0290_slice_011.npy,data/dataset2_mosmed/processed/infection_masks/study_0290_slice_010.npy,data/dataset2_mosmed/processed/lung_masks/study_0290_slice_010.npy,data/dataset2_mosmed/scribbles/study_0290_slice_010.npy,344,33817,48,223
study_0290,11,data/dataset2_mosmed/processed/images/study_0290_slice_010.npy,data/dataset2_mosmed/processed/images/study_0290_slice_011.npy,data/dataset2_mosmed/processed/images/study_0290_slice_012.npy,data/dataset2_mosmed/processed/infection_masks/study_0290_slice_011.npy,data/dataset2_mosmed/processed/lung_masks/study_0290_slice_011.npy,data/dataset2_mosmed/scribbles/study_0290_slice_011.npy,491,42379,108,220
study_0290,12,data/dataset2_mosmed/processed/images/study_0290_slice_011.npy,data/dataset2_mosmed/processed/images/study_0290_slice_012.npy,data/dataset2_mosmed/processed/images/study_0290_slice_013.npy,data/dataset2_mosmed/processed/infection_masks/study_0290_slice_012.npy,data/dataset2_mosmed/processed/lung_masks/study_0290_slice_012.npy,data/dataset2_mosmed/scribbles/study_0290_slice_012.npy,540,43734,94,221
study_0290,13,data/dataset2_mosmed/processed/images/study_0290_slice_012.npy,data/dataset2_mosmed/processed/images/study_0290_slice_013.npy,data/dataset2_mosmed/processed/images/study_0290_slice_014.npy,data/dataset2_mosmed/processed/infection_masks/study_0290_slice_013.npy,data/dataset2_mosmed/processed/lung_masks/study_0290_slice_013.npy,data/dataset2_mosmed/scribbles/study_0290_slice_013.npy,885,43537,63,220
study_0290,14,data/dataset2_mosmed/processed/images/study_0290_slice_013.npy,data/dataset2_mosmed/processed/images/study_0290_slice_014.npy,data/dataset2_mosmed/processed/images/study_0290_slice_015.npy,data/dataset2_mosmed/processed/infection_masks/study_0290_slice_014.npy,data/dataset2_mosmed/processed/lung_masks/study_0290_slice_014.npy,data/dataset2_mosmed/scribbles/study_0290_slice_014.npy,758,36217,90,220
study_0290,15,data/dataset2_mosmed/processed/images/study_0290_slice_014.npy,data/dataset2_mosmed/processed/images/study_0290_slice_015.npy,data/dataset2_mosmed/processed/images/study_0290_slice_016.npy,data/dataset2_mosmed/processed/infection_masks/study_0290_slice_015.npy,data/dataset2_mosmed/processed/lung_masks/study_0290_slice_015.npy,data/dataset2_mosmed/scribbles/study_0290_slice_015.npy,537,26029,113,221
study_0290,16,data/dataset2_mosmed/processed/images/study_0290_slice_015.npy,data/dataset2_mosmed/processed/images/study_0290_slice_016.npy,data/dataset2_mosmed/processed/images/study_0290_slice_017.npy,data/dataset2_mosmed/processed/infection_masks/study_0290_slice_016.npy,data/dataset2_mosmed/processed/lung_masks/study_0290_slice_016.npy,data/dataset2_mosmed/scribbles/study_0290_slice_016.npy,357,25552,106,221
study_0290,17,data/dataset2_mosmed/processed/images/study_0290_slice_016.npy,data/dataset2_mosmed/processed/images/study_0290_slice_017.npy,data/dataset2_mosmed/processed/images/study_0290_slice_018.npy,data/dataset2_mosmed/processed/infection_masks/study_0290_slice_017.npy,data/dataset2_mosmed/processed/lung_masks/study_0290_slice_017.npy,data/dataset2_mosmed/scribbles/study_0290_slice_017.npy,277,24961,73,223
study_0290,18,data/dataset2_mosmed/processed/images/study_0290_slice_017.npy,data/dataset2_mosmed/processed/images/study_0290_slice_018.npy,data/dataset2_mosmed/processed/images/study_0290_slice_019.npy,data/dataset2_mosmed/processed/infection_masks/study_0290_slice_018.npy,data/dataset2_mosmed/processed/lung_masks/study_0290_slice_018.npy,data/dataset2_mosmed/scribbles/study_0290_slice_018.npy,0,24482,0,0
study_0290,19,data/dataset2_mosmed/processed/images/study_0290_slice_018.npy,data/dataset2_mosmed/processed/images/study_0290_slice_019.npy,data/dataset2_mosmed/processed/images/study_0290_slice_020.npy,data/dataset2_mosmed/processed/infection_masks/study_0290_slice_019.npy,data/dataset2_mosmed/processed/lung_masks/study_0290_slice_019.npy,data/dataset2_mosmed/scribbles/study_0290_slice_019.npy,109,24202,31,223
study_0290,20,data/dataset2_mosmed/processed/images/study_0290_slice_019.npy,data/dataset2_mosmed/processed/images/study_0290_slice_020.npy,data/dataset2_mosmed/processed/images/study_0290_slice_021.npy,data/dataset2_mosmed/processed/infection_masks/study_0290_slice_020.npy,data/dataset2_mosmed/processed/lung_masks/study_0290_slice_020.npy,data/dataset2_mosmed/scribbles/study_0290_slice_020.npy,0,24090,0,0
study_0290,21,data/dataset2_mosmed/processed/images/study_0290_slice_020.npy,data/dataset2_mosmed/processed/images/study_0290_slice_021.npy,data/dataset2_mosmed/processed/images/study_0290_slice_023.npy,data/dataset2_mosmed/processed/infection_masks/study_0290_slice_021.npy,data/dataset2_mosmed/processed/lung_masks/study_0290_slice_021.npy,data/dataset2_mosmed/scribbles/study_0290_slice_021.npy,0,24065,0,0
study_0290,23,data/dataset2_mosmed/processed/images/study_0290_slice_021.npy,data/dataset2_mosmed/processed/images/study_0290_slice_023.npy,data/dataset2_mosmed/processed/images/study_0290_slice_024.npy,data/dataset2_mosmed/processed/infection_masks/study_0290_slice_023.npy,data/dataset2_mosmed/processed/lung_masks/study_0290_slice_023.npy,data/dataset2_mosmed/scribbles/study_0290_slice_023.npy,0,30677,0,0
study_0290,24,data/dataset2_mosmed/processed/images/study_0290_slice_023.npy,data/dataset2_mosmed/processed/images/study_0290_slice_024.npy,data/dataset2_mosmed/processed/images/study_0290_slice_025.npy,data/dataset2_mosmed/processed/infection_masks/study_0290_slice_024.npy,data/dataset2_mosmed/processed/lung_masks/study_0290_slice_024.npy,data/dataset2_mosmed/scribbles/study_0290_slice_024.npy,0,30974,0,0
study_0290,25,data/dataset2_mosmed/processed/images/study_0290_slice_024.npy,data/dataset2_mosmed/processed/images/study_0290_slice_025.npy,data/dataset2_mosmed/processed/images/study_0290_slice_026.npy,data/dataset2_mosmed/processed/infection_masks/study_0290_slice_025.npy,data/dataset2_mosmed/processed/lung_masks/study_0290_slice_025.npy,data/dataset2_mosmed/scribbles/study_0290_slice_025.npy,50,30858,7,225
study_0290,26,data/dataset2_mosmed/processed/images/study_0290_slice_025.npy,data/dataset2_mosmed/processed/images/study_0290_slice_026.npy,data/dataset2_mosmed/processed/images/study_0290_slice_027.npy,data/dataset2_mosmed/processed/infection_masks/study_0290_slice_026.npy,data/dataset2_mosmed/processed/lung_masks/study_0290_slice_026.npy,data/dataset2_mosmed/scribbles/study_0290_slice_026.npy,0,31104,0,0
study_0290,27,data/dataset2_mosmed/processed/images/study_0290_slice_026.npy,data/dataset2_mosmed/processed/images/study_0290_slice_027.npy,data/dataset2_mosmed/processed/images/study_0290_slice_027.npy,data/dataset2_mosmed/processed/infection_masks/study_0290_slice_027.npy,data/dataset2_mosmed/processed/lung_masks/study_0290_slice_027.npy,data/dataset2_mosmed/scribbles/study_0290_slice_027.npy,0,31428,0,0
study_0291,12,data/dataset2_mosmed/processed/images/study_0291_slice_012.npy,data/dataset2_mosmed/processed/images/study_0291_slice_012.npy,data/dataset2_mosmed/processed/images/study_0291_slice_013.npy,data/dataset2_mosmed/processed/infection_masks/study_0291_slice_012.npy,data/dataset2_mosmed/processed/lung_masks/study_0291_slice_012.npy,data/dataset2_mosmed/scribbles/study_0291_slice_012.npy,0,62500,0,0
study_0291,13,data/dataset2_mosmed/processed/images/study_0291_slice_012.npy,data/dataset2_mosmed/processed/images/study_0291_slice_013.npy,data/dataset2_mosmed/processed/images/study_0291_slice_014.npy,data/dataset2_mosmed/processed/infection_masks/study_0291_slice_013.npy,data/dataset2_mosmed/processed/lung_masks/study_0291_slice_013.npy,data/dataset2_mosmed/scribbles/study_0291_slice_013.npy,0,62500,0,0
study_0291,14,data/dataset2_mosmed/processed/images/study_0291_slice_013.npy,data/dataset2_mosmed/processed/images/study_0291_slice_014.npy,data/dataset2_mosmed/processed/images/study_0291_slice_015.npy,data/dataset2_mosmed/processed/infection_masks/study_0291_slice_014.npy,data/dataset2_mosmed/processed/lung_masks/study_0291_slice_014.npy,data/dataset2_mosmed/scribbles/study_0291_slice_014.npy,88,62500,34,224
study_0291,15,data/dataset2_mosmed/processed/images/study_0291_slice_014.npy,data/dataset2_mosmed/processed/images/study_0291_slice_015.npy,data/dataset2_mosmed/processed/images/study_0291_slice_016.npy,data/dataset2_mosmed/processed/infection_masks/study_0291_slice_015.npy,data/dataset2_mosmed/processed/lung_masks/study_0291_slice_015.npy,data/dataset2_mosmed/scribbles/study_0291_slice_015.npy,380,62500,103,222
study_0291,16,data/dataset2_mosmed/processed/images/study_0291_slice_015.npy,data/dataset2_mosmed/processed/images/study_0291_slice_016.npy,data/dataset2_mosmed/processed/images/study_0291_slice_017.npy,data/dataset2_mosmed/processed/infection_masks/study_0291_slice_016.npy,data/dataset2_mosmed/processed/lung_masks/study_0291_slice_016.npy,data/dataset2_mosmed/scribbles/study_0291_slice_016.npy,631,62500,141,221
study_0291,17,data/dataset2_mosmed/processed/images/study_0291_slice_016.npy,data/dataset2_mosmed/processed/images/study_0291_slice_017.npy,data/dataset2_mosmed/processed/images/study_0291_slice_018.npy,data/dataset2_mosmed/processed/infection_masks/study_0291_slice_017.npy,data/dataset2_mosmed/processed/lung_masks/study_0291_slice_017.npy,data/dataset2_mosmed/scribbles/study_0291_slice_017.npy,797,62500,144,219
study_0291,18,data/dataset2_mosmed/processed/images/study_0291_slice_017.npy,data/dataset2_mosmed/processed/images/study_0291_slice_018.npy,data/dataset2_mosmed/processed/images/study_0291_slice_019.npy,data/dataset2_mosmed/processed/infection_masks/study_0291_slice_018.npy,data/dataset2_mosmed/processed/lung_masks/study_0291_slice_018.npy,data/dataset2_mosmed/scribbles/study_0291_slice_018.npy,827,62500,185,219
study_0291,19,data/dataset2_mosmed/processed/images/study_0291_slice_018.npy,data/dataset2_mosmed/processed/images/study_0291_slice_019.npy,data/dataset2_mosmed/processed/images/study_0291_slice_020.npy,data/dataset2_mosmed/processed/infection_masks/study_0291_slice_019.npy,data/dataset2_mosmed/processed/lung_masks/study_0291_slice_019.npy,data/dataset2_mosmed/scribbles/study_0291_slice_019.npy,904,41404,142,219
study_0291,20,data/dataset2_mosmed/processed/images/study_0291_slice_019.npy,data/dataset2_mosmed/processed/images/study_0291_slice_020.npy,data/dataset2_mosmed/processed/images/study_0291_slice_021.npy,data/dataset2_mosmed/processed/infection_masks/study_0291_slice_020.npy,data/dataset2_mosmed/processed/lung_masks/study_0291_slice_020.npy,data/dataset2_mosmed/scribbles/study_0291_slice_020.npy,942,29069,213,219
study_0291,21,data/dataset2_mosmed/processed/images/study_0291_slice_020.npy,data/dataset2_mosmed/processed/images/study_0291_slice_021.npy,data/dataset2_mosmed/processed/images/study_0291_slice_022.npy,data/dataset2_mosmed/processed/infection_masks/study_0291_slice_021.npy,data/dataset2_mosmed/processed/lung_masks/study_0291_slice_021.npy,data/dataset2_mosmed/scribbles/study_0291_slice_021.npy,935,28893,237,219
study_0291,22,data/dataset2_mosmed/processed/images/study_0291_slice_021.npy,data/dataset2_mosmed/processed/images/study_0291_slice_022.npy,data/dataset2_mosmed/processed/images/study_0291_slice_023.npy,data/dataset2_mosmed/processed/infection_masks/study_0291_slice_022.npy,data/dataset2_mosmed/processed/lung_masks/study_0291_slice_022.npy,data/dataset2_mosmed/scribbles/study_0291_slice_022.npy,581,28777,142,221
study_0291,23,data/dataset2_mosmed/processed/images/study_0291_slice_022.npy,data/dataset2_mosmed/processed/images/study_0291_slice_023.npy,data/dataset2_mosmed/processed/images/study_0291_slice_024.npy,data/dataset2_mosmed/processed/infection_masks/study_0291_slice_023.npy,data/dataset2_mosmed/processed/lung_masks/study_0291_slice_023.npy,data/dataset2_mosmed/scribbles/study_0291_slice_023.npy,422,28545,112,222
study_0291,24,data/dataset2_mosmed/processed/images/study_0291_slice_023.npy,data/dataset2_mosmed/processed/images/study_0291_slice_024.npy,data/dataset2_mosmed/processed/images/study_0291_slice_025.npy,data/dataset2_mosmed/processed/infection_masks/study_0291_slice_024.npy,data/dataset2_mosmed/processed/lung_masks/study_0291_slice_024.npy,data/dataset2_mosmed/scribbles/study_0291_slice_024.npy,348,28179,51,222
study_0291,25,data/dataset2_mosmed/processed/images/study_0291_slice_024.npy,data/dataset2_mosmed/processed/images/study_0291_slice_025.npy,data/dataset2_mosmed/processed/images/study_0291_slice_026.npy,data/dataset2_mosmed/processed/infection_masks/study_0291_slice_025.npy,data/dataset2_mosmed/processed/lung_masks/study_0291_slice_025.npy,data/dataset2_mosmed/scribbles/study_0291_slice_025.npy,221,27884,60,223
study_0291,26,data/dataset2_mosmed/processed/images/study_0291_slice_025.npy,data/dataset2_mosmed/processed/images/study_0291_slice_026.npy,data/dataset2_mosmed/processed/images/study_0291_slice_027.npy,data/dataset2_mosmed/processed/infection_masks/study_0291_slice_026.npy,data/dataset2_mosmed/processed/lung_masks/study_0291_slice_026.npy,data/dataset2_mosmed/scribbles/study_0291_slice_026.npy,28,27830,17,224
study_0291,27,data/dataset2_mosmed/processed/images/study_0291_slice_026.npy,data/dataset2_mosmed/processed/images/study_0291_slice_027.npy,data/dataset2_mosmed/processed/images/study_0291_slice_028.npy,data/dataset2_mosmed/processed/infection_masks/study_0291_slice_027.npy,data/dataset2_mosmed/processed/lung_masks/study_0291_slice_027.npy,data/dataset2_mosmed/scribbles/study_0291_slice_027.npy,0,27339,0,0
study_0291,28,data/dataset2_mosmed/processed/images/study_0291_slice_027.npy,data/dataset2_mosmed/processed/images/study_0291_slice_028.npy,data/dataset2_mosmed/processed/images/study_0291_slice_028.npy,data/dataset2_mosmed/processed/infection_masks/study_0291_slice_028.npy,data/dataset2_mosmed/processed/lung_masks/study_0291_slice_028.npy,data/dataset2_mosmed/scribbles/study_0291_slice_028.npy,0,27609,0,0
study_0293,6,data/dataset2_mosmed/processed/images/study_0293_slice_006.npy,data/dataset2_mosmed/processed/images/study_0293_slice_006.npy,data/dataset2_mosmed/processed/images/study_0293_slice_007.npy,data/dataset2_mosmed/processed/infection_masks/study_0293_slice_006.npy,data/dataset2_mosmed/processed/lung_masks/study_0293_slice_006.npy,data/dataset2_mosmed/scribbles/study_0293_slice_006.npy,0,62500,0,0
study_0293,7,data/dataset2_mosmed/processed/images/study_0293_slice_006.npy,data/dataset2_mosmed/processed/images/study_0293_slice_007.npy,data/dataset2_mosmed/processed/images/study_0293_slice_008.npy,data/dataset2_mosmed/processed/infection_masks/study_0293_slice_007.npy,data/dataset2_mosmed/processed/lung_masks/study_0293_slice_007.npy,data/dataset2_mosmed/scribbles/study_0293_slice_007.npy,0,62500,0,0
study_0293,8,data/dataset2_mosmed/processed/images/study_0293_slice_007.npy,data/dataset2_mosmed/processed/images/study_0293_slice_008.npy,data/dataset2_mosmed/processed/images/study_0293_slice_009.npy,data/dataset2_mosmed/processed/infection_masks/study_0293_slice_008.npy,data/dataset2_mosmed/processed/lung_masks/study_0293_slice_008.npy,data/dataset2_mosmed/scribbles/study_0293_slice_008.npy,36,62500,10,224
study_0293,9,data/dataset2_mosmed/processed/images/study_0293_slice_008.npy,data/dataset2_mosmed/processed/images/study_0293_slice_009.npy,data/dataset2_mosmed/processed/images/study_0293_slice_010.npy,data/dataset2_mosmed/processed/infection_masks/study_0293_slice_009.npy,data/dataset2_mosmed/processed/lung_masks/study_0293_slice_009.npy,data/dataset2_mosmed/scribbles/study_0293_slice_009.npy,175,62500,30,223
study_0293,10,data/dataset2_mosmed/processed/images/study_0293_slice_009.npy,data/dataset2_mosmed/processed/images/study_0293_slice_010.npy,data/dataset2_mosmed/processed/images/study_0293_slice_011.npy,data/dataset2_mosmed/processed/infection_masks/study_0293_slice_010.npy,data/dataset2_mosmed/processed/lung_masks/study_0293_slice_010.npy,data/dataset2_mosmed/scribbles/study_0293_slice_010.npy,251,62500,57,222
study_0293,11,data/dataset2_mosmed/processed/images/study_0293_slice_010.npy,data/dataset2_mosmed/processed/images/study_0293_slice_011.npy,data/dataset2_mosmed/processed/images/study_0293_slice_012.npy,data/dataset2_mosmed/processed/infection_masks/study_0293_slice_011.npy,data/dataset2_mosmed/processed/lung_masks/study_0293_slice_011.npy,data/dataset2_mosmed/scribbles/study_0293_slice_011.npy,47,62500,13,224
study_0293,12,data/dataset2_mosmed/processed/images/study_0293_slice_011.npy,data/dataset2_mosmed/processed/images/study_0293_slice_012.npy,data/dataset2_mosmed/processed/images/study_0293_slice_013.npy,data/dataset2_mosmed/processed/infection_masks/study_0293_slice_012.npy,data/dataset2_mosmed/processed/lung_masks/study_0293_slice_012.npy,data/dataset2_mosmed/scribbles/study_0293_slice_012.npy,186,62500,79,222
study_0293,13,data/dataset2_mosmed/processed/images/study_0293_slice_012.npy,data/dataset2_mosmed/processed/images/study_0293_slice_013.npy,data/dataset2_mosmed/processed/images/study_0293_slice_014.npy,data/dataset2_mosmed/processed/infection_masks/study_0293_slice_013.npy,data/dataset2_mosmed/processed/lung_masks/study_0293_slice_013.npy,data/dataset2_mosmed/scribbles/study_0293_slice_013.npy,144,62500,53,223
study_0293,14,data/dataset2_mosmed/processed/images/study_0293_slice_013.npy,data/dataset2_mosmed/processed/images/study_0293_slice_014.npy,data/dataset2_mosmed/processed/images/study_0293_slice_015.npy,data/dataset2_mosmed/processed/infection_masks/study_0293_slice_014.npy,data/dataset2_mosmed/processed/lung_masks/study_0293_slice_014.npy,data/dataset2_mosmed/scribbles/study_0293_slice_014.npy,66,62500,36,223
study_0293,15,data/dataset2_mosmed/processed/images/study_0293_slice_014.npy,data/dataset2_mosmed/processed/images/study_0293_slice_015.npy,data/dataset2_mosmed/processed/images/study_0293_slice_016.npy,data/dataset2_mosmed/processed/infection_masks/study_0293_slice_015.npy,data/dataset2_mosmed/processed/lung_masks/study_0293_slice_015.npy,data/dataset2_mosmed/scribbles/study_0293_slice_015.npy,36,62500,11,224
study_0293,16,data/dataset2_mosmed/processed/images/study_0293_slice_015.npy,data/dataset2_mosmed/processed/images/study_0293_slice_016.npy,data/dataset2_mosmed/processed/images/study_0293_slice_017.npy,data/dataset2_mosmed/processed/infection_masks/study_0293_slice_016.npy,data/dataset2_mosmed/processed/lung_masks/study_0293_slice_016.npy,data/dataset2_mosmed/scribbles/study_0293_slice_016.npy,226,62500,92,222
study_0293,17,data/dataset2_mosmed/processed/images/study_0293_slice_016.npy,data/dataset2_mosmed/processed/images/study_0293_slice_017.npy,data/dataset2_mosmed/processed/images/study_0293_slice_018.npy,data/dataset2_mosmed/processed/infection_masks/study_0293_slice_017.npy,data/dataset2_mosmed/processed/lung_masks/study_0293_slice_017.npy,data/dataset2_mosmed/scribbles/study_0293_slice_017.npy,33,62500,20,224
study_0293,18,data/dataset2_mosmed/processed/images/study_0293_slice_017.npy,data/dataset2_mosmed/processed/images/study_0293_slice_018.npy,data/dataset2_mosmed/processed/images/study_0293_slice_019.npy,data/dataset2_mosmed/processed/infection_masks/study_0293_slice_018.npy,data/dataset2_mosmed/processed/lung_masks/study_0293_slice_018.npy,data/dataset2_mosmed/scribbles/study_0293_slice_018.npy,0,62500,0,0
study_0293,19,data/dataset2_mosmed/processed/images/study_0293_slice_018.npy,data/dataset2_mosmed/processed/images/study_0293_slice_019.npy,data/dataset2_mosmed/processed/images/study_0293_slice_020.npy,data/dataset2_mosmed/processed/infection_masks/study_0293_slice_019.npy,data/dataset2_mosmed/processed/lung_masks/study_0293_slice_019.npy,data/dataset2_mosmed/scribbles/study_0293_slice_019.npy,0,62500,0,0
study_0293,20,data/dataset2_mosmed/processed/images/study_0293_slice_019.npy,data/dataset2_mosmed/processed/images/study_0293_slice_020.npy,data/dataset2_mosmed/processed/images/study_0293_slice_021.npy,data/dataset2_mosmed/processed/infection_masks/study_0293_slice_020.npy,data/dataset2_mosmed/processed/lung_masks/study_0293_slice_020.npy,data/dataset2_mosmed/scribbles/study_0293_slice_020.npy,0,62500,0,0
study_0293,21,data/dataset2_mosmed/processed/images/study_0293_slice_020.npy,data/dataset2_mosmed/processed/images/study_0293_slice_021.npy,data/dataset2_mosmed/processed/images/study_0293_slice_022.npy,data/dataset2_mosmed/processed/infection_masks/study_0293_slice_021.npy,data/dataset2_mosmed/processed/lung_masks/study_0293_slice_021.npy,data/dataset2_mosmed/scribbles/study_0293_slice_021.npy,0,62500,0,0
study_0293,22,data/dataset2_mosmed/processed/images/study_0293_slice_021.npy,data/dataset2_mosmed/processed/images/study_0293_slice_022.npy,data/dataset2_mosmed/processed/images/study_0293_slice_023.npy,data/dataset2_mosmed/processed/infection_masks/study_0293_slice_022.npy,data/dataset2_mosmed/processed/lung_masks/study_0293_slice_022.npy,data/dataset2_mosmed/scribbles/study_0293_slice_022.npy,65,62500,16,224
study_0293,23,data/dataset2_mosmed/processed/images/study_0293_slice_022.npy,data/dataset2_mosmed/processed/images/study_0293_slice_023.npy,data/dataset2_mosmed/processed/images/study_0293_slice_024.npy,data/dataset2_mosmed/processed/infection_masks/study_0293_slice_023.npy,data/dataset2_mosmed/processed/lung_masks/study_0293_slice_023.npy,data/dataset2_mosmed/scribbles/study_0293_slice_023.npy,0,62500,0,0
study_0293,24,data/dataset2_mosmed/processed/images/study_0293_slice_023.npy,data/dataset2_mosmed/processed/images/study_0293_slice_024.npy,data/dataset2_mosmed/processed/images/study_0293_slice_025.npy,data/dataset2_mosmed/processed/infection_masks/study_0293_slice_024.npy,data/dataset2_mosmed/processed/lung_masks/study_0293_slice_024.npy,data/dataset2_mosmed/scribbles/study_0293_slice_024.npy,0,62500,0,0
study_0293,25,data/dataset2_mosmed/processed/images/study_0293_slice_024.npy,data/dataset2_mosmed/processed/images/study_0293_slice_025.npy,data/dataset2_mosmed/processed/images/study_0293_slice_026.npy,data/dataset2_mosmed/processed/infection_masks/study_0293_slice_025.npy,data/dataset2_mosmed/processed/lung_masks/study_0293_slice_025.npy,data/dataset2_mosmed/scribbles/study_0293_slice_025.npy,51,39462,17,224
study_0293,26,data/dataset2_mosmed/processed/images/study_0293_slice_025.npy,data/dataset2_mosmed/processed/images/study_0293_slice_026.npy,data/dataset2_mosmed/processed/images/study_0293_slice_027.npy,data/dataset2_mosmed/processed/infection_masks/study_0293_slice_026.npy,data/dataset2_mosmed/processed/lung_masks/study_0293_slice_026.npy,data/dataset2_mosmed/scribbles/study_0293_slice_026.npy,67,34014,38,224
study_0293,27,data/dataset2_mosmed/processed/images/study_0293_slice_026.npy,data/dataset2_mosmed/processed/images/study_0293_slice_027.npy,data/dataset2_mosmed/processed/images/study_0293_slice_028.npy,data/dataset2_mosmed/processed/infection_masks/study_0293_slice_027.npy,data/dataset2_mosmed/processed/lung_masks/study_0293_slice_027.npy,data/dataset2_mosmed/scribbles/study_0293_slice_027.npy,0,34042,0,0
study_0293,28,data/dataset2_mosmed/processed/images/study_0293_slice_027.npy,data/dataset2_mosmed/processed/images/study_0293_slice_028.npy,data/dataset2_mosmed/processed/images/study_0293_slice_028.npy,data/dataset2_mosmed/processed/infection_masks/study_0293_slice_028.npy,data/dataset2_mosmed/processed/lung_masks/study_0293_slice_028.npy,data/dataset2_mosmed/scribbles/study_0293_slice_028.npy,0,34378,0,0
study_0294,10,data/dataset2_mosmed/processed/images/study_0294_slice_010.npy,data/dataset2_mosmed/processed/images/study_0294_slice_010.npy,data/dataset2_mosmed/processed/images/study_0294_slice_011.npy,data/dataset2_mosmed/processed/infection_masks/study_0294_slice_010.npy,data/dataset2_mosmed/processed/lung_masks/study_0294_slice_010.npy,data/dataset2_mosmed/scribbles/study_0294_slice_010.npy,0,62500,0,0
study_0294,11,data/dataset2_mosmed/processed/images/study_0294_slice_010.npy,data/dataset2_mosmed/processed/images/study_0294_slice_011.npy,data/dataset2_mosmed/processed/images/study_0294_slice_012.npy,data/dataset2_mosmed/processed/infection_masks/study_0294_slice_011.npy,data/dataset2_mosmed/processed/lung_masks/study_0294_slice_011.npy,data/dataset2_mosmed/scribbles/study_0294_slice_011.npy,0,62500,0,0
study_0294,12,data/dataset2_mosmed/processed/images/study_0294_slice_011.npy,data/dataset2_mosmed/processed/images/study_0294_slice_012.npy,data/dataset2_mosmed/processed/images/study_0294_slice_013.npy,data/dataset2_mosmed/processed/infection_masks/study_0294_slice_012.npy,data/dataset2_mosmed/processed/lung_masks/study_0294_slice_012.npy,data/dataset2_mosmed/scribbles/study_0294_slice_012.npy,7,62500,4,225
study_0294,13,data/dataset2_mosmed/processed/images/study_0294_slice_012.npy,data/dataset2_mosmed/processed/images/study_0294_slice_013.npy,data/dataset2_mosmed/processed/images/study_0294_slice_014.npy,data/dataset2_mosmed/processed/infection_masks/study_0294_slice_013.npy,data/dataset2_mosmed/processed/lung_masks/study_0294_slice_013.npy,data/dataset2_mosmed/scribbles/study_0294_slice_013.npy,0,62500,0,0
study_0294,14,data/dataset2_mosmed/processed/images/study_0294_slice_013.npy,data/dataset2_mosmed/processed/images/study_0294_slice_014.npy,data/dataset2_mosmed/processed/images/study_0294_slice_015.npy,data/dataset2_mosmed/processed/infection_masks/study_0294_slice_014.npy,data/dataset2_mosmed/processed/lung_masks/study_0294_slice_014.npy,data/dataset2_mosmed/scribbles/study_0294_slice_014.npy,0,62500,0,0
study_0294,15,data/dataset2_mosmed/processed/images/study_0294_slice_014.npy,data/dataset2_mosmed/processed/images/study_0294_slice_015.npy,data/dataset2_mosmed/processed/images/study_0294_slice_016.npy,data/dataset2_mosmed/processed/infection_masks/study_0294_slice_015.npy,data/dataset2_mosmed/processed/lung_masks/study_0294_slice_015.npy,data/dataset2_mosmed/scribbles/study_0294_slice_015.npy,0,62500,0,0
study_0294,16,data/dataset2_mosmed/processed/images/study_0294_slice_015.npy,data/dataset2_mosmed/processed/images/study_0294_slice_016.npy,data/dataset2_mosmed/processed/images/study_0294_slice_017.npy,data/dataset2_mosmed/processed/infection_masks/study_0294_slice_016.npy,data/dataset2_mosmed/processed/lung_masks/study_0294_slice_016.npy,data/dataset2_mosmed/scribbles/study_0294_slice_016.npy,0,62500,0,0
study_0294,17,data/dataset2_mosmed/processed/images/study_0294_slice_016.npy,data/dataset2_mosmed/processed/images/study_0294_slice_017.npy,data/dataset2_mosmed/processed/images/study_0294_slice_018.npy,data/dataset2_mosmed/processed/infection_masks/study_0294_slice_017.npy,data/dataset2_mosmed/processed/lung_masks/study_0294_slice_017.npy,data/dataset2_mosmed/scribbles/study_0294_slice_017.npy,9,30102,4,225
study_0294,18,data/dataset2_mosmed/processed/images/study_0294_slice_017.npy,data/dataset2_mosmed/processed/images/study_0294_slice_018.npy,data/dataset2_mosmed/processed/images/study_0294_slice_019.npy,data/dataset2_mosmed/processed/infection_masks/study_0294_slice_018.npy,data/dataset2_mosmed/processed/lung_masks/study_0294_slice_018.npy,data/dataset2_mosmed/scribbles/study_0294_slice_018.npy,0,29504,0,0
study_0294,19,data/dataset2_mosmed/processed/images/study_0294_slice_018.npy,data/dataset2_mosmed/processed/images/study_0294_slice_019.npy,data/dataset2_mosmed/processed/images/study_0294_slice_020.npy,data/dataset2_mosmed/processed/infection_masks/study_0294_slice_019.npy,data/dataset2_mosmed/processed/lung_masks/study_0294_slice_019.npy,data/dataset2_mosmed/scribbles/study_0294_slice_019.npy,67,29266,18,224
study_0294,20,data/dataset2_mosmed/processed/images/study_0294_slice_019.npy,data/dataset2_mosmed/processed/images/study_0294_slice_020.npy,data/dataset2_mosmed/processed/images/study_0294_slice_021.npy,data/dataset2_mosmed/processed/infection_masks/study_0294_slice_020.npy,data/dataset2_mosmed/processed/lung_masks/study_0294_slice_020.npy,data/dataset2_mosmed/scribbles/study_0294_slice_020.npy,38,30555,8,224
study_0294,21,data/dataset2_mosmed/processed/images/study_0294_slice_020.npy,data/dataset2_mosmed/processed/images/study_0294_slice_021.npy,data/dataset2_mosmed/processed/images/study_0294_slice_022.npy,data/dataset2_mosmed/processed/infection_masks/study_0294_slice_021.npy,data/dataset2_mosmed/processed/lung_masks/study_0294_slice_021.npy,data/dataset2_mosmed/scribbles/study_0294_slice_021.npy,0,23057,0,0
study_0294,22,data/dataset2_mosmed/processed/images/study_0294_slice_021.npy,data/dataset2_mosmed/processed/images/study_0294_slice_022.npy,data/dataset2_mosmed/processed/images/study_0294_slice_023.npy,data/dataset2_mosmed/processed/infection_masks/study_0294_slice_022.npy,data/dataset2_mosmed/processed/lung_masks/study_0294_slice_022.npy,data/dataset2_mosmed/scribbles/study_0294_slice_022.npy,28,22721,10,225
study_0294,23,data/dataset2_mosmed/processed/images/study_0294_slice_022.npy,data/dataset2_mosmed/processed/images/study_0294_slice_023.npy,data/dataset2_mosmed/processed/images/study_0294_slice_024.npy,data/dataset2_mosmed/processed/infection_masks/study_0294_slice_023.npy,data/dataset2_mosmed/processed/lung_masks/study_0294_slice_023.npy,data/dataset2_mosmed/scribbles/study_0294_slice_023.npy,0,22526,0,0
study_0294,24,data/dataset2_mosmed/processed/images/study_0294_slice_023.npy,data/dataset2_mosmed/processed/images/study_0294_slice_024.npy,data/dataset2_mosmed/processed/images/study_0294_slice_025.npy,data/dataset2_mosmed/processed/infection_masks/study_0294_slice_024.npy,data/dataset2_mosmed/processed/lung_masks/study_0294_slice_024.npy,data/dataset2_mosmed/scribbles/study_0294_slice_024.npy,0,22510,0,0
study_0294,25,data/dataset2_mosmed/processed/images/study_0294_slice_024.npy,data/dataset2_mosmed/processed/images/study_0294_slice_025.npy,data/dataset2_mosmed/processed/images/study_0294_slice_026.npy,data/dataset2_mosmed/processed/infection_masks/study_0294_slice_025.npy,data/dataset2_mosmed/processed/lung_masks/study_0294_slice_025.npy,data/dataset2_mosmed/scribbles/study_0294_slice_025.npy,0,22716,0,0
study_0294,26,data/dataset2_mosmed/processed/images/study_0294_slice_025.npy,data/dataset2_mosmed/processed/images/study_0294_slice_026.npy,data/dataset2_mosmed/processed/images/study_0294_slice_027.npy,data/dataset2_mosmed/processed/infection_masks/study_0294_slice_026.npy,data/dataset2_mosmed/processed/lung_masks/study_0294_slice_026.npy,data/dataset2_mosmed/scribbles/study_0294_slice_026.npy,32,23128,17,224
study_0294,27,data/dataset2_mosmed/processed/images/study_0294_slice_026.npy,data/dataset2_mosmed/processed/images/study_0294_slice_027.npy,data/dataset2_mosmed/processed/images/study_0294_slice_028.npy,data/dataset2_mosmed/processed/infection_masks/study_0294_slice_027.npy,data/dataset2_mosmed/processed/lung_masks/study_0294_slice_027.npy,data/dataset2_mosmed/scribbles/study_0294_slice_027.npy,102,23231,22,224
study_0294,28,data/dataset2_mosmed/processed/images/study_0294_slice_027.npy,data/dataset2_mosmed/processed/images/study_0294_slice_028.npy,data/dataset2_mosmed/processed/images/study_0294_slice_029.npy,data/dataset2_mosmed/processed/infection_masks/study_0294_slice_028.npy,data/dataset2_mosmed/processed/lung_masks/study_0294_slice_028.npy,data/dataset2_mosmed/scribbles/study_0294_slice_028.npy,39,23450,24,222
study_0294,29,data/dataset2_mosmed/processed/images/study_0294_slice_028.npy,data/dataset2_mosmed/processed/images/study_0294_slice_029.npy,data/dataset2_mosmed/processed/images/study_0294_slice_030.npy,data/dataset2_mosmed/processed/infection_masks/study_0294_slice_029.npy,data/dataset2_mosmed/processed/lung_masks/study_0294_slice_029.npy,data/dataset2_mosmed/scribbles/study_0294_slice_029.npy,70,23730,33,221
study_0294,30,data/dataset2_mosmed/processed/images/study_0294_slice_029.npy,data/dataset2_mosmed/processed/images/study_0294_slice_030.npy,data/dataset2_mosmed/processed/images/study_0294_slice_031.npy,data/dataset2_mosmed/processed/infection_masks/study_0294_slice_030.npy,data/dataset2_mosmed/processed/lung_masks/study_0294_slice_030.npy,data/dataset2_mosmed/scribbles/study_0294_slice_030.npy,69,24242,22,222
study_0294,31,data/dataset2_mosmed/processed/images/study_0294_slice_030.npy,data/dataset2_mosmed/processed/images/study_0294_slice_031.npy,data/dataset2_mosmed/processed/images/study_0294_slice_032.npy,data/dataset2_mosmed/processed/infection_masks/study_0294_slice_031.npy,data/dataset2_mosmed/processed/lung_masks/study_0294_slice_031.npy,data/dataset2_mosmed/scribbles/study_0294_slice_031.npy,107,25003,25,223
study_0294,32,data/dataset2_mosmed/processed/images/study_0294_slice_031.npy,data/dataset2_mosmed/processed/images/study_0294_slice_032.npy,data/dataset2_mosmed/processed/images/study_0294_slice_033.npy,data/dataset2_mosmed/processed/infection_masks/study_0294_slice_032.npy,data/dataset2_mosmed/processed/lung_masks/study_0294_slice_032.npy,data/dataset2_mosmed/scribbles/study_0294_slice_032.npy,0,26070,0,0
study_0294,33,data/dataset2_mosmed/processed/images/study_0294_slice_032.npy,data/dataset2_mosmed/processed/images/study_0294_slice_033.npy,data/dataset2_mosmed/processed/images/study_0294_slice_034.npy,data/dataset2_mosmed/processed/infection_masks/study_0294_slice_033.npy,data/dataset2_mosmed/processed/lung_masks/study_0294_slice_033.npy,data/dataset2_mosmed/scribbles/study_0294_slice_033.npy,28,27109,11,223
study_0294,34,data/dataset2_mosmed/processed/images/study_0294_slice_033.npy,data/dataset2_mosmed/processed/images/study_0294_slice_034.npy,data/dataset2_mosmed/processed/images/study_0294_slice_035.npy,data/dataset2_mosmed/processed/infection_masks/study_0294_slice_034.npy,data/dataset2_mosmed/processed/lung_masks/study_0294_slice_034.npy,data/dataset2_mosmed/scribbles/study_0294_slice_034.npy,27,28053,6,224
study_0294,35,data/dataset2_mosmed/processed/images/study_0294_slice_034.npy,data/dataset2_mosmed/processed/images/study_0294_slice_035.npy,data/dataset2_mosmed/processed/images/study_0294_slice_036.npy,data/dataset2_mosmed/processed/infection_masks/study_0294_slice_035.npy,data/dataset2_mosmed/processed/lung_masks/study_0294_slice_035.npy,data/dataset2_mosmed/scribbles/study_0294_slice_035.npy,0,28931,0,0
study_0294,36,data/dataset2_mosmed/processed/images/study_0294_slice_035.npy,data/dataset2_mosmed/processed/images/study_0294_slice_036.npy,data/dataset2_mosmed/processed/images/study_0294_slice_037.npy,data/dataset2_mosmed/processed/infection_masks/study_0294_slice_036.npy,data/dataset2_mosmed/processed/lung_masks/study_0294_slice_036.npy,data/dataset2_mosmed/scribbles/study_0294_slice_036.npy,33,29763,13,224
study_0294,37,data/dataset2_mosmed/processed/images/study_0294_slice_036.npy,data/dataset2_mosmed/processed/images/study_0294_slice_037.npy,data/dataset2_mosmed/processed/images/study_0294_slice_038.npy,data/dataset2_mosmed/processed/infection_masks/study_0294_slice_037.npy,data/dataset2_mosmed/processed/lung_masks/study_0294_slice_037.npy,data/dataset2_mosmed/scribbles/study_0294_slice_037.npy,0,30597,0,0
study_0294,38,data/dataset2_mosmed/processed/images/study_0294_slice_037.npy,data/dataset2_mosmed/processed/images/study_0294_slice_038.npy,data/dataset2_mosmed/processed/images/study_0294_slice_038.npy,data/dataset2_mosmed/processed/infection_masks/study_0294_slice_038.npy,data/dataset2_mosmed/processed/lung_masks/study_0294_slice_038.npy,data/dataset2_mosmed/scribbles/study_0294_slice_038.npy,0,31445,0,0
study_0296,8,data/dataset2_mosmed/processed/images/study_0296_slice_008.npy,data/dataset2_mosmed/processed/images/study_0296_slice_008.npy,data/dataset2_mosmed/processed/images/study_0296_slice_009.npy,data/dataset2_mosmed/processed/infection_masks/study_0296_slice_008.npy,data/dataset2_mosmed/processed/lung_masks/study_0296_slice_008.npy,data/dataset2_mosmed/scribbles/study_0296_slice_008.npy,0,24973,0,0
study_0296,9,data/dataset2_mosmed/processed/images/study_0296_slice_008.npy,data/dataset2_mosmed/processed/images/study_0296_slice_009.npy,data/dataset2_mosmed/processed/images/study_0296_slice_010.npy,data/dataset2_mosmed/processed/infection_masks/study_0296_slice_009.npy,data/dataset2_mosmed/processed/lung_masks/study_0296_slice_009.npy,data/dataset2_mosmed/scribbles/study_0296_slice_009.npy,0,25139,0,0
study_0296,10,data/dataset2_mosmed/processed/images/study_0296_slice_009.npy,data/dataset2_mosmed/processed/images/study_0296_slice_010.npy,data/dataset2_mosmed/processed/images/study_0296_slice_011.npy,data/dataset2_mosmed/processed/infection_masks/study_0296_slice_010.npy,data/dataset2_mosmed/processed/lung_masks/study_0296_slice_010.npy,data/dataset2_mosmed/scribbles/study_0296_slice_010.npy,53,25349,4,224
study_0296,11,data/dataset2_mosmed/processed/images/study_0296_slice_010.npy,data/dataset2_mosmed/processed/images/study_0296_slice_011.npy,data/dataset2_mosmed/processed/images/study_0296_slice_012.npy,data/dataset2_mosmed/processed/infection_masks/study_0296_slice_011.npy,data/dataset2_mosmed/processed/lung_masks/study_0296_slice_011.npy,data/dataset2_mosmed/scribbles/study_0296_slice_011.npy,150,26002,55,222
study_0296,12,data/dataset2_mosmed/processed/images/study_0296_slice_011.npy,data/dataset2_mosmed/processed/images/study_0296_slice_012.npy,data/dataset2_mosmed/processed/images/study_0296_slice_013.npy,data/dataset2_mosmed/processed/infection_masks/study_0296_slice_012.npy,data/dataset2_mosmed/processed/lung_masks/study_0296_slice_012.npy,data/dataset2_mosmed/scribbles/study_0296_slice_012.npy,148,26363,35,223
study_0296,13,data/dataset2_mosmed/processed/images/study_0296_slice_012.npy,data/dataset2_mosmed/processed/images/study_0296_slice_013.npy,data/dataset2_mosmed/processed/images/study_0296_slice_014.npy,data/dataset2_mosmed/processed/infection_masks/study_0296_slice_013.npy,data/dataset2_mosmed/processed/lung_masks/study_0296_slice_013.npy,data/dataset2_mosmed/scribbles/study_0296_slice_013.npy,79,26581,12,223
study_0296,14,data/dataset2_mosmed/processed/images/study_0296_slice_013.npy,data/dataset2_mosmed/processed/images/study_0296_slice_014.npy,data/dataset2_mosmed/processed/images/study_0296_slice_015.npy,data/dataset2_mosmed/processed/infection_masks/study_0296_slice_014.npy,data/dataset2_mosmed/processed/lung_masks/study_0296_slice_014.npy,data/dataset2_mosmed/scribbles/study_0296_slice_014.npy,328,26745,108,222
study_0296,15,data/dataset2_mosmed/processed/images/study_0296_slice_014.npy,data/dataset2_mosmed/processed/images/study_0296_slice_015.npy,data/dataset2_mosmed/processed/images/study_0296_slice_016.npy,data/dataset2_mosmed/processed/infection_masks/study_0296_slice_015.npy,data/dataset2_mosmed/processed/lung_masks/study_0296_slice_015.npy,data/dataset2_mosmed/scribbles/study_0296_slice_015.npy,557,26944,180,219
study_0296,16,data/dataset2_mosmed/processed/images/study_0296_slice_015.npy,data/dataset2_mosmed/processed/images/study_0296_slice_016.npy,data/dataset2_mosmed/processed/images/study_0296_slice_017.npy,data/dataset2_mosmed/processed/infection_masks/study_0296_slice_016.npy,data/dataset2_mosmed/processed/lung_masks/study_0296_slice_016.npy,data/dataset2_mosmed/scribbles/study_0296_slice_016.npy,206,27116,75,221
study_0296,17,data/dataset2_mosmed/processed/images/study_0296_slice_016.npy,data/dataset2_mosmed/processed/images/study_0296_slice_017.npy,data/dataset2_mosmed/processed/images/study_0296_slice_018.npy,data/dataset2_mosmed/processed/infection_masks/study_0296_slice_017.npy,data/dataset2_mosmed/processed/lung_masks/study_0296_slice_017.npy,data/dataset2_mosmed/scribbles/study_0296_slice_017.npy,0,27270,0,0
study_0296,18,data/dataset2_mosmed/processed/images/study_0296_slice_017.npy,data/dataset2_mosmed/processed/images/study_0296_slice_018.npy,data/dataset2_mosmed/processed/images/study_0296_slice_018.npy,data/dataset2_mosmed/processed/infection_masks/study_0296_slice_018.npy,data/dataset2_mosmed/processed/lung_masks/study_0296_slice_018.npy,data/dataset2_mosmed/scribbles/study_0296_slice_018.npy,0,27445,0,0
study_0297,0,data/dataset2_mosmed/processed/images/study_0297_slice_000.npy,data/dataset2_mosmed/processed/images/study_0297_slice_000.npy,data/dataset2_mosmed/processed/images/study_0297_slice_001.npy,data/dataset2_mosmed/processed/infection_masks/study_0297_slice_000.npy,data/dataset2_mosmed/processed/lung_masks/study_0297_slice_000.npy,data/dataset2_mosmed/scribbles/study_0297_slice_000.npy,0,62500,0,0
study_0297,1,data/dataset2_mosmed/processed/images/study_0297_slice_000.npy,data/dataset2_mosmed/processed/images/study_0297_slice_001.npy,data/dataset2_mosmed/processed/images/study_0297_slice_002.npy,data/dataset2_mosmed/processed/infection_masks/study_0297_slice_001.npy,data/dataset2_mosmed/processed/lung_masks/study_0297_slice_001.npy,data/dataset2_mosmed/scribbles/study_0297_slice_001.npy,0,62500,0,0
study_0297,2,data/dataset2_mosmed/processed/images/study_0297_slice_001.npy,data/dataset2_mosmed/processed/images/study_0297_slice_002.npy,data/dataset2_mosmed/processed/images/study_0297_slice_003.npy,data/dataset2_mosmed/processed/infection_masks/study_0297_slice_002.npy,data/dataset2_mosmed/processed/lung_masks/study_0297_slice_002.npy,data/dataset2_mosmed/scribbles/study_0297_slice_002.npy,221,62500,69,221
study_0297,3,data/dataset2_mosmed/processed/images/study_0297_slice_002.npy,data/dataset2_mosmed/processed/images/study_0297_slice_003.npy,data/dataset2_mosmed/processed/images/study_0297_slice_004.npy,data/dataset2_mosmed/processed/infection_masks/study_0297_slice_003.npy,data/dataset2_mosmed/processed/lung_masks/study_0297_slice_003.npy,data/dataset2_mosmed/scribbles/study_0297_slice_003.npy,288,62500,98,223
study_0297,4,data/dataset2_mosmed/processed/images/study_0297_slice_003.npy,data/dataset2_mosmed/processed/images/study_0297_slice_004.npy,data/dataset2_mosmed/processed/images/study_0297_slice_005.npy,data/dataset2_mosmed/processed/infection_masks/study_0297_slice_004.npy,data/dataset2_mosmed/processed/lung_masks/study_0297_slice_004.npy,data/dataset2_mosmed/scribbles/study_0297_slice_004.npy,288,62500,147,221
study_0297,5,data/dataset2_mosmed/processed/images/study_0297_slice_004.npy,data/dataset2_mosmed/processed/images/study_0297_slice_005.npy,data/dataset2_mosmed/processed/images/study_0297_slice_006.npy,data/dataset2_mosmed/processed/infection_masks/study_0297_slice_005.npy,data/dataset2_mosmed/processed/lung_masks/study_0297_slice_005.npy,data/dataset2_mosmed/scribbles/study_0297_slice_005.npy,216,62500,125,222
study_0297,6,data/dataset2_mosmed/processed/images/study_0297_slice_005.npy,data/dataset2_mosmed/processed/images/study_0297_slice_006.npy,data/dataset2_mosmed/processed/images/study_0297_slice_007.npy,data/dataset2_mosmed/processed/infection_masks/study_0297_slice_006.npy,data/dataset2_mosmed/processed/lung_masks/study_0297_slice_006.npy,data/dataset2_mosmed/scribbles/study_0297_slice_006.npy,650,62500,276,218
study_0297,7,data/dataset2_mosmed/processed/images/study_0297_slice_006.npy,data/dataset2_mosmed/processed/images/study_0297_slice_007.npy,data/dataset2_mosmed/processed/images/study_0297_slice_008.npy,data/dataset2_mosmed/processed/infection_masks/study_0297_slice_007.npy,data/dataset2_mosmed/processed/lung_masks/study_0297_slice_007.npy,data/dataset2_mosmed/scribbles/study_0297_slice_007.npy,1021,62500,420,215
study_0297,8,data/dataset2_mosmed/processed/images/study_0297_slice_007.npy,data/dataset2_mosmed/processed/images/study_0297_slice_008.npy,data/dataset2_mosmed/processed/images/study_0297_slice_009.npy,data/dataset2_mosmed/processed/infection_masks/study_0297_slice_008.npy,data/dataset2_mosmed/processed/lung_masks/study_0297_slice_008.npy,data/dataset2_mosmed/scribbles/study_0297_slice_008.npy,1251,62500,555,211
study_0297,9,data/dataset2_mosmed/processed/images/study_0297_slice_008.npy,data/dataset2_mosmed/processed/images/study_0297_slice_009.npy,data/dataset2_mosmed/processed/images/study_0297_slice_010.npy,data/dataset2_mosmed/processed/infection_masks/study_0297_slice_009.npy,data/dataset2_mosmed/processed/lung_masks/study_0297_slice_009.npy,data/dataset2_mosmed/scribbles/study_0297_slice_009.npy,1453,62500,588,212
study_0297,10,data/dataset2_mosmed/processed/images/study_0297_slice_009.npy,data/dataset2_mosmed/processed/images/study_0297_slice_010.npy,data/dataset2_mosmed/processed/images/study_0297_slice_011.npy,data/dataset2_mosmed/processed/infection_masks/study_0297_slice_010.npy,data/dataset2_mosmed/processed/lung_masks/study_0297_slice_010.npy,data/dataset2_mosmed/scribbles/study_0297_slice_010.npy,1558,62500,572,208
study_0297,11,data/dataset2_mosmed/processed/images/study_0297_slice_010.npy,data/dataset2_mosmed/processed/images/study_0297_slice_011.npy,data/dataset2_mosmed/processed/images/study_0297_slice_012.npy,data/dataset2_mosmed/processed/infection_masks/study_0297_slice_011.npy,data/dataset2_mosmed/processed/lung_masks/study_0297_slice_011.npy,data/dataset2_mosmed/scribbles/study_0297_slice_011.npy,1554,62500,511,209
study_0297,12,data/dataset2_mosmed/processed/images/study_0297_slice_011.npy,data/dataset2_mosmed/processed/images/study_0297_slice_012.npy,data/dataset2_mosmed/processed/images/study_0297_slice_013.npy,data/dataset2_mosmed/processed/infection_masks/study_0297_slice_012.npy,data/dataset2_mosmed/processed/lung_masks/study_0297_slice_012.npy,data/dataset2_mosmed/scribbles/study_0297_slice_012.npy,1335,62500,337,212
study_0297,13,data/dataset2_mosmed/processed/images/study_0297_slice_012.npy,data/dataset2_mosmed/processed/images/study_0297_slice_013.npy,data/dataset2_mosmed/processed/images/study_0297_slice_014.npy,data/dataset2_mosmed/processed/infection_masks/study_0297_slice_013.npy,data/dataset2_mosmed/processed/lung_masks/study_0297_slice_013.npy,data/dataset2_mosmed/scribbles/study_0297_slice_013.npy,1319,62500,437,211
study_0297,14,data/dataset2_mosmed/processed/images/study_0297_slice_013.npy,data/dataset2_mosmed/processed/images/study_0297_slice_014.npy,data/dataset2_mosmed/processed/images/study_0297_slice_015.npy,data/dataset2_mosmed/processed/infection_masks/study_0297_slice_014.npy,data/dataset2_mosmed/processed/lung_masks/study_0297_slice_014.npy,data/dataset2_mosmed/scribbles/study_0297_slice_014.npy,1243,62500,364,214
study_0297,15,data/dataset2_mosmed/processed/images/study_0297_slice_014.npy,data/dataset2_mosmed/processed/images/study_0297_slice_015.npy,data/dataset2_mosmed/processed/images/study_0297_slice_016.npy,data/dataset2_mosmed/processed/infection_masks/study_0297_slice_015.npy,data/dataset2_mosmed/processed/lung_masks/study_0297_slice_015.npy,data/dataset2_mosmed/scribbles/study_0297_slice_015.npy,1330,62500,448,212
study_0297,16,data/dataset2_mosmed/processed/images/study_0297_slice_015.npy,data/dataset2_mosmed/processed/images/study_0297_slice_016.npy,data/dataset2_mosmed/processed/images/study_0297_slice_017.npy,data/dataset2_mosmed/processed/infection_masks/study_0297_slice_016.npy,data/dataset2_mosmed/processed/lung_masks/study_0297_slice_016.npy,data/dataset2_mosmed/scribbles/study_0297_slice_016.npy,1672,62500,559,212
study_0297,17,data/dataset2_mosmed/processed/images/study_0297_slice_016.npy,data/dataset2_mosmed/processed/images/study_0297_slice_017.npy,data/dataset2_mosmed/processed/images/study_0297_slice_018.npy,data/dataset2_mosmed/processed/infection_masks/study_0297_slice_017.npy,data/dataset2_mosmed/processed/lung_masks/study_0297_slice_017.npy,data/dataset2_mosmed/scribbles/study_0297_slice_017.npy,825,62500,299,211
study_0297,18,data/dataset2_mosmed/processed/images/study_0297_slice_017.npy,data/dataset2_mosmed/processed/images/study_0297_slice_018.npy,data/dataset2_mosmed/processed/images/study_0297_slice_019.npy,data/dataset2_mosmed/processed/infection_masks/study_0297_slice_018.npy,data/dataset2_mosmed/processed/lung_masks/study_0297_slice_018.npy,data/dataset2_mosmed/scribbles/study_0297_slice_018.npy,561,62500,231,217
study_0297,19,data/dataset2_mosmed/processed/images/study_0297_slice_018.npy,data/dataset2_mosmed/processed/images/study_0297_slice_019.npy,data/dataset2_mosmed/processed/images/study_0297_slice_020.npy,data/dataset2_mosmed/processed/infection_masks/study_0297_slice_019.npy,data/dataset2_mosmed/processed/lung_masks/study_0297_slice_019.npy,data/dataset2_mosmed/scribbles/study_0297_slice_019.npy,634,62500,183,216
study_0297,20,data/dataset2_mosmed/processed/images/study_0297_slice_019.npy,data/dataset2_mosmed/processed/images/study_0297_slice_020.npy,data/dataset2_mosmed/processed/images/study_0297_slice_021.npy,data/dataset2_mosmed/processed/infection_masks/study_0297_slice_020.npy,data/dataset2_mosmed/processed/lung_masks/study_0297_slice_020.npy,data/dataset2_mosmed/scribbles/study_0297_slice_020.npy,565,34869,205,217
study_0297,21,data/dataset2_mosmed/processed/images/study_0297_slice_020.npy,data/dataset2_mosmed/processed/images/study_0297_slice_021.npy,data/dataset2_mosmed/processed/images/study_0297_slice_022.npy,data/dataset2_mosmed/processed/infection_masks/study_0297_slice_021.npy,data/dataset2_mosmed/processed/lung_masks/study_0297_slice_021.npy,data/dataset2_mosmed/scribbles/study_0297_slice_021.npy,315,34672,106,221
study_0297,22,data/dataset2_mosmed/processed/images/study_0297_slice_021.npy,data/dataset2_mosmed/processed/images/study_0297_slice_022.npy,data/dataset2_mosmed/processed/images/study_0297_slice_023.npy,data/dataset2_mosmed/processed/infection_masks/study_0297_slice_022.npy,data/dataset2_mosmed/processed/lung_masks/study_0297_slice_022.npy,data/dataset2_mosmed/scribbles/study_0297_slice_022.npy,387,34258,122,220
study_0297,23,data/dataset2_mosmed/processed/images/study_0297_slice_022.npy,data/dataset2_mosmed/processed/images/study_0297_slice_023.npy,data/dataset2_mosmed/processed/images/study_0297_slice_024.npy,data/dataset2_mosmed/processed/infection_masks/study_0297_slice_023.npy,data/dataset2_mosmed/processed/lung_masks/study_0297_slice_023.npy,data/dataset2_mosmed/scribbles/study_0297_slice_023.npy,506,28560,186,219
study_0297,24,data/dataset2_mosmed/processed/images/study_0297_slice_023.npy,data/dataset2_mosmed/processed/images/study_0297_slice_024.npy,data/dataset2_mosmed/processed/images/study_0297_slice_025.npy,data/dataset2_mosmed/processed/infection_masks/study_0297_slice_024.npy,data/dataset2_mosmed/processed/lung_masks/study_0297_slice_024.npy,data/dataset2_mosmed/scribbles/study_0297_slice_024.npy,625,28214,212,218
study_0297,25,data/dataset2_mosmed/processed/images/study_0297_slice_024.npy,data/dataset2_mosmed/processed/images/study_0297_slice_025.npy,data/dataset2_mosmed/processed/images/study_0297_slice_026.npy,data/dataset2_mosmed/processed/infection_masks/study_0297_slice_025.npy,data/dataset2_mosmed/processed/lung_masks/study_0297_slice_025.npy,data/dataset2_mosmed/scribbles/study_0297_slice_025.npy,641,28514,171,218
study_0297,26,data/dataset2_mosmed/processed/images/study_0297_slice_025.npy,data/dataset2_mosmed/processed/images/study_0297_slice_026.npy,data/dataset2_mosmed/processed/images/study_0297_slice_027.npy,data/dataset2_mosmed/processed/infection_masks/study_0297_slice_026.npy,data/dataset2_mosmed/processed/lung_masks/study_0297_slice_026.npy,data/dataset2_mosmed/scribbles/study_0297_slice_026.npy,426,28673,133,218
study_0297,27,data/dataset2_mosmed/processed/images/study_0297_slice_026.npy,data/dataset2_mosmed/processed/images/study_0297_slice_027.npy,data/dataset2_mosmed/processed/images/study_0297_slice_028.npy,data/dataset2_mosmed/processed/infection_masks/study_0297_slice_027.npy,data/dataset2_mosmed/processed/lung_masks/study_0297_slice_027.npy,data/dataset2_mosmed/scribbles/study_0297_slice_027.npy,337,28561,99,220
study_0297,28,data/dataset2_mosmed/processed/images/study_0297_slice_027.npy,data/dataset2_mosmed/processed/images/study_0297_slice_028.npy,data/dataset2_mosmed/processed/images/study_0297_slice_029.npy,data/dataset2_mosmed/processed/infection_masks/study_0297_slice_028.npy,data/dataset2_mosmed/processed/lung_masks/study_0297_slice_028.npy,data/dataset2_mosmed/scribbles/study_0297_slice_028.npy,387,28546,137,219
study_0297,29,data/dataset2_mosmed/processed/images/study_0297_slice_028.npy,data/dataset2_mosmed/processed/images/study_0297_slice_029.npy,data/dataset2_mosmed/processed/images/study_0297_slice_030.npy,data/dataset2_mosmed/processed/infection_masks/study_0297_slice_029.npy,data/dataset2_mosmed/processed/lung_masks/study_0297_slice_029.npy,data/dataset2_mosmed/scribbles/study_0297_slice_029.npy,621,28799,234,216
study_0297,30,data/dataset2_mosmed/processed/images/study_0297_slice_029.npy,data/dataset2_mosmed/processed/images/study_0297_slice_030.npy,data/dataset2_mosmed/processed/images/study_0297_slice_031.npy,data/dataset2_mosmed/processed/infection_masks/study_0297_slice_030.npy,data/dataset2_mosmed/processed/lung_masks/study_0297_slice_030.npy,data/dataset2_mosmed/scribbles/study_0297_slice_030.npy,1039,29082,302,213
study_0297,31,data/dataset2_mosmed/processed/images/study_0297_slice_030.npy,data/dataset2_mosmed/processed/images/study_0297_slice_031.npy,data/dataset2_mosmed/processed/images/study_0297_slice_032.npy,data/dataset2_mosmed/processed/infection_masks/study_0297_slice_031.npy,data/dataset2_mosmed/processed/lung_masks/study_0297_slice_031.npy,data/dataset2_mosmed/scribbles/study_0297_slice_031.npy,911,29368,226,214
study_0297,32,data/dataset2_mosmed/processed/images/study_0297_slice_031.npy,data/dataset2_mosmed/processed/images/study_0297_slice_032.npy,data/dataset2_mosmed/processed/images/study_0297_slice_033.npy,data/dataset2_mosmed/processed/infection_masks/study_0297_slice_032.npy,data/dataset2_mosmed/processed/lung_masks/study_0297_slice_032.npy,data/dataset2_mosmed/scribbles/study_0297_slice_032.npy,1025,29687,336,211
study_0297,33,data/dataset2_mosmed/processed/images/study_0297_slice_032.npy,data/dataset2_mosmed/processed/images/study_0297_slice_033.npy,data/dataset2_mosmed/processed/images/study_0297_slice_034.npy,data/dataset2_mosmed/processed/infection_masks/study_0297_slice_033.npy,data/dataset2_mosmed/processed/lung_masks/study_0297_slice_033.npy,data/dataset2_mosmed/scribbles/study_0297_slice_033.npy,735,30033,220,216
study_0297,34,data/dataset2_mosmed/processed/images/study_0297_slice_033.npy,data/dataset2_mosmed/processed/images/study_0297_slice_034.npy,data/dataset2_mosmed/processed/images/study_0297_slice_035.npy,data/dataset2_mosmed/processed/infection_masks/study_0297_slice_034.npy,data/dataset2_mosmed/processed/lung_masks/study_0297_slice_034.npy,data/dataset2_mosmed/scribbles/study_0297_slice_034.npy,651,30402,181,218
study_0297,35,data/dataset2_mosmed/processed/images/study_0297_slice_034.npy,data/dataset2_mosmed/processed/images/study_0297_slice_035.npy,data/dataset2_mosmed/processed/images/study_0297_slice_036.npy,data/dataset2_mosmed/processed/infection_masks/study_0297_slice_035.npy,data/dataset2_mosmed/processed/lung_masks/study_0297_slice_035.npy,data/dataset2_mosmed/scribbles/study_0297_slice_035.npy,414,30800,138,220
study_0297,36,data/dataset2_mosmed/processed/images/study_0297_slice_035.npy,data/dataset2_mosmed/processed/images/study_0297_slice_036.npy,data/dataset2_mosmed/processed/images/study_0297_slice_037.npy,data/dataset2_mosmed/processed/infection_masks/study_0297_slice_036.npy,data/dataset2_mosmed/processed/lung_masks/study_0297_slice_036.npy,data/dataset2_mosmed/scribbles/study_0297_slice_036.npy,196,31222,73,221
study_0297,37,data/dataset2_mosmed/processed/images/study_0297_slice_036.npy,data/dataset2_mosmed/processed/images/study_0297_slice_037.npy,data/dataset2_mosmed/processed/images/study_0297_slice_038.npy,data/dataset2_mosmed/processed/infection_masks/study_0297_slice_037.npy,data/dataset2_mosmed/processed/lung_masks/study_0297_slice_037.npy,data/dataset2_mosmed/scribbles/study_0297_slice_037.npy,172,31735,52,221
study_0297,38,data/dataset2_mosmed/processed/images/study_0297_slice_037.npy,data/dataset2_mosmed/processed/images/study_0297_slice_038.npy,data/dataset2_mosmed/processed/images/study_0297_slice_039.npy,data/dataset2_mosmed/processed/infection_masks/study_0297_slice_038.npy,data/dataset2_mosmed/processed/lung_masks/study_0297_slice_038.npy,data/dataset2_mosmed/scribbles/study_0297_slice_038.npy,0,32308,0,0
study_0297,39,data/dataset2_mosmed/processed/images/study_0297_slice_038.npy,data/dataset2_mosmed/processed/images/study_0297_slice_039.npy,data/dataset2_mosmed/processed/images/study_0297_slice_039.npy,data/dataset2_mosmed/processed/infection_masks/study_0297_slice_039.npy,data/dataset2_mosmed/processed/lung_masks/study_0297_slice_039.npy,data/dataset2_mosmed/scribbles/study_0297_slice_039.npy,0,33021,0,0
study_0298,4,data/dataset2_mosmed/processed/images/study_0298_slice_004.npy,data/dataset2_mosmed/processed/images/study_0298_slice_004.npy,data/dataset2_mosmed/processed/images/study_0298_slice_005.npy,data/dataset2_mosmed/processed/infection_masks/study_0298_slice_004.npy,data/dataset2_mosmed/processed/lung_masks/study_0298_slice_004.npy,data/dataset2_mosmed/scribbles/study_0298_slice_004.npy,0,62500,0,0
study_0298,5,data/dataset2_mosmed/processed/images/study_0298_slice_004.npy,data/dataset2_mosmed/processed/images/study_0298_slice_005.npy,data/dataset2_mosmed/processed/images/study_0298_slice_006.npy,data/dataset2_mosmed/processed/infection_masks/study_0298_slice_005.npy,data/dataset2_mosmed/processed/lung_masks/study_0298_slice_005.npy,data/dataset2_mosmed/scribbles/study_0298_slice_005.npy,0,62500,0,0
study_0298,6,data/dataset2_mosmed/processed/images/study_0298_slice_005.npy,data/dataset2_mosmed/processed/images/study_0298_slice_006.npy,data/dataset2_mosmed/processed/images/study_0298_slice_007.npy,data/dataset2_mosmed/processed/infection_masks/study_0298_slice_006.npy,data/dataset2_mosmed/processed/lung_masks/study_0298_slice_006.npy,data/dataset2_mosmed/scribbles/study_0298_slice_006.npy,264,62500,55,222
study_0298,7,data/dataset2_mosmed/processed/images/study_0298_slice_006.npy,data/dataset2_mosmed/processed/images/study_0298_slice_007.npy,data/dataset2_mosmed/processed/images/study_0298_slice_008.npy,data/dataset2_mosmed/processed/infection_masks/study_0298_slice_007.npy,data/dataset2_mosmed/processed/lung_masks/study_0298_slice_007.npy,data/dataset2_mosmed/scribbles/study_0298_slice_007.npy,398,62500,92,221
study_0298,8,data/dataset2_mosmed/processed/images/study_0298_slice_007.npy,data/dataset2_mosmed/processed/images/study_0298_slice_008.npy,data/dataset2_mosmed/processed/images/study_0298_slice_009.npy,data/dataset2_mosmed/processed/infection_masks/study_0298_slice_008.npy,data/dataset2_mosmed/processed/lung_masks/study_0298_slice_008.npy,data/dataset2_mosmed/scribbles/study_0298_slice_008.npy,582,62500,207,220
study_0298,9,data/dataset2_mosmed/processed/images/study_0298_slice_008.npy,data/dataset2_mosmed/processed/images/study_0298_slice_009.npy,data/dataset2_mosmed/processed/images/study_0298_slice_010.npy,data/dataset2_mosmed/processed/infection_masks/study_0298_slice_009.npy,data/dataset2_mosmed/processed/lung_masks/study_0298_slice_009.npy,data/dataset2_mosmed/scribbles/study_0298_slice_009.npy,820,62500,272,219
study_0298,10,data/dataset2_mosmed/processed/images/study_0298_slice_009.npy,data/dataset2_mosmed/processed/images/study_0298_slice_010.npy,data/dataset2_mosmed/processed/images/study_0298_slice_011.npy,data/dataset2_mosmed/processed/infection_masks/study_0298_slice_010.npy,data/dataset2_mosmed/processed/lung_masks/study_0298_slice_010.npy,data/dataset2_mosmed/scribbles/study_0298_slice_010.npy,1038,62500,325,217
study_0298,11,data/dataset2_mosmed/processed/images/study_0298_slice_010.npy,data/dataset2_mosmed/processed/images/study_0298_slice_011.npy,data/dataset2_mosmed/processed/images/study_0298_slice_012.npy,data/dataset2_mosmed/processed/infection_masks/study_0298_slice_011.npy,data/dataset2_mosmed/processed/lung_masks/study_0298_slice_011.npy,data/dataset2_mosmed/scribbles/study_0298_slice_011.npy,914,62500,273,219
study_0298,12,data/dataset2_mosmed/processed/images/study_0298_slice_011.npy,data/dataset2_mosmed/processed/images/study_0298_slice_012.npy,data/dataset2_mosmed/processed/images/study_0298_slice_013.npy,data/dataset2_mosmed/processed/infection_masks/study_0298_slice_012.npy,data/dataset2_mosmed/processed/lung_masks/study_0298_slice_012.npy,data/dataset2_mosmed/scribbles/study_0298_slice_012.npy,882,62500,260,217
study_0298,13,data/dataset2_mosmed/processed/images/study_0298_slice_012.npy,data/dataset2_mosmed/processed/images/study_0298_slice_013.npy,data/dataset2_mosmed/processed/images/study_0298_slice_014.npy,data/dataset2_mosmed/processed/infection_masks/study_0298_slice_013.npy,data/dataset2_mosmed/processed/lung_masks/study_0298_slice_013.npy,data/dataset2_mosmed/scribbles/study_0298_slice_013.npy,674,62500,249,220
study_0298,14,data/dataset2_mosmed/processed/images/study_0298_slice_013.npy,data/dataset2_mosmed/processed/images/study_0298_slice_014.npy,data/dataset2_mosmed/processed/images/study_0298_slice_015.npy,data/dataset2_mosmed/processed/infection_masks/study_0298_slice_014.npy,data/dataset2_mosmed/processed/lung_masks/study_0298_slice_014.npy,data/dataset2_mosmed/scribbles/study_0298_slice_014.npy,640,36056,203,219
study_0298,15,data/dataset2_mosmed/processed/images/study_0298_slice_014.npy,data/dataset2_mosmed/processed/images/study_0298_slice_015.npy,data/dataset2_mosmed/processed/images/study_0298_slice_016.npy,data/dataset2_mosmed/processed/infection_masks/study_0298_slice_015.npy,data/dataset2_mosmed/processed/lung_masks/study_0298_slice_015.npy,data/dataset2_mosmed/scribbles/study_0298_slice_015.npy,677,35960,243,217
study_0298,16,data/dataset2_mosmed/processed/images/study_0298_slice_015.npy,data/dataset2_mosmed/processed/images/study_0298_slice_016.npy,data/dataset2_mosmed/processed/images/study_0298_slice_017.npy,data/dataset2_mosmed/processed/infection_masks/study_0298_slice_016.npy,data/dataset2_mosmed/processed/lung_masks/study_0298_slice_016.npy,data/dataset2_mosmed/scribbles/study_0298_slice_016.npy,574,35796,233,218
study_0298,17,data/dataset2_mosmed/processed/images/study_0298_slice_016.npy,data/dataset2_mosmed/processed/images/study_0298_slice_017.npy,data/dataset2_mosmed/processed/images/study_0298_slice_018.npy,data/dataset2_mosmed/processed/infection_masks/study_0298_slice_017.npy,data/dataset2_mosmed/processed/lung_masks/study_0298_slice_017.npy,data/dataset2_mosmed/scribbles/study_0298_slice_017.npy,522,27406,257,220
study_0298,18,data/dataset2_mosmed/processed/images/study_0298_slice_017.npy,data/dataset2_mosmed/processed/images/study_0298_slice_018.npy,data/dataset2_mosmed/processed/images/study_0298_slice_019.npy,data/dataset2_mosmed/processed/infection_masks/study_0298_slice_018.npy,data/dataset2_mosmed/processed/lung_masks/study_0298_slice_018.npy,data/dataset2_mosmed/scribbles/study_0298_slice_018.npy,508,27339,252,218
study_0298,19,data/dataset2_mosmed/processed/images/study_0298_slice_018.npy,data/dataset2_mosmed/processed/images/study_0298_slice_019.npy,data/dataset2_mosmed/processed/images/study_0298_slice_020.npy,data/dataset2_mosmed/processed/infection_masks/study_0298_slice_019.npy,data/dataset2_mosmed/processed/lung_masks/study_0298_slice_019.npy,data/dataset2_mosmed/scribbles/study_0298_slice_019.npy,324,27314,142,223
study_0298,20,data/dataset2_mosmed/processed/images/study_0298_slice_019.npy,data/dataset2_mosmed/processed/images/study_0298_slice_020.npy,data/dataset2_mosmed/processed/images/study_0298_slice_021.npy,data/dataset2_mosmed/processed/infection_masks/study_0298_slice_020.npy,data/dataset2_mosmed/processed/lung_masks/study_0298_slice_020.npy,data/dataset2_mosmed/scribbles/study_0298_slice_020.npy,472,27285,220,221
study_0298,21,data/dataset2_mosmed/processed/images/study_0298_slice_020.npy,data/dataset2_mosmed/processed/images/study_0298_slice_021.npy,data/dataset2_mosmed/processed/images/study_0298_slice_022.npy,data/dataset2_mosmed/processed/infection_masks/study_0298_slice_021.npy,data/dataset2_mosmed/processed/lung_masks/study_0298_slice_021.npy,data/dataset2_mosmed/scribbles/study_0298_slice_021.npy,235,27328,122,221
study_0298,22,data/dataset2_mosmed/processed/images/study_0298_slice_021.npy,data/dataset2_mosmed/processed/images/study_0298_slice_022.npy,data/dataset2_mosmed/processed/images/study_0298_slice_023.npy,data/dataset2_mosmed/processed/infection_masks/study_0298_slice_022.npy,data/dataset2_mosmed/processed/lung_masks/study_0298_slice_022.npy,data/dataset2_mosmed/scribbles/study_0298_slice_022.npy,193,29520,98,222
study_0298,23,data/dataset2_mosmed/processed/images/study_0298_slice_022.npy,data/dataset2_mosmed/processed/images/study_0298_slice_023.npy,data/dataset2_mosmed/processed/images/study_0298_slice_024.npy,data/dataset2_mosmed/processed/infection_masks/study_0298_slice_023.npy,data/dataset2_mosmed/processed/lung_masks/study_0298_slice_023.npy,data/dataset2_mosmed/scribbles/study_0298_slice_023.npy,331,29288,136,222
study_0298,24,data/dataset2_mosmed/processed/images/study_0298_slice_023.npy,data/dataset2_mosmed/processed/images/study_0298_slice_024.npy,data/dataset2_mosmed/processed/images/study_0298_slice_025.npy,data/dataset2_mosmed/processed/infection_masks/study_0298_slice_024.npy,data/dataset2_mosmed/processed/lung_masks/study_0298_slice_024.npy,data/dataset2_mosmed/scribbles/study_0298_slice_024.npy,0,28832,0,0
study_0298,25,data/dataset2_mosmed/processed/images/study_0298_slice_024.npy,data/dataset2_mosmed/processed/images/study_0298_slice_025.npy,data/dataset2_mosmed/processed/images/study_0298_slice_025.npy,data/dataset2_mosmed/processed/infection_masks/study_0298_slice_025.npy,data/dataset2_mosmed/processed/lung_masks/study_0298_slice_025.npy,data/dataset2_mosmed/scribbles/study_0298_slice_025.npy,0,28345,0,0
study_0299,6,data/dataset2_mosmed/processed/images/study_0299_slice_006.npy,data/dataset2_mosmed/processed/images/study_0299_slice_006.npy,data/dataset2_mosmed/processed/images/study_0299_slice_007.npy,data/dataset2_mosmed/processed/infection_masks/study_0299_slice_006.npy,data/dataset2_mosmed/processed/lung_masks/study_0299_slice_006.npy,data/dataset2_mosmed/scribbles/study_0299_slice_006.npy,0,62500,0,0
study_0299,7,data/dataset2_mosmed/processed/images/study_0299_slice_006.npy,data/dataset2_mosmed/processed/images/study_0299_slice_007.npy,data/dataset2_mosmed/processed/images/study_0299_slice_008.npy,data/dataset2_mosmed/processed/infection_masks/study_0299_slice_007.npy,data/dataset2_mosmed/processed/lung_masks/study_0299_slice_007.npy,data/dataset2_mosmed/scribbles/study_0299_slice_007.npy,0,62500,0,0
study_0299,8,data/dataset2_mosmed/processed/images/study_0299_slice_007.npy,data/dataset2_mosmed/processed/images/study_0299_slice_008.npy,data/dataset2_mosmed/processed/images/study_0299_slice_009.npy,data/dataset2_mosmed/processed/infection_masks/study_0299_slice_008.npy,data/dataset2_mosmed/processed/lung_masks/study_0299_slice_008.npy,data/dataset2_mosmed/scribbles/study_0299_slice_008.npy,237,62500,107,222
study_0299,9,data/dataset2_mosmed/processed/images/study_0299_slice_008.npy,data/dataset2_mosmed/processed/images/study_0299_slice_009.npy,data/dataset2_mosmed/processed/images/study_0299_slice_010.npy,data/dataset2_mosmed/processed/infection_masks/study_0299_slice_009.npy,data/dataset2_mosmed/processed/lung_masks/study_0299_slice_009.npy,data/dataset2_mosmed/scribbles/study_0299_slice_009.npy,444,62500,161,222
study_0299,10,data/dataset2_mosmed/processed/images/study_0299_slice_009.npy,data/dataset2_mosmed/processed/images/study_0299_slice_010.npy,data/dataset2_mosmed/processed/images/study_0299_slice_011.npy,data/dataset2_mosmed/processed/infection_masks/study_0299_slice_010.npy,data/dataset2_mosmed/processed/lung_masks/study_0299_slice_010.npy,data/dataset2_mosmed/scribbles/study_0299_slice_010.npy,843,62500,370,216
study_0299,11,data/dataset2_mosmed/processed/images/study_0299_slice_010.npy,data/dataset2_mosmed/processed/images/study_0299_slice_011.npy,data/dataset2_mosmed/processed/images/study_0299_slice_012.npy,data/dataset2_mosmed/processed/infection_masks/study_0299_slice_011.npy,data/dataset2_mosmed/processed/lung_masks/study_0299_slice_011.npy,data/dataset2_mosmed/scribbles/study_0299_slice_011.npy,681,62500,274,215
study_0299,12,data/dataset2_mosmed/processed/images/study_0299_slice_011.npy,data/dataset2_mosmed/processed/images/study_0299_slice_012.npy,data/dataset2_mosmed/processed/images/study_0299_slice_013.npy,data/dataset2_mosmed/processed/infection_masks/study_0299_slice_012.npy,data/dataset2_mosmed/processed/lung_masks/study_0299_slice_012.npy,data/dataset2_mosmed/scribbles/study_0299_slice_012.npy,834,62500,307,216
study_0299,13,data/dataset2_mosmed/processed/images/study_0299_slice_012.npy,data/dataset2_mosmed/processed/images/study_0299_slice_013.npy,data/dataset2_mosmed/processed/images/study_0299_slice_014.npy,data/dataset2_mosmed/processed/infection_masks/study_0299_slice_013.npy,data/dataset2_mosmed/processed/lung_masks/study_0299_slice_013.npy,data/dataset2_mosmed/scribbles/study_0299_slice_013.npy,897,62500,310,217
study_0299,14,data/dataset2_mosmed/processed/images/study_0299_slice_013.npy,data/dataset2_mosmed/processed/images/study_0299_slice_014.npy,data/dataset2_mosmed/processed/images/study_0299_slice_015.npy,data/dataset2_mosmed/processed/infection_masks/study_0299_slice_014.npy,data/dataset2_mosmed/processed/lung_masks/study_0299_slice_014.npy,data/dataset2_mosmed/scribbles/study_0299_slice_014.npy,506,62500,207,220
study_0299,15,data/dataset2_mosmed/processed/images/study_0299_slice_014.npy,data/dataset2_mosmed/processed/images/study_0299_slice_015.npy,data/dataset2_mosmed/processed/images/study_0299_slice_016.npy,data/dataset2_mosmed/processed/infection_masks/study_0299_slice_015.npy,data/dataset2_mosmed/processed/lung_masks/study_0299_slice_015.npy,data/dataset2_mosmed/scribbles/study_0299_slice_015.npy,289,62500,88,221
study_0299,16,data/dataset2_mosmed/processed/images/study_0299_slice_015.npy,data/dataset2_mosmed/processed/images/study_0299_slice_016.npy,data/dataset2_mosmed/processed/images/study_0299_slice_017.npy,data/dataset2_mosmed/processed/infection_masks/study_0299_slice_016.npy,data/dataset2_mosmed/processed/lung_masks/study_0299_slice_016.npy,data/dataset2_mosmed/scribbles/study_0299_slice_016.npy,192,62500,52,223
study_0299,17,data/dataset2_mosmed/processed/images/study_0299_slice_016.npy,data/dataset2_mosmed/processed/images/study_0299_slice_017.npy,data/dataset2_mosmed/processed/images/study_0299_slice_018.npy,data/dataset2_mosmed/processed/infection_masks/study_0299_slice_017.npy,data/dataset2_mosmed/processed/lung_masks/study_0299_slice_017.npy,data/dataset2_mosmed/scribbles/study_0299_slice_017.npy,134,33954,28,224
study_0299,18,data/dataset2_mosmed/processed/images/study_0299_slice_017.npy,data/dataset2_mosmed/processed/images/study_0299_slice_018.npy,data/dataset2_mosmed/processed/images/study_0299_slice_019.npy,data/dataset2_mosmed/processed/infection_masks/study_0299_slice_018.npy,data/dataset2_mosmed/processed/lung_masks/study_0299_slice_018.npy,data/dataset2_mosmed/scribbles/study_0299_slice_018.npy,0,32728,0,0
study_0299,19,data/dataset2_mosmed/processed/images/study_0299_slice_018.npy,data/dataset2_mosmed/processed/images/study_0299_slice_019.npy,data/dataset2_mosmed/processed/images/study_0299_slice_021.npy,data/dataset2_mosmed/processed/infection_masks/study_0299_slice_019.npy,data/dataset2_mosmed/processed/lung_masks/study_0299_slice_019.npy,data/dataset2_mosmed/scribbles/study_0299_slice_019.npy,0,31999,0,0
study_0299,21,data/dataset2_mosmed/processed/images/study_0299_slice_019.npy,data/dataset2_mosmed/processed/images/study_0299_slice_021.npy,data/dataset2_mosmed/processed/images/study_0299_slice_022.npy,data/dataset2_mosmed/processed/infection_masks/study_0299_slice_021.npy,data/dataset2_mosmed/processed/lung_masks/study_0299_slice_021.npy,data/dataset2_mosmed/scribbles/study_0299_slice_021.npy,0,31419,0,0
study_0299,22,data/dataset2_mosmed/processed/images/study_0299_slice_021.npy,data/dataset2_mosmed/processed/images/study_0299_slice_022.npy,data/dataset2_mosmed/processed/images/study_0299_slice_023.npy,data/dataset2_mosmed/processed/infection_masks/study_0299_slice_022.npy,data/dataset2_mosmed/processed/lung_masks/study_0299_slice_022.npy,data/dataset2_mosmed/scribbles/study_0299_slice_022.npy,0,31340,0,0
study_0299,23,data/dataset2_mosmed/processed/images/study_0299_slice_022.npy,data/dataset2_mosmed/processed/images/study_0299_slice_023.npy,data/dataset2_mosmed/processed/images/study_0299_slice_024.npy,data/dataset2_mosmed/processed/infection_masks/study_0299_slice_023.npy,data/dataset2_mosmed/processed/lung_masks/study_0299_slice_023.npy,data/dataset2_mosmed/scribbles/study_0299_slice_023.npy,176,37019,67,222
study_0299,24,data/dataset2_mosmed/processed/images/study_0299_slice_023.npy,data/dataset2_mosmed/processed/images/study_0299_slice_024.npy,data/dataset2_mosmed/processed/images/study_0299_slice_025.npy,data/dataset2_mosmed/processed/infection_masks/study_0299_slice_024.npy,data/dataset2_mosmed/processed/lung_masks/study_0299_slice_024.npy,data/dataset2_mosmed/scribbles/study_0299_slice_024.npy,0,36991,0,0
study_0299,25,data/dataset2_mosmed/processed/images/study_0299_slice_024.npy,data/dataset2_mosmed/processed/images/study_0299_slice_025.npy,data/dataset2_mosmed/processed/images/study_0299_slice_026.npy,data/dataset2_mosmed/processed/infection_masks/study_0299_slice_025.npy,data/dataset2_mosmed/processed/lung_masks/study_0299_slice_025.npy,data/dataset2_mosmed/scribbles/study_0299_slice_025.npy,0,37366,0,0
study_0299,26,data/dataset2_mosmed/processed/images/study_0299_slice_025.npy,data/dataset2_mosmed/processed/images/study_0299_slice_026.npy,data/dataset2_mosmed/processed/images/study_0299_slice_027.npy,data/dataset2_mosmed/processed/infection_masks/study_0299_slice_026.npy,data/dataset2_mosmed/processed/lung_masks/study_0299_slice_026.npy,data/dataset2_mosmed/scribbles/study_0299_slice_026.npy,73,37501,29,224
study_0299,27,data/dataset2_mosmed/processed/images/study_0299_slice_026.npy,data/dataset2_mosmed/processed/images/study_0299_slice_027.npy,data/dataset2_mosmed/processed/images/study_0299_slice_028.npy,data/dataset2_mosmed/processed/infection_masks/study_0299_slice_027.npy,data/dataset2_mosmed/processed/lung_masks/study_0299_slice_027.npy,data/dataset2_mosmed/scribbles/study_0299_slice_027.npy,158,32203,62,224
study_0299,28,data/dataset2_mosmed/processed/images/study_0299_slice_027.npy,data/dataset2_mosmed/processed/images/study_0299_slice_028.npy,data/dataset2_mosmed/processed/images/study_0299_slice_029.npy,data/dataset2_mosmed/processed/infection_masks/study_0299_slice_028.npy,data/dataset2_mosmed/processed/lung_masks/study_0299_slice_028.npy,data/dataset2_mosmed/scribbles/study_0299_slice_028.npy,116,32351,26,224
study_0299,29,data/dataset2_mosmed/processed/images/study_0299_slice_028.npy,data/dataset2_mosmed/processed/images/study_0299_slice_029.npy,data/dataset2_mosmed/processed/images/study_0299_slice_030.npy,data/dataset2_mosmed/processed/infection_masks/study_0299_slice_029.npy,data/dataset2_mosmed/processed/lung_masks/study_0299_slice_029.npy,data/dataset2_mosmed/scribbles/study_0299_slice_029.npy,18,32697,5,224
study_0299,30,data/dataset2_mosmed/processed/images/study_0299_slice_029.npy,data/dataset2_mosmed/processed/images/study_0299_slice_030.npy,data/dataset2_mosmed/processed/images/study_0299_slice_031.npy,data/dataset2_mosmed/processed/infection_masks/study_0299_slice_030.npy,data/dataset2_mosmed/processed/lung_masks/study_0299_slice_030.npy,data/dataset2_mosmed/scribbles/study_0299_slice_030.npy,0,37297,0,0
study_0299,31,data/dataset2_mosmed/processed/images/study_0299_slice_030.npy,data/dataset2_mosmed/processed/images/study_0299_slice_031.npy,data/dataset2_mosmed/processed/images/study_0299_slice_031.npy,data/dataset2_mosmed/processed/infection_masks/study_0299_slice_031.npy,data/dataset2_mosmed/processed/lung_masks/study_0299_slice_031.npy,data/dataset2_mosmed/scribbles/study_0299_slice_031.npy,0,29539,0,0
study_0300,17,data/dataset2_mosmed/processed/images/study_0300_slice_017.npy,data/dataset2_mosmed/processed/images/study_0300_slice_017.npy,data/dataset2_mosmed/processed/images/study_0300_slice_018.npy,data/dataset2_mosmed/processed/infection_masks/study_0300_slice_017.npy,data/dataset2_mosmed/processed/lung_masks/study_0300_slice_017.npy,data/dataset2_mosmed/scribbles/study_0300_slice_017.npy,0,28288,0,0
study_0300,18,data/dataset2_mosmed/processed/images/study_0300_slice_017.npy,data/dataset2_mosmed/processed/images/study_0300_slice_018.npy,data/dataset2_mosmed/processed/images/study_0300_slice_019.npy,data/dataset2_mosmed/processed/infection_masks/study_0300_slice_018.npy,data/dataset2_mosmed/processed/lung_masks/study_0300_slice_018.npy,data/dataset2_mosmed/scribbles/study_0300_slice_018.npy,0,28437,0,0
study_0300,19,data/dataset2_mosmed/processed/images/study_0300_slice_018.npy,data/dataset2_mosmed/processed/images/study_0300_slice_019.npy,data/dataset2_mosmed/processed/images/study_0300_slice_020.npy,data/dataset2_mosmed/processed/infection_masks/study_0300_slice_019.npy,data/dataset2_mosmed/processed/lung_masks/study_0300_slice_019.npy,data/dataset2_mosmed/scribbles/study_0300_slice_019.npy,76,28538,23,223
study_0300,20,data/dataset2_mosmed/processed/images/study_0300_slice_019.npy,data/dataset2_mosmed/processed/images/study_0300_slice_020.npy,data/dataset2_mosmed/processed/images/study_0300_slice_021.npy,data/dataset2_mosmed/processed/infection_masks/study_0300_slice_020.npy,data/dataset2_mosmed/processed/lung_masks/study_0300_slice_020.npy,data/dataset2_mosmed/scribbles/study_0300_slice_020.npy,240,28653,66,221
study_0300,21,data/dataset2_mosmed/processed/images/study_0300_slice_020.npy,data/dataset2_mosmed/processed/images/study_0300_slice_021.npy,data/dataset2_mosmed/processed/images/study_0300_slice_022.npy,data/dataset2_mosmed/processed/infection_masks/study_0300_slice_021.npy,data/dataset2_mosmed/processed/lung_masks/study_0300_slice_021.npy,data/dataset2_mosmed/scribbles/study_0300_slice_021.npy,135,28815,43,224
study_0300,22,data/dataset2_mosmed/processed/images/study_0300_slice_021.npy,data/dataset2_mosmed/processed/images/study_0300_slice_022.npy,data/dataset2_mosmed/processed/images/study_0300_slice_023.npy,data/dataset2_mosmed/processed/infection_masks/study_0300_slice_022.npy,data/dataset2_mosmed/processed/lung_masks/study_0300_slice_022.npy,data/dataset2_mosmed/scribbles/study_0300_slice_022.npy,0,28943,0,0
study_0300,23,data/dataset2_mosmed/processed/images/study_0300_slice_022.npy,data/dataset2_mosmed/processed/images/study_0300_slice_023.npy,data/dataset2_mosmed/processed/images/study_0300_slice_027.npy,data/dataset2_mosmed/processed/infection_masks/study_0300_slice_023.npy,data/dataset2_mosmed/processed/lung_masks/study_0300_slice_023.npy,data/dataset2_mosmed/scribbles/study_0300_slice_023.npy,0,29141,0,0
study_0300,27,data/dataset2_mosmed/processed/images/study_0300_slice_023.npy,data/dataset2_mosmed/processed/images/study_0300_slice_027.npy,data/dataset2_mosmed/processed/images/study_0300_slice_028.npy,data/dataset2_mosmed/processed/infection_masks/study_0300_slice_027.npy,data/dataset2_mosmed/processed/lung_masks/study_0300_slice_027.npy,data/dataset2_mosmed/scribbles/study_0300_slice_027.npy,0,30370,0,0
study_0300,28,data/dataset2_mosmed/processed/images/study_0300_slice_027.npy,data/dataset2_mosmed/processed/images/study_0300_slice_028.npy,data/dataset2_mosmed/processed/images/study_0300_slice_029.npy,data/dataset2_mosmed/processed/infection_masks/study_0300_slice_028.npy,data/dataset2_mosmed/processed/lung_masks/study_0300_slice_028.npy,data/dataset2_mosmed/scribbles/study_0300_slice_028.npy,0,30919,0,0
study_0300,29,data/dataset2_mosmed/processed/images/study_0300_slice_028.npy,data/dataset2_mosmed/processed/images/study_0300_slice_029.npy,data/dataset2_mosmed/processed/images/study_0300_slice_030.npy,data/dataset2_mosmed/processed/infection_masks/study_0300_slice_029.npy,data/dataset2_mosmed/processed/lung_masks/study_0300_slice_029.npy,data/dataset2_mosmed/scribbles/study_0300_slice_029.npy,44,31640,21,224
study_0300,30,data/dataset2_mosmed/processed/images/study_0300_slice_029.npy,data/dataset2_mosmed/processed/images/study_0300_slice_030.npy,data/dataset2_mosmed/processed/images/study_0300_slice_031.npy,data/dataset2_mosmed/processed/infection_masks/study_0300_slice_030.npy,data/dataset2_mosmed/processed/lung_masks/study_0300_slice_030.npy,data/dataset2_mosmed/scribbles/study_0300_slice_030.npy,48,32496,11,225
study_0300,31,data/dataset2_mosmed/processed/images/study_0300_slice_030.npy,data/dataset2_mosmed/processed/images/study_0300_slice_031.npy,data/dataset2_mosmed/processed/images/study_0300_slice_032.npy,data/dataset2_mosmed/processed/infection_masks/study_0300_slice_031.npy,data/dataset2_mosmed/processed/lung_masks/study_0300_slice_031.npy,data/dataset2_mosmed/scribbles/study_0300_slice_031.npy,37,33461,16,224
study_0300,32,data/dataset2_mosmed/processed/images/study_0300_slice_031.npy,data/dataset2_mosmed/processed/images/study_0300_slice_032.npy,data/dataset2_mosmed/processed/images/study_0300_slice_033.npy,data/dataset2_mosmed/processed/infection_masks/study_0300_slice_032.npy,data/dataset2_mosmed/processed/lung_masks/study_0300_slice_032.npy,data/dataset2_mosmed/scribbles/study_0300_slice_032.npy,0,34524,0,0
study_0300,33,data/dataset2_mosmed/processed/images/study_0300_slice_032.npy,data/dataset2_mosmed/processed/images/study_0300_slice_033.npy,data/dataset2_mosmed/processed/images/study_0300_slice_033.npy,data/dataset2_mosmed/processed/infection_masks/study_0300_slice_033.npy,data/dataset2_mosmed/processed/lung_masks/study_0300_slice_033.npy,data/dataset2_mosmed/scribbles/study_0300_slice_033.npy,0,35313,0,0
study_0301,8,data/dataset2_mosmed/processed/images/study_0301_slice_008.npy,data/dataset2_mosmed/processed/images/study_0301_slice_008.npy,data/dataset2_mosmed/processed/images/study_0301_slice_009.npy,data/dataset2_mosmed/processed/infection_masks/study_0301_slice_008.npy,data/dataset2_mosmed/processed/lung_masks/study_0301_slice_008.npy,data/dataset2_mosmed/scribbles/study_0301_slice_008.npy,0,62500,0,0
study_0301,9,data/dataset2_mosmed/processed/images/study_0301_slice_008.npy,data/dataset2_mosmed/processed/images/study_0301_slice_009.npy,data/dataset2_mosmed/processed/images/study_0301_slice_010.npy,data/dataset2_mosmed/processed/infection_masks/study_0301_slice_009.npy,data/dataset2_mosmed/processed/lung_masks/study_0301_slice_009.npy,data/dataset2_mosmed/scribbles/study_0301_slice_009.npy,0,62500,0,0
study_0301,10,data/dataset2_mosmed/processed/images/study_0301_slice_009.npy,data/dataset2_mosmed/processed/images/study_0301_slice_010.npy,data/dataset2_mosmed/processed/images/study_0301_slice_011.npy,data/dataset2_mosmed/processed/infection_masks/study_0301_slice_010.npy,data/dataset2_mosmed/processed/lung_masks/study_0301_slice_010.npy,data/dataset2_mosmed/scribbles/study_0301_slice_010.npy,43,62500,5,224
study_0301,11,data/dataset2_mosmed/processed/images/study_0301_slice_010.npy,data/dataset2_mosmed/processed/images/study_0301_slice_011.npy,data/dataset2_mosmed/processed/images/study_0301_slice_012.npy,data/dataset2_mosmed/processed/infection_masks/study_0301_slice_011.npy,data/dataset2_mosmed/processed/lung_masks/study_0301_slice_011.npy,data/dataset2_mosmed/scribbles/study_0301_slice_011.npy,0,62500,0,0
study_0301,12,data/dataset2_mosmed/processed/images/study_0301_slice_011.npy,data/dataset2_mosmed/processed/images/study_0301_slice_012.npy,data/dataset2_mosmed/processed/images/study_0301_slice_019.npy,data/dataset2_mosmed/processed/infection_masks/study_0301_slice_012.npy,data/dataset2_mosmed/processed/lung_masks/study_0301_slice_012.npy,data/dataset2_mosmed/scribbles/study_0301_slice_012.npy,0,62500,0,0
study_0301,19,data/dataset2_mosmed/processed/images/study_0301_slice_012.npy,data/dataset2_mosmed/processed/images/study_0301_slice_019.npy,data/dataset2_mosmed/processed/images/study_0301_slice_020.npy,data/dataset2_mosmed/processed/infection_masks/study_0301_slice_019.npy,data/dataset2_mosmed/processed/lung_masks/study_0301_slice_019.npy,data/dataset2_mosmed/scribbles/study_0301_slice_019.npy,0,29109,0,0
study_0301,20,data/dataset2_mosmed/processed/images/study_0301_slice_019.npy,data/dataset2_mosmed/processed/images/study_0301_slice_020.npy,data/dataset2_mosmed/processed/images/study_0301_slice_021.npy,data/dataset2_mosmed/processed/infection_masks/study_0301_slice_020.npy,data/dataset2_mosmed/processed/lung_masks/study_0301_slice_020.npy,data/dataset2_mosmed/scribbles/study_0301_slice_020.npy,0,28622,0,0
study_0301,21,data/dataset2_mosmed/processed/images/study_0301_slice_020.npy,data/dataset2_mosmed/processed/images/study_0301_slice_021.npy,data/dataset2_mosmed/processed/images/study_0301_slice_022.npy,data/dataset2_mosmed/processed/infection_masks/study_0301_slice_021.npy,data/dataset2_mosmed/processed/lung_masks/study_0301_slice_021.npy,data/dataset2_mosmed/scribbles/study_0301_slice_021.npy,76,28387,20,223
study_0301,22,data/dataset2_mosmed/processed/images/study_0301_slice_021.npy,data/dataset2_mosmed/processed/images/study_0301_slice_022.npy,data/dataset2_mosmed/processed/images/study_0301_slice_023.npy,data/dataset2_mosmed/processed/infection_masks/study_0301_slice_022.npy,data/dataset2_mosmed/processed/lung_masks/study_0301_slice_022.npy,data/dataset2_mosmed/scribbles/study_0301_slice_022.npy,0,27725,0,0
study_0301,23,data/dataset2_mosmed/processed/images/study_0301_slice_022.npy,data/dataset2_mosmed/processed/images/study_0301_slice_023.npy,data/dataset2_mosmed/processed/images/study_0301_slice_024.npy,data/dataset2_mosmed/processed/infection_masks/study_0301_slice_023.npy,data/dataset2_mosmed/processed/lung_masks/study_0301_slice_023.npy,data/dataset2_mosmed/scribbles/study_0301_slice_023.npy,0,27174,0,0
study_0301,24,data/dataset2_mosmed/processed/images/study_0301_slice_023.npy,data/dataset2_mosmed/processed/images/study_0301_slice_024.npy,data/dataset2_mosmed/processed/images/study_0301_slice_025.npy,data/dataset2_mosmed/processed/infection_masks/study_0301_slice_024.npy,data/dataset2_mosmed/processed/lung_masks/study_0301_slice_024.npy,data/dataset2_mosmed/scribbles/study_0301_slice_024.npy,0,26884,0,0
study_0301,25,data/dataset2_mosmed/processed/images/study_0301_slice_024.npy,data/dataset2_mosmed/processed/images/study_0301_slice_025.npy,data/dataset2_mosmed/processed/images/study_0301_slice_026.npy,data/dataset2_mosmed/processed/infection_masks/study_0301_slice_025.npy,data/dataset2_mosmed/processed/lung_masks/study_0301_slice_025.npy,data/dataset2_mosmed/scribbles/study_0301_slice_025.npy,0,26742,0,0
study_0301,26,data/dataset2_mosmed/processed/images/study_0301_slice_025.npy,data/dataset2_mosmed/processed/images/study_0301_slice_026.npy,data/dataset2_mosmed/processed/images/study_0301_slice_027.npy,data/dataset2_mosmed/processed/infection_masks/study_0301_slice_026.npy,data/dataset2_mosmed/processed/lung_masks/study_0301_slice_026.npy,data/dataset2_mosmed/scribbles/study_0301_slice_026.npy,77,26548,30,224
study_0301,27,data/dataset2_mosmed/processed/images/study_0301_slice_026.npy,data/dataset2_mosmed/processed/images/study_0301_slice_027.npy,data/dataset2_mosmed/processed/images/study_0301_slice_028.npy,data/dataset2_mosmed/processed/infection_masks/study_0301_slice_027.npy,data/dataset2_mosmed/processed/lung_masks/study_0301_slice_027.npy,data/dataset2_mosmed/scribbles/study_0301_slice_027.npy,78,25928,14,224
study_0301,28,data/dataset2_mosmed/processed/images/study_0301_slice_027.npy,data/dataset2_mosmed/processed/images/study_0301_slice_028.npy,data/dataset2_mosmed/processed/images/study_0301_slice_029.npy,data/dataset2_mosmed/processed/infection_masks/study_0301_slice_028.npy,data/dataset2_mosmed/processed/lung_masks/study_0301_slice_028.npy,data/dataset2_mosmed/scribbles/study_0301_slice_028.npy,0,26480,0,0
study_0301,29,data/dataset2_mosmed/processed/images/study_0301_slice_028.npy,data/dataset2_mosmed/processed/images/study_0301_slice_029.npy,data/dataset2_mosmed/processed/images/study_0301_slice_029.npy,data/dataset2_mosmed/processed/infection_masks/study_0301_slice_029.npy,data/dataset2_mosmed/processed/lung_masks/study_0301_slice_029.npy,data/dataset2_mosmed/scribbles/study_0301_slice_029.npy,0,27690,0,0
study_0303,5,data/dataset2_mosmed/processed/images/study_0303_slice_005.npy,data/dataset2_mosmed/processed/images/study_0303_slice_005.npy,data/dataset2_mosmed/processed/images/study_0303_slice_006.npy,data/dataset2_mosmed/processed/infection_masks/study_0303_slice_005.npy,data/dataset2_mosmed/processed/lung_masks/study_0303_slice_005.npy,data/dataset2_mosmed/scribbles/study_0303_slice_005.npy,0,62500,0,0
study_0303,6,data/dataset2_mosmed/processed/images/study_0303_slice_005.npy,data/dataset2_mosmed/processed/images/study_0303_slice_006.npy,data/dataset2_mosmed/processed/images/study_0303_slice_007.npy,data/dataset2_mosmed/processed/infection_masks/study_0303_slice_006.npy,data/dataset2_mosmed/processed/lung_masks/study_0303_slice_006.npy,data/dataset2_mosmed/scribbles/study_0303_slice_006.npy,0,62500,0,0
study_0303,7,data/dataset2_mosmed/processed/images/study_0303_slice_006.npy,data/dataset2_mosmed/processed/images/study_0303_slice_007.npy,data/dataset2_mosmed/processed/images/study_0303_slice_008.npy,data/dataset2_mosmed/processed/infection_masks/study_0303_slice_007.npy,data/dataset2_mosmed/processed/lung_masks/study_0303_slice_007.npy,data/dataset2_mosmed/scribbles/study_0303_slice_007.npy,211,62500,65,221
study_0303,8,data/dataset2_mosmed/processed/images/study_0303_slice_007.npy,data/dataset2_mosmed/processed/images/study_0303_slice_008.npy,data/dataset2_mosmed/processed/images/study_0303_slice_009.npy,data/dataset2_mosmed/processed/infection_masks/study_0303_slice_008.npy,data/dataset2_mosmed/processed/lung_masks/study_0303_slice_008.npy,data/dataset2_mosmed/scribbles/study_0303_slice_008.npy,339,62500,116,222
study_0303,9,data/dataset2_mosmed/processed/images/study_0303_slice_008.npy,data/dataset2_mosmed/processed/images/study_0303_slice_009.npy,data/dataset2_mosmed/processed/images/study_0303_slice_010.npy,data/dataset2_mosmed/processed/infection_masks/study_0303_slice_009.npy,data/dataset2_mosmed/processed/lung_masks/study_0303_slice_009.npy,data/dataset2_mosmed/scribbles/study_0303_slice_009.npy,341,62500,96,220
study_0303,10,data/dataset2_mosmed/processed/images/study_0303_slice_009.npy,data/dataset2_mosmed/processed/images/study_0303_slice_010.npy,data/dataset2_mosmed/processed/images/study_0303_slice_011.npy,data/dataset2_mosmed/processed/infection_masks/study_0303_slice_010.npy,data/dataset2_mosmed/processed/lung_masks/study_0303_slice_010.npy,data/dataset2_mosmed/scribbles/study_0303_slice_010.npy,339,62500,111,219
study_0303,11,data/dataset2_mosmed/processed/images/study_0303_slice_010.npy,data/dataset2_mosmed/processed/images/study_0303_slice_011.npy,data/dataset2_mosmed/processed/images/study_0303_slice_012.npy,data/dataset2_mosmed/processed/infection_masks/study_0303_slice_011.npy,data/dataset2_mosmed/processed/lung_masks/study_0303_slice_011.npy,data/dataset2_mosmed/scribbles/study_0303_slice_011.npy,240,62500,95,221
study_0303,12,data/dataset2_mosmed/processed/images/study_0303_slice_011.npy,data/dataset2_mosmed/processed/images/study_0303_slice_012.npy,data/dataset2_mosmed/processed/images/study_0303_slice_013.npy,data/dataset2_mosmed/processed/infection_masks/study_0303_slice_012.npy,data/dataset2_mosmed/processed/lung_masks/study_0303_slice_012.npy,data/dataset2_mosmed/scribbles/study_0303_slice_012.npy,455,62500,111,218
study_0303,13,data/dataset2_mosmed/processed/images/study_0303_slice_012.npy,data/dataset2_mosmed/processed/images/study_0303_slice_013.npy,data/dataset2_mosmed/processed/images/study_0303_slice_014.npy,data/dataset2_mosmed/processed/infection_masks/study_0303_slice_013.npy,data/dataset2_mosmed/processed/lung_masks/study_0303_slice_013.npy,data/dataset2_mosmed/scribbles/study_0303_slice_013.npy,633,38161,141,220
study_0303,14,data/dataset2_mosmed/processed/images/study_0303_slice_013.npy,data/dataset2_mosmed/processed/images/study_0303_slice_014.npy,data/dataset2_mosmed/processed/images/study_0303_slice_015.npy,data/dataset2_mosmed/processed/infection_masks/study_0303_slice_014.npy,data/dataset2_mosmed/processed/lung_masks/study_0303_slice_014.npy,data/dataset2_mosmed/scribbles/study_0303_slice_014.npy,811,37366,209,221
study_0303,15,data/dataset2_mosmed/processed/images/study_0303_slice_014.npy,data/dataset2_mosmed/processed/images/study_0303_slice_015.npy,data/dataset2_mosmed/processed/images/study_0303_slice_016.npy,data/dataset2_mosmed/processed/infection_masks/study_0303_slice_015.npy,data/dataset2_mosmed/processed/lung_masks/study_0303_slice_015.npy,data/dataset2_mosmed/scribbles/study_0303_slice_015.npy,611,36496,129,217
study_0303,16,data/dataset2_mosmed/processed/images/study_0303_slice_015.npy,data/dataset2_mosmed/processed/images/study_0303_slice_016.npy,data/dataset2_mosmed/processed/images/study_0303_slice_017.npy,data/dataset2_mosmed/processed/infection_masks/study_0303_slice_016.npy,data/dataset2_mosmed/processed/lung_masks/study_0303_slice_016.npy,data/dataset2_mosmed/scribbles/study_0303_slice_016.npy,522,35796,90,220
study_0303,17,data/dataset2_mosmed/processed/images/study_0303_slice_016.npy,data/dataset2_mosmed/processed/images/study_0303_slice_017.npy,data/dataset2_mosmed/processed/images/study_0303_slice_018.npy,data/dataset2_mosmed/processed/infection_masks/study_0303_slice_017.npy,data/dataset2_mosmed/processed/lung_masks/study_0303_slice_017.npy,data/dataset2_mosmed/scribbles/study_0303_slice_017.npy,589,35264,83,220
study_0303,18,data/dataset2_mosmed/processed/images/study_0303_slice_017.npy,data/dataset2_mosmed/processed/images/study_0303_slice_018.npy,data/dataset2_mosmed/processed/images/study_0303_slice_019.npy,data/dataset2_mosmed/processed/infection_masks/study_0303_slice_018.npy,data/dataset2_mosmed/processed/lung_masks/study_0303_slice_018.npy,data/dataset2_mosmed/scribbles/study_0303_slice_018.npy,576,26903,94,221
study_0303,19,data/dataset2_mosmed/processed/images/study_0303_slice_018.npy,data/dataset2_mosmed/processed/images/study_0303_slice_019.npy,data/dataset2_mosmed/processed/images/study_0303_slice_020.npy,data/dataset2_mosmed/processed/infection_masks/study_0303_slice_019.npy,data/dataset2_mosmed/processed/lung_masks/study_0303_slice_019.npy,data/dataset2_mosmed/scribbles/study_0303_slice_019.npy,528,29314,56,222
study_0303,20,data/dataset2_mosmed/processed/images/study_0303_slice_019.npy,data/dataset2_mosmed/processed/images/study_0303_slice_020.npy,data/dataset2_mosmed/processed/images/study_0303_slice_021.npy,data/dataset2_mosmed/processed/infection_masks/study_0303_slice_020.npy,data/dataset2_mosmed/processed/lung_masks/study_0303_slice_020.npy,data/dataset2_mosmed/scribbles/study_0303_slice_020.npy,526,27857,115,221
study_0303,21,data/dataset2_mosmed/processed/images/study_0303_slice_020.npy,data/dataset2_mosmed/processed/images/study_0303_slice_021.npy,data/dataset2_mosmed/processed/images/study_0303_slice_022.npy,data/dataset2_mosmed/processed/infection_masks/study_0303_slice_021.npy,data/dataset2_mosmed/processed/lung_masks/study_0303_slice_021.npy,data/dataset2_mosmed/scribbles/study_0303_slice_021.npy,431,29595,104,222
study_0303,22,data/dataset2_mosmed/processed/images/study_0303_slice_021.npy,data/dataset2_mosmed/processed/images/study_0303_slice_022.npy,data/dataset2_mosmed/processed/images/study_0303_slice_023.npy,data/dataset2_mosmed/processed/infection_masks/study_0303_slice_022.npy,data/dataset2_mosmed/processed/lung_masks/study_0303_slice_022.npy,data/dataset2_mosmed/scribbles/study_0303_slice_022.npy,223,29728,46,222
study_0303,23,data/dataset2_mosmed/processed/images/study_0303_slice_022.npy,data/dataset2_mosmed/processed/images/study_0303_slice_023.npy,data/dataset2_mosmed/processed/images/study_0303_slice_024.npy,data/dataset2_mosmed/processed/infection_masks/study_0303_slice_023.npy,data/dataset2_mosmed/processed/lung_masks/study_0303_slice_023.npy,data/dataset2_mosmed/scribbles/study_0303_slice_023.npy,90,30037,13,223
study_0303,24,data/dataset2_mosmed/processed/images/study_0303_slice_023.npy,data/dataset2_mosmed/processed/images/study_0303_slice_024.npy,data/dataset2_mosmed/processed/images/study_0303_slice_025.npy,data/dataset2_mosmed/processed/infection_masks/study_0303_slice_024.npy,data/dataset2_mosmed/processed/lung_masks/study_0303_slice_024.npy,data/dataset2_mosmed/scribbles/study_0303_slice_024.npy,0,29869,0,0
study_0303,25,data/dataset2_mosmed/processed/images/study_0303_slice_024.npy,data/dataset2_mosmed/processed/images/study_0303_slice_025.npy,data/dataset2_mosmed/processed/images/study_0303_slice_026.npy,data/dataset2_mosmed/processed/infection_masks/study_0303_slice_025.npy,data/dataset2_mosmed/processed/lung_masks/study_0303_slice_025.npy,data/dataset2_mosmed/scribbles/study_0303_slice_025.npy,0,29804,0,0
study_0303,26,data/dataset2_mosmed/processed/images/study_0303_slice_025.npy,data/dataset2_mosmed/processed/images/study_0303_slice_026.npy,data/dataset2_mosmed/processed/images/study_0303_slice_027.npy,data/dataset2_mosmed/processed/infection_masks/study_0303_slice_026.npy,data/dataset2_mosmed/processed/lung_masks/study_0303_slice_026.npy,data/dataset2_mosmed/scribbles/study_0303_slice_026.npy,0,30122,0,0
study_0303,27,data/dataset2_mosmed/processed/images/study_0303_slice_026.npy,data/dataset2_mosmed/processed/images/study_0303_slice_027.npy,data/dataset2_mosmed/processed/images/study_0303_slice_028.npy,data/dataset2_mosmed/processed/infection_masks/study_0303_slice_027.npy,data/dataset2_mosmed/processed/lung_masks/study_0303_slice_027.npy,data/dataset2_mosmed/scribbles/study_0303_slice_027.npy,20,30255,5,225
study_0303,28,data/dataset2_mosmed/processed/images/study_0303_slice_027.npy,data/dataset2_mosmed/processed/images/study_0303_slice_028.npy,data/dataset2_mosmed/processed/images/study_0303_slice_029.npy,data/dataset2_mosmed/processed/infection_masks/study_0303_slice_028.npy,data/dataset2_mosmed/processed/lung_masks/study_0303_slice_028.npy,data/dataset2_mosmed/scribbles/study_0303_slice_028.npy,0,30211,0,0
study_0303,29,data/dataset2_mosmed/processed/images/study_0303_slice_028.npy,data/dataset2_mosmed/processed/images/study_0303_slice_029.npy,data/dataset2_mosmed/processed/images/study_0303_slice_030.npy,data/dataset2_mosmed/processed/infection_masks/study_0303_slice_029.npy,data/dataset2_mosmed/processed/lung_masks/study_0303_slice_029.npy,data/dataset2_mosmed/scribbles/study_0303_slice_029.npy,0,30374,0,0
study_0303,30,data/dataset2_mosmed/processed/images/study_0303_slice_029.npy,data/dataset2_mosmed/processed/images/study_0303_slice_030.npy,data/dataset2_mosmed/processed/images/study_0303_slice_031.npy,data/dataset2_mosmed/processed/infection_masks/study_0303_slice_030.npy,data/dataset2_mosmed/processed/lung_masks/study_0303_slice_030.npy,data/dataset2_mosmed/scribbles/study_0303_slice_030.npy,0,30681,0,0
study_0303,31,data/dataset2_mosmed/processed/images/study_0303_slice_030.npy,data/dataset2_mosmed/processed/images/study_0303_slice_031.npy,data/dataset2_mosmed/processed/images/study_0303_slice_032.npy,data/dataset2_mosmed/processed/infection_masks/study_0303_slice_031.npy,data/dataset2_mosmed/processed/lung_masks/study_0303_slice_031.npy,data/dataset2_mosmed/scribbles/study_0303_slice_031.npy,64,31127,12,223
study_0303,32,data/dataset2_mosmed/processed/images/study_0303_slice_031.npy,data/dataset2_mosmed/processed/images/study_0303_slice_032.npy,data/dataset2_mosmed/processed/images/study_0303_slice_033.npy,data/dataset2_mosmed/processed/infection_masks/study_0303_slice_032.npy,data/dataset2_mosmed/processed/lung_masks/study_0303_slice_032.npy,data/dataset2_mosmed/scribbles/study_0303_slice_032.npy,46,31877,16,224
study_0303,33,data/dataset2_mosmed/processed/images/study_0303_slice_032.npy,data/dataset2_mosmed/processed/images/study_0303_slice_033.npy,data/dataset2_mosmed/processed/images/study_0303_slice_034.npy,data/dataset2_mosmed/processed/infection_masks/study_0303_slice_033.npy,data/dataset2_mosmed/processed/lung_masks/study_0303_slice_033.npy,data/dataset2_mosmed/scribbles/study_0303_slice_033.npy,51,32520,17,223
study_0303,34,data/dataset2_mosmed/processed/images/study_0303_slice_033.npy,data/dataset2_mosmed/processed/images/study_0303_slice_034.npy,data/dataset2_mosmed/processed/images/study_0303_slice_035.npy,data/dataset2_mosmed/processed/infection_masks/study_0303_slice_034.npy,data/dataset2_mosmed/processed/lung_masks/study_0303_slice_034.npy,data/dataset2_mosmed/scribbles/study_0303_slice_034.npy,0,33333,0,0
study_0303,35,data/dataset2_mosmed/processed/images/study_0303_slice_034.npy,data/dataset2_mosmed/processed/images/study_0303_slice_035.npy,data/dataset2_mosmed/processed/images/study_0303_slice_036.npy,data/dataset2_mosmed/processed/infection_masks/study_0303_slice_035.npy,data/dataset2_mosmed/processed/lung_masks/study_0303_slice_035.npy,data/dataset2_mosmed/scribbles/study_0303_slice_035.npy,0,34200,0,0
study_0303,36,data/dataset2_mosmed/processed/images/study_0303_slice_035.npy,data/dataset2_mosmed/processed/images/study_0303_slice_036.npy,data/dataset2_mosmed/processed/images/study_0303_slice_037.npy,data/dataset2_mosmed/processed/infection_masks/study_0303_slice_036.npy,data/dataset2_mosmed/processed/lung_masks/study_0303_slice_036.npy,data/dataset2_mosmed/scribbles/study_0303_slice_036.npy,0,34966,0,0
study_0303,37,data/dataset2_mosmed/processed/images/study_0303_slice_036.npy,data/dataset2_mosmed/processed/images/study_0303_slice_037.npy,data/dataset2_mosmed/processed/images/study_0303_slice_038.npy,data/dataset2_mosmed/processed/infection_masks/study_0303_slice_037.npy,data/dataset2_mosmed/processed/lung_masks/study_0303_slice_037.npy,data/dataset2_mosmed/scribbles/study_0303_slice_037.npy,0,35862,0,0
study_0303,38,data/dataset2_mosmed/processed/images/study_0303_slice_037.npy,data/dataset2_mosmed/processed/images/study_0303_slice_038.npy,data/dataset2_mosmed/processed/images/study_0303_slice_039.npy,data/dataset2_mosmed/processed/infection_masks/study_0303_slice_038.npy,data/dataset2_mosmed/processed/lung_masks/study_0303_slice_038.npy,data/dataset2_mosmed/scribbles/study_0303_slice_038.npy,79,36944,42,225
study_0303,39,data/dataset2_mosmed/processed/images/study_0303_slice_038.npy,data/dataset2_mosmed/processed/images/study_0303_slice_039.npy,data/dataset2_mosmed/processed/images/study_0303_slice_040.npy,data/dataset2_mosmed/processed/infection_masks/study_0303_slice_039.npy,data/dataset2_mosmed/processed/lung_masks/study_0303_slice_039.npy,data/dataset2_mosmed/scribbles/study_0303_slice_039.npy,0,38234,0,0
study_0303,40,data/dataset2_mosmed/processed/images/study_0303_slice_039.npy,data/dataset2_mosmed/processed/images/study_0303_slice_040.npy,data/dataset2_mosmed/processed/images/study_0303_slice_040.npy,data/dataset2_mosmed/processed/infection_masks/study_0303_slice_040.npy,data/dataset2_mosmed/processed/lung_masks/study_0303_slice_040.npy,data/dataset2_mosmed/scribbles/study_0303_slice_040.npy,0,39661,0,0
